Log file open, 04/26/26 23:46:32
LogWindows: Failed to load 'aqProf.dll' (GetLastError=126)
LogWindows: File 'aqProf.dll' does not exist
LogWindows: Failed to load 'VtuneApi.dll' (GetLastError=126)
LogWindows: File 'VtuneApi.dll' does not exist
LogWindows: Failed to load 'VtuneApi32e.dll' (GetLastError=126)
LogWindows: File 'VtuneApi32e.dll' does not exist
LogConsoleResponse: Display: Failed to find resolution value strings in scalability ini. Falling back to default.
LogConsoleResponse: Display: Failed to find resolution value strings in scalability ini. Falling back to default.
LogInit: Display: Running engine for game: Playtime_Multiplayer
LogPlatformFile: Not using cached read wrapper
LogTaskGraph: Started task graph with 5 named threads and 11 total threads with 3 sets of task threads.
LogStats: Stats thread started at 1.454792
LogICUInternationalization: ICU TimeZone Detection - Raw Offset: +2:00, Platform Override: ''
LogInit: Display: Loading text-based GConfig....
LogPluginManager: Mounting plugin MeshPainting
LogPluginManager: Mounting plugin XGEController
LogPluginManager: Mounting plugin Paper2D
LogPluginManager: Mounting plugin LiveLink
LogPluginManager: Mounting plugin AISupport
LogPluginManager: Mounting plugin EnvironmentQueryEditor
LogPluginManager: Mounting plugin CameraShakePreviewer
LogPluginManager: Mounting plugin GameplayCameras
LogPluginManager: Mounting plugin LightPropagationVolume
LogPluginManager: Mounting plugin OodleData
LogPluginManager: Mounting plugin OodleNetwork
LogPluginManager: Mounting plugin AnimationSharing
LogPluginManager: Mounting plugin CLionSourceCodeAccess
LogPluginManager: Mounting plugin CodeLiteSourceCodeAccess
LogPluginManager: Mounting plugin GitSourceControl
LogPluginManager: Mounting plugin KDevelopSourceCodeAccess
LogPluginManager: Mounting plugin PerforceSourceControl
LogPluginManager: Mounting plugin PixWinPlugin
LogPluginManager: Mounting plugin PlasticSourceControl
LogPluginManager: Mounting plugin NullSourceCodeAccess
LogPluginManager: Mounting plugin PluginUtils
LogPluginManager: Mounting plugin PropertyAccessNode
LogPluginManager: Mounting plugin RiderSourceCodeAccess
LogPluginManager: Mounting plugin SubversionSourceControl
LogPluginManager: Mounting plugin TextureFormatOodle
LogPluginManager: Mounting plugin VisualStudioCodeSourceCodeAccess
LogPluginManager: Mounting plugin UObjectPlugin
LogPluginManager: Mounting plugin VisualStudioSourceCodeAccess
LogPluginManager: Mounting plugin XCodeSourceCodeAccess
LogPluginManager: Mounting plugin AssetManagerEditor
LogPluginManager: Mounting plugin CryptoKeys
LogPluginManager: Mounting plugin CurveEditorTools
LogPluginManager: Mounting plugin DataValidation
LogPluginManager: Mounting plugin FacialAnimation
LogPluginManager: Mounting plugin GameplayTagsEditor
LogPluginManager: Mounting plugin GeometryMode
LogPluginManager: Mounting plugin MacGraphicsSwitching
LogPluginManager: Mounting plugin MaterialAnalyzer
LogPluginManager: Mounting plugin MobileLauncherProfileWizard
LogPluginManager: Mounting plugin PluginBrowser
LogPluginManager: Mounting plugin SpeedTreeImporter
LogPluginManager: Mounting plugin DatasmithContent
LogPluginManager: Mounting plugin VariantManagerContent
LogPluginManager: Mounting plugin AlembicImporter
LogPluginManager: Mounting plugin AutomationUtils
LogPluginManager: Mounting plugin BackChannel
LogPluginManager: Mounting plugin ChaosCloth
LogPluginManager: Mounting plugin ChaosClothEditor
LogPluginManager: Mounting plugin ChaosEditor
LogPluginManager: Mounting plugin ChaosNiagara
LogPluginManager: Mounting plugin ChaosSolverPlugin
LogPluginManager: Mounting plugin CharacterAI
LogPluginManager: Mounting plugin Niagara
LogPluginManager: Mounting plugin GeometryCache
LogPluginManager: Mounting plugin GeometryCollectionPlugin
LogPluginManager: Mounting plugin GeometryProcessing
LogPluginManager: Mounting plugin MotoSynth
LogPluginManager: Mounting plugin OpenImageDenoise
LogPluginManager: Mounting plugin PlanarCut
LogPluginManager: Mounting plugin PlatformCrypto
LogPluginManager: Mounting plugin ProxyLODPlugin
LogPluginManager: Mounting plugin PythonScriptPlugin
LogPluginManager: Mounting plugin SkeletalReduction
LogPluginManager: Mounting plugin LuminPlatformFeatures
LogPluginManager: Mounting plugin MagicLeap
LogPluginManager: Mounting plugin MagicLeapLightEstimation
LogPluginManager: Mounting plugin MagicLeapMedia
LogPluginManager: Mounting plugin MagicLeapPassableWorld
LogPluginManager: Mounting plugin MLSDK
LogPluginManager: Mounting plugin AndroidMedia
LogPluginManager: Mounting plugin AvfMedia
LogPluginManager: Mounting plugin ImgMedia
LogPluginManager: Mounting plugin MediaCompositing
LogPluginManager: Mounting plugin MediaPlayerEditor
LogPluginManager: Mounting plugin WebMMedia
LogPluginManager: Mounting plugin WmfMedia
LogPluginManager: Mounting plugin UdpMessaging
LogPluginManager: Mounting plugin TcpMessaging
LogPluginManager: Mounting plugin ActorSequence
LogPluginManager: Mounting plugin LevelSequenceEditor
LogPluginManager: Mounting plugin MatineeToLevelSequence
LogPluginManager: Mounting plugin TemplateSequence
LogPluginManager: Mounting plugin OnlineSubsystem
LogPluginManager: Mounting plugin OnlineSubsystemNull
LogPluginManager: Mounting plugin OnlineSubsystemSteam
LogPluginManager: Mounting plugin OnlineSubsystemUtils
LogPluginManager: Mounting plugin ActorLayerUtilities
LogPluginManager: Mounting plugin AndroidDeviceProfileSelector
LogPluginManager: Mounting plugin AndroidPermission
LogPluginManager: Mounting plugin AndroidMoviePlayer
LogPluginManager: Mounting plugin AppleImageUtils
LogPluginManager: Mounting plugin ArchVisCharacter
LogPluginManager: Mounting plugin AppleMoviePlayer
LogPluginManager: Mounting plugin AssetTags
LogPluginManager: Mounting plugin AudioCapture
LogPluginManager: Mounting plugin AudioSynesthesia
LogPluginManager: Mounting plugin CableComponent
LogPluginManager: Mounting plugin ChunkDownloader
LogPluginManager: Mounting plugin CustomMeshComponent
LogPluginManager: Mounting plugin EditableMesh
LogPluginManager: Mounting plugin ExampleDeviceProfileSelector
LogPluginManager: Mounting plugin LauncherChunkInstaller
LogPluginManager: Mounting plugin GoogleCloudMessaging
LogPluginManager: Mounting plugin GooglePAD
LogPluginManager: Mounting plugin IOSDeviceProfileSelector
LogPluginManager: Mounting plugin LinuxDeviceProfileSelector
LogPluginManager: Mounting plugin LocationServicesBPLibrary
LogPluginManager: Mounting plugin MobilePatchingUtils
LogPluginManager: Mounting plugin OpenXR
LogPluginManager: Mounting plugin OpenXREyeTracker
LogPluginManager: Mounting plugin OpenXRHandTracking
LogPluginManager: Mounting plugin PhysXVehicles
LogPluginManager: Mounting plugin PostSplashScreen
LogPluginManager: Mounting plugin PropertyAccessEditor
LogPluginManager: Mounting plugin ProceduralMeshComponent
LogPluginManager: Mounting plugin RuntimePhysXCooking
LogPluginManager: Mounting plugin SignificanceManager
LogPluginManager: Mounting plugin SoundFields
LogPluginManager: Mounting plugin Synthesis
LogPluginManager: Mounting plugin WebMMoviePlayer
LogPluginManager: Mounting plugin WindowsMoviePlayer
LogPluginManager: Mounting plugin ScreenshotTools
LogPluginManager: Mounting plugin Takes
LogPluginManager: Mounting plugin ContentBrowserAssetDataSource
LogPluginManager: Mounting plugin ContentBrowserClassDataSource
LogPluginManager: Mounting plugin ContentBrowserFileDataSource
LogPluginManager: Mounting plugin OnlineSubsystemIOS
LogPluginManager: Mounting plugin OnlineSubsystemGooglePlay
LogPluginManager: Mounting plugin OculusVR
LogPluginManager: Mounting plugin SteamShared
LogPluginManager: Mounting plugin SteamVR
LogPluginManager: Mounting plugin AdvancedSteamSessions
LogPluginManager: Mounting plugin AdvancedSessions
LogPluginManager: Mounting plugin VaRest
PixWinPlugin: PIX capture plugin failed to initialize! Check that the process is launched from PIX.
LogInit: Using libcurl 7.55.1-DEV
LogInit:  - built for x86_64-pc-win32
LogInit:  - supports SSL with OpenSSL/1.1.1
LogInit:  - supports HTTP deflate (compression) using libz 1.2.8
LogInit:  - other features:
LogInit:      CURL_VERSION_SSL
LogInit:      CURL_VERSION_LIBZ
LogInit:      CURL_VERSION_IPV6
LogInit:      CURL_VERSION_ASYNCHDNS
LogInit:      CURL_VERSION_LARGEFILE
LogInit:      CURL_VERSION_IDN
LogInit:  CurlRequestOptions (configurable via config and command line):
LogInit:  - bVerifyPeer = true  - Libcurl will verify peer certificate
LogInit:  - bUseHttpProxy = false  - Libcurl will NOT use HTTP proxy
LogInit:  - bDontReuseConnections = false  - Libcurl will reuse connections
LogInit:  - MaxHostConnections = 16  - Libcurl will limit the number of connections to a host
LogInit:  - LocalHostAddr = Default
LogInit:  - BufferSize = 65536
LogSteamShared: Display: Loading Steam SDK 1.51
LogSteamShared: Steam SDK Loaded!
LogOnline: OSS: Creating online subsystem instance for: Steam
LogOnline: Display: STEAM: OnlineSubsystemSteam::Shutdown()
LogOnline: OSS: Unable to create OnlineSubsystem module Steam
LogOnline: OSS: Creating online subsystem instance for: NULL
LogInit: WinSock: version 1.1 (2.2), MaxSocks=32767, MaxUdp=65467
LogOnline: OSS: TryLoadSubsystemAndSetDefault: Loaded subsystem for module [NULL]
LogOculusPluginWrapper: OculusPlugin initialized successfully
LogHMD: Failed initializing OVRPlugin 1.59.0
LogInit: Build: ++UE4+Release-4.27-CL-18319896
LogInit: Engine Version: 4.27.2-18319896+++UE4+Release-4.27
LogInit: Compatible Engine Version: 4.27.0-17155196+++UE4+Release-4.27
LogInit: Net CL: 17155196
LogInit: OS: Windows 10 (Release 2009) (), CPU: AMD Ryzen 3 3250U with Radeon Graphics         , GPU: AMD Radeon(TM) Graphics
LogInit: Compiled (64-bit): Nov 30 2021 07:12:08
LogInit: Compiled with Visual C++: 19.24.28315.00
LogInit: Build Configuration: Development
LogInit: Branch Name: ++UE4+Release-4.27
LogInit: Command Line: 
LogInit: Base Directory: C:/Program Files/Epic Games/UE_4.27/Engine/Binaries/Win64/
LogInit: Allocator: TBB
LogInit: Installed Engine Build: 1
LogDevObjectVersion: Number of dev versions registered: 29
LogDevObjectVersion:   Dev-Blueprints (B0D832E4-1F89-4F0D-ACCF-7EB736FD4AA2): 10
LogDevObjectVersion:   Dev-Build (E1C64328-A22C-4D53-A36C-8E866417BD8C): 0
LogDevObjectVersion:   Dev-Core (375EC13C-06E4-48FB-B500-84F0262A717E): 4
LogDevObjectVersion:   Dev-Editor (E4B068ED-F494-42E9-A231-DA0B2E46BB41): 40
LogDevObjectVersion:   Dev-Framework (CFFC743F-43B0-4480-9391-14DF171D2073): 37
LogDevObjectVersion:   Dev-Mobile (B02B49B5-BB20-44E9-A304-32B752E40360): 3
LogDevObjectVersion:   Dev-Networking (A4E4105C-59A1-49B5-A7C5-40C4547EDFEE): 0
LogDevObjectVersion:   Dev-Online (39C831C9-5AE6-47DC-9A44-9C173E1C8E7C): 0
LogDevObjectVersion:   Dev-Physics (78F01B33-EBEA-4F98-B9B4-84EACCB95AA2): 14
LogDevObjectVersion:   Dev-Platform (6631380F-2D4D-43E0-8009-CF276956A95A): 0
LogDevObjectVersion:   Dev-Rendering (12F88B9F-8875-4AFC-A67C-D90C383ABD29): 45
LogDevObjectVersion:   Dev-Sequencer (7B5AE74C-D270-4C10-A958-57980B212A5A): 13
LogDevObjectVersion:   Dev-VR (D7296918-1DD6-4BDD-9DE2-64A83CC13884): 3
LogDevObjectVersion:   Dev-LoadTimes (C2A15278-BFE7-4AFE-6C17-90FF531DF755): 1
LogDevObjectVersion:   Private-Geometry (6EACA3D4-40EC-4CC1-B786-8BED09428FC5): 3
LogDevObjectVersion:   Dev-AnimPhys (29E575DD-E0A3-4627-9D10-D276232CDCEA): 17
LogDevObjectVersion:   Dev-Anim (AF43A65D-7FD3-4947-9873-3E8ED9C1BB05): 15
LogDevObjectVersion:   Dev-ReflectionCapture (6B266CEC-1EC7-4B8F-A30B-E4D90942FC07): 1
LogDevObjectVersion:   Dev-Automation (0DF73D61-A23F-47EA-B727-89E90C41499A): 1
LogDevObjectVersion:   FortniteMain (601D1886-AC64-4F84-AA16-D3DE0DEAC7D6): 47
LogDevObjectVersion:   FortniteRelease (E7086368-6B23-4C58-8439-1B7016265E91): 1
LogDevObjectVersion:   Dev-Enterprise (9DFFBCD6-494F-0158-E221-12823C92A888): 10
LogDevObjectVersion:   Dev-Niagara (F2AED0AC-9AFE-416F-8664-AA7FFA26D6FC): 1
LogDevObjectVersion:   Dev-Destruction (174F1F0B-B4C6-45A5-B13F-2EE8D0FB917D): 10
LogDevObjectVersion:   Dev-Physics-Ext (35F94A83-E258-406C-A318-09F59610247C): 41
LogDevObjectVersion:   Dev-PhysicsMaterial-Chaos (B68FC16E-8B1B-42E2-B453-215C058844FE): 1
LogDevObjectVersion:   Dev-CineCamera (B2E18506-4273-CFC2-A54E-F4BB758BBA07): 1
LogDevObjectVersion:   Dev-VirtualProduction (64F58936-FD1B-42BA-BA96-7289D5D0FA4E): 1
LogDevObjectVersion:   Dev-MediaFramework (6F0ED827-A609-4895-9C91-998D90180EA4): 2
LogLinker: AddRedirectList(C:/LastStep/PROJECT-LAST-STEP/Playtime_Multiplayer/Saved/Config/Windows/VaRest.ini) has substring redirect /VaRestPlugin/, these are very slow and should be resolved as soon as possible!
LogInit: Presizing for max 25165824 objects, including 0 objects not considered by GC, pre-allocating 0 bytes for permanent pool.
LogConfig: Applying CVar settings from Section [/Script/Engine.StreamingSettings] File [C:/LastStep/PROJECT-LAST-STEP/Playtime_Multiplayer/Saved/Config/Windows/Engine.ini]
LogConfig: Setting CVar [[s.MinBulkDataSizeForAsyncLoading:131072]]
LogConfig: Setting CVar [[s.AsyncLoadingThreadEnabled:0]]
LogConfig: Setting CVar [[s.EventDrivenLoaderEnabled:1]]
LogConfig: Setting CVar [[s.WarnIfTimeLimitExceeded:0]]
LogConfig: Setting CVar [[s.TimeLimitExceededMultiplier:1.5]]
LogConfig: Setting CVar [[s.TimeLimitExceededMinTime:0.005]]
LogConfig: Setting CVar [[s.UseBackgroundLevelStreaming:1]]
LogConfig: Setting CVar [[s.PriorityAsyncLoadingExtraTime:15.0]]
LogConfig: Setting CVar [[s.LevelStreamingActorsUpdateTimeLimit:5.0]]
LogConfig: Setting CVar [[s.PriorityLevelStreamingActorsUpdateExtraTime:5.0]]
LogConfig: Setting CVar [[s.LevelStreamingComponentsRegistrationGranularity:10]]
LogConfig: Setting CVar [[s.UnregisterComponentsTimeLimit:1.0]]
LogConfig: Setting CVar [[s.LevelStreamingComponentsUnregistrationGranularity:5]]
LogConfig: Setting CVar [[s.FlushStreamingOnExit:1]]
LogInit: Object subsystem initialized
LogConfig: Setting CVar [[con.DebugEarlyDefault:1]]
LogConfig: Setting CVar [[r.setres:1280x720]]
[2026.04.26-21.46.36:283][  0]LogConfig: Setting CVar [[r.VSync:0]]
[2026.04.26-21.46.36:283][  0]LogConfig: Setting CVar [[r.RHICmdBypass:0]]
[2026.04.26-21.46.36:284][  0]LogConfig: Applying CVar settings from Section [/Script/Engine.RendererSettings] File [C:/LastStep/PROJECT-LAST-STEP/Playtime_Multiplayer/Saved/Config/Windows/Engine.ini]
[2026.04.26-21.46.36:284][  0]LogConfig: Setting CVar [[r.GPUCrashDebugging:0]]
[2026.04.26-21.46.36:284][  0]LogConfig: Applying CVar settings from Section [/Script/Engine.RendererOverrideSettings] File [C:/LastStep/PROJECT-LAST-STEP/Playtime_Multiplayer/Saved/Config/Windows/Engine.ini]
[2026.04.26-21.46.36:284][  0]LogConfig: Applying CVar settings from Section [/Script/Engine.StreamingSettings] File [C:/LastStep/PROJECT-LAST-STEP/Playtime_Multiplayer/Saved/Config/Windows/Engine.ini]
[2026.04.26-21.46.36:284][  0]LogConfig: Setting CVar [[s.MinBulkDataSizeForAsyncLoading:131072]]
[2026.04.26-21.46.36:284][  0]LogConfig: Setting CVar [[s.AsyncLoadingThreadEnabled:0]]
[2026.04.26-21.46.36:284][  0]LogConfig: Setting CVar [[s.EventDrivenLoaderEnabled:1]]
[2026.04.26-21.46.36:284][  0]LogConfig: Setting CVar [[s.WarnIfTimeLimitExceeded:0]]
[2026.04.26-21.46.36:284][  0]LogConfig: Setting CVar [[s.TimeLimitExceededMultiplier:1.5]]
[2026.04.26-21.46.36:284][  0]LogConfig: Setting CVar [[s.TimeLimitExceededMinTime:0.005]]
[2026.04.26-21.46.36:284][  0]LogConfig: Setting CVar [[s.UseBackgroundLevelStreaming:1]]
[2026.04.26-21.46.36:284][  0]LogConfig: Setting CVar [[s.PriorityAsyncLoadingExtraTime:15.0]]
[2026.04.26-21.46.36:284][  0]LogConfig: Setting CVar [[s.LevelStreamingActorsUpdateTimeLimit:5.0]]
[2026.04.26-21.46.36:284][  0]LogConfig: Setting CVar [[s.PriorityLevelStreamingActorsUpdateExtraTime:5.0]]
[2026.04.26-21.46.36:284][  0]LogConfig: Setting CVar [[s.LevelStreamingComponentsRegistrationGranularity:10]]
[2026.04.26-21.46.36:284][  0]LogConfig: Setting CVar [[s.UnregisterComponentsTimeLimit:1.0]]
[2026.04.26-21.46.36:284][  0]LogConfig: Setting CVar [[s.LevelStreamingComponentsUnregistrationGranularity:5]]
[2026.04.26-21.46.36:284][  0]LogConfig: Setting CVar [[s.FlushStreamingOnExit:1]]
[2026.04.26-21.46.36:284][  0]LogConfig: Applying CVar settings from Section [/Script/Engine.GarbageCollectionSettings] File [C:/LastStep/PROJECT-LAST-STEP/Playtime_Multiplayer/Saved/Config/Windows/Engine.ini]
[2026.04.26-21.46.36:284][  0]LogConfig: Setting CVar [[gc.MaxObjectsNotConsideredByGC:1]]
[2026.04.26-21.46.36:284][  0]LogConfig: Setting CVar [[gc.SizeOfPermanentObjectPool:0]]
[2026.04.26-21.46.36:284][  0]LogConfig: Setting CVar [[gc.FlushStreamingOnGC:0]]
[2026.04.26-21.46.36:284][  0]LogConfig: Setting CVar [[gc.NumRetriesBeforeForcingGC:10]]
[2026.04.26-21.46.36:285][  0]LogConfig: Setting CVar [[gc.AllowParallelGC:1]]
[2026.04.26-21.46.36:285][  0]LogConfig: Setting CVar [[gc.TimeBetweenPurgingPendingKillObjects:61.1]]
[2026.04.26-21.46.36:285][  0]LogConfig: Setting CVar [[gc.MaxObjectsInEditor:25165824]]
[2026.04.26-21.46.36:285][  0]LogConfig: Setting CVar [[gc.IncrementalBeginDestroyEnabled:1]]
[2026.04.26-21.46.36:285][  0]LogConfig: Setting CVar [[gc.CreateGCClusters:1]]
[2026.04.26-21.46.36:285][  0]LogConfig: Setting CVar [[gc.MinGCClusterSize:5]]
[2026.04.26-21.46.36:285][  0]LogConfig: Setting CVar [[gc.ActorClusteringEnabled:0]]
[2026.04.26-21.46.36:285][  0]LogConfig: Setting CVar [[gc.BlueprintClusteringEnabled:0]]
[2026.04.26-21.46.36:285][  0]LogConfig: Setting CVar [[gc.UseDisregardForGCOnDedicatedServers:0]]
[2026.04.26-21.46.36:285][  0]LogConfig: Setting CVar [[gc.MultithreadedDestructionEnabled:1]]
[2026.04.26-21.46.36:285][  0]LogConfig: Applying CVar settings from Section [/Script/Engine.NetworkSettings] File [C:/LastStep/PROJECT-LAST-STEP/Playtime_Multiplayer/Saved/Config/Windows/Engine.ini]
[2026.04.26-21.46.36:285][  0]LogConfig: Applying CVar settings from Section [/Script/UnrealEd.CookerSettings] File [C:/LastStep/PROJECT-LAST-STEP/Playtime_Multiplayer/Saved/Config/Windows/Engine.ini]
[2026.04.26-21.46.36:286][  0]LogConfig: Setting CVar [[cook.AllowCookedDataInEditorBuilds:1]]
[2026.04.26-21.46.36:286][  0]LogConfig: Setting CVar [[s.AllowUnversionedContentInEditor:1]]
[2026.04.26-21.46.36:296][  0]LogConfig: Applying CVar settings from Section [ViewDistanceQuality@3] File [C:/LastStep/PROJECT-LAST-STEP/Playtime_Multiplayer/Saved/Config/Windows/Scalability.ini]
[2026.04.26-21.46.36:296][  0]LogConfig: Setting CVar [[r.SkeletalMeshLODBias:0]]
[2026.04.26-21.46.36:296][  0]LogConfig: Setting CVar [[r.ViewDistanceScale:1.0]]
[2026.04.26-21.46.36:296][  0]LogConfig: Applying CVar settings from Section [AntiAliasingQuality@3] File [C:/LastStep/PROJECT-LAST-STEP/Playtime_Multiplayer/Saved/Config/Windows/Scalability.ini]
[2026.04.26-21.46.36:296][  0]LogConfig: Setting CVar [[r.PostProcessAAQuality:4]]
[2026.04.26-21.46.36:296][  0]LogConfig: Applying CVar settings from Section [ShadowQuality@3] File [C:/LastStep/PROJECT-LAST-STEP/Playtime_Multiplayer/Saved/Config/Windows/Scalability.ini]
[2026.04.26-21.46.36:296][  0]LogConfig: Setting CVar [[r.LightFunctionQuality:1]]
[2026.04.26-21.46.36:296][  0]LogConfig: Setting CVar [[r.ShadowQuality:5]]
[2026.04.26-21.46.36:296][  0]LogConfig: Setting CVar [[r.Shadow.CSM.MaxCascades:10]]
[2026.04.26-21.46.36:296][  0]LogConfig: Setting CVar [[r.Shadow.MaxResolution:2048]]
[2026.04.26-21.46.36:296][  0]LogConfig: Setting CVar [[r.Shadow.MaxCSMResolution:2048]]
[2026.04.26-21.46.36:296][  0]LogConfig: Setting CVar [[r.Shadow.RadiusThreshold:0.01]]
[2026.04.26-21.46.36:296][  0]LogConfig: Setting CVar [[r.Shadow.DistanceScale:1.0]]
[2026.04.26-21.46.36:296][  0]LogConfig: Setting CVar [[r.Shadow.CSM.TransitionScale:1.0]]
[2026.04.26-21.46.36:296][  0]LogConfig: Setting CVar [[r.Shadow.PreShadowResolutionFactor:1.0]]
[2026.04.26-21.46.36:296][  0]LogConfig: Setting CVar [[r.DistanceFieldShadowing:1]]
[2026.04.26-21.46.36:296][  0]LogConfig: Setting CVar [[r.DistanceFieldAO:1]]
[2026.04.26-21.46.36:296][  0]LogConfig: Setting CVar [[r.AOQuality:2]]
[2026.04.26-21.46.36:296][  0]LogConfig: Setting CVar [[r.VolumetricFog:1]]
[2026.04.26-21.46.36:296][  0]LogConfig: Setting CVar [[r.VolumetricFog.GridPixelSize:8]]
[2026.04.26-21.46.36:296][  0]LogConfig: Setting CVar [[r.VolumetricFog.GridSizeZ:128]]
[2026.04.26-21.46.36:296][  0]LogConfig: Setting CVar [[r.VolumetricFog.HistoryMissSupersampleCount:4]]
[2026.04.26-21.46.36:296][  0]LogConfig: Setting CVar [[r.LightMaxDrawDistanceScale:1]]
[2026.04.26-21.46.36:296][  0]LogConfig: Setting CVar [[r.CapsuleShadows:1]]
[2026.04.26-21.46.36:296][  0]LogConfig: Applying CVar settings from Section [PostProcessQuality@3] File [C:/LastStep/PROJECT-LAST-STEP/Playtime_Multiplayer/Saved/Config/Windows/Scalability.ini]
[2026.04.26-21.46.36:296][  0]LogConfig: Setting CVar [[r.MotionBlurQuality:4]]
[2026.04.26-21.46.36:296][  0]LogConfig: Setting CVar [[r.AmbientOcclusionMipLevelFactor:0.4]]
[2026.04.26-21.46.36:296][  0]LogConfig: Setting CVar [[r.AmbientOcclusionMaxQuality:100]]
[2026.04.26-21.46.36:296][  0]LogConfig: Setting CVar [[r.AmbientOcclusionLevels:-1]]
[2026.04.26-21.46.36:296][  0]LogConfig: Setting CVar [[r.AmbientOcclusionRadiusScale:1.0]]
[2026.04.26-21.46.36:296][  0]LogConfig: Setting CVar [[r.DepthOfFieldQuality:2]]
[2026.04.26-21.46.36:296][  0]LogConfig: Setting CVar [[r.RenderTargetPoolMin:400]]
[2026.04.26-21.46.36:296][  0]LogConfig: Setting CVar [[r.LensFlareQuality:2]]
[2026.04.26-21.46.36:296][  0]LogConfig: Setting CVar [[r.SceneColorFringeQuality:1]]
[2026.04.26-21.46.36:296][  0]LogConfig: Setting CVar [[r.EyeAdaptationQuality:2]]
[2026.04.26-21.46.36:296][  0]LogConfig: Setting CVar [[r.BloomQuality:5]]
[2026.04.26-21.46.36:296][  0]LogConfig: Setting CVar [[r.FastBlurThreshold:100]]
[2026.04.26-21.46.36:297][  0]LogConfig: Setting CVar [[r.Upscale.Quality:3]]
[2026.04.26-21.46.36:297][  0]LogConfig: Setting CVar [[r.Tonemapper.GrainQuantization:1]]
[2026.04.26-21.46.36:297][  0]LogConfig: Setting CVar [[r.LightShaftQuality:1]]
[2026.04.26-21.46.36:297][  0]LogConfig: Setting CVar [[r.Filter.SizeScale:1]]
[2026.04.26-21.46.36:297][  0]LogConfig: Setting CVar [[r.Tonemapper.Quality:5]]
[2026.04.26-21.46.36:297][  0]LogConfig: Setting CVar [[r.DOF.Gather.AccumulatorQuality:1        ; higher gathering accumulator quality]]
[2026.04.26-21.46.36:297][  0]LogConfig: Setting CVar [[r.DOF.Gather.PostfilterMethod:1          ; Median3x3 postfilering method]]
[2026.04.26-21.46.36:297][  0]LogConfig: Setting CVar [[r.DOF.Gather.EnableBokehSettings:0       ; no bokeh simulation when gathering]]
[2026.04.26-21.46.36:297][  0]LogConfig: Setting CVar [[r.DOF.Gather.RingCount:4                 ; medium number of samples when gathering]]
[2026.04.26-21.46.36:297][  0]LogConfig: Setting CVar [[r.DOF.Scatter.ForegroundCompositing:1    ; additive foreground scattering]]
[2026.04.26-21.46.36:297][  0]LogConfig: Setting CVar [[r.DOF.Scatter.BackgroundCompositing:2    ; additive background scattering]]
[2026.04.26-21.46.36:297][  0]LogConfig: Setting CVar [[r.DOF.Scatter.EnableBokehSettings:1      ; bokeh simulation when scattering]]
[2026.04.26-21.46.36:297][  0]LogConfig: Setting CVar [[r.DOF.Scatter.MaxSpriteRatio:0.1         ; only a maximum of 10% of scattered bokeh]]
[2026.04.26-21.46.36:297][  0]LogConfig: Setting CVar [[r.DOF.Recombine.Quality:1                ; cheap slight out of focus]]
[2026.04.26-21.46.36:297][  0]LogConfig: Setting CVar [[r.DOF.Recombine.EnableBokehSettings:0    ; no bokeh simulation on slight out of focus]]
[2026.04.26-21.46.36:297][  0]LogConfig: Setting CVar [[r.DOF.TemporalAAQuality:1                ; more stable temporal accumulation]]
[2026.04.26-21.46.36:297][  0]LogConfig: Setting CVar [[r.DOF.Kernel.MaxForegroundRadius:0.025]]
[2026.04.26-21.46.36:297][  0]LogConfig: Setting CVar [[r.DOF.Kernel.MaxBackgroundRadius:0.025]]
[2026.04.26-21.46.36:297][  0]LogConfig: Applying CVar settings from Section [TextureQuality@3] File [C:/LastStep/PROJECT-LAST-STEP/Playtime_Multiplayer/Saved/Config/Windows/Scalability.ini]
[2026.04.26-21.46.36:297][  0]LogConfig: Setting CVar [[r.Streaming.MipBias:0]]
[2026.04.26-21.46.36:297][  0]LogConfig: Setting CVar [[r.Streaming.AmortizeCPUToGPUCopy:0]]
[2026.04.26-21.46.36:297][  0]LogConfig: Setting CVar [[r.Streaming.MaxNumTexturesToStreamPerFrame:0]]
[2026.04.26-21.46.36:297][  0]LogConfig: Setting CVar [[r.Streaming.Boost:1]]
[2026.04.26-21.46.36:297][  0]LogConfig: Setting CVar [[r.MaxAnisotropy:8]]
[2026.04.26-21.46.36:297][  0]LogConfig: Setting CVar [[r.VT.MaxAnisotropy:8]]
[2026.04.26-21.46.36:297][  0]LogConfig: Setting CVar [[r.Streaming.LimitPoolSizeToVRAM:0]]
[2026.04.26-21.46.36:297][  0]LogConfig: Setting CVar [[r.Streaming.PoolSize:1000]]
[2026.04.26-21.46.36:297][  0]LogConfig: Setting CVar [[r.Streaming.MaxEffectiveScreenSize:0]]
[2026.04.26-21.46.36:297][  0]LogConfig: Applying CVar settings from Section [EffectsQuality@3] File [C:/LastStep/PROJECT-LAST-STEP/Playtime_Multiplayer/Saved/Config/Windows/Scalability.ini]
[2026.04.26-21.46.36:297][  0]LogConfig: Setting CVar [[r.TranslucencyLightingVolumeDim:64]]
[2026.04.26-21.46.36:297][  0]LogConfig: Setting CVar [[r.RefractionQuality:2]]
[2026.04.26-21.46.36:297][  0]LogConfig: Setting CVar [[r.SSR.Quality:3]]
[2026.04.26-21.46.36:297][  0]LogConfig: Setting CVar [[r.SSR.HalfResSceneColor:0]]
[2026.04.26-21.46.36:297][  0]LogConfig: Setting CVar [[r.SceneColorFormat:4]]
[2026.04.26-21.46.36:297][  0]LogConfig: Setting CVar [[r.DetailMode:2]]
[2026.04.26-21.46.36:297][  0]LogConfig: Setting CVar [[r.TranslucencyVolumeBlur:1]]
[2026.04.26-21.46.36:297][  0]LogConfig: Setting CVar [[r.MaterialQualityLevel:1 ; High quality]]
[2026.04.26-21.46.36:297][  0]LogConfig: Setting CVar [[r.AnisotropicMaterials:1]]
[2026.04.26-21.46.36:297][  0]LogConfig: Setting CVar [[r.SSS.Scale:1]]
[2026.04.26-21.46.36:297][  0]LogConfig: Setting CVar [[r.SSS.SampleSet:2]]
[2026.04.26-21.46.36:297][  0]LogConfig: Setting CVar [[r.SSS.Quality:1]]
[2026.04.26-21.46.36:297][  0]LogConfig: Setting CVar [[r.SSS.HalfRes:0]]
[2026.04.26-21.46.36:297][  0]LogConfig: Setting CVar [[r.SSGI.Quality:3]]
[2026.04.26-21.46.36:297][  0]LogConfig: Setting CVar [[r.EmitterSpawnRateScale:1.0]]
[2026.04.26-21.46.36:297][  0]LogConfig: Setting CVar [[r.ParticleLightQuality:2]]
[2026.04.26-21.46.36:297][  0]LogConfig: Setting CVar [[r.SkyAtmosphere.AerialPerspectiveLUT.FastApplyOnOpaque:1 ; Always have FastSkyLUT 1 in this case to avoid wrong sky]]
[2026.04.26-21.46.36:297][  0]LogConfig: Setting CVar [[r.SkyAtmosphere.AerialPerspectiveLUT.SampleCountMaxPerSlice:4]]
[2026.04.26-21.46.36:297][  0]LogConfig: Setting CVar [[r.SkyAtmosphere.AerialPerspectiveLUT.DepthResolution:16.0]]
[2026.04.26-21.46.36:297][  0]LogConfig: Setting CVar [[r.SkyAtmosphere.FastSkyLUT:1]]
[2026.04.26-21.46.36:297][  0]LogConfig: Setting CVar [[r.SkyAtmosphere.FastSkyLUT.SampleCountMin:4.0]]
[2026.04.26-21.46.36:297][  0]LogConfig: Setting CVar [[r.SkyAtmosphere.FastSkyLUT.SampleCountMax:128.0]]
[2026.04.26-21.46.36:297][  0]LogConfig: Setting CVar [[r.SkyAtmosphere.SampleCountMin:4.0]]
[2026.04.26-21.46.36:297][  0]LogConfig: Setting CVar [[r.SkyAtmosphere.SampleCountMax:128.0]]
[2026.04.26-21.46.36:297][  0]LogConfig: Setting CVar [[r.SkyAtmosphere.TransmittanceLUT.UseSmallFormat:0]]
[2026.04.26-21.46.36:297][  0]LogConfig: Setting CVar [[r.SkyAtmosphere.TransmittanceLUT.SampleCount:10.0]]
[2026.04.26-21.46.36:297][  0]LogConfig: Setting CVar [[r.SkyAtmosphere.MultiScatteringLUT.SampleCount:15.0]]
[2026.04.26-21.46.36:297][  0]LogConfig: Setting CVar [[r.SkyLight.RealTimeReflectionCapture:1]]
[2026.04.26-21.46.36:297][  0]LogConfig: Applying CVar settings from Section [FoliageQuality@3] File [C:/LastStep/PROJECT-LAST-STEP/Playtime_Multiplayer/Saved/Config/Windows/Scalability.ini]
[2026.04.26-21.46.36:297][  0]LogConfig: Setting CVar [[foliage.DensityScale:1.0]]
[2026.04.26-21.46.36:297][  0]LogConfig: Setting CVar [[grass.DensityScale:1.0]]
[2026.04.26-21.46.36:297][  0]LogConfig: Applying CVar settings from Section [ShadingQuality@3] File [C:/LastStep/PROJECT-LAST-STEP/Playtime_Multiplayer/Saved/Config/Windows/Scalability.ini]
[2026.04.26-21.46.36:297][  0]LogConfig: Setting CVar [[r.HairStrands.SkyLighting.IntegrationType:2]]
[2026.04.26-21.46.36:297][  0]LogConfig: Setting CVar [[r.HairStrands.SkyAO.SampleCount:4]]
[2026.04.26-21.46.36:297][  0]LogConfig: Setting CVar [[r.HairStrands.Visibility.MSAA.SamplePerPixel:4]]
[2026.04.26-21.46.36:297][  0]LogInit: Selected Device Profile: [Windows]
[2026.04.26-21.46.36:297][  0]LogInit: Applying CVar settings loaded from the selected device profile: [Windows]
[2026.04.26-21.46.36:299][  0]LogHAL: Display: Platform has ~ 6 GB [6358228992 / 8589934592 / 6], which maps to Smaller [LargestMinGB=32, LargerMinGB=12, DefaultMinGB=8, SmallerMinGB=6, SmallestMinGB=0)
[2026.04.26-21.46.36:299][  0]LogInit: Going up to parent DeviceProfile []
[2026.04.26-21.46.36:300][  0]LogConfig: Applying CVar settings from Section [ViewDistanceQuality@0] File [C:/LastStep/PROJECT-LAST-STEP/Playtime_Multiplayer/Saved/Config/Windows/Scalability.ini]
[2026.04.26-21.46.36:300][  0]LogConfig: Setting CVar [[r.SkeletalMeshLODBias:2]]
[2026.04.26-21.46.36:300][  0]LogConfig: Setting CVar [[r.ViewDistanceScale:0.4]]
[2026.04.26-21.46.36:300][  0]LogConfig: Applying CVar settings from Section [AntiAliasingQuality@0] File [C:/LastStep/PROJECT-LAST-STEP/Playtime_Multiplayer/Saved/Config/Windows/Scalability.ini]
[2026.04.26-21.46.36:300][  0]LogConfig: Setting CVar [[r.PostProcessAAQuality:0]]
[2026.04.26-21.46.36:300][  0]LogConfig: Applying CVar settings from Section [ShadowQuality@0] File [C:/LastStep/PROJECT-LAST-STEP/Playtime_Multiplayer/Saved/Config/Windows/Scalability.ini]
[2026.04.26-21.46.36:300][  0]LogConfig: Setting CVar [[r.LightFunctionQuality:0]]
[2026.04.26-21.46.36:300][  0]LogConfig: Setting CVar [[r.ShadowQuality:0]]
[2026.04.26-21.46.36:300][  0]LogConfig: Setting CVar [[r.Shadow.CSM.MaxCascades:1]]
[2026.04.26-21.46.36:300][  0]LogConfig: Setting CVar [[r.Shadow.MaxResolution:512]]
[2026.04.26-21.46.36:300][  0]LogConfig: Setting CVar [[r.Shadow.MaxCSMResolution:512]]
[2026.04.26-21.46.36:300][  0]LogConfig: Setting CVar [[r.Shadow.RadiusThreshold:0.06]]
[2026.04.26-21.46.36:300][  0]LogConfig: Setting CVar [[r.Shadow.DistanceScale:0.6]]
[2026.04.26-21.46.36:300][  0]LogConfig: Setting CVar [[r.Shadow.CSM.TransitionScale:0]]
[2026.04.26-21.46.36:300][  0]LogConfig: Setting CVar [[r.Shadow.PreShadowResolutionFactor:0.5]]
[2026.04.26-21.46.36:300][  0]LogConfig: Setting CVar [[r.DistanceFieldShadowing:0]]
[2026.04.26-21.46.36:300][  0]LogConfig: Setting CVar [[r.DistanceFieldAO:0]]
[2026.04.26-21.46.36:300][  0]LogConfig: Setting CVar [[r.VolumetricFog:0]]
[2026.04.26-21.46.36:300][  0]LogConfig: Setting CVar [[r.LightMaxDrawDistanceScale:0]]
[2026.04.26-21.46.36:300][  0]LogConfig: Setting CVar [[r.CapsuleShadows:0]]
[2026.04.26-21.46.36:300][  0]LogConfig: Applying CVar settings from Section [PostProcessQuality@0] File [C:/LastStep/PROJECT-LAST-STEP/Playtime_Multiplayer/Saved/Config/Windows/Scalability.ini]
[2026.04.26-21.46.36:300][  0]LogConfig: Setting CVar [[r.MotionBlurQuality:0]]
[2026.04.26-21.46.36:300][  0]LogConfig: Setting CVar [[r.AmbientOcclusionMipLevelFactor:1.0]]
[2026.04.26-21.46.36:300][  0]LogConfig: Setting CVar [[r.AmbientOcclusionMaxQuality:0]]
[2026.04.26-21.46.36:300][  0]LogConfig: Setting CVar [[r.AmbientOcclusionLevels:0]]
[2026.04.26-21.46.36:300][  0]LogConfig: Setting CVar [[r.AmbientOcclusionRadiusScale:1.2]]
[2026.04.26-21.46.36:300][  0]LogConfig: Setting CVar [[r.DepthOfFieldQuality:0]]
[2026.04.26-21.46.36:300][  0]LogConfig: Setting CVar [[r.RenderTargetPoolMin:300]]
[2026.04.26-21.46.36:300][  0]LogConfig: Setting CVar [[r.LensFlareQuality:0]]
[2026.04.26-21.46.36:300][  0]LogConfig: Setting CVar [[r.SceneColorFringeQuality:0]]
[2026.04.26-21.46.36:300][  0]LogConfig: Setting CVar [[r.EyeAdaptationQuality:2]]
[2026.04.26-21.46.36:300][  0]LogConfig: Setting CVar [[r.BloomQuality:4]]
[2026.04.26-21.46.36:300][  0]LogConfig: Setting CVar [[r.FastBlurThreshold:0]]
[2026.04.26-21.46.36:300][  0]LogConfig: Setting CVar [[r.Upscale.Quality:1]]
[2026.04.26-21.46.36:300][  0]LogConfig: Setting CVar [[r.Tonemapper.GrainQuantization:0]]
[2026.04.26-21.46.36:300][  0]LogConfig: Setting CVar [[r.LightShaftQuality:0]]
[2026.04.26-21.46.36:300][  0]LogConfig: Setting CVar [[r.Filter.SizeScale:0.6]]
[2026.04.26-21.46.36:300][  0]LogConfig: Setting CVar [[r.Tonemapper.Quality:0]]
[2026.04.26-21.46.36:300][  0]LogConfig: Applying CVar settings from Section [TextureQuality@0] File [C:/LastStep/PROJECT-LAST-STEP/Playtime_Multiplayer/Saved/Config/Windows/Scalability.ini]
[2026.04.26-21.46.36:300][  0]LogConfig: Setting CVar [[r.Streaming.MipBias:16]]
[2026.04.26-21.46.36:300][  0]LogConfig: Setting CVar [[r.Streaming.AmortizeCPUToGPUCopy:1]]
[2026.04.26-21.46.36:300][  0]LogConfig: Setting CVar [[r.Streaming.MaxNumTexturesToStreamPerFrame:1]]
[2026.04.26-21.46.36:300][  0]LogConfig: Setting CVar [[r.Streaming.Boost:0.3]]
[2026.04.26-21.46.36:300][  0]LogConfig: Setting CVar [[r.MaxAnisotropy:0]]
[2026.04.26-21.46.36:300][  0]LogConfig: Setting CVar [[r.VT.MaxAnisotropy:4]]
[2026.04.26-21.46.36:301][  0]LogConfig: Setting CVar [[r.Streaming.LimitPoolSizeToVRAM:1]]
[2026.04.26-21.46.36:301][  0]LogConfig: Setting CVar [[r.Streaming.PoolSize:400]]
[2026.04.26-21.46.36:301][  0]LogConfig: Setting CVar [[r.Streaming.MaxEffectiveScreenSize:0]]
[2026.04.26-21.46.36:301][  0]LogConfig: Applying CVar settings from Section [EffectsQuality@0] File [C:/LastStep/PROJECT-LAST-STEP/Playtime_Multiplayer/Saved/Config/Windows/Scalability.ini]
[2026.04.26-21.46.36:301][  0]LogConfig: Setting CVar [[r.TranslucencyLightingVolumeDim:24]]
[2026.04.26-21.46.36:301][  0]LogConfig: Setting CVar [[r.RefractionQuality:0]]
[2026.04.26-21.46.36:301][  0]LogConfig: Setting CVar [[r.SSR.Quality:0]]
[2026.04.26-21.46.36:301][  0]LogConfig: Setting CVar [[r.SSR.HalfResSceneColor:1]]
[2026.04.26-21.46.36:301][  0]LogConfig: Setting CVar [[r.SceneColorFormat:3]]
[2026.04.26-21.46.36:301][  0]LogConfig: Setting CVar [[r.DetailMode:0]]
[2026.04.26-21.46.36:301][  0]LogConfig: Setting CVar [[r.TranslucencyVolumeBlur:0]]
[2026.04.26-21.46.36:301][  0]LogConfig: Setting CVar [[r.MaterialQualityLevel:0 ; Low quality]]
[2026.04.26-21.46.36:301][  0]LogConfig: Setting CVar [[r.AnisotropicMaterials:0]]
[2026.04.26-21.46.36:301][  0]LogConfig: Setting CVar [[r.SSS.Scale:0]]
[2026.04.26-21.46.36:301][  0]LogConfig: Setting CVar [[r.SSS.SampleSet:0]]
[2026.04.26-21.46.36:301][  0]LogConfig: Setting CVar [[r.SSS.Quality:0]]
[2026.04.26-21.46.36:301][  0]LogConfig: Setting CVar [[r.SSS.HalfRes:1]]
[2026.04.26-21.46.36:301][  0]LogConfig: Setting CVar [[r.SSGI.Quality:0]]
[2026.04.26-21.46.36:301][  0]LogConfig: Setting CVar [[r.EmitterSpawnRateScale:0.125]]
[2026.04.26-21.46.36:301][  0]LogConfig: Setting CVar [[r.ParticleLightQuality:0]]
[2026.04.26-21.46.36:301][  0]LogConfig: Setting CVar [[r.SkyAtmosphere.AerialPerspectiveLUT.FastApplyOnOpaque:1 ; Always have FastSkyLUT 1 in this case to avoid wrong sky]]
[2026.04.26-21.46.36:301][  0]LogConfig: Setting CVar [[r.SkyAtmosphere.AerialPerspectiveLUT.SampleCountMaxPerSlice:1]]
[2026.04.26-21.46.36:301][  0]LogConfig: Setting CVar [[r.SkyAtmosphere.AerialPerspectiveLUT.DepthResolution:8.0]]
[2026.04.26-21.46.36:301][  0]LogConfig: Setting CVar [[r.SkyAtmosphere.FastSkyLUT:1]]
[2026.04.26-21.46.36:301][  0]LogConfig: Setting CVar [[r.SkyAtmosphere.FastSkyLUT.SampleCountMin:2.0]]
[2026.04.26-21.46.36:301][  0]LogConfig: Setting CVar [[r.SkyAtmosphere.FastSkyLUT.SampleCountMax:16.0]]
[2026.04.26-21.46.36:301][  0]LogConfig: Setting CVar [[r.SkyAtmosphere.SampleCountMin:2.0]]
[2026.04.26-21.46.36:301][  0]LogConfig: Setting CVar [[r.SkyAtmosphere.SampleCountMax:16.0]]
[2026.04.26-21.46.36:301][  0]LogConfig: Setting CVar [[r.SkyAtmosphere.TransmittanceLUT.UseSmallFormat:1]]
[2026.04.26-21.46.36:301][  0]LogConfig: Setting CVar [[r.SkyAtmosphere.TransmittanceLUT.SampleCount:10.0]]
[2026.04.26-21.46.36:301][  0]LogConfig: Setting CVar [[r.SkyAtmosphere.MultiScatteringLUT.SampleCount:15.0]]
[2026.04.26-21.46.36:301][  0]LogConfig: Setting CVar [[r.SkyLight.RealTimeReflectionCapture:0]]
[2026.04.26-21.46.36:301][  0]LogConfig: Applying CVar settings from Section [FoliageQuality@0] File [C:/LastStep/PROJECT-LAST-STEP/Playtime_Multiplayer/Saved/Config/Windows/Scalability.ini]
[2026.04.26-21.46.36:301][  0]LogConfig: Setting CVar [[foliage.DensityScale:0]]
[2026.04.26-21.46.36:301][  0]LogConfig: Setting CVar [[grass.DensityScale:0]]
[2026.04.26-21.46.36:301][  0]LogConfig: Applying CVar settings from Section [ShadingQuality@0] File [C:/LastStep/PROJECT-LAST-STEP/Playtime_Multiplayer/Saved/Config/Windows/Scalability.ini]
[2026.04.26-21.46.36:301][  0]LogConfig: Setting CVar [[r.HairStrands.SkyLighting.IntegrationType:2]]
[2026.04.26-21.46.36:301][  0]LogConfig: Setting CVar [[r.HairStrands.SkyAO.SampleCount:4]]
[2026.04.26-21.46.36:301][  0]LogConfig: Setting CVar [[r.HairStrands.Visibility.MSAA.SamplePerPixel:1]]
[2026.04.26-21.46.36:301][  0]LogConfig: Applying CVar settings from Section [Startup] File [../../../Engine/Config/ConsoleVariables.ini]
[2026.04.26-21.46.36:302][  0]LogConfig: Setting CVar [[net.UseAdaptiveNetUpdateFrequency:0]]
[2026.04.26-21.46.36:302][  0]LogConfig: Setting CVar [[p.chaos.AllowCreatePhysxBodies:1]]
[2026.04.26-21.46.36:303][  0]LogConfig: Setting CVar [[fx.SkipVectorVMBackendOptimizations:1]]
[2026.04.26-21.46.36:303][  0]LogConfig: Applying CVar settings from Section [ConsoleVariables] File [C:/LastStep/PROJECT-LAST-STEP/Playtime_Multiplayer/Saved/Config/Windows/Engine.ini]
[2026.04.26-21.46.36:303][  0]LogConfig: Applying CVar settings from Section [ConsoleVariables] File [C:/LastStep/PROJECT-LAST-STEP/Playtime_Multiplayer/Saved/Config/Windows/Editor.ini]
[2026.04.26-21.46.36:307][  0]LogInit: Computer: SIBIDI
[2026.04.26-21.46.36:307][  0]LogInit: User: Xdox2
[2026.04.26-21.46.36:307][  0]LogInit: CPU Page size=4096, Cores=2
[2026.04.26-21.46.36:307][  0]LogInit: High frequency timer resolution =10.000000 MHz
[2026.04.26-21.46.36:307][  0]LogMemory: Memory total: Physical=5.9GB (6GB approx)
[2026.04.26-21.46.36:307][  0]LogMemory: Platform Memory Stats for Windows
[2026.04.26-21.46.36:307][  0]LogMemory: Process Physical Memory: 145.20 MB used, 145.20 MB peak
[2026.04.26-21.46.36:307][  0]LogMemory: Process Virtual Memory: 120.43 MB used, 120.43 MB peak
[2026.04.26-21.46.36:307][  0]LogMemory: Physical Memory: 4450.01 MB used,  1613.67 MB free, 6063.68 MB total
[2026.04.26-21.46.36:307][  0]LogMemory: Virtual Memory: 134208736.00 MB used,  8989.20 MB free, 134217728.00 MB total
[2026.04.26-21.46.36:354][  0]LogWindows: WindowsPlatformFeatures enabled
[2026.04.26-21.46.36:508][  0]LogInit: Physics initialised using underlying interface: PhysX
[2026.04.26-21.46.36:517][  0]LogInit: Using OS detected language (ru-RU).
[2026.04.26-21.46.36:518][  0]LogInit: Using OS detected locale (ru-RU).
[2026.04.26-21.46.36:559][  0]LogTextLocalizationManager: No specific localization for 'ru-RU' exists, so the 'ru' localization will be used.
[2026.04.26-21.46.36:560][  0]LogTextLocalizationResource: LocRes '../../../Engine/Content/Localization/Editor/ru/Editor.locres' could not be opened for reading!
[2026.04.26-21.46.36:561][  0]LogTextLocalizationResource: LocRes '../../../Engine/Content/Localization/EditorTutorials/ru/EditorTutorials.locres' could not be opened for reading!
[2026.04.26-21.46.36:561][  0]LogTextLocalizationResource: LocRes '../../../Engine/Content/Localization/Keywords/ru/Keywords.locres' could not be opened for reading!
[2026.04.26-21.46.36:561][  0]LogTextLocalizationResource: LocRes '../../../Engine/Content/Localization/Category/ru/Category.locres' could not be opened for reading!
[2026.04.26-21.46.36:562][  0]LogTextLocalizationResource: LocRes '../../../Engine/Content/Localization/ToolTips/ru/ToolTips.locres' could not be opened for reading!
[2026.04.26-21.46.36:562][  0]LogTextLocalizationResource: LocRes '../../../Engine/Content/Localization/PropertyNames/ru/PropertyNames.locres' could not be opened for reading!
[2026.04.26-21.46.36:562][  0]LogTextLocalizationResource: LocRes '../../../Engine/Content/Localization/Engine/ru/Engine.locres' could not be opened for reading!
[2026.04.26-21.46.36:646][  0]LogInit: Setting process to per monitor DPI aware
[2026.04.26-21.46.36:670][  0]LogWindowsTextInputMethodSystem: Display: IME system deactivated.
[2026.04.26-21.46.36:768][  0]LogSlate: New Slate User Created.  User Index 0, Is Virtual User: 0
[2026.04.26-21.46.36:768][  0]LogSlate: Slate User Registered.  User Index 0, Is Virtual User: 0
[2026.04.26-21.46.43:495][  0]LogD3D11RHI: Loaded GFSDK_Aftermath_Lib.x64.dll
[2026.04.26-21.46.43:502][  0]LogHMD: Failed to initialize OpenVR with code 110
[2026.04.26-21.46.43:502][  0]LogD3D11RHI: D3D11 min allowed feature level: 11_0
[2026.04.26-21.46.43:502][  0]LogD3D11RHI: D3D11 max allowed feature level: 11_0
[2026.04.26-21.46.43:502][  0]LogD3D11RHI: D3D11 adapters:
[2026.04.26-21.46.43:668][  0]LogD3D11RHI:    0. 'AMD Radeon(TM) Graphics' (Feature Level 11_0)
[2026.04.26-21.46.43:669][  0]LogD3D11RHI:       2033/0/3031 MB DedicatedVideo/DedicatedSystem/SharedSystem, Outputs:1, VendorId:0x1002
[2026.04.26-21.46.43:693][  0]LogD3D11RHI:    1. 'Microsoft Basic Render Driver' (Feature Level 11_0)
[2026.04.26-21.46.43:693][  0]LogD3D11RHI:       0/0/3031 MB DedicatedVideo/DedicatedSystem/SharedSystem, Outputs:0, VendorId:0x1414
[2026.04.26-21.46.43:693][  0]LogD3D11RHI: Chosen D3D11 Adapter:
[2026.04.26-21.46.43:694][  0]LogD3D11RHI:     Description : AMD Radeon(TM) Graphics
[2026.04.26-21.46.43:694][  0]LogD3D11RHI:     VendorId    : 1002
[2026.04.26-21.46.43:694][  0]LogD3D11RHI:     DeviceId    : 15d8
[2026.04.26-21.46.43:694][  0]LogD3D11RHI:     SubSysId    : 8706103c
[2026.04.26-21.46.43:694][  0]LogD3D11RHI:     Revision    : 00c4
[2026.04.26-21.46.43:694][  0]LogD3D11RHI:     DedicatedVideoMemory : 2132467712 bytes
[2026.04.26-21.46.43:694][  0]LogD3D11RHI:     DedicatedSystemMemory : 0 bytes
[2026.04.26-21.46.43:694][  0]LogD3D11RHI:     SharedSystemMemory : 3179114496 bytes
[2026.04.26-21.46.43:694][  0]LogD3D11RHI:     AdapterLuid : 0 69907
[2026.04.26-21.46.43:703][  0]LogD3D11RHI: Creating new Direct3DDevice
[2026.04.26-21.46.43:703][  0]LogD3D11RHI:     GPU DeviceId: 0x15d8 (for the marketing name, search the web for "GPU Device Id")
[2026.04.26-21.46.43:703][  0]LogWindows: EnumDisplayDevices:
[2026.04.26-21.46.43:703][  0]LogWindows:    0. 'AMD Radeon(TM) Graphics' (P:1 D:1)
[2026.04.26-21.46.43:704][  0]LogWindows:    1. 'AMD Radeon(TM) Graphics' (P:0 D:0)
[2026.04.26-21.46.43:705][  0]LogWindows:    2. 'AMD Radeon(TM) Graphics' (P:0 D:0)
[2026.04.26-21.46.43:705][  0]LogWindows: DebugString: FoundDriverCount:3 
[2026.04.26-21.46.43:705][  0]LogD3D11RHI:     Adapter Name: AMD Radeon(TM) Graphics
[2026.04.26-21.46.43:706][  0]LogD3D11RHI:   Driver Version: AMD Software: Adrenalin Edition 25.8.1 (internal:31.0.21923.11000, unified:31.0.21923.11000)
[2026.04.26-21.46.43:706][  0]LogD3D11RHI:      Driver Date: 7-1-2025
[2026.04.26-21.46.43:706][  0]LogRHI: Texture pool is 3191 MB (70% of 4558 MB)
[2026.04.26-21.46.43:895][  0]LogD3D11RHI: Creating D3DDevice with AMD AGS, using adapter:
[2026.04.26-21.46.43:895][  0]LogD3D11RHI:     Description : AMD Radeon(TM) Graphics
[2026.04.26-21.46.43:895][  0]LogD3D11RHI:     VendorId    : 1002
[2026.04.26-21.46.43:895][  0]LogD3D11RHI:     DeviceId    : 15d8
[2026.04.26-21.46.43:895][  0]LogD3D11RHI:     SubSysId    : 8706103c
[2026.04.26-21.46.43:895][  0]LogD3D11RHI:     Revision    : 00c4
[2026.04.26-21.46.43:895][  0]LogD3D11RHI:     DedicatedVideoMemory : 2132467712 bytes
[2026.04.26-21.46.43:895][  0]LogD3D11RHI:     DedicatedSystemMemory : 0 bytes
[2026.04.26-21.46.43:895][  0]LogD3D11RHI:     SharedSystemMemory : 3179114496 bytes
[2026.04.26-21.46.43:895][  0]LogD3D11RHI:     AdapterLuid : 0 69907
[2026.04.26-21.46.44:023][  0]LogD3D11RHI: Created device via AGS, feature level 11_0, supported extensions 1fffffbf.
[2026.04.26-21.46.44:023][  0]LogD3D11RHI: RHI has support for 64 bit atomics
[2026.04.26-21.46.44:023][  0]LogD3D11RHI: Async texture creation enabled
[2026.04.26-21.46.44:023][  0]LogD3D11RHI: Array index from any shader is supported
[2026.04.26-21.46.44:063][  0]LogD3D11RHI: GPU Timing Frequency: 25.000000 (Debug: 2 1)
[2026.04.26-21.46.46:286][  0]LogTargetPlatformManager: Display: Loaded TargetPlatform 'AllDesktop'
[2026.04.26-21.46.46:325][  0]LogTargetPlatformManager: Display: Loaded TargetPlatform 'Android'
[2026.04.26-21.46.46:325][  0]LogTargetPlatformManager: Display: Loaded TargetPlatform 'Android_ASTC'
[2026.04.26-21.46.46:325][  0]LogTargetPlatformManager: Display: Loaded TargetPlatform 'Android_DXT'
[2026.04.26-21.46.46:325][  0]LogTargetPlatformManager: Display: Loaded TargetPlatform 'Android_ETC2'
[2026.04.26-21.46.46:325][  0]LogTargetPlatformManager: Display: Loaded TargetPlatform 'AndroidClient'
[2026.04.26-21.46.46:325][  0]LogTargetPlatformManager: Display: Loaded TargetPlatform 'Android_ASTCClient'
[2026.04.26-21.46.46:325][  0]LogTargetPlatformManager: Display: Loaded TargetPlatform 'Android_DXTClient'
[2026.04.26-21.46.46:325][  0]LogTargetPlatformManager: Display: Loaded TargetPlatform 'Android_ETC2Client'
[2026.04.26-21.46.46:325][  0]LogTargetPlatformManager: Display: Loaded TargetPlatform 'Android_Multi'
[2026.04.26-21.46.46:325][  0]LogTargetPlatformManager: Display: Loaded TargetPlatform 'Android_MultiClient'
[2026.04.26-21.46.46:355][  0]LogTargetPlatformManager: Display: Loaded TargetPlatform 'IOSClient'
[2026.04.26-21.46.46:355][  0]LogTargetPlatformManager: Display: Loaded TargetPlatform 'IOS'
[2026.04.26-21.46.46:393][  0]LogTargetPlatformManager: Display: Loaded TargetPlatform 'Linux'
[2026.04.26-21.46.46:401][  0]LogTargetPlatformManager: Display: Loaded TargetPlatform 'LinuxNoEditor'
[2026.04.26-21.46.46:410][  0]LogTargetPlatformManager: Display: Loaded TargetPlatform 'LinuxClient'
[2026.04.26-21.46.46:418][  0]LogTargetPlatformManager: Display: Loaded TargetPlatform 'LinuxServer'
[2026.04.26-21.46.46:438][  0]LogTargetPlatformManager: Display: Loaded TargetPlatform 'LinuxAArch64NoEditor'
[2026.04.26-21.46.46:446][  0]LogTargetPlatformManager: Display: Loaded TargetPlatform 'LinuxAArch64Client'
[2026.04.26-21.46.46:456][  0]LogTargetPlatformManager: Display: Loaded TargetPlatform 'LinuxAArch64Server'
[2026.04.26-21.46.46:505][  0]LogTargetPlatformManager: Display: Loaded TargetPlatform 'Lumin'
[2026.04.26-21.46.46:505][  0]LogTargetPlatformManager: Display: Loaded TargetPlatform 'LuminClient'
[2026.04.26-21.46.46:539][  0]LogTargetPlatformManager: Display: Loaded TargetPlatform 'MacNoEditor'
[2026.04.26-21.46.46:548][  0]LogTargetPlatformManager: Display: Loaded TargetPlatform 'Mac'
[2026.04.26-21.46.46:556][  0]LogTargetPlatformManager: Display: Loaded TargetPlatform 'MacClient'
[2026.04.26-21.46.46:565][  0]LogTargetPlatformManager: Display: Loaded TargetPlatform 'MacServer'
[2026.04.26-21.46.46:581][  0]LogTargetPlatformManager: Display: Loaded TargetPlatform 'TVOSClient'
[2026.04.26-21.46.46:581][  0]LogTargetPlatformManager: Display: Loaded TargetPlatform 'TVOS'
[2026.04.26-21.46.46:597][  0]LogTargetPlatformManager: Display: Loaded TargetPlatform 'WindowsNoEditor'
[2026.04.26-21.46.46:609][  0]LogTargetPlatformManager: Display: Loaded TargetPlatform 'Windows'
[2026.04.26-21.46.46:618][  0]LogTargetPlatformManager: Display: Loaded TargetPlatform 'WindowsClient'
[2026.04.26-21.46.46:627][  0]LogTargetPlatformManager: Display: Loaded TargetPlatform 'WindowsServer'
[2026.04.26-21.46.46:627][  0]LogTargetPlatformManager: Display: Building Assets For Windows
[2026.04.26-21.46.46:645][  0]LogAudioDebug: Display: Lib vorbis DLL was dynamically loaded.
[2026.04.26-21.46.46:731][  0]LogTextureFormatOodle: Display: Oodle Texture 2.9.0 init RDO Off
[2026.04.26-21.46.46:881][  0]LogRendererCore: Ray tracing is disabled. Reason: r.RayTracing=0.
[2026.04.26-21.46.46:881][  0]LogShaderLibrary: Display: Running without a pakfile and did not find a monolithic library 'Global' - attempting disk search for its chunks
[2026.04.26-21.46.46:881][  0]LogShaderLibrary: Display:    ....  not found
[2026.04.26-21.46.46:882][  0]LogShaderCompilers: Guid format shader working directory is -20 characters bigger than the processId version (../../../../../../LastStep/PROJECT-LAST-STEP/Playtime_Multiplayer/Intermediate/Shaders/WorkingDirectory/16988/).
[2026.04.26-21.46.46:882][  0]LogShaderCompilers: Cleaned the shader compiler working directory 'C:/Users/Xdox2/AppData/Local/Temp/UnrealShaderWorkingDir/406F42DD4F81C4467D4509901A67FC2D/'.
[2026.04.26-21.46.46:884][  0]LogXGEController: Cannot use XGE Controller as Incredibuild is not installed on this machine.
[2026.04.26-21.46.46:884][  0]LogShaderCompilers: Cannot use XGE Shader Compiler as Incredibuild is not installed on this machine.
[2026.04.26-21.46.46:884][  0]LogShaderCompilers: Display: Using Local Shader Compiler.
[2026.04.26-21.46.54:151][  0]LogDerivedDataCache: Display: Max Cache Size: 512 MB
[2026.04.26-21.46.54:930][  0]LogDerivedDataCache: Loaded boot cache 0.78s 94MB C:/Users/Xdox2/AppData/Local/UnrealEngine/4.27/DerivedDataCache/Boot.ddc.
[2026.04.26-21.46.54:930][  0]LogDerivedDataCache: Display: Loaded Boot cache: C:/Users/Xdox2/AppData/Local/UnrealEngine/4.27/DerivedDataCache/Boot.ddc
[2026.04.26-21.46.54:931][  0]LogDerivedDataCache: FDerivedDataBackendGraph:  Pak pak cache file ../../../../../../LastStep/PROJECT-LAST-STEP/Playtime_Multiplayer/DerivedDataCache/DDC.ddp not found, will not use a pak cache.
[2026.04.26-21.46.54:931][  0]LogDerivedDataCache: Unable to find inner node Pak for hierarchical cache Hierarchy.
[2026.04.26-21.46.54:932][  0]LogDerivedDataCache: FDerivedDataBackendGraph:  CompressedPak pak cache file ../../../../../../LastStep/PROJECT-LAST-STEP/Playtime_Multiplayer/DerivedDataCache/Compressed.ddp not found, will not use a pak cache.
[2026.04.26-21.46.54:932][  0]LogDerivedDataCache: Unable to find inner node CompressedPak for hierarchical cache Hierarchy.
[2026.04.26-21.46.55:064][  0]LogDerivedDataCache: Display: Pak cache opened for reading ../../../Engine/DerivedDataCache/Compressed.ddp.
[2026.04.26-21.46.55:064][  0]LogDerivedDataCache: FDerivedDataBackendGraph:  EnterprisePak pak cache file ../../../Enterprise/DerivedDataCache/Compressed.ddp not found, will not use a pak cache.
[2026.04.26-21.46.55:064][  0]LogDerivedDataCache: Unable to find inner node EnterprisePak for hierarchical cache Hierarchy.
[2026.04.26-21.46.55:266][  0]LogDerivedDataCache: Speed tests for C:/Users/Xdox2/AppData/Local/UnrealEngine/Common/DerivedDataCache took 0.20 seconds
[2026.04.26-21.46.55:266][  0]LogDerivedDataCache: Display: Performance to C:/Users/Xdox2/AppData/Local/UnrealEngine/Common/DerivedDataCache: Latency=0.45ms. RandomReadSpeed=5.36MBs, RandomWriteSpeed=40.90MBs. Assigned SpeedClass 'Local'
[2026.04.26-21.46.55:275][  0]LogDerivedDataCache: Using Local data cache path C:/Users/Xdox2/AppData/Local/UnrealEngine/Common/DerivedDataCache: Writable
[2026.04.26-21.46.55:275][  0]LogDerivedDataCache: Shared data cache path not found in *engine.ini, will not use an Shared cache.
[2026.04.26-21.46.55:275][  0]LogDerivedDataCache: Unable to find inner node Shared for hierarchical cache Hierarchy.
[2026.04.26-21.46.55:385][  0]LogSlate: Using FreeType 2.10.0
[2026.04.26-21.46.55:386][  0]LogSlate: SlateFontServices - WITH_FREETYPE: 1, WITH_HARFBUZZ: 1
[2026.04.26-21.46.55:554][  0]LogAssetRegistry: FAssetRegistry took 0.0053 seconds to start up
[2026.04.26-21.46.56:098][  0]LogInit: Selected Device Profile: [Windows]
[2026.04.26-21.46.56:098][  0]LogInit: Active device profile: [0000027ACAD9A000][0000027AC902AC00 49] Windows
[2026.04.26-21.46.56:098][  0]LogInit: Profiles: [0000027ACAD9A000][0000027AC902AC00 49] Windows, [0000027ACAD61B00][0000027AC0D68D40 49] WindowsNoEditor, [0000027ACAD99900][0000027AC3384E80 49] WindowsServer, [0000027ACAD63B00][0000027AC102CFC0 49] WindowsClient, [0000027ACAD99C00][0000027AC1035140 49] IOS, [0000027ACAD63F00][0000027AC10392C0 49] iPadAir, [0000027ACAD99700][0000027AC92D7440 49] iPadAir2, [0000027ACAD11400][0000027AC92DF700 49] IPadPro, [0000027ACAD11500][0000027AC92DB740 49] iPadAir3, [0000027ACAD9BE00][0000027AC92E38C0 49] iPadAir4, [0000027ACAD13500][0000027AC92E7A40 49] iPadMini2, [0000027ACAD98500][0000027AC92EBBC0 49] iPadMini3, [0000027ACAD10800][0000027AC92EE1C0 49] iPadMini4, [0000027ACAD9B200][0000027AC92F2340 49] iPadMini5, [0000027ACAD2CD00][0000027AC92FA600 49] iPhone6, [0000027ACAD2CE00][0000027AC92F6640 49] iPodTouch6, [0000027ACAD61700][0000027AC9302900 49] iPhone7, [0000027ACAD63D00][0000027AC92FE940 49] iPodTouch7, [0000027ACAD2EF00][0000027AC9306AC0 49] iPhone5S, [0000027ACAD61500][0000027AC930AC40 49] iPhone6Plus, [0000027ACAD2C600][0000027AC1030D80 49] iPhone6S, [0000027ACAD62E00][0000027AC066EEC0 49] iPhone6SPlus, [0000027ACAD2DF00][0000027AC0673000 49] iPhone7Plus, [0000027ACAD60C00][0000027AC0677140 49] iPhoneSE, [0000027ACAD2F300][0000027AC067F2C0 49] iPhone8, [0000027ACAD62100][0000027AC0683440 49] iPhone8Plus, [0000027ACAD2F000][0000027AC06875C0 49] iPhoneX, [0000027ACAD61600][0000027AAF68D740 49] iPhoneXS, [0000027ACAD2DA00][0000027AAF6918C0 49] iPhoneXSMax, [0000027ACAD62900][0000027AAF695A40 49] iPhoneXR, [0000027ACAD2F100][0000027AAF699BC0 49] iPhone11, [0000027ACAD62D00][0000027AAF69C1C0 49] iPhone11Pro, [0000027ACAD2D000][0000027AAF6A0340 49] iPhone11ProMax, [0000027ACAD61300][0000027AAF6A44C0 49] iPhoneSE2, [0000027ACAD2D800][0000027AAF6A8640 49] iPhone12Mini, [0000027ACAD60F00][0000027AAF6AC7C0 49] iPhone12, [0000027ACAD2E400][0000027AAF6B0940 49] iPhone12Pro, [0000027ACAD63500][0000027AAF6B4AC0 49] iPhone12ProMax, [0000027ACAD2C700][0000027AAF6B8C40 49] iPadPro105, [0000027ACAD63100][0000027AC068ADC0 49] iPadPro129, [0000027ACAD2F700][0000027AC068EF40 49] iPadPro97, [0000027ACAD61400][0000027AC067B080 49] iPadPro2_129, [0000027ACAD2EE00][0000027AC06931C0 49] iPad5, [0000027ACAD98E00][0000027AC0697300 49] iPad6, [0000027ACAE35500][0000027AC069F480 49] iPad7, [0000027ACAD2D700][0000027AC06A3600 49] iPad8, [0000027ACAD62F00][0000027AC06A7780 49] iPadPro11, [0000027ACAD2ED00][0000027AC06AB900 49] iPadPro2_11, [0000027ACAD60900][0000027AC06AFA80 49] iPadPro3_129, [0000027ACAD2C300][0000027AC06B3C00 49] iPadPro4_129, [0000027ACAD61000][0000027AC06B6200 49] AppleTV, [0000027ACAD2FE00][0000027AC05B2380 49] AppleTV4K, [0000027ACAD60200][0000027AC05B6500 49] TVOS, [0000027ACAD2DE00][0000027AC05BA680 49] Mac, [0000027ACAD60500][0000027AC05BE800 49] MacClient, [0000027ACAD2FD00][0000027AC05C2980 49] MacNoEditor, [0000027ACAD61100][0000027AC05C6B00 49] MacServer, [0000027ACAD2E300][0000027AC05CAC80 49] Linux, [0000027ACAD62300][0000027AC05CEE00 49] LinuxAArch64, [0000027ACAD2D400][0000027AC05D2F80 49] LinuxNoEditor, [0000027ACAD62400][0000027AC05D7100 49] LinuxAArch64NoEditor, [0000027ACAD2F500][0000027AC069B240 49] LinuxClient, [0000027ACAD60100][0000027AC05DB380 49] LinuxAArch64Client, [0000027ACAE34D00][0000027AC05DF4C0 49] LinuxServer, [0000027ACAD63300][0000027AC05E7640 49] LinuxAArch64Server, [0000027ACAD2F600][0000027AC05EB7C0 49] Android, [0000027ACAD62500][0000027AC05EF940 49] Android_Low, [0000027ACAD2DB00][0000027AC05F3AC0 49] Android_Mid, [0000027ACAD63400][0000027AC05F60C0 49] Android_High, [0000027ACAD2D100][0000027AC05FA240 49] Android_Default, [0000027ACAD61800][0000027AC05FE3C0 49] Android_Adreno4xx, [0000027ACAD2EB00][0000027AC0602540 49] Android_Adreno5xx_Low, [0000027ACAD63200][0000027AC06066C0 49] Android_Adreno5xx, [0000027ACAD2C100][0000027AC060A840 49] Android_Adreno6xx, [0000027ACAD62200][0000027AC060E9C0 49] Android_Adreno6xx_Vulkan, [0000027ACAD2C800][0000027ACB4D4B40 49] Android_Mali_T6xx, [0000027ACAD63700][0000027ACB4D8CC0 49] Android_Mali_T7xx, [0000027ACAD2CA00][0000027ACB4DCE40 49] Android_Mali_T8xx, [0000027ACAD61D00][0000027ACB4E0FC0 49] Android_Mali_G71, [0000027ACAD2C500][0000027ACB4E5140 49] Android_Mali_G72, [0000027ACAD62000][0000027ACB4E92C0 49] Android_Mali_G72_Vulkan, [0000027ACAD2EC00][0000027AC05E3400 49] Android_Mali_G76, [0000027ACAD62700][0000027ACB4ED540 49] Android_Mali_G76_Vulkan, [0000027ACAD2E100][0000027ACB4F1680 49] Android_Mali_G77, [0000027ACAD61A00][0000027ACB4F57C0 49] Android_Mali_G77_Vulkan, [0000027ACAD2DD00][0000027ACB4FD940 49] Android_Mali_G78, [0000027ACAD60700][0000027ACB501AC0 49] Android_Mali_G78_Vulkan, [0000027ACAD12400][0000027ACB5040C0 49] Android_Mali_G710, [0000027ACAD63000][0000027ACB508240 49] Android_Mali_G710_Vulkan, [0000027ACAD13E00][0000027ACB50C3C0 49] Android_Vulkan_SM5, [0000027ACAE34700][0000027ACB510540 49] Android_PowerVR_G6xxx, [0000027ACAD12600][0000027ACB5146C0 49] Android_PowerVR_GT7xxx, [0000027ACAD60600][0000027ACB518840 49] Android_PowerVR_GE8xxx, [0000027ACAD99A00][0000027ACB51C9C0 49] Android_PowerVR_GM9xxx, [0000027ACAD2CC00][0000027ACB520B40 49] Android_PowerVR_GM9xxx_Vulkan, [0000027ACAD99200][0000027ACB524CC0 49] Android_TegraK1, [0000027ACAD2C200][0000027ACB528E40 49] Android_Unknown_Vulkan, [0000027ACAD98400][0000027ACB52CFC0 49] Lumin, [0000027ACAD2F400][0000027ACB531140 49] Lumin_Desktop, [0000027ACAD9A800][0000027ACB5352C0 49] HoloLens, 
[2026.04.26-21.46.56:636][  0]LogMeshReduction: Using QuadricMeshReduction for automatic static mesh reduction
[2026.04.26-21.46.56:636][  0]LogMeshReduction: Using SimplygonMeshReduction for automatic skeletal mesh reduction
[2026.04.26-21.46.56:636][  0]LogMeshReduction: Using ProxyLODMeshReduction for automatic mesh merging
[2026.04.26-21.46.56:636][  0]LogMeshReduction: No distributed automatic mesh merging module available
[2026.04.26-21.46.56:637][  0]LogMeshMerging: No distributed automatic mesh merging module available
[2026.04.26-21.46.56:729][  0]LogNetVersion: Playtime_Multiplayer 1.0.0, NetCL: 17155196, EngineNetVer: 17, GameNetVer: 0 (Checksum: 2025055209)
[2026.04.26-21.47.12:656][  0]LogTexture: Default maximum texture size for cubemaps generated from long-lat sources has been changed from 512 to unlimited. In order to preserve old behaiour for '/Engine/MapTemplates/Sky/DaylightAmbientCubemap.DaylightAmbientCubemap', its maximum texture size has been explicitly set to 512.
[2026.04.26-21.47.12:994][  0]LogHMD: PokeAHoleMaterial loaded successfully
[2026.04.26-21.47.13:015][  0]LogUObjectArray: 17186 objects as part of root set at end of initial load.
[2026.04.26-21.47.13:015][  0]LogUObjectAllocator: 4313952 out of 0 bytes used by permanent object pool.
[2026.04.26-21.47.13:015][  0]LogUObjectArray: CloseDisregardForGC: 0/0 objects in disregard for GC pool
[2026.04.26-21.47.14:859][  0]LogNiagaraDebuggerClient: Niagara Debugger Client Initialized | Session: 0D61CBB74DB723A59D1884B6016DEA88 | Instance: A95EFCE44BD9EEEDF1FF0CB42424CB92 (SIBIDI-16988).
[2026.04.26-21.47.15:322][  0]LogPython: Using Python 3.7.7
[2026.04.26-21.47.18:130][  0]LogUdpMessaging: Initializing bridge on interface 0.0.0.0:0 to multicast group 230.0.0.1:6666.
[2026.04.26-21.47.18:147][  0]LogTcpMessaging: Initializing TcpMessaging bridge
[2026.04.26-21.47.18:330][  0]LogVaRest: FVaRestModule::StartupModule(28): VaRest (1.1.33) module started
[2026.04.26-21.47.18:362][  0]LogPython: Warning: 'EBoxySoundSet' and 'BoxySoundSet' have the same name (BoxySoundSet) when exposed to Python. Rename one of them using 'ScriptName' meta-data.
[2026.04.26-21.47.18:364][  0]LogPython: Warning: 'EMommySoundSet' and 'MommySoundSet' have the same name (MommySoundSet) when exposed to Python. Rename one of them using 'ScriptName' meta-data.
[2026.04.26-21.47.18:811][  0]SourceControl: Source control is disabled
[2026.04.26-21.47.18:812][  0]SourceControl: Source control is disabled
[2026.04.26-21.47.18:831][  0]SourceControl: Source control is disabled
[2026.04.26-21.47.18:843][  0]SourceControl: Source control is disabled
[2026.04.26-21.47.18:886][  0]SourceControl: Source control is disabled
[2026.04.26-21.47.18:893][  0]LogUProjectInfo: Found projects:
[2026.04.26-21.47.20:112][  0]LogOpenImageDenoise: OIDN starting up
[2026.04.26-21.47.20:260][  0]LogAndroidPermission: UAndroidPermissionCallbackProxy::GetInstance
[2026.04.26-21.47.20:315][  0]LogAudioCaptureCore: Display: No Audio Capture implementations found. Audio input will be silent.
[2026.04.26-21.47.20:315][  0]LogAudioCaptureCore: Display: No Audio Capture implementations found. Audio input will be silent.
[2026.04.26-21.47.21:072][  0]LogCollectionManager: Loaded 0 collections in 0.003152 seconds
[2026.04.26-21.47.21:173][  0]LogFileCache: Scanning file cache for directory 'C:/LastStep/PROJECT-LAST-STEP/Playtime_Multiplayer/Saved/Collections/' took 0.00s
[2026.04.26-21.47.21:173][  0]LogFileCache: Scanning file cache for directory 'C:/LastStep/PROJECT-LAST-STEP/Playtime_Multiplayer/Content/Developers/Xdox2/Collections/' took 0.00s
[2026.04.26-21.47.21:173][  0]LogFileCache: Scanning file cache for directory 'C:/LastStep/PROJECT-LAST-STEP/Playtime_Multiplayer/Content/Collections/' took 0.00s
[2026.04.26-21.47.21:173][  0]LogOcInput: OculusInput pre-init called
[2026.04.26-21.47.22:200][  0]LogClass: Display: BoolProperty FBPSteamGroupOfficer::bIsOwner is not initialized properly. Module:AdvancedSteamSessions File:Classes/SteamRequestGroupOfficersCallbackProxy.h
[2026.04.26-21.47.22:201][  0]LogClass: Display: IntProperty FBPSteamGroupInfo::numOnline is not initialized properly. Module:AdvancedSteamSessions File:Classes/AdvancedSteamFriendsLibrary.h
[2026.04.26-21.47.22:201][  0]LogClass: Display: IntProperty FBPSteamGroupInfo::numInGame is not initialized properly. Module:AdvancedSteamSessions File:Classes/AdvancedSteamFriendsLibrary.h
[2026.04.26-21.47.22:201][  0]LogClass: Display: IntProperty FBPSteamGroupInfo::numChatting is not initialized properly. Module:AdvancedSteamSessions File:Classes/AdvancedSteamFriendsLibrary.h
[2026.04.26-21.47.22:201][  0]LogClass: Warning: StructProperty FPlaytimeEvent::StartDate is not initialized properly even though its struct probably has a custom default constructor. Module:Playtime_Multiplayer File:PlaytimeEvent.h
[2026.04.26-21.47.22:201][  0]LogClass: Warning: StructProperty FPlaytimeEvent::EndDate is not initialized properly even though its struct probably has a custom default constructor. Module:Playtime_Multiplayer File:PlaytimeEvent.h
[2026.04.26-21.47.22:201][  0]LogClass: Warning: StructProperty FShoppyItemResponseSet::StartTime is not initialized properly even though its struct probably has a custom default constructor. Module:Playtime_Multiplayer File:ShoppyItemResponseSet.h
[2026.04.26-21.47.22:201][  0]LogClass: Warning: StructProperty FShoppyItemResponseSet::EndTime is not initialized properly even though its struct probably has a custom default constructor. Module:Playtime_Multiplayer File:ShoppyItemResponseSet.h
[2026.04.26-21.47.22:201][  0]LogClass: Warning: StructProperty FShoppySaleResponse::StartTime is not initialized properly even though its struct probably has a custom default constructor. Module:Playtime_Multiplayer File:ShoppySaleResponse.h
[2026.04.26-21.47.22:201][  0]LogClass: Warning: StructProperty FShoppySaleResponse::EndTime is not initialized properly even though its struct probably has a custom default constructor. Module:Playtime_Multiplayer File:ShoppySaleResponse.h
[2026.04.26-21.47.22:201][  0]LogClass: Warning: StructProperty FToyBoxResponse::StartTime is not initialized properly even though its struct probably has a custom default constructor. Module:Playtime_Multiplayer File:ToyBoxResponse.h
[2026.04.26-21.47.22:201][  0]LogClass: Warning: StructProperty FToyBoxResponse::EndTime is not initialized properly even though its struct probably has a custom default constructor. Module:Playtime_Multiplayer File:ToyBoxResponse.h
[2026.04.26-21.47.22:207][  0]LogClass: Display: EnumProperty FVaRest_NamedType::Type is not initialized properly. Module:VaRestEditor File:Public/VaRest_BreakJson.h
[2026.04.26-21.47.22:208][  0]LogClass: Display: BoolProperty FVaRest_NamedType::bIsArray is not initialized properly. Module:VaRestEditor File:Public/VaRest_BreakJson.h
[2026.04.26-21.47.22:208][  0]LogClass: Display: 14 Uninitialized script struct members found including 0 object properties
[2026.04.26-21.47.22:213][  0]LogAutomationTest: Warning: StructProperty FPlaytimeEvent::StartDate is not initialized properly even though its struct probably has a custom default constructor. Module:Playtime_Multiplayer File:PlaytimeEvent.h
[2026.04.26-21.47.22:213][  0]LogAutomationTest: Warning: StructProperty FPlaytimeEvent::EndDate is not initialized properly even though its struct probably has a custom default constructor. Module:Playtime_Multiplayer File:PlaytimeEvent.h
[2026.04.26-21.47.22:213][  0]LogAutomationTest: Warning: StructProperty FShoppyItemResponseSet::StartTime is not initialized properly even though its struct probably has a custom default constructor. Module:Playtime_Multiplayer File:ShoppyItemResponseSet.h
[2026.04.26-21.47.22:213][  0]LogAutomationTest: Warning: StructProperty FShoppyItemResponseSet::EndTime is not initialized properly even though its struct probably has a custom default constructor. Module:Playtime_Multiplayer File:ShoppyItemResponseSet.h
[2026.04.26-21.47.22:213][  0]LogAutomationTest: Warning: StructProperty FShoppySaleResponse::StartTime is not initialized properly even though its struct probably has a custom default constructor. Module:Playtime_Multiplayer File:ShoppySaleResponse.h
[2026.04.26-21.47.22:213][  0]LogAutomationTest: Warning: StructProperty FShoppySaleResponse::EndTime is not initialized properly even though its struct probably has a custom default constructor. Module:Playtime_Multiplayer File:ShoppySaleResponse.h
[2026.04.26-21.47.22:213][  0]LogAutomationTest: Warning: StructProperty FToyBoxResponse::StartTime is not initialized properly even though its struct probably has a custom default constructor. Module:Playtime_Multiplayer File:ToyBoxResponse.h
[2026.04.26-21.47.22:213][  0]LogAutomationTest: Warning: StructProperty FToyBoxResponse::EndTime is not initialized properly even though its struct probably has a custom default constructor. Module:Playtime_Multiplayer File:ToyBoxResponse.h
[2026.04.26-21.47.22:226][  0]LogEngine: Initializing Engine...
[2026.04.26-21.47.22:232][  0]LogVaRest: UVaRestSubsystem::Initialize(24): VaRest subsystem initialized
[2026.04.26-21.47.22:251][  0]LogHMD: Failed to enumerate extensions. Please check that you have a valid OpenXR runtime installed.
[2026.04.26-21.47.22:252][  0]LogHMD: Failed to initialize OpenVR with code 110
[2026.04.26-21.47.22:253][  0]LogMagicLeap: Warning: VR disabled because ZI is not enabled.  To enable, in the editor, Edit -> Project Settings -> Plugins -> Magic Leap Plugin -> Enable Zero Iteration
[2026.04.26-21.47.22:262][  0]LogStats: UGameplayTagsManager::InitializeManager -  0.002 s
[2026.04.26-21.47.22:956][  0]LogLinker: Warning: Failed to load '/Game/PSHOWTIMEPHASE3/UI/UI_Utility/UI_Cursor': Can't find file.
[2026.04.26-21.47.22:956][  0]LogLinker: Warning: Failed to load '/Game/PSHOWTIMEPHASE3/UI/UI_Utility/UI_Cursor': Can't find file.
[2026.04.26-21.47.22:956][  0]LogUObjectGlobals: Warning: Failed to find object 'Object /Game/PSHOWTIMEPHASE3/UI/UI_Utility/UI_Cursor.UI_Cursor_C'
[2026.04.26-21.47.22:956][  0]LogLoad: Warning: UUserInterfaceSettings::ForceLoadResources: Failed to load cursor resource 0.
[2026.04.26-21.47.22:957][  0]LogInit: Initializing FReadOnlyCVARCache
[2026.04.26-21.47.23:025][  0]LogAIModule: Creating AISystem for world Untitled
[2026.04.26-21.47.23:050][  0]LogAudio: Display: Initializing Audio Device Manager...
[2026.04.26-21.47.23:057][  0]LogAudio: Display: Loading Default Audio Settings Objects...
[2026.04.26-21.47.23:074][  0]LogAudio: Display: No default SoundConcurrencyObject specified (or failed to load).
[2026.04.26-21.47.23:078][  0]LogAudio: Display: Audio Device Manager Initialized
[2026.04.26-21.47.23:078][  0]LogAudio: Display: Creating Audio Device:                 Id: 1, Scope: Shared, Realtime: True
[2026.04.26-21.47.23:081][  0]LogAudioMixer: Display: Audio Mixer Platform Settings:
[2026.04.26-21.47.23:081][  0]LogAudioMixer: Display: 	Sample Rate:						  48000
[2026.04.26-21.47.23:081][  0]LogAudioMixer: Display: 	Callback Buffer Frame Size Requested: 512
[2026.04.26-21.47.23:081][  0]LogAudioMixer: Display: 	Callback Buffer Frame Size To Use:	  512
[2026.04.26-21.47.23:081][  0]LogAudioMixer: Display: 	Number of buffers to queue:			  1
[2026.04.26-21.47.23:081][  0]LogAudioMixer: Display: 	Max Channels (voices):				  0
[2026.04.26-21.47.23:081][  0]LogAudioMixer: Display: 	Number of Async Source Workers:		  4
[2026.04.26-21.47.23:083][  0]LogAudio: Display: AudioDevice MaxSources: 32
[2026.04.26-21.47.23:089][  0]LogAudio: Display: Audio Spatialization Plugin: None (built-in).
[2026.04.26-21.47.23:089][  0]LogAudio: Display: Audio Reverb Plugin: None (built-in).
[2026.04.26-21.47.23:089][  0]LogAudio: Display: Audio Occlusion Plugin: None (built-in).
[2026.04.26-21.47.23:089][  0]LogAudioMixer: Display: Initializing audio mixer.
[2026.04.26-21.47.23:155][  0]LogAudioMixer: Display: 0: FrontLeft
[2026.04.26-21.47.23:155][  0]LogAudioMixer: Display: 1: FrontRight
[2026.04.26-21.47.23:235][  0]LogAudioMixer: Display: Using Audio Device Voicemeeter VAIO3 Input (VB-Audio Voicemeeter VAIO)
[2026.04.26-21.47.23:241][  0]LogAudioMixer: Display: Initializing Sound Submixes...
[2026.04.26-21.47.23:291][  0]LogAudioMixer: Display: Creating Master Submix 'MasterSubmixDefault'
[2026.04.26-21.47.23:291][  0]LogAudioMixer: Display: Creating Master Submix 'MasterReverbSubmixDefault'
[2026.04.26-21.47.23:295][  0]LogAudioMixer: Display: Creating Master Submix 'MasterEQSubmixDefault'
[2026.04.26-21.47.23:295][  0]LogAudioMixer: FMixerPlatformXAudio2::StartAudioStream() called
[2026.04.26-21.47.23:295][  0]LogAudioMixer: Display: Output buffers initialized: Frames=512, Channels=2, Samples=1024
[2026.04.26-21.47.23:297][  0]LogAudioMixer: Display: Starting AudioMixerPlatformInterface::RunInternal()
[2026.04.26-21.47.23:297][  0]LogAudioMixer: Display: FMixerPlatformXAudio2::SubmitBuffer() called for the first time
[2026.04.26-21.47.23:297][  0]LogInit: FAudioDevice initialized.
[2026.04.26-21.47.23:302][  0]LogAudio: Display: Audio Device (ID: 1) registered with world 'Untitled'.
[2026.04.26-21.47.23:303][  0]LogNetVersion: Set ProjectVersion to 1.0.0.0. Version Checksum will be recalculated on next use.
[2026.04.26-21.47.23:538][  0]LogDerivedDataCache: Saved boot cache 0.23s 94MB C:/Users/Xdox2/AppData/Local/UnrealEngine/4.27/DerivedDataCache/Boot.ddc.
[2026.04.26-21.47.23:538][  0]LogInit: Texture streaming: Enabled
[2026.04.26-21.47.23:570][  0]LogAnalytics: Display: [UEEditor.Rocket.Release] APIServer = https://datarouter.ol.epicgames.com/. AppVersion = 4.27.2-18319896+++UE4+Release-4.27
[2026.04.26-21.47.23:582][  0]LogEngineSessionManager: EngineSessionManager initialized
[2026.04.26-21.47.23:582][  0]LogEngineSessionManager: EngineSessionManager sent abnormal shutdown report. Type=AbnormalShutdown, SessionId={103F0D9A-4854-1463-B18B-C8918E8D095C}
[2026.04.26-21.47.23:582][  0]LogEngineSessionManager: EngineSessionManager sent abnormal shutdown report. Type=Crashed, SessionId={41D1B531-43F9-6791-7347-6A9008E59E23}
[2026.04.26-21.47.23:583][  0]LogEditorSessionSummary: Verbose: Initializing EditorSessionSummaryWriter for editor session tracking
[2026.04.26-21.47.23:588][  0]LogEditorSessionSummary: EditorSessionSummaryWriter initialized
[2026.04.26-21.47.23:681][  0]LogInit: Transaction tracking system initialized
[2026.04.26-21.47.23:787][  0]BlueprintLog: New page: Editor Load
[2026.04.26-21.47.24:185][  0]LocalizationService: Localization service is disabled
[2026.04.26-21.47.24:371][  0]TimingProfiler: Initialize
[2026.04.26-21.47.24:374][  0]TimingProfiler: OnSessionChanged
[2026.04.26-21.47.24:374][  0]LoadingProfiler: Initialize
[2026.04.26-21.47.24:376][  0]LoadingProfiler: OnSessionChanged
[2026.04.26-21.47.24:376][  0]NetworkingProfiler: Initialize
[2026.04.26-21.47.24:377][  0]NetworkingProfiler: OnSessionChanged
[2026.04.26-21.47.24:377][  0]MemoryProfiler: Initialize
[2026.04.26-21.47.24:377][  0]MemoryProfiler: OnSessionChanged
[2026.04.26-21.47.26:060][  0]LogCook: Display: CookSettings for Memory: MemoryMaxUsedVirtual 0MiB, MemoryMaxUsedPhysical 16384MiB, MemoryMinFreeVirtual 0MiB, MemoryMinFreePhysical 1024MiB
[2026.04.26-21.47.26:060][  0]LogCook: Display: Mobile HDR setting 1
[2026.04.26-21.47.26:829][  0]LogFileCache: Scanning file cache for directory 'C:/LastStep/PROJECT-LAST-STEP/Playtime_Multiplayer/Content/' took 0.11s
[2026.04.26-21.47.28:257][  0]LogInit: Display: Engine is initialized. Leaving FEngineLoop::Init()
[2026.04.26-21.47.28:282][  0]SourceControl: Source control is disabled
[2026.04.26-21.47.28:505][  0]LogSlate: Took 0.002192 seconds to synchronously load lazily loaded font '../../../Engine/Content/Slate/Fonts/Roboto-Regular.ttf' (155K)
[2026.04.26-21.47.35:517][  0]LogSlate: Window 'Restore Packages' being destroyed
[2026.04.26-21.47.35:517][  0]LogWindowsTextInputMethodSystem: Display: IME system deactivated.
[2026.04.26-21.47.35:632][  0]LogWindowsTextInputMethodSystem: Display: IME system deactivated.
[2026.04.26-21.47.38:986][  0]LogSlate: Window 'Unable to Check Out From Source Control!' being destroyed
[2026.04.26-21.47.38:986][  0]LogWindowsTextInputMethodSystem: Display: IME system deactivated.
[2026.04.26-21.47.39:025][  0]Message dialog closed, result: Ok, title: Unable to Check Out From Source Control!, text: The following assets could not be successfully checked out from source control:
/Game/Items/Cosmetics/MI_Rock
/Game/Items/Cosmetics/Assets/Grabpack/MI_GP_PotO
/Game/Items/Cosmetics/MI_Titles
/Game/Items/Cosmetics/Assets/Hands/MI_Hands
[2026.04.26-21.47.39:070][  0]LogWindowsTextInputMethodSystem: Display: IME system deactivated.
[2026.04.26-21.47.39:073][  0]LogUnrealEdMisc: Loading editor; pre map load, took 75.329
[2026.04.26-21.47.39:077][  0]Cmd: MAP LOAD FILE="../../../../../../LastStep/PROJECT-LAST-STEP/Playtime_Multiplayer/Content/StarterContent/Maps/Minimal_Default.umap" TEMPLATE=0 SHOWPROGRESS=1 FEATURELEVEL=3
[2026.04.26-21.47.39:083][  0]LightingResults: New page: Lighting Build
[2026.04.26-21.47.39:121][  0]LogWorld: UWorld::CleanupWorld for Untitled, bSessionEnded=true, bCleanupResources=true
[2026.04.26-21.47.39:127][  0]LogSlate: InvalidateAllWidgets triggered.  All widgets were invalidated
[2026.04.26-21.47.39:136][  0]MapCheck: New page: Map Check
[2026.04.26-21.47.39:136][  0]LightingResults: New page: Lighting Build
[2026.04.26-21.47.39:200][  0]LogAudio: Display: Audio Device unregistered from world 'None'.
[2026.04.26-21.47.39:234][  0]LogUObjectHash: Compacting FUObjectHashTables data took   1.98ms
[2026.04.26-21.47.39:255][  0]LogAudio: Display: Audio Device (ID: 1) registered with world 'Minimal_Default'.
[2026.04.26-21.47.39:258][  0]LogAIModule: Creating AISystem for world Minimal_Default
[2026.04.26-21.47.39:278][  0]LogEditorServer: Finished looking for orphan Actors (0.000 secs)
[2026.04.26-21.47.39:308][  0]LogUObjectHash: Compacting FUObjectHashTables data took   1.49ms
[2026.04.26-21.47.39:311][  0]Cmd: MAP CHECKDEP NOCLEARLOG
[2026.04.26-21.47.39:311][  0]MapCheck: Map check complete: 0 Error(s), 0 Warning(s), took 0,628ms to complete.
[2026.04.26-21.47.39:313][  0]LogFileHelpers: Loading map 'Minimal_Default' took 0.238
[2026.04.26-21.47.39:464][  0]LogUnrealEdMisc: Total Editor Startup Time, took 75.721
[2026.04.26-21.47.39:792][  0]LogSlate: Updating window title bar state: overlay mode, drag disabled, window buttons hidden, title bar hidden
[2026.04.26-21.47.39:805][  0]LogSlate: Updating window title bar state: overlay mode, drag disabled, window buttons hidden, title bar hidden
[2026.04.26-21.47.39:819][  0]LogSlate: Updating window title bar state: overlay mode, drag disabled, window buttons hidden, title bar hidden
[2026.04.26-21.47.39:832][  0]LogSlate: Updating window title bar state: overlay mode, drag disabled, window buttons hidden, title bar hidden
[2026.04.26-21.47.39:927][  0]LogNativeClassHierarchy: Verbose: Native class hierarchy populated in 0.0221 seconds. Added 3870 classes and 945 folders.
[2026.04.26-21.47.39:955][  0]LogNativeClassHierarchy: Verbose: Native class hierarchy updated for 'WidgetCarousel' in 0.0006 seconds. Added 0 classes and 0 folders.
[2026.04.26-21.47.40:034][  0]LogNativeClassHierarchy: Verbose: Native class hierarchy updated for 'AddContentDialog' in 0.0006 seconds. Added 0 classes and 0 folders.
[2026.04.26-21.47.40:037][  0]LogNativeClassHierarchy: Verbose: Native class hierarchy updated for 'SceneOutliner' in 0.0006 seconds. Added 2 classes and 0 folders.
[2026.04.26-21.47.40:367][  0]LogSlate: Took 0.016279 seconds to synchronously load lazily loaded font '../../../Engine/Content/Editor/Slate/Fonts/FontAwesome.ttf' (139K)
[2026.04.26-21.47.40:373][  0]LogSlate: Took 0.001754 seconds to synchronously load lazily loaded font '../../../Engine/Content/Slate/Fonts/Roboto-Bold.ttf' (160K)
[2026.04.26-21.47.40:556][  0]LogRenderer: Reallocating scene render targets to support 1392x232 Format 9 NumSamples 1 (Frame:1).
[2026.04.26-21.47.41:475][  0]LogSlate: Took 0.013366 seconds to synchronously load lazily loaded font '../../../Engine/Content/Slate/Fonts/Roboto-Light.ttf' (167K)
[2026.04.26-21.47.41:646][  0]LogNativeClassHierarchy: Verbose: Native class hierarchy updated for 'HierarchicalLODOutliner' in 0.0005 seconds. Added 0 classes and 0 folders.
[2026.04.26-21.47.41:646][  0]LogLoad: (Engine Initialization) Total time: 77.90 seconds
[2026.04.26-21.47.41:646][  0]LogLoad: (Engine Initialization) Total Blueprint compile time: 0.00 seconds
[2026.04.26-21.47.41:782][  0]LogContentStreaming: Texture pool size now 400 MB
[2026.04.26-21.47.41:941][  1]LogAssetRegistry: Asset discovery search completed in 46.3899 seconds
[2026.04.26-21.47.41:992][  1]LogCollectionManager: Fixed up redirectors for 0 collections in 0.000001 seconds (updated 0 objects)
[2026.04.26-21.47.42:687][ 34]LogSlate: Took 0.000348 seconds to synchronously load lazily loaded font '../../../Engine/Content/Slate/Fonts/Roboto-Light.ttf' (167K)
[2026.04.26-21.47.45:612][141]LogAssetEditorSubsystem: Opening Asset editor for Blueprint /Game/Items/Cosmetics/BP_Cont/GrabPack.GrabPack
[2026.04.26-21.47.47:275][141]LogNativeClassHierarchy: Verbose: Native class hierarchy updated for 'BlueprintGraph' in 0.0008 seconds. Added 126 classes and 0 folders.
[2026.04.26-21.47.49:189][141]LogAssetEditorSubsystem: Opening Asset editor for Blueprint /Game/Player/BP_NetworkCharacter.BP_NetworkCharacter
[2026.04.26-21.47.49:954][141]LogAssetEditorSubsystem: Opening Asset editor for SkeletalMesh /Game/Items/Cosmetics/Assets/Grabpack/Textures/SK_GP_PotGold.SK_GP_PotGold
[2026.04.26-21.47.49:978][141]LogNativeClassHierarchy: Verbose: Native class hierarchy updated for 'SkeletonEditor' in 0.0007 seconds. Added 1 classes and 2 folders.
[2026.04.26-21.47.50:002][141]LogTexture: Default maximum texture size for cubemaps generated from long-lat sources has been changed from 512 to unlimited. In order to preserve old behaiour for '/Engine/EditorMaterials/AssetViewer/EpicQuadPanorama_CC+EV1.EpicQuadPanorama_CC+EV1', its maximum texture size has been explicitly set to 512.
[2026.04.26-21.47.50:191][141]LogTexture: Default maximum texture size for cubemaps generated from long-lat sources has been changed from 512 to unlimited. In order to preserve old behaiour for '/Engine/MapTemplates/Sky/SunsetAmbientCubemap.SunsetAmbientCubemap', its maximum texture size has been explicitly set to 512.
[2026.04.26-21.47.50:400][141]LogActorComponent: RegisterComponentWithWorld: (/Engine/Transient.World_2:PersistentLevel.AnimationEditorPreviewActor_0.DebugSkelMeshComponent_0) Already registered. Aborting.
[2026.04.26-21.47.50:414][141]LogNativeClassHierarchy: Verbose: Native class hierarchy updated for 'PinnedCommandList' in 0.0006 seconds. Added 1 classes and 0 folders.
[2026.04.26-21.47.50:958][141]LogAssetEditorSubsystem: Opening Asset editor for DataTable /Game/Items/ALLItems.ALLItems
[2026.04.26-21.47.51:343][141]LogAssetEditorSubsystem: Opening Asset editor for Blueprint /Game/Items/CosmeticsFunctions.CosmeticsFunctions
[2026.04.26-21.47.52:106][141]LogAssetEditorSubsystem: Opening Asset editor for BlendSpace /Game/World/Character/Player/Crouch.Crouch
[2026.04.26-21.47.52:130][141]LogActorComponent: RegisterComponentWithWorld: (/Engine/Transient.World_4:PersistentLevel.AnimationEditorPreviewActor_0.DebugSkelMeshComponent_0) Already registered. Aborting.
[2026.04.26-21.47.52:579][141]LogBlueprint: Warning: [AssetLog] C:\LastStep\PROJECT-LAST-STEP\Playtime_Multiplayer\Content\BaseMultiplayer\GameModes\Default\BP_DefaultController.uasset: [Compiler] InputKey Event specifies axis FKey'MouseWheelAxis' for  Mouse Wheel Axis
[2026.04.26-21.47.52:622][141]LogAssetEditorSubsystem: Opening Asset editor for Blueprint /Game/BaseMultiplayer/GameModes/Default/BP_DefaultController.BP_DefaultController
[2026.04.26-21.47.53:406][141]LogAssetEditorSubsystem: Opening Asset editor for WidgetBlueprint /Game/MULTIPLAYER/SERVER.SERVER
[2026.04.26-21.47.54:417][141]LogLinker: Warning: [AssetLog] C:\LastStep\PROJECT-LAST-STEP\Playtime_Multiplayer\Content\Widgets\Buttons.uasset: Failed to load '/Game/Widgets/textures/выходbutton': Can't find file.
[2026.04.26-21.47.54:419][141]LoadErrors: Failed to load /Game/Widgets/textures/выходbutton.выходbutton Referenced by Button_63
[2026.04.26-21.47.54:419][141]LogLinker: Warning: [AssetLog] C:\LastStep\PROJECT-LAST-STEP\Playtime_Multiplayer\Content\Widgets\Buttons.uasset: Failed to load '/Game/Widgets/textures/выходbutton': Can't find file.
[2026.04.26-21.47.54:419][141]LogLinker: Warning: [AssetLog] C:\LastStep\PROJECT-LAST-STEP\Playtime_Multiplayer\Content\Widgets\Buttons.uasset: Failed to load '/Game/Widgets/textures/выходbutton': Can't find file.
[2026.04.26-21.47.54:419][141]LoadErrors: Failed to load /Game/Widgets/textures/выходbutton.выходbutton Referenced by Button_77
[2026.04.26-21.47.54:420][141]LogLinker: Warning: [AssetLog] C:\LastStep\PROJECT-LAST-STEP\Playtime_Multiplayer\Content\Widgets\Buttons.uasset: Failed to load '/Game/Widgets/textures/выходbutton': Can't find file.
[2026.04.26-21.47.54:499][141]LogLinker: Warning: [AssetLog] C:\LastStep\PROJECT-LAST-STEP\Playtime_Multiplayer\Content\Widgets\CHOOSE.uasset: Failed to load '/Game/Widgets/textures/Снимок_экрана_2026-04-01_200059': Can't find file.
[2026.04.26-21.47.54:499][141]LogLinker: Warning: [AssetLog] C:\LastStep\PROJECT-LAST-STEP\Playtime_Multiplayer\Content\Widgets\CHOOSE.uasset: Failed to load '/Game/Widgets/textures/Снимок_экрана_2026-04-01_200059': Can't find file.
[2026.04.26-21.47.54:500][141]LogLinker: Warning: [AssetLog] C:\LastStep\PROJECT-LAST-STEP\Playtime_Multiplayer\Content\Widgets\CHOOSE.uasset: Failed to load '/Game/Widgets/textures/Снимок_экрана_2026-04-01_200059': Can't find file.
[2026.04.26-21.47.54:500][141]LogLinker: Warning: [AssetLog] C:\LastStep\PROJECT-LAST-STEP\Playtime_Multiplayer\Content\Widgets\choice_play.uasset: Failed to load '/Game/Widgets/textures/Снимок_экрана_2026-04-01_200059': Can't find file.
[2026.04.26-21.47.54:501][141]LogLinker: Warning: [AssetLog] C:\LastStep\PROJECT-LAST-STEP\Playtime_Multiplayer\Content\Widgets\choice_play.uasset: Failed to load '/Game/Widgets/textures/Снимок_экрана_2026-04-01_200059': Can't find file.
[2026.04.26-21.47.54:501][141]LogLinker: Warning: [AssetLog] C:\LastStep\PROJECT-LAST-STEP\Playtime_Multiplayer\Content\Widgets\choice_play.uasset: Failed to load '/Game/Widgets/textures/Снимок_экрана_2026-04-01_200059': Can't find file.
[2026.04.26-21.47.54:501][141]LoadErrors: Failed to load /Game/Widgets/textures/Снимок_экрана_2026-04-01_200059.Снимок_экрана_2026-04-01_200059 Referenced by Image_0
[2026.04.26-21.47.54:526][141]LogLinker: Warning: [AssetLog] C:\LastStep\PROJECT-LAST-STEP\Playtime_Multiplayer\Content\Widgets\choice_play.uasset: Failed to load '/Game/Widgets/textures/Снимок_экрана_2026-04-01_193405': Can't find file.
[2026.04.26-21.47.54:526][141]LoadErrors: Failed to load /Game/Widgets/textures/Снимок_экрана_2026-04-01_193405.Снимок_экрана_2026-04-01_193405 Referenced by Image_363
[2026.04.26-21.47.54:528][141]LogLinker: Warning: [AssetLog] C:\LastStep\PROJECT-LAST-STEP\Playtime_Multiplayer\Content\Widgets\choice_play.uasset: Failed to load '/Game/Widgets/textures/Снимок_экрана_2026-04-01_193405': Can't find file.
[2026.04.26-21.47.54:573][141]LogLinker: Warning: [AssetLog] C:\LastStep\PROJECT-LAST-STEP\Playtime_Multiplayer\Content\Widgets\TAG_PLAY.uasset: Failed to load '/Game/Widgets/textures/Снимок_экрана_2026-04-01_193405': Can't find file.
[2026.04.26-21.47.54:573][141]LogLinker: Warning: [AssetLog] C:\LastStep\PROJECT-LAST-STEP\Playtime_Multiplayer\Content\Widgets\TAG_PLAY.uasset: Failed to load '/Game/Widgets/textures/Снимок_экрана_2026-04-01_193405': Can't find file.
[2026.04.26-21.47.54:574][141]LogLinker: Warning: [AssetLog] C:\LastStep\PROJECT-LAST-STEP\Playtime_Multiplayer\Content\Widgets\choice_play.uasset: Failed to load '/Game/Widgets/textures/Снимок_экрана_2026-04-01_193405': Can't find file.
[2026.04.26-21.47.54:574][141]LogLinker: Warning: [AssetLog] C:\LastStep\PROJECT-LAST-STEP\Playtime_Multiplayer\Content\Widgets\choice_play.uasset: Failed to load '/Game/Widgets/textures/Снимок_экрана_2026-04-01_193405': Can't find file.
[2026.04.26-21.47.54:577][141]LogLinker: Warning: [AssetLog] C:\LastStep\PROJECT-LAST-STEP\Playtime_Multiplayer\Content\Widgets\choice_play.uasset: Failed to load '/Game/Widgets/textures/Снимок_экрана_2026-04-01_193405': Can't find file.
[2026.04.26-21.47.54:577][141]LoadErrors: Failed to load /Game/Widgets/textures/Снимок_экрана_2026-04-01_193405.Снимок_экрана_2026-04-01_193405 Referenced by Image_0
[2026.04.26-21.47.54:579][141]LogLinker: Warning: [AssetLog] C:\LastStep\PROJECT-LAST-STEP\Playtime_Multiplayer\Content\Widgets\choice_play.uasset: Failed to load '/Game/Widgets/textures/Снимок_экрана_2026-04-01_193405': Can't find file.
[2026.04.26-21.47.54:579][141]LogLinker: Warning: [AssetLog] C:\LastStep\PROJECT-LAST-STEP\Playtime_Multiplayer\Content\Widgets\choice_play.uasset: Failed to load '/Game/Widgets/textures/Снимок_экрана_2026-04-01_193405': Can't find file.
[2026.04.26-21.47.54:580][141]LogLinker: Warning: [AssetLog] C:\LastStep\PROJECT-LAST-STEP\Playtime_Multiplayer\Content\Widgets\choice_play.uasset: Failed to load '/Game/Widgets/textures/Снимок_экрана_2026-04-01_193405': Can't find file.
[2026.04.26-21.47.54:585][141]LogLinker: Warning: [AssetLog] C:\LastStep\PROJECT-LAST-STEP\Playtime_Multiplayer\Content\Widgets\choice_mode.uasset: Failed to load '/Game/Widgets/textures/Снимок_экрана_2026-04-01_193405': Can't find file.
[2026.04.26-21.47.54:585][141]LogLinker: Warning: [AssetLog] C:\LastStep\PROJECT-LAST-STEP\Playtime_Multiplayer\Content\Widgets\choice_mode.uasset: Failed to load '/Game/Widgets/textures/Снимок_экрана_2026-04-01_193405': Can't find file.
[2026.04.26-21.47.54:586][141]LogLinker: Warning: [AssetLog] C:\LastStep\PROJECT-LAST-STEP\Playtime_Multiplayer\Content\Widgets\Buttons.uasset: Failed to load '/Game/Widgets/textures/выходbutton': Can't find file.
[2026.04.26-21.47.54:588][141]LogLinker: Warning: [AssetLog] C:\LastStep\PROJECT-LAST-STEP\Playtime_Multiplayer\Content\Widgets\Buttons.uasset: Failed to load '/Game/Widgets/textures/выходbutton': Can't find file.
[2026.04.26-21.47.54:588][141]LogLinker: Warning: [AssetLog] C:\LastStep\PROJECT-LAST-STEP\Playtime_Multiplayer\Content\Widgets\Buttons.uasset: Failed to load '/Game/Widgets/textures/выходbutton': Can't find file.
[2026.04.26-21.47.54:589][141]LogLinker: Warning: [AssetLog] C:\LastStep\PROJECT-LAST-STEP\Playtime_Multiplayer\Content\Widgets\Buttons.uasset: Failed to load '/Game/Widgets/textures/выходbutton': Can't find file.
[2026.04.26-21.47.54:589][141]LogLinker: Warning: [AssetLog] C:\LastStep\PROJECT-LAST-STEP\Playtime_Multiplayer\Content\Widgets\Buttons.uasset: Failed to load '/Game/Widgets/textures/выходbutton': Can't find file.
[2026.04.26-21.47.54:655][141]LogLinker: Warning: [AssetLog] C:\LastStep\PROJECT-LAST-STEP\Playtime_Multiplayer\Content\Widgets\Buttons.uasset: Failed to load '/Game/Widgets/textures/выходbutton': Can't find file.
[2026.04.26-21.47.54:655][141]LogLinker: Warning: [AssetLog] C:\LastStep\PROJECT-LAST-STEP\Playtime_Multiplayer\Content\Widgets\Buttons.uasset: Failed to load '/Game/Widgets/textures/выходbutton': Can't find file.
[2026.04.26-21.47.54:662][141]LogLinker: Warning: [AssetLog] C:\LastStep\PROJECT-LAST-STEP\Playtime_Multiplayer\Content\Widgets\TAG_PLAY.uasset: Failed to load '/Game/Widgets/textures/Снимок_экрана_2026-04-01_193405': Can't find file.
[2026.04.26-21.47.54:669][141]LogLinker: Warning: [AssetLog] C:\LastStep\PROJECT-LAST-STEP\Playtime_Multiplayer\Content\Widgets\CHOOSE.uasset: Failed to load '/Game/Widgets/textures/Снимок_экрана_2026-04-01_200059': Can't find file.
[2026.04.26-21.47.54:891][141]LogAssetEditorSubsystem: Opening Asset editor for WidgetBlueprint /Game/MULTIPLAYER/SERVER_LIST.SERVER_LIST
[2026.04.26-21.47.55:541][141]LogAssetEditorSubsystem: Opening Asset editor for WidgetBlueprint /Game/Widgets/choice_play.choice_play
[2026.04.26-21.47.56:271][141]LogAssetEditorSubsystem: Opening Asset editor for ParticleSystem /Game/StarterContent/Particles/P_Steam_Lit.P_Steam_Lit
[2026.04.26-21.47.56:298][141]LogNativeClassHierarchy: Verbose: Native class hierarchy updated for 'Cascade' in 0.0004 seconds. Added 2 classes and 2 folders.
[2026.04.26-21.47.56:538][141]LogAssetEditorSubsystem: Opening Asset editor for Material /Game/StarterContent/Particles/Materials/M_smoke_subUV.M_smoke_subUV
[2026.04.26-21.47.56:546][141]LogMaterial: Display: Missing cached shadermap for M_smoke_subUV in PCD3D_SM5, Default, SM5 (DDC key hash: 2AC88AE3AE88DAB10DE44472CE8493DDB77B0B17), compiling. 
[2026.04.26-21.47.56:675][141]LogShaderCompilers: Display: Submitted 23 shader compile jobs with 'Normal' priority
[2026.04.26-21.47.56:981][141]LogMaterial: Display: Missing cached shadermap for M_smoke_subUV in PCD3D_SM5, Default, SM5 (DDC key hash: 74B5574DCA1DD53FEF47B9D662BF9C7AFFD60F7C), compiling. 
[2026.04.26-21.47.56:992][141]LogMaterial: Display: Missing cached shadermap for M_smoke_subUV in PCD3D_SM5, Default, SM5 (DDC key hash: C6EA9DA11F20EBE44A944CF542A3CB3DA101C1E2), compiling. 
[2026.04.26-21.47.56:996][141]LogMaterial: Display: Missing cached shadermap for FMatExpressionPreview MaterialExpressionDepthFade_0 in PCD3D_SM5, Default, SM5 (DDC key hash: 88CBAF227EE6187584C13D8C54B8F5FAEC6ACABD), compiling. 
[2026.04.26-21.47.56:999][141]LogMaterial: Display: Missing cached shadermap for FMatExpressionPreview MaterialExpressionParticleSubUV_0 in PCD3D_SM5, Default, SM5 (DDC key hash: EAAAB647E791A6D6F99DDEA3F29CBDCB12B95FA8), compiling. 
[2026.04.26-21.47.57:004][141]LogMaterial: Display: Missing cached shadermap for FMatExpressionPreview MaterialExpressionTextureSample_0 in PCD3D_SM5, Default, SM5 (DDC key hash: D6B32CF91C9EC9C11200780FDF0F3115D7455992), compiling. 
[2026.04.26-21.47.57:006][141]LogMaterial: Display: Missing cached shadermap for FMatExpressionPreview MaterialExpressionVectorParameter_7 in PCD3D_SM5, Default, SM5 (DDC key hash: 1429E7AC2A9AE670134D18EC29C21D612642ADEE), compiling. 
[2026.04.26-21.47.57:108][141]LogAssetEditorSubsystem: Opening Asset editor for MaterialInstanceConstant /Game/Items/Cosmetics/Assets/Grabpack/MI_GP_PotO.MI_GP_PotO
[2026.04.26-21.47.57:570][141]LogAssetEditorSubsystem: Opening Asset editor for Material /Game/StarterContent/Textures/T_Rock_Slate_Mat.T_Rock_Slate_Mat
[2026.04.26-21.47.57:574][141]LogMaterial: Display: Missing cached shadermap for T_Rock_Slate_Mat in PCD3D_SM5, Default, SM5 (DDC key hash: 8952EB6F2CD7EE1EAFF6647BB1636DC78C25B0B9), compiling. 
[2026.04.26-21.47.57:590][141]LogShaderCompilers: Display: Submitted 10 shader compile jobs with 'Normal' priority
[2026.04.26-21.47.57:692][141]LogMaterial: Display: Missing cached shadermap for T_Rock_Slate_Mat in PCD3D_SM5, Default, SM5 (DDC key hash: 20666753E4AE770CBD0DA00565D9157A0AE06AEF), compiling. 
[2026.04.26-21.47.57:701][141]LogMaterial: Display: Missing cached shadermap for T_Rock_Slate_Mat in PCD3D_SM5, Default, SM5 (DDC key hash: 4CF024A34F2A96BECCF580B17016650A694F4518), compiling. 
[2026.04.26-21.47.57:703][141]LogMaterial: Display: Missing cached shadermap for FMatExpressionPreview MaterialExpressionTextureSample_0 in PCD3D_SM5, Default, SM5 (DDC key hash: A9F7D14E5F63BAC9CE72165AACEA72A410EC778F), compiling. 
[2026.04.26-21.47.57:706][141]LogMaterial: Display: Missing cached shadermap for FMatExpressionPreview MaterialExpressionTextureSample_1 in PCD3D_SM5, Default, SM5 (DDC key hash: 4A851757A6D5B5C5C6565D8F3EBF12E5C435F8C4), compiling. 
[2026.04.26-21.47.57:788][141]LogAssetEditorSubsystem: Opening Asset editor for MaterialInstanceConstant /Game/Items/Cosmetics/MI_Rock.MI_Rock
[2026.04.26-21.47.58:253][141]LogAssetEditorSubsystem: Opening Asset editor for MaterialInstanceConstant /Game/Items/Cosmetics/MI_Titles.MI_Titles
[2026.04.26-21.47.58:725][141]LogAssetEditorSubsystem: Opening Asset editor for Blueprint /Game/Items/Cosmetics/BP_Cont/BP_Hand.BP_Hand
[2026.04.26-21.47.59:508][141]LogAssetEditorSubsystem: Opening Asset editor for MaterialInstanceConstant /Game/Items/Cosmetics/Assets/Hands/MI_Hands.MI_Hands
[2026.04.26-21.47.59:905][141]LogAssetEditorSubsystem: Opening Asset editor for SkeletalMesh /Game/Items/Cosmetics/Assets/Hands/SK_Hand.SK_Hand
[2026.04.26-21.47.59:912][141]LogActorComponent: RegisterComponentWithWorld: (/Engine/Transient.World_21:PersistentLevel.AnimationEditorPreviewActor_0.DebugSkelMeshComponent_0) Already registered. Aborting.
[2026.04.26-21.48.00:550][141]LogSkinnedMeshComp: Warning: GetBoneTransform : BoneIndex(18) out of range of MasterBoneMap for CosmeticGrabpack
[2026.04.26-21.48.01:153][141]LogRenderer: Reallocating scene render targets to support 1392x256 Format 9 NumSamples 1 (Frame:1).
[2026.04.26-21.48.01:154][141]LogSkinnedMeshComp: Warning: GetBoneTransform : BoneIndex(18) out of range of MasterBoneMap for CosmeticGrabpack
[2026.04.26-21.48.01:161][141]LogSkinnedMeshComp: Warning: GetBoneTransform : BoneIndex(18) out of range of MasterBoneMap for CosmeticGrabpack
[2026.04.26-21.48.02:553][141]MaterialEditorStats: Texture samplers: 0/16
[2026.04.26-21.48.02:555][141]MaterialEditorStats: Texture Lookups (Est.): VS(0), PS(4)
[2026.04.26-21.48.02:555][141]MaterialEditorStats: User interpolators: 2/4 Scalars (1/4 Vectors) (TexCoords: 2, Custom: 0)
[2026.04.26-21.48.02:631][141]MaterialEditorStats: Texture samplers: 0/16
[2026.04.26-21.48.02:631][141]MaterialEditorStats: Texture Lookups (Est.): VS(0), PS(2)
[2026.04.26-21.48.02:631][141]MaterialEditorStats: User interpolators: 2/4 Scalars (1/4 Vectors) (TexCoords: 2, Custom: 0)
[2026.04.26-21.48.02:955][141]LogSlate: Took 0.001402 seconds to synchronously load lazily loaded font '../../../Engine/Content/Slate/Fonts/Roboto-Italic.ttf' (157K)
[2026.04.26-21.48.03:074][141]LogRenderer: Reallocating scene render targets to support 1392x660 Format 9 NumSamples 1 (Frame:1).
[2026.04.26-21.48.03:133][141]LogRenderer: Reallocating scene render targets to support 1392x696 Format 9 NumSamples 1 (Frame:1).
[2026.04.26-21.48.03:465][142]LogShaderCompilers: Display: Submitted 2 shader compile jobs with 'ForceLocal' priority
[2026.04.26-21.48.03:468][142]LogShaderCompilers: Display: Worker (1/3): shaders left to compile 2
[2026.04.26-21.48.03:468][142]LogShaderCompilers: Display: Worker (2/3): shaders left to compile 1
[2026.04.26-21.48.03:468][142]LogShaderCompilers: Display: Started 2 'Local' shader compile jobs with 'ForceLocal' priority
[2026.04.26-21.48.12:266][419]LogSlate: Took 0.020147 seconds to synchronously load lazily loaded font '../../../Engine/Content/Slate/Fonts/Roboto-BoldCondensed.ttf' (158K)
[2026.04.26-21.48.14:354][445]LogContentBrowser: Verbose: The majority of assets in the view are of type: AnimSequence
[2026.04.26-21.48.15:927][471]MaterialEditorStats: Texture samplers: 4/16
[2026.04.26-21.48.15:927][471]MaterialEditorStats: Texture Lookups (Est.): VS(0), PS(2)
[2026.04.26-21.48.15:927][471]MaterialEditorStats: User interpolators: 2/4 Scalars (1/4 Vectors) (TexCoords: 2, Custom: 0)
[2026.04.26-21.48.17:491][522]LogSlate: Window 'Crouch' being destroyed
[2026.04.26-21.48.17:508][522]LogWorld: UWorld::CleanupWorld for World_4, bSessionEnded=true, bCleanupResources=true
[2026.04.26-21.48.17:511][522]LogSlate: InvalidateAllWidgets triggered.  All widgets were invalidated
[2026.04.26-21.48.17:691][522]LogWorld: UWorld::CleanupWorld for World_5, bSessionEnded=true, bCleanupResources=true
[2026.04.26-21.48.17:691][522]LogSlate: InvalidateAllWidgets triggered.  All widgets were invalidated
[2026.04.26-21.48.18:473][543]LogSlate: Took 0.014996 seconds to synchronously load lazily loaded font '../../../Engine/Content/Slate/Fonts/DroidSansMono.ttf' (77K)
[2026.04.26-21.48.22:306][681]LogShaderCompilers: Display: Submitted 2 shader compile jobs with 'ForceLocal' priority
[2026.04.26-21.48.22:306][681]LogShaderCompilers: Display: Worker (1/3): shaders left to compile 2
[2026.04.26-21.48.22:306][681]LogShaderCompilers: Display: Worker (2/3): shaders left to compile 1
[2026.04.26-21.48.22:306][681]LogShaderCompilers: Display: Started 2 'Local' shader compile jobs with 'ForceLocal' priority
[2026.04.26-21.48.22:568][684]LogShaderCompilers: Display: Submitted 2 shader compile jobs with 'ForceLocal' priority
[2026.04.26-21.48.22:568][684]LogShaderCompilers: Display: Worker (3/3): shaders left to compile 2
[2026.04.26-21.48.22:568][684]LogShaderCompilers: Display: Started 1 'Local' shader compile jobs with 'ForceLocal' priority
[2026.04.26-21.48.22:594][685]LogShaderCompilers: Display: Submitted 2 shader compile jobs with 'ForceLocal' priority
[2026.04.26-21.48.23:374][701]LogShaderCompilers: Display: Submitted 2 shader compile jobs with 'ForceLocal' priority
[2026.04.26-21.48.23:374][701]LogShaderCompilers: Display: Submitted 2 shader compile jobs with 'ForceLocal' priority
[2026.04.26-21.48.25:428][758]LogShaderCompilers: Display: Worker (2/3): shaders left to compile 7
[2026.04.26-21.48.25:428][758]LogShaderCompilers: Display: Started 3 'Local' shader compile jobs with 'ForceLocal' priority
[2026.04.26-21.48.25:787][764]MaterialEditorStats: Texture samplers: 2/16
[2026.04.26-21.48.25:787][764]MaterialEditorStats: Texture Lookups (Est.): VS(0), PS(4)
[2026.04.26-21.48.25:787][764]MaterialEditorStats: User interpolators: 2/4 Scalars (1/4 Vectors) (TexCoords: 2, Custom: 0)
[2026.04.26-21.48.25:845][765]LogShaderCompilers: Display: Worker (1/3): shaders left to compile 4
[2026.04.26-21.48.25:847][765]LogShaderCompilers: Display: Started 2 'Local' shader compile jobs with 'ForceLocal' priority
[2026.04.26-21.48.25:892][766]MaterialEditorStats: Texture samplers: 4/16
[2026.04.26-21.48.25:892][766]MaterialEditorStats: Texture Lookups (Est.): VS(0), PS(4)
[2026.04.26-21.48.25:892][766]MaterialEditorStats: User interpolators: 2/4 Scalars (1/4 Vectors) (TexCoords: 2, Custom: 0)
[2026.04.26-21.48.26:931][807]LogSlate: Window 'BP_Hand' being destroyed
[2026.04.26-21.48.27:775][836]LogSlate: Window 'MI_Hands' being destroyed
[2026.04.26-21.48.29:651][941]LogShaderCompilers: Display: Worker (1/3): shaders left to compile 2
[2026.04.26-21.48.29:651][941]LogShaderCompilers: Display: Started 1 'Local' shader compile jobs with 'ForceLocal' priority
[2026.04.26-21.48.30:949][989]LogShaderCompilers: Display: Worker (2/3): shaders left to compile 1
[2026.04.26-21.48.30:949][989]LogShaderCompilers: Display: Started 1 'Local' shader compile jobs with 'ForceLocal' priority
[2026.04.26-21.48.54:175][178]BlueprintLog: New page: Compile GrabPack
[2026.04.26-21.48.54:651][178]LogUObjectHash: Compacting FUObjectHashTables data took  13.00ms
[2026.04.26-21.48.54:685][178]LogSkinnedMeshComp: Warning: GetBoneTransform : BoneIndex(18) out of range of MasterBoneMap for CosmeticGrabpack
[2026.04.26-21.48.54:685][178]LogActorComponent: RegisterComponentWithWorld: (/Engine/Transient.World_22:PersistentLevel.DESTROYED_GrabPack_C_CHILDACTOR_1.DefaultSceneRoot) Trying to register component with IsPendingKill() == true. Aborting.
[2026.04.26-21.48.54:697][178]LogSkinnedMeshComp: Warning: GetBoneTransform : BoneIndex(18) out of range of MasterBoneMap for CosmeticGrabpack
[2026.04.26-21.48.54:700][178]LogSkinnedMeshComp: Warning: GetBoneTransform : BoneIndex(18) out of range of MasterBoneMap for CosmeticGrabpack
[2026.04.26-21.48.54:705][178]LogActorComponent: RegisterComponentWithWorld: (/Engine/Transient.World_1:PersistentLevel.DESTROYED_GrabPack_C_CHILDACTOR_3.DefaultSceneRoot) Trying to register component with IsPendingKill() == true. Aborting.
[2026.04.26-21.48.54:705][178]LogActorComponent: RegisterComponentWithWorld: (/Engine/Transient.World_1:PersistentLevel.DESTROYED_GrabPack_C_CHILDACTOR_2.DefaultSceneRoot) Trying to register component with IsPendingKill() == true. Aborting.
[2026.04.26-21.48.54:731][178]LogSkinnedMeshComp: Warning: GetBoneTransform : BoneIndex(18) out of range of MasterBoneMap for CosmeticGrabpack
[2026.04.26-21.48.54:731][178]LogActorComponent: RegisterComponentWithWorld: (/Engine/Transient.World_22:PersistentLevel.DESTROYED_GrabPack_C_CHILDACTOR_3.DefaultSceneRoot) Trying to register component with IsPendingKill() == true. Aborting.
[2026.04.26-21.48.54:738][178]LogSkinnedMeshComp: Warning: GetBoneTransform : BoneIndex(18) out of range of MasterBoneMap for CosmeticGrabpack
[2026.04.26-21.48.54:742][178]LogSkinnedMeshComp: Warning: GetBoneTransform : BoneIndex(18) out of range of MasterBoneMap for CosmeticGrabpack
[2026.04.26-21.48.54:748][178]LogActorComponent: RegisterComponentWithWorld: (/Engine/Transient.World_1:PersistentLevel.DESTROYED_GrabPack_C_CHILDACTOR_7.DefaultSceneRoot) Trying to register component with IsPendingKill() == true. Aborting.
[2026.04.26-21.48.54:748][178]LogActorComponent: RegisterComponentWithWorld: (/Engine/Transient.World_1:PersistentLevel.DESTROYED_GrabPack_C_CHILDACTOR_6.DefaultSceneRoot) Trying to register component with IsPendingKill() == true. Aborting.
[2026.04.26-21.48.55:993][237]Cmd: OBJ SAVEPACKAGE PACKAGE="/Game/Items/Cosmetics/BP_Cont/GrabPack" FILE="../../../../../../LastStep/PROJECT-LAST-STEP/Playtime_Multiplayer/Content/Items/Cosmetics/BP_Cont/GrabPack.uasset" SILENT=true
[2026.04.26-21.48.56:062][237]LogSavePackage: Moving '../../../../../../LastStep/PROJECT-LAST-STEP/Playtime_Multiplayer/Saved/GrabPackE194650644ED35427E82D5AE345C89F1.tmp' to '../../../../../../LastStep/PROJECT-LAST-STEP/Playtime_Multiplayer/Content/Items/Cosmetics/BP_Cont/GrabPack.uasset'
[2026.04.26-21.48.56:116][237]AssetCheck: New page: Asset Save: GrabPack
[2026.04.26-21.48.56:116][237]LogContentValidation: Display: Validating Blueprint /Game/Items/Cosmetics/BP_Cont/GrabPack.GrabPack
[2026.04.26-21.48.57:969][333]LogSkinnedMeshComp: Warning: GetBoneTransform : BoneIndex(18) out of range of MasterBoneMap for CosmeticGrabpack
[2026.04.26-21.48.57:970][333]LogActorComponent: RegisterComponentWithWorld: (/Engine/Transient.World_22:PersistentLevel.DESTROYED_GrabPack_C_CHILDACTOR_5.DefaultSceneRoot) Trying to register component with IsPendingKill() == true. Aborting.
[2026.04.26-21.48.57:978][333]LogSkinnedMeshComp: Warning: GetBoneTransform : BoneIndex(18) out of range of MasterBoneMap for CosmeticGrabpack
[2026.04.26-21.48.57:982][333]LogSkinnedMeshComp: Warning: GetBoneTransform : BoneIndex(18) out of range of MasterBoneMap for CosmeticGrabpack
[2026.04.26-21.48.57:988][333]LogActorComponent: RegisterComponentWithWorld: (/Engine/Transient.World_1:PersistentLevel.DESTROYED_GrabPack_C_CHILDACTOR_11.DefaultSceneRoot) Trying to register component with IsPendingKill() == true. Aborting.
[2026.04.26-21.48.57:988][333]LogActorComponent: RegisterComponentWithWorld: (/Engine/Transient.World_1:PersistentLevel.DESTROYED_GrabPack_C_CHILDACTOR_10.DefaultSceneRoot) Trying to register component with IsPendingKill() == true. Aborting.
[2026.04.26-21.49.47:603][  3]LogSkinnedMeshComp: Warning: GetBoneTransform : BoneIndex(18) out of range of MasterBoneMap for CosmeticGrabpack
[2026.04.26-21.49.47:604][  3]LogActorComponent: RegisterComponentWithWorld: (/Engine/Transient.World_22:PersistentLevel.DESTROYED_GrabPack_C_CHILDACTOR_7.DefaultSceneRoot) Trying to register component with IsPendingKill() == true. Aborting.
[2026.04.26-21.49.47:613][  3]LogSkinnedMeshComp: Warning: GetBoneTransform : BoneIndex(18) out of range of MasterBoneMap for CosmeticGrabpack
[2026.04.26-21.49.47:616][  3]LogSkinnedMeshComp: Warning: GetBoneTransform : BoneIndex(18) out of range of MasterBoneMap for CosmeticGrabpack
[2026.04.26-21.49.47:622][  3]LogActorComponent: RegisterComponentWithWorld: (/Engine/Transient.World_1:PersistentLevel.DESTROYED_GrabPack_C_CHILDACTOR_15.DefaultSceneRoot) Trying to register component with IsPendingKill() == true. Aborting.
[2026.04.26-21.49.47:622][  3]LogActorComponent: RegisterComponentWithWorld: (/Engine/Transient.World_1:PersistentLevel.DESTROYED_GrabPack_C_CHILDACTOR_14.DefaultSceneRoot) Trying to register component with IsPendingKill() == true. Aborting.
[2026.04.26-21.49.49:312][ 82]BlueprintLog: New page: Compile GrabPack
[2026.04.26-21.49.49:503][ 82]LogUObjectHash: Compacting FUObjectHashTables data took   7.51ms
[2026.04.26-21.49.49:519][ 82]LogSkinnedMeshComp: Warning: GetBoneTransform : BoneIndex(18) out of range of MasterBoneMap for CosmeticGrabpack
[2026.04.26-21.49.49:521][ 82]LogActorComponent: RegisterComponentWithWorld: (/Engine/Transient.World_22:PersistentLevel.DESTROYED_GrabPack_C_CHILDACTOR_9.DefaultSceneRoot) Trying to register component with IsPendingKill() == true. Aborting.
[2026.04.26-21.49.49:528][ 82]LogSkinnedMeshComp: Warning: GetBoneTransform : BoneIndex(18) out of range of MasterBoneMap for CosmeticGrabpack
[2026.04.26-21.49.49:532][ 82]LogSkinnedMeshComp: Warning: GetBoneTransform : BoneIndex(18) out of range of MasterBoneMap for CosmeticGrabpack
[2026.04.26-21.49.49:537][ 82]LogActorComponent: RegisterComponentWithWorld: (/Engine/Transient.World_1:PersistentLevel.DESTROYED_GrabPack_C_CHILDACTOR_19.DefaultSceneRoot) Trying to register component with IsPendingKill() == true. Aborting.
[2026.04.26-21.49.49:537][ 82]LogActorComponent: RegisterComponentWithWorld: (/Engine/Transient.World_1:PersistentLevel.DESTROYED_GrabPack_C_CHILDACTOR_18.DefaultSceneRoot) Trying to register component with IsPendingKill() == true. Aborting.
[2026.04.26-21.49.49:553][ 82]LogSkinnedMeshComp: Warning: GetBoneTransform : BoneIndex(18) out of range of MasterBoneMap for CosmeticGrabpack
[2026.04.26-21.49.49:555][ 82]LogActorComponent: RegisterComponentWithWorld: (/Engine/Transient.World_22:PersistentLevel.DESTROYED_GrabPack_C_CHILDACTOR_11.DefaultSceneRoot) Trying to register component with IsPendingKill() == true. Aborting.
[2026.04.26-21.49.49:562][ 82]LogSkinnedMeshComp: Warning: GetBoneTransform : BoneIndex(18) out of range of MasterBoneMap for CosmeticGrabpack
[2026.04.26-21.49.49:565][ 82]LogSkinnedMeshComp: Warning: GetBoneTransform : BoneIndex(18) out of range of MasterBoneMap for CosmeticGrabpack
[2026.04.26-21.49.49:570][ 82]LogActorComponent: RegisterComponentWithWorld: (/Engine/Transient.World_1:PersistentLevel.DESTROYED_GrabPack_C_CHILDACTOR_23.DefaultSceneRoot) Trying to register component with IsPendingKill() == true. Aborting.
[2026.04.26-21.49.49:570][ 82]LogActorComponent: RegisterComponentWithWorld: (/Engine/Transient.World_1:PersistentLevel.DESTROYED_GrabPack_C_CHILDACTOR_22.DefaultSceneRoot) Trying to register component with IsPendingKill() == true. Aborting.
[2026.04.26-21.49.50:186][108]Cmd: OBJ SAVEPACKAGE PACKAGE="/Game/Items/Cosmetics/BP_Cont/GrabPack" FILE="../../../../../../LastStep/PROJECT-LAST-STEP/Playtime_Multiplayer/Content/Items/Cosmetics/BP_Cont/GrabPack.uasset" SILENT=true
[2026.04.26-21.49.50:233][108]LogSavePackage: Moving '../../../../../../LastStep/PROJECT-LAST-STEP/Playtime_Multiplayer/Saved/GrabPack75F545864A94C293DCCACF864F60B1F3.tmp' to '../../../../../../LastStep/PROJECT-LAST-STEP/Playtime_Multiplayer/Content/Items/Cosmetics/BP_Cont/GrabPack.uasset'
[2026.04.26-21.49.50:272][108]AssetCheck: New page: Asset Save: GrabPack
[2026.04.26-21.49.50:272][108]LogContentValidation: Display: Validating Blueprint /Game/Items/Cosmetics/BP_Cont/GrabPack.GrabPack
[2026.04.26-21.50.07:578][949]LogSkinnedMeshComp: Warning: GetBoneTransform : BoneIndex(18) out of range of MasterBoneMap for CosmeticGrabpack
[2026.04.26-21.50.07:579][949]LogActorComponent: RegisterComponentWithWorld: (/Engine/Transient.World_22:PersistentLevel.DESTROYED_GrabPack_C_CHILDACTOR_13.DefaultSceneRoot) Trying to register component with IsPendingKill() == true. Aborting.
[2026.04.26-21.50.07:586][949]LogSkinnedMeshComp: Warning: GetBoneTransform : BoneIndex(18) out of range of MasterBoneMap for CosmeticGrabpack
[2026.04.26-21.50.07:589][949]LogSkinnedMeshComp: Warning: GetBoneTransform : BoneIndex(18) out of range of MasterBoneMap for CosmeticGrabpack
[2026.04.26-21.50.07:594][949]LogActorComponent: RegisterComponentWithWorld: (/Engine/Transient.World_1:PersistentLevel.DESTROYED_GrabPack_C_CHILDACTOR_27.DefaultSceneRoot) Trying to register component with IsPendingKill() == true. Aborting.
[2026.04.26-21.50.07:594][949]LogActorComponent: RegisterComponentWithWorld: (/Engine/Transient.World_1:PersistentLevel.DESTROYED_GrabPack_C_CHILDACTOR_26.DefaultSceneRoot) Trying to register component with IsPendingKill() == true. Aborting.
[2026.04.26-21.50.09:498][ 45]BlueprintLog: New page: Compile GrabPack
[2026.04.26-21.50.09:639][ 45]LogUObjectHash: Compacting FUObjectHashTables data took   6.99ms
[2026.04.26-21.50.09:652][ 45]LogSkinnedMeshComp: Warning: GetBoneTransform : BoneIndex(18) out of range of MasterBoneMap for CosmeticGrabpack
[2026.04.26-21.50.09:653][ 45]LogActorComponent: RegisterComponentWithWorld: (/Engine/Transient.World_22:PersistentLevel.DESTROYED_GrabPack_C_CHILDACTOR_15.DefaultSceneRoot) Trying to register component with IsPendingKill() == true. Aborting.
[2026.04.26-21.50.09:658][ 45]LogSkinnedMeshComp: Warning: GetBoneTransform : BoneIndex(18) out of range of MasterBoneMap for CosmeticGrabpack
[2026.04.26-21.50.09:662][ 45]LogSkinnedMeshComp: Warning: GetBoneTransform : BoneIndex(18) out of range of MasterBoneMap for CosmeticGrabpack
[2026.04.26-21.50.09:665][ 45]LogActorComponent: RegisterComponentWithWorld: (/Engine/Transient.World_1:PersistentLevel.DESTROYED_GrabPack_C_CHILDACTOR_31.DefaultSceneRoot) Trying to register component with IsPendingKill() == true. Aborting.
[2026.04.26-21.50.09:665][ 45]LogActorComponent: RegisterComponentWithWorld: (/Engine/Transient.World_1:PersistentLevel.DESTROYED_GrabPack_C_CHILDACTOR_30.DefaultSceneRoot) Trying to register component with IsPendingKill() == true. Aborting.
[2026.04.26-21.50.09:684][ 45]LogSkinnedMeshComp: Warning: GetBoneTransform : BoneIndex(18) out of range of MasterBoneMap for CosmeticGrabpack
[2026.04.26-21.50.09:684][ 45]LogActorComponent: RegisterComponentWithWorld: (/Engine/Transient.World_22:PersistentLevel.DESTROYED_GrabPack_C_CHILDACTOR_17.DefaultSceneRoot) Trying to register component with IsPendingKill() == true. Aborting.
[2026.04.26-21.50.09:690][ 45]LogSkinnedMeshComp: Warning: GetBoneTransform : BoneIndex(18) out of range of MasterBoneMap for CosmeticGrabpack
[2026.04.26-21.50.09:694][ 45]LogSkinnedMeshComp: Warning: GetBoneTransform : BoneIndex(18) out of range of MasterBoneMap for CosmeticGrabpack
[2026.04.26-21.50.09:698][ 45]LogActorComponent: RegisterComponentWithWorld: (/Engine/Transient.World_1:PersistentLevel.DESTROYED_GrabPack_C_CHILDACTOR_35.DefaultSceneRoot) Trying to register component with IsPendingKill() == true. Aborting.
[2026.04.26-21.50.09:698][ 45]LogActorComponent: RegisterComponentWithWorld: (/Engine/Transient.World_1:PersistentLevel.DESTROYED_GrabPack_C_CHILDACTOR_34.DefaultSceneRoot) Trying to register component with IsPendingKill() == true. Aborting.
[2026.04.26-21.50.11:305][111]Cmd: OBJ SAVEPACKAGE PACKAGE="/Game/Items/Cosmetics/BP_Cont/GrabPack" FILE="../../../../../../LastStep/PROJECT-LAST-STEP/Playtime_Multiplayer/Content/Items/Cosmetics/BP_Cont/GrabPack.uasset" SILENT=true
[2026.04.26-21.50.11:365][111]LogSavePackage: Moving '../../../../../../LastStep/PROJECT-LAST-STEP/Playtime_Multiplayer/Saved/GrabPack92E0E78B4C8ABD7EFC06038C2BAE0492.tmp' to '../../../../../../LastStep/PROJECT-LAST-STEP/Playtime_Multiplayer/Content/Items/Cosmetics/BP_Cont/GrabPack.uasset'
[2026.04.26-21.50.11:413][111]AssetCheck: New page: Asset Save: GrabPack
[2026.04.26-21.50.11:413][111]LogContentValidation: Display: Validating Blueprint /Game/Items/Cosmetics/BP_Cont/GrabPack.GrabPack
[2026.04.26-21.50.13:739][225]LogSkinnedMeshComp: Warning: GetBoneTransform : BoneIndex(18) out of range of MasterBoneMap for CosmeticGrabpack
[2026.04.26-21.50.13:740][225]LogActorComponent: RegisterComponentWithWorld: (/Engine/Transient.World_22:PersistentLevel.DESTROYED_GrabPack_C_CHILDACTOR_19.DefaultSceneRoot) Trying to register component with IsPendingKill() == true. Aborting.
[2026.04.26-21.50.13:748][225]LogSkinnedMeshComp: Warning: GetBoneTransform : BoneIndex(18) out of range of MasterBoneMap for CosmeticGrabpack
[2026.04.26-21.50.13:752][225]LogSkinnedMeshComp: Warning: GetBoneTransform : BoneIndex(18) out of range of MasterBoneMap for CosmeticGrabpack
[2026.04.26-21.50.13:756][225]LogActorComponent: RegisterComponentWithWorld: (/Engine/Transient.World_1:PersistentLevel.DESTROYED_GrabPack_C_CHILDACTOR_39.DefaultSceneRoot) Trying to register component with IsPendingKill() == true. Aborting.
[2026.04.26-21.50.13:758][225]LogActorComponent: RegisterComponentWithWorld: (/Engine/Transient.World_1:PersistentLevel.DESTROYED_GrabPack_C_CHILDACTOR_38.DefaultSceneRoot) Trying to register component with IsPendingKill() == true. Aborting.
[2026.04.26-21.50.25:518][860]LogSkinnedMeshComp: Warning: GetBoneTransform : BoneIndex(18) out of range of MasterBoneMap for CosmeticGrabpack
[2026.04.26-21.50.25:518][860]LogActorComponent: RegisterComponentWithWorld: (/Engine/Transient.World_22:PersistentLevel.DESTROYED_GrabPack_C_CHILDACTOR_21.DefaultSceneRoot) Trying to register component with IsPendingKill() == true. Aborting.
[2026.04.26-21.50.25:526][860]LogSkinnedMeshComp: Warning: GetBoneTransform : BoneIndex(18) out of range of MasterBoneMap for CosmeticGrabpack
[2026.04.26-21.50.25:530][860]LogSkinnedMeshComp: Warning: GetBoneTransform : BoneIndex(18) out of range of MasterBoneMap for CosmeticGrabpack
[2026.04.26-21.50.25:535][860]LogActorComponent: RegisterComponentWithWorld: (/Engine/Transient.World_1:PersistentLevel.DESTROYED_GrabPack_C_CHILDACTOR_43.DefaultSceneRoot) Trying to register component with IsPendingKill() == true. Aborting.
[2026.04.26-21.50.25:535][860]LogActorComponent: RegisterComponentWithWorld: (/Engine/Transient.World_1:PersistentLevel.DESTROYED_GrabPack_C_CHILDACTOR_42.DefaultSceneRoot) Trying to register component with IsPendingKill() == true. Aborting.
[2026.04.26-21.50.35:813][403]LogSkinnedMeshComp: Warning: GetBoneTransform : BoneIndex(18) out of range of MasterBoneMap for CosmeticGrabpack
[2026.04.26-21.50.35:815][403]LogActorComponent: RegisterComponentWithWorld: (/Engine/Transient.World_22:PersistentLevel.DESTROYED_GrabPack_C_CHILDACTOR_23.DefaultSceneRoot) Trying to register component with IsPendingKill() == true. Aborting.
[2026.04.26-21.50.35:823][403]LogSkinnedMeshComp: Warning: GetBoneTransform : BoneIndex(18) out of range of MasterBoneMap for CosmeticGrabpack
[2026.04.26-21.50.35:829][403]LogSkinnedMeshComp: Warning: GetBoneTransform : BoneIndex(18) out of range of MasterBoneMap for CosmeticGrabpack
[2026.04.26-21.50.35:834][403]LogActorComponent: RegisterComponentWithWorld: (/Engine/Transient.World_1:PersistentLevel.DESTROYED_GrabPack_C_CHILDACTOR_47.DefaultSceneRoot) Trying to register component with IsPendingKill() == true. Aborting.
[2026.04.26-21.50.35:834][403]LogActorComponent: RegisterComponentWithWorld: (/Engine/Transient.World_1:PersistentLevel.DESTROYED_GrabPack_C_CHILDACTOR_46.DefaultSceneRoot) Trying to register component with IsPendingKill() == true. Aborting.
[2026.04.26-21.50.37:979][508]BlueprintLog: New page: Compile GrabPack
[2026.04.26-21.50.38:134][508]LogUObjectHash: Compacting FUObjectHashTables data took   5.83ms
[2026.04.26-21.50.38:149][508]LogSkinnedMeshComp: Warning: GetBoneTransform : BoneIndex(18) out of range of MasterBoneMap for CosmeticGrabpack
[2026.04.26-21.50.38:151][508]LogActorComponent: RegisterComponentWithWorld: (/Engine/Transient.World_22:PersistentLevel.DESTROYED_GrabPack_C_CHILDACTOR_25.DefaultSceneRoot) Trying to register component with IsPendingKill() == true. Aborting.
[2026.04.26-21.50.38:158][508]LogSkinnedMeshComp: Warning: GetBoneTransform : BoneIndex(18) out of range of MasterBoneMap for CosmeticGrabpack
[2026.04.26-21.50.38:163][508]LogSkinnedMeshComp: Warning: GetBoneTransform : BoneIndex(18) out of range of MasterBoneMap for CosmeticGrabpack
[2026.04.26-21.50.38:167][508]LogActorComponent: RegisterComponentWithWorld: (/Engine/Transient.World_1:PersistentLevel.DESTROYED_GrabPack_C_CHILDACTOR_51.DefaultSceneRoot) Trying to register component with IsPendingKill() == true. Aborting.
[2026.04.26-21.50.38:167][508]LogActorComponent: RegisterComponentWithWorld: (/Engine/Transient.World_1:PersistentLevel.DESTROYED_GrabPack_C_CHILDACTOR_50.DefaultSceneRoot) Trying to register component with IsPendingKill() == true. Aborting.
[2026.04.26-21.50.38:183][508]LogSkinnedMeshComp: Warning: GetBoneTransform : BoneIndex(18) out of range of MasterBoneMap for CosmeticGrabpack
[2026.04.26-21.50.38:185][508]LogActorComponent: RegisterComponentWithWorld: (/Engine/Transient.World_22:PersistentLevel.DESTROYED_GrabPack_C_CHILDACTOR_27.DefaultSceneRoot) Trying to register component with IsPendingKill() == true. Aborting.
[2026.04.26-21.50.38:192][508]LogSkinnedMeshComp: Warning: GetBoneTransform : BoneIndex(18) out of range of MasterBoneMap for CosmeticGrabpack
[2026.04.26-21.50.38:195][508]LogSkinnedMeshComp: Warning: GetBoneTransform : BoneIndex(18) out of range of MasterBoneMap for CosmeticGrabpack
[2026.04.26-21.50.38:200][508]LogActorComponent: RegisterComponentWithWorld: (/Engine/Transient.World_1:PersistentLevel.DESTROYED_GrabPack_C_CHILDACTOR_55.DefaultSceneRoot) Trying to register component with IsPendingKill() == true. Aborting.
[2026.04.26-21.50.38:200][508]LogActorComponent: RegisterComponentWithWorld: (/Engine/Transient.World_1:PersistentLevel.DESTROYED_GrabPack_C_CHILDACTOR_54.DefaultSceneRoot) Trying to register component with IsPendingKill() == true. Aborting.
[2026.04.26-21.50.40:337][611]LogSkinnedMeshComp: Warning: GetBoneTransform : BoneIndex(18) out of range of MasterBoneMap for CosmeticGrabpack
[2026.04.26-21.50.40:339][611]LogActorComponent: RegisterComponentWithWorld: (/Engine/Transient.World_22:PersistentLevel.DESTROYED_GrabPack_C_CHILDACTOR_29.DefaultSceneRoot) Trying to register component with IsPendingKill() == true. Aborting.
[2026.04.26-21.50.40:346][611]LogSkinnedMeshComp: Warning: GetBoneTransform : BoneIndex(18) out of range of MasterBoneMap for CosmeticGrabpack
[2026.04.26-21.50.40:349][611]LogSkinnedMeshComp: Warning: GetBoneTransform : BoneIndex(18) out of range of MasterBoneMap for CosmeticGrabpack
[2026.04.26-21.50.40:353][611]LogActorComponent: RegisterComponentWithWorld: (/Engine/Transient.World_1:PersistentLevel.DESTROYED_GrabPack_C_CHILDACTOR_59.DefaultSceneRoot) Trying to register component with IsPendingKill() == true. Aborting.
[2026.04.26-21.50.40:353][611]LogActorComponent: RegisterComponentWithWorld: (/Engine/Transient.World_1:PersistentLevel.DESTROYED_GrabPack_C_CHILDACTOR_58.DefaultSceneRoot) Trying to register component with IsPendingKill() == true. Aborting.
[2026.04.26-21.50.41:147][647]BlueprintLog: New page: Compile GrabPack
[2026.04.26-21.50.41:297][647]LogUObjectHash: Compacting FUObjectHashTables data took   5.99ms
[2026.04.26-21.50.41:318][647]LogSkinnedMeshComp: Warning: GetBoneTransform : BoneIndex(18) out of range of MasterBoneMap for CosmeticGrabpack
[2026.04.26-21.50.41:320][647]LogActorComponent: RegisterComponentWithWorld: (/Engine/Transient.World_22:PersistentLevel.DESTROYED_GrabPack_C_CHILDACTOR_31.DefaultSceneRoot) Trying to register component with IsPendingKill() == true. Aborting.
[2026.04.26-21.50.41:327][647]LogSkinnedMeshComp: Warning: GetBoneTransform : BoneIndex(18) out of range of MasterBoneMap for CosmeticGrabpack
[2026.04.26-21.50.41:332][647]LogSkinnedMeshComp: Warning: GetBoneTransform : BoneIndex(18) out of range of MasterBoneMap for CosmeticGrabpack
[2026.04.26-21.50.41:336][647]LogActorComponent: RegisterComponentWithWorld: (/Engine/Transient.World_1:PersistentLevel.DESTROYED_GrabPack_C_CHILDACTOR_63.DefaultSceneRoot) Trying to register component with IsPendingKill() == true. Aborting.
[2026.04.26-21.50.41:336][647]LogActorComponent: RegisterComponentWithWorld: (/Engine/Transient.World_1:PersistentLevel.DESTROYED_GrabPack_C_CHILDACTOR_62.DefaultSceneRoot) Trying to register component with IsPendingKill() == true. Aborting.
[2026.04.26-21.50.41:350][647]LogSkinnedMeshComp: Warning: GetBoneTransform : BoneIndex(18) out of range of MasterBoneMap for CosmeticGrabpack
[2026.04.26-21.50.41:351][647]LogActorComponent: RegisterComponentWithWorld: (/Engine/Transient.World_22:PersistentLevel.DESTROYED_GrabPack_C_CHILDACTOR_33.DefaultSceneRoot) Trying to register component with IsPendingKill() == true. Aborting.
[2026.04.26-21.50.41:358][647]LogSkinnedMeshComp: Warning: GetBoneTransform : BoneIndex(18) out of range of MasterBoneMap for CosmeticGrabpack
[2026.04.26-21.50.41:362][647]LogSkinnedMeshComp: Warning: GetBoneTransform : BoneIndex(18) out of range of MasterBoneMap for CosmeticGrabpack
[2026.04.26-21.50.41:366][647]LogActorComponent: RegisterComponentWithWorld: (/Engine/Transient.World_1:PersistentLevel.DESTROYED_GrabPack_C_CHILDACTOR_67.DefaultSceneRoot) Trying to register component with IsPendingKill() == true. Aborting.
[2026.04.26-21.50.41:366][647]LogActorComponent: RegisterComponentWithWorld: (/Engine/Transient.World_1:PersistentLevel.DESTROYED_GrabPack_C_CHILDACTOR_66.DefaultSceneRoot) Trying to register component with IsPendingKill() == true. Aborting.
[2026.04.26-21.50.41:854][667]Cmd: OBJ SAVEPACKAGE PACKAGE="/Game/Items/Cosmetics/BP_Cont/GrabPack" FILE="../../../../../../LastStep/PROJECT-LAST-STEP/Playtime_Multiplayer/Content/Items/Cosmetics/BP_Cont/GrabPack.uasset" SILENT=true
[2026.04.26-21.50.41:891][667]LogSavePackage: Moving '../../../../../../LastStep/PROJECT-LAST-STEP/Playtime_Multiplayer/Saved/GrabPack3FEDF5D14A757129BD77EBBCB1078AD7.tmp' to '../../../../../../LastStep/PROJECT-LAST-STEP/Playtime_Multiplayer/Content/Items/Cosmetics/BP_Cont/GrabPack.uasset'
[2026.04.26-21.50.41:923][667]AssetCheck: New page: Asset Save: GrabPack
[2026.04.26-21.50.41:924][667]LogContentValidation: Display: Validating Blueprint /Game/Items/Cosmetics/BP_Cont/GrabPack.GrabPack
[2026.04.26-21.50.52:284][205]LogSkinnedMeshComp: Warning: GetBoneTransform : BoneIndex(18) out of range of MasterBoneMap for CosmeticGrabpack
[2026.04.26-21.50.52:285][205]LogActorComponent: RegisterComponentWithWorld: (/Engine/Transient.World_22:PersistentLevel.DESTROYED_GrabPack_C_CHILDACTOR_35.DefaultSceneRoot) Trying to register component with IsPendingKill() == true. Aborting.
[2026.04.26-21.50.52:290][205]LogSkinnedMeshComp: Warning: GetBoneTransform : BoneIndex(18) out of range of MasterBoneMap for CosmeticGrabpack
[2026.04.26-21.50.52:295][205]LogSkinnedMeshComp: Warning: GetBoneTransform : BoneIndex(18) out of range of MasterBoneMap for CosmeticGrabpack
[2026.04.26-21.50.52:299][205]LogActorComponent: RegisterComponentWithWorld: (/Engine/Transient.World_1:PersistentLevel.DESTROYED_GrabPack_C_CHILDACTOR_71.DefaultSceneRoot) Trying to register component with IsPendingKill() == true. Aborting.
[2026.04.26-21.50.52:299][205]LogActorComponent: RegisterComponentWithWorld: (/Engine/Transient.World_1:PersistentLevel.DESTROYED_GrabPack_C_CHILDACTOR_70.DefaultSceneRoot) Trying to register component with IsPendingKill() == true. Aborting.
[2026.04.26-21.50.52:311][205]LogSkinnedMeshComp: Warning: GetBoneTransform : BoneIndex(18) out of range of MasterBoneMap for CosmeticGrabpack
[2026.04.26-21.50.52:312][205]LogActorComponent: RegisterComponentWithWorld: (/Engine/Transient.World_22:PersistentLevel.DESTROYED_GrabPack_C_CHILDACTOR_37.DefaultSceneRoot) Trying to register component with IsPendingKill() == true. Aborting.
[2026.04.26-21.50.52:319][205]LogSkinnedMeshComp: Warning: GetBoneTransform : BoneIndex(18) out of range of MasterBoneMap for CosmeticGrabpack
[2026.04.26-21.50.52:322][205]LogSkinnedMeshComp: Warning: GetBoneTransform : BoneIndex(18) out of range of MasterBoneMap for CosmeticGrabpack
[2026.04.26-21.50.52:328][205]LogActorComponent: RegisterComponentWithWorld: (/Engine/Transient.World_1:PersistentLevel.DESTROYED_GrabPack_C_CHILDACTOR_75.DefaultSceneRoot) Trying to register component with IsPendingKill() == true. Aborting.
[2026.04.26-21.50.52:328][205]LogActorComponent: RegisterComponentWithWorld: (/Engine/Transient.World_1:PersistentLevel.DESTROYED_GrabPack_C_CHILDACTOR_74.DefaultSceneRoot) Trying to register component with IsPendingKill() == true. Aborting.
[2026.04.26-21.50.53:255][248]LogSkinnedMeshComp: Warning: GetBoneTransform : BoneIndex(18) out of range of MasterBoneMap for CosmeticGrabpack
[2026.04.26-21.50.53:255][248]LogActorComponent: RegisterComponentWithWorld: (/Engine/Transient.World_22:PersistentLevel.DESTROYED_GrabPack_C_CHILDACTOR_39.DefaultSceneRoot) Trying to register component with IsPendingKill() == true. Aborting.
[2026.04.26-21.50.53:263][248]LogSkinnedMeshComp: Warning: GetBoneTransform : BoneIndex(18) out of range of MasterBoneMap for CosmeticGrabpack
[2026.04.26-21.50.53:266][248]LogSkinnedMeshComp: Warning: GetBoneTransform : BoneIndex(18) out of range of MasterBoneMap for CosmeticGrabpack
[2026.04.26-21.50.53:272][248]LogActorComponent: RegisterComponentWithWorld: (/Engine/Transient.World_1:PersistentLevel.DESTROYED_GrabPack_C_CHILDACTOR_79.DefaultSceneRoot) Trying to register component with IsPendingKill() == true. Aborting.
[2026.04.26-21.50.53:272][248]LogActorComponent: RegisterComponentWithWorld: (/Engine/Transient.World_1:PersistentLevel.DESTROYED_GrabPack_C_CHILDACTOR_78.DefaultSceneRoot) Trying to register component with IsPendingKill() == true. Aborting.
[2026.04.26-21.50.53:284][248]LogSkinnedMeshComp: Warning: GetBoneTransform : BoneIndex(18) out of range of MasterBoneMap for CosmeticGrabpack
[2026.04.26-21.50.53:285][248]LogActorComponent: RegisterComponentWithWorld: (/Engine/Transient.World_22:PersistentLevel.DESTROYED_GrabPack_C_CHILDACTOR_41.DefaultSceneRoot) Trying to register component with IsPendingKill() == true. Aborting.
[2026.04.26-21.50.53:292][248]LogSkinnedMeshComp: Warning: GetBoneTransform : BoneIndex(18) out of range of MasterBoneMap for CosmeticGrabpack
[2026.04.26-21.50.53:295][248]LogSkinnedMeshComp: Warning: GetBoneTransform : BoneIndex(18) out of range of MasterBoneMap for CosmeticGrabpack
[2026.04.26-21.50.53:301][248]LogActorComponent: RegisterComponentWithWorld: (/Engine/Transient.World_1:PersistentLevel.DESTROYED_GrabPack_C_CHILDACTOR_83.DefaultSceneRoot) Trying to register component with IsPendingKill() == true. Aborting.
[2026.04.26-21.50.53:301][248]LogActorComponent: RegisterComponentWithWorld: (/Engine/Transient.World_1:PersistentLevel.DESTROYED_GrabPack_C_CHILDACTOR_82.DefaultSceneRoot) Trying to register component with IsPendingKill() == true. Aborting.
[2026.04.26-21.50.54:574][304]LogSkinnedMeshComp: Warning: GetBoneTransform : BoneIndex(18) out of range of MasterBoneMap for CosmeticGrabpack
[2026.04.26-21.50.54:576][304]LogActorComponent: RegisterComponentWithWorld: (/Engine/Transient.World_22:PersistentLevel.DESTROYED_GrabPack_C_CHILDACTOR_43.DefaultSceneRoot) Trying to register component with IsPendingKill() == true. Aborting.
[2026.04.26-21.50.54:580][304]LogSkinnedMeshComp: Warning: GetBoneTransform : BoneIndex(18) out of range of MasterBoneMap for CosmeticGrabpack
[2026.04.26-21.50.54:584][304]LogSkinnedMeshComp: Warning: GetBoneTransform : BoneIndex(18) out of range of MasterBoneMap for CosmeticGrabpack
[2026.04.26-21.50.54:589][304]LogActorComponent: RegisterComponentWithWorld: (/Engine/Transient.World_1:PersistentLevel.DESTROYED_GrabPack_C_CHILDACTOR_87.DefaultSceneRoot) Trying to register component with IsPendingKill() == true. Aborting.
[2026.04.26-21.50.54:589][304]LogActorComponent: RegisterComponentWithWorld: (/Engine/Transient.World_1:PersistentLevel.DESTROYED_GrabPack_C_CHILDACTOR_86.DefaultSceneRoot) Trying to register component with IsPendingKill() == true. Aborting.
[2026.04.26-21.50.54:599][304]LogSkinnedMeshComp: Warning: GetBoneTransform : BoneIndex(18) out of range of MasterBoneMap for CosmeticGrabpack
[2026.04.26-21.50.54:600][304]LogActorComponent: RegisterComponentWithWorld: (/Engine/Transient.World_22:PersistentLevel.DESTROYED_GrabPack_C_CHILDACTOR_45.DefaultSceneRoot) Trying to register component with IsPendingKill() == true. Aborting.
[2026.04.26-21.50.54:614][304]LogSkinnedMeshComp: Warning: GetBoneTransform : BoneIndex(18) out of range of MasterBoneMap for CosmeticGrabpack
[2026.04.26-21.50.54:616][304]LogSkinnedMeshComp: Warning: GetBoneTransform : BoneIndex(18) out of range of MasterBoneMap for CosmeticGrabpack
[2026.04.26-21.50.54:621][304]LogActorComponent: RegisterComponentWithWorld: (/Engine/Transient.World_1:PersistentLevel.DESTROYED_GrabPack_C_CHILDACTOR_91.DefaultSceneRoot) Trying to register component with IsPendingKill() == true. Aborting.
[2026.04.26-21.50.54:621][304]LogActorComponent: RegisterComponentWithWorld: (/Engine/Transient.World_1:PersistentLevel.DESTROYED_GrabPack_C_CHILDACTOR_90.DefaultSceneRoot) Trying to register component with IsPendingKill() == true. Aborting.
[2026.04.26-21.51.03:566][748]LogSkinnedMeshComp: Warning: GetBoneTransform : BoneIndex(18) out of range of MasterBoneMap for CosmeticGrabpack
[2026.04.26-21.51.03:567][748]LogActorComponent: RegisterComponentWithWorld: (/Engine/Transient.World_22:PersistentLevel.DESTROYED_GrabPack_C_CHILDACTOR_47.DefaultSceneRoot) Trying to register component with IsPendingKill() == true. Aborting.
[2026.04.26-21.51.03:572][748]LogSkinnedMeshComp: Warning: GetBoneTransform : BoneIndex(18) out of range of MasterBoneMap for CosmeticGrabpack
[2026.04.26-21.51.03:576][748]LogSkinnedMeshComp: Warning: GetBoneTransform : BoneIndex(18) out of range of MasterBoneMap for CosmeticGrabpack
[2026.04.26-21.51.03:580][748]LogActorComponent: RegisterComponentWithWorld: (/Engine/Transient.World_1:PersistentLevel.DESTROYED_GrabPack_C_CHILDACTOR_95.DefaultSceneRoot) Trying to register component with IsPendingKill() == true. Aborting.
[2026.04.26-21.51.03:581][748]LogActorComponent: RegisterComponentWithWorld: (/Engine/Transient.World_1:PersistentLevel.DESTROYED_GrabPack_C_CHILDACTOR_94.DefaultSceneRoot) Trying to register component with IsPendingKill() == true. Aborting.
[2026.04.26-21.51.03:592][748]LogSkinnedMeshComp: Warning: GetBoneTransform : BoneIndex(18) out of range of MasterBoneMap for CosmeticGrabpack
[2026.04.26-21.51.03:593][748]LogActorComponent: RegisterComponentWithWorld: (/Engine/Transient.World_22:PersistentLevel.DESTROYED_GrabPack_C_CHILDACTOR_49.DefaultSceneRoot) Trying to register component with IsPendingKill() == true. Aborting.
[2026.04.26-21.51.03:600][748]LogSkinnedMeshComp: Warning: GetBoneTransform : BoneIndex(18) out of range of MasterBoneMap for CosmeticGrabpack
[2026.04.26-21.51.03:605][748]LogSkinnedMeshComp: Warning: GetBoneTransform : BoneIndex(18) out of range of MasterBoneMap for CosmeticGrabpack
[2026.04.26-21.51.03:611][748]LogActorComponent: RegisterComponentWithWorld: (/Engine/Transient.World_1:PersistentLevel.DESTROYED_GrabPack_C_CHILDACTOR_99.DefaultSceneRoot) Trying to register component with IsPendingKill() == true. Aborting.
[2026.04.26-21.51.03:611][748]LogActorComponent: RegisterComponentWithWorld: (/Engine/Transient.World_1:PersistentLevel.DESTROYED_GrabPack_C_CHILDACTOR_98.DefaultSceneRoot) Trying to register component with IsPendingKill() == true. Aborting.
[2026.04.26-21.51.07:286][921]LogSkinnedMeshComp: Warning: GetBoneTransform : BoneIndex(18) out of range of MasterBoneMap for CosmeticGrabpack
[2026.04.26-21.51.07:287][921]LogActorComponent: RegisterComponentWithWorld: (/Engine/Transient.World_22:PersistentLevel.DESTROYED_GrabPack_C_CHILDACTOR_51.DefaultSceneRoot) Trying to register component with IsPendingKill() == true. Aborting.
[2026.04.26-21.51.07:292][921]LogSkinnedMeshComp: Warning: GetBoneTransform : BoneIndex(18) out of range of MasterBoneMap for CosmeticGrabpack
[2026.04.26-21.51.07:295][921]LogSkinnedMeshComp: Warning: GetBoneTransform : BoneIndex(18) out of range of MasterBoneMap for CosmeticGrabpack
[2026.04.26-21.51.07:298][921]LogActorComponent: RegisterComponentWithWorld: (/Engine/Transient.World_1:PersistentLevel.DESTROYED_GrabPack_C_CHILDACTOR_103.DefaultSceneRoot) Trying to register component with IsPendingKill() == true. Aborting.
[2026.04.26-21.51.07:300][921]LogActorComponent: RegisterComponentWithWorld: (/Engine/Transient.World_1:PersistentLevel.DESTROYED_GrabPack_C_CHILDACTOR_102.DefaultSceneRoot) Trying to register component with IsPendingKill() == true. Aborting.
[2026.04.26-21.51.07:312][921]LogSkinnedMeshComp: Warning: GetBoneTransform : BoneIndex(18) out of range of MasterBoneMap for CosmeticGrabpack
[2026.04.26-21.51.07:313][921]LogActorComponent: RegisterComponentWithWorld: (/Engine/Transient.World_22:PersistentLevel.DESTROYED_GrabPack_C_CHILDACTOR_53.DefaultSceneRoot) Trying to register component with IsPendingKill() == true. Aborting.
[2026.04.26-21.51.07:319][921]LogSkinnedMeshComp: Warning: GetBoneTransform : BoneIndex(18) out of range of MasterBoneMap for CosmeticGrabpack
[2026.04.26-21.51.07:324][921]LogSkinnedMeshComp: Warning: GetBoneTransform : BoneIndex(18) out of range of MasterBoneMap for CosmeticGrabpack
[2026.04.26-21.51.07:329][921]LogActorComponent: RegisterComponentWithWorld: (/Engine/Transient.World_1:PersistentLevel.DESTROYED_GrabPack_C_CHILDACTOR_107.DefaultSceneRoot) Trying to register component with IsPendingKill() == true. Aborting.
[2026.04.26-21.51.07:329][921]LogActorComponent: RegisterComponentWithWorld: (/Engine/Transient.World_1:PersistentLevel.DESTROYED_GrabPack_C_CHILDACTOR_106.DefaultSceneRoot) Trying to register component with IsPendingKill() == true. Aborting.
[2026.04.26-21.51.11:939][139]LogSkinnedMeshComp: Warning: GetBoneTransform : BoneIndex(18) out of range of MasterBoneMap for CosmeticGrabpack
[2026.04.26-21.51.11:941][139]LogActorComponent: RegisterComponentWithWorld: (/Engine/Transient.World_22:PersistentLevel.DESTROYED_GrabPack_C_CHILDACTOR_55.DefaultSceneRoot) Trying to register component with IsPendingKill() == true. Aborting.
[2026.04.26-21.51.11:947][139]LogSkinnedMeshComp: Warning: GetBoneTransform : BoneIndex(18) out of range of MasterBoneMap for CosmeticGrabpack
[2026.04.26-21.51.11:952][139]LogSkinnedMeshComp: Warning: GetBoneTransform : BoneIndex(18) out of range of MasterBoneMap for CosmeticGrabpack
[2026.04.26-21.51.11:957][139]LogActorComponent: RegisterComponentWithWorld: (/Engine/Transient.World_1:PersistentLevel.DESTROYED_GrabPack_C_CHILDACTOR_111.DefaultSceneRoot) Trying to register component with IsPendingKill() == true. Aborting.
[2026.04.26-21.51.11:958][139]LogActorComponent: RegisterComponentWithWorld: (/Engine/Transient.World_1:PersistentLevel.DESTROYED_GrabPack_C_CHILDACTOR_110.DefaultSceneRoot) Trying to register component with IsPendingKill() == true. Aborting.
[2026.04.26-21.51.11:969][139]LogSkinnedMeshComp: Warning: GetBoneTransform : BoneIndex(18) out of range of MasterBoneMap for CosmeticGrabpack
[2026.04.26-21.51.11:970][139]LogActorComponent: RegisterComponentWithWorld: (/Engine/Transient.World_22:PersistentLevel.DESTROYED_GrabPack_C_CHILDACTOR_57.DefaultSceneRoot) Trying to register component with IsPendingKill() == true. Aborting.
[2026.04.26-21.51.11:977][139]LogSkinnedMeshComp: Warning: GetBoneTransform : BoneIndex(18) out of range of MasterBoneMap for CosmeticGrabpack
[2026.04.26-21.51.11:981][139]LogSkinnedMeshComp: Warning: GetBoneTransform : BoneIndex(18) out of range of MasterBoneMap for CosmeticGrabpack
[2026.04.26-21.51.11:985][139]LogActorComponent: RegisterComponentWithWorld: (/Engine/Transient.World_1:PersistentLevel.DESTROYED_GrabPack_C_CHILDACTOR_115.DefaultSceneRoot) Trying to register component with IsPendingKill() == true. Aborting.
[2026.04.26-21.51.11:985][139]LogActorComponent: RegisterComponentWithWorld: (/Engine/Transient.World_1:PersistentLevel.DESTROYED_GrabPack_C_CHILDACTOR_114.DefaultSceneRoot) Trying to register component with IsPendingKill() == true. Aborting.
[2026.04.26-21.51.17:286][413]LogSkinnedMeshComp: Warning: GetBoneTransform : BoneIndex(18) out of range of MasterBoneMap for CosmeticGrabpack
[2026.04.26-21.51.17:288][413]LogActorComponent: RegisterComponentWithWorld: (/Engine/Transient.World_22:PersistentLevel.DESTROYED_GrabPack_C_CHILDACTOR_59.DefaultSceneRoot) Trying to register component with IsPendingKill() == true. Aborting.
[2026.04.26-21.51.17:294][413]LogSkinnedMeshComp: Warning: GetBoneTransform : BoneIndex(18) out of range of MasterBoneMap for CosmeticGrabpack
[2026.04.26-21.51.17:300][413]LogSkinnedMeshComp: Warning: GetBoneTransform : BoneIndex(18) out of range of MasterBoneMap for CosmeticGrabpack
[2026.04.26-21.51.17:305][413]LogActorComponent: RegisterComponentWithWorld: (/Engine/Transient.World_1:PersistentLevel.DESTROYED_GrabPack_C_CHILDACTOR_119.DefaultSceneRoot) Trying to register component with IsPendingKill() == true. Aborting.
[2026.04.26-21.51.17:306][413]LogActorComponent: RegisterComponentWithWorld: (/Engine/Transient.World_1:PersistentLevel.DESTROYED_GrabPack_C_CHILDACTOR_118.DefaultSceneRoot) Trying to register component with IsPendingKill() == true. Aborting.
[2026.04.26-21.51.17:332][413]LogSkinnedMeshComp: Warning: GetBoneTransform : BoneIndex(18) out of range of MasterBoneMap for CosmeticGrabpack
[2026.04.26-21.51.17:332][413]LogActorComponent: RegisterComponentWithWorld: (/Engine/Transient.World_22:PersistentLevel.DESTROYED_GrabPack_C_CHILDACTOR_61.DefaultSceneRoot) Trying to register component with IsPendingKill() == true. Aborting.
[2026.04.26-21.51.17:338][413]LogSkinnedMeshComp: Warning: GetBoneTransform : BoneIndex(18) out of range of MasterBoneMap for CosmeticGrabpack
[2026.04.26-21.51.17:342][413]LogSkinnedMeshComp: Warning: GetBoneTransform : BoneIndex(18) out of range of MasterBoneMap for CosmeticGrabpack
[2026.04.26-21.51.17:345][413]LogActorComponent: RegisterComponentWithWorld: (/Engine/Transient.World_1:PersistentLevel.DESTROYED_GrabPack_C_CHILDACTOR_123.DefaultSceneRoot) Trying to register component with IsPendingKill() == true. Aborting.
[2026.04.26-21.51.17:347][413]LogActorComponent: RegisterComponentWithWorld: (/Engine/Transient.World_1:PersistentLevel.DESTROYED_GrabPack_C_CHILDACTOR_122.DefaultSceneRoot) Trying to register component with IsPendingKill() == true. Aborting.
[2026.04.26-21.51.17:375][413]LogSkinnedMeshComp: Warning: GetBoneTransform : BoneIndex(18) out of range of MasterBoneMap for CosmeticGrabpack
[2026.04.26-21.51.17:376][413]LogActorComponent: RegisterComponentWithWorld: (/Engine/Transient.World_22:PersistentLevel.DESTROYED_GrabPack_C_CHILDACTOR_63.DefaultSceneRoot) Trying to register component with IsPendingKill() == true. Aborting.
[2026.04.26-21.51.17:380][413]LogSkinnedMeshComp: Warning: GetBoneTransform : BoneIndex(18) out of range of MasterBoneMap for CosmeticGrabpack
[2026.04.26-21.51.17:383][413]LogSkinnedMeshComp: Warning: GetBoneTransform : BoneIndex(18) out of range of MasterBoneMap for CosmeticGrabpack
[2026.04.26-21.51.17:388][413]LogActorComponent: RegisterComponentWithWorld: (/Engine/Transient.World_1:PersistentLevel.DESTROYED_GrabPack_C_CHILDACTOR_127.DefaultSceneRoot) Trying to register component with IsPendingKill() == true. Aborting.
[2026.04.26-21.51.17:388][413]LogActorComponent: RegisterComponentWithWorld: (/Engine/Transient.World_1:PersistentLevel.DESTROYED_GrabPack_C_CHILDACTOR_126.DefaultSceneRoot) Trying to register component with IsPendingKill() == true. Aborting.
[2026.04.26-21.51.17:413][413]LogSkinnedMeshComp: Warning: GetBoneTransform : BoneIndex(18) out of range of MasterBoneMap for CosmeticGrabpack
[2026.04.26-21.51.17:413][413]LogActorComponent: RegisterComponentWithWorld: (/Engine/Transient.World_22:PersistentLevel.DESTROYED_GrabPack_C_CHILDACTOR_65.DefaultSceneRoot) Trying to register component with IsPendingKill() == true. Aborting.
[2026.04.26-21.51.17:417][413]LogSkinnedMeshComp: Warning: GetBoneTransform : BoneIndex(18) out of range of MasterBoneMap for CosmeticGrabpack
[2026.04.26-21.51.17:423][413]LogSkinnedMeshComp: Warning: GetBoneTransform : BoneIndex(18) out of range of MasterBoneMap for CosmeticGrabpack
[2026.04.26-21.51.17:427][413]LogActorComponent: RegisterComponentWithWorld: (/Engine/Transient.World_1:PersistentLevel.DESTROYED_GrabPack_C_CHILDACTOR_131.DefaultSceneRoot) Trying to register component with IsPendingKill() == true. Aborting.
[2026.04.26-21.51.17:428][413]LogActorComponent: RegisterComponentWithWorld: (/Engine/Transient.World_1:PersistentLevel.DESTROYED_GrabPack_C_CHILDACTOR_130.DefaultSceneRoot) Trying to register component with IsPendingKill() == true. Aborting.
[2026.04.26-21.51.17:449][413]LogSkinnedMeshComp: Warning: GetBoneTransform : BoneIndex(18) out of range of MasterBoneMap for CosmeticGrabpack
[2026.04.26-21.51.17:450][413]LogActorComponent: RegisterComponentWithWorld: (/Engine/Transient.World_22:PersistentLevel.DESTROYED_GrabPack_C_CHILDACTOR_67.DefaultSceneRoot) Trying to register component with IsPendingKill() == true. Aborting.
[2026.04.26-21.51.17:454][413]LogSkinnedMeshComp: Warning: GetBoneTransform : BoneIndex(18) out of range of MasterBoneMap for CosmeticGrabpack
[2026.04.26-21.51.17:458][413]LogSkinnedMeshComp: Warning: GetBoneTransform : BoneIndex(18) out of range of MasterBoneMap for CosmeticGrabpack
[2026.04.26-21.51.17:460][413]LogActorComponent: RegisterComponentWithWorld: (/Engine/Transient.World_1:PersistentLevel.DESTROYED_GrabPack_C_CHILDACTOR_135.DefaultSceneRoot) Trying to register component with IsPendingKill() == true. Aborting.
[2026.04.26-21.51.17:460][413]LogActorComponent: RegisterComponentWithWorld: (/Engine/Transient.World_1:PersistentLevel.DESTROYED_GrabPack_C_CHILDACTOR_134.DefaultSceneRoot) Trying to register component with IsPendingKill() == true. Aborting.
[2026.04.26-21.51.17:483][413]LogSkinnedMeshComp: Warning: GetBoneTransform : BoneIndex(18) out of range of MasterBoneMap for CosmeticGrabpack
[2026.04.26-21.51.17:483][413]LogActorComponent: RegisterComponentWithWorld: (/Engine/Transient.World_22:PersistentLevel.DESTROYED_GrabPack_C_CHILDACTOR_69.DefaultSceneRoot) Trying to register component with IsPendingKill() == true. Aborting.
[2026.04.26-21.51.17:488][413]LogSkinnedMeshComp: Warning: GetBoneTransform : BoneIndex(18) out of range of MasterBoneMap for CosmeticGrabpack
[2026.04.26-21.51.17:491][413]LogSkinnedMeshComp: Warning: GetBoneTransform : BoneIndex(18) out of range of MasterBoneMap for CosmeticGrabpack
[2026.04.26-21.51.17:495][413]LogActorComponent: RegisterComponentWithWorld: (/Engine/Transient.World_1:PersistentLevel.DESTROYED_GrabPack_C_CHILDACTOR_139.DefaultSceneRoot) Trying to register component with IsPendingKill() == true. Aborting.
[2026.04.26-21.51.17:495][413]LogActorComponent: RegisterComponentWithWorld: (/Engine/Transient.World_1:PersistentLevel.DESTROYED_GrabPack_C_CHILDACTOR_138.DefaultSceneRoot) Trying to register component with IsPendingKill() == true. Aborting.
[2026.04.26-21.51.17:519][413]LogSkinnedMeshComp: Warning: GetBoneTransform : BoneIndex(18) out of range of MasterBoneMap for CosmeticGrabpack
[2026.04.26-21.51.17:521][413]LogActorComponent: RegisterComponentWithWorld: (/Engine/Transient.World_22:PersistentLevel.DESTROYED_GrabPack_C_CHILDACTOR_71.DefaultSceneRoot) Trying to register component with IsPendingKill() == true. Aborting.
[2026.04.26-21.51.17:524][413]LogSkinnedMeshComp: Warning: GetBoneTransform : BoneIndex(18) out of range of MasterBoneMap for CosmeticGrabpack
[2026.04.26-21.51.17:528][413]LogSkinnedMeshComp: Warning: GetBoneTransform : BoneIndex(18) out of range of MasterBoneMap for CosmeticGrabpack
[2026.04.26-21.51.17:532][413]LogActorComponent: RegisterComponentWithWorld: (/Engine/Transient.World_1:PersistentLevel.DESTROYED_GrabPack_C_CHILDACTOR_143.DefaultSceneRoot) Trying to register component with IsPendingKill() == true. Aborting.
[2026.04.26-21.51.17:532][413]LogActorComponent: RegisterComponentWithWorld: (/Engine/Transient.World_1:PersistentLevel.DESTROYED_GrabPack_C_CHILDACTOR_142.DefaultSceneRoot) Trying to register component with IsPendingKill() == true. Aborting.
[2026.04.26-21.51.17:554][413]LogSkinnedMeshComp: Warning: GetBoneTransform : BoneIndex(18) out of range of MasterBoneMap for CosmeticGrabpack
[2026.04.26-21.51.17:557][413]LogActorComponent: RegisterComponentWithWorld: (/Engine/Transient.World_22:PersistentLevel.DESTROYED_GrabPack_C_CHILDACTOR_73.DefaultSceneRoot) Trying to register component with IsPendingKill() == true. Aborting.
[2026.04.26-21.51.17:560][413]LogSkinnedMeshComp: Warning: GetBoneTransform : BoneIndex(18) out of range of MasterBoneMap for CosmeticGrabpack
[2026.04.26-21.51.17:563][413]LogSkinnedMeshComp: Warning: GetBoneTransform : BoneIndex(18) out of range of MasterBoneMap for CosmeticGrabpack
[2026.04.26-21.51.17:567][413]LogActorComponent: RegisterComponentWithWorld: (/Engine/Transient.World_1:PersistentLevel.DESTROYED_GrabPack_C_CHILDACTOR_147.DefaultSceneRoot) Trying to register component with IsPendingKill() == true. Aborting.
[2026.04.26-21.51.17:567][413]LogActorComponent: RegisterComponentWithWorld: (/Engine/Transient.World_1:PersistentLevel.DESTROYED_GrabPack_C_CHILDACTOR_146.DefaultSceneRoot) Trying to register component with IsPendingKill() == true. Aborting.
[2026.04.26-21.51.17:590][413]LogSkinnedMeshComp: Warning: GetBoneTransform : BoneIndex(18) out of range of MasterBoneMap for CosmeticGrabpack
[2026.04.26-21.51.17:591][413]LogActorComponent: RegisterComponentWithWorld: (/Engine/Transient.World_22:PersistentLevel.DESTROYED_GrabPack_C_CHILDACTOR_75.DefaultSceneRoot) Trying to register component with IsPendingKill() == true. Aborting.
[2026.04.26-21.51.17:594][413]LogSkinnedMeshComp: Warning: GetBoneTransform : BoneIndex(18) out of range of MasterBoneMap for CosmeticGrabpack
[2026.04.26-21.51.17:599][413]LogSkinnedMeshComp: Warning: GetBoneTransform : BoneIndex(18) out of range of MasterBoneMap for CosmeticGrabpack
[2026.04.26-21.51.17:601][413]LogActorComponent: RegisterComponentWithWorld: (/Engine/Transient.World_1:PersistentLevel.DESTROYED_GrabPack_C_CHILDACTOR_151.DefaultSceneRoot) Trying to register component with IsPendingKill() == true. Aborting.
[2026.04.26-21.51.17:601][413]LogActorComponent: RegisterComponentWithWorld: (/Engine/Transient.World_1:PersistentLevel.DESTROYED_GrabPack_C_CHILDACTOR_150.DefaultSceneRoot) Trying to register component with IsPendingKill() == true. Aborting.
[2026.04.26-21.51.17:626][413]LogSkinnedMeshComp: Warning: GetBoneTransform : BoneIndex(18) out of range of MasterBoneMap for CosmeticGrabpack
[2026.04.26-21.51.17:628][413]LogActorComponent: RegisterComponentWithWorld: (/Engine/Transient.World_22:PersistentLevel.DESTROYED_GrabPack_C_CHILDACTOR_77.DefaultSceneRoot) Trying to register component with IsPendingKill() == true. Aborting.
[2026.04.26-21.51.17:632][413]LogSkinnedMeshComp: Warning: GetBoneTransform : BoneIndex(18) out of range of MasterBoneMap for CosmeticGrabpack
[2026.04.26-21.51.17:637][413]LogSkinnedMeshComp: Warning: GetBoneTransform : BoneIndex(18) out of range of MasterBoneMap for CosmeticGrabpack
[2026.04.26-21.51.17:641][413]LogActorComponent: RegisterComponentWithWorld: (/Engine/Transient.World_1:PersistentLevel.DESTROYED_GrabPack_C_CHILDACTOR_155.DefaultSceneRoot) Trying to register component with IsPendingKill() == true. Aborting.
[2026.04.26-21.51.17:641][413]LogActorComponent: RegisterComponentWithWorld: (/Engine/Transient.World_1:PersistentLevel.DESTROYED_GrabPack_C_CHILDACTOR_154.DefaultSceneRoot) Trying to register component with IsPendingKill() == true. Aborting.
[2026.04.26-21.51.17:665][413]LogSkinnedMeshComp: Warning: GetBoneTransform : BoneIndex(18) out of range of MasterBoneMap for CosmeticGrabpack
[2026.04.26-21.51.17:668][413]LogActorComponent: RegisterComponentWithWorld: (/Engine/Transient.World_22:PersistentLevel.DESTROYED_GrabPack_C_CHILDACTOR_79.DefaultSceneRoot) Trying to register component with IsPendingKill() == true. Aborting.
[2026.04.26-21.51.17:672][413]LogSkinnedMeshComp: Warning: GetBoneTransform : BoneIndex(18) out of range of MasterBoneMap for CosmeticGrabpack
[2026.04.26-21.51.17:676][413]LogSkinnedMeshComp: Warning: GetBoneTransform : BoneIndex(18) out of range of MasterBoneMap for CosmeticGrabpack
[2026.04.26-21.51.17:680][413]LogActorComponent: RegisterComponentWithWorld: (/Engine/Transient.World_1:PersistentLevel.DESTROYED_GrabPack_C_CHILDACTOR_159.DefaultSceneRoot) Trying to register component with IsPendingKill() == true. Aborting.
[2026.04.26-21.51.17:680][413]LogActorComponent: RegisterComponentWithWorld: (/Engine/Transient.World_1:PersistentLevel.DESTROYED_GrabPack_C_CHILDACTOR_158.DefaultSceneRoot) Trying to register component with IsPendingKill() == true. Aborting.
[2026.04.26-21.51.17:700][413]LogSkinnedMeshComp: Warning: GetBoneTransform : BoneIndex(18) out of range of MasterBoneMap for CosmeticGrabpack
[2026.04.26-21.51.17:702][413]LogActorComponent: RegisterComponentWithWorld: (/Engine/Transient.World_22:PersistentLevel.DESTROYED_GrabPack_C_CHILDACTOR_81.DefaultSceneRoot) Trying to register component with IsPendingKill() == true. Aborting.
[2026.04.26-21.51.17:705][413]LogSkinnedMeshComp: Warning: GetBoneTransform : BoneIndex(18) out of range of MasterBoneMap for CosmeticGrabpack
[2026.04.26-21.51.17:708][413]LogSkinnedMeshComp: Warning: GetBoneTransform : BoneIndex(18) out of range of MasterBoneMap for CosmeticGrabpack
[2026.04.26-21.51.17:713][413]LogActorComponent: RegisterComponentWithWorld: (/Engine/Transient.World_1:PersistentLevel.DESTROYED_GrabPack_C_CHILDACTOR_163.DefaultSceneRoot) Trying to register component with IsPendingKill() == true. Aborting.
[2026.04.26-21.51.17:713][413]LogActorComponent: RegisterComponentWithWorld: (/Engine/Transient.World_1:PersistentLevel.DESTROYED_GrabPack_C_CHILDACTOR_162.DefaultSceneRoot) Trying to register component with IsPendingKill() == true. Aborting.
[2026.04.26-21.51.17:735][413]LogSkinnedMeshComp: Warning: GetBoneTransform : BoneIndex(18) out of range of MasterBoneMap for CosmeticGrabpack
[2026.04.26-21.51.17:735][413]LogActorComponent: RegisterComponentWithWorld: (/Engine/Transient.World_22:PersistentLevel.DESTROYED_GrabPack_C_CHILDACTOR_83.DefaultSceneRoot) Trying to register component with IsPendingKill() == true. Aborting.
[2026.04.26-21.51.17:741][413]LogSkinnedMeshComp: Warning: GetBoneTransform : BoneIndex(18) out of range of MasterBoneMap for CosmeticGrabpack
[2026.04.26-21.51.17:745][413]LogSkinnedMeshComp: Warning: GetBoneTransform : BoneIndex(18) out of range of MasterBoneMap for CosmeticGrabpack
[2026.04.26-21.51.17:750][413]LogActorComponent: RegisterComponentWithWorld: (/Engine/Transient.World_1:PersistentLevel.DESTROYED_GrabPack_C_CHILDACTOR_167.DefaultSceneRoot) Trying to register component with IsPendingKill() == true. Aborting.
[2026.04.26-21.51.17:750][413]LogActorComponent: RegisterComponentWithWorld: (/Engine/Transient.World_1:PersistentLevel.DESTROYED_GrabPack_C_CHILDACTOR_166.DefaultSceneRoot) Trying to register component with IsPendingKill() == true. Aborting.
[2026.04.26-21.51.17:774][413]LogSkinnedMeshComp: Warning: GetBoneTransform : BoneIndex(18) out of range of MasterBoneMap for CosmeticGrabpack
[2026.04.26-21.51.17:775][413]LogActorComponent: RegisterComponentWithWorld: (/Engine/Transient.World_22:PersistentLevel.DESTROYED_GrabPack_C_CHILDACTOR_85.DefaultSceneRoot) Trying to register component with IsPendingKill() == true. Aborting.
[2026.04.26-21.51.17:781][413]LogSkinnedMeshComp: Warning: GetBoneTransform : BoneIndex(18) out of range of MasterBoneMap for CosmeticGrabpack
[2026.04.26-21.51.17:784][413]LogSkinnedMeshComp: Warning: GetBoneTransform : BoneIndex(18) out of range of MasterBoneMap for CosmeticGrabpack
[2026.04.26-21.51.17:790][413]LogActorComponent: RegisterComponentWithWorld: (/Engine/Transient.World_1:PersistentLevel.DESTROYED_GrabPack_C_CHILDACTOR_171.DefaultSceneRoot) Trying to register component with IsPendingKill() == true. Aborting.
[2026.04.26-21.51.17:790][413]LogActorComponent: RegisterComponentWithWorld: (/Engine/Transient.World_1:PersistentLevel.DESTROYED_GrabPack_C_CHILDACTOR_170.DefaultSceneRoot) Trying to register component with IsPendingKill() == true. Aborting.
[2026.04.26-21.51.17:813][413]LogSkinnedMeshComp: Warning: GetBoneTransform : BoneIndex(18) out of range of MasterBoneMap for CosmeticGrabpack
[2026.04.26-21.51.17:815][413]LogActorComponent: RegisterComponentWithWorld: (/Engine/Transient.World_22:PersistentLevel.DESTROYED_GrabPack_C_CHILDACTOR_87.DefaultSceneRoot) Trying to register component with IsPendingKill() == true. Aborting.
[2026.04.26-21.51.17:820][413]LogSkinnedMeshComp: Warning: GetBoneTransform : BoneIndex(18) out of range of MasterBoneMap for CosmeticGrabpack
[2026.04.26-21.51.17:823][413]LogSkinnedMeshComp: Warning: GetBoneTransform : BoneIndex(18) out of range of MasterBoneMap for CosmeticGrabpack
[2026.04.26-21.51.17:827][413]LogActorComponent: RegisterComponentWithWorld: (/Engine/Transient.World_1:PersistentLevel.DESTROYED_GrabPack_C_CHILDACTOR_175.DefaultSceneRoot) Trying to register component with IsPendingKill() == true. Aborting.
[2026.04.26-21.51.17:827][413]LogActorComponent: RegisterComponentWithWorld: (/Engine/Transient.World_1:PersistentLevel.DESTROYED_GrabPack_C_CHILDACTOR_174.DefaultSceneRoot) Trying to register component with IsPendingKill() == true. Aborting.
[2026.04.26-21.51.17:848][413]LogSkinnedMeshComp: Warning: GetBoneTransform : BoneIndex(18) out of range of MasterBoneMap for CosmeticGrabpack
[2026.04.26-21.51.17:848][413]LogActorComponent: RegisterComponentWithWorld: (/Engine/Transient.World_22:PersistentLevel.DESTROYED_GrabPack_C_CHILDACTOR_89.DefaultSceneRoot) Trying to register component with IsPendingKill() == true. Aborting.
[2026.04.26-21.51.17:853][413]LogSkinnedMeshComp: Warning: GetBoneTransform : BoneIndex(18) out of range of MasterBoneMap for CosmeticGrabpack
[2026.04.26-21.51.17:857][413]LogSkinnedMeshComp: Warning: GetBoneTransform : BoneIndex(18) out of range of MasterBoneMap for CosmeticGrabpack
[2026.04.26-21.51.17:860][413]LogActorComponent: RegisterComponentWithWorld: (/Engine/Transient.World_1:PersistentLevel.DESTROYED_GrabPack_C_CHILDACTOR_179.DefaultSceneRoot) Trying to register component with IsPendingKill() == true. Aborting.
[2026.04.26-21.51.17:861][413]LogActorComponent: RegisterComponentWithWorld: (/Engine/Transient.World_1:PersistentLevel.DESTROYED_GrabPack_C_CHILDACTOR_178.DefaultSceneRoot) Trying to register component with IsPendingKill() == true. Aborting.
[2026.04.26-21.51.17:884][413]LogSkinnedMeshComp: Warning: GetBoneTransform : BoneIndex(18) out of range of MasterBoneMap for CosmeticGrabpack
[2026.04.26-21.51.17:885][413]LogActorComponent: RegisterComponentWithWorld: (/Engine/Transient.World_22:PersistentLevel.DESTROYED_GrabPack_C_CHILDACTOR_91.DefaultSceneRoot) Trying to register component with IsPendingKill() == true. Aborting.
[2026.04.26-21.51.17:890][413]LogSkinnedMeshComp: Warning: GetBoneTransform : BoneIndex(18) out of range of MasterBoneMap for CosmeticGrabpack
[2026.04.26-21.51.17:893][413]LogSkinnedMeshComp: Warning: GetBoneTransform : BoneIndex(18) out of range of MasterBoneMap for CosmeticGrabpack
[2026.04.26-21.51.17:896][413]LogActorComponent: RegisterComponentWithWorld: (/Engine/Transient.World_1:PersistentLevel.DESTROYED_GrabPack_C_CHILDACTOR_183.DefaultSceneRoot) Trying to register component with IsPendingKill() == true. Aborting.
[2026.04.26-21.51.17:896][413]LogActorComponent: RegisterComponentWithWorld: (/Engine/Transient.World_1:PersistentLevel.DESTROYED_GrabPack_C_CHILDACTOR_182.DefaultSceneRoot) Trying to register component with IsPendingKill() == true. Aborting.
[2026.04.26-21.51.17:918][413]LogSkinnedMeshComp: Warning: GetBoneTransform : BoneIndex(18) out of range of MasterBoneMap for CosmeticGrabpack
[2026.04.26-21.51.17:918][413]LogActorComponent: RegisterComponentWithWorld: (/Engine/Transient.World_22:PersistentLevel.DESTROYED_GrabPack_C_CHILDACTOR_93.DefaultSceneRoot) Trying to register component with IsPendingKill() == true. Aborting.
[2026.04.26-21.51.17:923][413]LogSkinnedMeshComp: Warning: GetBoneTransform : BoneIndex(18) out of range of MasterBoneMap for CosmeticGrabpack
[2026.04.26-21.51.17:925][413]LogSkinnedMeshComp: Warning: GetBoneTransform : BoneIndex(18) out of range of MasterBoneMap for CosmeticGrabpack
[2026.04.26-21.51.17:930][413]LogActorComponent: RegisterComponentWithWorld: (/Engine/Transient.World_1:PersistentLevel.DESTROYED_GrabPack_C_CHILDACTOR_187.DefaultSceneRoot) Trying to register component with IsPendingKill() == true. Aborting.
[2026.04.26-21.51.17:930][413]LogActorComponent: RegisterComponentWithWorld: (/Engine/Transient.World_1:PersistentLevel.DESTROYED_GrabPack_C_CHILDACTOR_186.DefaultSceneRoot) Trying to register component with IsPendingKill() == true. Aborting.
[2026.04.26-21.51.17:953][413]LogSkinnedMeshComp: Warning: GetBoneTransform : BoneIndex(18) out of range of MasterBoneMap for CosmeticGrabpack
[2026.04.26-21.51.17:953][413]LogActorComponent: RegisterComponentWithWorld: (/Engine/Transient.World_22:PersistentLevel.DESTROYED_GrabPack_C_CHILDACTOR_95.DefaultSceneRoot) Trying to register component with IsPendingKill() == true. Aborting.
[2026.04.26-21.51.17:957][413]LogSkinnedMeshComp: Warning: GetBoneTransform : BoneIndex(18) out of range of MasterBoneMap for CosmeticGrabpack
[2026.04.26-21.51.17:960][413]LogSkinnedMeshComp: Warning: GetBoneTransform : BoneIndex(18) out of range of MasterBoneMap for CosmeticGrabpack
[2026.04.26-21.51.17:966][413]LogActorComponent: RegisterComponentWithWorld: (/Engine/Transient.World_1:PersistentLevel.DESTROYED_GrabPack_C_CHILDACTOR_191.DefaultSceneRoot) Trying to register component with IsPendingKill() == true. Aborting.
[2026.04.26-21.51.17:966][413]LogActorComponent: RegisterComponentWithWorld: (/Engine/Transient.World_1:PersistentLevel.DESTROYED_GrabPack_C_CHILDACTOR_190.DefaultSceneRoot) Trying to register component with IsPendingKill() == true. Aborting.
[2026.04.26-21.51.17:990][413]LogSkinnedMeshComp: Warning: GetBoneTransform : BoneIndex(18) out of range of MasterBoneMap for CosmeticGrabpack
[2026.04.26-21.51.17:990][413]LogActorComponent: RegisterComponentWithWorld: (/Engine/Transient.World_22:PersistentLevel.DESTROYED_GrabPack_C_CHILDACTOR_97.DefaultSceneRoot) Trying to register component with IsPendingKill() == true. Aborting.
[2026.04.26-21.51.17:994][413]LogSkinnedMeshComp: Warning: GetBoneTransform : BoneIndex(18) out of range of MasterBoneMap for CosmeticGrabpack
[2026.04.26-21.51.17:998][413]LogSkinnedMeshComp: Warning: GetBoneTransform : BoneIndex(18) out of range of MasterBoneMap for CosmeticGrabpack
[2026.04.26-21.51.18:002][413]LogActorComponent: RegisterComponentWithWorld: (/Engine/Transient.World_1:PersistentLevel.DESTROYED_GrabPack_C_CHILDACTOR_195.DefaultSceneRoot) Trying to register component with IsPendingKill() == true. Aborting.
[2026.04.26-21.51.18:002][413]LogActorComponent: RegisterComponentWithWorld: (/Engine/Transient.World_1:PersistentLevel.DESTROYED_GrabPack_C_CHILDACTOR_194.DefaultSceneRoot) Trying to register component with IsPendingKill() == true. Aborting.
[2026.04.26-21.51.18:025][413]LogSkinnedMeshComp: Warning: GetBoneTransform : BoneIndex(18) out of range of MasterBoneMap for CosmeticGrabpack
[2026.04.26-21.51.18:026][413]LogActorComponent: RegisterComponentWithWorld: (/Engine/Transient.World_22:PersistentLevel.DESTROYED_GrabPack_C_CHILDACTOR_99.DefaultSceneRoot) Trying to register component with IsPendingKill() == true. Aborting.
[2026.04.26-21.51.18:031][413]LogSkinnedMeshComp: Warning: GetBoneTransform : BoneIndex(18) out of range of MasterBoneMap for CosmeticGrabpack
[2026.04.26-21.51.18:034][413]LogSkinnedMeshComp: Warning: GetBoneTransform : BoneIndex(18) out of range of MasterBoneMap for CosmeticGrabpack
[2026.04.26-21.51.18:037][413]LogActorComponent: RegisterComponentWithWorld: (/Engine/Transient.World_1:PersistentLevel.DESTROYED_GrabPack_C_CHILDACTOR_199.DefaultSceneRoot) Trying to register component with IsPendingKill() == true. Aborting.
[2026.04.26-21.51.18:038][413]LogActorComponent: RegisterComponentWithWorld: (/Engine/Transient.World_1:PersistentLevel.DESTROYED_GrabPack_C_CHILDACTOR_198.DefaultSceneRoot) Trying to register component with IsPendingKill() == true. Aborting.
[2026.04.26-21.51.18:061][413]LogSkinnedMeshComp: Warning: GetBoneTransform : BoneIndex(18) out of range of MasterBoneMap for CosmeticGrabpack
[2026.04.26-21.51.18:061][413]LogActorComponent: RegisterComponentWithWorld: (/Engine/Transient.World_22:PersistentLevel.DESTROYED_GrabPack_C_CHILDACTOR_101.DefaultSceneRoot) Trying to register component with IsPendingKill() == true. Aborting.
[2026.04.26-21.51.18:065][413]LogSkinnedMeshComp: Warning: GetBoneTransform : BoneIndex(18) out of range of MasterBoneMap for CosmeticGrabpack
[2026.04.26-21.51.18:069][413]LogSkinnedMeshComp: Warning: GetBoneTransform : BoneIndex(18) out of range of MasterBoneMap for CosmeticGrabpack
[2026.04.26-21.51.18:074][413]LogActorComponent: RegisterComponentWithWorld: (/Engine/Transient.World_1:PersistentLevel.DESTROYED_GrabPack_C_CHILDACTOR_203.DefaultSceneRoot) Trying to register component with IsPendingKill() == true. Aborting.
[2026.04.26-21.51.18:074][413]LogActorComponent: RegisterComponentWithWorld: (/Engine/Transient.World_1:PersistentLevel.DESTROYED_GrabPack_C_CHILDACTOR_202.DefaultSceneRoot) Trying to register component with IsPendingKill() == true. Aborting.
[2026.04.26-21.51.18:096][413]LogSkinnedMeshComp: Warning: GetBoneTransform : BoneIndex(18) out of range of MasterBoneMap for CosmeticGrabpack
[2026.04.26-21.51.18:098][413]LogActorComponent: RegisterComponentWithWorld: (/Engine/Transient.World_22:PersistentLevel.DESTROYED_GrabPack_C_CHILDACTOR_103.DefaultSceneRoot) Trying to register component with IsPendingKill() == true. Aborting.
[2026.04.26-21.51.18:102][413]LogSkinnedMeshComp: Warning: GetBoneTransform : BoneIndex(18) out of range of MasterBoneMap for CosmeticGrabpack
[2026.04.26-21.51.18:105][413]LogSkinnedMeshComp: Warning: GetBoneTransform : BoneIndex(18) out of range of MasterBoneMap for CosmeticGrabpack
[2026.04.26-21.51.18:110][413]LogActorComponent: RegisterComponentWithWorld: (/Engine/Transient.World_1:PersistentLevel.DESTROYED_GrabPack_C_CHILDACTOR_207.DefaultSceneRoot) Trying to register component with IsPendingKill() == true. Aborting.
[2026.04.26-21.51.18:110][413]LogActorComponent: RegisterComponentWithWorld: (/Engine/Transient.World_1:PersistentLevel.DESTROYED_GrabPack_C_CHILDACTOR_206.DefaultSceneRoot) Trying to register component with IsPendingKill() == true. Aborting.
[2026.04.26-21.51.18:130][413]LogSkinnedMeshComp: Warning: GetBoneTransform : BoneIndex(18) out of range of MasterBoneMap for CosmeticGrabpack
[2026.04.26-21.51.18:131][413]LogActorComponent: RegisterComponentWithWorld: (/Engine/Transient.World_22:PersistentLevel.DESTROYED_GrabPack_C_CHILDACTOR_105.DefaultSceneRoot) Trying to register component with IsPendingKill() == true. Aborting.
[2026.04.26-21.51.18:136][413]LogSkinnedMeshComp: Warning: GetBoneTransform : BoneIndex(18) out of range of MasterBoneMap for CosmeticGrabpack
[2026.04.26-21.51.18:141][413]LogSkinnedMeshComp: Warning: GetBoneTransform : BoneIndex(18) out of range of MasterBoneMap for CosmeticGrabpack
[2026.04.26-21.51.18:145][413]LogActorComponent: RegisterComponentWithWorld: (/Engine/Transient.World_1:PersistentLevel.DESTROYED_GrabPack_C_CHILDACTOR_211.DefaultSceneRoot) Trying to register component with IsPendingKill() == true. Aborting.
[2026.04.26-21.51.18:145][413]LogActorComponent: RegisterComponentWithWorld: (/Engine/Transient.World_1:PersistentLevel.DESTROYED_GrabPack_C_CHILDACTOR_210.DefaultSceneRoot) Trying to register component with IsPendingKill() == true. Aborting.
[2026.04.26-21.51.18:172][413]LogSkinnedMeshComp: Warning: GetBoneTransform : BoneIndex(18) out of range of MasterBoneMap for CosmeticGrabpack
[2026.04.26-21.51.18:173][413]LogActorComponent: RegisterComponentWithWorld: (/Engine/Transient.World_22:PersistentLevel.DESTROYED_GrabPack_C_CHILDACTOR_107.DefaultSceneRoot) Trying to register component with IsPendingKill() == true. Aborting.
[2026.04.26-21.51.18:178][413]LogSkinnedMeshComp: Warning: GetBoneTransform : BoneIndex(18) out of range of MasterBoneMap for CosmeticGrabpack
[2026.04.26-21.51.18:181][413]LogSkinnedMeshComp: Warning: GetBoneTransform : BoneIndex(18) out of range of MasterBoneMap for CosmeticGrabpack
[2026.04.26-21.51.18:185][413]LogActorComponent: RegisterComponentWithWorld: (/Engine/Transient.World_1:PersistentLevel.DESTROYED_GrabPack_C_CHILDACTOR_215.DefaultSceneRoot) Trying to register component with IsPendingKill() == true. Aborting.
[2026.04.26-21.51.18:185][413]LogActorComponent: RegisterComponentWithWorld: (/Engine/Transient.World_1:PersistentLevel.DESTROYED_GrabPack_C_CHILDACTOR_214.DefaultSceneRoot) Trying to register component with IsPendingKill() == true. Aborting.
[2026.04.26-21.51.18:211][413]LogSkinnedMeshComp: Warning: GetBoneTransform : BoneIndex(18) out of range of MasterBoneMap for CosmeticGrabpack
[2026.04.26-21.51.18:211][413]LogActorComponent: RegisterComponentWithWorld: (/Engine/Transient.World_22:PersistentLevel.DESTROYED_GrabPack_C_CHILDACTOR_109.DefaultSceneRoot) Trying to register component with IsPendingKill() == true. Aborting.
[2026.04.26-21.51.18:218][413]LogSkinnedMeshComp: Warning: GetBoneTransform : BoneIndex(18) out of range of MasterBoneMap for CosmeticGrabpack
[2026.04.26-21.51.18:224][413]LogSkinnedMeshComp: Warning: GetBoneTransform : BoneIndex(18) out of range of MasterBoneMap for CosmeticGrabpack
[2026.04.26-21.51.18:229][413]LogActorComponent: RegisterComponentWithWorld: (/Engine/Transient.World_1:PersistentLevel.DESTROYED_GrabPack_C_CHILDACTOR_219.DefaultSceneRoot) Trying to register component with IsPendingKill() == true. Aborting.
[2026.04.26-21.51.18:229][413]LogActorComponent: RegisterComponentWithWorld: (/Engine/Transient.World_1:PersistentLevel.DESTROYED_GrabPack_C_CHILDACTOR_218.DefaultSceneRoot) Trying to register component with IsPendingKill() == true. Aborting.
[2026.04.26-21.51.18:253][413]LogSkinnedMeshComp: Warning: GetBoneTransform : BoneIndex(18) out of range of MasterBoneMap for CosmeticGrabpack
[2026.04.26-21.51.18:255][413]LogActorComponent: RegisterComponentWithWorld: (/Engine/Transient.World_22:PersistentLevel.DESTROYED_GrabPack_C_CHILDACTOR_111.DefaultSceneRoot) Trying to register component with IsPendingKill() == true. Aborting.
[2026.04.26-21.51.18:261][413]LogSkinnedMeshComp: Warning: GetBoneTransform : BoneIndex(18) out of range of MasterBoneMap for CosmeticGrabpack
[2026.04.26-21.51.18:264][413]LogSkinnedMeshComp: Warning: GetBoneTransform : BoneIndex(18) out of range of MasterBoneMap for CosmeticGrabpack
[2026.04.26-21.51.18:268][413]LogActorComponent: RegisterComponentWithWorld: (/Engine/Transient.World_1:PersistentLevel.DESTROYED_GrabPack_C_CHILDACTOR_223.DefaultSceneRoot) Trying to register component with IsPendingKill() == true. Aborting.
[2026.04.26-21.51.18:268][413]LogActorComponent: RegisterComponentWithWorld: (/Engine/Transient.World_1:PersistentLevel.DESTROYED_GrabPack_C_CHILDACTOR_222.DefaultSceneRoot) Trying to register component with IsPendingKill() == true. Aborting.
[2026.04.26-21.51.18:294][413]LogSkinnedMeshComp: Warning: GetBoneTransform : BoneIndex(18) out of range of MasterBoneMap for CosmeticGrabpack
[2026.04.26-21.51.18:296][413]LogActorComponent: RegisterComponentWithWorld: (/Engine/Transient.World_22:PersistentLevel.DESTROYED_GrabPack_C_CHILDACTOR_113.DefaultSceneRoot) Trying to register component with IsPendingKill() == true. Aborting.
[2026.04.26-21.51.18:301][413]LogSkinnedMeshComp: Warning: GetBoneTransform : BoneIndex(18) out of range of MasterBoneMap for CosmeticGrabpack
[2026.04.26-21.51.18:306][413]LogSkinnedMeshComp: Warning: GetBoneTransform : BoneIndex(18) out of range of MasterBoneMap for CosmeticGrabpack
[2026.04.26-21.51.18:312][413]LogActorComponent: RegisterComponentWithWorld: (/Engine/Transient.World_1:PersistentLevel.DESTROYED_GrabPack_C_CHILDACTOR_227.DefaultSceneRoot) Trying to register component with IsPendingKill() == true. Aborting.
[2026.04.26-21.51.18:313][413]LogActorComponent: RegisterComponentWithWorld: (/Engine/Transient.World_1:PersistentLevel.DESTROYED_GrabPack_C_CHILDACTOR_226.DefaultSceneRoot) Trying to register component with IsPendingKill() == true. Aborting.
[2026.04.26-21.51.18:340][413]LogSkinnedMeshComp: Warning: GetBoneTransform : BoneIndex(18) out of range of MasterBoneMap for CosmeticGrabpack
[2026.04.26-21.51.18:342][413]LogActorComponent: RegisterComponentWithWorld: (/Engine/Transient.World_22:PersistentLevel.DESTROYED_GrabPack_C_CHILDACTOR_115.DefaultSceneRoot) Trying to register component with IsPendingKill() == true. Aborting.
[2026.04.26-21.51.18:346][413]LogSkinnedMeshComp: Warning: GetBoneTransform : BoneIndex(18) out of range of MasterBoneMap for CosmeticGrabpack
[2026.04.26-21.51.18:351][413]LogSkinnedMeshComp: Warning: GetBoneTransform : BoneIndex(18) out of range of MasterBoneMap for CosmeticGrabpack
[2026.04.26-21.51.18:354][413]LogActorComponent: RegisterComponentWithWorld: (/Engine/Transient.World_1:PersistentLevel.DESTROYED_GrabPack_C_CHILDACTOR_231.DefaultSceneRoot) Trying to register component with IsPendingKill() == true. Aborting.
[2026.04.26-21.51.18:354][413]LogActorComponent: RegisterComponentWithWorld: (/Engine/Transient.World_1:PersistentLevel.DESTROYED_GrabPack_C_CHILDACTOR_230.DefaultSceneRoot) Trying to register component with IsPendingKill() == true. Aborting.
[2026.04.26-21.51.18:378][413]LogSkinnedMeshComp: Warning: GetBoneTransform : BoneIndex(18) out of range of MasterBoneMap for CosmeticGrabpack
[2026.04.26-21.51.18:379][413]LogActorComponent: RegisterComponentWithWorld: (/Engine/Transient.World_22:PersistentLevel.DESTROYED_GrabPack_C_CHILDACTOR_117.DefaultSceneRoot) Trying to register component with IsPendingKill() == true. Aborting.
[2026.04.26-21.51.18:383][413]LogSkinnedMeshComp: Warning: GetBoneTransform : BoneIndex(18) out of range of MasterBoneMap for CosmeticGrabpack
[2026.04.26-21.51.18:386][413]LogSkinnedMeshComp: Warning: GetBoneTransform : BoneIndex(18) out of range of MasterBoneMap for CosmeticGrabpack
[2026.04.26-21.51.18:390][413]LogActorComponent: RegisterComponentWithWorld: (/Engine/Transient.World_1:PersistentLevel.DESTROYED_GrabPack_C_CHILDACTOR_235.DefaultSceneRoot) Trying to register component with IsPendingKill() == true. Aborting.
[2026.04.26-21.51.18:390][413]LogActorComponent: RegisterComponentWithWorld: (/Engine/Transient.World_1:PersistentLevel.DESTROYED_GrabPack_C_CHILDACTOR_234.DefaultSceneRoot) Trying to register component with IsPendingKill() == true. Aborting.
[2026.04.26-21.51.18:412][413]LogSkinnedMeshComp: Warning: GetBoneTransform : BoneIndex(18) out of range of MasterBoneMap for CosmeticGrabpack
[2026.04.26-21.51.18:414][413]LogActorComponent: RegisterComponentWithWorld: (/Engine/Transient.World_22:PersistentLevel.DESTROYED_GrabPack_C_CHILDACTOR_119.DefaultSceneRoot) Trying to register component with IsPendingKill() == true. Aborting.
[2026.04.26-21.51.18:419][413]LogSkinnedMeshComp: Warning: GetBoneTransform : BoneIndex(18) out of range of MasterBoneMap for CosmeticGrabpack
[2026.04.26-21.51.18:423][413]LogSkinnedMeshComp: Warning: GetBoneTransform : BoneIndex(18) out of range of MasterBoneMap for CosmeticGrabpack
[2026.04.26-21.51.18:426][413]LogActorComponent: RegisterComponentWithWorld: (/Engine/Transient.World_1:PersistentLevel.DESTROYED_GrabPack_C_CHILDACTOR_239.DefaultSceneRoot) Trying to register component with IsPendingKill() == true. Aborting.
[2026.04.26-21.51.18:427][413]LogActorComponent: RegisterComponentWithWorld: (/Engine/Transient.World_1:PersistentLevel.DESTROYED_GrabPack_C_CHILDACTOR_238.DefaultSceneRoot) Trying to register component with IsPendingKill() == true. Aborting.
[2026.04.26-21.51.18:449][413]LogSkinnedMeshComp: Warning: GetBoneTransform : BoneIndex(18) out of range of MasterBoneMap for CosmeticGrabpack
[2026.04.26-21.51.18:451][413]LogActorComponent: RegisterComponentWithWorld: (/Engine/Transient.World_22:PersistentLevel.DESTROYED_GrabPack_C_CHILDACTOR_121.DefaultSceneRoot) Trying to register component with IsPendingKill() == true. Aborting.
[2026.04.26-21.51.18:455][413]LogSkinnedMeshComp: Warning: GetBoneTransform : BoneIndex(18) out of range of MasterBoneMap for CosmeticGrabpack
[2026.04.26-21.51.18:458][413]LogSkinnedMeshComp: Warning: GetBoneTransform : BoneIndex(18) out of range of MasterBoneMap for CosmeticGrabpack
[2026.04.26-21.51.18:462][413]LogActorComponent: RegisterComponentWithWorld: (/Engine/Transient.World_1:PersistentLevel.DESTROYED_GrabPack_C_CHILDACTOR_243.DefaultSceneRoot) Trying to register component with IsPendingKill() == true. Aborting.
[2026.04.26-21.51.18:462][413]LogActorComponent: RegisterComponentWithWorld: (/Engine/Transient.World_1:PersistentLevel.DESTROYED_GrabPack_C_CHILDACTOR_242.DefaultSceneRoot) Trying to register component with IsPendingKill() == true. Aborting.
[2026.04.26-21.51.18:483][413]LogSkinnedMeshComp: Warning: GetBoneTransform : BoneIndex(18) out of range of MasterBoneMap for CosmeticGrabpack
[2026.04.26-21.51.18:485][413]LogActorComponent: RegisterComponentWithWorld: (/Engine/Transient.World_22:PersistentLevel.DESTROYED_GrabPack_C_CHILDACTOR_123.DefaultSceneRoot) Trying to register component with IsPendingKill() == true. Aborting.
[2026.04.26-21.51.18:488][413]LogSkinnedMeshComp: Warning: GetBoneTransform : BoneIndex(18) out of range of MasterBoneMap for CosmeticGrabpack
[2026.04.26-21.51.18:492][413]LogSkinnedMeshComp: Warning: GetBoneTransform : BoneIndex(18) out of range of MasterBoneMap for CosmeticGrabpack
[2026.04.26-21.51.18:495][413]LogActorComponent: RegisterComponentWithWorld: (/Engine/Transient.World_1:PersistentLevel.DESTROYED_GrabPack_C_CHILDACTOR_247.DefaultSceneRoot) Trying to register component with IsPendingKill() == true. Aborting.
[2026.04.26-21.51.18:497][413]LogActorComponent: RegisterComponentWithWorld: (/Engine/Transient.World_1:PersistentLevel.DESTROYED_GrabPack_C_CHILDACTOR_246.DefaultSceneRoot) Trying to register component with IsPendingKill() == true. Aborting.
[2026.04.26-21.51.18:517][413]LogSkinnedMeshComp: Warning: GetBoneTransform : BoneIndex(18) out of range of MasterBoneMap for CosmeticGrabpack
[2026.04.26-21.51.18:519][413]LogActorComponent: RegisterComponentWithWorld: (/Engine/Transient.World_22:PersistentLevel.DESTROYED_GrabPack_C_CHILDACTOR_125.DefaultSceneRoot) Trying to register component with IsPendingKill() == true. Aborting.
[2026.04.26-21.51.18:523][413]LogSkinnedMeshComp: Warning: GetBoneTransform : BoneIndex(18) out of range of MasterBoneMap for CosmeticGrabpack
[2026.04.26-21.51.18:527][413]LogSkinnedMeshComp: Warning: GetBoneTransform : BoneIndex(18) out of range of MasterBoneMap for CosmeticGrabpack
[2026.04.26-21.51.18:530][413]LogActorComponent: RegisterComponentWithWorld: (/Engine/Transient.World_1:PersistentLevel.DESTROYED_GrabPack_C_CHILDACTOR_251.DefaultSceneRoot) Trying to register component with IsPendingKill() == true. Aborting.
[2026.04.26-21.51.18:532][413]LogActorComponent: RegisterComponentWithWorld: (/Engine/Transient.World_1:PersistentLevel.DESTROYED_GrabPack_C_CHILDACTOR_250.DefaultSceneRoot) Trying to register component with IsPendingKill() == true. Aborting.
[2026.04.26-21.51.18:559][413]LogSkinnedMeshComp: Warning: GetBoneTransform : BoneIndex(18) out of range of MasterBoneMap for CosmeticGrabpack
[2026.04.26-21.51.18:561][413]LogActorComponent: RegisterComponentWithWorld: (/Engine/Transient.World_22:PersistentLevel.DESTROYED_GrabPack_C_CHILDACTOR_127.DefaultSceneRoot) Trying to register component with IsPendingKill() == true. Aborting.
[2026.04.26-21.51.18:566][413]LogSkinnedMeshComp: Warning: GetBoneTransform : BoneIndex(18) out of range of MasterBoneMap for CosmeticGrabpack
[2026.04.26-21.51.18:569][413]LogSkinnedMeshComp: Warning: GetBoneTransform : BoneIndex(18) out of range of MasterBoneMap for CosmeticGrabpack
[2026.04.26-21.51.18:573][413]LogActorComponent: RegisterComponentWithWorld: (/Engine/Transient.World_1:PersistentLevel.DESTROYED_GrabPack_C_CHILDACTOR_255.DefaultSceneRoot) Trying to register component with IsPendingKill() == true. Aborting.
[2026.04.26-21.51.18:573][413]LogActorComponent: RegisterComponentWithWorld: (/Engine/Transient.World_1:PersistentLevel.DESTROYED_GrabPack_C_CHILDACTOR_254.DefaultSceneRoot) Trying to register component with IsPendingKill() == true. Aborting.
[2026.04.26-21.51.18:596][413]LogSkinnedMeshComp: Warning: GetBoneTransform : BoneIndex(18) out of range of MasterBoneMap for CosmeticGrabpack
[2026.04.26-21.51.18:596][413]LogActorComponent: RegisterComponentWithWorld: (/Engine/Transient.World_22:PersistentLevel.DESTROYED_GrabPack_C_CHILDACTOR_129.DefaultSceneRoot) Trying to register component with IsPendingKill() == true. Aborting.
[2026.04.26-21.51.18:600][413]LogSkinnedMeshComp: Warning: GetBoneTransform : BoneIndex(18) out of range of MasterBoneMap for CosmeticGrabpack
[2026.04.26-21.51.18:603][413]LogSkinnedMeshComp: Warning: GetBoneTransform : BoneIndex(18) out of range of MasterBoneMap for CosmeticGrabpack
[2026.04.26-21.51.18:607][413]LogActorComponent: RegisterComponentWithWorld: (/Engine/Transient.World_1:PersistentLevel.DESTROYED_GrabPack_C_CHILDACTOR_259.DefaultSceneRoot) Trying to register component with IsPendingKill() == true. Aborting.
[2026.04.26-21.51.18:609][413]LogActorComponent: RegisterComponentWithWorld: (/Engine/Transient.World_1:PersistentLevel.DESTROYED_GrabPack_C_CHILDACTOR_258.DefaultSceneRoot) Trying to register component with IsPendingKill() == true. Aborting.
[2026.04.26-21.51.18:629][413]LogSkinnedMeshComp: Warning: GetBoneTransform : BoneIndex(18) out of range of MasterBoneMap for CosmeticGrabpack
[2026.04.26-21.51.18:631][413]LogActorComponent: RegisterComponentWithWorld: (/Engine/Transient.World_22:PersistentLevel.DESTROYED_GrabPack_C_CHILDACTOR_131.DefaultSceneRoot) Trying to register component with IsPendingKill() == true. Aborting.
[2026.04.26-21.51.18:635][413]LogSkinnedMeshComp: Warning: GetBoneTransform : BoneIndex(18) out of range of MasterBoneMap for CosmeticGrabpack
[2026.04.26-21.51.18:638][413]LogSkinnedMeshComp: Warning: GetBoneTransform : BoneIndex(18) out of range of MasterBoneMap for CosmeticGrabpack
[2026.04.26-21.51.18:643][413]LogActorComponent: RegisterComponentWithWorld: (/Engine/Transient.World_1:PersistentLevel.DESTROYED_GrabPack_C_CHILDACTOR_263.DefaultSceneRoot) Trying to register component with IsPendingKill() == true. Aborting.
[2026.04.26-21.51.18:643][413]LogActorComponent: RegisterComponentWithWorld: (/Engine/Transient.World_1:PersistentLevel.DESTROYED_GrabPack_C_CHILDACTOR_262.DefaultSceneRoot) Trying to register component with IsPendingKill() == true. Aborting.
[2026.04.26-21.51.18:666][413]LogSkinnedMeshComp: Warning: GetBoneTransform : BoneIndex(18) out of range of MasterBoneMap for CosmeticGrabpack
[2026.04.26-21.51.18:668][413]LogActorComponent: RegisterComponentWithWorld: (/Engine/Transient.World_22:PersistentLevel.DESTROYED_GrabPack_C_CHILDACTOR_133.DefaultSceneRoot) Trying to register component with IsPendingKill() == true. Aborting.
[2026.04.26-21.51.18:673][413]LogSkinnedMeshComp: Warning: GetBoneTransform : BoneIndex(18) out of range of MasterBoneMap for CosmeticGrabpack
[2026.04.26-21.51.18:677][413]LogSkinnedMeshComp: Warning: GetBoneTransform : BoneIndex(18) out of range of MasterBoneMap for CosmeticGrabpack
[2026.04.26-21.51.18:682][413]LogActorComponent: RegisterComponentWithWorld: (/Engine/Transient.World_1:PersistentLevel.DESTROYED_GrabPack_C_CHILDACTOR_267.DefaultSceneRoot) Trying to register component with IsPendingKill() == true. Aborting.
[2026.04.26-21.51.18:682][413]LogActorComponent: RegisterComponentWithWorld: (/Engine/Transient.World_1:PersistentLevel.DESTROYED_GrabPack_C_CHILDACTOR_266.DefaultSceneRoot) Trying to register component with IsPendingKill() == true. Aborting.
[2026.04.26-21.51.18:709][413]LogSkinnedMeshComp: Warning: GetBoneTransform : BoneIndex(18) out of range of MasterBoneMap for CosmeticGrabpack
[2026.04.26-21.51.18:710][413]LogActorComponent: RegisterComponentWithWorld: (/Engine/Transient.World_22:PersistentLevel.DESTROYED_GrabPack_C_CHILDACTOR_135.DefaultSceneRoot) Trying to register component with IsPendingKill() == true. Aborting.
[2026.04.26-21.51.18:714][413]LogSkinnedMeshComp: Warning: GetBoneTransform : BoneIndex(18) out of range of MasterBoneMap for CosmeticGrabpack
[2026.04.26-21.51.18:717][413]LogSkinnedMeshComp: Warning: GetBoneTransform : BoneIndex(18) out of range of MasterBoneMap for CosmeticGrabpack
[2026.04.26-21.51.18:722][413]LogActorComponent: RegisterComponentWithWorld: (/Engine/Transient.World_1:PersistentLevel.DESTROYED_GrabPack_C_CHILDACTOR_271.DefaultSceneRoot) Trying to register component with IsPendingKill() == true. Aborting.
[2026.04.26-21.51.18:722][413]LogActorComponent: RegisterComponentWithWorld: (/Engine/Transient.World_1:PersistentLevel.DESTROYED_GrabPack_C_CHILDACTOR_270.DefaultSceneRoot) Trying to register component with IsPendingKill() == true. Aborting.
[2026.04.26-21.51.18:730][413]LogSkinnedMeshComp: Warning: GetBoneTransform : BoneIndex(18) out of range of MasterBoneMap for CosmeticGrabpack
[2026.04.26-21.51.18:730][413]LogActorComponent: RegisterComponentWithWorld: (/Engine/Transient.World_22:PersistentLevel.DESTROYED_GrabPack_C_CHILDACTOR_137.DefaultSceneRoot) Trying to register component with IsPendingKill() == true. Aborting.
[2026.04.26-21.51.18:736][413]LogSkinnedMeshComp: Warning: GetBoneTransform : BoneIndex(18) out of range of MasterBoneMap for CosmeticGrabpack
[2026.04.26-21.51.18:739][413]LogSkinnedMeshComp: Warning: GetBoneTransform : BoneIndex(18) out of range of MasterBoneMap for CosmeticGrabpack
[2026.04.26-21.51.18:744][413]LogActorComponent: RegisterComponentWithWorld: (/Engine/Transient.World_1:PersistentLevel.DESTROYED_GrabPack_C_CHILDACTOR_275.DefaultSceneRoot) Trying to register component with IsPendingKill() == true. Aborting.
[2026.04.26-21.51.18:744][413]LogActorComponent: RegisterComponentWithWorld: (/Engine/Transient.World_1:PersistentLevel.DESTROYED_GrabPack_C_CHILDACTOR_274.DefaultSceneRoot) Trying to register component with IsPendingKill() == true. Aborting.
[2026.04.26-21.51.22:053][577]LogSkinnedMeshComp: Warning: GetBoneTransform : BoneIndex(18) out of range of MasterBoneMap for CosmeticGrabpack
[2026.04.26-21.51.22:055][577]LogActorComponent: RegisterComponentWithWorld: (/Engine/Transient.World_22:PersistentLevel.DESTROYED_GrabPack_C_CHILDACTOR_139.DefaultSceneRoot) Trying to register component with IsPendingKill() == true. Aborting.
[2026.04.26-21.51.22:060][577]LogSkinnedMeshComp: Warning: GetBoneTransform : BoneIndex(18) out of range of MasterBoneMap for CosmeticGrabpack
[2026.04.26-21.51.22:065][577]LogSkinnedMeshComp: Warning: GetBoneTransform : BoneIndex(18) out of range of MasterBoneMap for CosmeticGrabpack
[2026.04.26-21.51.22:069][577]LogActorComponent: RegisterComponentWithWorld: (/Engine/Transient.World_1:PersistentLevel.DESTROYED_GrabPack_C_CHILDACTOR_279.DefaultSceneRoot) Trying to register component with IsPendingKill() == true. Aborting.
[2026.04.26-21.51.22:069][577]LogActorComponent: RegisterComponentWithWorld: (/Engine/Transient.World_1:PersistentLevel.DESTROYED_GrabPack_C_CHILDACTOR_278.DefaultSceneRoot) Trying to register component with IsPendingKill() == true. Aborting.
[2026.04.26-21.51.22:080][577]LogSkinnedMeshComp: Warning: GetBoneTransform : BoneIndex(18) out of range of MasterBoneMap for CosmeticGrabpack
[2026.04.26-21.51.22:080][577]LogActorComponent: RegisterComponentWithWorld: (/Engine/Transient.World_22:PersistentLevel.DESTROYED_GrabPack_C_CHILDACTOR_141.DefaultSceneRoot) Trying to register component with IsPendingKill() == true. Aborting.
[2026.04.26-21.51.22:086][577]LogSkinnedMeshComp: Warning: GetBoneTransform : BoneIndex(18) out of range of MasterBoneMap for CosmeticGrabpack
[2026.04.26-21.51.22:090][577]LogSkinnedMeshComp: Warning: GetBoneTransform : BoneIndex(18) out of range of MasterBoneMap for CosmeticGrabpack
[2026.04.26-21.51.22:096][577]LogActorComponent: RegisterComponentWithWorld: (/Engine/Transient.World_1:PersistentLevel.DESTROYED_GrabPack_C_CHILDACTOR_283.DefaultSceneRoot) Trying to register component with IsPendingKill() == true. Aborting.
[2026.04.26-21.51.22:096][577]LogActorComponent: RegisterComponentWithWorld: (/Engine/Transient.World_1:PersistentLevel.DESTROYED_GrabPack_C_CHILDACTOR_282.DefaultSceneRoot) Trying to register component with IsPendingKill() == true. Aborting.
[2026.04.26-21.51.42:999][553]BlueprintLog: New page: Compile GrabPack
[2026.04.26-21.51.43:210][553]LogUObjectHash: Compacting FUObjectHashTables data took   9.43ms
[2026.04.26-21.51.43:236][553]LogSkinnedMeshComp: Warning: GetBoneTransform : BoneIndex(18) out of range of MasterBoneMap for CosmeticGrabpack
[2026.04.26-21.51.43:237][553]LogActorComponent: RegisterComponentWithWorld: (/Engine/Transient.World_22:PersistentLevel.DESTROYED_GrabPack_C_CHILDACTOR_143.DefaultSceneRoot) Trying to register component with IsPendingKill() == true. Aborting.
[2026.04.26-21.51.43:243][553]LogSkinnedMeshComp: Warning: GetBoneTransform : BoneIndex(18) out of range of MasterBoneMap for CosmeticGrabpack
[2026.04.26-21.51.43:247][553]LogSkinnedMeshComp: Warning: GetBoneTransform : BoneIndex(18) out of range of MasterBoneMap for CosmeticGrabpack
[2026.04.26-21.51.43:251][553]LogActorComponent: RegisterComponentWithWorld: (/Engine/Transient.World_1:PersistentLevel.DESTROYED_GrabPack_C_CHILDACTOR_287.DefaultSceneRoot) Trying to register component with IsPendingKill() == true. Aborting.
[2026.04.26-21.51.43:251][553]LogActorComponent: RegisterComponentWithWorld: (/Engine/Transient.World_1:PersistentLevel.DESTROYED_GrabPack_C_CHILDACTOR_286.DefaultSceneRoot) Trying to register component with IsPendingKill() == true. Aborting.
[2026.04.26-21.51.43:269][553]LogSkinnedMeshComp: Warning: GetBoneTransform : BoneIndex(18) out of range of MasterBoneMap for CosmeticGrabpack
[2026.04.26-21.51.43:270][553]LogActorComponent: RegisterComponentWithWorld: (/Engine/Transient.World_22:PersistentLevel.DESTROYED_GrabPack_C_CHILDACTOR_145.DefaultSceneRoot) Trying to register component with IsPendingKill() == true. Aborting.
[2026.04.26-21.51.43:276][553]LogSkinnedMeshComp: Warning: GetBoneTransform : BoneIndex(18) out of range of MasterBoneMap for CosmeticGrabpack
[2026.04.26-21.51.43:279][553]LogSkinnedMeshComp: Warning: GetBoneTransform : BoneIndex(18) out of range of MasterBoneMap for CosmeticGrabpack
[2026.04.26-21.51.43:283][553]LogActorComponent: RegisterComponentWithWorld: (/Engine/Transient.World_1:PersistentLevel.DESTROYED_GrabPack_C_CHILDACTOR_291.DefaultSceneRoot) Trying to register component with IsPendingKill() == true. Aborting.
[2026.04.26-21.51.43:283][553]LogActorComponent: RegisterComponentWithWorld: (/Engine/Transient.World_1:PersistentLevel.DESTROYED_GrabPack_C_CHILDACTOR_290.DefaultSceneRoot) Trying to register component with IsPendingKill() == true. Aborting.
[2026.04.26-21.51.54:391][102]LogSkinnedMeshComp: Warning: GetBoneTransform : BoneIndex(18) out of range of MasterBoneMap for CosmeticGrabpack
[2026.04.26-21.51.54:392][102]LogActorComponent: RegisterComponentWithWorld: (/Engine/Transient.World_22:PersistentLevel.DESTROYED_GrabPack_C_CHILDACTOR_147.DefaultSceneRoot) Trying to register component with IsPendingKill() == true. Aborting.
[2026.04.26-21.51.54:397][102]LogSkinnedMeshComp: Warning: GetBoneTransform : BoneIndex(18) out of range of MasterBoneMap for CosmeticGrabpack
[2026.04.26-21.51.54:400][102]LogSkinnedMeshComp: Warning: GetBoneTransform : BoneIndex(18) out of range of MasterBoneMap for CosmeticGrabpack
[2026.04.26-21.51.54:405][102]LogActorComponent: RegisterComponentWithWorld: (/Engine/Transient.World_1:PersistentLevel.DESTROYED_GrabPack_C_CHILDACTOR_295.DefaultSceneRoot) Trying to register component with IsPendingKill() == true. Aborting.
[2026.04.26-21.51.54:406][102]LogActorComponent: RegisterComponentWithWorld: (/Engine/Transient.World_1:PersistentLevel.DESTROYED_GrabPack_C_CHILDACTOR_294.DefaultSceneRoot) Trying to register component with IsPendingKill() == true. Aborting.
[2026.04.26-21.51.54:415][102]LogSkinnedMeshComp: Warning: GetBoneTransform : BoneIndex(18) out of range of MasterBoneMap for CosmeticGrabpack
[2026.04.26-21.51.54:417][102]LogActorComponent: RegisterComponentWithWorld: (/Engine/Transient.World_22:PersistentLevel.DESTROYED_GrabPack_C_CHILDACTOR_149.DefaultSceneRoot) Trying to register component with IsPendingKill() == true. Aborting.
[2026.04.26-21.51.54:423][102]LogSkinnedMeshComp: Warning: GetBoneTransform : BoneIndex(18) out of range of MasterBoneMap for CosmeticGrabpack
[2026.04.26-21.51.54:427][102]LogSkinnedMeshComp: Warning: GetBoneTransform : BoneIndex(18) out of range of MasterBoneMap for CosmeticGrabpack
[2026.04.26-21.51.54:433][102]LogActorComponent: RegisterComponentWithWorld: (/Engine/Transient.World_1:PersistentLevel.DESTROYED_GrabPack_C_CHILDACTOR_299.DefaultSceneRoot) Trying to register component with IsPendingKill() == true. Aborting.
[2026.04.26-21.51.54:434][102]LogActorComponent: RegisterComponentWithWorld: (/Engine/Transient.World_1:PersistentLevel.DESTROYED_GrabPack_C_CHILDACTOR_298.DefaultSceneRoot) Trying to register component with IsPendingKill() == true. Aborting.
[2026.04.26-21.52.02:913][531]LogSkinnedMeshComp: Warning: GetBoneTransform : BoneIndex(18) out of range of MasterBoneMap for CosmeticGrabpack
[2026.04.26-21.52.02:917][531]LogActorComponent: RegisterComponentWithWorld: (/Engine/Transient.World_22:PersistentLevel.DESTROYED_GrabPack_C_CHILDACTOR_151.DefaultSceneRoot) Trying to register component with IsPendingKill() == true. Aborting.
[2026.04.26-21.52.02:922][531]LogSkinnedMeshComp: Warning: GetBoneTransform : BoneIndex(18) out of range of MasterBoneMap for CosmeticGrabpack
[2026.04.26-21.52.02:925][531]LogSkinnedMeshComp: Warning: GetBoneTransform : BoneIndex(18) out of range of MasterBoneMap for CosmeticGrabpack
[2026.04.26-21.52.02:930][531]LogActorComponent: RegisterComponentWithWorld: (/Engine/Transient.World_1:PersistentLevel.DESTROYED_GrabPack_C_CHILDACTOR_303.DefaultSceneRoot) Trying to register component with IsPendingKill() == true. Aborting.
[2026.04.26-21.52.02:930][531]LogActorComponent: RegisterComponentWithWorld: (/Engine/Transient.World_1:PersistentLevel.DESTROYED_GrabPack_C_CHILDACTOR_302.DefaultSceneRoot) Trying to register component with IsPendingKill() == true. Aborting.
[2026.04.26-21.52.02:940][531]LogSkinnedMeshComp: Warning: GetBoneTransform : BoneIndex(18) out of range of MasterBoneMap for CosmeticGrabpack
[2026.04.26-21.52.02:941][531]LogActorComponent: RegisterComponentWithWorld: (/Engine/Transient.World_22:PersistentLevel.DESTROYED_GrabPack_C_CHILDACTOR_153.DefaultSceneRoot) Trying to register component with IsPendingKill() == true. Aborting.
[2026.04.26-21.52.02:947][531]LogSkinnedMeshComp: Warning: GetBoneTransform : BoneIndex(18) out of range of MasterBoneMap for CosmeticGrabpack
[2026.04.26-21.52.02:950][531]LogSkinnedMeshComp: Warning: GetBoneTransform : BoneIndex(18) out of range of MasterBoneMap for CosmeticGrabpack
[2026.04.26-21.52.02:955][531]LogActorComponent: RegisterComponentWithWorld: (/Engine/Transient.World_1:PersistentLevel.DESTROYED_GrabPack_C_CHILDACTOR_307.DefaultSceneRoot) Trying to register component with IsPendingKill() == true. Aborting.
[2026.04.26-21.52.02:955][531]LogActorComponent: RegisterComponentWithWorld: (/Engine/Transient.World_1:PersistentLevel.DESTROYED_GrabPack_C_CHILDACTOR_306.DefaultSceneRoot) Trying to register component with IsPendingKill() == true. Aborting.
[2026.04.26-21.52.17:749][273]LogSkinnedMeshComp: Warning: GetBoneTransform : BoneIndex(18) out of range of MasterBoneMap for CosmeticGrabpack
[2026.04.26-21.52.17:750][273]LogActorComponent: RegisterComponentWithWorld: (/Engine/Transient.World_22:PersistentLevel.DESTROYED_GrabPack_C_CHILDACTOR_155.DefaultSceneRoot) Trying to register component with IsPendingKill() == true. Aborting.
[2026.04.26-21.52.17:756][273]LogSkinnedMeshComp: Warning: GetBoneTransform : BoneIndex(18) out of range of MasterBoneMap for CosmeticGrabpack
[2026.04.26-21.52.17:762][273]LogSkinnedMeshComp: Warning: GetBoneTransform : BoneIndex(18) out of range of MasterBoneMap for CosmeticGrabpack
[2026.04.26-21.52.17:768][273]LogActorComponent: RegisterComponentWithWorld: (/Engine/Transient.World_1:PersistentLevel.DESTROYED_GrabPack_C_CHILDACTOR_311.DefaultSceneRoot) Trying to register component with IsPendingKill() == true. Aborting.
[2026.04.26-21.52.17:768][273]LogActorComponent: RegisterComponentWithWorld: (/Engine/Transient.World_1:PersistentLevel.DESTROYED_GrabPack_C_CHILDACTOR_310.DefaultSceneRoot) Trying to register component with IsPendingKill() == true. Aborting.
[2026.04.26-21.52.17:783][273]LogSkinnedMeshComp: Warning: GetBoneTransform : BoneIndex(18) out of range of MasterBoneMap for CosmeticGrabpack
[2026.04.26-21.52.17:785][273]LogActorComponent: RegisterComponentWithWorld: (/Engine/Transient.World_22:PersistentLevel.DESTROYED_GrabPack_C_CHILDACTOR_157.DefaultSceneRoot) Trying to register component with IsPendingKill() == true. Aborting.
[2026.04.26-21.52.17:795][273]LogSkinnedMeshComp: Warning: GetBoneTransform : BoneIndex(18) out of range of MasterBoneMap for CosmeticGrabpack
[2026.04.26-21.52.17:800][273]LogSkinnedMeshComp: Warning: GetBoneTransform : BoneIndex(18) out of range of MasterBoneMap for CosmeticGrabpack
[2026.04.26-21.52.17:808][273]LogActorComponent: RegisterComponentWithWorld: (/Engine/Transient.World_1:PersistentLevel.DESTROYED_GrabPack_C_CHILDACTOR_315.DefaultSceneRoot) Trying to register component with IsPendingKill() == true. Aborting.
[2026.04.26-21.52.17:809][273]LogActorComponent: RegisterComponentWithWorld: (/Engine/Transient.World_1:PersistentLevel.DESTROYED_GrabPack_C_CHILDACTOR_314.DefaultSceneRoot) Trying to register component with IsPendingKill() == true. Aborting.
[2026.04.26-21.52.22:358][485]LogSkinnedMeshComp: Warning: GetBoneTransform : BoneIndex(18) out of range of MasterBoneMap for CosmeticGrabpack
[2026.04.26-21.52.22:360][485]LogActorComponent: RegisterComponentWithWorld: (/Engine/Transient.World_22:PersistentLevel.DESTROYED_GrabPack_C_CHILDACTOR_159.DefaultSceneRoot) Trying to register component with IsPendingKill() == true. Aborting.
[2026.04.26-21.52.22:369][485]LogSkinnedMeshComp: Warning: GetBoneTransform : BoneIndex(18) out of range of MasterBoneMap for CosmeticGrabpack
[2026.04.26-21.52.22:375][485]LogSkinnedMeshComp: Warning: GetBoneTransform : BoneIndex(18) out of range of MasterBoneMap for CosmeticGrabpack
[2026.04.26-21.52.22:381][485]LogActorComponent: RegisterComponentWithWorld: (/Engine/Transient.World_1:PersistentLevel.DESTROYED_GrabPack_C_CHILDACTOR_319.DefaultSceneRoot) Trying to register component with IsPendingKill() == true. Aborting.
[2026.04.26-21.52.22:381][485]LogActorComponent: RegisterComponentWithWorld: (/Engine/Transient.World_1:PersistentLevel.DESTROYED_GrabPack_C_CHILDACTOR_318.DefaultSceneRoot) Trying to register component with IsPendingKill() == true. Aborting.
[2026.04.26-21.52.22:398][485]LogSkinnedMeshComp: Warning: GetBoneTransform : BoneIndex(18) out of range of MasterBoneMap for CosmeticGrabpack
[2026.04.26-21.52.22:399][485]LogActorComponent: RegisterComponentWithWorld: (/Engine/Transient.World_22:PersistentLevel.DESTROYED_GrabPack_C_CHILDACTOR_161.DefaultSceneRoot) Trying to register component with IsPendingKill() == true. Aborting.
[2026.04.26-21.52.22:409][485]LogSkinnedMeshComp: Warning: GetBoneTransform : BoneIndex(18) out of range of MasterBoneMap for CosmeticGrabpack
[2026.04.26-21.52.22:415][485]LogSkinnedMeshComp: Warning: GetBoneTransform : BoneIndex(18) out of range of MasterBoneMap for CosmeticGrabpack
[2026.04.26-21.52.22:421][485]LogActorComponent: RegisterComponentWithWorld: (/Engine/Transient.World_1:PersistentLevel.DESTROYED_GrabPack_C_CHILDACTOR_323.DefaultSceneRoot) Trying to register component with IsPendingKill() == true. Aborting.
[2026.04.26-21.52.22:421][485]LogActorComponent: RegisterComponentWithWorld: (/Engine/Transient.World_1:PersistentLevel.DESTROYED_GrabPack_C_CHILDACTOR_322.DefaultSceneRoot) Trying to register component with IsPendingKill() == true. Aborting.
[2026.04.26-21.52.26:507][675]LogSkinnedMeshComp: Warning: GetBoneTransform : BoneIndex(18) out of range of MasterBoneMap for CosmeticGrabpack
[2026.04.26-21.52.26:509][675]LogActorComponent: RegisterComponentWithWorld: (/Engine/Transient.World_22:PersistentLevel.DESTROYED_GrabPack_C_CHILDACTOR_163.DefaultSceneRoot) Trying to register component with IsPendingKill() == true. Aborting.
[2026.04.26-21.52.26:517][675]LogSkinnedMeshComp: Warning: GetBoneTransform : BoneIndex(18) out of range of MasterBoneMap for CosmeticGrabpack
[2026.04.26-21.52.26:523][675]LogSkinnedMeshComp: Warning: GetBoneTransform : BoneIndex(18) out of range of MasterBoneMap for CosmeticGrabpack
[2026.04.26-21.52.26:530][675]LogActorComponent: RegisterComponentWithWorld: (/Engine/Transient.World_1:PersistentLevel.DESTROYED_GrabPack_C_CHILDACTOR_327.DefaultSceneRoot) Trying to register component with IsPendingKill() == true. Aborting.
[2026.04.26-21.52.26:530][675]LogActorComponent: RegisterComponentWithWorld: (/Engine/Transient.World_1:PersistentLevel.DESTROYED_GrabPack_C_CHILDACTOR_326.DefaultSceneRoot) Trying to register component with IsPendingKill() == true. Aborting.
[2026.04.26-21.52.26:548][675]LogSkinnedMeshComp: Warning: GetBoneTransform : BoneIndex(18) out of range of MasterBoneMap for CosmeticGrabpack
[2026.04.26-21.52.26:549][675]LogActorComponent: RegisterComponentWithWorld: (/Engine/Transient.World_22:PersistentLevel.DESTROYED_GrabPack_C_CHILDACTOR_165.DefaultSceneRoot) Trying to register component with IsPendingKill() == true. Aborting.
[2026.04.26-21.52.26:563][675]LogSkinnedMeshComp: Warning: GetBoneTransform : BoneIndex(18) out of range of MasterBoneMap for CosmeticGrabpack
[2026.04.26-21.52.26:569][675]LogSkinnedMeshComp: Warning: GetBoneTransform : BoneIndex(18) out of range of MasterBoneMap for CosmeticGrabpack
[2026.04.26-21.52.26:576][675]LogActorComponent: RegisterComponentWithWorld: (/Engine/Transient.World_1:PersistentLevel.DESTROYED_GrabPack_C_CHILDACTOR_331.DefaultSceneRoot) Trying to register component with IsPendingKill() == true. Aborting.
[2026.04.26-21.52.26:578][675]LogActorComponent: RegisterComponentWithWorld: (/Engine/Transient.World_1:PersistentLevel.DESTROYED_GrabPack_C_CHILDACTOR_330.DefaultSceneRoot) Trying to register component with IsPendingKill() == true. Aborting.
[2026.04.26-21.52.36:874][177]LogSkinnedMeshComp: Warning: GetBoneTransform : BoneIndex(18) out of range of MasterBoneMap for CosmeticGrabpack
[2026.04.26-21.52.36:876][177]LogActorComponent: RegisterComponentWithWorld: (/Engine/Transient.World_22:PersistentLevel.DESTROYED_GrabPack_C_CHILDACTOR_167.DefaultSceneRoot) Trying to register component with IsPendingKill() == true. Aborting.
[2026.04.26-21.52.36:881][177]LogSkinnedMeshComp: Warning: GetBoneTransform : BoneIndex(18) out of range of MasterBoneMap for CosmeticGrabpack
[2026.04.26-21.52.36:885][177]LogSkinnedMeshComp: Warning: GetBoneTransform : BoneIndex(18) out of range of MasterBoneMap for CosmeticGrabpack
[2026.04.26-21.52.36:890][177]LogActorComponent: RegisterComponentWithWorld: (/Engine/Transient.World_1:PersistentLevel.DESTROYED_GrabPack_C_CHILDACTOR_335.DefaultSceneRoot) Trying to register component with IsPendingKill() == true. Aborting.
[2026.04.26-21.52.36:890][177]LogActorComponent: RegisterComponentWithWorld: (/Engine/Transient.World_1:PersistentLevel.DESTROYED_GrabPack_C_CHILDACTOR_334.DefaultSceneRoot) Trying to register component with IsPendingKill() == true. Aborting.
[2026.04.26-21.52.36:902][177]LogSkinnedMeshComp: Warning: GetBoneTransform : BoneIndex(18) out of range of MasterBoneMap for CosmeticGrabpack
[2026.04.26-21.52.36:902][177]LogActorComponent: RegisterComponentWithWorld: (/Engine/Transient.World_22:PersistentLevel.DESTROYED_GrabPack_C_CHILDACTOR_169.DefaultSceneRoot) Trying to register component with IsPendingKill() == true. Aborting.
[2026.04.26-21.52.36:909][177]LogSkinnedMeshComp: Warning: GetBoneTransform : BoneIndex(18) out of range of MasterBoneMap for CosmeticGrabpack
[2026.04.26-21.52.36:913][177]LogSkinnedMeshComp: Warning: GetBoneTransform : BoneIndex(18) out of range of MasterBoneMap for CosmeticGrabpack
[2026.04.26-21.52.36:917][177]LogActorComponent: RegisterComponentWithWorld: (/Engine/Transient.World_1:PersistentLevel.DESTROYED_GrabPack_C_CHILDACTOR_339.DefaultSceneRoot) Trying to register component with IsPendingKill() == true. Aborting.
[2026.04.26-21.52.36:917][177]LogActorComponent: RegisterComponentWithWorld: (/Engine/Transient.World_1:PersistentLevel.DESTROYED_GrabPack_C_CHILDACTOR_338.DefaultSceneRoot) Trying to register component with IsPendingKill() == true. Aborting.
[2026.04.26-21.52.44:048][536]LogSkinnedMeshComp: Warning: GetBoneTransform : BoneIndex(18) out of range of MasterBoneMap for CosmeticGrabpack
[2026.04.26-21.52.44:049][536]LogActorComponent: RegisterComponentWithWorld: (/Engine/Transient.World_22:PersistentLevel.DESTROYED_GrabPack_C_CHILDACTOR_171.DefaultSceneRoot) Trying to register component with IsPendingKill() == true. Aborting.
[2026.04.26-21.52.44:055][536]LogSkinnedMeshComp: Warning: GetBoneTransform : BoneIndex(18) out of range of MasterBoneMap for CosmeticGrabpack
[2026.04.26-21.52.44:059][536]LogSkinnedMeshComp: Warning: GetBoneTransform : BoneIndex(18) out of range of MasterBoneMap for CosmeticGrabpack
[2026.04.26-21.52.44:062][536]LogActorComponent: RegisterComponentWithWorld: (/Engine/Transient.World_1:PersistentLevel.DESTROYED_GrabPack_C_CHILDACTOR_343.DefaultSceneRoot) Trying to register component with IsPendingKill() == true. Aborting.
[2026.04.26-21.52.44:063][536]LogActorComponent: RegisterComponentWithWorld: (/Engine/Transient.World_1:PersistentLevel.DESTROYED_GrabPack_C_CHILDACTOR_342.DefaultSceneRoot) Trying to register component with IsPendingKill() == true. Aborting.
[2026.04.26-21.52.44:075][536]LogSkinnedMeshComp: Warning: GetBoneTransform : BoneIndex(18) out of range of MasterBoneMap for CosmeticGrabpack
[2026.04.26-21.52.44:076][536]LogActorComponent: RegisterComponentWithWorld: (/Engine/Transient.World_22:PersistentLevel.DESTROYED_GrabPack_C_CHILDACTOR_173.DefaultSceneRoot) Trying to register component with IsPendingKill() == true. Aborting.
[2026.04.26-21.52.44:082][536]LogSkinnedMeshComp: Warning: GetBoneTransform : BoneIndex(18) out of range of MasterBoneMap for CosmeticGrabpack
[2026.04.26-21.52.44:086][536]LogSkinnedMeshComp: Warning: GetBoneTransform : BoneIndex(18) out of range of MasterBoneMap for CosmeticGrabpack
[2026.04.26-21.52.44:091][536]LogActorComponent: RegisterComponentWithWorld: (/Engine/Transient.World_1:PersistentLevel.DESTROYED_GrabPack_C_CHILDACTOR_347.DefaultSceneRoot) Trying to register component with IsPendingKill() == true. Aborting.
[2026.04.26-21.52.44:091][536]LogActorComponent: RegisterComponentWithWorld: (/Engine/Transient.World_1:PersistentLevel.DESTROYED_GrabPack_C_CHILDACTOR_346.DefaultSceneRoot) Trying to register component with IsPendingKill() == true. Aborting.
[2026.04.26-21.52.55:194][ 82]LogSkinnedMeshComp: Warning: GetBoneTransform : BoneIndex(18) out of range of MasterBoneMap for CosmeticGrabpack
[2026.04.26-21.52.55:195][ 82]LogActorComponent: RegisterComponentWithWorld: (/Engine/Transient.World_22:PersistentLevel.DESTROYED_GrabPack_C_CHILDACTOR_175.DefaultSceneRoot) Trying to register component with IsPendingKill() == true. Aborting.
[2026.04.26-21.52.55:201][ 82]LogSkinnedMeshComp: Warning: GetBoneTransform : BoneIndex(18) out of range of MasterBoneMap for CosmeticGrabpack
[2026.04.26-21.52.55:206][ 82]LogSkinnedMeshComp: Warning: GetBoneTransform : BoneIndex(18) out of range of MasterBoneMap for CosmeticGrabpack
[2026.04.26-21.52.55:211][ 82]LogActorComponent: RegisterComponentWithWorld: (/Engine/Transient.World_1:PersistentLevel.DESTROYED_GrabPack_C_CHILDACTOR_351.DefaultSceneRoot) Trying to register component with IsPendingKill() == true. Aborting.
[2026.04.26-21.52.55:212][ 82]LogActorComponent: RegisterComponentWithWorld: (/Engine/Transient.World_1:PersistentLevel.DESTROYED_GrabPack_C_CHILDACTOR_350.DefaultSceneRoot) Trying to register component with IsPendingKill() == true. Aborting.
[2026.04.26-21.52.55:223][ 82]LogSkinnedMeshComp: Warning: GetBoneTransform : BoneIndex(18) out of range of MasterBoneMap for CosmeticGrabpack
[2026.04.26-21.52.55:224][ 82]LogActorComponent: RegisterComponentWithWorld: (/Engine/Transient.World_22:PersistentLevel.DESTROYED_GrabPack_C_CHILDACTOR_177.DefaultSceneRoot) Trying to register component with IsPendingKill() == true. Aborting.
[2026.04.26-21.52.55:230][ 82]LogSkinnedMeshComp: Warning: GetBoneTransform : BoneIndex(18) out of range of MasterBoneMap for CosmeticGrabpack
[2026.04.26-21.52.55:233][ 82]LogSkinnedMeshComp: Warning: GetBoneTransform : BoneIndex(18) out of range of MasterBoneMap for CosmeticGrabpack
[2026.04.26-21.52.55:239][ 82]LogActorComponent: RegisterComponentWithWorld: (/Engine/Transient.World_1:PersistentLevel.DESTROYED_GrabPack_C_CHILDACTOR_355.DefaultSceneRoot) Trying to register component with IsPendingKill() == true. Aborting.
[2026.04.26-21.52.55:239][ 82]LogActorComponent: RegisterComponentWithWorld: (/Engine/Transient.World_1:PersistentLevel.DESTROYED_GrabPack_C_CHILDACTOR_354.DefaultSceneRoot) Trying to register component with IsPendingKill() == true. Aborting.
[2026.04.26-21.53.13:125][983]LogSkinnedMeshComp: Warning: GetBoneTransform : BoneIndex(18) out of range of MasterBoneMap for CosmeticGrabpack
[2026.04.26-21.53.13:138][983]LogActorComponent: RegisterComponentWithWorld: (/Engine/Transient.World_22:PersistentLevel.DESTROYED_GrabPack_C_CHILDACTOR_179.DefaultSceneRoot) Trying to register component with IsPendingKill() == true. Aborting.
[2026.04.26-21.53.13:144][983]LogSkinnedMeshComp: Warning: GetBoneTransform : BoneIndex(18) out of range of MasterBoneMap for CosmeticGrabpack
[2026.04.26-21.53.13:148][983]LogSkinnedMeshComp: Warning: GetBoneTransform : BoneIndex(18) out of range of MasterBoneMap for CosmeticGrabpack
[2026.04.26-21.53.13:154][983]LogActorComponent: RegisterComponentWithWorld: (/Engine/Transient.World_1:PersistentLevel.DESTROYED_GrabPack_C_CHILDACTOR_359.DefaultSceneRoot) Trying to register component with IsPendingKill() == true. Aborting.
[2026.04.26-21.53.13:156][983]LogActorComponent: RegisterComponentWithWorld: (/Engine/Transient.World_1:PersistentLevel.DESTROYED_GrabPack_C_CHILDACTOR_358.DefaultSceneRoot) Trying to register component with IsPendingKill() == true. Aborting.
[2026.04.26-21.53.13:166][983]LogSkinnedMeshComp: Warning: GetBoneTransform : BoneIndex(18) out of range of MasterBoneMap for CosmeticGrabpack
[2026.04.26-21.53.13:167][983]LogActorComponent: RegisterComponentWithWorld: (/Engine/Transient.World_22:PersistentLevel.DESTROYED_GrabPack_C_CHILDACTOR_181.DefaultSceneRoot) Trying to register component with IsPendingKill() == true. Aborting.
[2026.04.26-21.53.13:173][983]LogSkinnedMeshComp: Warning: GetBoneTransform : BoneIndex(18) out of range of MasterBoneMap for CosmeticGrabpack
[2026.04.26-21.53.13:176][983]LogSkinnedMeshComp: Warning: GetBoneTransform : BoneIndex(18) out of range of MasterBoneMap for CosmeticGrabpack
[2026.04.26-21.53.13:180][983]LogActorComponent: RegisterComponentWithWorld: (/Engine/Transient.World_1:PersistentLevel.DESTROYED_GrabPack_C_CHILDACTOR_363.DefaultSceneRoot) Trying to register component with IsPendingKill() == true. Aborting.
[2026.04.26-21.53.13:180][983]LogActorComponent: RegisterComponentWithWorld: (/Engine/Transient.World_1:PersistentLevel.DESTROYED_GrabPack_C_CHILDACTOR_362.DefaultSceneRoot) Trying to register component with IsPendingKill() == true. Aborting.
[2026.04.26-21.53.19:620][309]LogSkinnedMeshComp: Warning: GetBoneTransform : BoneIndex(18) out of range of MasterBoneMap for CosmeticGrabpack
[2026.04.26-21.53.19:622][309]LogActorComponent: RegisterComponentWithWorld: (/Engine/Transient.World_22:PersistentLevel.DESTROYED_GrabPack_C_CHILDACTOR_183.DefaultSceneRoot) Trying to register component with IsPendingKill() == true. Aborting.
[2026.04.26-21.53.19:627][309]LogSkinnedMeshComp: Warning: GetBoneTransform : BoneIndex(18) out of range of MasterBoneMap for CosmeticGrabpack
[2026.04.26-21.53.19:631][309]LogSkinnedMeshComp: Warning: GetBoneTransform : BoneIndex(18) out of range of MasterBoneMap for CosmeticGrabpack
[2026.04.26-21.53.19:636][309]LogActorComponent: RegisterComponentWithWorld: (/Engine/Transient.World_1:PersistentLevel.DESTROYED_GrabPack_C_CHILDACTOR_367.DefaultSceneRoot) Trying to register component with IsPendingKill() == true. Aborting.
[2026.04.26-21.53.19:637][309]LogActorComponent: RegisterComponentWithWorld: (/Engine/Transient.World_1:PersistentLevel.DESTROYED_GrabPack_C_CHILDACTOR_366.DefaultSceneRoot) Trying to register component with IsPendingKill() == true. Aborting.
[2026.04.26-21.53.19:650][309]LogSkinnedMeshComp: Warning: GetBoneTransform : BoneIndex(18) out of range of MasterBoneMap for CosmeticGrabpack
[2026.04.26-21.53.19:651][309]LogActorComponent: RegisterComponentWithWorld: (/Engine/Transient.World_22:PersistentLevel.DESTROYED_GrabPack_C_CHILDACTOR_185.DefaultSceneRoot) Trying to register component with IsPendingKill() == true. Aborting.
[2026.04.26-21.53.19:657][309]LogSkinnedMeshComp: Warning: GetBoneTransform : BoneIndex(18) out of range of MasterBoneMap for CosmeticGrabpack
[2026.04.26-21.53.19:660][309]LogSkinnedMeshComp: Warning: GetBoneTransform : BoneIndex(18) out of range of MasterBoneMap for CosmeticGrabpack
[2026.04.26-21.53.19:667][309]LogActorComponent: RegisterComponentWithWorld: (/Engine/Transient.World_1:PersistentLevel.DESTROYED_GrabPack_C_CHILDACTOR_371.DefaultSceneRoot) Trying to register component with IsPendingKill() == true. Aborting.
[2026.04.26-21.53.19:667][309]LogActorComponent: RegisterComponentWithWorld: (/Engine/Transient.World_1:PersistentLevel.DESTROYED_GrabPack_C_CHILDACTOR_370.DefaultSceneRoot) Trying to register component with IsPendingKill() == true. Aborting.
[2026.04.26-21.53.26:469][655]LogSkinnedMeshComp: Warning: GetBoneTransform : BoneIndex(18) out of range of MasterBoneMap for CosmeticGrabpack
[2026.04.26-21.53.26:470][655]LogActorComponent: RegisterComponentWithWorld: (/Engine/Transient.World_22:PersistentLevel.DESTROYED_GrabPack_C_CHILDACTOR_187.DefaultSceneRoot) Trying to register component with IsPendingKill() == true. Aborting.
[2026.04.26-21.53.26:475][655]LogSkinnedMeshComp: Warning: GetBoneTransform : BoneIndex(18) out of range of MasterBoneMap for CosmeticGrabpack
[2026.04.26-21.53.26:479][655]LogSkinnedMeshComp: Warning: GetBoneTransform : BoneIndex(18) out of range of MasterBoneMap for CosmeticGrabpack
[2026.04.26-21.53.26:485][655]LogActorComponent: RegisterComponentWithWorld: (/Engine/Transient.World_1:PersistentLevel.DESTROYED_GrabPack_C_CHILDACTOR_375.DefaultSceneRoot) Trying to register component with IsPendingKill() == true. Aborting.
[2026.04.26-21.53.26:486][655]LogActorComponent: RegisterComponentWithWorld: (/Engine/Transient.World_1:PersistentLevel.DESTROYED_GrabPack_C_CHILDACTOR_374.DefaultSceneRoot) Trying to register component with IsPendingKill() == true. Aborting.
[2026.04.26-21.53.26:496][655]LogSkinnedMeshComp: Warning: GetBoneTransform : BoneIndex(18) out of range of MasterBoneMap for CosmeticGrabpack
[2026.04.26-21.53.26:498][655]LogActorComponent: RegisterComponentWithWorld: (/Engine/Transient.World_22:PersistentLevel.DESTROYED_GrabPack_C_CHILDACTOR_189.DefaultSceneRoot) Trying to register component with IsPendingKill() == true. Aborting.
[2026.04.26-21.53.26:504][655]LogSkinnedMeshComp: Warning: GetBoneTransform : BoneIndex(18) out of range of MasterBoneMap for CosmeticGrabpack
[2026.04.26-21.53.26:507][655]LogSkinnedMeshComp: Warning: GetBoneTransform : BoneIndex(18) out of range of MasterBoneMap for CosmeticGrabpack
[2026.04.26-21.53.26:512][655]LogActorComponent: RegisterComponentWithWorld: (/Engine/Transient.World_1:PersistentLevel.DESTROYED_GrabPack_C_CHILDACTOR_379.DefaultSceneRoot) Trying to register component with IsPendingKill() == true. Aborting.
[2026.04.26-21.53.26:512][655]LogActorComponent: RegisterComponentWithWorld: (/Engine/Transient.World_1:PersistentLevel.DESTROYED_GrabPack_C_CHILDACTOR_378.DefaultSceneRoot) Trying to register component with IsPendingKill() == true. Aborting.
[2026.04.26-21.53.36:645][174]LogSkinnedMeshComp: Warning: GetBoneTransform : BoneIndex(18) out of range of MasterBoneMap for CosmeticGrabpack
[2026.04.26-21.53.36:645][174]LogActorComponent: RegisterComponentWithWorld: (/Engine/Transient.World_22:PersistentLevel.DESTROYED_GrabPack_C_CHILDACTOR_191.DefaultSceneRoot) Trying to register component with IsPendingKill() == true. Aborting.
[2026.04.26-21.53.36:651][174]LogSkinnedMeshComp: Warning: GetBoneTransform : BoneIndex(18) out of range of MasterBoneMap for CosmeticGrabpack
[2026.04.26-21.53.36:656][174]LogSkinnedMeshComp: Warning: GetBoneTransform : BoneIndex(18) out of range of MasterBoneMap for CosmeticGrabpack
[2026.04.26-21.53.36:659][174]LogActorComponent: RegisterComponentWithWorld: (/Engine/Transient.World_1:PersistentLevel.DESTROYED_GrabPack_C_CHILDACTOR_383.DefaultSceneRoot) Trying to register component with IsPendingKill() == true. Aborting.
[2026.04.26-21.53.36:660][174]LogActorComponent: RegisterComponentWithWorld: (/Engine/Transient.World_1:PersistentLevel.DESTROYED_GrabPack_C_CHILDACTOR_382.DefaultSceneRoot) Trying to register component with IsPendingKill() == true. Aborting.
[2026.04.26-21.53.36:673][174]LogSkinnedMeshComp: Warning: GetBoneTransform : BoneIndex(18) out of range of MasterBoneMap for CosmeticGrabpack
[2026.04.26-21.53.36:673][174]LogActorComponent: RegisterComponentWithWorld: (/Engine/Transient.World_22:PersistentLevel.DESTROYED_GrabPack_C_CHILDACTOR_193.DefaultSceneRoot) Trying to register component with IsPendingKill() == true. Aborting.
[2026.04.26-21.53.36:684][174]LogSkinnedMeshComp: Warning: GetBoneTransform : BoneIndex(18) out of range of MasterBoneMap for CosmeticGrabpack
[2026.04.26-21.53.36:688][174]LogSkinnedMeshComp: Warning: GetBoneTransform : BoneIndex(18) out of range of MasterBoneMap for CosmeticGrabpack
[2026.04.26-21.53.36:695][174]LogActorComponent: RegisterComponentWithWorld: (/Engine/Transient.World_1:PersistentLevel.DESTROYED_GrabPack_C_CHILDACTOR_387.DefaultSceneRoot) Trying to register component with IsPendingKill() == true. Aborting.
[2026.04.26-21.53.36:695][174]LogActorComponent: RegisterComponentWithWorld: (/Engine/Transient.World_1:PersistentLevel.DESTROYED_GrabPack_C_CHILDACTOR_386.DefaultSceneRoot) Trying to register component with IsPendingKill() == true. Aborting.
[2026.04.26-21.53.42:640][467]LogSkinnedMeshComp: Warning: GetBoneTransform : BoneIndex(18) out of range of MasterBoneMap for CosmeticGrabpack
[2026.04.26-21.53.42:642][467]LogActorComponent: RegisterComponentWithWorld: (/Engine/Transient.World_22:PersistentLevel.DESTROYED_GrabPack_C_CHILDACTOR_195.DefaultSceneRoot) Trying to register component with IsPendingKill() == true. Aborting.
[2026.04.26-21.53.42:648][467]LogSkinnedMeshComp: Warning: GetBoneTransform : BoneIndex(18) out of range of MasterBoneMap for CosmeticGrabpack
[2026.04.26-21.53.42:652][467]LogSkinnedMeshComp: Warning: GetBoneTransform : BoneIndex(18) out of range of MasterBoneMap for CosmeticGrabpack
[2026.04.26-21.53.42:656][467]LogActorComponent: RegisterComponentWithWorld: (/Engine/Transient.World_1:PersistentLevel.DESTROYED_GrabPack_C_CHILDACTOR_391.DefaultSceneRoot) Trying to register component with IsPendingKill() == true. Aborting.
[2026.04.26-21.53.42:656][467]LogActorComponent: RegisterComponentWithWorld: (/Engine/Transient.World_1:PersistentLevel.DESTROYED_GrabPack_C_CHILDACTOR_390.DefaultSceneRoot) Trying to register component with IsPendingKill() == true. Aborting.
[2026.04.26-21.53.42:670][467]LogSkinnedMeshComp: Warning: GetBoneTransform : BoneIndex(18) out of range of MasterBoneMap for CosmeticGrabpack
[2026.04.26-21.53.42:671][467]LogActorComponent: RegisterComponentWithWorld: (/Engine/Transient.World_22:PersistentLevel.DESTROYED_GrabPack_C_CHILDACTOR_197.DefaultSceneRoot) Trying to register component with IsPendingKill() == true. Aborting.
[2026.04.26-21.53.42:677][467]LogSkinnedMeshComp: Warning: GetBoneTransform : BoneIndex(18) out of range of MasterBoneMap for CosmeticGrabpack
[2026.04.26-21.53.42:682][467]LogSkinnedMeshComp: Warning: GetBoneTransform : BoneIndex(18) out of range of MasterBoneMap for CosmeticGrabpack
[2026.04.26-21.53.42:685][467]LogActorComponent: RegisterComponentWithWorld: (/Engine/Transient.World_1:PersistentLevel.DESTROYED_GrabPack_C_CHILDACTOR_395.DefaultSceneRoot) Trying to register component with IsPendingKill() == true. Aborting.
[2026.04.26-21.53.42:686][467]LogActorComponent: RegisterComponentWithWorld: (/Engine/Transient.World_1:PersistentLevel.DESTROYED_GrabPack_C_CHILDACTOR_394.DefaultSceneRoot) Trying to register component with IsPendingKill() == true. Aborting.
[2026.04.26-21.53.50:410][851]LogSkinnedMeshComp: Warning: GetBoneTransform : BoneIndex(18) out of range of MasterBoneMap for CosmeticGrabpack
[2026.04.26-21.53.50:412][851]LogActorComponent: RegisterComponentWithWorld: (/Engine/Transient.World_22:PersistentLevel.DESTROYED_GrabPack_C_CHILDACTOR_199.DefaultSceneRoot) Trying to register component with IsPendingKill() == true. Aborting.
[2026.04.26-21.53.50:419][851]LogSkinnedMeshComp: Warning: GetBoneTransform : BoneIndex(18) out of range of MasterBoneMap for CosmeticGrabpack
[2026.04.26-21.53.50:424][851]LogSkinnedMeshComp: Warning: GetBoneTransform : BoneIndex(18) out of range of MasterBoneMap for CosmeticGrabpack
[2026.04.26-21.53.50:430][851]LogActorComponent: RegisterComponentWithWorld: (/Engine/Transient.World_1:PersistentLevel.DESTROYED_GrabPack_C_CHILDACTOR_399.DefaultSceneRoot) Trying to register component with IsPendingKill() == true. Aborting.
[2026.04.26-21.53.50:431][851]LogActorComponent: RegisterComponentWithWorld: (/Engine/Transient.World_1:PersistentLevel.DESTROYED_GrabPack_C_CHILDACTOR_398.DefaultSceneRoot) Trying to register component with IsPendingKill() == true. Aborting.
[2026.04.26-21.53.50:444][851]LogSkinnedMeshComp: Warning: GetBoneTransform : BoneIndex(18) out of range of MasterBoneMap for CosmeticGrabpack
[2026.04.26-21.53.50:446][851]LogActorComponent: RegisterComponentWithWorld: (/Engine/Transient.World_22:PersistentLevel.DESTROYED_GrabPack_C_CHILDACTOR_201.DefaultSceneRoot) Trying to register component with IsPendingKill() == true. Aborting.
[2026.04.26-21.53.50:451][851]LogSkinnedMeshComp: Warning: GetBoneTransform : BoneIndex(18) out of range of MasterBoneMap for CosmeticGrabpack
[2026.04.26-21.53.50:454][851]LogSkinnedMeshComp: Warning: GetBoneTransform : BoneIndex(18) out of range of MasterBoneMap for CosmeticGrabpack
[2026.04.26-21.53.50:459][851]LogActorComponent: RegisterComponentWithWorld: (/Engine/Transient.World_1:PersistentLevel.DESTROYED_GrabPack_C_CHILDACTOR_403.DefaultSceneRoot) Trying to register component with IsPendingKill() == true. Aborting.
[2026.04.26-21.53.50:461][851]LogActorComponent: RegisterComponentWithWorld: (/Engine/Transient.World_1:PersistentLevel.DESTROYED_GrabPack_C_CHILDACTOR_402.DefaultSceneRoot) Trying to register component with IsPendingKill() == true. Aborting.
[2026.04.26-21.54.04:816][590]LogSkinnedMeshComp: Warning: GetBoneTransform : BoneIndex(18) out of range of MasterBoneMap for CosmeticGrabpack
[2026.04.26-21.54.04:817][590]LogActorComponent: RegisterComponentWithWorld: (/Engine/Transient.World_22:PersistentLevel.DESTROYED_GrabPack_C_CHILDACTOR_203.DefaultSceneRoot) Trying to register component with IsPendingKill() == true. Aborting.
[2026.04.26-21.54.04:825][590]LogSkinnedMeshComp: Warning: GetBoneTransform : BoneIndex(18) out of range of MasterBoneMap for CosmeticGrabpack
[2026.04.26-21.54.04:830][590]LogSkinnedMeshComp: Warning: GetBoneTransform : BoneIndex(18) out of range of MasterBoneMap for CosmeticGrabpack
[2026.04.26-21.54.04:836][590]LogActorComponent: RegisterComponentWithWorld: (/Engine/Transient.World_1:PersistentLevel.DESTROYED_GrabPack_C_CHILDACTOR_407.DefaultSceneRoot) Trying to register component with IsPendingKill() == true. Aborting.
[2026.04.26-21.54.04:836][590]LogActorComponent: RegisterComponentWithWorld: (/Engine/Transient.World_1:PersistentLevel.DESTROYED_GrabPack_C_CHILDACTOR_406.DefaultSceneRoot) Trying to register component with IsPendingKill() == true. Aborting.
[2026.04.26-21.54.04:853][590]LogSkinnedMeshComp: Warning: GetBoneTransform : BoneIndex(18) out of range of MasterBoneMap for CosmeticGrabpack
[2026.04.26-21.54.04:855][590]LogActorComponent: RegisterComponentWithWorld: (/Engine/Transient.World_22:PersistentLevel.DESTROYED_GrabPack_C_CHILDACTOR_205.DefaultSceneRoot) Trying to register component with IsPendingKill() == true. Aborting.
[2026.04.26-21.54.04:865][590]LogSkinnedMeshComp: Warning: GetBoneTransform : BoneIndex(18) out of range of MasterBoneMap for CosmeticGrabpack
[2026.04.26-21.54.04:870][590]LogSkinnedMeshComp: Warning: GetBoneTransform : BoneIndex(18) out of range of MasterBoneMap for CosmeticGrabpack
[2026.04.26-21.54.04:878][590]LogActorComponent: RegisterComponentWithWorld: (/Engine/Transient.World_1:PersistentLevel.DESTROYED_GrabPack_C_CHILDACTOR_411.DefaultSceneRoot) Trying to register component with IsPendingKill() == true. Aborting.
[2026.04.26-21.54.04:878][590]LogActorComponent: RegisterComponentWithWorld: (/Engine/Transient.World_1:PersistentLevel.DESTROYED_GrabPack_C_CHILDACTOR_410.DefaultSceneRoot) Trying to register component with IsPendingKill() == true. Aborting.
[2026.04.26-21.54.09:469][806]LogSkinnedMeshComp: Warning: GetBoneTransform : BoneIndex(18) out of range of MasterBoneMap for CosmeticGrabpack
[2026.04.26-21.54.09:469][806]LogActorComponent: RegisterComponentWithWorld: (/Engine/Transient.World_22:PersistentLevel.DESTROYED_GrabPack_C_CHILDACTOR_207.DefaultSceneRoot) Trying to register component with IsPendingKill() == true. Aborting.
[2026.04.26-21.54.09:476][806]LogSkinnedMeshComp: Warning: GetBoneTransform : BoneIndex(18) out of range of MasterBoneMap for CosmeticGrabpack
[2026.04.26-21.54.09:482][806]LogSkinnedMeshComp: Warning: GetBoneTransform : BoneIndex(18) out of range of MasterBoneMap for CosmeticGrabpack
[2026.04.26-21.54.09:486][806]LogActorComponent: RegisterComponentWithWorld: (/Engine/Transient.World_1:PersistentLevel.DESTROYED_GrabPack_C_CHILDACTOR_415.DefaultSceneRoot) Trying to register component with IsPendingKill() == true. Aborting.
[2026.04.26-21.54.09:488][806]LogActorComponent: RegisterComponentWithWorld: (/Engine/Transient.World_1:PersistentLevel.DESTROYED_GrabPack_C_CHILDACTOR_414.DefaultSceneRoot) Trying to register component with IsPendingKill() == true. Aborting.
[2026.04.26-21.54.09:500][806]LogSkinnedMeshComp: Warning: GetBoneTransform : BoneIndex(18) out of range of MasterBoneMap for CosmeticGrabpack
[2026.04.26-21.54.09:501][806]LogActorComponent: RegisterComponentWithWorld: (/Engine/Transient.World_22:PersistentLevel.DESTROYED_GrabPack_C_CHILDACTOR_209.DefaultSceneRoot) Trying to register component with IsPendingKill() == true. Aborting.
[2026.04.26-21.54.09:508][806]LogSkinnedMeshComp: Warning: GetBoneTransform : BoneIndex(18) out of range of MasterBoneMap for CosmeticGrabpack
[2026.04.26-21.54.09:513][806]LogSkinnedMeshComp: Warning: GetBoneTransform : BoneIndex(18) out of range of MasterBoneMap for CosmeticGrabpack
[2026.04.26-21.54.09:517][806]LogActorComponent: RegisterComponentWithWorld: (/Engine/Transient.World_1:PersistentLevel.DESTROYED_GrabPack_C_CHILDACTOR_419.DefaultSceneRoot) Trying to register component with IsPendingKill() == true. Aborting.
[2026.04.26-21.54.09:517][806]LogActorComponent: RegisterComponentWithWorld: (/Engine/Transient.World_1:PersistentLevel.DESTROYED_GrabPack_C_CHILDACTOR_418.DefaultSceneRoot) Trying to register component with IsPendingKill() == true. Aborting.
[2026.04.26-21.54.19:287][292]LogSkinnedMeshComp: Warning: GetBoneTransform : BoneIndex(18) out of range of MasterBoneMap for CosmeticGrabpack
[2026.04.26-21.54.19:289][292]LogActorComponent: RegisterComponentWithWorld: (/Engine/Transient.World_22:PersistentLevel.DESTROYED_GrabPack_C_CHILDACTOR_211.DefaultSceneRoot) Trying to register component with IsPendingKill() == true. Aborting.
[2026.04.26-21.54.19:296][292]LogSkinnedMeshComp: Warning: GetBoneTransform : BoneIndex(18) out of range of MasterBoneMap for CosmeticGrabpack
[2026.04.26-21.54.19:301][292]LogSkinnedMeshComp: Warning: GetBoneTransform : BoneIndex(18) out of range of MasterBoneMap for CosmeticGrabpack
[2026.04.26-21.54.19:306][292]LogActorComponent: RegisterComponentWithWorld: (/Engine/Transient.World_1:PersistentLevel.DESTROYED_GrabPack_C_CHILDACTOR_423.DefaultSceneRoot) Trying to register component with IsPendingKill() == true. Aborting.
[2026.04.26-21.54.19:307][292]LogActorComponent: RegisterComponentWithWorld: (/Engine/Transient.World_1:PersistentLevel.DESTROYED_GrabPack_C_CHILDACTOR_422.DefaultSceneRoot) Trying to register component with IsPendingKill() == true. Aborting.
[2026.04.26-21.54.19:321][292]LogSkinnedMeshComp: Warning: GetBoneTransform : BoneIndex(18) out of range of MasterBoneMap for CosmeticGrabpack
[2026.04.26-21.54.19:322][292]LogActorComponent: RegisterComponentWithWorld: (/Engine/Transient.World_22:PersistentLevel.DESTROYED_GrabPack_C_CHILDACTOR_213.DefaultSceneRoot) Trying to register component with IsPendingKill() == true. Aborting.
[2026.04.26-21.54.19:330][292]LogSkinnedMeshComp: Warning: GetBoneTransform : BoneIndex(18) out of range of MasterBoneMap for CosmeticGrabpack
[2026.04.26-21.54.19:335][292]LogSkinnedMeshComp: Warning: GetBoneTransform : BoneIndex(18) out of range of MasterBoneMap for CosmeticGrabpack
[2026.04.26-21.54.19:341][292]LogActorComponent: RegisterComponentWithWorld: (/Engine/Transient.World_1:PersistentLevel.DESTROYED_GrabPack_C_CHILDACTOR_427.DefaultSceneRoot) Trying to register component with IsPendingKill() == true. Aborting.
[2026.04.26-21.54.19:341][292]LogActorComponent: RegisterComponentWithWorld: (/Engine/Transient.World_1:PersistentLevel.DESTROYED_GrabPack_C_CHILDACTOR_426.DefaultSceneRoot) Trying to register component with IsPendingKill() == true. Aborting.
[2026.04.26-21.54.23:783][504]LogSkinnedMeshComp: Warning: GetBoneTransform : BoneIndex(18) out of range of MasterBoneMap for CosmeticGrabpack
[2026.04.26-21.54.23:785][504]LogActorComponent: RegisterComponentWithWorld: (/Engine/Transient.World_22:PersistentLevel.DESTROYED_GrabPack_C_CHILDACTOR_215.DefaultSceneRoot) Trying to register component with IsPendingKill() == true. Aborting.
[2026.04.26-21.54.23:796][504]LogSkinnedMeshComp: Warning: GetBoneTransform : BoneIndex(18) out of range of MasterBoneMap for CosmeticGrabpack
[2026.04.26-21.54.23:802][504]LogSkinnedMeshComp: Warning: GetBoneTransform : BoneIndex(18) out of range of MasterBoneMap for CosmeticGrabpack
[2026.04.26-21.54.23:808][504]LogActorComponent: RegisterComponentWithWorld: (/Engine/Transient.World_1:PersistentLevel.DESTROYED_GrabPack_C_CHILDACTOR_431.DefaultSceneRoot) Trying to register component with IsPendingKill() == true. Aborting.
[2026.04.26-21.54.23:809][504]LogActorComponent: RegisterComponentWithWorld: (/Engine/Transient.World_1:PersistentLevel.DESTROYED_GrabPack_C_CHILDACTOR_430.DefaultSceneRoot) Trying to register component with IsPendingKill() == true. Aborting.
[2026.04.26-21.54.23:821][504]LogSkinnedMeshComp: Warning: GetBoneTransform : BoneIndex(18) out of range of MasterBoneMap for CosmeticGrabpack
[2026.04.26-21.54.23:823][504]LogActorComponent: RegisterComponentWithWorld: (/Engine/Transient.World_22:PersistentLevel.DESTROYED_GrabPack_C_CHILDACTOR_217.DefaultSceneRoot) Trying to register component with IsPendingKill() == true. Aborting.
[2026.04.26-21.54.23:832][504]LogSkinnedMeshComp: Warning: GetBoneTransform : BoneIndex(18) out of range of MasterBoneMap for CosmeticGrabpack
[2026.04.26-21.54.23:836][504]LogSkinnedMeshComp: Warning: GetBoneTransform : BoneIndex(18) out of range of MasterBoneMap for CosmeticGrabpack
[2026.04.26-21.54.23:843][504]LogActorComponent: RegisterComponentWithWorld: (/Engine/Transient.World_1:PersistentLevel.DESTROYED_GrabPack_C_CHILDACTOR_435.DefaultSceneRoot) Trying to register component with IsPendingKill() == true. Aborting.
[2026.04.26-21.54.23:843][504]LogActorComponent: RegisterComponentWithWorld: (/Engine/Transient.World_1:PersistentLevel.DESTROYED_GrabPack_C_CHILDACTOR_434.DefaultSceneRoot) Trying to register component with IsPendingKill() == true. Aborting.
[2026.04.26-21.54.29:765][815]BlueprintLog: New page: Compile GrabPack
[2026.04.26-21.54.29:965][815]LogUObjectHash: Compacting FUObjectHashTables data took   6.13ms
[2026.04.26-21.54.29:983][815]LogSkinnedMeshComp: Warning: GetBoneTransform : BoneIndex(18) out of range of MasterBoneMap for CosmeticGrabpack
[2026.04.26-21.54.29:984][815]LogActorComponent: RegisterComponentWithWorld: (/Engine/Transient.World_22:PersistentLevel.DESTROYED_GrabPack_C_CHILDACTOR_219.DefaultSceneRoot) Trying to register component with IsPendingKill() == true. Aborting.
[2026.04.26-21.54.29:988][815]LogSkinnedMeshComp: Warning: GetBoneTransform : BoneIndex(18) out of range of MasterBoneMap for CosmeticGrabpack
[2026.04.26-21.54.29:992][815]LogSkinnedMeshComp: Warning: GetBoneTransform : BoneIndex(18) out of range of MasterBoneMap for CosmeticGrabpack
[2026.04.26-21.54.29:995][815]LogActorComponent: RegisterComponentWithWorld: (/Engine/Transient.World_1:PersistentLevel.DESTROYED_GrabPack_C_CHILDACTOR_439.DefaultSceneRoot) Trying to register component with IsPendingKill() == true. Aborting.
[2026.04.26-21.54.29:996][815]LogActorComponent: RegisterComponentWithWorld: (/Engine/Transient.World_1:PersistentLevel.DESTROYED_GrabPack_C_CHILDACTOR_438.DefaultSceneRoot) Trying to register component with IsPendingKill() == true. Aborting.
[2026.04.26-21.54.30:012][815]LogSkinnedMeshComp: Warning: GetBoneTransform : BoneIndex(18) out of range of MasterBoneMap for CosmeticGrabpack
[2026.04.26-21.54.30:013][815]LogActorComponent: RegisterComponentWithWorld: (/Engine/Transient.World_22:PersistentLevel.DESTROYED_GrabPack_C_CHILDACTOR_221.DefaultSceneRoot) Trying to register component with IsPendingKill() == true. Aborting.
[2026.04.26-21.54.30:018][815]LogSkinnedMeshComp: Warning: GetBoneTransform : BoneIndex(18) out of range of MasterBoneMap for CosmeticGrabpack
[2026.04.26-21.54.30:021][815]LogSkinnedMeshComp: Warning: GetBoneTransform : BoneIndex(18) out of range of MasterBoneMap for CosmeticGrabpack
[2026.04.26-21.54.30:025][815]LogActorComponent: RegisterComponentWithWorld: (/Engine/Transient.World_1:PersistentLevel.DESTROYED_GrabPack_C_CHILDACTOR_443.DefaultSceneRoot) Trying to register component with IsPendingKill() == true. Aborting.
[2026.04.26-21.54.30:025][815]LogActorComponent: RegisterComponentWithWorld: (/Engine/Transient.World_1:PersistentLevel.DESTROYED_GrabPack_C_CHILDACTOR_442.DefaultSceneRoot) Trying to register component with IsPendingKill() == true. Aborting.
[2026.04.26-21.54.30:541][834]Cmd: OBJ SAVEPACKAGE PACKAGE="/Game/Items/Cosmetics/BP_Cont/GrabPack" FILE="../../../../../../LastStep/PROJECT-LAST-STEP/Playtime_Multiplayer/Content/Items/Cosmetics/BP_Cont/GrabPack.uasset" SILENT=true
[2026.04.26-21.54.30:591][834]LogSavePackage: Moving '../../../../../../LastStep/PROJECT-LAST-STEP/Playtime_Multiplayer/Saved/GrabPackFDF36D8146879CD003E67081489CEBB9.tmp' to '../../../../../../LastStep/PROJECT-LAST-STEP/Playtime_Multiplayer/Content/Items/Cosmetics/BP_Cont/GrabPack.uasset'
[2026.04.26-21.54.30:631][834]AssetCheck: New page: Asset Save: GrabPack
[2026.04.26-21.54.30:631][834]LogContentValidation: Display: Validating Blueprint /Game/Items/Cosmetics/BP_Cont/GrabPack.GrabPack
[2026.04.26-21.55.16:418][446]LogSkinnedMeshComp: Warning: GetBoneTransform : BoneIndex(18) out of range of MasterBoneMap for CosmeticGrabpack
[2026.04.26-21.55.16:420][446]LogActorComponent: RegisterComponentWithWorld: (/Engine/Transient.World_22:PersistentLevel.DESTROYED_GrabPack_C_CHILDACTOR_223.DefaultSceneRoot) Trying to register component with IsPendingKill() == true. Aborting.
[2026.04.26-21.55.16:427][446]LogSkinnedMeshComp: Warning: GetBoneTransform : BoneIndex(18) out of range of MasterBoneMap for CosmeticGrabpack
[2026.04.26-21.55.16:434][446]LogSkinnedMeshComp: Warning: GetBoneTransform : BoneIndex(18) out of range of MasterBoneMap for CosmeticGrabpack
[2026.04.26-21.55.16:438][446]LogActorComponent: RegisterComponentWithWorld: (/Engine/Transient.World_1:PersistentLevel.DESTROYED_GrabPack_C_CHILDACTOR_447.DefaultSceneRoot) Trying to register component with IsPendingKill() == true. Aborting.
[2026.04.26-21.55.16:438][446]LogActorComponent: RegisterComponentWithWorld: (/Engine/Transient.World_1:PersistentLevel.DESTROYED_GrabPack_C_CHILDACTOR_446.DefaultSceneRoot) Trying to register component with IsPendingKill() == true. Aborting.
[2026.04.26-21.55.43:736][947]LogSkinnedMeshComp: Warning: GetBoneTransform : BoneIndex(18) out of range of MasterBoneMap for CosmeticGrabpack
[2026.04.26-21.55.43:737][947]LogActorComponent: RegisterComponentWithWorld: (/Engine/Transient.World_22:PersistentLevel.DESTROYED_GrabPack_C_CHILDACTOR_225.DefaultSceneRoot) Trying to register component with IsPendingKill() == true. Aborting.
[2026.04.26-21.55.43:748][947]LogSkinnedMeshComp: Warning: GetBoneTransform : BoneIndex(18) out of range of MasterBoneMap for CosmeticGrabpack
[2026.04.26-21.55.43:752][947]LogSkinnedMeshComp: Warning: GetBoneTransform : BoneIndex(18) out of range of MasterBoneMap for CosmeticGrabpack
[2026.04.26-21.55.43:758][947]LogActorComponent: RegisterComponentWithWorld: (/Engine/Transient.World_1:PersistentLevel.DESTROYED_GrabPack_C_CHILDACTOR_451.DefaultSceneRoot) Trying to register component with IsPendingKill() == true. Aborting.
[2026.04.26-21.55.43:758][947]LogActorComponent: RegisterComponentWithWorld: (/Engine/Transient.World_1:PersistentLevel.DESTROYED_GrabPack_C_CHILDACTOR_450.DefaultSceneRoot) Trying to register component with IsPendingKill() == true. Aborting.
[2026.04.26-21.55.45:956][ 47]BlueprintLog: New page: Compile GrabPack
[2026.04.26-21.55.46:149][ 47]LogUObjectHash: Compacting FUObjectHashTables data took   7.15ms
[2026.04.26-21.55.46:166][ 47]LogSkinnedMeshComp: Warning: GetBoneTransform : BoneIndex(18) out of range of MasterBoneMap for CosmeticGrabpack
[2026.04.26-21.55.46:166][ 47]LogSkinnedMeshComp: Warning: GetBoneTransform : BoneIndex(18) out of range of MasterBoneMap for CosmeticGrabpack
[2026.04.26-21.55.46:167][ 47]LogActorComponent: RegisterComponentWithWorld: (/Engine/Transient.World_22:PersistentLevel.DESTROYED_GrabPack_C_CHILDACTOR_227.DefaultSceneRoot) Trying to register component with IsPendingKill() == true. Aborting.
[2026.04.26-21.55.46:173][ 47]LogSkinnedMeshComp: Warning: GetBoneTransform : BoneIndex(18) out of range of MasterBoneMap for CosmeticGrabpack
[2026.04.26-21.55.46:173][ 47]LogSkinnedMeshComp: Warning: GetBoneTransform : BoneIndex(18) out of range of MasterBoneMap for CosmeticGrabpack
[2026.04.26-21.55.46:176][ 47]LogSkinnedMeshComp: Warning: GetBoneTransform : BoneIndex(18) out of range of MasterBoneMap for CosmeticGrabpack
[2026.04.26-21.55.46:176][ 47]LogSkinnedMeshComp: Warning: GetBoneTransform : BoneIndex(18) out of range of MasterBoneMap for CosmeticGrabpack
[2026.04.26-21.55.46:180][ 47]LogActorComponent: RegisterComponentWithWorld: (/Engine/Transient.World_1:PersistentLevel.DESTROYED_GrabPack_C_CHILDACTOR_455.DefaultSceneRoot) Trying to register component with IsPendingKill() == true. Aborting.
[2026.04.26-21.55.46:180][ 47]LogActorComponent: RegisterComponentWithWorld: (/Engine/Transient.World_1:PersistentLevel.DESTROYED_GrabPack_C_CHILDACTOR_454.DefaultSceneRoot) Trying to register component with IsPendingKill() == true. Aborting.
[2026.04.26-21.55.46:197][ 47]LogSkinnedMeshComp: Warning: GetBoneTransform : BoneIndex(18) out of range of MasterBoneMap for CosmeticGrabpack
[2026.04.26-21.55.46:197][ 47]LogSkinnedMeshComp: Warning: GetBoneTransform : BoneIndex(18) out of range of MasterBoneMap for CosmeticGrabpack
[2026.04.26-21.55.46:198][ 47]LogActorComponent: RegisterComponentWithWorld: (/Engine/Transient.World_22:PersistentLevel.DESTROYED_GrabPack_C_CHILDACTOR_229.DefaultSceneRoot) Trying to register component with IsPendingKill() == true. Aborting.
[2026.04.26-21.55.46:203][ 47]LogSkinnedMeshComp: Warning: GetBoneTransform : BoneIndex(18) out of range of MasterBoneMap for CosmeticGrabpack
[2026.04.26-21.55.46:203][ 47]LogSkinnedMeshComp: Warning: GetBoneTransform : BoneIndex(18) out of range of MasterBoneMap for CosmeticGrabpack
[2026.04.26-21.55.46:206][ 47]LogSkinnedMeshComp: Warning: GetBoneTransform : BoneIndex(18) out of range of MasterBoneMap for CosmeticGrabpack
[2026.04.26-21.55.46:206][ 47]LogSkinnedMeshComp: Warning: GetBoneTransform : BoneIndex(18) out of range of MasterBoneMap for CosmeticGrabpack
[2026.04.26-21.55.46:210][ 47]LogActorComponent: RegisterComponentWithWorld: (/Engine/Transient.World_1:PersistentLevel.DESTROYED_GrabPack_C_CHILDACTOR_459.DefaultSceneRoot) Trying to register component with IsPendingKill() == true. Aborting.
[2026.04.26-21.55.46:210][ 47]LogActorComponent: RegisterComponentWithWorld: (/Engine/Transient.World_1:PersistentLevel.DESTROYED_GrabPack_C_CHILDACTOR_458.DefaultSceneRoot) Trying to register component with IsPendingKill() == true. Aborting.
[2026.04.26-21.55.46:747][ 69]Cmd: OBJ SAVEPACKAGE PACKAGE="/Game/Items/Cosmetics/BP_Cont/GrabPack" FILE="../../../../../../LastStep/PROJECT-LAST-STEP/Playtime_Multiplayer/Content/Items/Cosmetics/BP_Cont/GrabPack.uasset" SILENT=true
[2026.04.26-21.55.46:790][ 69]LogSavePackage: Moving '../../../../../../LastStep/PROJECT-LAST-STEP/Playtime_Multiplayer/Saved/GrabPack2209A52F40C36F7060188EAB5A60FD23.tmp' to '../../../../../../LastStep/PROJECT-LAST-STEP/Playtime_Multiplayer/Content/Items/Cosmetics/BP_Cont/GrabPack.uasset'
[2026.04.26-21.55.46:822][ 69]AssetCheck: New page: Asset Save: GrabPack
[2026.04.26-21.55.46:822][ 69]LogContentValidation: Display: Validating Blueprint /Game/Items/Cosmetics/BP_Cont/GrabPack.GrabPack
[2026.04.26-21.56.20:262][847]BlueprintLog: New page: Compile GrabPack
[2026.04.26-21.56.20:418][847]LogUObjectHash: Compacting FUObjectHashTables data took   5.72ms
[2026.04.26-21.56.20:432][847]LogSkinnedMeshComp: Warning: GetBoneTransform : BoneIndex(18) out of range of MasterBoneMap for CosmeticGrabpack
[2026.04.26-21.56.20:432][847]LogSkinnedMeshComp: Warning: GetBoneTransform : BoneIndex(18) out of range of MasterBoneMap for CosmeticGrabpack
[2026.04.26-21.56.20:432][847]LogSkinnedMeshComp: Warning: GetBoneTransform : BoneIndex(18) out of range of MasterBoneMap for CosmeticGrabpack
[2026.04.26-21.56.20:432][847]LogSkinnedMeshComp: Warning: GetBoneTransform : BoneIndex(18) out of range of MasterBoneMap for CosmeticGrabpack
[2026.04.26-21.56.20:432][847]LogSkinnedMeshComp: Warning: GetBoneTransform : BoneIndex(18) out of range of MasterBoneMap for CosmeticGrabpack
[2026.04.26-21.56.20:432][847]LogSkinnedMeshComp: Warning: GetBoneTransform : BoneIndex(18) out of range of MasterBoneMap for CosmeticGrabpack
[2026.04.26-21.56.20:432][847]LogActorComponent: RegisterComponentWithWorld: (/Engine/Transient.World_22:PersistentLevel.DESTROYED_GrabPack_C_CHILDACTOR_231.DefaultSceneRoot) Trying to register component with IsPendingKill() == true. Aborting.
[2026.04.26-21.56.20:439][847]LogSkinnedMeshComp: Warning: GetBoneTransform : BoneIndex(18) out of range of MasterBoneMap for CosmeticGrabpack
[2026.04.26-21.56.20:439][847]LogSkinnedMeshComp: Warning: GetBoneTransform : BoneIndex(18) out of range of MasterBoneMap for CosmeticGrabpack
[2026.04.26-21.56.20:439][847]LogSkinnedMeshComp: Warning: GetBoneTransform : BoneIndex(18) out of range of MasterBoneMap for CosmeticGrabpack
[2026.04.26-21.56.20:439][847]LogSkinnedMeshComp: Warning: GetBoneTransform : BoneIndex(18) out of range of MasterBoneMap for CosmeticGrabpack
[2026.04.26-21.56.20:439][847]LogSkinnedMeshComp: Warning: GetBoneTransform : BoneIndex(18) out of range of MasterBoneMap for CosmeticGrabpack
[2026.04.26-21.56.20:439][847]LogSkinnedMeshComp: Warning: GetBoneTransform : BoneIndex(18) out of range of MasterBoneMap for CosmeticGrabpack
[2026.04.26-21.56.20:441][847]LogSkinnedMeshComp: Warning: GetBoneTransform : BoneIndex(18) out of range of MasterBoneMap for CosmeticGrabpack
[2026.04.26-21.56.20:441][847]LogSkinnedMeshComp: Warning: GetBoneTransform : BoneIndex(18) out of range of MasterBoneMap for CosmeticGrabpack
[2026.04.26-21.56.20:441][847]LogSkinnedMeshComp: Warning: GetBoneTransform : BoneIndex(18) out of range of MasterBoneMap for CosmeticGrabpack
[2026.04.26-21.56.20:441][847]LogSkinnedMeshComp: Warning: GetBoneTransform : BoneIndex(18) out of range of MasterBoneMap for CosmeticGrabpack
[2026.04.26-21.56.20:441][847]LogSkinnedMeshComp: Warning: GetBoneTransform : BoneIndex(18) out of range of MasterBoneMap for CosmeticGrabpack
[2026.04.26-21.56.20:441][847]LogSkinnedMeshComp: Warning: GetBoneTransform : BoneIndex(18) out of range of MasterBoneMap for CosmeticGrabpack
[2026.04.26-21.56.20:447][847]LogActorComponent: RegisterComponentWithWorld: (/Engine/Transient.World_1:PersistentLevel.DESTROYED_GrabPack_C_CHILDACTOR_463.DefaultSceneRoot) Trying to register component with IsPendingKill() == true. Aborting.
[2026.04.26-21.56.20:447][847]LogActorComponent: RegisterComponentWithWorld: (/Engine/Transient.World_1:PersistentLevel.DESTROYED_GrabPack_C_CHILDACTOR_462.DefaultSceneRoot) Trying to register component with IsPendingKill() == true. Aborting.
[2026.04.26-21.56.20:465][847]LogSkinnedMeshComp: Warning: GetBoneTransform : BoneIndex(18) out of range of MasterBoneMap for CosmeticGrabpack
[2026.04.26-21.56.20:465][847]LogSkinnedMeshComp: Warning: GetBoneTransform : BoneIndex(18) out of range of MasterBoneMap for CosmeticGrabpack
[2026.04.26-21.56.20:465][847]LogSkinnedMeshComp: Warning: GetBoneTransform : BoneIndex(18) out of range of MasterBoneMap for CosmeticGrabpack
[2026.04.26-21.56.20:465][847]LogSkinnedMeshComp: Warning: GetBoneTransform : BoneIndex(18) out of range of MasterBoneMap for CosmeticGrabpack
[2026.04.26-21.56.20:465][847]LogSkinnedMeshComp: Warning: GetBoneTransform : BoneIndex(18) out of range of MasterBoneMap for CosmeticGrabpack
[2026.04.26-21.56.20:465][847]LogSkinnedMeshComp: Warning: GetBoneTransform : BoneIndex(18) out of range of MasterBoneMap for CosmeticGrabpack
[2026.04.26-21.56.20:467][847]LogActorComponent: RegisterComponentWithWorld: (/Engine/Transient.World_22:PersistentLevel.DESTROYED_GrabPack_C_CHILDACTOR_233.DefaultSceneRoot) Trying to register component with IsPendingKill() == true. Aborting.
[2026.04.26-21.56.20:474][847]LogSkinnedMeshComp: Warning: GetBoneTransform : BoneIndex(18) out of range of MasterBoneMap for CosmeticGrabpack
[2026.04.26-21.56.20:474][847]LogSkinnedMeshComp: Warning: GetBoneTransform : BoneIndex(18) out of range of MasterBoneMap for CosmeticGrabpack
[2026.04.26-21.56.20:474][847]LogSkinnedMeshComp: Warning: GetBoneTransform : BoneIndex(18) out of range of MasterBoneMap for CosmeticGrabpack
[2026.04.26-21.56.20:474][847]LogSkinnedMeshComp: Warning: GetBoneTransform : BoneIndex(18) out of range of MasterBoneMap for CosmeticGrabpack
[2026.04.26-21.56.20:474][847]LogSkinnedMeshComp: Warning: GetBoneTransform : BoneIndex(18) out of range of MasterBoneMap for CosmeticGrabpack
[2026.04.26-21.56.20:474][847]LogSkinnedMeshComp: Warning: GetBoneTransform : BoneIndex(18) out of range of MasterBoneMap for CosmeticGrabpack
[2026.04.26-21.56.20:479][847]LogSkinnedMeshComp: Warning: GetBoneTransform : BoneIndex(18) out of range of MasterBoneMap for CosmeticGrabpack
[2026.04.26-21.56.20:479][847]LogSkinnedMeshComp: Warning: GetBoneTransform : BoneIndex(18) out of range of MasterBoneMap for CosmeticGrabpack
[2026.04.26-21.56.20:479][847]LogSkinnedMeshComp: Warning: GetBoneTransform : BoneIndex(18) out of range of MasterBoneMap for CosmeticGrabpack
[2026.04.26-21.56.20:479][847]LogSkinnedMeshComp: Warning: GetBoneTransform : BoneIndex(18) out of range of MasterBoneMap for CosmeticGrabpack
[2026.04.26-21.56.20:479][847]LogSkinnedMeshComp: Warning: GetBoneTransform : BoneIndex(18) out of range of MasterBoneMap for CosmeticGrabpack
[2026.04.26-21.56.20:479][847]LogSkinnedMeshComp: Warning: GetBoneTransform : BoneIndex(18) out of range of MasterBoneMap for CosmeticGrabpack
[2026.04.26-21.56.20:483][847]LogActorComponent: RegisterComponentWithWorld: (/Engine/Transient.World_1:PersistentLevel.DESTROYED_GrabPack_C_CHILDACTOR_467.DefaultSceneRoot) Trying to register component with IsPendingKill() == true. Aborting.
[2026.04.26-21.56.20:483][847]LogActorComponent: RegisterComponentWithWorld: (/Engine/Transient.World_1:PersistentLevel.DESTROYED_GrabPack_C_CHILDACTOR_466.DefaultSceneRoot) Trying to register component with IsPendingKill() == true. Aborting.
[2026.04.26-21.56.21:276][885]Cmd: OBJ SAVEPACKAGE PACKAGE="/Game/Items/Cosmetics/BP_Cont/GrabPack" FILE="../../../../../../LastStep/PROJECT-LAST-STEP/Playtime_Multiplayer/Content/Items/Cosmetics/BP_Cont/GrabPack.uasset" SILENT=true
[2026.04.26-21.56.21:313][885]LogSavePackage: Moving '../../../../../../LastStep/PROJECT-LAST-STEP/Playtime_Multiplayer/Saved/GrabPack4F4E800B40ABFBD8B754B89C4EBD60D3.tmp' to '../../../../../../LastStep/PROJECT-LAST-STEP/Playtime_Multiplayer/Content/Items/Cosmetics/BP_Cont/GrabPack.uasset'
[2026.04.26-21.56.21:346][885]AssetCheck: New page: Asset Save: GrabPack
[2026.04.26-21.56.21:346][885]LogContentValidation: Display: Validating Blueprint /Game/Items/Cosmetics/BP_Cont/GrabPack.GrabPack
[2026.04.26-21.56.24:505][ 25]LogTemp: Repeating last play command: Selected Viewport
[2026.04.26-21.56.24:555][ 25]LogPlayLevel: PlayLevel: No blueprints needed recompiling
[2026.04.26-21.56.24:596][ 25]PIE: New page: PIE session: Minimal_Default (27 апр. 2026 г., 01:56:24)
[2026.04.26-21.56.24:624][ 25]LogOnline: OSS: Creating online subsystem instance for: Steam
[2026.04.26-21.56.24:628][ 25]LogOnline: Display: STEAM: OnlineSubsystemSteam::Shutdown()
[2026.04.26-21.56.24:632][ 25]LogOnline: OSS: Creating online subsystem instance for: NULL
[2026.04.26-21.56.24:645][ 25]LogOnline: OSS: TryLoadSubsystemAndSetDefault: Loaded subsystem for module [NULL]
[2026.04.26-21.56.24:648][ 25]LogPlayLevel: Creating play world package: /Game/StarterContent/Maps/UEDPIE_0_Minimal_Default
[2026.04.26-21.56.24:688][ 25]LogPlayLevel: PIE: StaticDuplicateObject took: (0.036406s)
[2026.04.26-21.56.24:777][ 25]LogAIModule: Creating AISystem for world Minimal_Default
[2026.04.26-21.56.24:795][ 25]LogPlayLevel: PIE: World Init took: (0.105864s)
[2026.04.26-21.56.24:795][ 25]LogPlayLevel: PIE: Created PIE world by copying editor world from /Game/StarterContent/Maps/Minimal_Default.Minimal_Default to /Game/StarterContent/Maps/UEDPIE_0_Minimal_Default.Minimal_Default (0.147177s)
[2026.04.26-21.56.24:866][ 25]LogUObjectHash: Compacting FUObjectHashTables data took   4.48ms
[2026.04.26-21.56.24:872][ 25]LogAudio: Display: Creating Audio Device:                 Id: 2, Scope: Unique, Realtime: True
[2026.04.26-21.56.24:876][ 25]LogAudioMixer: Display: Audio Mixer Platform Settings:
[2026.04.26-21.56.24:876][ 25]LogAudioMixer: Display: 	Sample Rate:						  48000
[2026.04.26-21.56.24:876][ 25]LogAudioMixer: Display: 	Callback Buffer Frame Size Requested: 512
[2026.04.26-21.56.24:876][ 25]LogAudioMixer: Display: 	Callback Buffer Frame Size To Use:	  512
[2026.04.26-21.56.24:876][ 25]LogAudioMixer: Display: 	Number of buffers to queue:			  1
[2026.04.26-21.56.24:876][ 25]LogAudioMixer: Display: 	Max Channels (voices):				  0
[2026.04.26-21.56.24:876][ 25]LogAudioMixer: Display: 	Number of Async Source Workers:		  4
[2026.04.26-21.56.24:876][ 25]LogAudio: Display: AudioDevice MaxSources: 32
[2026.04.26-21.56.24:884][ 25]LogAudio: Display: Audio Spatialization Plugin: None (built-in).
[2026.04.26-21.56.24:884][ 25]LogAudio: Display: Audio Reverb Plugin: None (built-in).
[2026.04.26-21.56.24:884][ 25]LogAudio: Display: Audio Occlusion Plugin: None (built-in).
[2026.04.26-21.56.24:884][ 25]LogAudioMixer: Display: Initializing audio mixer.
[2026.04.26-21.56.24:908][ 25]LogAudioMixer: Display: 0: FrontLeft
[2026.04.26-21.56.24:908][ 25]LogAudioMixer: Display: 1: FrontRight
[2026.04.26-21.56.24:935][ 25]LogAudioMixer: Display: Using Audio Device Voicemeeter VAIO3 Input (VB-Audio Voicemeeter VAIO)
[2026.04.26-21.56.24:940][ 25]LogAudioMixer: Display: Initializing Sound Submixes...
[2026.04.26-21.56.24:940][ 25]LogAudioMixer: Display: Creating Master Submix 'MasterSubmixDefault'
[2026.04.26-21.56.24:942][ 25]LogAudioMixer: Display: Creating Master Submix 'MasterReverbSubmixDefault'
[2026.04.26-21.56.24:949][ 25]LogAudioMixer: Display: Creating Master Submix 'MasterEQSubmixDefault'
[2026.04.26-21.56.24:949][ 25]LogAudioMixer: FMixerPlatformXAudio2::StartAudioStream() called
[2026.04.26-21.56.24:949][ 25]LogAudioMixer: Display: Output buffers initialized: Frames=512, Channels=2, Samples=1024
[2026.04.26-21.56.24:952][ 25]LogAudioMixer: Display: Starting AudioMixerPlatformInterface::RunInternal()
[2026.04.26-21.56.24:952][ 25]LogAudioMixer: Display: FMixerPlatformXAudio2::SubmitBuffer() called for the first time
[2026.04.26-21.56.24:952][ 25]LogInit: FAudioDevice initialized.
[2026.04.26-21.56.24:954][ 25]LogAudio: Display: Audio Device (ID: 2) registered with world 'Minimal_Default'.
[2026.04.26-21.56.24:961][ 25]PIE: Warning: UGameViewportClient::AddCursor: Could not load cursor class 'UI_Cursor_C'.
[2026.04.26-21.56.25:025][ 25]LogLoad: Game class is 'GameModeBase'
[2026.04.26-21.56.25:033][ 25]LogWorld: Bringing World /Game/StarterContent/Maps/UEDPIE_0_Minimal_Default.Minimal_Default up for play (max tick rate 60) at 2026.04.26-23.56.25
[2026.04.26-21.56.25:036][ 25]LogWorld: Bringing up level for play took: 0.008708
[2026.04.26-21.56.25:046][ 25]LogOnline: OSS: Creating online subsystem instance for: :Context_31
[2026.04.26-21.56.25:180][ 25]LogVoiceEncode: Display: EncoderVersion: libopus unknown
[2026.04.26-21.56.25:188][ 25]LogOnlineVoice: OSS: StopLocalVoiceProcessing(0) returned 0xFFFFFFFF
[2026.04.26-21.56.25:188][ 25]LogOnlineVoice: OSS: Stopping networked voice for user: 0
[2026.04.26-21.56.25:205][ 25]LogNativeClassHierarchy: Verbose: Native class hierarchy updated for 'MovieSceneCapture' in 0.0077 seconds. Added 20 classes and 0 folders.
[2026.04.26-21.56.25:226][ 25]LogNet: ReplicationDriverClass is null! Not using ReplicationDriver.
[2026.04.26-21.56.25:227][ 25]LogNetCore: DDoS detection status: detection enabled: 0 analytics enabled: 0
[2026.04.26-21.56.25:227][ 25]LogInit: WinSock: Socket queue. Rx: 131072 (config 131072) Tx: 131072 (config 131072)
[2026.04.26-21.56.25:229][ 25]LogNet: Created socket for bind address: 0.0.0.0 on port 17777
[2026.04.26-21.56.25:230][ 25]PacketHandlerLog: Loaded PacketHandler component: Engine.EngineHandlerComponentFactory (StatelessConnectHandlerComponent)
[2026.04.26-21.56.25:232][ 25]LogNet: GameNetDriver IpNetDriver_0 IpNetDriver listening on port 17777
[2026.04.26-21.56.25:244][ 25]PIE: Server logged in
[2026.04.26-21.56.25:246][ 25]PIE: Play in editor total start time 0,708 seconds.
[2026.04.26-21.56.25:250][ 25]LogAudio: Display: Creating Audio Device:                 Id: 3, Scope: Unique, Realtime: True
[2026.04.26-21.56.25:250][ 25]LogAudioMixer: Display: Audio Mixer Platform Settings:
[2026.04.26-21.56.25:250][ 25]LogAudioMixer: Display: 	Sample Rate:						  48000
[2026.04.26-21.56.25:250][ 25]LogAudioMixer: Display: 	Callback Buffer Frame Size Requested: 512
[2026.04.26-21.56.25:250][ 25]LogAudioMixer: Display: 	Callback Buffer Frame Size To Use:	  512
[2026.04.26-21.56.25:250][ 25]LogAudioMixer: Display: 	Number of buffers to queue:			  1
[2026.04.26-21.56.25:250][ 25]LogAudioMixer: Display: 	Max Channels (voices):				  0
[2026.04.26-21.56.25:250][ 25]LogAudioMixer: Display: 	Number of Async Source Workers:		  4
[2026.04.26-21.56.25:252][ 25]LogAudio: Display: AudioDevice MaxSources: 32
[2026.04.26-21.56.25:252][ 25]LogAudio: Display: Audio Spatialization Plugin: None (built-in).
[2026.04.26-21.56.25:252][ 25]LogAudio: Display: Audio Reverb Plugin: None (built-in).
[2026.04.26-21.56.25:252][ 25]LogAudio: Display: Audio Occlusion Plugin: None (built-in).
[2026.04.26-21.56.25:252][ 25]LogAudioMixer: Display: Initializing audio mixer.
[2026.04.26-21.56.25:257][ 25]LogAudioMixer: Display: 0: FrontLeft
[2026.04.26-21.56.25:257][ 25]LogAudioMixer: Display: 1: FrontRight
[2026.04.26-21.56.25:267][ 25]LogAudioMixer: Display: Using Audio Device Voicemeeter VAIO3 Input (VB-Audio Voicemeeter VAIO)
[2026.04.26-21.56.25:269][ 25]LogAudioMixer: Display: Initializing Sound Submixes...
[2026.04.26-21.56.25:269][ 25]LogAudioMixer: Display: Creating Master Submix 'MasterSubmixDefault'
[2026.04.26-21.56.25:269][ 25]LogAudioMixer: Display: Creating Master Submix 'MasterReverbSubmixDefault'
[2026.04.26-21.56.25:273][ 25]LogAudioMixer: Display: Creating Master Submix 'MasterEQSubmixDefault'
[2026.04.26-21.56.25:273][ 25]LogAudioMixer: FMixerPlatformXAudio2::StartAudioStream() called
[2026.04.26-21.56.25:273][ 25]LogAudioMixer: Display: Output buffers initialized: Frames=512, Channels=2, Samples=1024
[2026.04.26-21.56.25:275][ 25]LogAudioMixer: Display: Starting AudioMixerPlatformInterface::RunInternal()
[2026.04.26-21.56.25:275][ 25]LogAudioMixer: Display: FMixerPlatformXAudio2::SubmitBuffer() called for the first time
[2026.04.26-21.56.25:275][ 25]LogInit: FAudioDevice initialized.
[2026.04.26-21.56.25:275][ 25]LogAudio: Display: Audio Device (ID: 3) registered with world 'Untitled'.
[2026.04.26-21.56.25:276][ 25]PIE: Warning: UGameViewportClient::AddCursor: Could not load cursor class 'UI_Cursor_C'.
[2026.04.26-21.56.25:337][ 25]LogSlate: Updating window title bar state: overlay mode, drag disabled, window buttons hidden, title bar hidden
[2026.04.26-21.56.25:340][ 25]LogNet: Browse: 127.0.0.1:17777/Game/StarterContent/Maps/Minimal_Default
[2026.04.26-21.56.25:341][ 25]LogInit: WinSock: Socket queue. Rx: 32768 (config 32768) Tx: 32768 (config 32768)
[2026.04.26-21.56.25:341][ 25]LogNet: Created socket for bind address: 0.0.0.0 on port 0
[2026.04.26-21.56.25:345][ 25]PacketHandlerLog: Loaded PacketHandler component: Engine.EngineHandlerComponentFactory (StatelessConnectHandlerComponent)
[2026.04.26-21.56.25:346][ 25]LogNet: Game client on port 17777, rate 100000
[2026.04.26-21.56.25:362][ 25]PIE: Client logged in
[2026.04.26-21.56.25:364][ 25]PIE: Play in editor total start time 0,826 seconds.
[2026.04.26-21.56.26:384][ 36]LogNet: NotifyAcceptingConnection accepted from: 127.0.0.1:53717
[2026.04.26-21.56.26:387][ 36]LogHandshake: SendConnectChallenge. Timestamp: 1.918588, Cookie: 124103248105130079016092096057061206011004022160085170037069
[2026.04.26-21.56.26:388][ 36]LogHandshake: SendChallengeResponse. Timestamp: 1.918588, Cookie: 124103248105130079016092096057061206011004022160085170037069
[2026.04.26-21.56.26:403][ 37]LogNet: NotifyAcceptingConnection accepted from: 127.0.0.1:53717
[2026.04.26-21.56.26:403][ 37]LogHandshake: SendChallengeAck. InCookie: 124103248105130079016092096057061206011004022160085170037069
[2026.04.26-21.56.26:403][ 37]LogNet: Server accepting post-challenge connection from: 127.0.0.1:53717
[2026.04.26-21.56.26:405][ 37]PacketHandlerLog: Loaded PacketHandler component: Engine.EngineHandlerComponentFactory (StatelessConnectHandlerComponent)
[2026.04.26-21.56.26:407][ 37]LogNet: NotifyAcceptedConnection: Name: Minimal_Default, TimeStamp: 04/26/26 23:56:26, [UNetConnection] RemoteAddr: 127.0.0.1:53717, Name: IpConnection_1, Driver: GameNetDriver IpNetDriver_0, IsServer: YES, PC: NULL, Owner: NULL, UniqueId: INVALID
[2026.04.26-21.56.26:407][ 37]LogNet: AddClientConnection: Added client connection: [UNetConnection] RemoteAddr: 127.0.0.1:53717, Name: IpConnection_1, Driver: GameNetDriver IpNetDriver_0, IsServer: YES, PC: NULL, Owner: NULL, UniqueId: INVALID
[2026.04.26-21.56.26:410][ 37]LogNetVersion: Playtime_Multiplayer 1.0.0.0, NetCL: 17155196, EngineNetVer: 17, GameNetVer: 0 (Checksum: 3705570869)
[2026.04.26-21.56.26:410][ 37]LogNet: UPendingNetGame::SendInitialJoin: Sending hello. [UNetConnection] RemoteAddr: 127.0.0.1:17777, Name: IpConnection_0, Driver: PendingNetDriver IpNetDriver_1, IsServer: NO, PC: NULL, Owner: NULL, UniqueId: INVALID
[2026.04.26-21.56.26:432][ 38]LogNet: NotifyAcceptingChannel Control 0 server World /Game/StarterContent/Maps/UEDPIE_0_Minimal_Default.Minimal_Default: Accepted
[2026.04.26-21.56.26:433][ 38]LogNet: Remote platform little endian=1
[2026.04.26-21.56.26:433][ 38]LogNet: This platform little endian=1
[2026.04.26-21.56.26:434][ 38]LogOnline: OSS: Creating online subsystem instance for: :Context_32
[2026.04.26-21.56.26:454][ 39]LogNet: Login request: ?Name=SIBIDI-A518880B473C8FD46CC40DA2876FFFBB userId: NULL:SIBIDI-A518880B473C8FD46CC40DA2876FFFBB platform: NULL
[2026.04.26-21.56.26:455][ 39]LogNet: Welcomed by server (Level: /Game/StarterContent/Maps/UEDPIE_0_Minimal_Default, Game: /Script/Engine.GameModeBase)
[2026.04.26-21.56.26:460][ 39]LogLoad: LoadMap: 127.0.0.1:17777/Game/StarterContent/Maps/UEDPIE_0_Minimal_Default?game=/Script/Engine.GameModeBase
[2026.04.26-21.56.26:460][ 39]LogWorld: BeginTearingDown for /Temp/Untitled_1
[2026.04.26-21.56.26:463][ 39]LogWorld: UWorld::CleanupWorld for Untitled, bSessionEnded=true, bCleanupResources=true
[2026.04.26-21.56.26:467][ 39]LogSlate: InvalidateAllWidgets triggered.  All widgets were invalidated
[2026.04.26-21.56.26:574][ 39]LogAudio: Display: Audio Device unregistered from world 'None'.
[2026.04.26-21.56.26:823][ 39]LogUObjectHash: Compacting FUObjectHashTables data took  12.51ms
[2026.04.26-21.56.26:832][ 39]LogAudio: Display: Audio Device (ID: 3) registered with world 'Minimal_Default'.
[2026.04.26-21.56.26:834][ 39]LogAIModule: Creating AISystem for world Minimal_Default
[2026.04.26-21.56.26:844][ 39]LogWorld: Bringing World /Game/StarterContent/Maps/UEDPIE_1_Minimal_Default.Minimal_Default up for play (max tick rate 60) at 2026.04.26-23.56.26
[2026.04.26-21.56.26:844][ 39]LogWorld: Bringing up level for play took: 0.000552
[2026.04.26-21.56.26:848][ 39]LogLoad: Took 0.388822 seconds to LoadMap(/Game/StarterContent/Maps/UEDPIE_0_Minimal_Default)
[2026.04.26-21.56.26:849][ 39]LogVoiceEncode: Display: EncoderVersion: libopus unknown
[2026.04.26-21.56.26:880][ 40]LogNet: Client netspeed is 100000
[2026.04.26-21.56.26:880][ 40]LogNet: Join request: /Game/StarterContent/Maps/Minimal_Default?Name=SIBIDI-A518880B473C8FD46CC40DA2876FFFBB?SplitscreenCount=1
[2026.04.26-21.56.26:882][ 40]LogOnlineSession: Warning: OSS: No game present to join for session (GameSession)
[2026.04.26-21.56.26:915][ 40]LogNet: Join succeeded: SIBIDI-A518880B473C8
[2026.04.26-21.56.26:931][ 40]LogOnlineVoice: OSS: StopLocalVoiceProcessing(0) returned 0xFFFFFFFF
[2026.04.26-21.56.26:931][ 40]LogOnlineVoice: OSS: Stopping networked voice for user: 0
[2026.04.26-21.56.27:068][ 41]LogOnlineSession: Warning: OSS: No game present to join for session (GameSession)
[2026.04.26-21.56.27:068][ 41]LogOnlineSession: Warning: OSS: No game present to join for session (GameSession)
[2026.04.26-21.56.27:882][ 82]LogSlate: Window 'Playtime_Multiplayer Preview [NetMode: Client 1]  (64-bit/Windows) ' being destroyed
[2026.04.26-21.56.27:913][ 82]LogWorld: BeginTearingDown for /Game/StarterContent/Maps/UEDPIE_1_Minimal_Default
[2026.04.26-21.56.27:915][ 82]LogWorld: UWorld::CleanupWorld for Minimal_Default, bSessionEnded=true, bCleanupResources=true
[2026.04.26-21.56.27:916][ 82]LogSlate: InvalidateAllWidgets triggered.  All widgets were invalidated
[2026.04.26-21.56.27:931][ 82]LogNet: World NetDriver shutdown IpNetDriver_1 [GameNetDriver]
[2026.04.26-21.56.27:931][ 82]LogNet: DestroyNamedNetDriver IpNetDriver_1 [GameNetDriver]
[2026.04.26-21.56.27:934][ 82]LogNet: UNetConnection::Close: [UNetConnection] RemoteAddr: 127.0.0.1:17777, Name: IpConnection_0, Driver: GameNetDriver IpNetDriver_1, IsServer: NO, PC: PlayerController_1, Owner: PlayerController_1, UniqueId: NULL:SIBIDI-A518880B473C8FD46CC40DA2876FFFBB, Channels: 9, Time: 2026.04.26-21.56.27
[2026.04.26-21.56.27:934][ 82]LogNet: UChannel::Close: Sending CloseBunch. ChIndex == 0. Name: [UChannel] ChIndex: 0, Closing: 0 [UNetConnection] RemoteAddr: 127.0.0.1:17777, Name: IpConnection_0, Driver: GameNetDriver IpNetDriver_1, IsServer: NO, PC: PlayerController_1, Owner: PlayerController_1, UniqueId: NULL:SIBIDI-A518880B473C8FD46CC40DA2876FFFBB
[2026.04.26-21.56.27:935][ 82]LogExit: GameNetDriver IpNetDriver_1 shut down
[2026.04.26-21.56.27:943][ 82]LogWorld: BeginTearingDown for /Game/StarterContent/Maps/UEDPIE_0_Minimal_Default
[2026.04.26-21.56.27:945][ 82]LogOnlineSession: Warning: OSS: No game present to leave for session (GameSession)
[2026.04.26-21.56.27:946][ 82]LogSlate: Updating window title bar state: overlay mode, drag disabled, window buttons hidden, title bar hidden
[2026.04.26-21.56.27:951][ 82]LogWorld: UWorld::CleanupWorld for Minimal_Default, bSessionEnded=true, bCleanupResources=true
[2026.04.26-21.56.27:951][ 82]LogSlate: InvalidateAllWidgets triggered.  All widgets were invalidated
[2026.04.26-21.56.27:965][ 82]LogNet: World NetDriver shutdown IpNetDriver_0 [GameNetDriver]
[2026.04.26-21.56.27:965][ 82]LogNet: DestroyNamedNetDriver IpNetDriver_0 [GameNetDriver]
[2026.04.26-21.56.27:966][ 82]LogNet: UNetConnection::Cleanup: Closing open connection. [UNetConnection] RemoteAddr: 127.0.0.1:53717, Name: IpConnection_1, Driver: GameNetDriver IpNetDriver_0, IsServer: YES, PC: PlayerController_1, Owner: PlayerController_1, UniqueId: NULL:SIBIDI-A518880B473C8FD46CC40DA2876FFFBB
[2026.04.26-21.56.27:966][ 82]LogNet: UNetConnection::Close: [UNetConnection] RemoteAddr: 127.0.0.1:53717, Name: IpConnection_1, Driver: GameNetDriver IpNetDriver_0, IsServer: YES, PC: PlayerController_1, Owner: PlayerController_1, UniqueId: NULL:SIBIDI-A518880B473C8FD46CC40DA2876FFFBB, Channels: 9, Time: 2026.04.26-21.56.27
[2026.04.26-21.56.27:966][ 82]LogNet: UChannel::Close: Sending CloseBunch. ChIndex == 0. Name: [UChannel] ChIndex: 0, Closing: 0 [UNetConnection] RemoteAddr: 127.0.0.1:53717, Name: IpConnection_1, Driver: GameNetDriver IpNetDriver_0, IsServer: YES, PC: PlayerController_1, Owner: PlayerController_1, UniqueId: NULL:SIBIDI-A518880B473C8FD46CC40DA2876FFFBB
[2026.04.26-21.56.27:966][ 82]LogExit: GameNetDriver IpNetDriver_0 shut down
[2026.04.26-21.56.27:968][ 82]LogPlayLevel: Display: Shutting down PIE online subsystems
[2026.04.26-21.56.27:980][ 82]LogSlate: InvalidateAllWidgets triggered.  All widgets were invalidated
[2026.04.26-21.56.28:064][ 82]LogAudio: Display: Audio Device unregistered from world 'None'.
[2026.04.26-21.56.28:102][ 82]LogAudioMixer: FMixerPlatformXAudio2::StopAudioStream() called
[2026.04.26-21.56.28:105][ 82]LogAudioMixer: FMixerPlatformXAudio2::StopAudioStream() called
[2026.04.26-21.56.28:120][ 82]LogAudioMixer: FMixerPlatformXAudio2::StopAudioStream() called
[2026.04.26-21.56.28:122][ 82]LogAudioMixer: FMixerPlatformXAudio2::StopAudioStream() called
[2026.04.26-21.56.28:125][ 82]LogSlate: Updating window title bar state: overlay mode, drag disabled, window buttons hidden, title bar hidden
[2026.04.26-21.56.28:274][ 82]LogUObjectHash: Compacting FUObjectHashTables data took   7.87ms
[2026.04.26-21.56.28:526][ 83]LogPlayLevel: Display: Destroying online subsystem :Context_32
[2026.04.26-21.56.28:528][ 83]LogPlayLevel: Display: Destroying online subsystem :Context_31
[2026.04.26-21.56.38:314][531]LogUObjectHash: Compacting FUObjectHashTables data took   4.63ms
[2026.04.26-21.56.39:573][531]LogSlate: Window 'Save Content' being destroyed
[2026.04.26-21.56.39:697][531]LogSavePackage: Moving '../../../../../../LastStep/PROJECT-LAST-STEP/Playtime_Multiplayer/Saved/BP_PlayerCosmeticmesh2A80950948DBF926EB2DEBB5947A408E.tmp' to '../../../../../../LastStep/PROJECT-LAST-STEP/Playtime_Multiplayer/Content/Items/Cosmetics/BP_Cont/BP_PlayerCosmeticmesh.uasset'
[2026.04.26-21.56.41:504][531]LogAssetEditorSubsystem: Opening Asset editor for World /Game/Map/MP_Lobby.MP_Lobby
[2026.04.26-21.56.41:508][531]Cmd: MAP LOAD FILE="../../../../../../LastStep/PROJECT-LAST-STEP/Playtime_Multiplayer/Content/Map/MP_Lobby.umap" TEMPLATE=0 SHOWPROGRESS=1 FEATURELEVEL=3
[2026.04.26-21.56.41:510][531]LightingResults: New page: Lighting Build
[2026.04.26-21.56.41:532][531]LoadErrors: New page: Loading map: MP_Lobby.umap
[2026.04.26-21.56.41:541][531]LogWorld: UWorld::CleanupWorld for Minimal_Default, bSessionEnded=true, bCleanupResources=true
[2026.04.26-21.56.41:542][531]LogSlate: InvalidateAllWidgets triggered.  All widgets were invalidated
[2026.04.26-21.56.41:542][531]MapCheck: New page: Map Check
[2026.04.26-21.56.41:542][531]LightingResults: New page: Lighting Build
[2026.04.26-21.56.41:637][531]LogAudio: Display: Audio Device unregistered from world 'None'.
[2026.04.26-21.56.41:668][531]LogUObjectHash: Compacting FUObjectHashTables data took   5.21ms
[2026.04.26-21.56.41:682][531]LogAudio: Display: Audio Device (ID: 1) registered with world 'MP_Lobby'.
[2026.04.26-21.56.42:772][531]LogEditorServer: Finished looking for orphan Actors (0.000 secs)
[2026.04.26-21.56.42:772][531]LogAIModule: Creating AISystem for world MP_Lobby
[2026.04.26-21.56.42:861][531]LogUObjectHash: Compacting FUObjectHashTables data took   4.87ms
[2026.04.26-21.56.42:907][531]Cmd: MAP CHECKDEP NOCLEARLOG
[2026.04.26-21.56.42:907][531]MapCheck: Map check complete: 0 Error(s), 0 Warning(s), took 0,7ms to complete.
[2026.04.26-21.56.42:907][531]LogFileHelpers: Loading map 'MP_Lobby' took 1.403
[2026.04.26-21.56.42:989][531]AssetCheck: New page: Asset Save: BP_PlayerCosmeticmesh
[2026.04.26-21.56.42:990][531]LogContentValidation: Display: Validating Blueprint /Game/Items/Cosmetics/BP_Cont/BP_PlayerCosmeticmesh.BP_PlayerCosmeticmesh
[2026.04.26-21.56.51:426][908]LogPlayLevel: PlayLevel: No blueprints needed recompiling
[2026.04.26-21.56.51:426][908]PIE: New page: PIE session: MP_Lobby (27 апр. 2026 г., 01:56:51)
[2026.04.26-21.56.51:426][908]LogPlayLevel: Creating play world package: /Game/Map/UEDPIE_0_MP_Lobby
[2026.04.26-21.56.51:488][908]LogPlayLevel: PIE: StaticDuplicateObject took: (0.061983s)
[2026.04.26-21.56.51:491][908]LogAIModule: Creating AISystem for world MP_Lobby
[2026.04.26-21.56.51:491][908]LogPlayLevel: PIE: World Init took: (0.002632s)
[2026.04.26-21.56.51:491][908]LogPlayLevel: PIE: Created PIE world by copying editor world from /Game/Map/MP_Lobby.MP_Lobby to /Game/Map/UEDPIE_0_MP_Lobby.MP_Lobby (0.064941s)
[2026.04.26-21.56.51:562][908]LogUObjectHash: Compacting FUObjectHashTables data took   4.42ms
[2026.04.26-21.56.51:565][908]LogAudio: Display: Creating Audio Device:                 Id: 4, Scope: Unique, Realtime: True
[2026.04.26-21.56.51:565][908]LogAudioMixer: Display: Audio Mixer Platform Settings:
[2026.04.26-21.56.51:565][908]LogAudioMixer: Display: 	Sample Rate:						  48000
[2026.04.26-21.56.51:565][908]LogAudioMixer: Display: 	Callback Buffer Frame Size Requested: 512
[2026.04.26-21.56.51:565][908]LogAudioMixer: Display: 	Callback Buffer Frame Size To Use:	  512
[2026.04.26-21.56.51:565][908]LogAudioMixer: Display: 	Number of buffers to queue:			  1
[2026.04.26-21.56.51:565][908]LogAudioMixer: Display: 	Max Channels (voices):				  0
[2026.04.26-21.56.51:565][908]LogAudioMixer: Display: 	Number of Async Source Workers:		  4
[2026.04.26-21.56.51:565][908]LogAudio: Display: AudioDevice MaxSources: 32
[2026.04.26-21.56.51:566][908]LogAudio: Display: Audio Spatialization Plugin: None (built-in).
[2026.04.26-21.56.51:566][908]LogAudio: Display: Audio Reverb Plugin: None (built-in).
[2026.04.26-21.56.51:566][908]LogAudio: Display: Audio Occlusion Plugin: None (built-in).
[2026.04.26-21.56.51:566][908]LogAudioMixer: Display: Initializing audio mixer.
[2026.04.26-21.56.51:569][908]LogAudioMixer: Display: 0: FrontLeft
[2026.04.26-21.56.51:569][908]LogAudioMixer: Display: 1: FrontRight
[2026.04.26-21.56.51:588][908]LogAudioMixer: Display: Using Audio Device Voicemeeter VAIO3 Input (VB-Audio Voicemeeter VAIO)
[2026.04.26-21.56.51:590][908]LogAudioMixer: Display: Initializing Sound Submixes...
[2026.04.26-21.56.51:590][908]LogAudioMixer: Display: Creating Master Submix 'MasterSubmixDefault'
[2026.04.26-21.56.51:590][908]LogAudioMixer: Display: Creating Master Submix 'MasterReverbSubmixDefault'
[2026.04.26-21.56.51:592][908]LogAudioMixer: Display: Creating Master Submix 'MasterEQSubmixDefault'
[2026.04.26-21.56.51:592][908]LogAudioMixer: FMixerPlatformXAudio2::StartAudioStream() called
[2026.04.26-21.56.51:592][908]LogAudioMixer: Display: Output buffers initialized: Frames=512, Channels=2, Samples=1024
[2026.04.26-21.56.51:594][908]LogAudioMixer: Display: Starting AudioMixerPlatformInterface::RunInternal()
[2026.04.26-21.56.51:594][908]LogAudioMixer: Display: FMixerPlatformXAudio2::SubmitBuffer() called for the first time
[2026.04.26-21.56.51:594][908]LogInit: FAudioDevice initialized.
[2026.04.26-21.56.51:594][908]LogAudio: Display: Audio Device (ID: 4) registered with world 'MP_Lobby'.
[2026.04.26-21.56.51:594][908]PIE: Warning: UGameViewportClient::AddCursor: Could not load cursor class 'UI_Cursor_C'.
[2026.04.26-21.56.51:606][908]LogLoad: Game class is 'FirstPersonGameMode_C'
[2026.04.26-21.56.51:615][908]LogWorld: Bringing World /Game/Map/UEDPIE_0_MP_Lobby.MP_Lobby up for play (max tick rate 60) at 2026.04.26-23.56.51
[2026.04.26-21.56.51:618][908]LogWorld: Bringing up level for play took: 0.010701
[2026.04.26-21.56.51:619][908]LogOnline: OSS: Creating online subsystem instance for: :Context_33
[2026.04.26-21.56.51:631][908]LogVoiceEncode: Display: EncoderVersion: libopus unknown
[2026.04.26-21.56.51:631][908]LogOnlineVoice: OSS: StopLocalVoiceProcessing(0) returned 0xFFFFFFFF
[2026.04.26-21.56.51:631][908]LogOnlineVoice: OSS: Stopping networked voice for user: 0
[2026.04.26-21.56.51:636][908]LogSkinnedMeshComp: Warning: GetBoneTransform : BoneIndex(18) out of range of MasterBoneMap for CosmeticGrabpack
[2026.04.26-21.56.51:636][908]LogSkinnedMeshComp: Warning: GetBoneTransform : BoneIndex(18) out of range of MasterBoneMap for CosmeticGrabpack
[2026.04.26-21.56.51:636][908]LogSkinnedMeshComp: Warning: GetBoneTransform : BoneIndex(18) out of range of MasterBoneMap for CosmeticGrabpack
[2026.04.26-21.56.51:638][908]LogSkinnedMeshComp: Warning: GetBoneTransform : BoneIndex(18) out of range of MasterBoneMap for CosmeticGrabpack
[2026.04.26-21.56.51:638][908]LogSkinnedMeshComp: Warning: GetBoneTransform : BoneIndex(18) out of range of MasterBoneMap for CosmeticGrabpack
[2026.04.26-21.56.51:638][908]LogSkinnedMeshComp: Warning: GetBoneTransform : BoneIndex(18) out of range of MasterBoneMap for CosmeticGrabpack
[2026.04.26-21.56.51:639][908]LogSkinnedMeshComp: Warning: GetBoneTransform : BoneIndex(18) out of range of MasterBoneMap for CosmeticGrabpack
[2026.04.26-21.56.51:639][908]LogSkinnedMeshComp: Warning: GetBoneTransform : BoneIndex(18) out of range of MasterBoneMap for CosmeticGrabpack
[2026.04.26-21.56.51:639][908]LogSkinnedMeshComp: Warning: GetBoneTransform : BoneIndex(18) out of range of MasterBoneMap for CosmeticGrabpack
[2026.04.26-21.56.51:639][908]LogSkinnedMeshComp: Warning: GetBoneTransform : BoneIndex(18) out of range of MasterBoneMap for CosmeticGrabpack
[2026.04.26-21.56.51:639][908]LogSkinnedMeshComp: Warning: GetBoneTransform : BoneIndex(18) out of range of MasterBoneMap for CosmeticGrabpack
[2026.04.26-21.56.51:639][908]LogSkinnedMeshComp: Warning: GetBoneTransform : BoneIndex(18) out of range of MasterBoneMap for CosmeticGrabpack
[2026.04.26-21.56.51:652][908]LogNet: ReplicationDriverClass is null! Not using ReplicationDriver.
[2026.04.26-21.56.51:652][908]LogNetCore: DDoS detection status: detection enabled: 0 analytics enabled: 0
[2026.04.26-21.56.51:653][908]LogInit: WinSock: Socket queue. Rx: 131072 (config 131072) Tx: 131072 (config 131072)
[2026.04.26-21.56.51:653][908]LogNet: Created socket for bind address: 0.0.0.0 on port 17777
[2026.04.26-21.56.51:653][908]PacketHandlerLog: Loaded PacketHandler component: Engine.EngineHandlerComponentFactory (StatelessConnectHandlerComponent)
[2026.04.26-21.56.51:653][908]LogNet: GameNetDriver IpNetDriver_2 IpNetDriver listening on port 17777
[2026.04.26-21.56.51:672][908]PIE: Error: SetInputMode_UIOnly expects a valid player controller as 'PlayerController' target
[2026.04.26-21.56.51:677][908]PIE: Server logged in
[2026.04.26-21.56.51:678][908]PIE: Play in editor total start time 0,254 seconds.
[2026.04.26-21.57.05:124][557]LogAudioMixer: Display: Audio Buffer Underrun (starvation) detected.
[2026.04.26-21.57.05:124][557]LogOnlineSession: Warning: OSS: No game present to leave for session (GameSession)
[2026.04.26-21.57.05:217][557]LogSlate: Updating window title bar state: overlay mode, drag disabled, window buttons hidden, title bar hidden
[2026.04.26-21.57.05:217][557]LogWorld: BeginTearingDown for /Game/Map/UEDPIE_0_MP_Lobby
[2026.04.26-21.57.05:238][557]LogWorld: UWorld::CleanupWorld for MP_Lobby, bSessionEnded=true, bCleanupResources=true
[2026.04.26-21.57.05:278][557]LogSlate: InvalidateAllWidgets triggered.  All widgets were invalidated
[2026.04.26-21.57.05:325][557]LogNet: World NetDriver shutdown IpNetDriver_2 [GameNetDriver]
[2026.04.26-21.57.05:325][557]LogNet: DestroyNamedNetDriver IpNetDriver_2 [GameNetDriver]
[2026.04.26-21.57.05:325][557]LogExit: GameNetDriver IpNetDriver_2 shut down
[2026.04.26-21.57.05:326][557]LogPlayLevel: Display: Shutting down PIE online subsystems
[2026.04.26-21.57.05:334][557]LogSlate: InvalidateAllWidgets triggered.  All widgets were invalidated
[2026.04.26-21.57.05:433][557]LogSlate: Updating window title bar state: overlay mode, drag disabled, window buttons hidden, title bar hidden
[2026.04.26-21.57.05:628][557]LogAudioMixer: FMixerPlatformXAudio2::StopAudioStream() called
[2026.04.26-21.57.05:630][557]LogAudioMixer: FMixerPlatformXAudio2::StopAudioStream() called
[2026.04.26-21.57.05:782][557]LogUObjectHash: Compacting FUObjectHashTables data took   4.66ms
[2026.04.26-21.57.05:931][558]LogPlayLevel: Display: Destroying online subsystem :Context_33
[2026.04.26-21.57.12:223][913]LogWorld: UWorld::CleanupWorld for World_19, bSessionEnded=true, bCleanupResources=true
[2026.04.26-21.57.12:223][913]LogSlate: InvalidateAllWidgets triggered.  All widgets were invalidated
[2026.04.26-21.57.44:905][675]BlueprintLog: New page: Compile GrabPack
[2026.04.26-21.57.45:064][675]LogUObjectHash: Compacting FUObjectHashTables data took   5.45ms
[2026.04.26-21.57.45:079][675]LogSkinnedMeshComp: Warning: GetBoneTransform : BoneIndex(18) out of range of MasterBoneMap for CosmeticGrabpack
[2026.04.26-21.57.45:079][675]LogSkinnedMeshComp: Warning: GetBoneTransform : BoneIndex(18) out of range of MasterBoneMap for CosmeticGrabpack
[2026.04.26-21.57.45:082][675]LogSkinnedMeshComp: Warning: GetBoneTransform : BoneIndex(18) out of range of MasterBoneMap for CosmeticGrabpack
[2026.04.26-21.57.45:082][675]LogSkinnedMeshComp: Warning: GetBoneTransform : BoneIndex(18) out of range of MasterBoneMap for CosmeticGrabpack
[2026.04.26-21.57.45:086][675]LogActorComponent: RegisterComponentWithWorld: (/Engine/Transient.World_1:PersistentLevel.DESTROYED_GrabPack_C_CHILDACTOR_470.DefaultSceneRoot) Trying to register component with IsPendingKill() == true. Aborting.
[2026.04.26-21.57.45:086][675]LogActorComponent: RegisterComponentWithWorld: (/Engine/Transient.World_1:PersistentLevel.DESTROYED_GrabPack_C_CHILDACTOR_471.DefaultSceneRoot) Trying to register component with IsPendingKill() == true. Aborting.
[2026.04.26-21.57.45:089][675]LogSkinnedMeshComp: Warning: GetBoneTransform : BoneIndex(18) out of range of MasterBoneMap for CosmeticGrabpack
[2026.04.26-21.57.45:089][675]LogSkinnedMeshComp: Warning: GetBoneTransform : BoneIndex(18) out of range of MasterBoneMap for CosmeticGrabpack
[2026.04.26-21.57.45:091][675]LogActorComponent: RegisterComponentWithWorld: (/Engine/Transient.World_22:PersistentLevel.DESTROYED_GrabPack_C_CHILDACTOR_235.DefaultSceneRoot) Trying to register component with IsPendingKill() == true. Aborting.
[2026.04.26-21.57.45:114][675]LogSkinnedMeshComp: Warning: GetBoneTransform : BoneIndex(18) out of range of MasterBoneMap for CosmeticGrabpack
[2026.04.26-21.57.45:114][675]LogSkinnedMeshComp: Warning: GetBoneTransform : BoneIndex(18) out of range of MasterBoneMap for CosmeticGrabpack
[2026.04.26-21.57.45:117][675]LogSkinnedMeshComp: Warning: GetBoneTransform : BoneIndex(18) out of range of MasterBoneMap for CosmeticGrabpack
[2026.04.26-21.57.45:117][675]LogSkinnedMeshComp: Warning: GetBoneTransform : BoneIndex(18) out of range of MasterBoneMap for CosmeticGrabpack
[2026.04.26-21.57.45:121][675]LogActorComponent: RegisterComponentWithWorld: (/Engine/Transient.World_1:PersistentLevel.DESTROYED_GrabPack_C_CHILDACTOR_475.DefaultSceneRoot) Trying to register component with IsPendingKill() == true. Aborting.
[2026.04.26-21.57.45:121][675]LogActorComponent: RegisterComponentWithWorld: (/Engine/Transient.World_1:PersistentLevel.DESTROYED_GrabPack_C_CHILDACTOR_474.DefaultSceneRoot) Trying to register component with IsPendingKill() == true. Aborting.
[2026.04.26-21.57.45:124][675]LogSkinnedMeshComp: Warning: GetBoneTransform : BoneIndex(18) out of range of MasterBoneMap for CosmeticGrabpack
[2026.04.26-21.57.45:124][675]LogSkinnedMeshComp: Warning: GetBoneTransform : BoneIndex(18) out of range of MasterBoneMap for CosmeticGrabpack
[2026.04.26-21.57.45:125][675]LogActorComponent: RegisterComponentWithWorld: (/Engine/Transient.World_22:PersistentLevel.DESTROYED_GrabPack_C_CHILDACTOR_237.DefaultSceneRoot) Trying to register component with IsPendingKill() == true. Aborting.
[2026.04.26-21.57.48:449][675]LogWindows: Error: === Critical error: ===
[2026.04.26-21.57.48:449][675]LogWindows: Error: 
[2026.04.26-21.57.48:449][675]LogWindows: Error: Fatal error!
[2026.04.26-21.57.48:449][675]LogWindows: Error: 
[2026.04.26-21.57.48:449][675]LogWindows: Error: Unhandled Exception: EXCEPTION_ACCESS_VIOLATION reading address 0xffffffffffffffff
[2026.04.26-21.57.48:449][675]LogWindows: Error: 
[2026.04.26-21.57.48:449][675]LogWindows: Error: [Callstack] 0x00007ff97d6b5a50 UE4Editor-CoreUObject.dll!UnknownFunction []
[2026.04.26-21.57.48:449][675]LogWindows: Error: [Callstack] 0x00007ff97d6b9663 UE4Editor-CoreUObject.dll!UnknownFunction []
[2026.04.26-21.57.48:449][675]LogWindows: Error: [Callstack] 0x00007ff9749f5802 UE4Editor-PropertyEditor.dll!UnknownFunction []
[2026.04.26-21.57.48:449][675]LogWindows: Error: [Callstack] 0x00007ff9749f50e6 UE4Editor-PropertyEditor.dll!UnknownFunction []
[2026.04.26-21.57.48:449][675]LogWindows: Error: [Callstack] 0x00007ff96a2c5afb UE4Editor-Sequencer.dll!UnknownFunction []
[2026.04.26-21.57.48:449][675]LogWindows: Error: [Callstack] 0x00007ff96a2a21ee UE4Editor-Sequencer.dll!UnknownFunction []
[2026.04.26-21.57.48:449][675]LogWindows: Error: [Callstack] 0x00007ff97d65ef3a UE4Editor-CoreUObject.dll!UnknownFunction []
[2026.04.26-21.57.48:449][675]LogWindows: Error: [Callstack] 0x00007ff961f75b9d UE4Editor-Engine.dll!UnknownFunction []
[2026.04.26-21.57.48:449][675]LogWindows: Error: [Callstack] 0x00007ff962c6f760 UE4Editor-Engine.dll!UnknownFunction []
[2026.04.26-21.57.48:449][675]LogWindows: Error: [Callstack] 0x00007ff97d65e5f6 UE4Editor-CoreUObject.dll!UnknownFunction []
[2026.04.26-21.57.48:449][675]LogWindows: Error: [Callstack] 0x00007ff960bcd3b1 UE4Editor-UnrealEd.dll!UnknownFunction []
[2026.04.26-21.57.48:449][675]LogWindows: Error: [Callstack] 0x00007ff97a9e6b86 UE4Editor-Kismet.dll!UnknownFunction []
[2026.04.26-21.57.48:449][675]LogWindows: Error: [Callstack] 0x00007ff97a9cc327 UE4Editor-Kismet.dll!UnknownFunction []
[2026.04.26-21.57.48:449][675]LogWindows: Error: [Callstack] 0x00007ff961ebdbb0 UE4Editor-Engine.dll!UnknownFunction []
[2026.04.26-21.57.48:449][675]LogWindows: Error: [Callstack] 0x00007ff97a8ac51e UE4Editor-Kismet.dll!UnknownFunction []
[2026.04.26-21.57.48:449][675]LogWindows: Error: [Callstack] 0x00007ff97a8abd71 UE4Editor-Kismet.dll!UnknownFunction []
[2026.04.26-21.57.48:449][675]LogWindows: Error: [Callstack] 0x00007ff960c200de UE4Editor-UnrealEd.dll!UnknownFunction []
[2026.04.26-21.57.48:449][675]LogWindows: Error: [Callstack] 0x00007ff97a9aee7c UE4Editor-Kismet.dll!UnknownFunction []
[2026.04.26-21.57.48:449][675]LogWindows: Error: [Callstack] 0x00007ff97a9cca46 UE4Editor-Kismet.dll!UnknownFunction []
[2026.04.26-21.57.48:449][675]LogWindows: Error: [Callstack] 0x00007ff97e5ecf28 UE4Editor-Slate.dll!UnknownFunction []
[2026.04.26-21.57.48:449][675]LogWindows: Error: [Callstack] 0x00007ff97e612082 UE4Editor-Slate.dll!UnknownFunction []
[2026.04.26-21.57.48:449][675]LogWindows: Error: [Callstack] 0x00007ff97e5eca87 UE4Editor-Slate.dll!UnknownFunction []
[2026.04.26-21.57.48:451][675]LogWindows: Error: [Callstack] 0x00007ff97e68a6fe UE4Editor-Slate.dll!UnknownFunction []
[2026.04.26-21.57.48:451][675]LogWindows: Error: [Callstack] 0x00007ff97e6a280e UE4Editor-Slate.dll!UnknownFunction []
[2026.04.26-21.57.48:451][675]LogWindows: Error: [Callstack] 0x00007ff97e4f421e UE4Editor-Slate.dll!UnknownFunction []
[2026.04.26-21.57.48:451][675]LogWindows: Error: [Callstack] 0x00007ff97e56e104 UE4Editor-Slate.dll!UnknownFunction []
[2026.04.26-21.57.48:451][675]LogWindows: Error: [Callstack] 0x00007ff97e557097 UE4Editor-Slate.dll!UnknownFunction []
[2026.04.26-21.57.48:451][675]LogWindows: Error: [Callstack] 0x00007ff97e549b62 UE4Editor-Slate.dll!UnknownFunction []
[2026.04.26-21.57.48:451][675]LogWindows: Error: [Callstack] 0x00007ff99a87c025 UE4Editor-ApplicationCore.dll!UnknownFunction []
[2026.04.26-21.57.48:451][675]LogWindows: Error: [Callstack] 0x00007ff99a8692b7 UE4Editor-ApplicationCore.dll!UnknownFunction []
[2026.04.26-21.57.48:451][675]LogWindows: Error: [Callstack] 0x00007ff99a87e465 UE4Editor-ApplicationCore.dll!UnknownFunction []
[2026.04.26-21.57.48:451][675]LogWindows: Error: [Callstack] 0x00007ff99a864410 UE4Editor-ApplicationCore.dll!UnknownFunction []
[2026.04.26-21.57.48:451][675]LogWindows: Error: [Callstack] 0x00007ff9b755e83a USER32.dll!UnknownFunction []
[2026.04.26-21.57.48:451][675]LogWindows: Error: [Callstack] 0x00007ff9b757ccb2 USER32.dll!UnknownFunction []
[2026.04.26-21.57.48:451][675]LogWindows: Error: [Callstack] 0x00007ff99a87fcd4 UE4Editor-ApplicationCore.dll!UnknownFunction []
[2026.04.26-21.57.48:451][675]LogWindows: Error: [Callstack] 0x00007ff706a07621 UE4Editor.exe!UnknownFunction []
[2026.04.26-21.57.48:451][675]LogWindows: Error: [Callstack] 0x00007ff706a20fcc UE4Editor.exe!UnknownFunction []
[2026.04.26-21.57.48:451][675]LogWindows: Error: [Callstack] 0x00007ff706a210ba UE4Editor.exe!UnknownFunction []
[2026.04.26-21.57.48:451][675]LogWindows: Error: [Callstack] 0x00007ff706a240dd UE4Editor.exe!UnknownFunction []
[2026.04.26-21.57.48:451][675]LogWindows: Error: [Callstack] 0x00007ff706a35984 UE4Editor.exe!UnknownFunction []
[2026.04.26-21.57.48:451][675]LogWindows: Error: [Callstack] 0x00007ff706a3853a UE4Editor.exe!UnknownFunction []
[2026.04.26-21.57.48:451][675]LogWindows: Error: [Callstack] 0x00007ff9b7f3e8d7 KERNEL32.DLL!UnknownFunction []
[2026.04.26-21.57.48:451][675]LogWindows: Error: [Callstack] 0x00007ff9b8a3c5dc ntdll.dll!UnknownFunction []
[2026.04.26-21.57.48:451][675]LogWindows: Error: 
[2026.04.26-21.57.48:479][675]LogExit: Executing StaticShutdownAfterError
[2026.04.26-21.57.48:799][675]LogWindows: FPlatformMisc::RequestExit(1)
[2026.04.26-21.57.48:801][675]LogWindows: FPlatformMisc::RequestExitWithStatus(1, 3)
[2026.04.26-21.57.48:801][675]LogCore: Engine exit requested (reason: Win RequestExit)
[2026.04.26-21.57.48:810][675]Log file closed, 04/26/26 23:57:48
