Log file open, 04/03/26 10:03:22
LogWindows: Failed to load 'aqProf.dll' (GetLastError=126)
LogWindows: File 'aqProf.dll' does not exist
LogWindows: Failed to load 'VtuneApi.dll' (GetLastError=126)
LogWindows: File 'VtuneApi.dll' does not exist
LogWindows: Failed to load 'VtuneApi32e.dll' (GetLastError=126)
LogWindows: File 'VtuneApi32e.dll' does not exist
LogConsoleResponse: Display: Failed to find resolution value strings in scalability ini. Falling back to default.
LogConsoleResponse: Display: Failed to find resolution value strings in scalability ini. Falling back to default.
LogInit: Display: Running engine for game: Playtime_Multiplayer
LogPlatformFile: Not using cached read wrapper
LogTaskGraph: Started task graph with 5 named threads and 35 total threads with 3 sets of task threads.
LogStats: Stats thread started at 0.294112
LogICUInternationalization: ICU TimeZone Detection - Raw Offset: +3:00, Platform Override: ''
LogInit: Display: Loading text-based GConfig....
LogPluginManager: Mounting plugin MeshPainting
LogPluginManager: Mounting plugin XGEController
LogPluginManager: Mounting plugin AISupport
LogPluginManager: Mounting plugin LiveLink
LogPluginManager: Mounting plugin Paper2D
LogPluginManager: Mounting plugin EnvironmentQueryEditor
LogPluginManager: Mounting plugin CameraShakePreviewer
LogPluginManager: Mounting plugin OodleData
LogPluginManager: Mounting plugin OodleNetwork
LogPluginManager: Mounting plugin AssetManagerEditor
LogPluginManager: Mounting plugin LightPropagationVolume
LogPluginManager: Mounting plugin CryptoKeys
LogPluginManager: Mounting plugin CurveEditorTools
LogPluginManager: Mounting plugin DataValidation
LogPluginManager: Mounting plugin FacialAnimation
LogPluginManager: Mounting plugin GeometryMode
LogPluginManager: Mounting plugin MacGraphicsSwitching
LogPluginManager: Mounting plugin GameplayTagsEditor
LogPluginManager: Mounting plugin MobileLauncherProfileWizard
LogPluginManager: Mounting plugin SpeedTreeImporter
LogPluginManager: Mounting plugin MaterialAnalyzer
LogPluginManager: Mounting plugin PluginBrowser
LogPluginManager: Mounting plugin DatasmithContent
LogPluginManager: Mounting plugin VariantManagerContent
LogPluginManager: Mounting plugin Niagara
LogPluginManager: Mounting plugin AnimationSharing
LogPluginManager: Mounting plugin CLionSourceCodeAccess
LogPluginManager: Mounting plugin CodeLiteSourceCodeAccess
LogPluginManager: Mounting plugin GitSourceControl
LogPluginManager: Mounting plugin KDevelopSourceCodeAccess
LogPluginManager: Mounting plugin NullSourceCodeAccess
LogPluginManager: Mounting plugin PerforceSourceControl
LogPluginManager: Mounting plugin PlasticSourceControl
LogPluginManager: Mounting plugin PixWinPlugin
LogPluginManager: Mounting plugin PluginUtils
LogPluginManager: Mounting plugin PropertyAccessNode
LogPluginManager: Mounting plugin TextureFormatOodle
LogPluginManager: Mounting plugin RiderSourceCodeAccess
LogPluginManager: Mounting plugin UObjectPlugin
LogPluginManager: Mounting plugin SubversionSourceControl
LogPluginManager: Mounting plugin VisualStudioSourceCodeAccess
LogPluginManager: Mounting plugin XCodeSourceCodeAccess
LogPluginManager: Mounting plugin VisualStudioCodeSourceCodeAccess
LogPluginManager: Mounting plugin LuminPlatformFeatures
LogPluginManager: Mounting plugin MagicLeapLightEstimation
LogPluginManager: Mounting plugin MagicLeapMedia
LogPluginManager: Mounting plugin MagicLeapPassableWorld
LogPluginManager: Mounting plugin MLSDK
LogPluginManager: Mounting plugin AlembicImporter
LogPluginManager: Mounting plugin AutomationUtils
LogPluginManager: Mounting plugin BackChannel
LogPluginManager: Mounting plugin ChaosCloth
LogPluginManager: Mounting plugin ChaosEditor
LogPluginManager: Mounting plugin ChaosClothEditor
LogPluginManager: Mounting plugin ChaosNiagara
LogPluginManager: Mounting plugin ChaosSolverPlugin
LogPluginManager: Mounting plugin CharacterAI
LogPluginManager: Mounting plugin MagicLeap
LogPluginManager: Mounting plugin AndroidMedia
LogPluginManager: Mounting plugin GeometryCache
LogPluginManager: Mounting plugin AvfMedia
LogPluginManager: Mounting plugin GeometryCollectionPlugin
LogPluginManager: Mounting plugin MediaCompositing
LogPluginManager: Mounting plugin MediaPlayerEditor
LogPluginManager: Mounting plugin ImgMedia
LogPluginManager: Mounting plugin WmfMedia
LogPluginManager: Mounting plugin WebMMedia
LogPluginManager: Mounting plugin TcpMessaging
LogPluginManager: Mounting plugin UdpMessaging
LogPluginManager: Mounting plugin GeometryProcessing
LogPluginManager: Mounting plugin OpenImageDenoise
LogPluginManager: Mounting plugin MotoSynth
LogPluginManager: Mounting plugin PlanarCut
LogPluginManager: Mounting plugin PlatformCrypto
LogPluginManager: Mounting plugin PythonScriptPlugin
LogPluginManager: Mounting plugin SkeletalReduction
LogPluginManager: Mounting plugin ProxyLODPlugin
LogPluginManager: Mounting plugin ActorSequence
LogPluginManager: Mounting plugin LevelSequenceEditor
LogPluginManager: Mounting plugin MatineeToLevelSequence
LogPluginManager: Mounting plugin TemplateSequence
LogPluginManager: Mounting plugin OnlineSubsystem
LogPluginManager: Mounting plugin OnlineSubsystemNull
LogPluginManager: Mounting plugin OnlineSubsystemUtils
LogPluginManager: Mounting plugin LauncherChunkInstaller
LogPluginManager: Mounting plugin ActorLayerUtilities
LogPluginManager: Mounting plugin AndroidDeviceProfileSelector
LogPluginManager: Mounting plugin AndroidMoviePlayer
LogPluginManager: Mounting plugin AndroidPermission
LogPluginManager: Mounting plugin AppleMoviePlayer
LogPluginManager: Mounting plugin ArchVisCharacter
LogPluginManager: Mounting plugin AudioCapture
LogPluginManager: Mounting plugin AssetTags
LogPluginManager: Mounting plugin AppleImageUtils
LogPluginManager: Mounting plugin AudioSynesthesia
LogPluginManager: Mounting plugin CableComponent
LogPluginManager: Mounting plugin ChunkDownloader
LogPluginManager: Mounting plugin CustomMeshComponent
LogPluginManager: Mounting plugin EditableMesh
LogPluginManager: Mounting plugin ExampleDeviceProfileSelector
LogPluginManager: Mounting plugin GoogleCloudMessaging
LogPluginManager: Mounting plugin GooglePAD
LogPluginManager: Mounting plugin ScreenshotTools
LogPluginManager: Mounting plugin IOSDeviceProfileSelector
LogPluginManager: Mounting plugin LinuxDeviceProfileSelector
LogPluginManager: Mounting plugin LocationServicesBPLibrary
LogPluginManager: Mounting plugin MobilePatchingUtils
LogPluginManager: Mounting plugin OpenXR
LogPluginManager: Mounting plugin OpenXREyeTracker
LogPluginManager: Mounting plugin OpenXRHandTracking
LogPluginManager: Mounting plugin PhysXVehicles
LogPluginManager: Mounting plugin Takes
LogPluginManager: Mounting plugin PostSplashScreen
LogPluginManager: Mounting plugin ProceduralMeshComponent
LogPluginManager: Mounting plugin PropertyAccessEditor
LogPluginManager: Mounting plugin SoundFields
LogPluginManager: Mounting plugin RuntimePhysXCooking
LogPluginManager: Mounting plugin Synthesis
LogPluginManager: Mounting plugin WebMMoviePlayer
LogPluginManager: Mounting plugin SignificanceManager
LogPluginManager: Mounting plugin GameplayCameras
LogPluginManager: Mounting plugin WindowsMoviePlayer
LogPluginManager: Mounting plugin ContentBrowserAssetDataSource
LogPluginManager: Mounting plugin ContentBrowserClassDataSource
LogPluginManager: Mounting plugin ContentBrowserFileDataSource
LogPluginManager: Mounting plugin OnlineSubsystemIOS
LogPluginManager: Mounting plugin OnlineSubsystemGooglePlay
LogPluginManager: Mounting plugin OculusVR
LogPluginManager: Mounting plugin SteamVR
LogPluginManager: Mounting plugin AdvancedSessions
PixWinPlugin: PIX capture plugin failed to initialize! Check that the process is launched from PIX.
LogInit: Using libcurl 7.55.1-DEV
LogInit:  - built for x86_64-pc-win32
LogInit:  - supports SSL with OpenSSL/1.1.1
LogInit:  - supports HTTP deflate (compression) using libz 1.2.8
LogInit:  - other features:
LogInit:      CURL_VERSION_SSL
LogInit:      CURL_VERSION_LIBZ
LogInit:      CURL_VERSION_IPV6
LogInit:      CURL_VERSION_ASYNCHDNS
LogInit:      CURL_VERSION_LARGEFILE
LogInit:      CURL_VERSION_IDN
LogInit:  CurlRequestOptions (configurable via config and command line):
LogInit:  - bVerifyPeer = true  - Libcurl will verify peer certificate
LogInit:  - bUseHttpProxy = false  - Libcurl will NOT use HTTP proxy
LogInit:  - bDontReuseConnections = false  - Libcurl will reuse connections
LogInit:  - MaxHostConnections = 16  - Libcurl will limit the number of connections to a host
LogInit:  - LocalHostAddr = Default
LogInit:  - BufferSize = 65536
LogModuleManager: Warning: ModuleManager: Unable to load module 'OnlineSubsystemSteam'  - 0 instances of that module name found.
LogOnline: Warning: OSS: TryLoadSubsystemAndSetDefault: LoadSubsystemModule([Steam]) failed
LogOnline: OSS: Creating online subsystem instance for: NULL
LogInit: WinSock: version 1.1 (2.2), MaxSocks=32767, MaxUdp=65467
LogOnline: OSS: TryLoadSubsystemAndSetDefault: Loaded subsystem for module [NULL]
LogOculusPluginWrapper: OculusPlugin initialized successfully
LogHMD: Failed initializing OVRPlugin 1.59.0
LogInit: Build: ++UE4+Release-4.27-CL-18319896
LogInit: Engine Version: 4.27.2-18319896+++UE4+Release-4.27
LogInit: Compatible Engine Version: 4.27.0-17155196+++UE4+Release-4.27
LogInit: Net CL: 17155196
LogInit: OS: Windows 10 (Release 2009) (), CPU: Intel(R) Core(TM) i5-10400T CPU @ 2.00GHz, GPU: Intel(R) UHD Graphics 630
LogInit: Compiled (64-bit): Nov 30 2021 07:12:08
LogInit: Compiled with Visual C++: 19.24.28315.00
LogInit: Build Configuration: Development
LogInit: Branch Name: ++UE4+Release-4.27
LogInit: Command Line: 
LogInit: Base Directory: C:/Program Files/Epic Games/UE_4.27/Engine/Binaries/Win64/
LogInit: Allocator: TBB
LogInit: Installed Engine Build: 1
LogDevObjectVersion: Number of dev versions registered: 29
LogDevObjectVersion:   Dev-Blueprints (B0D832E4-1F89-4F0D-ACCF-7EB736FD4AA2): 10
LogDevObjectVersion:   Dev-Build (E1C64328-A22C-4D53-A36C-8E866417BD8C): 0
LogDevObjectVersion:   Dev-Core (375EC13C-06E4-48FB-B500-84F0262A717E): 4
LogDevObjectVersion:   Dev-Editor (E4B068ED-F494-42E9-A231-DA0B2E46BB41): 40
LogDevObjectVersion:   Dev-Framework (CFFC743F-43B0-4480-9391-14DF171D2073): 37
LogDevObjectVersion:   Dev-Mobile (B02B49B5-BB20-44E9-A304-32B752E40360): 3
LogDevObjectVersion:   Dev-Networking (A4E4105C-59A1-49B5-A7C5-40C4547EDFEE): 0
LogDevObjectVersion:   Dev-Online (39C831C9-5AE6-47DC-9A44-9C173E1C8E7C): 0
LogDevObjectVersion:   Dev-Physics (78F01B33-EBEA-4F98-B9B4-84EACCB95AA2): 14
LogDevObjectVersion:   Dev-Platform (6631380F-2D4D-43E0-8009-CF276956A95A): 0
LogDevObjectVersion:   Dev-Rendering (12F88B9F-8875-4AFC-A67C-D90C383ABD29): 45
LogDevObjectVersion:   Dev-Sequencer (7B5AE74C-D270-4C10-A958-57980B212A5A): 13
LogDevObjectVersion:   Dev-VR (D7296918-1DD6-4BDD-9DE2-64A83CC13884): 3
LogDevObjectVersion:   Dev-LoadTimes (C2A15278-BFE7-4AFE-6C17-90FF531DF755): 1
LogDevObjectVersion:   Private-Geometry (6EACA3D4-40EC-4CC1-B786-8BED09428FC5): 3
LogDevObjectVersion:   Dev-AnimPhys (29E575DD-E0A3-4627-9D10-D276232CDCEA): 17
LogDevObjectVersion:   Dev-Anim (AF43A65D-7FD3-4947-9873-3E8ED9C1BB05): 15
LogDevObjectVersion:   Dev-ReflectionCapture (6B266CEC-1EC7-4B8F-A30B-E4D90942FC07): 1
LogDevObjectVersion:   Dev-Automation (0DF73D61-A23F-47EA-B727-89E90C41499A): 1
LogDevObjectVersion:   FortniteMain (601D1886-AC64-4F84-AA16-D3DE0DEAC7D6): 47
LogDevObjectVersion:   FortniteRelease (E7086368-6B23-4C58-8439-1B7016265E91): 1
LogDevObjectVersion:   Dev-Enterprise (9DFFBCD6-494F-0158-E221-12823C92A888): 10
LogDevObjectVersion:   Dev-Niagara (F2AED0AC-9AFE-416F-8664-AA7FFA26D6FC): 1
LogDevObjectVersion:   Dev-Destruction (174F1F0B-B4C6-45A5-B13F-2EE8D0FB917D): 10
LogDevObjectVersion:   Dev-Physics-Ext (35F94A83-E258-406C-A318-09F59610247C): 41
LogDevObjectVersion:   Dev-PhysicsMaterial-Chaos (B68FC16E-8B1B-42E2-B453-215C058844FE): 1
LogDevObjectVersion:   Dev-CineCamera (B2E18506-4273-CFC2-A54E-F4BB758BBA07): 1
LogDevObjectVersion:   Dev-VirtualProduction (64F58936-FD1B-42BA-BA96-7289D5D0FA4E): 1
LogDevObjectVersion:   Dev-MediaFramework (6F0ED827-A609-4895-9C91-998D90180EA4): 2
LogInit: Presizing for max 25165824 objects, including 0 objects not considered by GC, pre-allocating 0 bytes for permanent pool.
LogConfig: Applying CVar settings from Section [/Script/Engine.StreamingSettings] File [C:/Users/User/Documents/Unreal Projects/Playtime_Multiplayer/Saved/Config/Windows/Engine.ini]
LogConfig: Setting CVar [[s.MinBulkDataSizeForAsyncLoading:131072]]
LogConfig: Setting CVar [[s.AsyncLoadingThreadEnabled:0]]
LogConfig: Setting CVar [[s.EventDrivenLoaderEnabled:1]]
LogConfig: Setting CVar [[s.WarnIfTimeLimitExceeded:0]]
LogConfig: Setting CVar [[s.TimeLimitExceededMultiplier:1.5]]
LogConfig: Setting CVar [[s.TimeLimitExceededMinTime:0.005]]
LogConfig: Setting CVar [[s.UseBackgroundLevelStreaming:1]]
LogConfig: Setting CVar [[s.PriorityAsyncLoadingExtraTime:15.0]]
LogConfig: Setting CVar [[s.LevelStreamingActorsUpdateTimeLimit:5.0]]
LogConfig: Setting CVar [[s.PriorityLevelStreamingActorsUpdateExtraTime:5.0]]
LogConfig: Setting CVar [[s.LevelStreamingComponentsRegistrationGranularity:10]]
LogConfig: Setting CVar [[s.UnregisterComponentsTimeLimit:1.0]]
LogConfig: Setting CVar [[s.LevelStreamingComponentsUnregistrationGranularity:5]]
LogConfig: Setting CVar [[s.FlushStreamingOnExit:1]]
LogInit: Object subsystem initialized
LogConfig: Setting CVar [[con.DebugEarlyDefault:1]]
LogConfig: Setting CVar [[r.setres:1280x720]]
[2026.04.03-07.03.23:007][  0]LogConfig: Setting CVar [[r.VSync:0]]
[2026.04.03-07.03.23:007][  0]LogConfig: Setting CVar [[r.RHICmdBypass:0]]
[2026.04.03-07.03.23:007][  0]LogConfig: Applying CVar settings from Section [/Script/Engine.RendererSettings] File [C:/Users/User/Documents/Unreal Projects/Playtime_Multiplayer/Saved/Config/Windows/Engine.ini]
[2026.04.03-07.03.23:007][  0]LogConfig: Setting CVar [[r.GPUCrashDebugging:0]]
[2026.04.03-07.03.23:007][  0]LogConfig: Applying CVar settings from Section [/Script/Engine.RendererOverrideSettings] File [C:/Users/User/Documents/Unreal Projects/Playtime_Multiplayer/Saved/Config/Windows/Engine.ini]
[2026.04.03-07.03.23:007][  0]LogConfig: Applying CVar settings from Section [/Script/Engine.StreamingSettings] File [C:/Users/User/Documents/Unreal Projects/Playtime_Multiplayer/Saved/Config/Windows/Engine.ini]
[2026.04.03-07.03.23:007][  0]LogConfig: Setting CVar [[s.MinBulkDataSizeForAsyncLoading:131072]]
[2026.04.03-07.03.23:007][  0]LogConfig: Setting CVar [[s.AsyncLoadingThreadEnabled:0]]
[2026.04.03-07.03.23:007][  0]LogConfig: Setting CVar [[s.EventDrivenLoaderEnabled:1]]
[2026.04.03-07.03.23:007][  0]LogConfig: Setting CVar [[s.WarnIfTimeLimitExceeded:0]]
[2026.04.03-07.03.23:007][  0]LogConfig: Setting CVar [[s.TimeLimitExceededMultiplier:1.5]]
[2026.04.03-07.03.23:007][  0]LogConfig: Setting CVar [[s.TimeLimitExceededMinTime:0.005]]
[2026.04.03-07.03.23:007][  0]LogConfig: Setting CVar [[s.UseBackgroundLevelStreaming:1]]
[2026.04.03-07.03.23:007][  0]LogConfig: Setting CVar [[s.PriorityAsyncLoadingExtraTime:15.0]]
[2026.04.03-07.03.23:007][  0]LogConfig: Setting CVar [[s.LevelStreamingActorsUpdateTimeLimit:5.0]]
[2026.04.03-07.03.23:007][  0]LogConfig: Setting CVar [[s.PriorityLevelStreamingActorsUpdateExtraTime:5.0]]
[2026.04.03-07.03.23:007][  0]LogConfig: Setting CVar [[s.LevelStreamingComponentsRegistrationGranularity:10]]
[2026.04.03-07.03.23:007][  0]LogConfig: Setting CVar [[s.UnregisterComponentsTimeLimit:1.0]]
[2026.04.03-07.03.23:007][  0]LogConfig: Setting CVar [[s.LevelStreamingComponentsUnregistrationGranularity:5]]
[2026.04.03-07.03.23:007][  0]LogConfig: Setting CVar [[s.FlushStreamingOnExit:1]]
[2026.04.03-07.03.23:007][  0]LogConfig: Applying CVar settings from Section [/Script/Engine.GarbageCollectionSettings] File [C:/Users/User/Documents/Unreal Projects/Playtime_Multiplayer/Saved/Config/Windows/Engine.ini]
[2026.04.03-07.03.23:007][  0]LogConfig: Setting CVar [[gc.MaxObjectsNotConsideredByGC:1]]
[2026.04.03-07.03.23:007][  0]LogConfig: Setting CVar [[gc.SizeOfPermanentObjectPool:0]]
[2026.04.03-07.03.23:007][  0]LogConfig: Setting CVar [[gc.FlushStreamingOnGC:0]]
[2026.04.03-07.03.23:007][  0]LogConfig: Setting CVar [[gc.NumRetriesBeforeForcingGC:10]]
[2026.04.03-07.03.23:007][  0]LogConfig: Setting CVar [[gc.AllowParallelGC:1]]
[2026.04.03-07.03.23:007][  0]LogConfig: Setting CVar [[gc.TimeBetweenPurgingPendingKillObjects:61.1]]
[2026.04.03-07.03.23:007][  0]LogConfig: Setting CVar [[gc.MaxObjectsInEditor:25165824]]
[2026.04.03-07.03.23:007][  0]LogConfig: Setting CVar [[gc.IncrementalBeginDestroyEnabled:1]]
[2026.04.03-07.03.23:007][  0]LogConfig: Setting CVar [[gc.CreateGCClusters:1]]
[2026.04.03-07.03.23:007][  0]LogConfig: Setting CVar [[gc.MinGCClusterSize:5]]
[2026.04.03-07.03.23:007][  0]LogConfig: Setting CVar [[gc.ActorClusteringEnabled:0]]
[2026.04.03-07.03.23:007][  0]LogConfig: Setting CVar [[gc.BlueprintClusteringEnabled:0]]
[2026.04.03-07.03.23:007][  0]LogConfig: Setting CVar [[gc.UseDisregardForGCOnDedicatedServers:0]]
[2026.04.03-07.03.23:007][  0]LogConfig: Setting CVar [[gc.MultithreadedDestructionEnabled:1]]
[2026.04.03-07.03.23:007][  0]LogConfig: Applying CVar settings from Section [/Script/Engine.NetworkSettings] File [C:/Users/User/Documents/Unreal Projects/Playtime_Multiplayer/Saved/Config/Windows/Engine.ini]
[2026.04.03-07.03.23:007][  0]LogConfig: Applying CVar settings from Section [/Script/UnrealEd.CookerSettings] File [C:/Users/User/Documents/Unreal Projects/Playtime_Multiplayer/Saved/Config/Windows/Engine.ini]
[2026.04.03-07.03.23:025][  0]LogConfig: Applying CVar settings from Section [ViewDistanceQuality@3] File [C:/Users/User/Documents/Unreal Projects/Playtime_Multiplayer/Saved/Config/Windows/Scalability.ini]
[2026.04.03-07.03.23:025][  0]LogConfig: Setting CVar [[r.SkeletalMeshLODBias:0]]
[2026.04.03-07.03.23:025][  0]LogConfig: Setting CVar [[r.ViewDistanceScale:1.0]]
[2026.04.03-07.03.23:025][  0]LogConfig: Applying CVar settings from Section [AntiAliasingQuality@3] File [C:/Users/User/Documents/Unreal Projects/Playtime_Multiplayer/Saved/Config/Windows/Scalability.ini]
[2026.04.03-07.03.23:025][  0]LogConfig: Setting CVar [[r.PostProcessAAQuality:4]]
[2026.04.03-07.03.23:025][  0]LogConfig: Applying CVar settings from Section [ShadowQuality@3] File [C:/Users/User/Documents/Unreal Projects/Playtime_Multiplayer/Saved/Config/Windows/Scalability.ini]
[2026.04.03-07.03.23:025][  0]LogConfig: Setting CVar [[r.LightFunctionQuality:1]]
[2026.04.03-07.03.23:025][  0]LogConfig: Setting CVar [[r.ShadowQuality:5]]
[2026.04.03-07.03.23:025][  0]LogConfig: Setting CVar [[r.Shadow.CSM.MaxCascades:10]]
[2026.04.03-07.03.23:025][  0]LogConfig: Setting CVar [[r.Shadow.MaxResolution:2048]]
[2026.04.03-07.03.23:025][  0]LogConfig: Setting CVar [[r.Shadow.MaxCSMResolution:2048]]
[2026.04.03-07.03.23:025][  0]LogConfig: Setting CVar [[r.Shadow.RadiusThreshold:0.01]]
[2026.04.03-07.03.23:026][  0]LogConfig: Setting CVar [[r.Shadow.DistanceScale:1.0]]
[2026.04.03-07.03.23:026][  0]LogConfig: Setting CVar [[r.Shadow.CSM.TransitionScale:1.0]]
[2026.04.03-07.03.23:026][  0]LogConfig: Setting CVar [[r.Shadow.PreShadowResolutionFactor:1.0]]
[2026.04.03-07.03.23:026][  0]LogConfig: Setting CVar [[r.DistanceFieldShadowing:1]]
[2026.04.03-07.03.23:026][  0]LogConfig: Setting CVar [[r.DistanceFieldAO:1]]
[2026.04.03-07.03.23:026][  0]LogConfig: Setting CVar [[r.AOQuality:2]]
[2026.04.03-07.03.23:026][  0]LogConfig: Setting CVar [[r.VolumetricFog:1]]
[2026.04.03-07.03.23:026][  0]LogConfig: Setting CVar [[r.VolumetricFog.GridPixelSize:8]]
[2026.04.03-07.03.23:026][  0]LogConfig: Setting CVar [[r.VolumetricFog.GridSizeZ:128]]
[2026.04.03-07.03.23:026][  0]LogConfig: Setting CVar [[r.VolumetricFog.HistoryMissSupersampleCount:4]]
[2026.04.03-07.03.23:026][  0]LogConfig: Setting CVar [[r.LightMaxDrawDistanceScale:1]]
[2026.04.03-07.03.23:026][  0]LogConfig: Setting CVar [[r.CapsuleShadows:1]]
[2026.04.03-07.03.23:026][  0]LogConfig: Applying CVar settings from Section [PostProcessQuality@3] File [C:/Users/User/Documents/Unreal Projects/Playtime_Multiplayer/Saved/Config/Windows/Scalability.ini]
[2026.04.03-07.03.23:026][  0]LogConfig: Setting CVar [[r.MotionBlurQuality:4]]
[2026.04.03-07.03.23:026][  0]LogConfig: Setting CVar [[r.AmbientOcclusionMipLevelFactor:0.4]]
[2026.04.03-07.03.23:026][  0]LogConfig: Setting CVar [[r.AmbientOcclusionMaxQuality:100]]
[2026.04.03-07.03.23:026][  0]LogConfig: Setting CVar [[r.AmbientOcclusionLevels:-1]]
[2026.04.03-07.03.23:026][  0]LogConfig: Setting CVar [[r.AmbientOcclusionRadiusScale:1.0]]
[2026.04.03-07.03.23:026][  0]LogConfig: Setting CVar [[r.DepthOfFieldQuality:2]]
[2026.04.03-07.03.23:026][  0]LogConfig: Setting CVar [[r.RenderTargetPoolMin:400]]
[2026.04.03-07.03.23:026][  0]LogConfig: Setting CVar [[r.LensFlareQuality:2]]
[2026.04.03-07.03.23:026][  0]LogConfig: Setting CVar [[r.SceneColorFringeQuality:1]]
[2026.04.03-07.03.23:026][  0]LogConfig: Setting CVar [[r.EyeAdaptationQuality:2]]
[2026.04.03-07.03.23:026][  0]LogConfig: Setting CVar [[r.BloomQuality:5]]
[2026.04.03-07.03.23:026][  0]LogConfig: Setting CVar [[r.FastBlurThreshold:100]]
[2026.04.03-07.03.23:026][  0]LogConfig: Setting CVar [[r.Upscale.Quality:3]]
[2026.04.03-07.03.23:026][  0]LogConfig: Setting CVar [[r.Tonemapper.GrainQuantization:1]]
[2026.04.03-07.03.23:026][  0]LogConfig: Setting CVar [[r.LightShaftQuality:1]]
[2026.04.03-07.03.23:026][  0]LogConfig: Setting CVar [[r.Filter.SizeScale:1]]
[2026.04.03-07.03.23:026][  0]LogConfig: Setting CVar [[r.Tonemapper.Quality:5]]
[2026.04.03-07.03.23:026][  0]LogConfig: Setting CVar [[r.DOF.Gather.AccumulatorQuality:1        ; higher gathering accumulator quality]]
[2026.04.03-07.03.23:026][  0]LogConfig: Setting CVar [[r.DOF.Gather.PostfilterMethod:1          ; Median3x3 postfilering method]]
[2026.04.03-07.03.23:026][  0]LogConfig: Setting CVar [[r.DOF.Gather.EnableBokehSettings:0       ; no bokeh simulation when gathering]]
[2026.04.03-07.03.23:026][  0]LogConfig: Setting CVar [[r.DOF.Gather.RingCount:4                 ; medium number of samples when gathering]]
[2026.04.03-07.03.23:026][  0]LogConfig: Setting CVar [[r.DOF.Scatter.ForegroundCompositing:1    ; additive foreground scattering]]
[2026.04.03-07.03.23:026][  0]LogConfig: Setting CVar [[r.DOF.Scatter.BackgroundCompositing:2    ; additive background scattering]]
[2026.04.03-07.03.23:026][  0]LogConfig: Setting CVar [[r.DOF.Scatter.EnableBokehSettings:1      ; bokeh simulation when scattering]]
[2026.04.03-07.03.23:026][  0]LogConfig: Setting CVar [[r.DOF.Scatter.MaxSpriteRatio:0.1         ; only a maximum of 10% of scattered bokeh]]
[2026.04.03-07.03.23:026][  0]LogConfig: Setting CVar [[r.DOF.Recombine.Quality:1                ; cheap slight out of focus]]
[2026.04.03-07.03.23:026][  0]LogConfig: Setting CVar [[r.DOF.Recombine.EnableBokehSettings:0    ; no bokeh simulation on slight out of focus]]
[2026.04.03-07.03.23:026][  0]LogConfig: Setting CVar [[r.DOF.TemporalAAQuality:1                ; more stable temporal accumulation]]
[2026.04.03-07.03.23:026][  0]LogConfig: Setting CVar [[r.DOF.Kernel.MaxForegroundRadius:0.025]]
[2026.04.03-07.03.23:026][  0]LogConfig: Setting CVar [[r.DOF.Kernel.MaxBackgroundRadius:0.025]]
[2026.04.03-07.03.23:026][  0]LogConfig: Applying CVar settings from Section [TextureQuality@3] File [C:/Users/User/Documents/Unreal Projects/Playtime_Multiplayer/Saved/Config/Windows/Scalability.ini]
[2026.04.03-07.03.23:026][  0]LogConfig: Setting CVar [[r.Streaming.MipBias:0]]
[2026.04.03-07.03.23:026][  0]LogConfig: Setting CVar [[r.Streaming.AmortizeCPUToGPUCopy:0]]
[2026.04.03-07.03.23:026][  0]LogConfig: Setting CVar [[r.Streaming.MaxNumTexturesToStreamPerFrame:0]]
[2026.04.03-07.03.23:026][  0]LogConfig: Setting CVar [[r.Streaming.Boost:1]]
[2026.04.03-07.03.23:026][  0]LogConfig: Setting CVar [[r.MaxAnisotropy:8]]
[2026.04.03-07.03.23:026][  0]LogConfig: Setting CVar [[r.VT.MaxAnisotropy:8]]
[2026.04.03-07.03.23:026][  0]LogConfig: Setting CVar [[r.Streaming.LimitPoolSizeToVRAM:0]]
[2026.04.03-07.03.23:026][  0]LogConfig: Setting CVar [[r.Streaming.PoolSize:1000]]
[2026.04.03-07.03.23:026][  0]LogConfig: Setting CVar [[r.Streaming.MaxEffectiveScreenSize:0]]
[2026.04.03-07.03.23:026][  0]LogConfig: Applying CVar settings from Section [EffectsQuality@3] File [C:/Users/User/Documents/Unreal Projects/Playtime_Multiplayer/Saved/Config/Windows/Scalability.ini]
[2026.04.03-07.03.23:026][  0]LogConfig: Setting CVar [[r.TranslucencyLightingVolumeDim:64]]
[2026.04.03-07.03.23:026][  0]LogConfig: Setting CVar [[r.RefractionQuality:2]]
[2026.04.03-07.03.23:026][  0]LogConfig: Setting CVar [[r.SSR.Quality:3]]
[2026.04.03-07.03.23:026][  0]LogConfig: Setting CVar [[r.SSR.HalfResSceneColor:0]]
[2026.04.03-07.03.23:026][  0]LogConfig: Setting CVar [[r.SceneColorFormat:4]]
[2026.04.03-07.03.23:026][  0]LogConfig: Setting CVar [[r.DetailMode:2]]
[2026.04.03-07.03.23:026][  0]LogConfig: Setting CVar [[r.TranslucencyVolumeBlur:1]]
[2026.04.03-07.03.23:026][  0]LogConfig: Setting CVar [[r.MaterialQualityLevel:1 ; High quality]]
[2026.04.03-07.03.23:026][  0]LogConfig: Setting CVar [[r.AnisotropicMaterials:1]]
[2026.04.03-07.03.23:026][  0]LogConfig: Setting CVar [[r.SSS.Scale:1]]
[2026.04.03-07.03.23:026][  0]LogConfig: Setting CVar [[r.SSS.SampleSet:2]]
[2026.04.03-07.03.23:026][  0]LogConfig: Setting CVar [[r.SSS.Quality:1]]
[2026.04.03-07.03.23:026][  0]LogConfig: Setting CVar [[r.SSS.HalfRes:0]]
[2026.04.03-07.03.23:026][  0]LogConfig: Setting CVar [[r.SSGI.Quality:3]]
[2026.04.03-07.03.23:026][  0]LogConfig: Setting CVar [[r.EmitterSpawnRateScale:1.0]]
[2026.04.03-07.03.23:026][  0]LogConfig: Setting CVar [[r.ParticleLightQuality:2]]
[2026.04.03-07.03.23:026][  0]LogConfig: Setting CVar [[r.SkyAtmosphere.AerialPerspectiveLUT.FastApplyOnOpaque:1 ; Always have FastSkyLUT 1 in this case to avoid wrong sky]]
[2026.04.03-07.03.23:026][  0]LogConfig: Setting CVar [[r.SkyAtmosphere.AerialPerspectiveLUT.SampleCountMaxPerSlice:4]]
[2026.04.03-07.03.23:026][  0]LogConfig: Setting CVar [[r.SkyAtmosphere.AerialPerspectiveLUT.DepthResolution:16.0]]
[2026.04.03-07.03.23:026][  0]LogConfig: Setting CVar [[r.SkyAtmosphere.FastSkyLUT:1]]
[2026.04.03-07.03.23:026][  0]LogConfig: Setting CVar [[r.SkyAtmosphere.FastSkyLUT.SampleCountMin:4.0]]
[2026.04.03-07.03.23:026][  0]LogConfig: Setting CVar [[r.SkyAtmosphere.FastSkyLUT.SampleCountMax:128.0]]
[2026.04.03-07.03.23:026][  0]LogConfig: Setting CVar [[r.SkyAtmosphere.SampleCountMin:4.0]]
[2026.04.03-07.03.23:026][  0]LogConfig: Setting CVar [[r.SkyAtmosphere.SampleCountMax:128.0]]
[2026.04.03-07.03.23:026][  0]LogConfig: Setting CVar [[r.SkyAtmosphere.TransmittanceLUT.UseSmallFormat:0]]
[2026.04.03-07.03.23:026][  0]LogConfig: Setting CVar [[r.SkyAtmosphere.TransmittanceLUT.SampleCount:10.0]]
[2026.04.03-07.03.23:026][  0]LogConfig: Setting CVar [[r.SkyAtmosphere.MultiScatteringLUT.SampleCount:15.0]]
[2026.04.03-07.03.23:026][  0]LogConfig: Setting CVar [[r.SkyLight.RealTimeReflectionCapture:1]]
[2026.04.03-07.03.23:026][  0]LogConfig: Applying CVar settings from Section [FoliageQuality@3] File [C:/Users/User/Documents/Unreal Projects/Playtime_Multiplayer/Saved/Config/Windows/Scalability.ini]
[2026.04.03-07.03.23:027][  0]LogConfig: Setting CVar [[foliage.DensityScale:1.0]]
[2026.04.03-07.03.23:027][  0]LogConfig: Setting CVar [[grass.DensityScale:1.0]]
[2026.04.03-07.03.23:027][  0]LogConfig: Applying CVar settings from Section [ShadingQuality@3] File [C:/Users/User/Documents/Unreal Projects/Playtime_Multiplayer/Saved/Config/Windows/Scalability.ini]
[2026.04.03-07.03.23:027][  0]LogConfig: Setting CVar [[r.HairStrands.SkyLighting.IntegrationType:2]]
[2026.04.03-07.03.23:027][  0]LogConfig: Setting CVar [[r.HairStrands.SkyAO.SampleCount:4]]
[2026.04.03-07.03.23:027][  0]LogConfig: Setting CVar [[r.HairStrands.Visibility.MSAA.SamplePerPixel:4]]
[2026.04.03-07.03.23:027][  0]LogInit: Selected Device Profile: [Windows]
[2026.04.03-07.03.23:027][  0]LogInit: Applying CVar settings loaded from the selected device profile: [Windows]
[2026.04.03-07.03.23:027][  0]LogHAL: Display: Platform has ~ 8 GB [8391213056 / 8589934592 / 8], which maps to Default [LargestMinGB=32, LargerMinGB=12, DefaultMinGB=8, SmallerMinGB=6, SmallestMinGB=0)
[2026.04.03-07.03.23:027][  0]LogInit: Going up to parent DeviceProfile []
[2026.04.03-07.03.23:027][  0]LogConfig: Applying CVar settings from Section [ViewDistanceQuality@2] File [C:/Users/User/Documents/Unreal Projects/Playtime_Multiplayer/Saved/Config/Windows/Scalability.ini]
[2026.04.03-07.03.23:027][  0]LogConfig: Setting CVar [[r.SkeletalMeshLODBias:0]]
[2026.04.03-07.03.23:027][  0]LogConfig: Setting CVar [[r.ViewDistanceScale:0.8]]
[2026.04.03-07.03.23:027][  0]LogConfig: Applying CVar settings from Section [AntiAliasingQuality@2] File [C:/Users/User/Documents/Unreal Projects/Playtime_Multiplayer/Saved/Config/Windows/Scalability.ini]
[2026.04.03-07.03.23:027][  0]LogConfig: Setting CVar [[r.PostProcessAAQuality:3]]
[2026.04.03-07.03.23:027][  0]LogConfig: Applying CVar settings from Section [ShadowQuality@2] File [C:/Users/User/Documents/Unreal Projects/Playtime_Multiplayer/Saved/Config/Windows/Scalability.ini]
[2026.04.03-07.03.23:027][  0]LogConfig: Setting CVar [[r.LightFunctionQuality:1]]
[2026.04.03-07.03.23:027][  0]LogConfig: Setting CVar [[r.ShadowQuality:5]]
[2026.04.03-07.03.23:027][  0]LogConfig: Setting CVar [[r.Shadow.CSM.MaxCascades:4]]
[2026.04.03-07.03.23:027][  0]LogConfig: Setting CVar [[r.Shadow.MaxResolution:1024]]
[2026.04.03-07.03.23:027][  0]LogConfig: Setting CVar [[r.Shadow.MaxCSMResolution:2048]]
[2026.04.03-07.03.23:027][  0]LogConfig: Setting CVar [[r.Shadow.RadiusThreshold:0.04]]
[2026.04.03-07.03.23:027][  0]LogConfig: Setting CVar [[r.Shadow.DistanceScale:0.85]]
[2026.04.03-07.03.23:027][  0]LogConfig: Setting CVar [[r.Shadow.CSM.TransitionScale:0.8]]
[2026.04.03-07.03.23:027][  0]LogConfig: Setting CVar [[r.Shadow.PreShadowResolutionFactor:0.5]]
[2026.04.03-07.03.23:027][  0]LogConfig: Setting CVar [[r.DistanceFieldShadowing:1]]
[2026.04.03-07.03.23:027][  0]LogConfig: Setting CVar [[r.DistanceFieldAO:1]]
[2026.04.03-07.03.23:027][  0]LogConfig: Setting CVar [[r.AOQuality:1]]
[2026.04.03-07.03.23:027][  0]LogConfig: Setting CVar [[r.VolumetricFog:1]]
[2026.04.03-07.03.23:027][  0]LogConfig: Setting CVar [[r.VolumetricFog.GridPixelSize:16]]
[2026.04.03-07.03.23:027][  0]LogConfig: Setting CVar [[r.VolumetricFog.GridSizeZ:64]]
[2026.04.03-07.03.23:027][  0]LogConfig: Setting CVar [[r.VolumetricFog.HistoryMissSupersampleCount:4]]
[2026.04.03-07.03.23:027][  0]LogConfig: Setting CVar [[r.LightMaxDrawDistanceScale:1]]
[2026.04.03-07.03.23:027][  0]LogConfig: Setting CVar [[r.CapsuleShadows:1]]
[2026.04.03-07.03.23:027][  0]LogConfig: Applying CVar settings from Section [PostProcessQuality@2] File [C:/Users/User/Documents/Unreal Projects/Playtime_Multiplayer/Saved/Config/Windows/Scalability.ini]
[2026.04.03-07.03.23:027][  0]LogConfig: Setting CVar [[r.MotionBlurQuality:3]]
[2026.04.03-07.03.23:027][  0]LogConfig: Setting CVar [[r.AmbientOcclusionMipLevelFactor:0.6]]
[2026.04.03-07.03.23:027][  0]LogConfig: Setting CVar [[r.AmbientOcclusionMaxQuality:100]]
[2026.04.03-07.03.23:027][  0]LogConfig: Setting CVar [[r.AmbientOcclusionLevels:-1]]
[2026.04.03-07.03.23:027][  0]LogConfig: Setting CVar [[r.AmbientOcclusionRadiusScale:1.5]]
[2026.04.03-07.03.23:027][  0]LogConfig: Setting CVar [[r.DepthOfFieldQuality:2]]
[2026.04.03-07.03.23:027][  0]LogConfig: Setting CVar [[r.RenderTargetPoolMin:400]]
[2026.04.03-07.03.23:027][  0]LogConfig: Setting CVar [[r.LensFlareQuality:2]]
[2026.04.03-07.03.23:027][  0]LogConfig: Setting CVar [[r.SceneColorFringeQuality:1]]
[2026.04.03-07.03.23:027][  0]LogConfig: Setting CVar [[r.EyeAdaptationQuality:2]]
[2026.04.03-07.03.23:028][  0]LogConfig: Setting CVar [[r.BloomQuality:5]]
[2026.04.03-07.03.23:028][  0]LogConfig: Setting CVar [[r.FastBlurThreshold:3]]
[2026.04.03-07.03.23:028][  0]LogConfig: Setting CVar [[r.Upscale.Quality:2]]
[2026.04.03-07.03.23:028][  0]LogConfig: Setting CVar [[r.Tonemapper.GrainQuantization:1]]
[2026.04.03-07.03.23:028][  0]LogConfig: Setting CVar [[r.LightShaftQuality:1]]
[2026.04.03-07.03.23:028][  0]LogConfig: Setting CVar [[r.Filter.SizeScale:0.8]]
[2026.04.03-07.03.23:028][  0]LogConfig: Setting CVar [[r.Tonemapper.Quality:5]]
[2026.04.03-07.03.23:028][  0]LogConfig: Setting CVar [[r.DOF.Gather.AccumulatorQuality:0        ; lower gathering accumulator quality]]
[2026.04.03-07.03.23:028][  0]LogConfig: Setting CVar [[r.DOF.Gather.PostfilterMethod:2          ; Max3x3 postfilering method]]
[2026.04.03-07.03.23:028][  0]LogConfig: Setting CVar [[r.DOF.Gather.EnableBokehSettings:0       ; no bokeh simulation when gathering]]
[2026.04.03-07.03.23:028][  0]LogConfig: Setting CVar [[r.DOF.Gather.RingCount:4                 ; medium number of samples when gathering]]
[2026.04.03-07.03.23:028][  0]LogConfig: Setting CVar [[r.DOF.Scatter.ForegroundCompositing:1    ; additive foreground scattering]]
[2026.04.03-07.03.23:028][  0]LogConfig: Setting CVar [[r.DOF.Scatter.BackgroundCompositing:1    ; no background occlusion]]
[2026.04.03-07.03.23:028][  0]LogConfig: Setting CVar [[r.DOF.Scatter.EnableBokehSettings:0      ; no bokeh simulation when scattering]]
[2026.04.03-07.03.23:028][  0]LogConfig: Setting CVar [[r.DOF.Scatter.MaxSpriteRatio:0.04        ; only a maximum of 4% of scattered bokeh]]
[2026.04.03-07.03.23:028][  0]LogConfig: Setting CVar [[r.DOF.Recombine.Quality:0                ; no slight out of focus]]
[2026.04.03-07.03.23:028][  0]LogConfig: Setting CVar [[r.DOF.TemporalAAQuality:0                ; faster temporal accumulation]]
[2026.04.03-07.03.23:028][  0]LogConfig: Setting CVar [[r.DOF.Kernel.MaxForegroundRadius:0.012   ; required because of AccumulatorQuality=0]]
[2026.04.03-07.03.23:028][  0]LogConfig: Setting CVar [[r.DOF.Kernel.MaxBackgroundRadius:0.012   ; required because of AccumulatorQuality=0]]
[2026.04.03-07.03.23:028][  0]LogConfig: Applying CVar settings from Section [TextureQuality@2] File [C:/Users/User/Documents/Unreal Projects/Playtime_Multiplayer/Saved/Config/Windows/Scalability.ini]
[2026.04.03-07.03.23:028][  0]LogConfig: Setting CVar [[r.Streaming.MipBias:0]]
[2026.04.03-07.03.23:028][  0]LogConfig: Setting CVar [[r.Streaming.AmortizeCPUToGPUCopy:0]]
[2026.04.03-07.03.23:028][  0]LogConfig: Setting CVar [[r.Streaming.MaxNumTexturesToStreamPerFrame:0]]
[2026.04.03-07.03.23:028][  0]LogConfig: Setting CVar [[r.Streaming.Boost:1]]
[2026.04.03-07.03.23:028][  0]LogConfig: Setting CVar [[r.MaxAnisotropy:4]]
[2026.04.03-07.03.23:028][  0]LogConfig: Setting CVar [[r.VT.MaxAnisotropy:8]]
[2026.04.03-07.03.23:028][  0]LogConfig: Setting CVar [[r.Streaming.LimitPoolSizeToVRAM:1]]
[2026.04.03-07.03.23:028][  0]LogConfig: Setting CVar [[r.Streaming.PoolSize:800]]
[2026.04.03-07.03.23:028][  0]LogConfig: Setting CVar [[r.Streaming.MaxEffectiveScreenSize:0]]
[2026.04.03-07.03.23:028][  0]LogConfig: Applying CVar settings from Section [EffectsQuality@2] File [C:/Users/User/Documents/Unreal Projects/Playtime_Multiplayer/Saved/Config/Windows/Scalability.ini]
[2026.04.03-07.03.23:028][  0]LogConfig: Setting CVar [[r.TranslucencyLightingVolumeDim:48]]
[2026.04.03-07.03.23:028][  0]LogConfig: Setting CVar [[r.RefractionQuality:2]]
[2026.04.03-07.03.23:028][  0]LogConfig: Setting CVar [[r.SSR.Quality:2]]
[2026.04.03-07.03.23:028][  0]LogConfig: Setting CVar [[r.SSR.HalfResSceneColor:1]]
[2026.04.03-07.03.23:028][  0]LogConfig: Setting CVar [[r.SceneColorFormat:3]]
[2026.04.03-07.03.23:028][  0]LogConfig: Setting CVar [[r.DetailMode:1]]
[2026.04.03-07.03.23:028][  0]LogConfig: Setting CVar [[r.TranslucencyVolumeBlur:1]]
[2026.04.03-07.03.23:028][  0]LogConfig: Setting CVar [[r.MaterialQualityLevel:1 ; High quality]]
[2026.04.03-07.03.23:028][  0]LogConfig: Setting CVar [[r.AnisotropicMaterials:1]]
[2026.04.03-07.03.23:028][  0]LogConfig: Setting CVar [[r.SSS.Scale:1]]
[2026.04.03-07.03.23:028][  0]LogConfig: Setting CVar [[r.SSS.SampleSet:1]]
[2026.04.03-07.03.23:028][  0]LogConfig: Setting CVar [[r.SSS.Quality:-1]]
[2026.04.03-07.03.23:028][  0]LogConfig: Setting CVar [[r.SSS.HalfRes:1]]
[2026.04.03-07.03.23:028][  0]LogConfig: Setting CVar [[r.SSGI.Quality:2]]
[2026.04.03-07.03.23:028][  0]LogConfig: Setting CVar [[r.EmitterSpawnRateScale:0.5]]
[2026.04.03-07.03.23:028][  0]LogConfig: Setting CVar [[r.ParticleLightQuality:1]]
[2026.04.03-07.03.23:028][  0]LogConfig: Setting CVar [[r.SkyAtmosphere.AerialPerspectiveLUT.FastApplyOnOpaque:1 ; Always have FastSkyLUT 1 in this case to avoid wrong sky]]
[2026.04.03-07.03.23:028][  0]LogConfig: Setting CVar [[r.SkyAtmosphere.AerialPerspectiveLUT.SampleCountMaxPerSlice:2]]
[2026.04.03-07.03.23:028][  0]LogConfig: Setting CVar [[r.SkyAtmosphere.AerialPerspectiveLUT.DepthResolution:16.0]]
[2026.04.03-07.03.23:028][  0]LogConfig: Setting CVar [[r.SkyAtmosphere.FastSkyLUT:1]]
[2026.04.03-07.03.23:028][  0]LogConfig: Setting CVar [[r.SkyAtmosphere.FastSkyLUT.SampleCountMin:4.0]]
[2026.04.03-07.03.23:028][  0]LogConfig: Setting CVar [[r.SkyAtmosphere.FastSkyLUT.SampleCountMax:64.0]]
[2026.04.03-07.03.23:028][  0]LogConfig: Setting CVar [[r.SkyAtmosphere.SampleCountMin:4.0]]
[2026.04.03-07.03.23:028][  0]LogConfig: Setting CVar [[r.SkyAtmosphere.SampleCountMax:64.0]]
[2026.04.03-07.03.23:028][  0]LogConfig: Setting CVar [[r.SkyAtmosphere.TransmittanceLUT.UseSmallFormat:0]]
[2026.04.03-07.03.23:028][  0]LogConfig: Setting CVar [[r.SkyAtmosphere.TransmittanceLUT.SampleCount:10.0]]
[2026.04.03-07.03.23:028][  0]LogConfig: Setting CVar [[r.SkyAtmosphere.MultiScatteringLUT.SampleCount:15.0]]
[2026.04.03-07.03.23:028][  0]LogConfig: Setting CVar [[r.SkyLight.RealTimeReflectionCapture:1]]
[2026.04.03-07.03.23:028][  0]LogConfig: Applying CVar settings from Section [FoliageQuality@2] File [C:/Users/User/Documents/Unreal Projects/Playtime_Multiplayer/Saved/Config/Windows/Scalability.ini]
[2026.04.03-07.03.23:028][  0]LogConfig: Setting CVar [[foliage.DensityScale:0.8]]
[2026.04.03-07.03.23:028][  0]LogConfig: Setting CVar [[grass.DensityScale:0.8]]
[2026.04.03-07.03.23:028][  0]LogConfig: Applying CVar settings from Section [ShadingQuality@2] File [C:/Users/User/Documents/Unreal Projects/Playtime_Multiplayer/Saved/Config/Windows/Scalability.ini]
[2026.04.03-07.03.23:028][  0]LogConfig: Setting CVar [[r.HairStrands.SkyLighting.IntegrationType:2]]
[2026.04.03-07.03.23:028][  0]LogConfig: Setting CVar [[r.HairStrands.SkyAO.SampleCount:4]]
[2026.04.03-07.03.23:028][  0]LogConfig: Setting CVar [[r.HairStrands.Visibility.MSAA.SamplePerPixel:4]]
[2026.04.03-07.03.23:028][  0]LogConfig: Applying CVar settings from Section [Startup] File [../../../Engine/Config/ConsoleVariables.ini]
[2026.04.03-07.03.23:029][  0]LogConfig: Setting CVar [[net.UseAdaptiveNetUpdateFrequency:0]]
[2026.04.03-07.03.23:029][  0]LogConfig: Setting CVar [[p.chaos.AllowCreatePhysxBodies:1]]
[2026.04.03-07.03.23:029][  0]LogConfig: Setting CVar [[fx.SkipVectorVMBackendOptimizations:1]]
[2026.04.03-07.03.23:029][  0]LogConfig: Applying CVar settings from Section [ConsoleVariables] File [C:/Users/User/Documents/Unreal Projects/Playtime_Multiplayer/Saved/Config/Windows/Engine.ini]
[2026.04.03-07.03.23:029][  0]LogConfig: Applying CVar settings from Section [ConsoleVariables] File [C:/Users/User/Documents/Unreal Projects/Playtime_Multiplayer/Saved/Config/Windows/Editor.ini]
[2026.04.03-07.03.23:029][  0]LogInit: Computer: WIN-O5Q6NLQMTLB
[2026.04.03-07.03.23:029][  0]LogInit: User: User
[2026.04.03-07.03.23:029][  0]LogInit: CPU Page size=4096, Cores=6
[2026.04.03-07.03.23:029][  0]LogInit: High frequency timer resolution =10.000000 MHz
[2026.04.03-07.03.23:029][  0]LogMemory: Memory total: Physical=7.8GB (8GB approx)
[2026.04.03-07.03.23:029][  0]LogMemory: Platform Memory Stats for Windows
[2026.04.03-07.03.23:029][  0]LogMemory: Process Physical Memory: 147.33 MB used, 147.33 MB peak
[2026.04.03-07.03.23:029][  0]LogMemory: Process Virtual Memory: 125.95 MB used, 125.95 MB peak
[2026.04.03-07.03.23:029][  0]LogMemory: Physical Memory: 7445.40 MB used,  557.08 MB free, 8002.48 MB total
[2026.04.03-07.03.23:029][  0]LogMemory: Virtual Memory: 134211544.00 MB used,  6185.28 MB free, 134217728.00 MB total
[2026.04.03-07.03.23:035][  0]LogWindows: WindowsPlatformFeatures enabled
[2026.04.03-07.03.23:071][  0]LogInit: Physics initialised using underlying interface: PhysX
[2026.04.03-07.03.23:073][  0]LogInit: Using OS detected language (ru-RU).
[2026.04.03-07.03.23:073][  0]LogInit: Using OS detected locale (ru-RU).
[2026.04.03-07.03.23:077][  0]LogTextLocalizationManager: No specific localization for 'ru-RU' exists, so the 'ru' localization will be used.
[2026.04.03-07.03.23:077][  0]LogTextLocalizationResource: LocRes '../../../Engine/Content/Localization/Editor/ru/Editor.locres' could not be opened for reading!
[2026.04.03-07.03.23:077][  0]LogTextLocalizationResource: LocRes '../../../Engine/Content/Localization/EditorTutorials/ru/EditorTutorials.locres' could not be opened for reading!
[2026.04.03-07.03.23:077][  0]LogTextLocalizationResource: LocRes '../../../Engine/Content/Localization/Keywords/ru/Keywords.locres' could not be opened for reading!
[2026.04.03-07.03.23:077][  0]LogTextLocalizationResource: LocRes '../../../Engine/Content/Localization/Category/ru/Category.locres' could not be opened for reading!
[2026.04.03-07.03.23:077][  0]LogTextLocalizationResource: LocRes '../../../Engine/Content/Localization/ToolTips/ru/ToolTips.locres' could not be opened for reading!
[2026.04.03-07.03.23:077][  0]LogTextLocalizationResource: LocRes '../../../Engine/Content/Localization/PropertyNames/ru/PropertyNames.locres' could not be opened for reading!
[2026.04.03-07.03.23:077][  0]LogTextLocalizationResource: LocRes '../../../Engine/Content/Localization/Engine/ru/Engine.locres' could not be opened for reading!
[2026.04.03-07.03.23:090][  0]LogWindowsTextInputMethodSystem: Display: IME system deactivated.
[2026.04.03-07.03.23:106][  0]LogSlate: New Slate User Created.  User Index 0, Is Virtual User: 0
[2026.04.03-07.03.23:106][  0]LogSlate: Slate User Registered.  User Index 0, Is Virtual User: 0
[2026.04.03-07.03.23:392][  0]LogD3D11RHI: Loaded GFSDK_Aftermath_Lib.x64.dll
[2026.04.03-07.03.23:395][  0]LogHMD: Failed to initialize OpenVR with code 110
[2026.04.03-07.03.23:395][  0]LogD3D11RHI: D3D11 min allowed feature level: 11_0
[2026.04.03-07.03.23:396][  0]LogD3D11RHI: D3D11 max allowed feature level: 11_0
[2026.04.03-07.03.23:396][  0]LogD3D11RHI: D3D11 adapters:
[2026.04.03-07.03.23:701][  0]LogD3D11RHI:    0. 'Intel(R) UHD Graphics 630' (Feature Level 11_0)
[2026.04.03-07.03.23:701][  0]LogD3D11RHI:       128/0/4001 MB DedicatedVideo/DedicatedSystem/SharedSystem, Outputs:1, VendorId:0x8086
[2026.04.03-07.03.23:706][  0]LogD3D11RHI:    1. 'Microsoft Basic Render Driver' (Feature Level 11_0)
[2026.04.03-07.03.23:706][  0]LogD3D11RHI:       0/0/4001 MB DedicatedVideo/DedicatedSystem/SharedSystem, Outputs:0, VendorId:0x1414
[2026.04.03-07.03.23:706][  0]LogD3D11RHI: Chosen D3D11 Adapter:
[2026.04.03-07.03.23:706][  0]LogD3D11RHI:     Description : Intel(R) UHD Graphics 630
[2026.04.03-07.03.23:706][  0]LogD3D11RHI:     VendorId    : 8086
[2026.04.03-07.03.23:706][  0]LogD3D11RHI:     DeviceId    : 9bc8
[2026.04.03-07.03.23:706][  0]LogD3D11RHI:     SubSysId    : 372117aa
[2026.04.03-07.03.23:706][  0]LogD3D11RHI:     Revision    : 0003
[2026.04.03-07.03.23:706][  0]LogD3D11RHI:     DedicatedVideoMemory : 134217728 bytes
[2026.04.03-07.03.23:706][  0]LogD3D11RHI:     DedicatedSystemMemory : 0 bytes
[2026.04.03-07.03.23:706][  0]LogD3D11RHI:     SharedSystemMemory : 4195606528 bytes
[2026.04.03-07.03.23:706][  0]LogD3D11RHI:     AdapterLuid : 0 69656
[2026.04.03-07.03.23:714][  0]LogD3D11RHI: Creating new Direct3DDevice
[2026.04.03-07.03.23:714][  0]LogD3D11RHI:     GPU DeviceId: 0x9bc8 (for the marketing name, search the web for "GPU Device Id")
[2026.04.03-07.03.23:714][  0]LogWindows: EnumDisplayDevices:
[2026.04.03-07.03.23:714][  0]LogWindows:    0. 'Intel(R) UHD Graphics 630' (P:1 D:1)
[2026.04.03-07.03.23:715][  0]LogWindows:    1. 'Intel(R) UHD Graphics 630' (P:0 D:0)
[2026.04.03-07.03.23:715][  0]LogWindows:    2. 'Intel(R) UHD Graphics 630' (P:0 D:0)
[2026.04.03-07.03.23:715][  0]LogWindows: DebugString: FoundDriverCount:3 
[2026.04.03-07.03.23:715][  0]LogD3D11RHI:     Adapter Name: Intel(R) UHD Graphics 630
[2026.04.03-07.03.23:715][  0]LogD3D11RHI:   Driver Version: 31.0.101.2130 (internal:31.0.101.2130, unified:31.0.101.2130)
[2026.04.03-07.03.23:715][  0]LogD3D11RHI:      Driver Date: 8-13-2024
[2026.04.03-07.03.23:715][  0]LogRHI: Texture pool is 1490 MB (70% of 2128 MB)
[2026.04.03-07.03.23:723][  0]LogD3D11RHI: Creating D3DDevice using adapter:
[2026.04.03-07.03.23:723][  0]LogD3D11RHI:     Description : Intel(R) UHD Graphics 630
[2026.04.03-07.03.23:723][  0]LogD3D11RHI:     VendorId    : 8086
[2026.04.03-07.03.23:723][  0]LogD3D11RHI:     DeviceId    : 9bc8
[2026.04.03-07.03.23:723][  0]LogD3D11RHI:     SubSysId    : 372117aa
[2026.04.03-07.03.23:723][  0]LogD3D11RHI:     Revision    : 0003
[2026.04.03-07.03.23:723][  0]LogD3D11RHI:     DedicatedVideoMemory : 134217728 bytes
[2026.04.03-07.03.23:723][  0]LogD3D11RHI:     DedicatedSystemMemory : 0 bytes
[2026.04.03-07.03.23:723][  0]LogD3D11RHI:     SharedSystemMemory : 4195606528 bytes
[2026.04.03-07.03.23:723][  0]LogD3D11RHI:     AdapterLuid : 0 69656
[2026.04.03-07.03.23:976][  0]LogD3D11RHI: RHI does not have support for 64 bit atomics
[2026.04.03-07.03.24:006][  0]LogD3D11RHI: Intel Extensions support version Full=16777216, Major=1, Minor=0, Revision=0
[2026.04.03-07.03.24:006][  0]LogD3D11RHI: Intel Extensions support version Full=16777217, Major=1, Minor=0, Revision=1
[2026.04.03-07.03.24:006][  0]LogD3D11RHI: Intel Extensions Framework enabled
[2026.04.03-07.03.24:007][  0]LogD3D11RHI: [IntelMetricsDiscovery] Started
[2026.04.03-07.03.24:007][  0]LogD3D11RHI: Async texture creation enabled
[2026.04.03-07.03.24:007][  0]LogD3D11RHI: Array index from any shader is supported
[2026.04.03-07.03.24:017][  0]LogD3D11RHI: GPU Timing Frequency: 12.000048 (Debug: 2 0)
[2026.04.03-07.03.24:425][  0]LogTargetPlatformManager: Display: Loaded TargetPlatform 'AllDesktop'
[2026.04.03-07.03.24:450][  0]LogTargetPlatformManager: Display: Loaded TargetPlatform 'Android'
[2026.04.03-07.03.24:450][  0]LogTargetPlatformManager: Display: Loaded TargetPlatform 'Android_ASTC'
[2026.04.03-07.03.24:450][  0]LogTargetPlatformManager: Display: Loaded TargetPlatform 'Android_DXT'
[2026.04.03-07.03.24:450][  0]LogTargetPlatformManager: Display: Loaded TargetPlatform 'Android_ETC2'
[2026.04.03-07.03.24:450][  0]LogTargetPlatformManager: Display: Loaded TargetPlatform 'AndroidClient'
[2026.04.03-07.03.24:450][  0]LogTargetPlatformManager: Display: Loaded TargetPlatform 'Android_ASTCClient'
[2026.04.03-07.03.24:450][  0]LogTargetPlatformManager: Display: Loaded TargetPlatform 'Android_DXTClient'
[2026.04.03-07.03.24:450][  0]LogTargetPlatformManager: Display: Loaded TargetPlatform 'Android_ETC2Client'
[2026.04.03-07.03.24:450][  0]LogTargetPlatformManager: Display: Loaded TargetPlatform 'Android_Multi'
[2026.04.03-07.03.24:450][  0]LogTargetPlatformManager: Display: Loaded TargetPlatform 'Android_MultiClient'
[2026.04.03-07.03.24:472][  0]LogTargetPlatformManager: Display: Loaded TargetPlatform 'IOSClient'
[2026.04.03-07.03.24:473][  0]LogTargetPlatformManager: Display: Loaded TargetPlatform 'IOS'
[2026.04.03-07.03.24:484][  0]LogTargetPlatformManager: Display: Loaded TargetPlatform 'Linux'
[2026.04.03-07.03.24:489][  0]LogTargetPlatformManager: Display: Loaded TargetPlatform 'LinuxNoEditor'
[2026.04.03-07.03.24:495][  0]LogTargetPlatformManager: Display: Loaded TargetPlatform 'LinuxClient'
[2026.04.03-07.03.24:501][  0]LogTargetPlatformManager: Display: Loaded TargetPlatform 'LinuxServer'
[2026.04.03-07.03.24:512][  0]LogTargetPlatformManager: Display: Loaded TargetPlatform 'LinuxAArch64NoEditor'
[2026.04.03-07.03.24:519][  0]LogTargetPlatformManager: Display: Loaded TargetPlatform 'LinuxAArch64Client'
[2026.04.03-07.03.24:525][  0]LogTargetPlatformManager: Display: Loaded TargetPlatform 'LinuxAArch64Server'
[2026.04.03-07.03.24:550][  0]LogTargetPlatformManager: Display: Loaded TargetPlatform 'Lumin'
[2026.04.03-07.03.24:550][  0]LogTargetPlatformManager: Display: Loaded TargetPlatform 'LuminClient'
[2026.04.03-07.03.24:560][  0]LogTargetPlatformManager: Display: Loaded TargetPlatform 'MacNoEditor'
[2026.04.03-07.03.24:566][  0]LogTargetPlatformManager: Display: Loaded TargetPlatform 'Mac'
[2026.04.03-07.03.24:572][  0]LogTargetPlatformManager: Display: Loaded TargetPlatform 'MacClient'
[2026.04.03-07.03.24:577][  0]LogTargetPlatformManager: Display: Loaded TargetPlatform 'MacServer'
[2026.04.03-07.03.24:588][  0]LogTargetPlatformManager: Display: Loaded TargetPlatform 'TVOSClient'
[2026.04.03-07.03.24:588][  0]LogTargetPlatformManager: Display: Loaded TargetPlatform 'TVOS'
[2026.04.03-07.03.24:598][  0]LogTargetPlatformManager: Display: Loaded TargetPlatform 'WindowsNoEditor'
[2026.04.03-07.03.24:604][  0]LogTargetPlatformManager: Display: Loaded TargetPlatform 'Windows'
[2026.04.03-07.03.24:610][  0]LogTargetPlatformManager: Display: Loaded TargetPlatform 'WindowsClient'
[2026.04.03-07.03.24:615][  0]LogTargetPlatformManager: Display: Loaded TargetPlatform 'WindowsServer'
[2026.04.03-07.03.24:615][  0]LogTargetPlatformManager: Display: Building Assets For Windows
[2026.04.03-07.03.24:626][  0]LogAudioDebug: Display: Lib vorbis DLL was dynamically loaded.
[2026.04.03-07.03.24:667][  0]LogTextureFormatOodle: Display: Oodle Texture 2.9.0 init RDO Off
[2026.04.03-07.03.24:716][  0]LogRendererCore: Ray tracing is disabled. Reason: r.RayTracing=0.
[2026.04.03-07.03.24:716][  0]LogShaderCompilers: Guid format shader working directory is -30 characters bigger than the processId version (../../../../../../Users/User/Documents/Unreal Projects/Playtime_Multiplayer/Intermediate/Shaders/WorkingDirectory/5608/).
[2026.04.03-07.03.24:716][  0]LogShaderCompilers: Cleaned the shader compiler working directory 'C:/Users/User/AppData/Local/Temp/UnrealShaderWorkingDir/67DA087B4DEA4A1B3F16FBB5F9084CEF/'.
[2026.04.03-07.03.24:716][  0]LogXGEController: Cannot use XGE Controller as Incredibuild is not installed on this machine.
[2026.04.03-07.03.24:716][  0]LogShaderCompilers: Cannot use XGE Shader Compiler as Incredibuild is not installed on this machine.
[2026.04.03-07.03.24:716][  0]LogShaderCompilers: Display: Using Local Shader Compiler.
[2026.04.03-07.03.25:736][  0]LogDerivedDataCache: Display: Max Cache Size: 512 MB
[2026.04.03-07.03.25:915][  0]LogDerivedDataCache: Loaded boot cache 0.18s 94MB C:/Users/User/AppData/Local/UnrealEngine/4.27/DerivedDataCache/Boot.ddc.
[2026.04.03-07.03.25:915][  0]LogDerivedDataCache: Display: Loaded Boot cache: C:/Users/User/AppData/Local/UnrealEngine/4.27/DerivedDataCache/Boot.ddc
[2026.04.03-07.03.25:915][  0]LogDerivedDataCache: FDerivedDataBackendGraph:  Pak pak cache file ../../../../../../Users/User/Documents/Unreal Projects/Playtime_Multiplayer/DerivedDataCache/DDC.ddp not found, will not use a pak cache.
[2026.04.03-07.03.25:915][  0]LogDerivedDataCache: Unable to find inner node Pak for hierarchical cache Hierarchy.
[2026.04.03-07.03.25:915][  0]LogDerivedDataCache: FDerivedDataBackendGraph:  CompressedPak pak cache file ../../../../../../Users/User/Documents/Unreal Projects/Playtime_Multiplayer/DerivedDataCache/Compressed.ddp not found, will not use a pak cache.
[2026.04.03-07.03.25:915][  0]LogDerivedDataCache: Unable to find inner node CompressedPak for hierarchical cache Hierarchy.
[2026.04.03-07.03.25:940][  0]LogDerivedDataCache: Display: Pak cache opened for reading ../../../Engine/DerivedDataCache/Compressed.ddp.
[2026.04.03-07.03.25:940][  0]LogDerivedDataCache: FDerivedDataBackendGraph:  EnterprisePak pak cache file ../../../Enterprise/DerivedDataCache/Compressed.ddp not found, will not use a pak cache.
[2026.04.03-07.03.25:940][  0]LogDerivedDataCache: Unable to find inner node EnterprisePak for hierarchical cache Hierarchy.
[2026.04.03-07.03.25:961][  0]LogDerivedDataCache: Speed tests for C:/Users/User/AppData/Local/UnrealEngine/Common/DerivedDataCache took 0.02 seconds
[2026.04.03-07.03.25:961][  0]LogDerivedDataCache: Display: Performance to C:/Users/User/AppData/Local/UnrealEngine/Common/DerivedDataCache: Latency=0.03ms. RandomReadSpeed=152.36MBs, RandomWriteSpeed=64.28MBs. Assigned SpeedClass 'Local'
[2026.04.03-07.03.25:962][  0]LogDerivedDataCache: Using Local data cache path C:/Users/User/AppData/Local/UnrealEngine/Common/DerivedDataCache: Writable
[2026.04.03-07.03.25:963][  0]LogDerivedDataCache: Shared data cache path not found in *engine.ini, will not use an Shared cache.
[2026.04.03-07.03.25:963][  0]LogDerivedDataCache: Unable to find inner node Shared for hierarchical cache Hierarchy.
[2026.04.03-07.03.26:044][  0]LogSlate: Using FreeType 2.10.0
[2026.04.03-07.03.26:045][  0]LogSlate: SlateFontServices - WITH_FREETYPE: 1, WITH_HARFBUZZ: 1
[2026.04.03-07.03.26:087][  0]LogAssetRegistry: FAssetRegistry took 0.0029 seconds to start up
[2026.04.03-07.03.26:396][  0]LogInit: Selected Device Profile: [Windows]
[2026.04.03-07.03.26:396][  0]LogInit: Active device profile: [000001A496A19100][000001A49703D5C0 49] Windows
[2026.04.03-07.03.26:396][  0]LogInit: Profiles: [000001A496A19100][000001A49703D5C0 49] Windows, [000001A4969EA700][000001A497045740 49] WindowsNoEditor, [000001A496A1A200][000001A4970498C0 49] WindowsServer, [000001A4969E9900][000001A49704DA40 49] WindowsClient, [000001A496A19700][000001A497051BC0 49] IOS, [000001A4969EA900][000001A4970541C0 49] iPadAir, [000001A496A1BC00][000001A497058340 49] iPadAir2, [000001A4969A1400][000001A497060600 49] IPadPro, [000001A4969A1500][000001A49705C640 49] iPadAir3, [000001A4969EBA00][000001A4970647C0 49] iPadAir4, [000001A4969A2300][000001A497068940 49] iPadMini2, [000001A4969EB100][000001A497040A80 49] iPadMini3, [000001A4969A2F00][000001A49706CBC0 49] iPadMini4, [000001A4969E9E00][000001A497070D00 49] iPadMini5, [000001A4969B9000][000001A49707CFC0 49] iPhone6, [000001A4969B9100][000001A497079000 49] iPodTouch6, [000001A496A1B900][000001A4970852C0 49] iPhone7, [000001A496A1A900][000001A497081300 49] iPodTouch7, [000001A4969A1000][000001A497089480 49] iPhone5S, [000001A496A1AF00][000001A49708D600 49] iPhone6Plus, [000001A4969A3600][000001A497091780 49] iPhone6S, [000001A496A18C00][000001A497095900 49] iPhone6SPlus, [000001A496A19D00][000001A497099A80 49] iPhone7Plus, [000001A4969B8800][000001A49709DC00 49] iPhoneSE, [000001A496A18400][000001A4970A0200 49] iPhone8, [000001A4969B8900][000001A4970A4380 49] iPhone8Plus, [000001A4969BAE00][000001A4970A8500 49] iPhoneX, [000001A4969A1D00][000001A4970AC680 49] iPhoneXS, [000001A4969BA700][000001A4970B0800 49] iPhoneXSMax, [000001A4969A1C00][000001A4970B4980 49] iPhoneXR, [000001A4969BA800][000001A4970B8B00 49] iPhone11, [000001A4969A0F00][000001A497074C40 49] iPhone11Pro, [000001A4969B8B00][000001A4970BCD80 49] iPhone11ProMax, [000001A4969A0D00][000001A4970C0EC0 49] iPhoneSE2, [000001A4969B8E00][000001A4970C9040 49] iPhone12Mini, [000001A496A1B800][000001A4970CD1C0 49] iPhone12, [000001A4969BB000][000001A4970D1340 49] iPhone12Pro, [000001A496A1B700][000001A4970D54C0 49] iPhone12ProMax, [000001A4969B9E00][000001A4970D9640 49] iPadPro105, [000001A496A19300][000001A4970DD7C0 49] iPadPro129, [000001A4969BBE00][000001A4970E1940 49] iPadPro97, [000001A496A19C00][000001A4970E5AC0 49] iPadPro2_129, [000001A4969BA000][000001A4970E80C0 49] iPad5, [000001A496A1A300][000001A4970EC240 49] iPad6, [000001A4969BBB00][000001A4970F03C0 49] iPad7, [000001A496A19E00][000001A4970F4540 49] iPad8, [000001A4969B8A00][000001A4970F86C0 49] iPadPro11, [000001A496A1A600][000001A4970FC840 49] iPadPro2_11, [000001A4969B8F00][000001A4971009C0 49] iPadPro3_129, [000001A496A1A800][000001A497104B40 49] iPadPro4_129, [000001A4969BBC00][000001A497108CC0 49] AppleTV, [000001A496A19A00][000001A4970C4E00 49] AppleTV4K, [000001A4969BA600][000001A49710CF40 49] TVOS, [000001A496A1A100][000001A497111080 49] Mac, [000001A4969BAF00][000001A4971151C0 49] MacClient, [000001A496A1AA00][000001A49711D340 49] MacNoEditor, [000001A4969BAC00][000001A4971214C0 49] MacServer, [000001A496A1B000][000001A497125640 49] Linux, [000001A4969B8400][000001A4971297C0 49] LinuxAArch64, [000001A496A18700][000001A49712D940 49] LinuxNoEditor, [000001A4969BB700][000001A497131AC0 49] LinuxAArch64NoEditor, [000001A496A1BB00][000001A4971340C0 49] LinuxClient, [000001A4969BB400][000001A497138240 49] LinuxAArch64Client, [000001A496A1BE00][000001A49713C3C0 49] LinuxServer, [000001A4969B8700][000001A497140540 49] LinuxAArch64Server, [000001A496A19F00][000001A4971446C0 49] Android, [000001A4969BAA00][000001A497148840 49] Android_Low, [000001A496A1AD00][000001A49714C9C0 49] Android_Mid, [000001A4969B9F00][000001A497150B40 49] Android_High, [000001A496A1AB00][000001A497154CC0 49] Android_Default, [000001A4969B8100][000001A497158E40 49] Android_Adreno4xx, [000001A496A18500][000001A497118F80 49] Android_Adreno5xx_Low, [000001A4969B9400][000001A49715D0C0 49] Android_Adreno5xx, [000001A496A1B400][000001A497161200 49] Android_Adreno6xx, [000001A4969BA300][000001A497165340 49] Android_Adreno6xx_Vulkan, [000001A496A1BD00][000001A49716D4C0 49] Android_Mali_T6xx, [000001A4969B8200][000001A497181640 49] Android_Mali_T7xx, [000001A496A1B600][000001A4971857C0 49] Android_Mali_T8xx, [000001A4969BB200][000001A497189940 49] Android_Mali_G71, [000001A4969A3100][000001A49718DAC0 49] Android_Mali_G72, [000001A4969EAF00][000001A4971900C0 49] Android_Mali_G72_Vulkan, [000001A4969A2B00][000001A497194240 49] Android_Mali_G76, [000001A4969E8500][000001A4971983C0 49] Android_Mali_G76_Vulkan, [000001A4969A0C00][000001A49719C540 49] Android_Mali_G77, [000001A4969E8600][000001A4971A06C0 49] Android_Mali_G77_Vulkan, [000001A4969A2400][000001A4971A4840 49] Android_Mali_G78, [000001A4969E8D00][000001A4971A89C0 49] Android_Mali_G78_Vulkan, [000001A4969A3D00][000001A4971ACB40 49] Android_Mali_G710, [000001A4969EAB00][000001A4971B0CC0 49] Android_Mali_G710_Vulkan, [000001A4969A2A00][000001A4971B4E40 49] Android_Vulkan_SM5, [000001A4969E9A00][000001A4971B8FC0 49] Android_PowerVR_G6xxx, [000001A4969A0500][000001A4971BD140 49] Android_PowerVR_GT7xxx, [000001A4969E8200][000001A497169280 49] Android_PowerVR_GE8xxx, [000001A4969A3B00][000001A4971C13C0 49] Android_PowerVR_GM9xxx, [000001A4969EA100][000001A4971C5500 49] Android_PowerVR_GM9xxx_Vulkan, [000001A4969A1F00][000001A4971CD680 49] Android_TegraK1, [000001A4969E8A00][000001A4971D1800 49] Android_Unknown_Vulkan, [000001A4969A3900][000001A4971D5980 49] Lumin, [000001A4969E9100][000001A4971D9B00 49] Lumin_Desktop, [000001A4969A2000][000001A4971DC100 49] HoloLens, 
[2026.04.03-07.03.26:680][  0]LogMeshReduction: Using QuadricMeshReduction for automatic static mesh reduction
[2026.04.03-07.03.26:680][  0]LogMeshReduction: Using SimplygonMeshReduction for automatic skeletal mesh reduction
[2026.04.03-07.03.26:680][  0]LogMeshReduction: Using ProxyLODMeshReduction for automatic mesh merging
[2026.04.03-07.03.26:681][  0]LogMeshReduction: No distributed automatic mesh merging module available
[2026.04.03-07.03.26:681][  0]LogMeshMerging: No distributed automatic mesh merging module available
[2026.04.03-07.03.26:703][  0]LogNetVersion: Playtime_Multiplayer 1.0.0, NetCL: 17155196, EngineNetVer: 17, GameNetVer: 0 (Checksum: 2025055209)
[2026.04.03-07.03.27:332][  0]LogTexture: Default maximum texture size for cubemaps generated from long-lat sources has been changed from 512 to unlimited. In order to preserve old behaiour for '/Engine/MapTemplates/Sky/DaylightAmbientCubemap.DaylightAmbientCubemap', its maximum texture size has been explicitly set to 512.
[2026.04.03-07.03.27:440][  0]LogHMD: PokeAHoleMaterial loaded successfully
[2026.04.03-07.03.27:450][  0]LogUObjectArray: 17178 objects as part of root set at end of initial load.
[2026.04.03-07.03.27:450][  0]LogUObjectAllocator: 4302048 out of 0 bytes used by permanent object pool.
[2026.04.03-07.03.27:450][  0]LogUObjectArray: CloseDisregardForGC: 0/0 objects in disregard for GC pool
[2026.04.03-07.03.28:102][  0]LogNiagaraDebuggerClient: Niagara Debugger Client Initialized | Session: F892134E4D1B2CDE24B1738887C4ACCB | Instance: BFDAF0914CDBE43069CC198AA11A3D28 (WIN-O5Q6NLQMTLB-5608).
[2026.04.03-07.03.28:329][  0]LogTcpMessaging: Initializing TcpMessaging bridge
[2026.04.03-07.03.28:335][  0]LogUdpMessaging: Initializing bridge on interface 0.0.0.0:0 to multicast group 230.0.0.1:6666.
[2026.04.03-07.03.28:351][  0]LogPython: Using Python 3.7.7
[2026.04.03-07.03.31:110][  0]LogLinker: Warning: Failed to load '/Game/FirstPersonBP/FirstPersonOverview': Can't find file.
[2026.04.03-07.03.31:110][  0]LogLinker: Warning: Failed to load '/Game/FirstPersonBP/FirstPersonOverview': Can't find file.
[2026.04.03-07.03.31:110][  0]LogUObjectGlobals: Warning: Failed to find object 'Class /Game/FirstPersonBP/FirstPersonOverview.FirstPersonOverview_C'
[2026.04.03-07.03.31:294][  0]SourceControl: Source control is disabled
[2026.04.03-07.03.31:295][  0]SourceControl: Source control is disabled
[2026.04.03-07.03.31:300][  0]SourceControl: Source control is disabled
[2026.04.03-07.03.31:305][  0]SourceControl: Source control is disabled
[2026.04.03-07.03.31:318][  0]SourceControl: Source control is disabled
[2026.04.03-07.03.31:323][  0]LogUProjectInfo: Found projects:
[2026.04.03-07.03.31:606][  0]LogOpenImageDenoise: OIDN starting up
[2026.04.03-07.03.31:637][  0]LogAndroidPermission: UAndroidPermissionCallbackProxy::GetInstance
[2026.04.03-07.03.31:653][  0]LogAudioCaptureCore: Display: No Audio Capture implementations found. Audio input will be silent.
[2026.04.03-07.03.31:653][  0]LogAudioCaptureCore: Display: No Audio Capture implementations found. Audio input will be silent.
[2026.04.03-07.03.31:872][  0]LogCollectionManager: Loaded 0 collections in 0.001860 seconds
[2026.04.03-07.03.31:906][  0]LogFileCache: Scanning file cache for directory 'C:/Users/User/Documents/Unreal Projects/Playtime_Multiplayer/Saved/Collections/' took 0.00s
[2026.04.03-07.03.31:906][  0]LogFileCache: Scanning file cache for directory 'C:/Users/User/Documents/Unreal Projects/Playtime_Multiplayer/Content/Developers/User/Collections/' took 0.00s
[2026.04.03-07.03.31:906][  0]LogFileCache: Scanning file cache for directory 'C:/Users/User/Documents/Unreal Projects/Playtime_Multiplayer/Content/Collections/' took 0.00s
[2026.04.03-07.03.31:906][  0]LogOcInput: OculusInput pre-init called
[2026.04.03-07.03.32:241][  0]LogEngine: Initializing Engine...
[2026.04.03-07.03.32:252][  0]LogHMD: Failed to enumerate extensions. Please check that you have a valid OpenXR runtime installed.
[2026.04.03-07.03.32:253][  0]LogHMD: Failed to initialize OpenVR with code 110
[2026.04.03-07.03.32:253][  0]LogMagicLeap: Warning: VR disabled because ZI is not enabled.  To enable, in the editor, Edit -> Project Settings -> Plugins -> Magic Leap Plugin -> Enable Zero Iteration
[2026.04.03-07.03.32:255][  0]LogStats: UGameplayTagsManager::InitializeManager -  0.000 s
[2026.04.03-07.03.32:505][  0]LogInit: Initializing FReadOnlyCVARCache
[2026.04.03-07.03.32:525][  0]LogAIModule: Creating AISystem for world Untitled
[2026.04.03-07.03.32:527][  0]LogAudio: Display: Initializing Audio Device Manager...
[2026.04.03-07.03.32:532][  0]LogAudio: Display: Loading Default Audio Settings Objects...
[2026.04.03-07.03.32:533][  0]LogAudio: Display: No default SoundConcurrencyObject specified (or failed to load).
[2026.04.03-07.03.32:534][  0]LogAudio: Display: Audio Device Manager Initialized
[2026.04.03-07.03.32:534][  0]LogAudio: Display: Creating Audio Device:                 Id: 1, Scope: Shared, Realtime: True
[2026.04.03-07.03.32:534][  0]LogAudioMixer: Display: Audio Mixer Platform Settings:
[2026.04.03-07.03.32:534][  0]LogAudioMixer: Display: 	Sample Rate:						  48000
[2026.04.03-07.03.32:534][  0]LogAudioMixer: Display: 	Callback Buffer Frame Size Requested: 1024
[2026.04.03-07.03.32:534][  0]LogAudioMixer: Display: 	Callback Buffer Frame Size To Use:	  1024
[2026.04.03-07.03.32:534][  0]LogAudioMixer: Display: 	Number of buffers to queue:			  2
[2026.04.03-07.03.32:534][  0]LogAudioMixer: Display: 	Max Channels (voices):				  32
[2026.04.03-07.03.32:534][  0]LogAudioMixer: Display: 	Number of Async Source Workers:		  0
[2026.04.03-07.03.32:534][  0]LogAudio: Display: AudioDevice MaxSources: 32
[2026.04.03-07.03.32:534][  0]LogAudio: Display: Audio Spatialization Plugin: None (built-in).
[2026.04.03-07.03.32:534][  0]LogAudio: Display: Audio Reverb Plugin: None (built-in).
[2026.04.03-07.03.32:534][  0]LogAudio: Display: Audio Occlusion Plugin: None (built-in).
[2026.04.03-07.03.32:535][  0]LogAudioMixer: Display: Initializing audio mixer.
[2026.04.03-07.03.32:564][  0]LogAudioMixer: Display: 0: FrontLeft
[2026.04.03-07.03.32:564][  0]LogAudioMixer: Display: 1: FrontRight
[2026.04.03-07.03.32:582][  0]LogAudioMixer: Display: Using Audio Device Headphones (Realtek(R) Audio)
[2026.04.03-07.03.32:587][  0]LogAudioMixer: Display: Initializing Sound Submixes...
[2026.04.03-07.03.32:591][  0]LogAudioMixer: Display: Creating Master Submix 'MasterSubmixDefault'
[2026.04.03-07.03.32:591][  0]LogAudioMixer: Display: Creating Master Submix 'MasterReverbSubmixDefault'
[2026.04.03-07.03.32:593][  0]LogAudioMixer: Display: Creating Master Submix 'MasterEQSubmixDefault'
[2026.04.03-07.03.32:593][  0]LogAudioMixer: FMixerPlatformXAudio2::StartAudioStream() called
[2026.04.03-07.03.32:593][  0]LogAudioMixer: Display: Output buffers initialized: Frames=1024, Channels=2, Samples=2048
[2026.04.03-07.03.32:594][  0]LogAudioMixer: Display: Starting AudioMixerPlatformInterface::RunInternal()
[2026.04.03-07.03.32:594][  0]LogAudioMixer: Display: FMixerPlatformXAudio2::SubmitBuffer() called for the first time
[2026.04.03-07.03.32:594][  0]LogInit: FAudioDevice initialized.
[2026.04.03-07.03.32:595][  0]LogAudio: Display: Audio Device (ID: 1) registered with world 'Untitled'.
[2026.04.03-07.03.32:595][  0]LogNetVersion: Set ProjectVersion to 1.0.0.0. Version Checksum will be recalculated on next use.
[2026.04.03-07.03.32:870][  0]LogDerivedDataCache: Saved boot cache 0.27s 94MB C:/Users/User/AppData/Local/UnrealEngine/4.27/DerivedDataCache/Boot.ddc.
[2026.04.03-07.03.32:899][  0]LogInit: Texture streaming: Enabled
[2026.04.03-07.03.32:977][  0]LogAnalytics: Display: [UEEditor.Rocket.Release] APIServer = https://datarouter.ol.epicgames.com/. AppVersion = 4.27.2-18319896+++UE4+Release-4.27
[2026.04.03-07.03.32:982][  0]LogEngineSessionManager: EngineSessionManager initialized
[2026.04.03-07.03.32:982][  0]LogEditorSessionSummary: Verbose: Initializing EditorSessionSummaryWriter for editor session tracking
[2026.04.03-07.03.32:983][  0]LogEditorSessionSummary: EditorSessionSummaryWriter initialized
[2026.04.03-07.03.33:026][  0]LogInit: Transaction tracking system initialized
[2026.04.03-07.03.33:105][  0]BlueprintLog: New page: Editor Load
[2026.04.03-07.03.33:198][  0]LocalizationService: Localization service is disabled
[2026.04.03-07.03.33:237][  0]TimingProfiler: Initialize
[2026.04.03-07.03.33:237][  0]TimingProfiler: OnSessionChanged
[2026.04.03-07.03.33:237][  0]LoadingProfiler: Initialize
[2026.04.03-07.03.33:237][  0]LoadingProfiler: OnSessionChanged
[2026.04.03-07.03.33:238][  0]NetworkingProfiler: Initialize
[2026.04.03-07.03.33:238][  0]NetworkingProfiler: OnSessionChanged
[2026.04.03-07.03.33:238][  0]MemoryProfiler: Initialize
[2026.04.03-07.03.33:238][  0]MemoryProfiler: OnSessionChanged
[2026.04.03-07.03.33:465][  0]LogCook: Display: CookSettings for Memory: MemoryMaxUsedVirtual 0MiB, MemoryMaxUsedPhysical 16384MiB, MemoryMinFreeVirtual 0MiB, MemoryMinFreePhysical 1024MiB
[2026.04.03-07.03.33:465][  0]LogCook: Display: Mobile HDR setting 1
[2026.04.03-07.03.33:860][  0]LogFileCache: Scanning file cache for directory 'C:/Users/User/Documents/Unreal Projects/Playtime_Multiplayer/Content/' took 0.02s
[2026.04.03-07.03.34:094][  0]LogInit: Display: Engine is initialized. Leaving FEngineLoop::Init()
[2026.04.03-07.03.34:101][  0]SourceControl: Source control is disabled
[2026.04.03-07.03.34:101][  0]LogUnrealEdMisc: Loading editor; pre map load, took 13.094
[2026.04.03-07.03.34:101][  0]Cmd: MAP LOAD FILE="../../../../../../Users/User/Documents/Unreal Projects/Playtime_Multiplayer/Content/StarterContent/Maps/Minimal_Default.umap" TEMPLATE=0 SHOWPROGRESS=1 FEATURELEVEL=3
[2026.04.03-07.03.34:101][  0]LogEditorServer: Warning: Can't find file '../../../../../../Users/User/Documents/Unreal Projects/Playtime_Multiplayer/Content/StarterContent/Maps/Minimal_Default.umap'
[2026.04.03-07.03.34:101][  0]Cmd: MAP CHECKDEP NOCLEARLOG
[2026.04.03-07.03.34:101][  0]MapCheck: Map check complete: 0 Error(s), 0 Warning(s), took 0,106ms to complete.
[2026.04.03-07.03.34:101][  0]LogFileHelpers: Loading map 'Minimal_Default' took 0.000
[2026.04.03-07.03.34:112][  0]LogUnrealEdMisc: Total Editor Startup Time, took 13.105
[2026.04.03-07.03.34:329][  0]LogSlate: Updating window title bar state: overlay mode, drag disabled, window buttons hidden, title bar hidden
[2026.04.03-07.03.34:340][  0]LogSlate: Updating window title bar state: overlay mode, drag disabled, window buttons hidden, title bar hidden
[2026.04.03-07.03.34:348][  0]LogSlate: Updating window title bar state: overlay mode, drag disabled, window buttons hidden, title bar hidden
[2026.04.03-07.03.34:357][  0]LogSlate: Updating window title bar state: overlay mode, drag disabled, window buttons hidden, title bar hidden
[2026.04.03-07.03.34:405][  0]LogNativeClassHierarchy: Verbose: Native class hierarchy populated in 0.0123 seconds. Added 3842 classes and 931 folders.
[2026.04.03-07.03.34:416][  0]LogNativeClassHierarchy: Verbose: Native class hierarchy updated for 'WidgetCarousel' in 0.0004 seconds. Added 0 classes and 0 folders.
[2026.04.03-07.03.34:426][  0]LogPakFile: PakFile PrimaryIndexSize=187
[2026.04.03-07.03.34:426][  0]LogPakFile: PakFile PathHashIndexSize=101
[2026.04.03-07.03.34:426][  0]LogPakFile: PakFile FullDirectoryIndexSize=148
[2026.04.03-07.03.34:427][  0]LogShaderLibrary: Display: ShaderCodeLibraryPakFileMountedCallback: PakFile 'C:/Program Files/Epic Games/UE_4.27/FeaturePacks/FP_FirstPerson.upack' (chunk index -1, root 'root:/') mounted
[2026.04.03-07.03.34:427][  0]LogShaderLibrary: Display: ShaderCodeLibraryPakFileMountedCallback: pending pak file info (ChunkID:-1 Root:root:/ File:C:/Program Files/Epic Games/UE_4.27/FeaturePacks/FP_FirstPerson.upack)
[2026.04.03-07.03.34:427][  0]LogPakFile: OnPakFileMounted2Time == 0.001248
[2026.04.03-07.03.34:431][  0]LogPakFile: PakFile PrimaryIndexSize=189
[2026.04.03-07.03.34:431][  0]LogPakFile: PakFile PathHashIndexSize=101
[2026.04.03-07.03.34:431][  0]LogPakFile: PakFile FullDirectoryIndexSize=152
[2026.04.03-07.03.34:431][  0]LogShaderLibrary: Display: ShaderCodeLibraryPakFileMountedCallback: PakFile 'C:/Program Files/Epic Games/UE_4.27/FeaturePacks/FP_FirstPersonBP.upack' (chunk index -1, root 'root:/') mounted
[2026.04.03-07.03.34:431][  0]LogShaderLibrary: Display: ShaderCodeLibraryPakFileMountedCallback: pending pak file info (ChunkID:-1 Root:root:/ File:C:/Program Files/Epic Games/UE_4.27/FeaturePacks/FP_FirstPersonBP.upack)
[2026.04.03-07.03.34:431][  0]LogPakFile: OnPakFileMounted2Time == 0.000046
[2026.04.03-07.03.34:433][  0]LogPakFile: PakFile PrimaryIndexSize=191
[2026.04.03-07.03.34:433][  0]LogPakFile: PakFile PathHashIndexSize=101
[2026.04.03-07.03.34:433][  0]LogPakFile: PakFile FullDirectoryIndexSize=160
[2026.04.03-07.03.34:433][  0]LogShaderLibrary: Display: ShaderCodeLibraryPakFileMountedCallback: PakFile 'C:/Program Files/Epic Games/UE_4.27/FeaturePacks/MobileStarterContent.upack' (chunk index -1, root 'root:/') mounted
[2026.04.03-07.03.34:433][  0]LogShaderLibrary: Display: ShaderCodeLibraryPakFileMountedCallback: pending pak file info (ChunkID:-1 Root:root:/ File:C:/Program Files/Epic Games/UE_4.27/FeaturePacks/MobileStarterContent.upack)
[2026.04.03-07.03.34:433][  0]LogPakFile: OnPakFileMounted2Time == 0.000040
[2026.04.03-07.03.34:435][  0]LogPakFile: PakFile PrimaryIndexSize=185
[2026.04.03-07.03.34:435][  0]LogPakFile: PakFile PathHashIndexSize=101
[2026.04.03-07.03.34:435][  0]LogPakFile: PakFile FullDirectoryIndexSize=148
[2026.04.03-07.03.34:435][  0]LogShaderLibrary: Display: ShaderCodeLibraryPakFileMountedCallback: PakFile 'C:/Program Files/Epic Games/UE_4.27/FeaturePacks/StarterContent.upack' (chunk index -1, root 'root:/') mounted
[2026.04.03-07.03.34:435][  0]LogShaderLibrary: Display: ShaderCodeLibraryPakFileMountedCallback: pending pak file info (ChunkID:-1 Root:root:/ File:C:/Program Files/Epic Games/UE_4.27/FeaturePacks/StarterContent.upack)
[2026.04.03-07.03.34:435][  0]LogPakFile: OnPakFileMounted2Time == 0.000041
[2026.04.03-07.03.34:436][  0]LogPakFile: PakFile PrimaryIndexSize=190
[2026.04.03-07.03.34:436][  0]LogPakFile: PakFile PathHashIndexSize=101
[2026.04.03-07.03.34:436][  0]LogPakFile: PakFile FullDirectoryIndexSize=154
[2026.04.03-07.03.34:436][  0]LogShaderLibrary: Display: ShaderCodeLibraryPakFileMountedCallback: PakFile 'C:/Program Files/Epic Games/UE_4.27/FeaturePacks/TP_2DSideScroller.upack' (chunk index -1, root 'root:/') mounted
[2026.04.03-07.03.34:436][  0]LogShaderLibrary: Display: ShaderCodeLibraryPakFileMountedCallback: pending pak file info (ChunkID:-1 Root:root:/ File:C:/Program Files/Epic Games/UE_4.27/FeaturePacks/TP_2DSideScroller.upack)
[2026.04.03-07.03.34:436][  0]LogPakFile: OnPakFileMounted2Time == 0.000045
[2026.04.03-07.03.34:437][  0]LogPakFile: PakFile PrimaryIndexSize=192
[2026.04.03-07.03.34:438][  0]LogPakFile: PakFile PathHashIndexSize=101
[2026.04.03-07.03.34:438][  0]LogPakFile: PakFile FullDirectoryIndexSize=158
[2026.04.03-07.03.34:438][  0]LogShaderLibrary: Display: ShaderCodeLibraryPakFileMountedCallback: PakFile 'C:/Program Files/Epic Games/UE_4.27/FeaturePacks/TP_2DSideScrollerBP.upack' (chunk index -1, root 'root:/') mounted
[2026.04.03-07.03.34:438][  0]LogShaderLibrary: Display: ShaderCodeLibraryPakFileMountedCallback: pending pak file info (ChunkID:-1 Root:root:/ File:C:/Program Files/Epic Games/UE_4.27/FeaturePacks/TP_2DSideScrollerBP.upack)
[2026.04.03-07.03.34:438][  0]LogPakFile: OnPakFileMounted2Time == 0.000081
[2026.04.03-07.03.34:439][  0]LogPakFile: PakFile PrimaryIndexSize=182
[2026.04.03-07.03.34:439][  0]LogPakFile: PakFile PathHashIndexSize=101
[2026.04.03-07.03.34:440][  0]LogPakFile: PakFile FullDirectoryIndexSize=138
[2026.04.03-07.03.34:440][  0]LogShaderLibrary: Display: ShaderCodeLibraryPakFileMountedCallback: PakFile 'C:/Program Files/Epic Games/UE_4.27/FeaturePacks/TP_Flying.upack' (chunk index -1, root 'root:/') mounted
[2026.04.03-07.03.34:440][  0]LogShaderLibrary: Display: ShaderCodeLibraryPakFileMountedCallback: pending pak file info (ChunkID:-1 Root:root:/ File:C:/Program Files/Epic Games/UE_4.27/FeaturePacks/TP_Flying.upack)
[2026.04.03-07.03.34:440][  0]LogPakFile: OnPakFileMounted2Time == 0.000042
[2026.04.03-07.03.34:441][  0]LogPakFile: PakFile PrimaryIndexSize=184
[2026.04.03-07.03.34:441][  0]LogPakFile: PakFile PathHashIndexSize=101
[2026.04.03-07.03.34:441][  0]LogPakFile: PakFile FullDirectoryIndexSize=142
[2026.04.03-07.03.34:441][  0]LogShaderLibrary: Display: ShaderCodeLibraryPakFileMountedCallback: PakFile 'C:/Program Files/Epic Games/UE_4.27/FeaturePacks/TP_FlyingBP.upack' (chunk index -1, root 'root:/') mounted
[2026.04.03-07.03.34:441][  0]LogShaderLibrary: Display: ShaderCodeLibraryPakFileMountedCallback: pending pak file info (ChunkID:-1 Root:root:/ File:C:/Program Files/Epic Games/UE_4.27/FeaturePacks/TP_FlyingBP.upack)
[2026.04.03-07.03.34:441][  0]LogPakFile: OnPakFileMounted2Time == 0.000044
[2026.04.03-07.03.34:443][  0]LogPakFile: PakFile PrimaryIndexSize=188
[2026.04.03-07.03.34:443][  0]LogPakFile: PakFile PathHashIndexSize=101
[2026.04.03-07.03.34:443][  0]LogPakFile: PakFile FullDirectoryIndexSize=150
[2026.04.03-07.03.34:443][  0]LogShaderLibrary: Display: ShaderCodeLibraryPakFileMountedCallback: PakFile 'C:/Program Files/Epic Games/UE_4.27/FeaturePacks/TP_HandheldARBP.upack' (chunk index -1, root 'root:/') mounted
[2026.04.03-07.03.34:443][  0]LogShaderLibrary: Display: ShaderCodeLibraryPakFileMountedCallback: pending pak file info (ChunkID:-1 Root:root:/ File:C:/Program Files/Epic Games/UE_4.27/FeaturePacks/TP_HandheldARBP.upack)
[2026.04.03-07.03.34:443][  0]LogPakFile: OnPakFileMounted2Time == 0.000036
[2026.04.03-07.03.34:446][  0]LogPakFile: PakFile PrimaryIndexSize=182
[2026.04.03-07.03.34:446][  0]LogPakFile: PakFile PathHashIndexSize=101
[2026.04.03-07.03.34:446][  0]LogPakFile: PakFile FullDirectoryIndexSize=138
[2026.04.03-07.03.34:446][  0]LogShaderLibrary: Display: ShaderCodeLibraryPakFileMountedCallback: PakFile 'C:/Program Files/Epic Games/UE_4.27/FeaturePacks/TP_Puzzle.upack' (chunk index -1, root 'root:/') mounted
[2026.04.03-07.03.34:446][  0]LogShaderLibrary: Display: ShaderCodeLibraryPakFileMountedCallback: pending pak file info (ChunkID:-1 Root:root:/ File:C:/Program Files/Epic Games/UE_4.27/FeaturePacks/TP_Puzzle.upack)
[2026.04.03-07.03.34:446][  0]LogPakFile: OnPakFileMounted2Time == 0.000036
[2026.04.03-07.03.34:447][  0]LogPakFile: PakFile PrimaryIndexSize=184
[2026.04.03-07.03.34:447][  0]LogPakFile: PakFile PathHashIndexSize=101
[2026.04.03-07.03.34:447][  0]LogPakFile: PakFile FullDirectoryIndexSize=142
[2026.04.03-07.03.34:447][  0]LogShaderLibrary: Display: ShaderCodeLibraryPakFileMountedCallback: PakFile 'C:/Program Files/Epic Games/UE_4.27/FeaturePacks/TP_PuzzleBP.upack' (chunk index -1, root 'root:/') mounted
[2026.04.03-07.03.34:447][  0]LogShaderLibrary: Display: ShaderCodeLibraryPakFileMountedCallback: pending pak file info (ChunkID:-1 Root:root:/ File:C:/Program Files/Epic Games/UE_4.27/FeaturePacks/TP_PuzzleBP.upack)
[2026.04.03-07.03.34:447][  0]LogPakFile: OnPakFileMounted2Time == 0.000046
[2026.04.03-07.03.34:449][  0]LogPakFile: PakFile PrimaryIndexSize=183
[2026.04.03-07.03.34:449][  0]LogPakFile: PakFile PathHashIndexSize=101
[2026.04.03-07.03.34:449][  0]LogPakFile: PakFile FullDirectoryIndexSize=140
[2026.04.03-07.03.34:449][  0]LogShaderLibrary: Display: ShaderCodeLibraryPakFileMountedCallback: PakFile 'C:/Program Files/Epic Games/UE_4.27/FeaturePacks/TP_Rolling.upack' (chunk index -1, root 'root:/') mounted
[2026.04.03-07.03.34:449][  0]LogShaderLibrary: Display: ShaderCodeLibraryPakFileMountedCallback: pending pak file info (ChunkID:-1 Root:root:/ File:C:/Program Files/Epic Games/UE_4.27/FeaturePacks/TP_Rolling.upack)
[2026.04.03-07.03.34:449][  0]LogPakFile: OnPakFileMounted2Time == 0.000035
[2026.04.03-07.03.34:450][  0]LogPakFile: PakFile PrimaryIndexSize=185
[2026.04.03-07.03.34:450][  0]LogPakFile: PakFile PathHashIndexSize=101
[2026.04.03-07.03.34:450][  0]LogPakFile: PakFile FullDirectoryIndexSize=144
[2026.04.03-07.03.34:450][  0]LogShaderLibrary: Display: ShaderCodeLibraryPakFileMountedCallback: PakFile 'C:/Program Files/Epic Games/UE_4.27/FeaturePacks/TP_RollingBP.upack' (chunk index -1, root 'root:/') mounted
[2026.04.03-07.03.34:450][  0]LogShaderLibrary: Display: ShaderCodeLibraryPakFileMountedCallback: pending pak file info (ChunkID:-1 Root:root:/ File:C:/Program Files/Epic Games/UE_4.27/FeaturePacks/TP_RollingBP.upack)
[2026.04.03-07.03.34:450][  0]LogPakFile: OnPakFileMounted2Time == 0.000037
[2026.04.03-07.03.34:452][  0]LogPakFile: PakFile PrimaryIndexSize=188
[2026.04.03-07.03.34:452][  0]LogPakFile: PakFile PathHashIndexSize=101
[2026.04.03-07.03.34:452][  0]LogPakFile: PakFile FullDirectoryIndexSize=150
[2026.04.03-07.03.34:452][  0]LogShaderLibrary: Display: ShaderCodeLibraryPakFileMountedCallback: PakFile 'C:/Program Files/Epic Games/UE_4.27/FeaturePacks/TP_SideScroller.upack' (chunk index -1, root 'root:/') mounted
[2026.04.03-07.03.34:452][  0]LogShaderLibrary: Display: ShaderCodeLibraryPakFileMountedCallback: pending pak file info (ChunkID:-1 Root:root:/ File:C:/Program Files/Epic Games/UE_4.27/FeaturePacks/TP_SideScroller.upack)
[2026.04.03-07.03.34:452][  0]LogPakFile: OnPakFileMounted2Time == 0.000037
[2026.04.03-07.03.34:453][  0]LogPakFile: PakFile PrimaryIndexSize=190
[2026.04.03-07.03.34:453][  0]LogPakFile: PakFile PathHashIndexSize=101
[2026.04.03-07.03.34:453][  0]LogPakFile: PakFile FullDirectoryIndexSize=154
[2026.04.03-07.03.34:453][  0]LogShaderLibrary: Display: ShaderCodeLibraryPakFileMountedCallback: PakFile 'C:/Program Files/Epic Games/UE_4.27/FeaturePacks/TP_SideScrollerBP.upack' (chunk index -1, root 'root:/') mounted
[2026.04.03-07.03.34:453][  0]LogShaderLibrary: Display: ShaderCodeLibraryPakFileMountedCallback: pending pak file info (ChunkID:-1 Root:root:/ File:C:/Program Files/Epic Games/UE_4.27/FeaturePacks/TP_SideScrollerBP.upack)
[2026.04.03-07.03.34:453][  0]LogPakFile: OnPakFileMounted2Time == 0.000036
[2026.04.03-07.03.34:455][  0]LogPakFile: PakFile PrimaryIndexSize=187
[2026.04.03-07.03.34:455][  0]LogPakFile: PakFile PathHashIndexSize=101
[2026.04.03-07.03.34:455][  0]LogPakFile: PakFile FullDirectoryIndexSize=148
[2026.04.03-07.03.34:455][  0]LogShaderLibrary: Display: ShaderCodeLibraryPakFileMountedCallback: PakFile 'C:/Program Files/Epic Games/UE_4.27/FeaturePacks/TP_ThirdPerson.upack' (chunk index -1, root 'root:/') mounted
[2026.04.03-07.03.34:455][  0]LogShaderLibrary: Display: ShaderCodeLibraryPakFileMountedCallback: pending pak file info (ChunkID:-1 Root:root:/ File:C:/Program Files/Epic Games/UE_4.27/FeaturePacks/TP_ThirdPerson.upack)
[2026.04.03-07.03.34:455][  0]LogPakFile: OnPakFileMounted2Time == 0.000045
[2026.04.03-07.03.34:457][  0]LogPakFile: PakFile PrimaryIndexSize=189
[2026.04.03-07.03.34:457][  0]LogPakFile: PakFile PathHashIndexSize=101
[2026.04.03-07.03.34:457][  0]LogPakFile: PakFile FullDirectoryIndexSize=152
[2026.04.03-07.03.34:457][  0]LogShaderLibrary: Display: ShaderCodeLibraryPakFileMountedCallback: PakFile 'C:/Program Files/Epic Games/UE_4.27/FeaturePacks/TP_ThirdPersonBP.upack' (chunk index -1, root 'root:/') mounted
[2026.04.03-07.03.34:457][  0]LogShaderLibrary: Display: ShaderCodeLibraryPakFileMountedCallback: pending pak file info (ChunkID:-1 Root:root:/ File:C:/Program Files/Epic Games/UE_4.27/FeaturePacks/TP_ThirdPersonBP.upack)
[2026.04.03-07.03.34:457][  0]LogPakFile: OnPakFileMounted2Time == 0.000044
[2026.04.03-07.03.34:458][  0]LogPakFile: PakFile PrimaryIndexSize=183
[2026.04.03-07.03.34:458][  0]LogPakFile: PakFile PathHashIndexSize=101
[2026.04.03-07.03.34:458][  0]LogPakFile: PakFile FullDirectoryIndexSize=140
[2026.04.03-07.03.34:458][  0]LogShaderLibrary: Display: ShaderCodeLibraryPakFileMountedCallback: PakFile 'C:/Program Files/Epic Games/UE_4.27/FeaturePacks/TP_TopDown.upack' (chunk index -1, root 'root:/') mounted
[2026.04.03-07.03.34:458][  0]LogShaderLibrary: Display: ShaderCodeLibraryPakFileMountedCallback: pending pak file info (ChunkID:-1 Root:root:/ File:C:/Program Files/Epic Games/UE_4.27/FeaturePacks/TP_TopDown.upack)
[2026.04.03-07.03.34:458][  0]LogPakFile: OnPakFileMounted2Time == 0.000049
[2026.04.03-07.03.34:460][  0]LogPakFile: PakFile PrimaryIndexSize=185
[2026.04.03-07.03.34:460][  0]LogPakFile: PakFile PathHashIndexSize=101
[2026.04.03-07.03.34:460][  0]LogPakFile: PakFile FullDirectoryIndexSize=144
[2026.04.03-07.03.34:460][  0]LogShaderLibrary: Display: ShaderCodeLibraryPakFileMountedCallback: PakFile 'C:/Program Files/Epic Games/UE_4.27/FeaturePacks/TP_TopDownBP.upack' (chunk index -1, root 'root:/') mounted
[2026.04.03-07.03.34:460][  0]LogShaderLibrary: Display: ShaderCodeLibraryPakFileMountedCallback: pending pak file info (ChunkID:-1 Root:root:/ File:C:/Program Files/Epic Games/UE_4.27/FeaturePacks/TP_TopDownBP.upack)
[2026.04.03-07.03.34:460][  0]LogPakFile: OnPakFileMounted2Time == 0.000046
[2026.04.03-07.03.34:461][  0]LogPakFile: PakFile PrimaryIndexSize=185
[2026.04.03-07.03.34:461][  0]LogPakFile: PakFile PathHashIndexSize=101
[2026.04.03-07.03.34:461][  0]LogPakFile: PakFile FullDirectoryIndexSize=144
[2026.04.03-07.03.34:461][  0]LogShaderLibrary: Display: ShaderCodeLibraryPakFileMountedCallback: PakFile 'C:/Program Files/Epic Games/UE_4.27/FeaturePacks/TP_TwinStick.upack' (chunk index -1, root 'root:/') mounted
[2026.04.03-07.03.34:461][  0]LogShaderLibrary: Display: ShaderCodeLibraryPakFileMountedCallback: pending pak file info (ChunkID:-1 Root:root:/ File:C:/Program Files/Epic Games/UE_4.27/FeaturePacks/TP_TwinStick.upack)
[2026.04.03-07.03.34:461][  0]LogPakFile: OnPakFileMounted2Time == 0.000037
[2026.04.03-07.03.34:463][  0]LogPakFile: PakFile PrimaryIndexSize=187
[2026.04.03-07.03.34:463][  0]LogPakFile: PakFile PathHashIndexSize=101
[2026.04.03-07.03.34:463][  0]LogPakFile: PakFile FullDirectoryIndexSize=148
[2026.04.03-07.03.34:463][  0]LogShaderLibrary: Display: ShaderCodeLibraryPakFileMountedCallback: PakFile 'C:/Program Files/Epic Games/UE_4.27/FeaturePacks/TP_TwinStickBP.upack' (chunk index -1, root 'root:/') mounted
[2026.04.03-07.03.34:463][  0]LogShaderLibrary: Display: ShaderCodeLibraryPakFileMountedCallback: pending pak file info (ChunkID:-1 Root:root:/ File:C:/Program Files/Epic Games/UE_4.27/FeaturePacks/TP_TwinStickBP.upack)
[2026.04.03-07.03.34:463][  0]LogPakFile: OnPakFileMounted2Time == 0.000037
[2026.04.03-07.03.34:465][  0]LogPakFile: PakFile PrimaryIndexSize=183
[2026.04.03-07.03.34:465][  0]LogPakFile: PakFile PathHashIndexSize=101
[2026.04.03-07.03.34:465][  0]LogPakFile: PakFile FullDirectoryIndexSize=140
[2026.04.03-07.03.34:465][  0]LogShaderLibrary: Display: ShaderCodeLibraryPakFileMountedCallback: PakFile 'C:/Program Files/Epic Games/UE_4.27/FeaturePacks/TP_Vehicle.upack' (chunk index -1, root 'root:/') mounted
[2026.04.03-07.03.34:465][  0]LogShaderLibrary: Display: ShaderCodeLibraryPakFileMountedCallback: pending pak file info (ChunkID:-1 Root:root:/ File:C:/Program Files/Epic Games/UE_4.27/FeaturePacks/TP_Vehicle.upack)
[2026.04.03-07.03.34:465][  0]LogPakFile: OnPakFileMounted2Time == 0.000042
[2026.04.03-07.03.34:466][  0]LogPakFile: PakFile PrimaryIndexSize=186
[2026.04.03-07.03.34:466][  0]LogPakFile: PakFile PathHashIndexSize=101
[2026.04.03-07.03.34:466][  0]LogPakFile: PakFile FullDirectoryIndexSize=146
[2026.04.03-07.03.34:467][  0]LogShaderLibrary: Display: ShaderCodeLibraryPakFileMountedCallback: PakFile 'C:/Program Files/Epic Games/UE_4.27/FeaturePacks/TP_VehicleAdv.upack' (chunk index -1, root 'root:/') mounted
[2026.04.03-07.03.34:467][  0]LogShaderLibrary: Display: ShaderCodeLibraryPakFileMountedCallback: pending pak file info (ChunkID:-1 Root:root:/ File:C:/Program Files/Epic Games/UE_4.27/FeaturePacks/TP_VehicleAdv.upack)
[2026.04.03-07.03.34:467][  0]LogPakFile: OnPakFileMounted2Time == 0.000037
[2026.04.03-07.03.34:468][  0]LogPakFile: PakFile PrimaryIndexSize=188
[2026.04.03-07.03.34:468][  0]LogPakFile: PakFile PathHashIndexSize=101
[2026.04.03-07.03.34:468][  0]LogPakFile: PakFile FullDirectoryIndexSize=150
[2026.04.03-07.03.34:468][  0]LogShaderLibrary: Display: ShaderCodeLibraryPakFileMountedCallback: PakFile 'C:/Program Files/Epic Games/UE_4.27/FeaturePacks/TP_VehicleAdvBP.upack' (chunk index -1, root 'root:/') mounted
[2026.04.03-07.03.34:468][  0]LogShaderLibrary: Display: ShaderCodeLibraryPakFileMountedCallback: pending pak file info (ChunkID:-1 Root:root:/ File:C:/Program Files/Epic Games/UE_4.27/FeaturePacks/TP_VehicleAdvBP.upack)
[2026.04.03-07.03.34:468][  0]LogPakFile: OnPakFileMounted2Time == 0.000037
[2026.04.03-07.03.34:470][  0]LogPakFile: PakFile PrimaryIndexSize=185
[2026.04.03-07.03.34:470][  0]LogPakFile: PakFile PathHashIndexSize=101
[2026.04.03-07.03.34:470][  0]LogPakFile: PakFile FullDirectoryIndexSize=144
[2026.04.03-07.03.34:470][  0]LogShaderLibrary: Display: ShaderCodeLibraryPakFileMountedCallback: PakFile 'C:/Program Files/Epic Games/UE_4.27/FeaturePacks/TP_VehicleBP.upack' (chunk index -1, root 'root:/') mounted
[2026.04.03-07.03.34:470][  0]LogShaderLibrary: Display: ShaderCodeLibraryPakFileMountedCallback: pending pak file info (ChunkID:-1 Root:root:/ File:C:/Program Files/Epic Games/UE_4.27/FeaturePacks/TP_VehicleBP.upack)
[2026.04.03-07.03.34:470][  0]LogPakFile: OnPakFileMounted2Time == 0.000042
[2026.04.03-07.03.34:472][  0]LogPakFile: PakFile PrimaryIndexSize=192
[2026.04.03-07.03.34:472][  0]LogPakFile: PakFile PathHashIndexSize=101
[2026.04.03-07.03.34:472][  0]LogPakFile: PakFile FullDirectoryIndexSize=158
[2026.04.03-07.03.34:472][  0]LogShaderLibrary: Display: ShaderCodeLibraryPakFileMountedCallback: PakFile 'C:/Program Files/Epic Games/UE_4.27/FeaturePacks/TP_VirtualRealityBP.upack' (chunk index -1, root 'root:/') mounted
[2026.04.03-07.03.34:472][  0]LogShaderLibrary: Display: ShaderCodeLibraryPakFileMountedCallback: pending pak file info (ChunkID:-1 Root:root:/ File:C:/Program Files/Epic Games/UE_4.27/FeaturePacks/TP_VirtualRealityBP.upack)
[2026.04.03-07.03.34:472][  0]LogPakFile: OnPakFileMounted2Time == 0.000043
[2026.04.03-07.03.34:684][  0]LogNativeClassHierarchy: Verbose: Native class hierarchy updated for 'AddContentDialog' in 0.0003 seconds. Added 0 classes and 0 folders.
[2026.04.03-07.03.34:690][  0]LogNativeClassHierarchy: Verbose: Native class hierarchy updated for 'SceneOutliner' in 0.0004 seconds. Added 2 classes and 0 folders.
[2026.04.03-07.03.34:873][  0]LogSlate: Took 0.000831 seconds to synchronously load lazily loaded font '../../../Engine/Content/Slate/Fonts/Roboto-Regular.ttf' (155K)
[2026.04.03-07.03.34:876][  0]LogSlate: Took 0.000798 seconds to synchronously load lazily loaded font '../../../Engine/Content/Editor/Slate/Fonts/FontAwesome.ttf' (139K)
[2026.04.03-07.03.34:878][  0]LogSlate: Took 0.000620 seconds to synchronously load lazily loaded font '../../../Engine/Content/Slate/Fonts/Roboto-Bold.ttf' (160K)
[2026.04.03-07.03.35:029][  0]LogRenderer: Reallocating scene render targets to support 656x404 Format 9 NumSamples 1 (Frame:1).
[2026.04.03-07.03.35:237][  0]LogNativeClassHierarchy: Verbose: Native class hierarchy updated for 'HierarchicalLODOutliner' in 0.0003 seconds. Added 0 classes and 0 folders.
[2026.04.03-07.03.35:237][  0]LogLoad: (Engine Initialization) Total time: 14.23 seconds
[2026.04.03-07.03.35:237][  0]LogLoad: (Engine Initialization) Total Blueprint compile time: 0.00 seconds
[2026.04.03-07.03.35:295][  0]LogAssetRegistry: Asset discovery search completed in 9.2090 seconds
[2026.04.03-07.03.35:322][  0]LogCollectionManager: Fixed up redirectors for 0 collections in 0.000004 seconds (updated 0 objects)
[2026.04.03-07.03.35:326][  0]LogContentStreaming: Texture pool size now 800 MB
[2026.04.03-07.03.35:338][  0]LogSlate: Took 0.000647 seconds to synchronously load lazily loaded font '../../../Engine/Content/Slate/Fonts/Roboto-Light.ttf' (167K)
[2026.04.03-07.03.35:938][  2]LogSlate: Took 0.000169 seconds to synchronously load lazily loaded font '../../../Engine/Content/Slate/Fonts/Roboto-Light.ttf' (167K)
[2026.04.03-07.03.36:599][  4]LogAudioMixer: Resetting audio stream to device id 
[2026.04.03-07.03.36:601][  4]LogAudioMixer: Display: 0: FrontLeft
[2026.04.03-07.03.36:601][  4]LogAudioMixer: Display: 1: FrontRight
[2026.04.03-07.03.36:935][  5]LogAudioMixer: Warning: Audio device removed, falling back to other windows default device.
[2026.04.03-07.03.36:935][  5]LogAudioMixer: Warning: Audio device removed, falling back to other windows default device.
[2026.04.03-07.03.36:935][  5]LogAudioMixer: Warning: Audio device removed, falling back to other windows default device.
[2026.04.03-07.03.36:935][  5]LogAudioMixer: Warning: Audio device removed, falling back to other windows default device.
[2026.04.03-07.03.36:935][  5]LogAudioMixer: Resetting audio stream to device id 
[2026.04.03-07.03.36:956][  5]LogAudioMixer: Display: 0: FrontLeft
[2026.04.03-07.03.36:956][  5]LogAudioMixer: Display: 1: FrontRight
[2026.04.03-07.03.47:432][679]LogUObjectHash: Compacting FUObjectHashTables data took   1.11ms
[2026.04.03-07.03.47:850][679]LogAssetEditorSubsystem: Opening Asset editor for World /Game/MAPS/Main_Menu.Main_Menu
[2026.04.03-07.03.47:851][679]Cmd: MAP LOAD FILE="../../../../../../Users/User/Documents/Unreal Projects/Playtime_Multiplayer/Content/MAPS/Main_Menu.umap" TEMPLATE=0 SHOWPROGRESS=1 FEATURELEVEL=3
[2026.04.03-07.03.47:851][679]LightingResults: New page: Lighting Build
[2026.04.03-07.03.47:852][679]LogNativeClassHierarchy: Verbose: Native class hierarchy updated for 'StatsViewer' in 0.0003 seconds. Added 6 classes and 0 folders.
[2026.04.03-07.03.47:853][679]LoadErrors: New page: Loading map: Main_Menu.umap
[2026.04.03-07.03.47:890][679]LogWorld: UWorld::CleanupWorld for Untitled, bSessionEnded=true, bCleanupResources=true
[2026.04.03-07.03.47:890][679]LogSlate: InvalidateAllWidgets triggered.  All widgets were invalidated
[2026.04.03-07.03.47:892][679]MapCheck: New page: Map Check
[2026.04.03-07.03.47:892][679]LightingResults: New page: Lighting Build
[2026.04.03-07.03.47:897][679]LogAudio: Display: Audio Device unregistered from world 'None'.
[2026.04.03-07.03.47:903][679]LogUObjectHash: Compacting FUObjectHashTables data took   1.80ms
[2026.04.03-07.03.47:905][679]LogAudio: Display: Audio Device (ID: 1) registered with world 'Main_Menu'.
[2026.04.03-07.03.47:954][679]LogEditorServer: Finished looking for orphan Actors (0.000 secs)
[2026.04.03-07.03.47:954][679]LogAIModule: Creating AISystem for world Main_Menu
[2026.04.03-07.03.47:966][679]LogUObjectHash: Compacting FUObjectHashTables data took   0.76ms
[2026.04.03-07.03.47:971][679]Cmd: MAP CHECKDEP NOCLEARLOG
[2026.04.03-07.03.47:971][679]MapCheck: Map check complete: 0 Error(s), 0 Warning(s), took 0,077ms to complete.
[2026.04.03-07.03.47:971][679]LogFileHelpers: Loading map 'Main_Menu' took 0.121
[2026.04.03-07.03.53:715][904]LogTemp: Repeating last play command: New Editor Window (PIE)
[2026.04.03-07.03.53:737][904]LogPlayLevel: PlayLevel: No blueprints needed recompiling
[2026.04.03-07.03.53:737][904]PIE: New page: PIE session: Main_Menu (3 апр. 2026 г., 13:03:53)
[2026.04.03-07.03.53:741][904]LogModuleManager: Warning: ModuleManager: Unable to load module 'OnlineSubsystemSteam'  - 0 instances of that module name found.
[2026.04.03-07.03.53:741][904]LogOnline: Warning: OSS: TryLoadSubsystemAndSetDefault: LoadSubsystemModule([Steam]) failed
[2026.04.03-07.03.53:741][904]LogOnline: OSS: Creating online subsystem instance for: NULL
[2026.04.03-07.03.53:743][904]LogOnline: OSS: TryLoadSubsystemAndSetDefault: Loaded subsystem for module [NULL]
[2026.04.03-07.03.53:744][904]LogPlayLevel: Creating play world package: /Game/MAPS/UEDPIE_0_Main_Menu
[2026.04.03-07.03.53:753][904]LogPlayLevel: PIE: StaticDuplicateObject took: (0.009182s)
[2026.04.03-07.03.53:756][904]LogAIModule: Creating AISystem for world Main_Menu
[2026.04.03-07.03.53:757][904]LogPlayLevel: PIE: World Init took: (0.003200s)
[2026.04.03-07.03.53:757][904]LogPlayLevel: PIE: Created PIE world by copying editor world from /Game/MAPS/Main_Menu.Main_Menu to /Game/MAPS/UEDPIE_0_Main_Menu.Main_Menu (0.012838s)
[2026.04.03-07.03.53:764][904]LogUObjectHash: Compacting FUObjectHashTables data took   0.75ms
[2026.04.03-07.03.53:769][904]LogAudio: Display: Creating Audio Device:                 Id: 2, Scope: Unique, Realtime: True
[2026.04.03-07.03.53:769][904]LogAudioMixer: Display: Audio Mixer Platform Settings:
[2026.04.03-07.03.53:769][904]LogAudioMixer: Display: 	Sample Rate:						  48000
[2026.04.03-07.03.53:769][904]LogAudioMixer: Display: 	Callback Buffer Frame Size Requested: 1024
[2026.04.03-07.03.53:769][904]LogAudioMixer: Display: 	Callback Buffer Frame Size To Use:	  1024
[2026.04.03-07.03.53:769][904]LogAudioMixer: Display: 	Number of buffers to queue:			  2
[2026.04.03-07.03.53:769][904]LogAudioMixer: Display: 	Max Channels (voices):				  32
[2026.04.03-07.03.53:769][904]LogAudioMixer: Display: 	Number of Async Source Workers:		  0
[2026.04.03-07.03.53:769][904]LogAudio: Display: AudioDevice MaxSources: 32
[2026.04.03-07.03.53:770][904]LogAudio: Display: Audio Spatialization Plugin: None (built-in).
[2026.04.03-07.03.53:770][904]LogAudio: Display: Audio Reverb Plugin: None (built-in).
[2026.04.03-07.03.53:770][904]LogAudio: Display: Audio Occlusion Plugin: None (built-in).
[2026.04.03-07.03.53:770][904]LogAudioMixer: Display: Initializing audio mixer.
[2026.04.03-07.03.53:775][904]LogAudioMixer: Display: 0: FrontLeft
[2026.04.03-07.03.53:775][904]LogAudioMixer: Display: 1: FrontRight
[2026.04.03-07.03.53:805][904]LogAudioMixer: Display: Using Audio Device Headphones (Realtek(R) Audio)
[2026.04.03-07.03.53:805][904]LogAudioMixer: Display: Initializing Sound Submixes...
[2026.04.03-07.03.53:805][904]LogAudioMixer: Display: Creating Master Submix 'MasterSubmixDefault'
[2026.04.03-07.03.53:805][904]LogAudioMixer: Display: Creating Master Submix 'MasterReverbSubmixDefault'
[2026.04.03-07.03.53:806][904]LogAudioMixer: Display: Creating Master Submix 'MasterEQSubmixDefault'
[2026.04.03-07.03.53:806][904]LogAudioMixer: FMixerPlatformXAudio2::StartAudioStream() called
[2026.04.03-07.03.53:806][904]LogAudioMixer: Display: Output buffers initialized: Frames=1024, Channels=2, Samples=2048
[2026.04.03-07.03.53:807][904]LogAudioMixer: Display: Starting AudioMixerPlatformInterface::RunInternal()
[2026.04.03-07.03.53:807][904]LogAudioMixer: Display: FMixerPlatformXAudio2::SubmitBuffer() called for the first time
[2026.04.03-07.03.53:807][904]LogInit: FAudioDevice initialized.
[2026.04.03-07.03.53:807][904]LogAudio: Display: Audio Device (ID: 2) registered with world 'Main_Menu'.
[2026.04.03-07.03.53:853][904]LogSlate: Updating window title bar state: overlay mode, drag disabled, window buttons hidden, title bar hidden
[2026.04.03-07.03.53:890][904]LogLoad: Game class is 'FirstPersonGameMode_C'
[2026.04.03-07.03.54:000][904]LogWorld: Bringing World /Game/MAPS/UEDPIE_0_Main_Menu.Main_Menu up for play (max tick rate 0) at 2026.04.03-10.03.54
[2026.04.03-07.03.54:034][904]LogWorld: Bringing up level for play took: 0.035105
[2026.04.03-07.03.54:036][904]LogOnline: OSS: Creating online subsystem instance for: :Context_1
[2026.04.03-07.03.54:064][904]LogNativeClassHierarchy: Verbose: Native class hierarchy updated for 'MovieSceneCapture' in 0.0004 seconds. Added 20 classes and 0 folders.
[2026.04.03-07.03.54:286][904]LogNet: ReplicationDriverClass is null! Not using ReplicationDriver.
[2026.04.03-07.03.54:289][904]LogNetCore: DDoS detection status: detection enabled: 0 analytics enabled: 0
[2026.04.03-07.03.54:289][904]LogInit: WinSock: Socket queue. Rx: 131072 (config 131072) Tx: 131072 (config 131072)
[2026.04.03-07.03.54:290][904]LogNet: Created socket for bind address: 0.0.0.0 on port 17777
[2026.04.03-07.03.54:295][904]PacketHandlerLog: Loaded PacketHandler component: Engine.EngineHandlerComponentFactory (StatelessConnectHandlerComponent)
[2026.04.03-07.03.54:296][904]LogNet: GameNetDriver IpNetDriver_0 IpNetDriver listening on port 17777
[2026.04.03-07.03.54:365][904]PIE: Server logged in
[2026.04.03-07.03.54:367][904]PIE: Play in editor total start time 0,633 seconds.
[2026.04.03-07.03.54:369][904]LogAudio: Display: Creating Audio Device:                 Id: 3, Scope: Unique, Realtime: True
[2026.04.03-07.03.54:369][904]LogAudioMixer: Display: Audio Mixer Platform Settings:
[2026.04.03-07.03.54:369][904]LogAudioMixer: Display: 	Sample Rate:						  48000
[2026.04.03-07.03.54:369][904]LogAudioMixer: Display: 	Callback Buffer Frame Size Requested: 1024
[2026.04.03-07.03.54:369][904]LogAudioMixer: Display: 	Callback Buffer Frame Size To Use:	  1024
[2026.04.03-07.03.54:369][904]LogAudioMixer: Display: 	Number of buffers to queue:			  2
[2026.04.03-07.03.54:369][904]LogAudioMixer: Display: 	Max Channels (voices):				  32
[2026.04.03-07.03.54:369][904]LogAudioMixer: Display: 	Number of Async Source Workers:		  0
[2026.04.03-07.03.54:369][904]LogAudio: Display: AudioDevice MaxSources: 32
[2026.04.03-07.03.54:370][904]LogAudio: Display: Audio Spatialization Plugin: None (built-in).
[2026.04.03-07.03.54:370][904]LogAudio: Display: Audio Reverb Plugin: None (built-in).
[2026.04.03-07.03.54:370][904]LogAudio: Display: Audio Occlusion Plugin: None (built-in).
[2026.04.03-07.03.54:370][904]LogAudioMixer: Display: Initializing audio mixer.
[2026.04.03-07.03.54:373][904]LogAudioMixer: Display: 0: FrontLeft
[2026.04.03-07.03.54:373][904]LogAudioMixer: Display: 1: FrontRight
[2026.04.03-07.03.54:383][904]LogAudioMixer: Display: Using Audio Device Headphones (Realtek(R) Audio)
[2026.04.03-07.03.54:385][904]LogAudioMixer: Display: Initializing Sound Submixes...
[2026.04.03-07.03.54:385][904]LogAudioMixer: Display: Creating Master Submix 'MasterSubmixDefault'
[2026.04.03-07.03.54:385][904]LogAudioMixer: Display: Creating Master Submix 'MasterReverbSubmixDefault'
[2026.04.03-07.03.54:386][904]LogAudioMixer: Display: Creating Master Submix 'MasterEQSubmixDefault'
[2026.04.03-07.03.54:386][904]LogAudioMixer: FMixerPlatformXAudio2::StartAudioStream() called
[2026.04.03-07.03.54:386][904]LogAudioMixer: Display: Output buffers initialized: Frames=1024, Channels=2, Samples=2048
[2026.04.03-07.03.54:387][904]LogAudioMixer: Display: Starting AudioMixerPlatformInterface::RunInternal()
[2026.04.03-07.03.54:387][904]LogAudioMixer: Display: FMixerPlatformXAudio2::SubmitBuffer() called for the first time
[2026.04.03-07.03.54:387][904]LogInit: FAudioDevice initialized.
[2026.04.03-07.03.54:387][904]LogAudio: Display: Audio Device (ID: 3) registered with world 'Untitled'.
[2026.04.03-07.03.54:437][904]LogSlate: Updating window title bar state: overlay mode, drag disabled, window buttons hidden, title bar hidden
[2026.04.03-07.03.54:443][904]LogNet: Browse: 127.0.0.1:17777/Game/StarterContent/Maps/Minimal_Default
[2026.04.03-07.03.54:444][904]LogInit: WinSock: Socket queue. Rx: 32768 (config 32768) Tx: 32768 (config 32768)
[2026.04.03-07.03.54:444][904]LogNet: Created socket for bind address: 0.0.0.0 on port 0
[2026.04.03-07.03.54:456][904]PacketHandlerLog: Loaded PacketHandler component: Engine.EngineHandlerComponentFactory (StatelessConnectHandlerComponent)
[2026.04.03-07.03.54:553][904]LogNet: Game client on port 17777, rate 100000
[2026.04.03-07.03.54:627][904]PIE: Client logged in
[2026.04.03-07.03.54:629][904]PIE: Play in editor total start time 0,895 seconds.
[2026.04.03-07.03.54:837][904]LogRenderer: Reallocating scene render targets to support 1000x736 Format 9 NumSamples 1 (Frame:1).
[2026.04.03-07.03.55:676][922]LogNet: NotifyAcceptingConnection accepted from: 127.0.0.1:61977
[2026.04.03-07.03.55:678][922]LogHandshake: SendConnectChallenge. Timestamp: 2.877956, Cookie: 029153248076225091189083225134151068124137228235137175076178
[2026.04.03-07.03.55:680][922]LogHandshake: SendChallengeResponse. Timestamp: 2.877956, Cookie: 029153248076225091189083225134151068124137228235137175076178
[2026.04.03-07.03.55:713][923]LogNet: NotifyAcceptingConnection accepted from: 127.0.0.1:61977
[2026.04.03-07.03.55:713][923]LogHandshake: SendChallengeAck. InCookie: 029153248076225091189083225134151068124137228235137175076178
[2026.04.03-07.03.55:713][923]LogNet: Server accepting post-challenge connection from: 127.0.0.1:61977
[2026.04.03-07.03.55:714][923]PacketHandlerLog: Loaded PacketHandler component: Engine.EngineHandlerComponentFactory (StatelessConnectHandlerComponent)
[2026.04.03-07.03.55:714][923]LogNet: NotifyAcceptedConnection: Name: Main_Menu, TimeStamp: 04/03/26 10:03:55, [UNetConnection] RemoteAddr: 127.0.0.1:61977, Name: IpConnection_1, Driver: GameNetDriver IpNetDriver_0, IsServer: YES, PC: NULL, Owner: NULL, UniqueId: INVALID
[2026.04.03-07.03.55:714][923]LogNet: AddClientConnection: Added client connection: [UNetConnection] RemoteAddr: 127.0.0.1:61977, Name: IpConnection_1, Driver: GameNetDriver IpNetDriver_0, IsServer: YES, PC: NULL, Owner: NULL, UniqueId: INVALID
[2026.04.03-07.03.55:717][923]LogNetVersion: Playtime_Multiplayer 1.0.0.0, NetCL: 17155196, EngineNetVer: 17, GameNetVer: 0 (Checksum: 3705570869)
[2026.04.03-07.03.55:718][923]LogNet: UPendingNetGame::SendInitialJoin: Sending hello. [UNetConnection] RemoteAddr: 127.0.0.1:17777, Name: IpConnection_0, Driver: PendingNetDriver IpNetDriver_1, IsServer: NO, PC: NULL, Owner: NULL, UniqueId: INVALID
[2026.04.03-07.03.55:784][924]LogNet: NotifyAcceptingChannel Control 0 server World /Game/MAPS/UEDPIE_0_Main_Menu.Main_Menu: Accepted
[2026.04.03-07.03.55:802][924]LogNet: Remote platform little endian=1
[2026.04.03-07.03.55:802][924]LogNet: This platform little endian=1
[2026.04.03-07.03.55:803][924]LogOnline: OSS: Creating online subsystem instance for: :Context_2
[2026.04.03-07.03.55:819][925]LogNet: Login request: ?Name=WIN-O5Q6NLQMTLB-1BA5BF7A4D9FB20DBE5BC7801EE3B35E userId: NULL:WIN-O5Q6NLQMTLB-1BA5BF7A4D9FB20DBE5BC7801EE3B35E platform: NULL
[2026.04.03-07.03.55:820][925]LogNet: Welcomed by server (Level: /Game/MAPS/UEDPIE_0_Main_Menu, Game: /Game/FirstPerson/FirstPersonBP/Blueprints/FirstPersonGameMode.FirstPersonGameMode_C)
[2026.04.03-07.03.55:821][925]LogLoad: LoadMap: 127.0.0.1:17777/Game/MAPS/UEDPIE_0_Main_Menu?game=/Game/FirstPerson/FirstPersonBP/Blueprints/FirstPersonGameMode.FirstPersonGameMode_C
[2026.04.03-07.03.55:821][925]LogWorld: BeginTearingDown for /Temp/Untitled_1
[2026.04.03-07.03.55:825][925]LogWorld: UWorld::CleanupWorld for Untitled, bSessionEnded=true, bCleanupResources=true
[2026.04.03-07.03.55:825][925]LogSlate: InvalidateAllWidgets triggered.  All widgets were invalidated
[2026.04.03-07.03.55:832][925]LogAudio: Display: Audio Device unregistered from world 'None'.
[2026.04.03-07.03.55:843][925]LogUObjectHash: Compacting FUObjectHashTables data took   1.81ms
[2026.04.03-07.03.55:852][925]LogAudio: Display: Audio Device (ID: 3) registered with world 'Main_Menu'.
[2026.04.03-07.03.55:853][925]LogAIModule: Creating AISystem for world Main_Menu
[2026.04.03-07.03.55:855][925]LogWorld: Bringing World /Game/MAPS/UEDPIE_1_Main_Menu.Main_Menu up for play (max tick rate 0) at 2026.04.03-10.03.55
[2026.04.03-07.03.55:855][925]LogWorld: Bringing up level for play took: 0.001617
[2026.04.03-07.03.55:856][925]LogLoad: Took 0.034915 seconds to LoadMap(/Game/MAPS/UEDPIE_0_Main_Menu)
[2026.04.03-07.03.55:857][925]LogNavigation: Warning: NavData RegistrationFailed_DataPendingKill.
[2026.04.03-07.03.55:945][926]LogNet: Client netspeed is 100000
[2026.04.03-07.03.55:945][926]LogNet: Join request: /Game/StarterContent/Maps/Minimal_Default?Name=WIN-O5Q6NLQMTLB-1BA5BF7A4D9FB20DBE5BC7801EE3B35E?SplitscreenCount=1
[2026.04.03-07.03.55:946][926]LogOnlineSession: Warning: OSS: No game present to join for session (GameSession)
[2026.04.03-07.03.55:967][926]LogNet: Join succeeded: WIN-O5Q6NLQMTLB-1BA5
[2026.04.03-07.03.56:016][927]LogOnlineSession: Warning: OSS: No game present to join for session (GameSession)
[2026.04.03-07.03.56:045][928]LogOnlineSession: Warning: OSS: No game present to join for session (GameSession)
[2026.04.03-07.04.17:449][346]LogNet: Browse: /Game/MAPS/MP_Lobby??listen
[2026.04.03-07.04.17:449][346]LogLoad: LoadMap: /Game/MAPS/MP_Lobby??listen
[2026.04.03-07.04.17:449][346]LogWorld: BeginTearingDown for /Game/MAPS/UEDPIE_1_Main_Menu
[2026.04.03-07.04.17:449][346]LogNet: World NetDriver shutdown IpNetDriver_1 [GameNetDriver]
[2026.04.03-07.04.17:449][346]LogNet: DestroyNamedNetDriver IpNetDriver_1 [GameNetDriver]
[2026.04.03-07.04.17:450][346]LogNet: UNetConnection::Close: [UNetConnection] RemoteAddr: 127.0.0.1:17777, Name: IpConnection_0, Driver: GameNetDriver IpNetDriver_1, IsServer: NO, PC: PlayerController_1, Owner: PlayerController_1, UniqueId: NULL:WIN-O5Q6NLQMTLB-1BA5BF7A4D9FB20DBE5BC7801EE3B35E, Channels: 11, Time: 2026.04.03-07.04.17
[2026.04.03-07.04.17:450][346]LogNet: UChannel::Close: Sending CloseBunch. ChIndex == 0. Name: [UChannel] ChIndex: 0, Closing: 0 [UNetConnection] RemoteAddr: 127.0.0.1:17777, Name: IpConnection_0, Driver: GameNetDriver IpNetDriver_1, IsServer: NO, PC: PlayerController_1, Owner: PlayerController_1, UniqueId: NULL:WIN-O5Q6NLQMTLB-1BA5BF7A4D9FB20DBE5BC7801EE3B35E
[2026.04.03-07.04.17:450][346]LogExit: GameNetDriver IpNetDriver_1 shut down
[2026.04.03-07.04.17:453][346]LogWorld: UWorld::CleanupWorld for Main_Menu, bSessionEnded=true, bCleanupResources=true
[2026.04.03-07.04.17:453][346]LogSlate: InvalidateAllWidgets triggered.  All widgets were invalidated
[2026.04.03-07.04.17:498][346]LogAudio: Display: Audio Device unregistered from world 'None'.
[2026.04.03-07.04.17:512][346]LogUObjectHash: Compacting FUObjectHashTables data took   1.07ms
[2026.04.03-07.04.17:757][346]LogAudio: Display: Audio Device (ID: 3) registered with world 'MP_Lobby'.
[2026.04.03-07.04.17:759][346]LogAIModule: Creating AISystem for world MP_Lobby
[2026.04.03-07.04.17:759][346]LogLoad: Game class is 'FirstPersonGameMode_C'
[2026.04.03-07.04.17:759][346]LogNet: ReplicationDriverClass is null! Not using ReplicationDriver.
[2026.04.03-07.04.17:759][346]LogNetCore: DDoS detection status: detection enabled: 0 analytics enabled: 0
[2026.04.03-07.04.17:760][346]LogInit: WinSock: Socket queue. Rx: 131072 (config 131072) Tx: 131072 (config 131072)
[2026.04.03-07.04.17:760][346]LogNet: Created socket for bind address: 0.0.0.0 on port 7777
[2026.04.03-07.04.17:760][346]PacketHandlerLog: Loaded PacketHandler component: Engine.EngineHandlerComponentFactory (StatelessConnectHandlerComponent)
[2026.04.03-07.04.17:760][346]LogNet: GameNetDriver IpNetDriver_2 IpNetDriver listening on port 7777
[2026.04.03-07.04.17:769][346]LogWorld: Bringing World /Game/MAPS/UEDPIE_1_MP_Lobby.MP_Lobby up for play (max tick rate 0) at 2026.04.03-10.04.17
[2026.04.03-07.04.17:770][346]LogWorld: Bringing up level for play took: 0.009163
[2026.04.03-07.04.17:776][346]LogLoad: Took 0.326781 seconds to LoadMap(/Game/MAPS/MP_Lobby)
[2026.04.03-07.04.17:799][347]LogNet: UChannel::ReceivedSequencedBunch: Bunch.bClose == true. ChIndex == 0. Calling ConditionalCleanUp.
[2026.04.03-07.04.17:800][347]LogNet: UChannel::CleanUp: ChIndex == 0. Closing connection. [UChannel] ChIndex: 0, Closing: 0 [UNetConnection] RemoteAddr: 127.0.0.1:61977, Name: IpConnection_1, Driver: GameNetDriver IpNetDriver_0, IsServer: YES, PC: PlayerController_1, Owner: PlayerController_1, UniqueId: NULL:WIN-O5Q6NLQMTLB-1BA5BF7A4D9FB20DBE5BC7801EE3B35E
[2026.04.03-07.04.17:800][347]LogNet: UNetConnection::Close: [UNetConnection] RemoteAddr: 127.0.0.1:61977, Name: IpConnection_1, Driver: GameNetDriver IpNetDriver_0, IsServer: YES, PC: PlayerController_1, Owner: PlayerController_1, UniqueId: NULL:WIN-O5Q6NLQMTLB-1BA5BF7A4D9FB20DBE5BC7801EE3B35E, Channels: 11, Time: 2026.04.03-07.04.17
[2026.04.03-07.04.17:800][347]LogNet: UChannel::Close: Sending CloseBunch. ChIndex == 0. Name: [UChannel] ChIndex: 0, Closing: 0 [UNetConnection] RemoteAddr: 127.0.0.1:61977, Name: IpConnection_1, Driver: GameNetDriver IpNetDriver_0, IsServer: YES, PC: PlayerController_1, Owner: PlayerController_1, UniqueId: NULL:WIN-O5Q6NLQMTLB-1BA5BF7A4D9FB20DBE5BC7801EE3B35E
[2026.04.03-07.04.17:800][347]LogOnlineSession: Warning: OSS: No game present to leave for session (GameSession)
[2026.04.03-07.04.22:222][434]LogOnlineSession: Warning: OSS: Ignoring game search request while one is pending
[2026.04.03-07.04.24:419][470]LogOnlineSession: Warning: OSS: Ignoring game search request while one is pending
[2026.04.03-07.04.25:007][483]LogOnlineSession: Warning: OSS: Ignoring game search request while one is pending
[2026.04.03-07.04.25:228][488]LogOnlineSession: Warning: OSS: Ignoring game search request while one is pending
[2026.04.03-07.04.25:450][493]LogOnlineSession: Warning: OSS: Ignoring game search request while one is pending
[2026.04.03-07.04.25:628][497]LogOnlineSession: Warning: OSS: Ignoring game search request while one is pending
[2026.04.03-07.04.25:804][501]LogOnlineSession: Warning: OSS: Ignoring game search request while one is pending
[2026.04.03-07.04.25:982][505]LogOnlineSession: Warning: OSS: Ignoring game search request while one is pending
[2026.04.03-07.04.26:161][509]LogOnlineSession: Warning: OSS: Ignoring game search request while one is pending
[2026.04.03-07.04.26:336][513]LogOnlineSession: Warning: OSS: Ignoring game search request while one is pending
[2026.04.03-07.04.26:514][517]LogOnlineSession: Warning: OSS: Ignoring game search request while one is pending
[2026.04.03-07.04.26:783][523]LogBlueprintUserMessages: [SERVER_LIST_C_0] Server: GOOD
[2026.04.03-07.04.26:784][523]LogBlueprintUserMessages: [SERVER_LIST_C_0] Server: GOOD
[2026.04.03-07.04.26:784][523]LogBlueprintUserMessages: [SERVER_LIST_C_0] Server: GOOD
[2026.04.03-07.04.26:784][523]LogBlueprintUserMessages: [SERVER_LIST_C_0] Server: GOOD
[2026.04.03-07.04.26:784][523]LogBlueprintUserMessages: [SERVER_LIST_C_0] Server: GOOD
[2026.04.03-07.04.26:784][523]LogBlueprintUserMessages: [SERVER_LIST_C_0] Server: GOOD
[2026.04.03-07.04.26:784][523]LogBlueprintUserMessages: [SERVER_LIST_C_0] Server: GOOD
[2026.04.03-07.04.26:784][523]LogBlueprintUserMessages: [SERVER_LIST_C_0] Server: GOOD
[2026.04.03-07.04.26:784][523]LogBlueprintUserMessages: [SERVER_LIST_C_0] Server: GOOD
[2026.04.03-07.04.26:785][523]LogBlueprintUserMessages: [SERVER_LIST_C_0] Server: GOOD
[2026.04.03-07.04.26:785][523]LogBlueprintUserMessages: [SERVER_LIST_C_0] Server: GOOD
[2026.04.03-07.04.26:785][523]LogBlueprintUserMessages: [SERVER_LIST_C_0] Server: GOOD
[2026.04.03-07.04.43:682][869]LogSlate: Updating window title bar state: overlay mode, drag disabled, window buttons hidden, title bar hidden
[2026.04.03-07.04.43:682][869]LogWorld: BeginTearingDown for /Game/MAPS/UEDPIE_1_MP_Lobby
[2026.04.03-07.04.43:683][869]LogSlate: Window 'Playtime_Multiplayer Preview [NetMode: Client 1]  (64-bit/Windows) ' being destroyed
[2026.04.03-07.04.43:711][869]LogWorld: UWorld::CleanupWorld for MP_Lobby, bSessionEnded=true, bCleanupResources=true
[2026.04.03-07.04.43:712][869]LogSlate: InvalidateAllWidgets triggered.  All widgets were invalidated
[2026.04.03-07.04.43:736][869]LogNet: World NetDriver shutdown IpNetDriver_2 [GameNetDriver]
[2026.04.03-07.04.43:737][869]LogNet: DestroyNamedNetDriver IpNetDriver_2 [GameNetDriver]
[2026.04.03-07.04.43:737][869]LogExit: GameNetDriver IpNetDriver_2 shut down
[2026.04.03-07.04.43:741][869]LogWorld: BeginTearingDown for /Game/MAPS/UEDPIE_0_Main_Menu
[2026.04.03-07.04.43:741][869]LogOnlineSession: Warning: OSS: No game present to leave for session (GameSession)
[2026.04.03-07.04.43:741][869]LogSlate: Updating window title bar state: overlay mode, drag disabled, window buttons hidden, title bar hidden
[2026.04.03-07.04.43:741][869]LogSlate: Window 'Playtime_Multiplayer Preview [NetMode: Server]  (64-bit/Windows) ' being destroyed
[2026.04.03-07.04.43:761][869]LogWorld: UWorld::CleanupWorld for Main_Menu, bSessionEnded=true, bCleanupResources=true
[2026.04.03-07.04.43:762][869]LogSlate: InvalidateAllWidgets triggered.  All widgets were invalidated
[2026.04.03-07.04.43:773][869]LogNet: World NetDriver shutdown IpNetDriver_0 [GameNetDriver]
[2026.04.03-07.04.43:773][869]LogNet: DestroyNamedNetDriver IpNetDriver_0 [GameNetDriver]
[2026.04.03-07.04.43:773][869]LogExit: GameNetDriver IpNetDriver_0 shut down
[2026.04.03-07.04.43:774][869]LogPlayLevel: Display: Shutting down PIE online subsystems
[2026.04.03-07.04.43:776][869]LogSlate: InvalidateAllWidgets triggered.  All widgets were invalidated
[2026.04.03-07.04.43:782][869]LogAudio: Display: Audio Device unregistered from world 'None'.
[2026.04.03-07.04.43:782][869]LogAudioMixer: FMixerPlatformXAudio2::StopAudioStream() called
[2026.04.03-07.04.43:784][869]LogAudioMixer: FMixerPlatformXAudio2::StopAudioStream() called
[2026.04.03-07.04.43:792][869]LogAudioMixer: FMixerPlatformXAudio2::StopAudioStream() called
[2026.04.03-07.04.43:794][869]LogAudioMixer: FMixerPlatformXAudio2::StopAudioStream() called
[2026.04.03-07.04.43:802][869]LogUObjectHash: Compacting FUObjectHashTables data took   2.42ms
[2026.04.03-07.04.43:823][870]LogPlayLevel: Display: Destroying online subsystem :Context_2
[2026.04.03-07.04.43:823][870]LogPlayLevel: Display: Destroying online subsystem :Context_1
[2026.04.03-07.05.01:442][526]LogAssetEditorSubsystem: Opening Asset editor for WidgetBlueprint /Game/MULTIPLAYER/SERVER_LIST.SERVER_LIST
[2026.04.03-07.05.01:686][526]LogNativeClassHierarchy: Verbose: Native class hierarchy updated for 'BlueprintGraph' in 0.0006 seconds. Added 126 classes and 0 folders.
[2026.04.03-07.05.03:255][526]LogSlate: Took 0.000878 seconds to synchronously load lazily loaded font '../../../Engine/Content/Slate/Fonts/Roboto-BoldCondensed.ttf' (158K)
[2026.04.03-07.05.05:901][616]LogSlate: Took 0.001459 seconds to synchronously load lazily loaded font '../../../Engine/Content/Slate/Fonts/Roboto-Italic.ttf' (157K)
[2026.04.03-07.05.32:818][373]LogSlate: Window 'Color Picker' being destroyed
[2026.04.03-07.05.40:213][700]LogEditorClassViewer: Warning: Class /Engine/Tutorial/InWorldBlueprintEditing/TutorialAssets/IWBE_Blutility.IWBE_Blutility_C has parent /Script/Blutility.PlacedEditorUtilityBase, but this parent is not found. The Class will not be shown in ClassViewer.
[2026.04.03-07.05.56:050][403]BlueprintLog: New page: Compile SERVER_LIST
[2026.04.03-07.05.56:131][403]LogUObjectHash: Compacting FUObjectHashTables data took   5.16ms
[2026.04.03-07.05.56:210][403]LogSlate: Took 0.000625 seconds to synchronously load lazily loaded font '../../../Engine/Content/Slate/Fonts/DroidSansMono.ttf' (77K)
[2026.04.03-07.05.56:833][426]LogSlate: Window 'SERVER_LIST' being destroyed
[2026.04.03-07.05.56:850][426]LogSlate: Window 'SERVER_LIST' being destroyed
[2026.04.03-07.05.56:860][426]LogWorld: UWorld::CleanupWorld for World_1, bSessionEnded=true, bCleanupResources=true
[2026.04.03-07.05.56:860][426]LogSlate: InvalidateAllWidgets triggered.  All widgets were invalidated
[2026.04.03-07.05.56:869][426]LogWorld: UWorld::CleanupWorld for World_0, bSessionEnded=true, bCleanupResources=true
[2026.04.03-07.05.56:869][426]LogSlate: InvalidateAllWidgets triggered.  All widgets were invalidated
[2026.04.03-07.05.57:920][461]LogAssetEditorSubsystem: Opening Asset editor for WidgetBlueprint /Game/MULTIPLAYER/SERVER.SERVER
[2026.04.03-07.06.15:326][ 40]BlueprintLog: New page: Compile SERVER
[2026.04.03-07.06.15:410][ 40]LogUObjectHash: Compacting FUObjectHashTables data took   4.53ms
[2026.04.03-07.06.17:776][114]LogTemp: Repeating last play command: New Editor Window (PIE)
[2026.04.03-07.06.17:783][114]LogPlayLevel: PlayLevel: No blueprints needed recompiling
[2026.04.03-07.06.17:783][114]PIE: New page: PIE session: Main_Menu (3 апр. 2026 г., 13:06:17)
[2026.04.03-07.06.17:783][114]LogPlayLevel: Creating play world package: /Game/MAPS/UEDPIE_0_Main_Menu
[2026.04.03-07.06.17:790][114]LogPlayLevel: PIE: StaticDuplicateObject took: (0.006305s)
[2026.04.03-07.06.17:791][114]LogAIModule: Creating AISystem for world Main_Menu
[2026.04.03-07.06.17:792][114]LogPlayLevel: PIE: World Init took: (0.001799s)
[2026.04.03-07.06.17:792][114]LogPlayLevel: PIE: Created PIE world by copying editor world from /Game/MAPS/Main_Menu.Main_Menu to /Game/MAPS/UEDPIE_0_Main_Menu.Main_Menu (0.008315s)
[2026.04.03-07.06.17:842][114]LogUObjectHash: Compacting FUObjectHashTables data took   3.71ms
[2026.04.03-07.06.17:843][114]LogAudio: Display: Creating Audio Device:                 Id: 4, Scope: Unique, Realtime: True
[2026.04.03-07.06.17:843][114]LogAudioMixer: Display: Audio Mixer Platform Settings:
[2026.04.03-07.06.17:843][114]LogAudioMixer: Display: 	Sample Rate:						  48000
[2026.04.03-07.06.17:843][114]LogAudioMixer: Display: 	Callback Buffer Frame Size Requested: 1024
[2026.04.03-07.06.17:843][114]LogAudioMixer: Display: 	Callback Buffer Frame Size To Use:	  1024
[2026.04.03-07.06.17:843][114]LogAudioMixer: Display: 	Number of buffers to queue:			  2
[2026.04.03-07.06.17:843][114]LogAudioMixer: Display: 	Max Channels (voices):				  32
[2026.04.03-07.06.17:843][114]LogAudioMixer: Display: 	Number of Async Source Workers:		  0
[2026.04.03-07.06.17:843][114]LogAudio: Display: AudioDevice MaxSources: 32
[2026.04.03-07.06.17:844][114]LogAudio: Display: Audio Spatialization Plugin: None (built-in).
[2026.04.03-07.06.17:844][114]LogAudio: Display: Audio Reverb Plugin: None (built-in).
[2026.04.03-07.06.17:844][114]LogAudio: Display: Audio Occlusion Plugin: None (built-in).
[2026.04.03-07.06.17:844][114]LogAudioMixer: Display: Initializing audio mixer.
[2026.04.03-07.06.17:849][114]LogAudioMixer: Display: 0: FrontLeft
[2026.04.03-07.06.17:849][114]LogAudioMixer: Display: 1: FrontRight
[2026.04.03-07.06.17:877][114]LogAudioMixer: Display: Using Audio Device Headphones (Realtek(R) Audio)
[2026.04.03-07.06.17:877][114]LogAudioMixer: Display: Initializing Sound Submixes...
[2026.04.03-07.06.17:877][114]LogAudioMixer: Display: Creating Master Submix 'MasterSubmixDefault'
[2026.04.03-07.06.17:877][114]LogAudioMixer: Display: Creating Master Submix 'MasterReverbSubmixDefault'
[2026.04.03-07.06.17:878][114]LogAudioMixer: Display: Creating Master Submix 'MasterEQSubmixDefault'
[2026.04.03-07.06.17:878][114]LogAudioMixer: FMixerPlatformXAudio2::StartAudioStream() called
[2026.04.03-07.06.17:878][114]LogAudioMixer: Display: Output buffers initialized: Frames=1024, Channels=2, Samples=2048
[2026.04.03-07.06.17:879][114]LogAudioMixer: Display: Starting AudioMixerPlatformInterface::RunInternal()
[2026.04.03-07.06.17:879][114]LogAudioMixer: Display: FMixerPlatformXAudio2::SubmitBuffer() called for the first time
[2026.04.03-07.06.17:879][114]LogInit: FAudioDevice initialized.
[2026.04.03-07.06.17:879][114]LogAudio: Display: Audio Device (ID: 4) registered with world 'Main_Menu'.
[2026.04.03-07.06.17:923][114]LogSlate: Updating window title bar state: overlay mode, drag disabled, window buttons hidden, title bar hidden
[2026.04.03-07.06.17:924][114]LogLoad: Game class is 'FirstPersonGameMode_C'
[2026.04.03-07.06.17:927][114]LogWorld: Bringing World /Game/MAPS/UEDPIE_0_Main_Menu.Main_Menu up for play (max tick rate 0) at 2026.04.03-10.06.17
[2026.04.03-07.06.17:927][114]LogWorld: Bringing up level for play took: 0.002797
[2026.04.03-07.06.17:927][114]LogOnline: OSS: Creating online subsystem instance for: :Context_7
[2026.04.03-07.06.17:932][114]LogNet: ReplicationDriverClass is null! Not using ReplicationDriver.
[2026.04.03-07.06.17:932][114]LogNetCore: DDoS detection status: detection enabled: 0 analytics enabled: 0
[2026.04.03-07.06.17:932][114]LogInit: WinSock: Socket queue. Rx: 131072 (config 131072) Tx: 131072 (config 131072)
[2026.04.03-07.06.17:932][114]LogNet: Created socket for bind address: 0.0.0.0 on port 17777
[2026.04.03-07.06.17:932][114]PacketHandlerLog: Loaded PacketHandler component: Engine.EngineHandlerComponentFactory (StatelessConnectHandlerComponent)
[2026.04.03-07.06.17:932][114]LogNet: GameNetDriver IpNetDriver_3 IpNetDriver listening on port 17777
[2026.04.03-07.06.17:937][114]PIE: Server logged in
[2026.04.03-07.06.17:940][114]PIE: Play in editor total start time 0,158 seconds.
[2026.04.03-07.06.17:941][114]LogAudio: Display: Creating Audio Device:                 Id: 5, Scope: Unique, Realtime: True
[2026.04.03-07.06.17:941][114]LogAudioMixer: Display: Audio Mixer Platform Settings:
[2026.04.03-07.06.17:941][114]LogAudioMixer: Display: 	Sample Rate:						  48000
[2026.04.03-07.06.17:942][114]LogAudioMixer: Display: 	Callback Buffer Frame Size Requested: 1024
[2026.04.03-07.06.17:942][114]LogAudioMixer: Display: 	Callback Buffer Frame Size To Use:	  1024
[2026.04.03-07.06.17:942][114]LogAudioMixer: Display: 	Number of buffers to queue:			  2
[2026.04.03-07.06.17:942][114]LogAudioMixer: Display: 	Max Channels (voices):				  32
[2026.04.03-07.06.17:942][114]LogAudioMixer: Display: 	Number of Async Source Workers:		  0
[2026.04.03-07.06.17:942][114]LogAudio: Display: AudioDevice MaxSources: 32
[2026.04.03-07.06.17:942][114]LogAudio: Display: Audio Spatialization Plugin: None (built-in).
[2026.04.03-07.06.17:942][114]LogAudio: Display: Audio Reverb Plugin: None (built-in).
[2026.04.03-07.06.17:942][114]LogAudio: Display: Audio Occlusion Plugin: None (built-in).
[2026.04.03-07.06.17:942][114]LogAudioMixer: Display: Initializing audio mixer.
[2026.04.03-07.06.17:946][114]LogAudioMixer: Display: 0: FrontLeft
[2026.04.03-07.06.17:946][114]LogAudioMixer: Display: 1: FrontRight
[2026.04.03-07.06.17:955][114]LogAudioMixer: Display: Using Audio Device Headphones (Realtek(R) Audio)
[2026.04.03-07.06.17:956][114]LogAudioMixer: Display: Initializing Sound Submixes...
[2026.04.03-07.06.17:956][114]LogAudioMixer: Display: Creating Master Submix 'MasterSubmixDefault'
[2026.04.03-07.06.17:956][114]LogAudioMixer: Display: Creating Master Submix 'MasterReverbSubmixDefault'
[2026.04.03-07.06.17:957][114]LogAudioMixer: Display: Creating Master Submix 'MasterEQSubmixDefault'
[2026.04.03-07.06.17:957][114]LogAudioMixer: FMixerPlatformXAudio2::StartAudioStream() called
[2026.04.03-07.06.17:957][114]LogAudioMixer: Display: Output buffers initialized: Frames=1024, Channels=2, Samples=2048
[2026.04.03-07.06.17:958][114]LogAudioMixer: Display: Starting AudioMixerPlatformInterface::RunInternal()
[2026.04.03-07.06.17:958][114]LogAudioMixer: Display: FMixerPlatformXAudio2::SubmitBuffer() called for the first time
[2026.04.03-07.06.17:958][114]LogInit: FAudioDevice initialized.
[2026.04.03-07.06.17:958][114]LogAudio: Display: Audio Device (ID: 5) registered with world 'Untitled'.
[2026.04.03-07.06.17:991][114]LogSlate: Updating window title bar state: overlay mode, drag disabled, window buttons hidden, title bar hidden
[2026.04.03-07.06.17:992][114]LogNet: Browse: 127.0.0.1:17777/Game/StarterContent/Maps/Minimal_Default
[2026.04.03-07.06.17:992][114]LogInit: WinSock: Socket queue. Rx: 32768 (config 32768) Tx: 32768 (config 32768)
[2026.04.03-07.06.17:992][114]LogNet: Created socket for bind address: 0.0.0.0 on port 0
[2026.04.03-07.06.17:992][114]PacketHandlerLog: Loaded PacketHandler component: Engine.EngineHandlerComponentFactory (StatelessConnectHandlerComponent)
[2026.04.03-07.06.17:992][114]LogNet: Game client on port 17777, rate 100000
[2026.04.03-07.06.17:995][114]PIE: Client logged in
[2026.04.03-07.06.17:997][114]PIE: Play in editor total start time 0,215 seconds.
[2026.04.03-07.06.19:070][135]LogNet: NotifyAcceptingConnection accepted from: 127.0.0.1:53585
[2026.04.03-07.06.19:070][135]LogHandshake: SendConnectChallenge. Timestamp: 1.305921, Cookie: 151015081042044147234015197071002231111074065026081098242248
[2026.04.03-07.06.19:071][135]LogHandshake: SendChallengeResponse. Timestamp: 1.305921, Cookie: 151015081042044147234015197071002231111074065026081098242248
[2026.04.03-07.06.19:114][136]LogNet: NotifyAcceptingConnection accepted from: 127.0.0.1:53585
[2026.04.03-07.06.19:114][136]LogHandshake: SendChallengeAck. InCookie: 151015081042044147234015197071002231111074065026081098242248
[2026.04.03-07.06.19:115][136]LogNet: Server accepting post-challenge connection from: 127.0.0.1:53585
[2026.04.03-07.06.19:115][136]PacketHandlerLog: Loaded PacketHandler component: Engine.EngineHandlerComponentFactory (StatelessConnectHandlerComponent)
[2026.04.03-07.06.19:115][136]LogNet: NotifyAcceptedConnection: Name: Main_Menu, TimeStamp: 04/03/26 10:06:19, [UNetConnection] RemoteAddr: 127.0.0.1:53585, Name: IpConnection_3, Driver: GameNetDriver IpNetDriver_3, IsServer: YES, PC: NULL, Owner: NULL, UniqueId: INVALID
[2026.04.03-07.06.19:115][136]LogNet: AddClientConnection: Added client connection: [UNetConnection] RemoteAddr: 127.0.0.1:53585, Name: IpConnection_3, Driver: GameNetDriver IpNetDriver_3, IsServer: YES, PC: NULL, Owner: NULL, UniqueId: INVALID
[2026.04.03-07.06.19:117][136]LogNet: UPendingNetGame::SendInitialJoin: Sending hello. [UNetConnection] RemoteAddr: 127.0.0.1:17777, Name: IpConnection_2, Driver: PendingNetDriver IpNetDriver_4, IsServer: NO, PC: NULL, Owner: NULL, UniqueId: INVALID
[2026.04.03-07.06.19:157][137]LogNet: NotifyAcceptingChannel Control 0 server World /Game/MAPS/UEDPIE_0_Main_Menu.Main_Menu: Accepted
[2026.04.03-07.06.19:157][137]LogNet: Remote platform little endian=1
[2026.04.03-07.06.19:157][137]LogNet: This platform little endian=1
[2026.04.03-07.06.19:159][137]LogOnline: OSS: Creating online subsystem instance for: :Context_8
[2026.04.03-07.06.19:205][138]LogNet: Login request: ?Name=WIN-O5Q6NLQMTLB-DCE3031C47849890FBC84FAFDB10C073 userId: NULL:WIN-O5Q6NLQMTLB-DCE3031C47849890FBC84FAFDB10C073 platform: NULL
[2026.04.03-07.06.19:206][138]LogNet: Welcomed by server (Level: /Game/MAPS/UEDPIE_0_Main_Menu, Game: /Game/FirstPerson/FirstPersonBP/Blueprints/FirstPersonGameMode.FirstPersonGameMode_C)
[2026.04.03-07.06.19:206][138]LogLoad: LoadMap: 127.0.0.1:17777/Game/MAPS/UEDPIE_0_Main_Menu?game=/Game/FirstPerson/FirstPersonBP/Blueprints/FirstPersonGameMode.FirstPersonGameMode_C
[2026.04.03-07.06.19:206][138]LogWorld: BeginTearingDown for /Temp/Untitled_2
[2026.04.03-07.06.19:207][138]LogWorld: UWorld::CleanupWorld for Untitled, bSessionEnded=true, bCleanupResources=true
[2026.04.03-07.06.19:207][138]LogSlate: InvalidateAllWidgets triggered.  All widgets were invalidated
[2026.04.03-07.06.19:235][138]LogAudio: Display: Audio Device unregistered from world 'None'.
[2026.04.03-07.06.19:250][138]LogUObjectHash: Compacting FUObjectHashTables data took   3.33ms
[2026.04.03-07.06.19:259][138]LogAudio: Display: Audio Device (ID: 5) registered with world 'Main_Menu'.
[2026.04.03-07.06.19:260][138]LogAIModule: Creating AISystem for world Main_Menu
[2026.04.03-07.06.19:263][138]LogWorld: Bringing World /Game/MAPS/UEDPIE_1_Main_Menu.Main_Menu up for play (max tick rate 0) at 2026.04.03-10.06.19
[2026.04.03-07.06.19:264][138]LogWorld: Bringing up level for play took: 0.002058
[2026.04.03-07.06.19:265][138]LogLoad: Took 0.057640 seconds to LoadMap(/Game/MAPS/UEDPIE_0_Main_Menu)
[2026.04.03-07.06.19:265][138]LogNavigation: Warning: NavData RegistrationFailed_DataPendingKill.
[2026.04.03-07.06.19:377][139]LogNet: Client netspeed is 100000
[2026.04.03-07.06.19:379][139]LogNet: Join request: /Game/StarterContent/Maps/Minimal_Default?Name=WIN-O5Q6NLQMTLB-DCE3031C47849890FBC84FAFDB10C073?SplitscreenCount=1
[2026.04.03-07.06.19:379][139]LogOnlineSession: Warning: OSS: No game present to join for session (GameSession)
[2026.04.03-07.06.19:382][139]LogNet: Join succeeded: WIN-O5Q6NLQMTLB-DCE3
[2026.04.03-07.06.19:425][140]LogOnlineSession: Warning: OSS: No game present to join for session (GameSession)
[2026.04.03-07.06.19:479][141]LogOnlineSession: Warning: OSS: No game present to join for session (GameSession)
[2026.04.03-07.06.22:738][198]LogNet: Browse: /Game/MAPS/MP_Lobby??listen
[2026.04.03-07.06.22:738][198]LogLoad: LoadMap: /Game/MAPS/MP_Lobby??listen
[2026.04.03-07.06.22:738][198]LogWorld: BeginTearingDown for /Game/MAPS/UEDPIE_1_Main_Menu
[2026.04.03-07.06.22:738][198]LogNet: World NetDriver shutdown IpNetDriver_4 [GameNetDriver]
[2026.04.03-07.06.22:739][198]LogNet: DestroyNamedNetDriver IpNetDriver_4 [GameNetDriver]
[2026.04.03-07.06.22:739][198]LogNet: UNetConnection::Close: [UNetConnection] RemoteAddr: 127.0.0.1:17777, Name: IpConnection_2, Driver: GameNetDriver IpNetDriver_4, IsServer: NO, PC: PlayerController_1, Owner: PlayerController_1, UniqueId: NULL:WIN-O5Q6NLQMTLB-DCE3031C47849890FBC84FAFDB10C073, Channels: 10, Time: 2026.04.03-07.06.22
[2026.04.03-07.06.22:739][198]LogNet: UChannel::Close: Sending CloseBunch. ChIndex == 0. Name: [UChannel] ChIndex: 0, Closing: 0 [UNetConnection] RemoteAddr: 127.0.0.1:17777, Name: IpConnection_2, Driver: GameNetDriver IpNetDriver_4, IsServer: NO, PC: PlayerController_1, Owner: PlayerController_1, UniqueId: NULL:WIN-O5Q6NLQMTLB-DCE3031C47849890FBC84FAFDB10C073
[2026.04.03-07.06.22:739][198]LogExit: GameNetDriver IpNetDriver_4 shut down
[2026.04.03-07.06.22:739][198]LogWorld: UWorld::CleanupWorld for Main_Menu, bSessionEnded=true, bCleanupResources=true
[2026.04.03-07.06.22:740][198]LogSlate: InvalidateAllWidgets triggered.  All widgets were invalidated
[2026.04.03-07.06.22:805][198]LogAudio: Display: Audio Device unregistered from world 'None'.
[2026.04.03-07.06.22:810][198]LogUObjectHash: Compacting FUObjectHashTables data took   2.42ms
[2026.04.03-07.06.22:823][198]LogAudio: Display: Audio Device (ID: 5) registered with world 'MP_Lobby'.
[2026.04.03-07.06.22:824][198]LogAIModule: Creating AISystem for world MP_Lobby
[2026.04.03-07.06.22:824][198]LogLoad: Game class is 'FirstPersonGameMode_C'
[2026.04.03-07.06.22:825][198]LogNet: ReplicationDriverClass is null! Not using ReplicationDriver.
[2026.04.03-07.06.22:825][198]LogNetCore: DDoS detection status: detection enabled: 0 analytics enabled: 0
[2026.04.03-07.06.22:825][198]LogInit: WinSock: Socket queue. Rx: 131072 (config 131072) Tx: 131072 (config 131072)
[2026.04.03-07.06.22:825][198]LogNet: Created socket for bind address: 0.0.0.0 on port 7777
[2026.04.03-07.06.22:825][198]PacketHandlerLog: Loaded PacketHandler component: Engine.EngineHandlerComponentFactory (StatelessConnectHandlerComponent)
[2026.04.03-07.06.22:825][198]LogNet: GameNetDriver IpNetDriver_5 IpNetDriver listening on port 7777
[2026.04.03-07.06.22:827][198]LogWorld: Bringing World /Game/MAPS/UEDPIE_1_MP_Lobby.MP_Lobby up for play (max tick rate 0) at 2026.04.03-10.06.22
[2026.04.03-07.06.22:827][198]LogWorld: Bringing up level for play took: 0.001426
[2026.04.03-07.06.22:829][198]LogLoad: Took 0.091188 seconds to LoadMap(/Game/MAPS/MP_Lobby)
[2026.04.03-07.06.23:064][199]LogNet: UChannel::ReceivedSequencedBunch: Bunch.bClose == true. ChIndex == 0. Calling ConditionalCleanUp.
[2026.04.03-07.06.23:064][199]LogNet: UChannel::CleanUp: ChIndex == 0. Closing connection. [UChannel] ChIndex: 0, Closing: 0 [UNetConnection] RemoteAddr: 127.0.0.1:53585, Name: IpConnection_3, Driver: GameNetDriver IpNetDriver_3, IsServer: YES, PC: PlayerController_1, Owner: PlayerController_1, UniqueId: NULL:WIN-O5Q6NLQMTLB-DCE3031C47849890FBC84FAFDB10C073
[2026.04.03-07.06.23:064][199]LogNet: UNetConnection::Close: [UNetConnection] RemoteAddr: 127.0.0.1:53585, Name: IpConnection_3, Driver: GameNetDriver IpNetDriver_3, IsServer: YES, PC: PlayerController_1, Owner: PlayerController_1, UniqueId: NULL:WIN-O5Q6NLQMTLB-DCE3031C47849890FBC84FAFDB10C073, Channels: 10, Time: 2026.04.03-07.06.23
[2026.04.03-07.06.23:064][199]LogNet: UChannel::Close: Sending CloseBunch. ChIndex == 0. Name: [UChannel] ChIndex: 0, Closing: 0 [UNetConnection] RemoteAddr: 127.0.0.1:53585, Name: IpConnection_3, Driver: GameNetDriver IpNetDriver_3, IsServer: YES, PC: PlayerController_1, Owner: PlayerController_1, UniqueId: NULL:WIN-O5Q6NLQMTLB-DCE3031C47849890FBC84FAFDB10C073
[2026.04.03-07.06.23:067][199]LogOnlineSession: Warning: OSS: No game present to leave for session (GameSession)
[2026.04.03-07.06.30:342][314]LogBlueprintUserMessages: [SERVER_LIST_C_0] Server: GOOD
[2026.04.03-07.06.39:971][463]LogOnlineSession: Warning: OSS: Ignoring game search request while one is pending
[2026.04.03-07.06.40:161][467]LogOnlineSession: Warning: OSS: Ignoring game search request while one is pending
[2026.04.03-07.06.40:347][471]LogOnlineSession: Warning: OSS: Ignoring game search request while one is pending
[2026.04.03-07.06.40:489][474]LogOnlineSession: Warning: OSS: Ignoring game search request while one is pending
[2026.04.03-07.06.40:625][477]LogOnlineSession: Warning: OSS: Ignoring game search request while one is pending
[2026.04.03-07.06.40:811][481]LogOnlineSession: Warning: OSS: Ignoring game search request while one is pending
[2026.04.03-07.06.40:946][484]LogOnlineSession: Warning: OSS: Ignoring game search request while one is pending
[2026.04.03-07.06.41:134][488]LogOnlineSession: Warning: OSS: Ignoring game search request while one is pending
[2026.04.03-07.06.41:750][500]LogSlate: Updating window title bar state: overlay mode, drag disabled, window buttons hidden, title bar hidden
[2026.04.03-07.06.41:751][500]LogWorld: BeginTearingDown for /Game/MAPS/UEDPIE_1_MP_Lobby
[2026.04.03-07.06.41:751][500]LogSlate: Window 'Playtime_Multiplayer Preview [NetMode: Client 1]  (64-bit/Windows) ' being destroyed
[2026.04.03-07.06.41:757][500]LogWorld: UWorld::CleanupWorld for MP_Lobby, bSessionEnded=true, bCleanupResources=true
[2026.04.03-07.06.41:757][500]LogSlate: InvalidateAllWidgets triggered.  All widgets were invalidated
[2026.04.03-07.06.41:783][500]LogNet: World NetDriver shutdown IpNetDriver_5 [GameNetDriver]
[2026.04.03-07.06.41:784][500]LogNet: DestroyNamedNetDriver IpNetDriver_5 [GameNetDriver]
[2026.04.03-07.06.41:784][500]LogExit: GameNetDriver IpNetDriver_5 shut down
[2026.04.03-07.06.41:784][500]LogWorld: BeginTearingDown for /Game/MAPS/UEDPIE_0_Main_Menu
[2026.04.03-07.06.41:785][500]LogOnlineSession: Warning: OSS: No game present to leave for session (GameSession)
[2026.04.03-07.06.41:785][500]LogSlate: Updating window title bar state: overlay mode, drag disabled, window buttons hidden, title bar hidden
[2026.04.03-07.06.41:785][500]LogSlate: Window 'Playtime_Multiplayer Preview [NetMode: Server]  (64-bit/Windows) ' being destroyed
[2026.04.03-07.06.41:793][500]LogWorld: UWorld::CleanupWorld for Main_Menu, bSessionEnded=true, bCleanupResources=true
[2026.04.03-07.06.41:794][500]LogSlate: InvalidateAllWidgets triggered.  All widgets were invalidated
[2026.04.03-07.06.41:801][500]LogNet: World NetDriver shutdown IpNetDriver_3 [GameNetDriver]
[2026.04.03-07.06.41:801][500]LogNet: DestroyNamedNetDriver IpNetDriver_3 [GameNetDriver]
[2026.04.03-07.06.41:801][500]LogExit: GameNetDriver IpNetDriver_3 shut down
[2026.04.03-07.06.41:801][500]LogPlayLevel: Display: Shutting down PIE online subsystems
[2026.04.03-07.06.41:807][500]LogSlate: InvalidateAllWidgets triggered.  All widgets were invalidated
[2026.04.03-07.06.41:830][500]LogAudioMixer: FMixerPlatformXAudio2::StopAudioStream() called
[2026.04.03-07.06.41:831][500]LogAudioMixer: FMixerPlatformXAudio2::StopAudioStream() called
[2026.04.03-07.06.41:834][500]LogAudio: Display: Audio Device unregistered from world 'None'.
[2026.04.03-07.06.41:834][500]LogAudioMixer: FMixerPlatformXAudio2::StopAudioStream() called
[2026.04.03-07.06.41:835][500]LogAudioMixer: FMixerPlatformXAudio2::StopAudioStream() called
[2026.04.03-07.06.41:842][500]LogUObjectHash: Compacting FUObjectHashTables data took   2.59ms
[2026.04.03-07.06.41:864][501]LogPlayLevel: Display: Destroying online subsystem :Context_8
[2026.04.03-07.06.41:864][501]LogPlayLevel: Display: Destroying online subsystem :Context_7
[2026.04.03-07.06.48:149][758]BlueprintLog: New page: Compile SERVER
[2026.04.03-07.06.48:183][758]LogUObjectHash: Compacting FUObjectHashTables data took   2.51ms
[2026.04.03-07.06.49:487][807]Cmd: OBJ SAVEPACKAGE PACKAGE="/Game/MULTIPLAYER/SERVER" FILE="../../../../../../Users/User/Documents/Unreal Projects/Playtime_Multiplayer/Content/MULTIPLAYER/SERVER.uasset" SILENT=true
[2026.04.03-07.06.49:507][807]LogSavePackage: Moving '../../../../../../Users/User/Documents/Unreal Projects/Playtime_Multiplayer/Saved/SERVERBF535CD647F620DDCC94C994A9208D91.tmp' to '../../../../../../Users/User/Documents/Unreal Projects/Playtime_Multiplayer/Content/MULTIPLAYER/SERVER.uasset'
[2026.04.03-07.06.49:523][807]AssetCheck: New page: Asset Save: SERVER
[2026.04.03-07.06.49:523][807]LogContentValidation: Display: Validating WidgetBlueprint /Game/MULTIPLAYER/SERVER.SERVER
[2026.04.03-07.06.53:309][992]LogSlate: Window 'SERVER' being destroyed
[2026.04.03-07.06.53:319][992]LogSlate: Window 'SERVER' being destroyed
[2026.04.03-07.06.53:323][992]LogWorld: UWorld::CleanupWorld for World_3, bSessionEnded=true, bCleanupResources=true
[2026.04.03-07.06.53:323][992]LogSlate: InvalidateAllWidgets triggered.  All widgets were invalidated
[2026.04.03-07.06.53:329][992]LogWorld: UWorld::CleanupWorld for World_2, bSessionEnded=true, bCleanupResources=true
[2026.04.03-07.06.53:330][992]LogSlate: InvalidateAllWidgets triggered.  All widgets were invalidated
[2026.04.03-07.06.56:932][151]LogAssetEditorSubsystem: Opening Asset editor for WidgetBlueprint /Game/MULTIPLAYER/SERVER_LIST.SERVER_LIST
[2026.04.03-07.07.32:033][353]BlueprintLog: New page: Compile SERVER_LIST
[2026.04.03-07.07.32:077][353]LogUObjectHash: Compacting FUObjectHashTables data took   3.36ms
[2026.04.03-07.07.33:616][412]LogTemp: Repeating last play command: New Editor Window (PIE)
[2026.04.03-07.07.33:622][412]LogPlayLevel: PlayLevel: No blueprints needed recompiling
[2026.04.03-07.07.33:622][412]PIE: New page: PIE session: Main_Menu (3 апр. 2026 г., 13:07:33)
[2026.04.03-07.07.33:622][412]LogPlayLevel: Creating play world package: /Game/MAPS/UEDPIE_0_Main_Menu
[2026.04.03-07.07.33:627][412]LogPlayLevel: PIE: StaticDuplicateObject took: (0.004539s)
[2026.04.03-07.07.33:628][412]LogAIModule: Creating AISystem for world Main_Menu
[2026.04.03-07.07.33:629][412]LogPlayLevel: PIE: World Init took: (0.001645s)
[2026.04.03-07.07.33:629][412]LogPlayLevel: PIE: Created PIE world by copying editor world from /Game/MAPS/Main_Menu.Main_Menu to /Game/MAPS/UEDPIE_0_Main_Menu.Main_Menu (0.006316s)
[2026.04.03-07.07.33:652][412]LogUObjectHash: Compacting FUObjectHashTables data took   2.76ms
[2026.04.03-07.07.33:652][412]LogAudio: Display: Creating Audio Device:                 Id: 6, Scope: Unique, Realtime: True
[2026.04.03-07.07.33:653][412]LogAudioMixer: Display: Audio Mixer Platform Settings:
[2026.04.03-07.07.33:653][412]LogAudioMixer: Display: 	Sample Rate:						  48000
[2026.04.03-07.07.33:653][412]LogAudioMixer: Display: 	Callback Buffer Frame Size Requested: 1024
[2026.04.03-07.07.33:653][412]LogAudioMixer: Display: 	Callback Buffer Frame Size To Use:	  1024
[2026.04.03-07.07.33:653][412]LogAudioMixer: Display: 	Number of buffers to queue:			  2
[2026.04.03-07.07.33:653][412]LogAudioMixer: Display: 	Max Channels (voices):				  32
[2026.04.03-07.07.33:653][412]LogAudioMixer: Display: 	Number of Async Source Workers:		  0
[2026.04.03-07.07.33:653][412]LogAudio: Display: AudioDevice MaxSources: 32
[2026.04.03-07.07.33:653][412]LogAudio: Display: Audio Spatialization Plugin: None (built-in).
[2026.04.03-07.07.33:653][412]LogAudio: Display: Audio Reverb Plugin: None (built-in).
[2026.04.03-07.07.33:653][412]LogAudio: Display: Audio Occlusion Plugin: None (built-in).
[2026.04.03-07.07.33:653][412]LogAudioMixer: Display: Initializing audio mixer.
[2026.04.03-07.07.33:657][412]LogAudioMixer: Display: 0: FrontLeft
[2026.04.03-07.07.33:657][412]LogAudioMixer: Display: 1: FrontRight
[2026.04.03-07.07.33:682][412]LogAudioMixer: Display: Using Audio Device Headphones (Realtek(R) Audio)
[2026.04.03-07.07.33:682][412]LogAudioMixer: Display: Initializing Sound Submixes...
[2026.04.03-07.07.33:682][412]LogAudioMixer: Display: Creating Master Submix 'MasterSubmixDefault'
[2026.04.03-07.07.33:683][412]LogAudioMixer: Display: Creating Master Submix 'MasterReverbSubmixDefault'
[2026.04.03-07.07.33:683][412]LogAudioMixer: Display: Creating Master Submix 'MasterEQSubmixDefault'
[2026.04.03-07.07.33:683][412]LogAudioMixer: FMixerPlatformXAudio2::StartAudioStream() called
[2026.04.03-07.07.33:683][412]LogAudioMixer: Display: Output buffers initialized: Frames=1024, Channels=2, Samples=2048
[2026.04.03-07.07.33:685][412]LogAudioMixer: Display: Starting AudioMixerPlatformInterface::RunInternal()
[2026.04.03-07.07.33:685][412]LogAudioMixer: Display: FMixerPlatformXAudio2::SubmitBuffer() called for the first time
[2026.04.03-07.07.33:685][412]LogInit: FAudioDevice initialized.
[2026.04.03-07.07.33:685][412]LogAudio: Display: Audio Device (ID: 6) registered with world 'Main_Menu'.
[2026.04.03-07.07.33:730][412]LogSlate: Updating window title bar state: overlay mode, drag disabled, window buttons hidden, title bar hidden
[2026.04.03-07.07.33:730][412]LogLoad: Game class is 'FirstPersonGameMode_C'
[2026.04.03-07.07.33:733][412]LogWorld: Bringing World /Game/MAPS/UEDPIE_0_Main_Menu.Main_Menu up for play (max tick rate 0) at 2026.04.03-10.07.33
[2026.04.03-07.07.33:734][412]LogWorld: Bringing up level for play took: 0.002729
[2026.04.03-07.07.33:734][412]LogOnline: OSS: Creating online subsystem instance for: :Context_11
[2026.04.03-07.07.33:738][412]LogNet: ReplicationDriverClass is null! Not using ReplicationDriver.
[2026.04.03-07.07.33:738][412]LogNetCore: DDoS detection status: detection enabled: 0 analytics enabled: 0
[2026.04.03-07.07.33:738][412]LogInit: WinSock: Socket queue. Rx: 131072 (config 131072) Tx: 131072 (config 131072)
[2026.04.03-07.07.33:738][412]LogNet: Created socket for bind address: 0.0.0.0 on port 17777
[2026.04.03-07.07.33:738][412]PacketHandlerLog: Loaded PacketHandler component: Engine.EngineHandlerComponentFactory (StatelessConnectHandlerComponent)
[2026.04.03-07.07.33:738][412]LogNet: GameNetDriver IpNetDriver_6 IpNetDriver listening on port 17777
[2026.04.03-07.07.33:741][412]PIE: Server logged in
[2026.04.03-07.07.33:743][412]PIE: Play in editor total start time 0,121 seconds.
[2026.04.03-07.07.33:745][412]LogAudio: Display: Creating Audio Device:                 Id: 7, Scope: Unique, Realtime: True
[2026.04.03-07.07.33:745][412]LogAudioMixer: Display: Audio Mixer Platform Settings:
[2026.04.03-07.07.33:745][412]LogAudioMixer: Display: 	Sample Rate:						  48000
[2026.04.03-07.07.33:745][412]LogAudioMixer: Display: 	Callback Buffer Frame Size Requested: 1024
[2026.04.03-07.07.33:745][412]LogAudioMixer: Display: 	Callback Buffer Frame Size To Use:	  1024
[2026.04.03-07.07.33:745][412]LogAudioMixer: Display: 	Number of buffers to queue:			  2
[2026.04.03-07.07.33:745][412]LogAudioMixer: Display: 	Max Channels (voices):				  32
[2026.04.03-07.07.33:745][412]LogAudioMixer: Display: 	Number of Async Source Workers:		  0
[2026.04.03-07.07.33:745][412]LogAudio: Display: AudioDevice MaxSources: 32
[2026.04.03-07.07.33:746][412]LogAudio: Display: Audio Spatialization Plugin: None (built-in).
[2026.04.03-07.07.33:746][412]LogAudio: Display: Audio Reverb Plugin: None (built-in).
[2026.04.03-07.07.33:746][412]LogAudio: Display: Audio Occlusion Plugin: None (built-in).
[2026.04.03-07.07.33:746][412]LogAudioMixer: Display: Initializing audio mixer.
[2026.04.03-07.07.33:749][412]LogAudioMixer: Display: 0: FrontLeft
[2026.04.03-07.07.33:749][412]LogAudioMixer: Display: 1: FrontRight
[2026.04.03-07.07.33:757][412]LogAudioMixer: Display: Using Audio Device Headphones (Realtek(R) Audio)
[2026.04.03-07.07.33:757][412]LogAudioMixer: Display: Initializing Sound Submixes...
[2026.04.03-07.07.33:757][412]LogAudioMixer: Display: Creating Master Submix 'MasterSubmixDefault'
[2026.04.03-07.07.33:759][412]LogAudioMixer: Display: Creating Master Submix 'MasterReverbSubmixDefault'
[2026.04.03-07.07.33:759][412]LogAudioMixer: Display: Creating Master Submix 'MasterEQSubmixDefault'
[2026.04.03-07.07.33:759][412]LogAudioMixer: FMixerPlatformXAudio2::StartAudioStream() called
[2026.04.03-07.07.33:759][412]LogAudioMixer: Display: Output buffers initialized: Frames=1024, Channels=2, Samples=2048
[2026.04.03-07.07.33:761][412]LogAudioMixer: Display: Starting AudioMixerPlatformInterface::RunInternal()
[2026.04.03-07.07.33:761][412]LogAudioMixer: Display: FMixerPlatformXAudio2::SubmitBuffer() called for the first time
[2026.04.03-07.07.33:761][412]LogInit: FAudioDevice initialized.
[2026.04.03-07.07.33:761][412]LogAudio: Display: Audio Device (ID: 7) registered with world 'Untitled'.
[2026.04.03-07.07.33:814][412]LogSlate: Updating window title bar state: overlay mode, drag disabled, window buttons hidden, title bar hidden
[2026.04.03-07.07.33:814][412]LogNet: Browse: 127.0.0.1:17777/Game/StarterContent/Maps/Minimal_Default
[2026.04.03-07.07.33:814][412]LogInit: WinSock: Socket queue. Rx: 32768 (config 32768) Tx: 32768 (config 32768)
[2026.04.03-07.07.33:814][412]LogNet: Created socket for bind address: 0.0.0.0 on port 0
[2026.04.03-07.07.33:815][412]PacketHandlerLog: Loaded PacketHandler component: Engine.EngineHandlerComponentFactory (StatelessConnectHandlerComponent)
[2026.04.03-07.07.33:815][412]LogNet: Game client on port 17777, rate 100000
[2026.04.03-07.07.33:817][412]PIE: Client logged in
[2026.04.03-07.07.33:820][412]PIE: Play in editor total start time 0,198 seconds.
[2026.04.03-07.07.34:861][437]LogNet: NotifyAcceptingConnection accepted from: 127.0.0.1:60273
[2026.04.03-07.07.34:861][437]LogHandshake: SendConnectChallenge. Timestamp: 1.255878, Cookie: 148130193237146213051022070174164242137112139208003065065197
[2026.04.03-07.07.34:862][437]LogHandshake: SendChallengeResponse. Timestamp: 1.255878, Cookie: 148130193237146213051022070174164242137112139208003065065197
[2026.04.03-07.07.34:898][438]LogNet: NotifyAcceptingConnection accepted from: 127.0.0.1:60273
[2026.04.03-07.07.34:898][438]LogHandshake: SendChallengeAck. InCookie: 148130193237146213051022070174164242137112139208003065065197
[2026.04.03-07.07.34:898][438]LogNet: Server accepting post-challenge connection from: 127.0.0.1:60273
[2026.04.03-07.07.34:898][438]PacketHandlerLog: Loaded PacketHandler component: Engine.EngineHandlerComponentFactory (StatelessConnectHandlerComponent)
[2026.04.03-07.07.34:898][438]LogNet: NotifyAcceptedConnection: Name: Main_Menu, TimeStamp: 04/03/26 10:07:34, [UNetConnection] RemoteAddr: 127.0.0.1:60273, Name: IpConnection_5, Driver: GameNetDriver IpNetDriver_6, IsServer: YES, PC: NULL, Owner: NULL, UniqueId: INVALID
[2026.04.03-07.07.34:898][438]LogNet: AddClientConnection: Added client connection: [UNetConnection] RemoteAddr: 127.0.0.1:60273, Name: IpConnection_5, Driver: GameNetDriver IpNetDriver_6, IsServer: YES, PC: NULL, Owner: NULL, UniqueId: INVALID
[2026.04.03-07.07.34:900][438]LogNet: UPendingNetGame::SendInitialJoin: Sending hello. [UNetConnection] RemoteAddr: 127.0.0.1:17777, Name: IpConnection_4, Driver: PendingNetDriver IpNetDriver_7, IsServer: NO, PC: NULL, Owner: NULL, UniqueId: INVALID
[2026.04.03-07.07.34:935][439]LogNet: NotifyAcceptingChannel Control 0 server World /Game/MAPS/UEDPIE_0_Main_Menu.Main_Menu: Accepted
[2026.04.03-07.07.34:935][439]LogNet: Remote platform little endian=1
[2026.04.03-07.07.34:935][439]LogNet: This platform little endian=1
[2026.04.03-07.07.34:937][439]LogOnline: OSS: Creating online subsystem instance for: :Context_12
[2026.04.03-07.07.34:970][440]LogNet: Login request: ?Name=WIN-O5Q6NLQMTLB-7630C157476CC52464B9C1AB3B2FF186 userId: NULL:WIN-O5Q6NLQMTLB-7630C157476CC52464B9C1AB3B2FF186 platform: NULL
[2026.04.03-07.07.34:972][440]LogNet: Welcomed by server (Level: /Game/MAPS/UEDPIE_0_Main_Menu, Game: /Game/FirstPerson/FirstPersonBP/Blueprints/FirstPersonGameMode.FirstPersonGameMode_C)
[2026.04.03-07.07.34:972][440]LogLoad: LoadMap: 127.0.0.1:17777/Game/MAPS/UEDPIE_0_Main_Menu?game=/Game/FirstPerson/FirstPersonBP/Blueprints/FirstPersonGameMode.FirstPersonGameMode_C
[2026.04.03-07.07.34:972][440]LogWorld: BeginTearingDown for /Temp/Untitled_3
[2026.04.03-07.07.34:972][440]LogWorld: UWorld::CleanupWorld for Untitled, bSessionEnded=true, bCleanupResources=true
[2026.04.03-07.07.34:972][440]LogSlate: InvalidateAllWidgets triggered.  All widgets were invalidated
[2026.04.03-07.07.34:999][440]LogAudio: Display: Audio Device unregistered from world 'None'.
[2026.04.03-07.07.35:011][440]LogUObjectHash: Compacting FUObjectHashTables data took   3.32ms
[2026.04.03-07.07.35:017][440]LogAudio: Display: Audio Device (ID: 7) registered with world 'Main_Menu'.
[2026.04.03-07.07.35:017][440]LogAIModule: Creating AISystem for world Main_Menu
[2026.04.03-07.07.35:019][440]LogWorld: Bringing World /Game/MAPS/UEDPIE_1_Main_Menu.Main_Menu up for play (max tick rate 0) at 2026.04.03-10.07.35
[2026.04.03-07.07.35:020][440]LogWorld: Bringing up level for play took: 0.001730
[2026.04.03-07.07.35:021][440]LogLoad: Took 0.048981 seconds to LoadMap(/Game/MAPS/UEDPIE_0_Main_Menu)
[2026.04.03-07.07.35:021][440]LogNavigation: Warning: NavData RegistrationFailed_DataPendingKill.
[2026.04.03-07.07.35:102][441]LogNet: Client netspeed is 100000
[2026.04.03-07.07.35:102][441]LogNet: Join request: /Game/StarterContent/Maps/Minimal_Default?Name=WIN-O5Q6NLQMTLB-7630C157476CC52464B9C1AB3B2FF186?SplitscreenCount=1
[2026.04.03-07.07.35:102][441]LogOnlineSession: Warning: OSS: No game present to join for session (GameSession)
[2026.04.03-07.07.35:105][441]LogNet: Join succeeded: WIN-O5Q6NLQMTLB-7630
[2026.04.03-07.07.35:143][442]LogOnlineSession: Warning: OSS: No game present to join for session (GameSession)
[2026.04.03-07.07.35:205][443]LogOnlineSession: Warning: OSS: No game present to join for session (GameSession)
[2026.04.03-07.07.37:626][477]LogNet: Browse: /Game/MAPS/MP_Lobby??listen
[2026.04.03-07.07.37:626][477]LogLoad: LoadMap: /Game/MAPS/MP_Lobby??listen
[2026.04.03-07.07.37:626][477]LogWorld: BeginTearingDown for /Game/MAPS/UEDPIE_1_Main_Menu
[2026.04.03-07.07.37:626][477]LogNet: World NetDriver shutdown IpNetDriver_7 [GameNetDriver]
[2026.04.03-07.07.37:626][477]LogNet: DestroyNamedNetDriver IpNetDriver_7 [GameNetDriver]
[2026.04.03-07.07.37:626][477]LogNet: UNetConnection::Close: [UNetConnection] RemoteAddr: 127.0.0.1:17777, Name: IpConnection_4, Driver: GameNetDriver IpNetDriver_7, IsServer: NO, PC: PlayerController_1, Owner: PlayerController_1, UniqueId: NULL:WIN-O5Q6NLQMTLB-7630C157476CC52464B9C1AB3B2FF186, Channels: 10, Time: 2026.04.03-07.07.37
[2026.04.03-07.07.37:626][477]LogNet: UChannel::Close: Sending CloseBunch. ChIndex == 0. Name: [UChannel] ChIndex: 0, Closing: 0 [UNetConnection] RemoteAddr: 127.0.0.1:17777, Name: IpConnection_4, Driver: GameNetDriver IpNetDriver_7, IsServer: NO, PC: PlayerController_1, Owner: PlayerController_1, UniqueId: NULL:WIN-O5Q6NLQMTLB-7630C157476CC52464B9C1AB3B2FF186
[2026.04.03-07.07.37:626][477]LogExit: GameNetDriver IpNetDriver_7 shut down
[2026.04.03-07.07.37:627][477]LogWorld: UWorld::CleanupWorld for Main_Menu, bSessionEnded=true, bCleanupResources=true
[2026.04.03-07.07.37:627][477]LogSlate: InvalidateAllWidgets triggered.  All widgets were invalidated
[2026.04.03-07.07.37:693][477]LogAudio: Display: Audio Device unregistered from world 'None'.
[2026.04.03-07.07.37:697][477]LogUObjectHash: Compacting FUObjectHashTables data took   2.29ms
[2026.04.03-07.07.37:707][477]LogAudio: Display: Audio Device (ID: 7) registered with world 'MP_Lobby'.
[2026.04.03-07.07.37:709][477]LogAIModule: Creating AISystem for world MP_Lobby
[2026.04.03-07.07.37:709][477]LogLoad: Game class is 'FirstPersonGameMode_C'
[2026.04.03-07.07.37:709][477]LogNet: ReplicationDriverClass is null! Not using ReplicationDriver.
[2026.04.03-07.07.37:709][477]LogNetCore: DDoS detection status: detection enabled: 0 analytics enabled: 0
[2026.04.03-07.07.37:709][477]LogInit: WinSock: Socket queue. Rx: 131072 (config 131072) Tx: 131072 (config 131072)
[2026.04.03-07.07.37:709][477]LogNet: Created socket for bind address: 0.0.0.0 on port 7777
[2026.04.03-07.07.37:710][477]PacketHandlerLog: Loaded PacketHandler component: Engine.EngineHandlerComponentFactory (StatelessConnectHandlerComponent)
[2026.04.03-07.07.37:710][477]LogNet: GameNetDriver IpNetDriver_8 IpNetDriver listening on port 7777
[2026.04.03-07.07.37:712][477]LogWorld: Bringing World /Game/MAPS/UEDPIE_1_MP_Lobby.MP_Lobby up for play (max tick rate 0) at 2026.04.03-10.07.37
[2026.04.03-07.07.37:712][477]LogWorld: Bringing up level for play took: 0.001458
[2026.04.03-07.07.37:714][477]LogLoad: Took 0.087893 seconds to LoadMap(/Game/MAPS/MP_Lobby)
[2026.04.03-07.07.38:370][478]LogNet: UChannel::ReceivedSequencedBunch: Bunch.bClose == true. ChIndex == 0. Calling ConditionalCleanUp.
[2026.04.03-07.07.38:370][478]LogNet: UChannel::CleanUp: ChIndex == 0. Closing connection. [UChannel] ChIndex: 0, Closing: 0 [UNetConnection] RemoteAddr: 127.0.0.1:60273, Name: IpConnection_5, Driver: GameNetDriver IpNetDriver_6, IsServer: YES, PC: PlayerController_1, Owner: PlayerController_1, UniqueId: NULL:WIN-O5Q6NLQMTLB-7630C157476CC52464B9C1AB3B2FF186
[2026.04.03-07.07.38:370][478]LogNet: UNetConnection::Close: [UNetConnection] RemoteAddr: 127.0.0.1:60273, Name: IpConnection_5, Driver: GameNetDriver IpNetDriver_6, IsServer: YES, PC: PlayerController_1, Owner: PlayerController_1, UniqueId: NULL:WIN-O5Q6NLQMTLB-7630C157476CC52464B9C1AB3B2FF186, Channels: 10, Time: 2026.04.03-07.07.38
[2026.04.03-07.07.38:370][478]LogNet: UChannel::Close: Sending CloseBunch. ChIndex == 0. Name: [UChannel] ChIndex: 0, Closing: 0 [UNetConnection] RemoteAddr: 127.0.0.1:60273, Name: IpConnection_5, Driver: GameNetDriver IpNetDriver_6, IsServer: YES, PC: PlayerController_1, Owner: PlayerController_1, UniqueId: NULL:WIN-O5Q6NLQMTLB-7630C157476CC52464B9C1AB3B2FF186
[2026.04.03-07.07.38:371][478]LogOnlineSession: Warning: OSS: No game present to leave for session (GameSession)
[2026.04.03-07.07.45:581][629]LogBlueprintUserMessages: [SERVER_LIST_C_0] Server: GOOD
[2026.04.03-07.07.48:006][681]LogOnlineSession: Warning: OSS: Ignoring game search request while one is pending
[2026.04.03-07.07.48:193][685]LogOnlineSession: Warning: OSS: Ignoring game search request while one is pending
[2026.04.03-07.07.48:417][690]LogOnlineSession: Warning: OSS: Ignoring game search request while one is pending
[2026.04.03-07.07.52:291][730]LogSlate: Updating window title bar state: overlay mode, drag disabled, window buttons hidden, title bar hidden
[2026.04.03-07.07.52:291][730]LogWorld: BeginTearingDown for /Game/MAPS/UEDPIE_1_MP_Lobby
[2026.04.03-07.07.52:291][730]LogSlate: Window 'Playtime_Multiplayer Preview [NetMode: Client 1]  (64-bit/Windows) ' being destroyed
[2026.04.03-07.07.52:325][730]LogWorld: UWorld::CleanupWorld for MP_Lobby, bSessionEnded=true, bCleanupResources=true
[2026.04.03-07.07.52:325][730]LogSlate: InvalidateAllWidgets triggered.  All widgets were invalidated
[2026.04.03-07.07.52:348][730]LogNet: World NetDriver shutdown IpNetDriver_8 [GameNetDriver]
[2026.04.03-07.07.52:348][730]LogNet: DestroyNamedNetDriver IpNetDriver_8 [GameNetDriver]
[2026.04.03-07.07.52:348][730]LogExit: GameNetDriver IpNetDriver_8 shut down
[2026.04.03-07.07.52:350][730]LogWorld: BeginTearingDown for /Game/MAPS/UEDPIE_0_Main_Menu
[2026.04.03-07.07.52:350][730]LogOnlineSession: Warning: OSS: No game present to leave for session (GameSession)
[2026.04.03-07.07.52:350][730]LogSlate: Updating window title bar state: overlay mode, drag disabled, window buttons hidden, title bar hidden
[2026.04.03-07.07.52:350][730]LogSlate: Window 'Playtime_Multiplayer Preview [NetMode: Server]  (64-bit/Windows) ' being destroyed
[2026.04.03-07.07.52:362][730]LogWorld: UWorld::CleanupWorld for Main_Menu, bSessionEnded=true, bCleanupResources=true
[2026.04.03-07.07.52:363][730]LogSlate: InvalidateAllWidgets triggered.  All widgets were invalidated
[2026.04.03-07.07.52:374][730]LogNet: World NetDriver shutdown IpNetDriver_6 [GameNetDriver]
[2026.04.03-07.07.52:374][730]LogNet: DestroyNamedNetDriver IpNetDriver_6 [GameNetDriver]
[2026.04.03-07.07.52:374][730]LogExit: GameNetDriver IpNetDriver_6 shut down
[2026.04.03-07.07.52:375][730]LogPlayLevel: Display: Shutting down PIE online subsystems
[2026.04.03-07.07.52:381][730]LogSlate: InvalidateAllWidgets triggered.  All widgets were invalidated
[2026.04.03-07.07.52:403][730]LogAudio: Display: Audio Device unregistered from world 'None'.
[2026.04.03-07.07.52:403][730]LogAudioMixer: FMixerPlatformXAudio2::StopAudioStream() called
[2026.04.03-07.07.52:405][730]LogAudioMixer: FMixerPlatformXAudio2::StopAudioStream() called
[2026.04.03-07.07.52:408][730]LogAudioMixer: FMixerPlatformXAudio2::StopAudioStream() called
[2026.04.03-07.07.52:409][730]LogAudioMixer: FMixerPlatformXAudio2::StopAudioStream() called
[2026.04.03-07.07.52:415][730]LogUObjectHash: Compacting FUObjectHashTables data took   2.47ms
[2026.04.03-07.07.52:447][731]LogPlayLevel: Display: Destroying online subsystem :Context_12
[2026.04.03-07.07.52:447][731]LogPlayLevel: Display: Destroying online subsystem :Context_11
[2026.04.03-07.08.16:941][897]BlueprintLog: New page: Compile SERVER_LIST
[2026.04.03-07.08.16:978][897]LogUObjectHash: Compacting FUObjectHashTables data took   2.73ms
[2026.04.03-07.08.19:669][  8]LogTemp: Repeating last play command: New Editor Window (PIE)
[2026.04.03-07.08.19:677][  8]LogPlayLevel: PlayLevel: No blueprints needed recompiling
[2026.04.03-07.08.19:677][  8]PIE: New page: PIE session: Main_Menu (3 апр. 2026 г., 13:08:19)
[2026.04.03-07.08.19:677][  8]LogPlayLevel: Creating play world package: /Game/MAPS/UEDPIE_0_Main_Menu
[2026.04.03-07.08.19:681][  8]LogPlayLevel: PIE: StaticDuplicateObject took: (0.005090s)
[2026.04.03-07.08.19:682][  8]LogAIModule: Creating AISystem for world Main_Menu
[2026.04.03-07.08.19:683][  8]LogPlayLevel: PIE: World Init took: (0.001139s)
[2026.04.03-07.08.19:683][  8]LogPlayLevel: PIE: Created PIE world by copying editor world from /Game/MAPS/Main_Menu.Main_Menu to /Game/MAPS/UEDPIE_0_Main_Menu.Main_Menu (0.006358s)
[2026.04.03-07.08.19:706][  8]LogUObjectHash: Compacting FUObjectHashTables data took   2.91ms
[2026.04.03-07.08.19:706][  8]LogAudio: Display: Creating Audio Device:                 Id: 8, Scope: Unique, Realtime: True
[2026.04.03-07.08.19:707][  8]LogAudioMixer: Display: Audio Mixer Platform Settings:
[2026.04.03-07.08.19:707][  8]LogAudioMixer: Display: 	Sample Rate:						  48000
[2026.04.03-07.08.19:707][  8]LogAudioMixer: Display: 	Callback Buffer Frame Size Requested: 1024
[2026.04.03-07.08.19:707][  8]LogAudioMixer: Display: 	Callback Buffer Frame Size To Use:	  1024
[2026.04.03-07.08.19:707][  8]LogAudioMixer: Display: 	Number of buffers to queue:			  2
[2026.04.03-07.08.19:707][  8]LogAudioMixer: Display: 	Max Channels (voices):				  32
[2026.04.03-07.08.19:707][  8]LogAudioMixer: Display: 	Number of Async Source Workers:		  0
[2026.04.03-07.08.19:707][  8]LogAudio: Display: AudioDevice MaxSources: 32
[2026.04.03-07.08.19:707][  8]LogAudio: Display: Audio Spatialization Plugin: None (built-in).
[2026.04.03-07.08.19:707][  8]LogAudio: Display: Audio Reverb Plugin: None (built-in).
[2026.04.03-07.08.19:707][  8]LogAudio: Display: Audio Occlusion Plugin: None (built-in).
[2026.04.03-07.08.19:707][  8]LogAudioMixer: Display: Initializing audio mixer.
[2026.04.03-07.08.19:711][  8]LogAudioMixer: Display: 0: FrontLeft
[2026.04.03-07.08.19:711][  8]LogAudioMixer: Display: 1: FrontRight
[2026.04.03-07.08.19:739][  8]LogAudioMixer: Display: Using Audio Device Headphones (Realtek(R) Audio)
[2026.04.03-07.08.19:739][  8]LogAudioMixer: Display: Initializing Sound Submixes...
[2026.04.03-07.08.19:739][  8]LogAudioMixer: Display: Creating Master Submix 'MasterSubmixDefault'
[2026.04.03-07.08.19:739][  8]LogAudioMixer: Display: Creating Master Submix 'MasterReverbSubmixDefault'
[2026.04.03-07.08.19:740][  8]LogAudioMixer: Display: Creating Master Submix 'MasterEQSubmixDefault'
[2026.04.03-07.08.19:740][  8]LogAudioMixer: FMixerPlatformXAudio2::StartAudioStream() called
[2026.04.03-07.08.19:740][  8]LogAudioMixer: Display: Output buffers initialized: Frames=1024, Channels=2, Samples=2048
[2026.04.03-07.08.19:741][  8]LogAudioMixer: Display: Starting AudioMixerPlatformInterface::RunInternal()
[2026.04.03-07.08.19:741][  8]LogAudioMixer: Display: FMixerPlatformXAudio2::SubmitBuffer() called for the first time
[2026.04.03-07.08.19:741][  8]LogInit: FAudioDevice initialized.
[2026.04.03-07.08.19:741][  8]LogAudio: Display: Audio Device (ID: 8) registered with world 'Main_Menu'.
[2026.04.03-07.08.19:765][  8]LogSlate: Updating window title bar state: overlay mode, drag disabled, window buttons hidden, title bar hidden
[2026.04.03-07.08.19:765][  8]LogLoad: Game class is 'FirstPersonGameMode_C'
[2026.04.03-07.08.19:767][  8]LogWorld: Bringing World /Game/MAPS/UEDPIE_0_Main_Menu.Main_Menu up for play (max tick rate 0) at 2026.04.03-10.08.19
[2026.04.03-07.08.19:769][  8]LogWorld: Bringing up level for play took: 0.002339
[2026.04.03-07.08.19:769][  8]LogOnline: OSS: Creating online subsystem instance for: :Context_13
[2026.04.03-07.08.19:772][  8]LogNet: ReplicationDriverClass is null! Not using ReplicationDriver.
[2026.04.03-07.08.19:772][  8]LogNetCore: DDoS detection status: detection enabled: 0 analytics enabled: 0
[2026.04.03-07.08.19:773][  8]LogInit: WinSock: Socket queue. Rx: 131072 (config 131072) Tx: 131072 (config 131072)
[2026.04.03-07.08.19:773][  8]LogNet: Created socket for bind address: 0.0.0.0 on port 17777
[2026.04.03-07.08.19:773][  8]PacketHandlerLog: Loaded PacketHandler component: Engine.EngineHandlerComponentFactory (StatelessConnectHandlerComponent)
[2026.04.03-07.08.19:773][  8]LogNet: GameNetDriver IpNetDriver_9 IpNetDriver listening on port 17777
[2026.04.03-07.08.19:776][  8]PIE: Server logged in
[2026.04.03-07.08.19:777][  8]PIE: Play in editor total start time 0,102 seconds.
[2026.04.03-07.08.19:779][  8]LogAudio: Display: Creating Audio Device:                 Id: 9, Scope: Unique, Realtime: True
[2026.04.03-07.08.19:779][  8]LogAudioMixer: Display: Audio Mixer Platform Settings:
[2026.04.03-07.08.19:779][  8]LogAudioMixer: Display: 	Sample Rate:						  48000
[2026.04.03-07.08.19:779][  8]LogAudioMixer: Display: 	Callback Buffer Frame Size Requested: 1024
[2026.04.03-07.08.19:779][  8]LogAudioMixer: Display: 	Callback Buffer Frame Size To Use:	  1024
[2026.04.03-07.08.19:779][  8]LogAudioMixer: Display: 	Number of buffers to queue:			  2
[2026.04.03-07.08.19:779][  8]LogAudioMixer: Display: 	Max Channels (voices):				  32
[2026.04.03-07.08.19:779][  8]LogAudioMixer: Display: 	Number of Async Source Workers:		  0
[2026.04.03-07.08.19:779][  8]LogAudio: Display: AudioDevice MaxSources: 32
[2026.04.03-07.08.19:779][  8]LogAudio: Display: Audio Spatialization Plugin: None (built-in).
[2026.04.03-07.08.19:779][  8]LogAudio: Display: Audio Reverb Plugin: None (built-in).
[2026.04.03-07.08.19:779][  8]LogAudio: Display: Audio Occlusion Plugin: None (built-in).
[2026.04.03-07.08.19:779][  8]LogAudioMixer: Display: Initializing audio mixer.
[2026.04.03-07.08.19:783][  8]LogAudioMixer: Display: 0: FrontLeft
[2026.04.03-07.08.19:783][  8]LogAudioMixer: Display: 1: FrontRight
[2026.04.03-07.08.19:792][  8]LogAudioMixer: Display: Using Audio Device Headphones (Realtek(R) Audio)
[2026.04.03-07.08.19:792][  8]LogAudioMixer: Display: Initializing Sound Submixes...
[2026.04.03-07.08.19:792][  8]LogAudioMixer: Display: Creating Master Submix 'MasterSubmixDefault'
[2026.04.03-07.08.19:792][  8]LogAudioMixer: Display: Creating Master Submix 'MasterReverbSubmixDefault'
[2026.04.03-07.08.19:793][  8]LogAudioMixer: Display: Creating Master Submix 'MasterEQSubmixDefault'
[2026.04.03-07.08.19:793][  8]LogAudioMixer: FMixerPlatformXAudio2::StartAudioStream() called
[2026.04.03-07.08.19:793][  8]LogAudioMixer: Display: Output buffers initialized: Frames=1024, Channels=2, Samples=2048
[2026.04.03-07.08.19:794][  8]LogAudioMixer: Display: Starting AudioMixerPlatformInterface::RunInternal()
[2026.04.03-07.08.19:794][  8]LogAudioMixer: Display: FMixerPlatformXAudio2::SubmitBuffer() called for the first time
[2026.04.03-07.08.19:794][  8]LogInit: FAudioDevice initialized.
[2026.04.03-07.08.19:794][  8]LogAudio: Display: Audio Device (ID: 9) registered with world 'Untitled'.
[2026.04.03-07.08.19:850][  8]LogSlate: Updating window title bar state: overlay mode, drag disabled, window buttons hidden, title bar hidden
[2026.04.03-07.08.19:850][  8]LogNet: Browse: 127.0.0.1:17777/Game/StarterContent/Maps/Minimal_Default
[2026.04.03-07.08.19:850][  8]LogInit: WinSock: Socket queue. Rx: 32768 (config 32768) Tx: 32768 (config 32768)
[2026.04.03-07.08.19:850][  8]LogNet: Created socket for bind address: 0.0.0.0 on port 0
[2026.04.03-07.08.19:850][  8]PacketHandlerLog: Loaded PacketHandler component: Engine.EngineHandlerComponentFactory (StatelessConnectHandlerComponent)
[2026.04.03-07.08.19:850][  8]LogNet: Game client on port 17777, rate 100000
[2026.04.03-07.08.19:853][  8]PIE: Client logged in
[2026.04.03-07.08.19:855][  8]PIE: Play in editor total start time 0,179 seconds.
[2026.04.03-07.08.20:907][ 34]LogNet: NotifyAcceptingConnection accepted from: 127.0.0.1:62172
[2026.04.03-07.08.20:907][ 34]LogHandshake: SendConnectChallenge. Timestamp: 1.247846, Cookie: 010066110212229025002167218163121039173053095049117076227111
[2026.04.03-07.08.20:908][ 34]LogHandshake: SendChallengeResponse. Timestamp: 1.247846, Cookie: 010066110212229025002167218163121039173053095049117076227111
[2026.04.03-07.08.20:942][ 35]LogNet: NotifyAcceptingConnection accepted from: 127.0.0.1:62172
[2026.04.03-07.08.20:942][ 35]LogHandshake: SendChallengeAck. InCookie: 010066110212229025002167218163121039173053095049117076227111
[2026.04.03-07.08.20:943][ 35]LogNet: Server accepting post-challenge connection from: 127.0.0.1:62172
[2026.04.03-07.08.20:943][ 35]PacketHandlerLog: Loaded PacketHandler component: Engine.EngineHandlerComponentFactory (StatelessConnectHandlerComponent)
[2026.04.03-07.08.20:943][ 35]LogNet: NotifyAcceptedConnection: Name: Main_Menu, TimeStamp: 04/03/26 10:08:20, [UNetConnection] RemoteAddr: 127.0.0.1:62172, Name: IpConnection_7, Driver: GameNetDriver IpNetDriver_9, IsServer: YES, PC: NULL, Owner: NULL, UniqueId: INVALID
[2026.04.03-07.08.20:943][ 35]LogNet: AddClientConnection: Added client connection: [UNetConnection] RemoteAddr: 127.0.0.1:62172, Name: IpConnection_7, Driver: GameNetDriver IpNetDriver_9, IsServer: YES, PC: NULL, Owner: NULL, UniqueId: INVALID
[2026.04.03-07.08.20:944][ 35]LogNet: UPendingNetGame::SendInitialJoin: Sending hello. [UNetConnection] RemoteAddr: 127.0.0.1:17777, Name: IpConnection_6, Driver: PendingNetDriver IpNetDriver_10, IsServer: NO, PC: NULL, Owner: NULL, UniqueId: INVALID
[2026.04.03-07.08.20:979][ 36]LogNet: NotifyAcceptingChannel Control 0 server World /Game/MAPS/UEDPIE_0_Main_Menu.Main_Menu: Accepted
[2026.04.03-07.08.20:980][ 36]LogNet: Remote platform little endian=1
[2026.04.03-07.08.20:980][ 36]LogNet: This platform little endian=1
[2026.04.03-07.08.20:981][ 36]LogOnline: OSS: Creating online subsystem instance for: :Context_14
[2026.04.03-07.08.21:015][ 37]LogNet: Login request: ?Name=WIN-O5Q6NLQMTLB-28AE576B440CD406083F4AB21E3795F9 userId: NULL:WIN-O5Q6NLQMTLB-28AE576B440CD406083F4AB21E3795F9 platform: NULL
[2026.04.03-07.08.21:017][ 37]LogNet: Welcomed by server (Level: /Game/MAPS/UEDPIE_0_Main_Menu, Game: /Game/FirstPerson/FirstPersonBP/Blueprints/FirstPersonGameMode.FirstPersonGameMode_C)
[2026.04.03-07.08.21:017][ 37]LogLoad: LoadMap: 127.0.0.1:17777/Game/MAPS/UEDPIE_0_Main_Menu?game=/Game/FirstPerson/FirstPersonBP/Blueprints/FirstPersonGameMode.FirstPersonGameMode_C
[2026.04.03-07.08.21:017][ 37]LogWorld: BeginTearingDown for /Temp/Untitled_4
[2026.04.03-07.08.21:017][ 37]LogWorld: UWorld::CleanupWorld for Untitled, bSessionEnded=true, bCleanupResources=true
[2026.04.03-07.08.21:017][ 37]LogSlate: InvalidateAllWidgets triggered.  All widgets were invalidated
[2026.04.03-07.08.21:042][ 37]LogAudio: Display: Audio Device unregistered from world 'None'.
[2026.04.03-07.08.21:054][ 37]LogUObjectHash: Compacting FUObjectHashTables data took   2.64ms
[2026.04.03-07.08.21:059][ 37]LogAudio: Display: Audio Device (ID: 9) registered with world 'Main_Menu'.
[2026.04.03-07.08.21:059][ 37]LogAIModule: Creating AISystem for world Main_Menu
[2026.04.03-07.08.21:063][ 37]LogWorld: Bringing World /Game/MAPS/UEDPIE_1_Main_Menu.Main_Menu up for play (max tick rate 0) at 2026.04.03-10.08.21
[2026.04.03-07.08.21:064][ 37]LogWorld: Bringing up level for play took: 0.002131
[2026.04.03-07.08.21:065][ 37]LogLoad: Took 0.047979 seconds to LoadMap(/Game/MAPS/UEDPIE_0_Main_Menu)
[2026.04.03-07.08.21:065][ 37]LogNavigation: Warning: NavData RegistrationFailed_DataPendingKill.
[2026.04.03-07.08.21:149][ 38]LogNet: Client netspeed is 100000
[2026.04.03-07.08.21:149][ 38]LogNet: Join request: /Game/StarterContent/Maps/Minimal_Default?Name=WIN-O5Q6NLQMTLB-28AE576B440CD406083F4AB21E3795F9?SplitscreenCount=1
[2026.04.03-07.08.21:149][ 38]LogOnlineSession: Warning: OSS: No game present to join for session (GameSession)
[2026.04.03-07.08.21:151][ 38]LogNet: Join succeeded: WIN-O5Q6NLQMTLB-28AE
[2026.04.03-07.08.21:183][ 39]LogOnlineSession: Warning: OSS: No game present to join for session (GameSession)
[2026.04.03-07.08.21:232][ 40]LogOnlineSession: Warning: OSS: No game present to join for session (GameSession)
[2026.04.03-07.08.23:788][ 94]LogNet: Browse: /Game/MAPS/MP_Lobby??listen
[2026.04.03-07.08.23:788][ 94]LogLoad: LoadMap: /Game/MAPS/MP_Lobby??listen
[2026.04.03-07.08.23:788][ 94]LogWorld: BeginTearingDown for /Game/MAPS/UEDPIE_1_Main_Menu
[2026.04.03-07.08.23:788][ 94]LogNet: World NetDriver shutdown IpNetDriver_10 [GameNetDriver]
[2026.04.03-07.08.23:788][ 94]LogNet: DestroyNamedNetDriver IpNetDriver_10 [GameNetDriver]
[2026.04.03-07.08.23:788][ 94]LogNet: UNetConnection::Close: [UNetConnection] RemoteAddr: 127.0.0.1:17777, Name: IpConnection_6, Driver: GameNetDriver IpNetDriver_10, IsServer: NO, PC: PlayerController_1, Owner: PlayerController_1, UniqueId: NULL:WIN-O5Q6NLQMTLB-28AE576B440CD406083F4AB21E3795F9, Channels: 10, Time: 2026.04.03-07.08.23
[2026.04.03-07.08.23:788][ 94]LogNet: UChannel::Close: Sending CloseBunch. ChIndex == 0. Name: [UChannel] ChIndex: 0, Closing: 0 [UNetConnection] RemoteAddr: 127.0.0.1:17777, Name: IpConnection_6, Driver: GameNetDriver IpNetDriver_10, IsServer: NO, PC: PlayerController_1, Owner: PlayerController_1, UniqueId: NULL:WIN-O5Q6NLQMTLB-28AE576B440CD406083F4AB21E3795F9
[2026.04.03-07.08.23:788][ 94]LogExit: GameNetDriver IpNetDriver_10 shut down
[2026.04.03-07.08.23:789][ 94]LogWorld: UWorld::CleanupWorld for Main_Menu, bSessionEnded=true, bCleanupResources=true
[2026.04.03-07.08.23:789][ 94]LogSlate: InvalidateAllWidgets triggered.  All widgets were invalidated
[2026.04.03-07.08.23:852][ 94]LogAudio: Display: Audio Device unregistered from world 'None'.
[2026.04.03-07.08.23:855][ 94]LogUObjectHash: Compacting FUObjectHashTables data took   2.30ms
[2026.04.03-07.08.23:866][ 94]LogAudio: Display: Audio Device (ID: 9) registered with world 'MP_Lobby'.
[2026.04.03-07.08.23:867][ 94]LogAIModule: Creating AISystem for world MP_Lobby
[2026.04.03-07.08.23:867][ 94]LogLoad: Game class is 'FirstPersonGameMode_C'
[2026.04.03-07.08.23:867][ 94]LogNet: ReplicationDriverClass is null! Not using ReplicationDriver.
[2026.04.03-07.08.23:867][ 94]LogNetCore: DDoS detection status: detection enabled: 0 analytics enabled: 0
[2026.04.03-07.08.23:867][ 94]LogInit: WinSock: Socket queue. Rx: 131072 (config 131072) Tx: 131072 (config 131072)
[2026.04.03-07.08.23:867][ 94]LogNet: Created socket for bind address: 0.0.0.0 on port 7777
[2026.04.03-07.08.23:867][ 94]PacketHandlerLog: Loaded PacketHandler component: Engine.EngineHandlerComponentFactory (StatelessConnectHandlerComponent)
[2026.04.03-07.08.23:867][ 94]LogNet: GameNetDriver IpNetDriver_11 IpNetDriver listening on port 7777
[2026.04.03-07.08.23:870][ 94]LogWorld: Bringing World /Game/MAPS/UEDPIE_1_MP_Lobby.MP_Lobby up for play (max tick rate 0) at 2026.04.03-10.08.23
[2026.04.03-07.08.23:870][ 94]LogWorld: Bringing up level for play took: 0.001348
[2026.04.03-07.08.23:872][ 94]LogLoad: Took 0.084865 seconds to LoadMap(/Game/MAPS/MP_Lobby)
[2026.04.03-07.08.24:093][ 95]LogNet: UChannel::ReceivedSequencedBunch: Bunch.bClose == true. ChIndex == 0. Calling ConditionalCleanUp.
[2026.04.03-07.08.24:093][ 95]LogNet: UChannel::CleanUp: ChIndex == 0. Closing connection. [UChannel] ChIndex: 0, Closing: 0 [UNetConnection] RemoteAddr: 127.0.0.1:62172, Name: IpConnection_7, Driver: GameNetDriver IpNetDriver_9, IsServer: YES, PC: PlayerController_1, Owner: PlayerController_1, UniqueId: NULL:WIN-O5Q6NLQMTLB-28AE576B440CD406083F4AB21E3795F9
[2026.04.03-07.08.24:093][ 95]LogNet: UNetConnection::Close: [UNetConnection] RemoteAddr: 127.0.0.1:62172, Name: IpConnection_7, Driver: GameNetDriver IpNetDriver_9, IsServer: YES, PC: PlayerController_1, Owner: PlayerController_1, UniqueId: NULL:WIN-O5Q6NLQMTLB-28AE576B440CD406083F4AB21E3795F9, Channels: 10, Time: 2026.04.03-07.08.24
[2026.04.03-07.08.24:093][ 95]LogNet: UChannel::Close: Sending CloseBunch. ChIndex == 0. Name: [UChannel] ChIndex: 0, Closing: 0 [UNetConnection] RemoteAddr: 127.0.0.1:62172, Name: IpConnection_7, Driver: GameNetDriver IpNetDriver_9, IsServer: YES, PC: PlayerController_1, Owner: PlayerController_1, UniqueId: NULL:WIN-O5Q6NLQMTLB-28AE576B440CD406083F4AB21E3795F9
[2026.04.03-07.08.24:093][ 95]LogOnlineSession: Warning: OSS: No game present to leave for session (GameSession)
[2026.04.03-07.08.32:673][284]LogBlueprintUserMessages: [SERVER_LIST_C_0] Server: GOOD
[2026.04.03-07.08.35:935][355]LogOnlineSession: Warning: OSS: Ignoring game search request while one is pending
[2026.04.03-07.08.36:117][359]LogOnlineSession: Warning: OSS: Ignoring game search request while one is pending
[2026.04.03-07.08.36:302][363]LogOnlineSession: Warning: OSS: Ignoring game search request while one is pending
[2026.04.03-07.08.40:775][448]LogBlueprintUserMessages: [SERVER_LIST_C_0] Server: GOOD
[2026.04.03-07.08.40:775][448]LogBlueprintUserMessages: [SERVER_LIST_C_0] Server: GOOD
[2026.04.03-07.08.40:775][448]LogBlueprintUserMessages: [SERVER_LIST_C_0] Server: GOOD
[2026.04.03-07.08.40:775][448]LogBlueprintUserMessages: [SERVER_LIST_C_0] Server: GOOD
[2026.04.03-07.08.43:921][464]LogSlate: Updating window title bar state: overlay mode, drag disabled, window buttons hidden, title bar hidden
[2026.04.03-07.08.43:921][464]LogWorld: BeginTearingDown for /Game/MAPS/UEDPIE_1_MP_Lobby
[2026.04.03-07.08.43:922][464]LogSlate: Window 'Playtime_Multiplayer Preview [NetMode: Client 1]  (64-bit/Windows) ' being destroyed
[2026.04.03-07.08.43:947][464]LogWorld: UWorld::CleanupWorld for MP_Lobby, bSessionEnded=true, bCleanupResources=true
[2026.04.03-07.08.43:948][464]LogSlate: InvalidateAllWidgets triggered.  All widgets were invalidated
[2026.04.03-07.08.43:969][464]LogNet: World NetDriver shutdown IpNetDriver_11 [GameNetDriver]
[2026.04.03-07.08.43:970][464]LogNet: DestroyNamedNetDriver IpNetDriver_11 [GameNetDriver]
[2026.04.03-07.08.43:970][464]LogExit: GameNetDriver IpNetDriver_11 shut down
[2026.04.03-07.08.43:971][464]LogWorld: BeginTearingDown for /Game/MAPS/UEDPIE_0_Main_Menu
[2026.04.03-07.08.43:971][464]LogOnlineSession: Warning: OSS: No game present to leave for session (GameSession)
[2026.04.03-07.08.43:971][464]LogSlate: Updating window title bar state: overlay mode, drag disabled, window buttons hidden, title bar hidden
[2026.04.03-07.08.43:971][464]LogSlate: Window 'Playtime_Multiplayer Preview [NetMode: Server]  (64-bit/Windows) ' being destroyed
[2026.04.03-07.08.43:979][464]LogWorld: UWorld::CleanupWorld for Main_Menu, bSessionEnded=true, bCleanupResources=true
[2026.04.03-07.08.43:980][464]LogSlate: InvalidateAllWidgets triggered.  All widgets were invalidated
[2026.04.03-07.08.43:988][464]LogNet: World NetDriver shutdown IpNetDriver_9 [GameNetDriver]
[2026.04.03-07.08.43:988][464]LogNet: DestroyNamedNetDriver IpNetDriver_9 [GameNetDriver]
[2026.04.03-07.08.43:988][464]LogExit: GameNetDriver IpNetDriver_9 shut down
[2026.04.03-07.08.43:989][464]LogPlayLevel: Display: Shutting down PIE online subsystems
[2026.04.03-07.08.43:993][464]LogSlate: InvalidateAllWidgets triggered.  All widgets were invalidated
[2026.04.03-07.08.44:014][464]LogAudio: Display: Audio Device unregistered from world 'None'.
[2026.04.03-07.08.44:014][464]LogAudioMixer: FMixerPlatformXAudio2::StopAudioStream() called
[2026.04.03-07.08.44:016][464]LogAudioMixer: FMixerPlatformXAudio2::StopAudioStream() called
[2026.04.03-07.08.44:019][464]LogAudioMixer: FMixerPlatformXAudio2::StopAudioStream() called
[2026.04.03-07.08.44:020][464]LogAudioMixer: FMixerPlatformXAudio2::StopAudioStream() called
[2026.04.03-07.08.44:027][464]LogUObjectHash: Compacting FUObjectHashTables data took   2.23ms
[2026.04.03-07.08.44:053][465]LogPlayLevel: Display: Destroying online subsystem :Context_14
[2026.04.03-07.08.44:053][465]LogPlayLevel: Display: Destroying online subsystem :Context_13
[2026.04.03-07.12.09:640][ 29]BlueprintLog: New page: Compile SERVER_LIST
[2026.04.03-07.12.09:677][ 29]LogUObjectHash: Compacting FUObjectHashTables data took   3.14ms
[2026.04.03-07.13.21:920][495]BlueprintLog: New page: Compile SERVER_LIST
[2026.04.03-07.13.21:958][495]LogUObjectHash: Compacting FUObjectHashTables data took   3.09ms
[2026.04.03-07.13.23:237][548]LogTemp: Repeating last play command: New Editor Window (PIE)
[2026.04.03-07.13.23:243][548]LogPlayLevel: PlayLevel: No blueprints needed recompiling
[2026.04.03-07.13.23:243][548]PIE: New page: PIE session: Main_Menu (3 апр. 2026 г., 13:13:23)
[2026.04.03-07.13.23:244][548]LogPlayLevel: Creating play world package: /Game/MAPS/UEDPIE_0_Main_Menu
[2026.04.03-07.13.23:249][548]LogPlayLevel: PIE: StaticDuplicateObject took: (0.005394s)
[2026.04.03-07.13.23:250][548]LogAIModule: Creating AISystem for world Main_Menu
[2026.04.03-07.13.23:250][548]LogPlayLevel: PIE: World Init took: (0.001305s)
[2026.04.03-07.13.23:250][548]LogPlayLevel: PIE: Created PIE world by copying editor world from /Game/MAPS/Main_Menu.Main_Menu to /Game/MAPS/UEDPIE_0_Main_Menu.Main_Menu (0.006824s)
[2026.04.03-07.13.23:275][548]LogUObjectHash: Compacting FUObjectHashTables data took   2.78ms
[2026.04.03-07.13.23:275][548]LogAudio: Display: Creating Audio Device:                 Id: 10, Scope: Unique, Realtime: True
[2026.04.03-07.13.23:275][548]LogAudioMixer: Display: Audio Mixer Platform Settings:
[2026.04.03-07.13.23:275][548]LogAudioMixer: Display: 	Sample Rate:						  48000
[2026.04.03-07.13.23:275][548]LogAudioMixer: Display: 	Callback Buffer Frame Size Requested: 1024
[2026.04.03-07.13.23:275][548]LogAudioMixer: Display: 	Callback Buffer Frame Size To Use:	  1024
[2026.04.03-07.13.23:275][548]LogAudioMixer: Display: 	Number of buffers to queue:			  2
[2026.04.03-07.13.23:275][548]LogAudioMixer: Display: 	Max Channels (voices):				  32
[2026.04.03-07.13.23:275][548]LogAudioMixer: Display: 	Number of Async Source Workers:		  0
[2026.04.03-07.13.23:275][548]LogAudio: Display: AudioDevice MaxSources: 32
[2026.04.03-07.13.23:276][548]LogAudio: Display: Audio Spatialization Plugin: None (built-in).
[2026.04.03-07.13.23:276][548]LogAudio: Display: Audio Reverb Plugin: None (built-in).
[2026.04.03-07.13.23:276][548]LogAudio: Display: Audio Occlusion Plugin: None (built-in).
[2026.04.03-07.13.23:276][548]LogAudioMixer: Display: Initializing audio mixer.
[2026.04.03-07.13.23:279][548]LogAudioMixer: Display: 0: FrontLeft
[2026.04.03-07.13.23:279][548]LogAudioMixer: Display: 1: FrontRight
[2026.04.03-07.13.23:304][548]LogAudioMixer: Display: Using Audio Device Headphones (Realtek(R) Audio)
[2026.04.03-07.13.23:304][548]LogAudioMixer: Display: Initializing Sound Submixes...
[2026.04.03-07.13.23:304][548]LogAudioMixer: Display: Creating Master Submix 'MasterSubmixDefault'
[2026.04.03-07.13.23:304][548]LogAudioMixer: Display: Creating Master Submix 'MasterReverbSubmixDefault'
[2026.04.03-07.13.23:305][548]LogAudioMixer: Display: Creating Master Submix 'MasterEQSubmixDefault'
[2026.04.03-07.13.23:305][548]LogAudioMixer: FMixerPlatformXAudio2::StartAudioStream() called
[2026.04.03-07.13.23:305][548]LogAudioMixer: Display: Output buffers initialized: Frames=1024, Channels=2, Samples=2048
[2026.04.03-07.13.23:306][548]LogAudioMixer: Display: Starting AudioMixerPlatformInterface::RunInternal()
[2026.04.03-07.13.23:306][548]LogAudioMixer: Display: FMixerPlatformXAudio2::SubmitBuffer() called for the first time
[2026.04.03-07.13.23:306][548]LogInit: FAudioDevice initialized.
[2026.04.03-07.13.23:306][548]LogAudio: Display: Audio Device (ID: 10) registered with world 'Main_Menu'.
[2026.04.03-07.13.23:366][548]LogSlate: Updating window title bar state: overlay mode, drag disabled, window buttons hidden, title bar hidden
[2026.04.03-07.13.23:366][548]LogLoad: Game class is 'FirstPersonGameMode_C'
[2026.04.03-07.13.23:370][548]LogWorld: Bringing World /Game/MAPS/UEDPIE_0_Main_Menu.Main_Menu up for play (max tick rate 0) at 2026.04.03-10.13.23
[2026.04.03-07.13.23:371][548]LogWorld: Bringing up level for play took: 0.003554
[2026.04.03-07.13.23:371][548]LogOnline: OSS: Creating online subsystem instance for: :Context_15
[2026.04.03-07.13.23:375][548]LogNet: ReplicationDriverClass is null! Not using ReplicationDriver.
[2026.04.03-07.13.23:375][548]LogNetCore: DDoS detection status: detection enabled: 0 analytics enabled: 0
[2026.04.03-07.13.23:375][548]LogInit: WinSock: Socket queue. Rx: 131072 (config 131072) Tx: 131072 (config 131072)
[2026.04.03-07.13.23:375][548]LogNet: Created socket for bind address: 0.0.0.0 on port 17777
[2026.04.03-07.13.23:375][548]PacketHandlerLog: Loaded PacketHandler component: Engine.EngineHandlerComponentFactory (StatelessConnectHandlerComponent)
[2026.04.03-07.13.23:376][548]LogNet: GameNetDriver IpNetDriver_12 IpNetDriver listening on port 17777
[2026.04.03-07.13.23:379][548]PIE: Server logged in
[2026.04.03-07.13.23:381][548]PIE: Play in editor total start time 0,139 seconds.
[2026.04.03-07.13.23:383][548]LogAudio: Display: Creating Audio Device:                 Id: 11, Scope: Unique, Realtime: True
[2026.04.03-07.13.23:383][548]LogAudioMixer: Display: Audio Mixer Platform Settings:
[2026.04.03-07.13.23:383][548]LogAudioMixer: Display: 	Sample Rate:						  48000
[2026.04.03-07.13.23:383][548]LogAudioMixer: Display: 	Callback Buffer Frame Size Requested: 1024
[2026.04.03-07.13.23:383][548]LogAudioMixer: Display: 	Callback Buffer Frame Size To Use:	  1024
[2026.04.03-07.13.23:383][548]LogAudioMixer: Display: 	Number of buffers to queue:			  2
[2026.04.03-07.13.23:383][548]LogAudioMixer: Display: 	Max Channels (voices):				  32
[2026.04.03-07.13.23:383][548]LogAudioMixer: Display: 	Number of Async Source Workers:		  0
[2026.04.03-07.13.23:383][548]LogAudio: Display: AudioDevice MaxSources: 32
[2026.04.03-07.13.23:383][548]LogAudio: Display: Audio Spatialization Plugin: None (built-in).
[2026.04.03-07.13.23:383][548]LogAudio: Display: Audio Reverb Plugin: None (built-in).
[2026.04.03-07.13.23:383][548]LogAudio: Display: Audio Occlusion Plugin: None (built-in).
[2026.04.03-07.13.23:383][548]LogAudioMixer: Display: Initializing audio mixer.
[2026.04.03-07.13.23:387][548]LogAudioMixer: Display: 0: FrontLeft
[2026.04.03-07.13.23:387][548]LogAudioMixer: Display: 1: FrontRight
[2026.04.03-07.13.23:396][548]LogAudioMixer: Display: Using Audio Device Headphones (Realtek(R) Audio)
[2026.04.03-07.13.23:397][548]LogAudioMixer: Display: Initializing Sound Submixes...
[2026.04.03-07.13.23:397][548]LogAudioMixer: Display: Creating Master Submix 'MasterSubmixDefault'
[2026.04.03-07.13.23:397][548]LogAudioMixer: Display: Creating Master Submix 'MasterReverbSubmixDefault'
[2026.04.03-07.13.23:397][548]LogAudioMixer: Display: Creating Master Submix 'MasterEQSubmixDefault'
[2026.04.03-07.13.23:397][548]LogAudioMixer: FMixerPlatformXAudio2::StartAudioStream() called
[2026.04.03-07.13.23:397][548]LogAudioMixer: Display: Output buffers initialized: Frames=1024, Channels=2, Samples=2048
[2026.04.03-07.13.23:398][548]LogAudioMixer: Display: Starting AudioMixerPlatformInterface::RunInternal()
[2026.04.03-07.13.23:399][548]LogAudioMixer: Display: FMixerPlatformXAudio2::SubmitBuffer() called for the first time
[2026.04.03-07.13.23:399][548]LogInit: FAudioDevice initialized.
[2026.04.03-07.13.23:399][548]LogAudio: Display: Audio Device (ID: 11) registered with world 'Untitled'.
[2026.04.03-07.13.23:450][548]LogSlate: Updating window title bar state: overlay mode, drag disabled, window buttons hidden, title bar hidden
[2026.04.03-07.13.23:450][548]LogNet: Browse: 127.0.0.1:17777/Game/StarterContent/Maps/Minimal_Default
[2026.04.03-07.13.23:450][548]LogInit: WinSock: Socket queue. Rx: 32768 (config 32768) Tx: 32768 (config 32768)
[2026.04.03-07.13.23:450][548]LogNet: Created socket for bind address: 0.0.0.0 on port 0
[2026.04.03-07.13.23:450][548]PacketHandlerLog: Loaded PacketHandler component: Engine.EngineHandlerComponentFactory (StatelessConnectHandlerComponent)
[2026.04.03-07.13.23:450][548]LogNet: Game client on port 17777, rate 100000
[2026.04.03-07.13.23:453][548]PIE: Client logged in
[2026.04.03-07.13.23:455][548]PIE: Play in editor total start time 0,212 seconds.
[2026.04.03-07.13.24:504][574]LogNet: NotifyAcceptingConnection accepted from: 127.0.0.1:58958
[2026.04.03-07.13.24:504][574]LogHandshake: SendConnectChallenge. Timestamp: 1.275718, Cookie: 069182146190087140094034037169156219003008179022029165111181
[2026.04.03-07.13.24:506][574]LogHandshake: SendChallengeResponse. Timestamp: 1.275718, Cookie: 069182146190087140094034037169156219003008179022029165111181
[2026.04.03-07.13.24:537][575]LogNet: NotifyAcceptingConnection accepted from: 127.0.0.1:58958
[2026.04.03-07.13.24:537][575]LogHandshake: SendChallengeAck. InCookie: 069182146190087140094034037169156219003008179022029165111181
[2026.04.03-07.13.24:537][575]LogNet: Server accepting post-challenge connection from: 127.0.0.1:58958
[2026.04.03-07.13.24:539][575]PacketHandlerLog: Loaded PacketHandler component: Engine.EngineHandlerComponentFactory (StatelessConnectHandlerComponent)
[2026.04.03-07.13.24:539][575]LogNet: NotifyAcceptedConnection: Name: Main_Menu, TimeStamp: 04/03/26 10:13:24, [UNetConnection] RemoteAddr: 127.0.0.1:58958, Name: IpConnection_9, Driver: GameNetDriver IpNetDriver_12, IsServer: YES, PC: NULL, Owner: NULL, UniqueId: INVALID
[2026.04.03-07.13.24:539][575]LogNet: AddClientConnection: Added client connection: [UNetConnection] RemoteAddr: 127.0.0.1:58958, Name: IpConnection_9, Driver: GameNetDriver IpNetDriver_12, IsServer: YES, PC: NULL, Owner: NULL, UniqueId: INVALID
[2026.04.03-07.13.24:540][575]LogNet: UPendingNetGame::SendInitialJoin: Sending hello. [UNetConnection] RemoteAddr: 127.0.0.1:17777, Name: IpConnection_8, Driver: PendingNetDriver IpNetDriver_13, IsServer: NO, PC: NULL, Owner: NULL, UniqueId: INVALID
[2026.04.03-07.13.24:572][576]LogNet: NotifyAcceptingChannel Control 0 server World /Game/MAPS/UEDPIE_0_Main_Menu.Main_Menu: Accepted
[2026.04.03-07.13.24:572][576]LogNet: Remote platform little endian=1
[2026.04.03-07.13.24:572][576]LogNet: This platform little endian=1
[2026.04.03-07.13.24:573][576]LogOnline: OSS: Creating online subsystem instance for: :Context_16
[2026.04.03-07.13.24:607][577]LogNet: Login request: ?Name=WIN-O5Q6NLQMTLB-34BAD14D4F9A59E2080BA8B7E8B64AA2 userId: NULL:WIN-O5Q6NLQMTLB-34BAD14D4F9A59E2080BA8B7E8B64AA2 platform: NULL
[2026.04.03-07.13.24:608][577]LogNet: Welcomed by server (Level: /Game/MAPS/UEDPIE_0_Main_Menu, Game: /Game/FirstPerson/FirstPersonBP/Blueprints/FirstPersonGameMode.FirstPersonGameMode_C)
[2026.04.03-07.13.24:608][577]LogLoad: LoadMap: 127.0.0.1:17777/Game/MAPS/UEDPIE_0_Main_Menu?game=/Game/FirstPerson/FirstPersonBP/Blueprints/FirstPersonGameMode.FirstPersonGameMode_C
[2026.04.03-07.13.24:608][577]LogWorld: BeginTearingDown for /Temp/Untitled_5
[2026.04.03-07.13.24:608][577]LogWorld: UWorld::CleanupWorld for Untitled, bSessionEnded=true, bCleanupResources=true
[2026.04.03-07.13.24:608][577]LogSlate: InvalidateAllWidgets triggered.  All widgets were invalidated
[2026.04.03-07.13.24:633][577]LogAudio: Display: Audio Device unregistered from world 'None'.
[2026.04.03-07.13.24:647][577]LogUObjectHash: Compacting FUObjectHashTables data took   3.68ms
[2026.04.03-07.13.24:651][577]LogAudio: Display: Audio Device (ID: 11) registered with world 'Main_Menu'.
[2026.04.03-07.13.24:652][577]LogAIModule: Creating AISystem for world Main_Menu
[2026.04.03-07.13.24:654][577]LogWorld: Bringing World /Game/MAPS/UEDPIE_1_Main_Menu.Main_Menu up for play (max tick rate 0) at 2026.04.03-10.13.24
[2026.04.03-07.13.24:655][577]LogWorld: Bringing up level for play took: 0.001576
[2026.04.03-07.13.24:655][577]LogLoad: Took 0.047342 seconds to LoadMap(/Game/MAPS/UEDPIE_0_Main_Menu)
[2026.04.03-07.13.24:655][577]LogNavigation: Warning: NavData RegistrationFailed_DataPendingKill.
[2026.04.03-07.13.24:751][578]LogNet: Client netspeed is 100000
[2026.04.03-07.13.24:751][578]LogNet: Join request: /Game/StarterContent/Maps/Minimal_Default?Name=WIN-O5Q6NLQMTLB-34BAD14D4F9A59E2080BA8B7E8B64AA2?SplitscreenCount=1
[2026.04.03-07.13.24:751][578]LogOnlineSession: Warning: OSS: No game present to join for session (GameSession)
[2026.04.03-07.13.24:754][578]LogNet: Join succeeded: WIN-O5Q6NLQMTLB-34BA
[2026.04.03-07.13.24:783][579]LogOnlineSession: Warning: OSS: No game present to join for session (GameSession)
[2026.04.03-07.13.24:824][580]LogOnlineSession: Warning: OSS: No game present to join for session (GameSession)
[2026.04.03-07.13.29:317][675]LogNet: Browse: /Game/MAPS/MP_Lobby??listen
[2026.04.03-07.13.29:317][675]LogLoad: LoadMap: /Game/MAPS/MP_Lobby??listen
[2026.04.03-07.13.29:317][675]LogWorld: BeginTearingDown for /Game/MAPS/UEDPIE_1_Main_Menu
[2026.04.03-07.13.29:317][675]LogNet: World NetDriver shutdown IpNetDriver_13 [GameNetDriver]
[2026.04.03-07.13.29:317][675]LogNet: DestroyNamedNetDriver IpNetDriver_13 [GameNetDriver]
[2026.04.03-07.13.29:317][675]LogNet: UNetConnection::Close: [UNetConnection] RemoteAddr: 127.0.0.1:17777, Name: IpConnection_8, Driver: GameNetDriver IpNetDriver_13, IsServer: NO, PC: PlayerController_1, Owner: PlayerController_1, UniqueId: NULL:WIN-O5Q6NLQMTLB-34BAD14D4F9A59E2080BA8B7E8B64AA2, Channels: 11, Time: 2026.04.03-07.13.29
[2026.04.03-07.13.29:317][675]LogNet: UChannel::Close: Sending CloseBunch. ChIndex == 0. Name: [UChannel] ChIndex: 0, Closing: 0 [UNetConnection] RemoteAddr: 127.0.0.1:17777, Name: IpConnection_8, Driver: GameNetDriver IpNetDriver_13, IsServer: NO, PC: PlayerController_1, Owner: PlayerController_1, UniqueId: NULL:WIN-O5Q6NLQMTLB-34BAD14D4F9A59E2080BA8B7E8B64AA2
[2026.04.03-07.13.29:317][675]LogExit: GameNetDriver IpNetDriver_13 shut down
[2026.04.03-07.13.29:318][675]LogWorld: UWorld::CleanupWorld for Main_Menu, bSessionEnded=true, bCleanupResources=true
[2026.04.03-07.13.29:318][675]LogSlate: InvalidateAllWidgets triggered.  All widgets were invalidated
[2026.04.03-07.13.29:372][675]LogAudio: Display: Audio Device unregistered from world 'None'.
[2026.04.03-07.13.29:376][675]LogUObjectHash: Compacting FUObjectHashTables data took   2.24ms
[2026.04.03-07.13.29:387][675]LogAudio: Display: Audio Device (ID: 11) registered with world 'MP_Lobby'.
[2026.04.03-07.13.29:388][675]LogAIModule: Creating AISystem for world MP_Lobby
[2026.04.03-07.13.29:388][675]LogLoad: Game class is 'FirstPersonGameMode_C'
[2026.04.03-07.13.29:388][675]LogNet: ReplicationDriverClass is null! Not using ReplicationDriver.
[2026.04.03-07.13.29:388][675]LogNetCore: DDoS detection status: detection enabled: 0 analytics enabled: 0
[2026.04.03-07.13.29:388][675]LogInit: WinSock: Socket queue. Rx: 131072 (config 131072) Tx: 131072 (config 131072)
[2026.04.03-07.13.29:388][675]LogNet: Created socket for bind address: 0.0.0.0 on port 7777
[2026.04.03-07.13.29:388][675]PacketHandlerLog: Loaded PacketHandler component: Engine.EngineHandlerComponentFactory (StatelessConnectHandlerComponent)
[2026.04.03-07.13.29:388][675]LogNet: GameNetDriver IpNetDriver_14 IpNetDriver listening on port 7777
[2026.04.03-07.13.29:390][675]LogWorld: Bringing World /Game/MAPS/UEDPIE_1_MP_Lobby.MP_Lobby up for play (max tick rate 0) at 2026.04.03-10.13.29
[2026.04.03-07.13.29:391][675]LogWorld: Bringing up level for play took: 0.001509
[2026.04.03-07.13.29:393][675]LogLoad: Took 0.076131 seconds to LoadMap(/Game/MAPS/MP_Lobby)
[2026.04.03-07.13.29:630][676]LogNet: UChannel::ReceivedSequencedBunch: Bunch.bClose == true. ChIndex == 0. Calling ConditionalCleanUp.
[2026.04.03-07.13.29:630][676]LogNet: UChannel::CleanUp: ChIndex == 0. Closing connection. [UChannel] ChIndex: 0, Closing: 0 [UNetConnection] RemoteAddr: 127.0.0.1:58958, Name: IpConnection_9, Driver: GameNetDriver IpNetDriver_12, IsServer: YES, PC: PlayerController_1, Owner: PlayerController_1, UniqueId: NULL:WIN-O5Q6NLQMTLB-34BAD14D4F9A59E2080BA8B7E8B64AA2
[2026.04.03-07.13.29:630][676]LogNet: UNetConnection::Close: [UNetConnection] RemoteAddr: 127.0.0.1:58958, Name: IpConnection_9, Driver: GameNetDriver IpNetDriver_12, IsServer: YES, PC: PlayerController_1, Owner: PlayerController_1, UniqueId: NULL:WIN-O5Q6NLQMTLB-34BAD14D4F9A59E2080BA8B7E8B64AA2, Channels: 11, Time: 2026.04.03-07.13.29
[2026.04.03-07.13.29:630][676]LogNet: UChannel::Close: Sending CloseBunch. ChIndex == 0. Name: [UChannel] ChIndex: 0, Closing: 0 [UNetConnection] RemoteAddr: 127.0.0.1:58958, Name: IpConnection_9, Driver: GameNetDriver IpNetDriver_12, IsServer: YES, PC: PlayerController_1, Owner: PlayerController_1, UniqueId: NULL:WIN-O5Q6NLQMTLB-34BAD14D4F9A59E2080BA8B7E8B64AA2
[2026.04.03-07.13.29:630][676]LogOnlineSession: Warning: OSS: No game present to leave for session (GameSession)
[2026.04.03-07.13.38:087][860]LogBlueprintUserMessages: [SERVER_LIST_C_0] Server: GOOD
[2026.04.03-07.13.45:349][ 19]LogOnlineSession: Warning: OSS: No game present to leave for session (GameSession)
[2026.04.03-07.13.45:349][ 19]LogSlate: Updating window title bar state: overlay mode, drag disabled, window buttons hidden, title bar hidden
[2026.04.03-07.13.45:350][ 19]LogSlate: Updating window title bar state: overlay mode, drag disabled, window buttons hidden, title bar hidden
[2026.04.03-07.13.45:350][ 19]LogWorld: BeginTearingDown for /Game/MAPS/UEDPIE_1_MP_Lobby
[2026.04.03-07.13.45:350][ 19]LogSlate: Window 'Playtime_Multiplayer Preview [NetMode: Client 1]  (64-bit/Windows) ' being destroyed
[2026.04.03-07.13.45:395][ 19]LogWorld: UWorld::CleanupWorld for MP_Lobby, bSessionEnded=true, bCleanupResources=true
[2026.04.03-07.13.45:395][ 19]LogSlate: InvalidateAllWidgets triggered.  All widgets were invalidated
[2026.04.03-07.13.45:403][ 19]LogNet: World NetDriver shutdown IpNetDriver_14 [GameNetDriver]
[2026.04.03-07.13.45:403][ 19]LogNet: DestroyNamedNetDriver IpNetDriver_14 [GameNetDriver]
[2026.04.03-07.13.45:403][ 19]LogExit: GameNetDriver IpNetDriver_14 shut down
[2026.04.03-07.13.45:404][ 19]LogWorld: BeginTearingDown for /Game/MAPS/UEDPIE_0_Main_Menu
[2026.04.03-07.13.45:405][ 19]LogSlate: Window 'Playtime_Multiplayer Preview [NetMode: Server]  (64-bit/Windows) ' being destroyed
[2026.04.03-07.13.45:450][ 19]LogWorld: UWorld::CleanupWorld for Main_Menu, bSessionEnded=true, bCleanupResources=true
[2026.04.03-07.13.45:450][ 19]LogSlate: InvalidateAllWidgets triggered.  All widgets were invalidated
[2026.04.03-07.13.45:460][ 19]LogNet: World NetDriver shutdown IpNetDriver_12 [GameNetDriver]
[2026.04.03-07.13.45:460][ 19]LogNet: DestroyNamedNetDriver IpNetDriver_12 [GameNetDriver]
[2026.04.03-07.13.45:460][ 19]LogExit: GameNetDriver IpNetDriver_12 shut down
[2026.04.03-07.13.45:462][ 19]LogPlayLevel: Display: Shutting down PIE online subsystems
[2026.04.03-07.13.45:466][ 19]LogSlate: InvalidateAllWidgets triggered.  All widgets were invalidated
[2026.04.03-07.13.45:486][ 19]LogAudio: Display: Audio Device unregistered from world 'None'.
[2026.04.03-07.13.45:487][ 19]LogAudioMixer: FMixerPlatformXAudio2::StopAudioStream() called
[2026.04.03-07.13.45:488][ 19]LogAudioMixer: FMixerPlatformXAudio2::StopAudioStream() called
[2026.04.03-07.13.45:492][ 19]LogAudioMixer: FMixerPlatformXAudio2::StopAudioStream() called
[2026.04.03-07.13.45:493][ 19]LogAudioMixer: FMixerPlatformXAudio2::StopAudioStream() called
[2026.04.03-07.13.45:499][ 19]LogUObjectHash: Compacting FUObjectHashTables data took   2.24ms
[2026.04.03-07.13.45:524][ 20]LogPlayLevel: Display: Destroying online subsystem :Context_16
[2026.04.03-07.13.45:524][ 20]LogPlayLevel: Display: Destroying online subsystem :Context_15
[2026.04.03-07.13.54:317][607]BlueprintLog: New page: Compile SERVER_LIST
[2026.04.03-07.13.54:354][607]LogUObjectHash: Compacting FUObjectHashTables data took   2.50ms
[2026.04.03-07.13.55:334][647]LogSlate: Window 'SERVER_LIST' being destroyed
[2026.04.03-07.13.55:344][647]LogSlate: Window 'SERVER_LIST' being destroyed
[2026.04.03-07.13.55:349][647]LogWorld: UWorld::CleanupWorld for World_6, bSessionEnded=true, bCleanupResources=true
[2026.04.03-07.13.55:349][647]LogSlate: InvalidateAllWidgets triggered.  All widgets were invalidated
[2026.04.03-07.13.55:357][647]LogWorld: UWorld::CleanupWorld for World_5, bSessionEnded=true, bCleanupResources=true
[2026.04.03-07.13.55:357][647]LogSlate: InvalidateAllWidgets triggered.  All widgets were invalidated
[2026.04.03-07.13.56:394][692]LogAssetEditorSubsystem: Opening Asset editor for WidgetBlueprint /Game/MULTIPLAYER/SERVER.SERVER
[2026.04.03-07.14.10:632][487]BlueprintLog: New page: Compile SERVER
[2026.04.03-07.14.10:665][487]LogUObjectHash: Compacting FUObjectHashTables data took   3.17ms
[2026.04.03-07.14.37:739][715]BlueprintLog: New page: Compile SERVER
[2026.04.03-07.14.37:767][715]LogUObjectHash: Compacting FUObjectHashTables data took   2.74ms
[2026.04.03-07.14.38:421][743]LogTemp: Repeating last play command: New Editor Window (PIE)
[2026.04.03-07.14.38:428][743]LogPlayLevel: PlayLevel: No blueprints needed recompiling
[2026.04.03-07.14.38:428][743]PIE: New page: PIE session: Main_Menu (3 апр. 2026 г., 13:14:38)
[2026.04.03-07.14.38:428][743]LogPlayLevel: Creating play world package: /Game/MAPS/UEDPIE_0_Main_Menu
[2026.04.03-07.14.38:432][743]LogPlayLevel: PIE: StaticDuplicateObject took: (0.004477s)
[2026.04.03-07.14.38:433][743]LogAIModule: Creating AISystem for world Main_Menu
[2026.04.03-07.14.38:433][743]LogPlayLevel: PIE: World Init took: (0.001070s)
[2026.04.03-07.14.38:433][743]LogPlayLevel: PIE: Created PIE world by copying editor world from /Game/MAPS/Main_Menu.Main_Menu to /Game/MAPS/UEDPIE_0_Main_Menu.Main_Menu (0.005672s)
[2026.04.03-07.14.38:456][743]LogUObjectHash: Compacting FUObjectHashTables data took   2.50ms
[2026.04.03-07.14.38:456][743]LogAudio: Display: Creating Audio Device:                 Id: 12, Scope: Unique, Realtime: True
[2026.04.03-07.14.38:456][743]LogAudioMixer: Display: Audio Mixer Platform Settings:
[2026.04.03-07.14.38:456][743]LogAudioMixer: Display: 	Sample Rate:						  48000
[2026.04.03-07.14.38:456][743]LogAudioMixer: Display: 	Callback Buffer Frame Size Requested: 1024
[2026.04.03-07.14.38:456][743]LogAudioMixer: Display: 	Callback Buffer Frame Size To Use:	  1024
[2026.04.03-07.14.38:456][743]LogAudioMixer: Display: 	Number of buffers to queue:			  2
[2026.04.03-07.14.38:456][743]LogAudioMixer: Display: 	Max Channels (voices):				  32
[2026.04.03-07.14.38:456][743]LogAudioMixer: Display: 	Number of Async Source Workers:		  0
[2026.04.03-07.14.38:456][743]LogAudio: Display: AudioDevice MaxSources: 32
[2026.04.03-07.14.38:457][743]LogAudio: Display: Audio Spatialization Plugin: None (built-in).
[2026.04.03-07.14.38:457][743]LogAudio: Display: Audio Reverb Plugin: None (built-in).
[2026.04.03-07.14.38:457][743]LogAudio: Display: Audio Occlusion Plugin: None (built-in).
[2026.04.03-07.14.38:457][743]LogAudioMixer: Display: Initializing audio mixer.
[2026.04.03-07.14.38:461][743]LogAudioMixer: Display: 0: FrontLeft
[2026.04.03-07.14.38:461][743]LogAudioMixer: Display: 1: FrontRight
[2026.04.03-07.14.38:486][743]LogAudioMixer: Display: Using Audio Device Headphones (Realtek(R) Audio)
[2026.04.03-07.14.38:487][743]LogAudioMixer: Display: Initializing Sound Submixes...
[2026.04.03-07.14.38:487][743]LogAudioMixer: Display: Creating Master Submix 'MasterSubmixDefault'
[2026.04.03-07.14.38:487][743]LogAudioMixer: Display: Creating Master Submix 'MasterReverbSubmixDefault'
[2026.04.03-07.14.38:487][743]LogAudioMixer: Display: Creating Master Submix 'MasterEQSubmixDefault'
[2026.04.03-07.14.38:487][743]LogAudioMixer: FMixerPlatformXAudio2::StartAudioStream() called
[2026.04.03-07.14.38:487][743]LogAudioMixer: Display: Output buffers initialized: Frames=1024, Channels=2, Samples=2048
[2026.04.03-07.14.38:489][743]LogAudioMixer: Display: Starting AudioMixerPlatformInterface::RunInternal()
[2026.04.03-07.14.38:489][743]LogAudioMixer: Display: FMixerPlatformXAudio2::SubmitBuffer() called for the first time
[2026.04.03-07.14.38:489][743]LogInit: FAudioDevice initialized.
[2026.04.03-07.14.38:489][743]LogAudio: Display: Audio Device (ID: 12) registered with world 'Main_Menu'.
[2026.04.03-07.14.38:542][743]LogSlate: Updating window title bar state: overlay mode, drag disabled, window buttons hidden, title bar hidden
[2026.04.03-07.14.38:542][743]LogLoad: Game class is 'FirstPersonGameMode_C'
[2026.04.03-07.14.38:545][743]LogWorld: Bringing World /Game/MAPS/UEDPIE_0_Main_Menu.Main_Menu up for play (max tick rate 0) at 2026.04.03-10.14.38
[2026.04.03-07.14.38:546][743]LogWorld: Bringing up level for play took: 0.002995
[2026.04.03-07.14.38:546][743]LogOnline: OSS: Creating online subsystem instance for: :Context_19
[2026.04.03-07.14.38:549][743]LogNet: ReplicationDriverClass is null! Not using ReplicationDriver.
[2026.04.03-07.14.38:549][743]LogNetCore: DDoS detection status: detection enabled: 0 analytics enabled: 0
[2026.04.03-07.14.38:549][743]LogInit: WinSock: Socket queue. Rx: 131072 (config 131072) Tx: 131072 (config 131072)
[2026.04.03-07.14.38:549][743]LogNet: Created socket for bind address: 0.0.0.0 on port 17777
[2026.04.03-07.14.38:551][743]PacketHandlerLog: Loaded PacketHandler component: Engine.EngineHandlerComponentFactory (StatelessConnectHandlerComponent)
[2026.04.03-07.14.38:551][743]LogNet: GameNetDriver IpNetDriver_15 IpNetDriver listening on port 17777
[2026.04.03-07.14.38:553][743]PIE: Server logged in
[2026.04.03-07.14.38:555][743]PIE: Play in editor total start time 0,128 seconds.
[2026.04.03-07.14.38:557][743]LogAudio: Display: Creating Audio Device:                 Id: 13, Scope: Unique, Realtime: True
[2026.04.03-07.14.38:557][743]LogAudioMixer: Display: Audio Mixer Platform Settings:
[2026.04.03-07.14.38:557][743]LogAudioMixer: Display: 	Sample Rate:						  48000
[2026.04.03-07.14.38:557][743]LogAudioMixer: Display: 	Callback Buffer Frame Size Requested: 1024
[2026.04.03-07.14.38:557][743]LogAudioMixer: Display: 	Callback Buffer Frame Size To Use:	  1024
[2026.04.03-07.14.38:557][743]LogAudioMixer: Display: 	Number of buffers to queue:			  2
[2026.04.03-07.14.38:557][743]LogAudioMixer: Display: 	Max Channels (voices):				  32
[2026.04.03-07.14.38:557][743]LogAudioMixer: Display: 	Number of Async Source Workers:		  0
[2026.04.03-07.14.38:557][743]LogAudio: Display: AudioDevice MaxSources: 32
[2026.04.03-07.14.38:558][743]LogAudio: Display: Audio Spatialization Plugin: None (built-in).
[2026.04.03-07.14.38:558][743]LogAudio: Display: Audio Reverb Plugin: None (built-in).
[2026.04.03-07.14.38:558][743]LogAudio: Display: Audio Occlusion Plugin: None (built-in).
[2026.04.03-07.14.38:558][743]LogAudioMixer: Display: Initializing audio mixer.
[2026.04.03-07.14.38:561][743]LogAudioMixer: Display: 0: FrontLeft
[2026.04.03-07.14.38:561][743]LogAudioMixer: Display: 1: FrontRight
[2026.04.03-07.14.38:569][743]LogAudioMixer: Display: Using Audio Device Headphones (Realtek(R) Audio)
[2026.04.03-07.14.38:570][743]LogAudioMixer: Display: Initializing Sound Submixes...
[2026.04.03-07.14.38:570][743]LogAudioMixer: Display: Creating Master Submix 'MasterSubmixDefault'
[2026.04.03-07.14.38:570][743]LogAudioMixer: Display: Creating Master Submix 'MasterReverbSubmixDefault'
[2026.04.03-07.14.38:570][743]LogAudioMixer: Display: Creating Master Submix 'MasterEQSubmixDefault'
[2026.04.03-07.14.38:570][743]LogAudioMixer: FMixerPlatformXAudio2::StartAudioStream() called
[2026.04.03-07.14.38:570][743]LogAudioMixer: Display: Output buffers initialized: Frames=1024, Channels=2, Samples=2048
[2026.04.03-07.14.38:572][743]LogAudioMixer: Display: Starting AudioMixerPlatformInterface::RunInternal()
[2026.04.03-07.14.38:572][743]LogAudioMixer: Display: FMixerPlatformXAudio2::SubmitBuffer() called for the first time
[2026.04.03-07.14.38:572][743]LogInit: FAudioDevice initialized.
[2026.04.03-07.14.38:572][743]LogAudio: Display: Audio Device (ID: 13) registered with world 'Untitled'.
[2026.04.03-07.14.38:624][743]LogSlate: Updating window title bar state: overlay mode, drag disabled, window buttons hidden, title bar hidden
[2026.04.03-07.14.38:624][743]LogNet: Browse: 127.0.0.1:17777/Game/StarterContent/Maps/Minimal_Default
[2026.04.03-07.14.38:625][743]LogInit: WinSock: Socket queue. Rx: 32768 (config 32768) Tx: 32768 (config 32768)
[2026.04.03-07.14.38:625][743]LogNet: Created socket for bind address: 0.0.0.0 on port 0
[2026.04.03-07.14.38:625][743]PacketHandlerLog: Loaded PacketHandler component: Engine.EngineHandlerComponentFactory (StatelessConnectHandlerComponent)
[2026.04.03-07.14.38:625][743]LogNet: Game client on port 17777, rate 100000
[2026.04.03-07.14.38:627][743]PIE: Client logged in
[2026.04.03-07.14.38:630][743]PIE: Play in editor total start time 0,204 seconds.
[2026.04.03-07.14.39:665][769]LogNet: NotifyAcceptingConnection accepted from: 127.0.0.1:60216
[2026.04.03-07.14.39:665][769]LogHandshake: SendConnectChallenge. Timestamp: 1.252067, Cookie: 086120025115243234087025255176095099090025160023204011139209
[2026.04.03-07.14.39:666][769]LogHandshake: SendChallengeResponse. Timestamp: 1.252067, Cookie: 086120025115243234087025255176095099090025160023204011139209
[2026.04.03-07.14.39:700][770]LogNet: NotifyAcceptingConnection accepted from: 127.0.0.1:60216
[2026.04.03-07.14.39:700][770]LogHandshake: SendChallengeAck. InCookie: 086120025115243234087025255176095099090025160023204011139209
[2026.04.03-07.14.39:700][770]LogNet: Server accepting post-challenge connection from: 127.0.0.1:60216
[2026.04.03-07.14.39:700][770]PacketHandlerLog: Loaded PacketHandler component: Engine.EngineHandlerComponentFactory (StatelessConnectHandlerComponent)
[2026.04.03-07.14.39:701][770]LogNet: NotifyAcceptedConnection: Name: Main_Menu, TimeStamp: 04/03/26 10:14:39, [UNetConnection] RemoteAddr: 127.0.0.1:60216, Name: IpConnection_11, Driver: GameNetDriver IpNetDriver_15, IsServer: YES, PC: NULL, Owner: NULL, UniqueId: INVALID
[2026.04.03-07.14.39:701][770]LogNet: AddClientConnection: Added client connection: [UNetConnection] RemoteAddr: 127.0.0.1:60216, Name: IpConnection_11, Driver: GameNetDriver IpNetDriver_15, IsServer: YES, PC: NULL, Owner: NULL, UniqueId: INVALID
[2026.04.03-07.14.39:702][770]LogNet: UPendingNetGame::SendInitialJoin: Sending hello. [UNetConnection] RemoteAddr: 127.0.0.1:17777, Name: IpConnection_10, Driver: PendingNetDriver IpNetDriver_16, IsServer: NO, PC: NULL, Owner: NULL, UniqueId: INVALID
[2026.04.03-07.14.39:735][771]LogNet: NotifyAcceptingChannel Control 0 server World /Game/MAPS/UEDPIE_0_Main_Menu.Main_Menu: Accepted
[2026.04.03-07.14.39:735][771]LogNet: Remote platform little endian=1
[2026.04.03-07.14.39:735][771]LogNet: This platform little endian=1
[2026.04.03-07.14.39:737][771]LogOnline: OSS: Creating online subsystem instance for: :Context_20
[2026.04.03-07.14.39:771][772]LogNet: Login request: ?Name=WIN-O5Q6NLQMTLB-6275B62945063BD5B626A5AC243E4C39 userId: NULL:WIN-O5Q6NLQMTLB-6275B62945063BD5B626A5AC243E4C39 platform: NULL
[2026.04.03-07.14.39:773][772]LogNet: Welcomed by server (Level: /Game/MAPS/UEDPIE_0_Main_Menu, Game: /Game/FirstPerson/FirstPersonBP/Blueprints/FirstPersonGameMode.FirstPersonGameMode_C)
[2026.04.03-07.14.39:773][772]LogLoad: LoadMap: 127.0.0.1:17777/Game/MAPS/UEDPIE_0_Main_Menu?game=/Game/FirstPerson/FirstPersonBP/Blueprints/FirstPersonGameMode.FirstPersonGameMode_C
[2026.04.03-07.14.39:773][772]LogWorld: BeginTearingDown for /Temp/Untitled_6
[2026.04.03-07.14.39:773][772]LogWorld: UWorld::CleanupWorld for Untitled, bSessionEnded=true, bCleanupResources=true
[2026.04.03-07.14.39:773][772]LogSlate: InvalidateAllWidgets triggered.  All widgets were invalidated
[2026.04.03-07.14.39:797][772]LogAudio: Display: Audio Device unregistered from world 'None'.
[2026.04.03-07.14.39:807][772]LogUObjectHash: Compacting FUObjectHashTables data took   2.47ms
[2026.04.03-07.14.39:813][772]LogAudio: Display: Audio Device (ID: 13) registered with world 'Main_Menu'.
[2026.04.03-07.14.39:814][772]LogAIModule: Creating AISystem for world Main_Menu
[2026.04.03-07.14.39:816][772]LogWorld: Bringing World /Game/MAPS/UEDPIE_1_Main_Menu.Main_Menu up for play (max tick rate 0) at 2026.04.03-10.14.39
[2026.04.03-07.14.39:817][772]LogWorld: Bringing up level for play took: 0.001574
[2026.04.03-07.14.39:817][772]LogLoad: Took 0.044220 seconds to LoadMap(/Game/MAPS/UEDPIE_0_Main_Menu)
[2026.04.03-07.14.39:818][772]LogNavigation: Warning: NavData RegistrationFailed_DataPendingKill.
[2026.04.03-07.14.39:893][773]LogNet: Client netspeed is 100000
[2026.04.03-07.14.39:893][773]LogNet: Join request: /Game/StarterContent/Maps/Minimal_Default?Name=WIN-O5Q6NLQMTLB-6275B62945063BD5B626A5AC243E4C39?SplitscreenCount=1
[2026.04.03-07.14.39:894][773]LogOnlineSession: Warning: OSS: No game present to join for session (GameSession)
[2026.04.03-07.14.39:896][773]LogNet: Join succeeded: WIN-O5Q6NLQMTLB-6275
[2026.04.03-07.14.39:930][774]LogOnlineSession: Warning: OSS: No game present to join for session (GameSession)
[2026.04.03-07.14.39:975][775]LogOnlineSession: Warning: OSS: No game present to join for session (GameSession)
[2026.04.03-07.14.42:722][834]LogNet: Browse: /Game/MAPS/MP_Lobby??listen
[2026.04.03-07.14.42:722][834]LogLoad: LoadMap: /Game/MAPS/MP_Lobby??listen
[2026.04.03-07.14.42:722][834]LogWorld: BeginTearingDown for /Game/MAPS/UEDPIE_0_Main_Menu
[2026.04.03-07.14.42:722][834]LogNet: World NetDriver shutdown IpNetDriver_15 [GameNetDriver]
[2026.04.03-07.14.42:722][834]LogNet: DestroyNamedNetDriver IpNetDriver_15 [GameNetDriver]
[2026.04.03-07.14.42:723][834]LogNet: UNetConnection::Cleanup: Closing open connection. [UNetConnection] RemoteAddr: 127.0.0.1:60216, Name: IpConnection_11, Driver: GameNetDriver IpNetDriver_15, IsServer: YES, PC: PlayerController_1, Owner: PlayerController_1, UniqueId: NULL:WIN-O5Q6NLQMTLB-6275B62945063BD5B626A5AC243E4C39
[2026.04.03-07.14.42:723][834]LogNet: UNetConnection::Close: [UNetConnection] RemoteAddr: 127.0.0.1:60216, Name: IpConnection_11, Driver: GameNetDriver IpNetDriver_15, IsServer: YES, PC: PlayerController_1, Owner: PlayerController_1, UniqueId: NULL:WIN-O5Q6NLQMTLB-6275B62945063BD5B626A5AC243E4C39, Channels: 10, Time: 2026.04.03-07.14.42
[2026.04.03-07.14.42:723][834]LogNet: UChannel::Close: Sending CloseBunch. ChIndex == 0. Name: [UChannel] ChIndex: 0, Closing: 0 [UNetConnection] RemoteAddr: 127.0.0.1:60216, Name: IpConnection_11, Driver: GameNetDriver IpNetDriver_15, IsServer: YES, PC: PlayerController_1, Owner: PlayerController_1, UniqueId: NULL:WIN-O5Q6NLQMTLB-6275B62945063BD5B626A5AC243E4C39
[2026.04.03-07.14.42:723][834]LogExit: GameNetDriver IpNetDriver_15 shut down
[2026.04.03-07.14.42:724][834]LogWorld: UWorld::CleanupWorld for Main_Menu, bSessionEnded=true, bCleanupResources=true
[2026.04.03-07.14.42:724][834]LogSlate: InvalidateAllWidgets triggered.  All widgets were invalidated
[2026.04.03-07.14.42:774][834]LogAudio: Display: Audio Device unregistered from world 'None'.
[2026.04.03-07.14.42:779][834]LogUObjectHash: Compacting FUObjectHashTables data took   2.46ms
[2026.04.03-07.14.42:790][834]LogAudio: Display: Audio Device (ID: 12) registered with world 'MP_Lobby'.
[2026.04.03-07.14.42:791][834]LogAIModule: Creating AISystem for world MP_Lobby
[2026.04.03-07.14.42:791][834]LogLoad: Game class is 'FirstPersonGameMode_C'
[2026.04.03-07.14.42:791][834]LogNet: ReplicationDriverClass is null! Not using ReplicationDriver.
[2026.04.03-07.14.42:791][834]LogNetCore: DDoS detection status: detection enabled: 0 analytics enabled: 0
[2026.04.03-07.14.42:792][834]LogInit: WinSock: Socket queue. Rx: 131072 (config 131072) Tx: 131072 (config 131072)
[2026.04.03-07.14.42:792][834]LogNet: Created socket for bind address: 0.0.0.0 on port 7777
[2026.04.03-07.14.42:792][834]PacketHandlerLog: Loaded PacketHandler component: Engine.EngineHandlerComponentFactory (StatelessConnectHandlerComponent)
[2026.04.03-07.14.42:792][834]LogNet: GameNetDriver IpNetDriver_17 IpNetDriver listening on port 7777
[2026.04.03-07.14.42:794][834]LogWorld: Bringing World /Game/MAPS/UEDPIE_0_MP_Lobby.MP_Lobby up for play (max tick rate 0) at 2026.04.03-10.14.42
[2026.04.03-07.14.42:794][834]LogWorld: Bringing up level for play took: 0.001421
[2026.04.03-07.14.42:796][834]LogLoad: Took 0.074526 seconds to LoadMap(/Game/MAPS/MP_Lobby)
[2026.04.03-07.14.42:798][834]LogNet: Error: UEngine::BroadcastNetworkFailure: FailureType = FailureReceived, ErrorString = Host closed the connection., Driver = GameNetDriver IpNetDriver_16
[2026.04.03-07.14.42:798][834]LogNet: Warning: Network Failure: GameNetDriver[FailureReceived]: Host closed the connection.
[2026.04.03-07.14.42:798][834]LogNet: NetworkFailure: FailureReceived, Error: 'Host closed the connection.'
[2026.04.03-07.14.42:799][834]LogNet: UNetConnection::Close: [UNetConnection] RemoteAddr: 127.0.0.1:17777, Name: IpConnection_10, Driver: GameNetDriver IpNetDriver_16, IsServer: NO, PC: PlayerController_1, Owner: PlayerController_1, UniqueId: NULL:WIN-O5Q6NLQMTLB-6275B62945063BD5B626A5AC243E4C39, Channels: 10, Time: 2026.04.03-07.14.42
[2026.04.03-07.14.42:799][834]LogNet: UChannel::Close: Sending CloseBunch. ChIndex == 0. Name: [UChannel] ChIndex: 0, Closing: 0 [UNetConnection] RemoteAddr: 127.0.0.1:17777, Name: IpConnection_10, Driver: GameNetDriver IpNetDriver_16, IsServer: NO, PC: PlayerController_1, Owner: PlayerController_1, UniqueId: NULL:WIN-O5Q6NLQMTLB-6275B62945063BD5B626A5AC243E4C39
[2026.04.03-07.14.42:799][834]LogNet: Error: UEngine::BroadcastNetworkFailure: FailureType = ConnectionLost, ErrorString = Your connection to the host has been lost., Driver = GameNetDriver IpNetDriver_16
[2026.04.03-07.14.43:005][835]LogNet: Browse: /Game/StarterContent/Maps/Minimal_Default?closed
[2026.04.03-07.14.43:005][835]LogNet: Connection failed; returning to Entry
[2026.04.03-07.14.43:005][835]LogLoad: LoadMap: /Game/StarterContent/Maps/Minimal_Default?closed
[2026.04.03-07.14.43:005][835]LogWorld: BeginTearingDown for /Game/MAPS/UEDPIE_1_Main_Menu
[2026.04.03-07.14.43:005][835]LogNet: World NetDriver shutdown IpNetDriver_16 [GameNetDriver]
[2026.04.03-07.14.43:005][835]LogNet: DestroyNamedNetDriver IpNetDriver_16 [GameNetDriver]
[2026.04.03-07.14.43:005][835]LogExit: GameNetDriver IpNetDriver_16 shut down
[2026.04.03-07.14.43:006][835]LogWorld: UWorld::CleanupWorld for Main_Menu, bSessionEnded=true, bCleanupResources=true
[2026.04.03-07.14.43:006][835]LogSlate: InvalidateAllWidgets triggered.  All widgets were invalidated
[2026.04.03-07.14.43:057][835]LogAudio: Display: Audio Device unregistered from world 'None'.
[2026.04.03-07.14.43:061][835]LogUObjectHash: Compacting FUObjectHashTables data took   2.88ms
[2026.04.03-07.14.43:062][835]LogLinker: Warning: Failed to load '/Game/StarterContent/Maps/Minimal_Default': Can't find file.
[2026.04.03-07.14.43:062][835]LogNet: Error: Failed to load default map (/Game/StarterContent/Maps/Minimal_Default?closed). Error: (Failed to load package '/Game/StarterContent/Maps/Minimal_Default')
[2026.04.03-07.14.45:363][835]LogSlate: Window 'Message' being destroyed
[2026.04.03-07.14.45:373][835]Message dialog closed, result: Ok, title: Message, text: Error 'Failed to load package '/Game/StarterContent/Maps/Minimal_Default''. Exiting.
[2026.04.03-07.14.45:375][835]LogAudio: Display: Audio Device (ID: 13) registered with world 'Untitled'.
[2026.04.03-07.14.45:375][835]LogNet: Warning: Travel Failure: [ClientTravelFailure]: Failed to load package '/Game/StarterContent/Maps/Minimal_Default'
[2026.04.03-07.14.45:375][835]LogNet: Warning: Travel Failure: [ClientTravelFailure]: Failed to load package '/Game/StarterContent/Maps/Minimal_Default'
[2026.04.03-07.14.45:375][835]LogNet: Warning: TravelFailure: ClientTravelFailure, Reason for Failure: 'Failed to load package '/Game/StarterContent/Maps/Minimal_Default''. Shutting down PIE.
[2026.04.03-07.14.45:375][835]PIE: Warning: TravelFailure: ClientTravelFailure, Reason for Failure: 'Failed to load package '/Game/StarterContent/Maps/Minimal_Default''. Shutting down PIE.
[2026.04.03-07.14.45:400][835]LogSlate: Updating window title bar state: overlay mode, drag disabled, window buttons hidden, title bar hidden
[2026.04.03-07.14.45:400][835]LogWorld: BeginTearingDown for /Temp/Untitled_7
[2026.04.03-07.14.45:400][835]LogSlate: Window 'Playtime_Multiplayer Preview [NetMode: Client 1]  (64-bit/Windows) ' being destroyed
[2026.04.03-07.14.45:405][835]LogWorld: UWorld::CleanupWorld for Untitled, bSessionEnded=true, bCleanupResources=true
[2026.04.03-07.14.45:405][835]LogSlate: InvalidateAllWidgets triggered.  All widgets were invalidated
[2026.04.03-07.14.45:426][835]LogWorld: BeginTearingDown for /Game/MAPS/UEDPIE_0_MP_Lobby
[2026.04.03-07.14.45:426][835]LogSlate: Updating window title bar state: overlay mode, drag disabled, window buttons hidden, title bar hidden
[2026.04.03-07.14.45:426][835]LogSlate: Window 'Playtime_Multiplayer Preview [NetMode: Server]  (64-bit/Windows) ' being destroyed
[2026.04.03-07.14.45:430][835]LogWorld: UWorld::CleanupWorld for MP_Lobby, bSessionEnded=true, bCleanupResources=true
[2026.04.03-07.14.45:430][835]LogSlate: InvalidateAllWidgets triggered.  All widgets were invalidated
[2026.04.03-07.14.45:442][835]LogNet: World NetDriver shutdown IpNetDriver_17 [GameNetDriver]
[2026.04.03-07.14.45:442][835]LogNet: DestroyNamedNetDriver IpNetDriver_17 [GameNetDriver]
[2026.04.03-07.14.45:443][835]LogExit: GameNetDriver IpNetDriver_17 shut down
[2026.04.03-07.14.45:443][835]LogPlayLevel: Display: Shutting down PIE online subsystems
[2026.04.03-07.14.45:447][835]LogSlate: InvalidateAllWidgets triggered.  All widgets were invalidated
[2026.04.03-07.14.45:468][835]LogAudioMixer: FMixerPlatformXAudio2::StopAudioStream() called
[2026.04.03-07.14.45:470][835]LogAudioMixer: FMixerPlatformXAudio2::StopAudioStream() called
[2026.04.03-07.14.45:473][835]LogAudio: Display: Audio Device unregistered from world 'None'.
[2026.04.03-07.14.45:473][835]LogAudioMixer: FMixerPlatformXAudio2::StopAudioStream() called
[2026.04.03-07.14.45:474][835]LogAudioMixer: FMixerPlatformXAudio2::StopAudioStream() called
[2026.04.03-07.14.45:479][835]LogUObjectHash: Compacting FUObjectHashTables data took   2.39ms
[2026.04.03-07.14.45:583][836]LogPlayLevel: Display: Destroying online subsystem :Context_20
[2026.04.03-07.14.45:583][836]LogPlayLevel: Display: Destroying online subsystem :Context_19
[2026.04.03-07.14.50:529][  5]LogSlate: Window 'Message Log' being destroyed
[2026.04.03-07.14.50:543][  5]LogSlate: Window 'Message Log' being destroyed
[2026.04.03-07.14.53:742][149]LogAssetEditorSubsystem: Opening Asset editor for WidgetBlueprint /Game/MULTIPLAYER/SERVER_LIST.SERVER_LIST
[2026.04.03-07.14.56:164][228]LogSlate: Window 'SERVER_LIST' being destroyed
[2026.04.03-07.14.56:174][228]LogSlate: Window 'SERVER_LIST' being destroyed
[2026.04.03-07.14.56:177][228]LogWorld: UWorld::CleanupWorld for World_8, bSessionEnded=true, bCleanupResources=true
[2026.04.03-07.14.56:177][228]LogSlate: InvalidateAllWidgets triggered.  All widgets were invalidated
[2026.04.03-07.14.56:184][228]LogWorld: UWorld::CleanupWorld for World_7, bSessionEnded=true, bCleanupResources=true
[2026.04.03-07.14.56:184][228]LogSlate: InvalidateAllWidgets triggered.  All widgets were invalidated
[2026.04.03-07.14.56:231][228]LogWorld: UWorld::CleanupWorld for World_10, bSessionEnded=true, bCleanupResources=true
[2026.04.03-07.14.56:231][228]LogSlate: InvalidateAllWidgets triggered.  All widgets were invalidated
[2026.04.03-07.14.56:238][228]LogWorld: UWorld::CleanupWorld for World_9, bSessionEnded=true, bCleanupResources=true
[2026.04.03-07.14.56:238][228]LogSlate: InvalidateAllWidgets triggered.  All widgets were invalidated
[2026.04.03-07.15.13:486][ 17]LogAssetEditorSubsystem: Opening Asset editor for WidgetBlueprint /Game/Widgets/Lobby.Lobby
[2026.04.03-07.15.15:267][ 75]LogSlate: Window 'Lobby' being destroyed
[2026.04.03-07.15.15:280][ 75]LogSlate: Window 'Lobby' being destroyed
[2026.04.03-07.15.15:283][ 75]LogWorld: UWorld::CleanupWorld for World_12, bSessionEnded=true, bCleanupResources=true
[2026.04.03-07.15.15:284][ 75]LogSlate: InvalidateAllWidgets triggered.  All widgets were invalidated
[2026.04.03-07.15.15:290][ 75]LogWorld: UWorld::CleanupWorld for World_11, bSessionEnded=true, bCleanupResources=true
[2026.04.03-07.15.15:290][ 75]LogSlate: InvalidateAllWidgets triggered.  All widgets were invalidated
[2026.04.03-07.15.16:817][145]LogAssetEditorSubsystem: Opening Asset editor for WidgetBlueprint /Game/Widgets/Lobby.Lobby
[2026.04.03-07.15.18:149][184]BlueprintLog: New page: Compile Lobby
[2026.04.03-07.15.18:158][184]LogBlueprint: Error: [AssetLog] C:\Users\User\Documents\Unreal Projects\Playtime_Multiplayer\Content\Widgets\Lobby.uasset: [Compiler] Binding: Property ' /Script/UMG.Widget:ToolTipTextDelegate ' on Widget ' Border_116 ': Binding: 'None' : 'None' was not found on 'Lobby'.
[2026.04.03-07.15.18:204][184]LogUObjectHash: Compacting FUObjectHashTables data took   2.53ms
[2026.04.03-07.15.19:124][224]BlueprintLog: New page: Compile Lobby
[2026.04.03-07.15.19:130][224]LogBlueprint: Error: [AssetLog] C:\Users\User\Documents\Unreal Projects\Playtime_Multiplayer\Content\Widgets\Lobby.uasset: [Compiler] Binding: Property ' /Script/UMG.Widget:ToolTipTextDelegate ' on Widget ' Border_116 ': Binding: 'None' : 'None' was not found on 'Lobby'.
[2026.04.03-07.15.19:155][224]LogUObjectHash: Compacting FUObjectHashTables data took   3.19ms
[2026.04.03-07.15.20:775][294]LogBlueprint: Warning: Unknown type of hyperlinked object (Border_116), cannot focus it
[2026.04.03-07.15.30:376][678]LogSlate: Window 'Lobby' being destroyed
[2026.04.03-07.15.30:390][678]LogSlate: Window 'Lobby' being destroyed
[2026.04.03-07.15.30:395][678]LogWorld: UWorld::CleanupWorld for World_14, bSessionEnded=true, bCleanupResources=true
[2026.04.03-07.15.30:395][678]LogSlate: InvalidateAllWidgets triggered.  All widgets were invalidated
[2026.04.03-07.15.30:402][678]LogWorld: UWorld::CleanupWorld for World_13, bSessionEnded=true, bCleanupResources=true
[2026.04.03-07.15.30:402][678]LogSlate: InvalidateAllWidgets triggered.  All widgets were invalidated
[2026.04.03-07.15.32:896][789]LogAssetEditorSubsystem: Opening Asset editor for WidgetBlueprint /Game/Widgets/choice_play.choice_play
[2026.04.03-07.15.59:656][388]BlueprintLog: New page: Compile choice_play
[2026.04.03-07.15.59:696][388]LogUObjectHash: Compacting FUObjectHashTables data took   3.30ms
[2026.04.03-07.16.00:764][431]LogTemp: Repeating last play command: New Editor Window (PIE)
[2026.04.03-07.16.00:771][431]LogPlayLevel: PlayLevel: No blueprints needed recompiling
[2026.04.03-07.16.00:771][431]BlueprintLog: Warning: Blueprint failed to compile:  Lobby
[2026.04.03-07.16.00:772][431]LogCustomDialog: Dialog displayed:
[2026.04.03-07.16.03:063][431]LogSlate: Window 'Blueprint Compilation Errors' being destroyed
[2026.04.03-07.16.03:073][431]PIE: New page: PIE session: Main_Menu (3 апр. 2026 г., 13:16:03)
[2026.04.03-07.16.03:073][431]LogPlayLevel: Creating play world package: /Game/MAPS/UEDPIE_0_Main_Menu
[2026.04.03-07.16.03:079][431]LogPlayLevel: PIE: StaticDuplicateObject took: (0.005196s)
[2026.04.03-07.16.03:079][431]LogAIModule: Creating AISystem for world Main_Menu
[2026.04.03-07.16.03:079][431]LogPlayLevel: PIE: World Init took: (0.001156s)
[2026.04.03-07.16.03:079][431]LogPlayLevel: PIE: Created PIE world by copying editor world from /Game/MAPS/Main_Menu.Main_Menu to /Game/MAPS/UEDPIE_0_Main_Menu.Main_Menu (0.006542s)
[2026.04.03-07.16.03:104][431]LogUObjectHash: Compacting FUObjectHashTables data took   2.65ms
[2026.04.03-07.16.03:104][431]LogAudio: Display: Creating Audio Device:                 Id: 14, Scope: Unique, Realtime: True
[2026.04.03-07.16.03:104][431]LogAudioMixer: Display: Audio Mixer Platform Settings:
[2026.04.03-07.16.03:104][431]LogAudioMixer: Display: 	Sample Rate:						  48000
[2026.04.03-07.16.03:104][431]LogAudioMixer: Display: 	Callback Buffer Frame Size Requested: 1024
[2026.04.03-07.16.03:104][431]LogAudioMixer: Display: 	Callback Buffer Frame Size To Use:	  1024
[2026.04.03-07.16.03:104][431]LogAudioMixer: Display: 	Number of buffers to queue:			  2
[2026.04.03-07.16.03:104][431]LogAudioMixer: Display: 	Max Channels (voices):				  32
[2026.04.03-07.16.03:104][431]LogAudioMixer: Display: 	Number of Async Source Workers:		  0
[2026.04.03-07.16.03:104][431]LogAudio: Display: AudioDevice MaxSources: 32
[2026.04.03-07.16.03:105][431]LogAudio: Display: Audio Spatialization Plugin: None (built-in).
[2026.04.03-07.16.03:105][431]LogAudio: Display: Audio Reverb Plugin: None (built-in).
[2026.04.03-07.16.03:105][431]LogAudio: Display: Audio Occlusion Plugin: None (built-in).
[2026.04.03-07.16.03:105][431]LogAudioMixer: Display: Initializing audio mixer.
[2026.04.03-07.16.03:108][431]LogAudioMixer: Display: 0: FrontLeft
[2026.04.03-07.16.03:108][431]LogAudioMixer: Display: 1: FrontRight
[2026.04.03-07.16.03:135][431]LogAudioMixer: Display: Using Audio Device Headphones (Realtek(R) Audio)
[2026.04.03-07.16.03:135][431]LogAudioMixer: Display: Initializing Sound Submixes...
[2026.04.03-07.16.03:135][431]LogAudioMixer: Display: Creating Master Submix 'MasterSubmixDefault'
[2026.04.03-07.16.03:135][431]LogAudioMixer: Display: Creating Master Submix 'MasterReverbSubmixDefault'
[2026.04.03-07.16.03:136][431]LogAudioMixer: Display: Creating Master Submix 'MasterEQSubmixDefault'
[2026.04.03-07.16.03:136][431]LogAudioMixer: FMixerPlatformXAudio2::StartAudioStream() called
[2026.04.03-07.16.03:136][431]LogAudioMixer: Display: Output buffers initialized: Frames=1024, Channels=2, Samples=2048
[2026.04.03-07.16.03:137][431]LogAudioMixer: Display: Starting AudioMixerPlatformInterface::RunInternal()
[2026.04.03-07.16.03:137][431]LogAudioMixer: Display: FMixerPlatformXAudio2::SubmitBuffer() called for the first time
[2026.04.03-07.16.03:137][431]LogInit: FAudioDevice initialized.
[2026.04.03-07.16.03:137][431]LogAudio: Display: Audio Device (ID: 14) registered with world 'Main_Menu'.
[2026.04.03-07.16.03:180][431]LogSlate: Updating window title bar state: overlay mode, drag disabled, window buttons hidden, title bar hidden
[2026.04.03-07.16.03:181][431]LogLoad: Game class is 'FirstPersonGameMode_C'
[2026.04.03-07.16.03:184][431]LogWorld: Bringing World /Game/MAPS/UEDPIE_0_Main_Menu.Main_Menu up for play (max tick rate 0) at 2026.04.03-10.16.03
[2026.04.03-07.16.03:185][431]LogWorld: Bringing up level for play took: 0.002713
[2026.04.03-07.16.03:185][431]LogOnline: OSS: Creating online subsystem instance for: :Context_29
[2026.04.03-07.16.03:189][431]LogNet: ReplicationDriverClass is null! Not using ReplicationDriver.
[2026.04.03-07.16.03:189][431]LogNetCore: DDoS detection status: detection enabled: 0 analytics enabled: 0
[2026.04.03-07.16.03:189][431]LogInit: WinSock: Socket queue. Rx: 131072 (config 131072) Tx: 131072 (config 131072)
[2026.04.03-07.16.03:189][431]LogNet: Created socket for bind address: 0.0.0.0 on port 17777
[2026.04.03-07.16.03:189][431]PacketHandlerLog: Loaded PacketHandler component: Engine.EngineHandlerComponentFactory (StatelessConnectHandlerComponent)
[2026.04.03-07.16.03:189][431]LogNet: GameNetDriver IpNetDriver_18 IpNetDriver listening on port 17777
[2026.04.03-07.16.03:192][431]PIE: Server logged in
[2026.04.03-07.16.03:195][431]PIE: Play in editor total start time 2,425 seconds.
[2026.04.03-07.16.03:197][431]LogAudio: Display: Creating Audio Device:                 Id: 15, Scope: Unique, Realtime: True
[2026.04.03-07.16.03:197][431]LogAudioMixer: Display: Audio Mixer Platform Settings:
[2026.04.03-07.16.03:197][431]LogAudioMixer: Display: 	Sample Rate:						  48000
[2026.04.03-07.16.03:197][431]LogAudioMixer: Display: 	Callback Buffer Frame Size Requested: 1024
[2026.04.03-07.16.03:197][431]LogAudioMixer: Display: 	Callback Buffer Frame Size To Use:	  1024
[2026.04.03-07.16.03:197][431]LogAudioMixer: Display: 	Number of buffers to queue:			  2
[2026.04.03-07.16.03:197][431]LogAudioMixer: Display: 	Max Channels (voices):				  32
[2026.04.03-07.16.03:197][431]LogAudioMixer: Display: 	Number of Async Source Workers:		  0
[2026.04.03-07.16.03:197][431]LogAudio: Display: AudioDevice MaxSources: 32
[2026.04.03-07.16.03:197][431]LogAudio: Display: Audio Spatialization Plugin: None (built-in).
[2026.04.03-07.16.03:197][431]LogAudio: Display: Audio Reverb Plugin: None (built-in).
[2026.04.03-07.16.03:197][431]LogAudio: Display: Audio Occlusion Plugin: None (built-in).
[2026.04.03-07.16.03:197][431]LogAudioMixer: Display: Initializing audio mixer.
[2026.04.03-07.16.03:201][431]LogAudioMixer: Display: 0: FrontLeft
[2026.04.03-07.16.03:201][431]LogAudioMixer: Display: 1: FrontRight
[2026.04.03-07.16.03:209][431]LogAudioMixer: Display: Using Audio Device Headphones (Realtek(R) Audio)
[2026.04.03-07.16.03:209][431]LogAudioMixer: Display: Initializing Sound Submixes...
[2026.04.03-07.16.03:209][431]LogAudioMixer: Display: Creating Master Submix 'MasterSubmixDefault'
[2026.04.03-07.16.03:209][431]LogAudioMixer: Display: Creating Master Submix 'MasterReverbSubmixDefault'
[2026.04.03-07.16.03:210][431]LogAudioMixer: Display: Creating Master Submix 'MasterEQSubmixDefault'
[2026.04.03-07.16.03:210][431]LogAudioMixer: FMixerPlatformXAudio2::StartAudioStream() called
[2026.04.03-07.16.03:210][431]LogAudioMixer: Display: Output buffers initialized: Frames=1024, Channels=2, Samples=2048
[2026.04.03-07.16.03:211][431]LogAudioMixer: Display: Starting AudioMixerPlatformInterface::RunInternal()
[2026.04.03-07.16.03:211][431]LogAudioMixer: Display: FMixerPlatformXAudio2::SubmitBuffer() called for the first time
[2026.04.03-07.16.03:211][431]LogInit: FAudioDevice initialized.
[2026.04.03-07.16.03:211][431]LogAudio: Display: Audio Device (ID: 15) registered with world 'Untitled'.
[2026.04.03-07.16.03:264][431]LogSlate: Updating window title bar state: overlay mode, drag disabled, window buttons hidden, title bar hidden
[2026.04.03-07.16.03:264][431]LogNet: Browse: 127.0.0.1:17777/Game/StarterContent/Maps/Minimal_Default
[2026.04.03-07.16.03:265][431]LogInit: WinSock: Socket queue. Rx: 32768 (config 32768) Tx: 32768 (config 32768)
[2026.04.03-07.16.03:265][431]LogNet: Created socket for bind address: 0.0.0.0 on port 0
[2026.04.03-07.16.03:265][431]PacketHandlerLog: Loaded PacketHandler component: Engine.EngineHandlerComponentFactory (StatelessConnectHandlerComponent)
[2026.04.03-07.16.03:265][431]LogNet: Game client on port 17777, rate 100000
[2026.04.03-07.16.03:267][431]PIE: Client logged in
[2026.04.03-07.16.03:270][431]PIE: Play in editor total start time 2,499 seconds.
[2026.04.03-07.16.04:322][455]LogNet: NotifyAcceptingConnection accepted from: 127.0.0.1:58419
[2026.04.03-07.16.04:322][455]LogHandshake: SendConnectChallenge. Timestamp: 3.567171, Cookie: 226072093027055076049210253255117216102068056241210109232078
[2026.04.03-07.16.04:324][455]LogHandshake: SendChallengeResponse. Timestamp: 3.567171, Cookie: 226072093027055076049210253255117216102068056241210109232078
[2026.04.03-07.16.04:361][456]LogNet: NotifyAcceptingConnection accepted from: 127.0.0.1:58419
[2026.04.03-07.16.04:361][456]LogHandshake: SendChallengeAck. InCookie: 226072093027055076049210253255117216102068056241210109232078
[2026.04.03-07.16.04:361][456]LogNet: Server accepting post-challenge connection from: 127.0.0.1:58419
[2026.04.03-07.16.04:361][456]PacketHandlerLog: Loaded PacketHandler component: Engine.EngineHandlerComponentFactory (StatelessConnectHandlerComponent)
[2026.04.03-07.16.04:362][456]LogNet: NotifyAcceptedConnection: Name: Main_Menu, TimeStamp: 04/03/26 10:16:04, [UNetConnection] RemoteAddr: 127.0.0.1:58419, Name: IpConnection_13, Driver: GameNetDriver IpNetDriver_18, IsServer: YES, PC: NULL, Owner: NULL, UniqueId: INVALID
[2026.04.03-07.16.04:362][456]LogNet: AddClientConnection: Added client connection: [UNetConnection] RemoteAddr: 127.0.0.1:58419, Name: IpConnection_13, Driver: GameNetDriver IpNetDriver_18, IsServer: YES, PC: NULL, Owner: NULL, UniqueId: INVALID
[2026.04.03-07.16.04:363][456]LogNet: UPendingNetGame::SendInitialJoin: Sending hello. [UNetConnection] RemoteAddr: 127.0.0.1:17777, Name: IpConnection_12, Driver: PendingNetDriver IpNetDriver_19, IsServer: NO, PC: NULL, Owner: NULL, UniqueId: INVALID
[2026.04.03-07.16.04:398][457]LogNet: NotifyAcceptingChannel Control 0 server World /Game/MAPS/UEDPIE_0_Main_Menu.Main_Menu: Accepted
[2026.04.03-07.16.04:398][457]LogNet: Remote platform little endian=1
[2026.04.03-07.16.04:398][457]LogNet: This platform little endian=1
[2026.04.03-07.16.04:402][457]LogOnline: OSS: Creating online subsystem instance for: :Context_30
[2026.04.03-07.16.04:447][458]LogNet: Login request: ?Name=WIN-O5Q6NLQMTLB-B9458AC141EF24168E0D17933BA33649 userId: NULL:WIN-O5Q6NLQMTLB-B9458AC141EF24168E0D17933BA33649 platform: NULL
[2026.04.03-07.16.04:449][458]LogNet: Welcomed by server (Level: /Game/MAPS/UEDPIE_0_Main_Menu, Game: /Game/FirstPerson/FirstPersonBP/Blueprints/FirstPersonGameMode.FirstPersonGameMode_C)
[2026.04.03-07.16.04:449][458]LogLoad: LoadMap: 127.0.0.1:17777/Game/MAPS/UEDPIE_0_Main_Menu?game=/Game/FirstPerson/FirstPersonBP/Blueprints/FirstPersonGameMode.FirstPersonGameMode_C
[2026.04.03-07.16.04:449][458]LogWorld: BeginTearingDown for /Temp/Untitled_8
[2026.04.03-07.16.04:450][458]LogWorld: UWorld::CleanupWorld for Untitled, bSessionEnded=true, bCleanupResources=true
[2026.04.03-07.16.04:450][458]LogSlate: InvalidateAllWidgets triggered.  All widgets were invalidated
[2026.04.03-07.16.04:479][458]LogAudio: Display: Audio Device unregistered from world 'None'.
[2026.04.03-07.16.04:489][458]LogUObjectHash: Compacting FUObjectHashTables data took   2.65ms
[2026.04.03-07.16.04:495][458]LogAudio: Display: Audio Device (ID: 15) registered with world 'Main_Menu'.
[2026.04.03-07.16.04:496][458]LogAIModule: Creating AISystem for world Main_Menu
[2026.04.03-07.16.04:498][458]LogWorld: Bringing World /Game/MAPS/UEDPIE_1_Main_Menu.Main_Menu up for play (max tick rate 0) at 2026.04.03-10.16.04
[2026.04.03-07.16.04:498][458]LogWorld: Bringing up level for play took: 0.001684
[2026.04.03-07.16.04:499][458]LogLoad: Took 0.049514 seconds to LoadMap(/Game/MAPS/UEDPIE_0_Main_Menu)
[2026.04.03-07.16.04:499][458]LogNavigation: Warning: NavData RegistrationFailed_DataPendingKill.
[2026.04.03-07.16.04:578][459]LogNet: Client netspeed is 100000
[2026.04.03-07.16.04:578][459]LogNet: Join request: /Game/StarterContent/Maps/Minimal_Default?Name=WIN-O5Q6NLQMTLB-B9458AC141EF24168E0D17933BA33649?SplitscreenCount=1
[2026.04.03-07.16.04:578][459]LogOnlineSession: Warning: OSS: No game present to join for session (GameSession)
[2026.04.03-07.16.04:580][459]LogNet: Join succeeded: WIN-O5Q6NLQMTLB-B945
[2026.04.03-07.16.04:610][460]LogOnlineSession: Warning: OSS: No game present to join for session (GameSession)
[2026.04.03-07.16.04:656][461]LogOnlineSession: Warning: OSS: No game present to join for session (GameSession)
[2026.04.03-07.16.08:068][532]LogNet: Browse: /Game/MAPS/MP_Lobby??listen
[2026.04.03-07.16.08:068][532]LogLoad: LoadMap: /Game/MAPS/MP_Lobby??listen
[2026.04.03-07.16.08:068][532]LogWorld: BeginTearingDown for /Game/MAPS/UEDPIE_1_Main_Menu
[2026.04.03-07.16.08:068][532]LogNet: World NetDriver shutdown IpNetDriver_19 [GameNetDriver]
[2026.04.03-07.16.08:068][532]LogNet: DestroyNamedNetDriver IpNetDriver_19 [GameNetDriver]
[2026.04.03-07.16.08:068][532]LogNet: UNetConnection::Close: [UNetConnection] RemoteAddr: 127.0.0.1:17777, Name: IpConnection_12, Driver: GameNetDriver IpNetDriver_19, IsServer: NO, PC: PlayerController_1, Owner: PlayerController_1, UniqueId: NULL:WIN-O5Q6NLQMTLB-B9458AC141EF24168E0D17933BA33649, Channels: 11, Time: 2026.04.03-07.16.08
[2026.04.03-07.16.08:068][532]LogNet: UChannel::Close: Sending CloseBunch. ChIndex == 0. Name: [UChannel] ChIndex: 0, Closing: 0 [UNetConnection] RemoteAddr: 127.0.0.1:17777, Name: IpConnection_12, Driver: GameNetDriver IpNetDriver_19, IsServer: NO, PC: PlayerController_1, Owner: PlayerController_1, UniqueId: NULL:WIN-O5Q6NLQMTLB-B9458AC141EF24168E0D17933BA33649
[2026.04.03-07.16.08:068][532]LogExit: GameNetDriver IpNetDriver_19 shut down
[2026.04.03-07.16.08:069][532]LogWorld: UWorld::CleanupWorld for Main_Menu, bSessionEnded=true, bCleanupResources=true
[2026.04.03-07.16.08:070][532]LogSlate: InvalidateAllWidgets triggered.  All widgets were invalidated
[2026.04.03-07.16.08:122][532]LogAudio: Display: Audio Device unregistered from world 'None'.
[2026.04.03-07.16.08:125][532]LogUObjectHash: Compacting FUObjectHashTables data took   2.13ms
[2026.04.03-07.16.08:138][532]LogAudio: Display: Audio Device (ID: 15) registered with world 'MP_Lobby'.
[2026.04.03-07.16.08:140][532]LogAIModule: Creating AISystem for world MP_Lobby
[2026.04.03-07.16.08:140][532]LogLoad: Game class is 'FirstPersonGameMode_C'
[2026.04.03-07.16.08:140][532]LogNet: ReplicationDriverClass is null! Not using ReplicationDriver.
[2026.04.03-07.16.08:140][532]LogNetCore: DDoS detection status: detection enabled: 0 analytics enabled: 0
[2026.04.03-07.16.08:140][532]LogInit: WinSock: Socket queue. Rx: 131072 (config 131072) Tx: 131072 (config 131072)
[2026.04.03-07.16.08:140][532]LogNet: Created socket for bind address: 0.0.0.0 on port 7777
[2026.04.03-07.16.08:140][532]PacketHandlerLog: Loaded PacketHandler component: Engine.EngineHandlerComponentFactory (StatelessConnectHandlerComponent)
[2026.04.03-07.16.08:140][532]LogNet: GameNetDriver IpNetDriver_20 IpNetDriver listening on port 7777
[2026.04.03-07.16.08:143][532]LogWorld: Bringing World /Game/MAPS/UEDPIE_1_MP_Lobby.MP_Lobby up for play (max tick rate 0) at 2026.04.03-10.16.08
[2026.04.03-07.16.08:143][532]LogWorld: Bringing up level for play took: 0.001563
[2026.04.03-07.16.08:145][532]LogLoad: Took 0.077688 seconds to LoadMap(/Game/MAPS/MP_Lobby)
[2026.04.03-07.16.08:369][533]LogNet: UChannel::ReceivedSequencedBunch: Bunch.bClose == true. ChIndex == 0. Calling ConditionalCleanUp.
[2026.04.03-07.16.08:369][533]LogNet: UChannel::CleanUp: ChIndex == 0. Closing connection. [UChannel] ChIndex: 0, Closing: 0 [UNetConnection] RemoteAddr: 127.0.0.1:58419, Name: IpConnection_13, Driver: GameNetDriver IpNetDriver_18, IsServer: YES, PC: PlayerController_1, Owner: PlayerController_1, UniqueId: NULL:WIN-O5Q6NLQMTLB-B9458AC141EF24168E0D17933BA33649
[2026.04.03-07.16.08:369][533]LogNet: UNetConnection::Close: [UNetConnection] RemoteAddr: 127.0.0.1:58419, Name: IpConnection_13, Driver: GameNetDriver IpNetDriver_18, IsServer: YES, PC: PlayerController_1, Owner: PlayerController_1, UniqueId: NULL:WIN-O5Q6NLQMTLB-B9458AC141EF24168E0D17933BA33649, Channels: 11, Time: 2026.04.03-07.16.08
[2026.04.03-07.16.08:369][533]LogNet: UChannel::Close: Sending CloseBunch. ChIndex == 0. Name: [UChannel] ChIndex: 0, Closing: 0 [UNetConnection] RemoteAddr: 127.0.0.1:58419, Name: IpConnection_13, Driver: GameNetDriver IpNetDriver_18, IsServer: YES, PC: PlayerController_1, Owner: PlayerController_1, UniqueId: NULL:WIN-O5Q6NLQMTLB-B9458AC141EF24168E0D17933BA33649
[2026.04.03-07.16.08:370][533]LogOnlineSession: Warning: OSS: No game present to leave for session (GameSession)
[2026.04.03-07.16.14:916][676]LogBlueprintUserMessages: [SERVER_LIST_C_0] Server: GOOD
[2026.04.03-07.16.25:716][848]LogBlueprintUserMessages: [SERVER_LIST_C_0] Server: GOOD
[2026.04.03-07.16.31:214][878]LogOnlineSession: Warning: OSS: Ignoring game search request while one is pending
[2026.04.03-07.16.31:404][882]LogOnlineSession: Warning: OSS: Ignoring game search request while one is pending
[2026.04.03-07.16.31:545][885]LogOnlineSession: Warning: OSS: Ignoring game search request while one is pending
[2026.04.03-07.16.31:779][890]LogOnlineSession: Warning: OSS: Ignoring game search request while one is pending
[2026.04.03-07.16.32:018][895]LogOnlineSession: Warning: OSS: Ignoring game search request while one is pending
[2026.04.03-07.16.32:579][907]LogOnlineSession: Warning: OSS: Ignoring game search request while one is pending
[2026.04.03-07.16.33:238][921]LogOnlineSession: Warning: OSS: Ignoring game search request while one is pending
[2026.04.03-07.16.35:421][968]LogOnlineSession: Warning: OSS: Ignoring game search request while one is pending
[2026.04.03-07.16.36:063][982]LogBlueprintUserMessages: [SERVER_LIST_C_0] Server: GOOD
[2026.04.03-07.16.36:063][982]LogBlueprintUserMessages: [SERVER_LIST_C_0] Server: GOOD
[2026.04.03-07.16.36:063][982]LogBlueprintUserMessages: [SERVER_LIST_C_0] Server: GOOD
[2026.04.03-07.16.36:063][982]LogBlueprintUserMessages: [SERVER_LIST_C_0] Server: GOOD
[2026.04.03-07.16.36:063][982]LogBlueprintUserMessages: [SERVER_LIST_C_0] Server: GOOD
[2026.04.03-07.16.36:063][982]LogBlueprintUserMessages: [SERVER_LIST_C_0] Server: GOOD
[2026.04.03-07.16.36:063][982]LogBlueprintUserMessages: [SERVER_LIST_C_0] Server: GOOD
[2026.04.03-07.16.36:063][982]LogBlueprintUserMessages: [SERVER_LIST_C_0] Server: GOOD
[2026.04.03-07.16.36:063][982]LogBlueprintUserMessages: [SERVER_LIST_C_0] Server: GOOD
[2026.04.03-07.16.40:490][ 70]LogSlate: Updating window title bar state: overlay mode, drag disabled, window buttons hidden, title bar hidden
[2026.04.03-07.16.40:490][ 70]LogWorld: BeginTearingDown for /Game/MAPS/UEDPIE_1_MP_Lobby
[2026.04.03-07.16.40:491][ 70]LogSlate: Window 'Playtime_Multiplayer Preview [NetMode: Client 1]  (64-bit/Windows) ' being destroyed
[2026.04.03-07.16.40:523][ 70]LogWorld: UWorld::CleanupWorld for MP_Lobby, bSessionEnded=true, bCleanupResources=true
[2026.04.03-07.16.40:524][ 70]LogSlate: InvalidateAllWidgets triggered.  All widgets were invalidated
[2026.04.03-07.16.40:544][ 70]LogNet: World NetDriver shutdown IpNetDriver_20 [GameNetDriver]
[2026.04.03-07.16.40:544][ 70]LogNet: DestroyNamedNetDriver IpNetDriver_20 [GameNetDriver]
[2026.04.03-07.16.40:544][ 70]LogExit: GameNetDriver IpNetDriver_20 shut down
[2026.04.03-07.16.40:544][ 70]LogWorld: BeginTearingDown for /Game/MAPS/UEDPIE_0_Main_Menu
[2026.04.03-07.16.40:544][ 70]LogOnlineSession: Warning: OSS: No game present to leave for session (GameSession)
[2026.04.03-07.16.40:545][ 70]LogSlate: Updating window title bar state: overlay mode, drag disabled, window buttons hidden, title bar hidden
[2026.04.03-07.16.40:545][ 70]LogSlate: Window 'Playtime_Multiplayer Preview [NetMode: Server]  (64-bit/Windows) ' being destroyed
[2026.04.03-07.16.40:557][ 70]LogWorld: UWorld::CleanupWorld for Main_Menu, bSessionEnded=true, bCleanupResources=true
[2026.04.03-07.16.40:559][ 70]LogSlate: InvalidateAllWidgets triggered.  All widgets were invalidated
[2026.04.03-07.16.40:573][ 70]LogNet: World NetDriver shutdown IpNetDriver_18 [GameNetDriver]
[2026.04.03-07.16.40:573][ 70]LogNet: DestroyNamedNetDriver IpNetDriver_18 [GameNetDriver]
[2026.04.03-07.16.40:573][ 70]LogExit: GameNetDriver IpNetDriver_18 shut down
[2026.04.03-07.16.40:574][ 70]LogPlayLevel: Display: Shutting down PIE online subsystems
[2026.04.03-07.16.40:580][ 70]LogSlate: InvalidateAllWidgets triggered.  All widgets were invalidated
[2026.04.03-07.16.40:606][ 70]LogAudio: Display: Audio Device unregistered from world 'None'.
[2026.04.03-07.16.40:607][ 70]LogAudioMixer: FMixerPlatformXAudio2::StopAudioStream() called
[2026.04.03-07.16.40:608][ 70]LogAudioMixer: FMixerPlatformXAudio2::StopAudioStream() called
[2026.04.03-07.16.40:610][ 70]LogAudioMixer: FMixerPlatformXAudio2::StopAudioStream() called
[2026.04.03-07.16.40:611][ 70]LogAudioMixer: FMixerPlatformXAudio2::StopAudioStream() called
[2026.04.03-07.16.40:622][ 70]LogUObjectHash: Compacting FUObjectHashTables data took   2.86ms
[2026.04.03-07.16.40:793][ 71]LogPlayLevel: Display: Destroying online subsystem :Context_30
[2026.04.03-07.16.40:793][ 71]LogPlayLevel: Display: Destroying online subsystem :Context_29
[2026.04.03-07.16.46:439][220]BlueprintLog: New page: Compile choice_play
[2026.04.03-07.16.46:474][220]LogUObjectHash: Compacting FUObjectHashTables data took   2.62ms
[2026.04.03-07.16.47:339][257]BlueprintLog: New page: Compile choice_play
[2026.04.03-07.16.47:372][257]LogUObjectHash: Compacting FUObjectHashTables data took   2.83ms
[2026.04.03-07.16.48:183][293]BlueprintLog: New page: Compile choice_play
[2026.04.03-07.16.48:214][293]LogUObjectHash: Compacting FUObjectHashTables data took   2.98ms
[2026.04.03-07.16.48:400][300]BlueprintLog: New page: Compile choice_play
[2026.04.03-07.16.48:441][300]LogUObjectHash: Compacting FUObjectHashTables data took   2.78ms
[2026.04.03-07.16.48:599][313]BlueprintLog: New page: Compile choice_play
[2026.04.03-07.16.48:631][313]LogUObjectHash: Compacting FUObjectHashTables data took   2.78ms
[2026.04.03-07.17.08:806][381]BlueprintLog: New page: Compile choice_play
[2026.04.03-07.17.08:841][381]LogUObjectHash: Compacting FUObjectHashTables data took   2.83ms
[2026.04.03-07.17.10:094][432]LogTemp: Repeating last play command: New Editor Window (PIE)
[2026.04.03-07.17.10:100][432]LogPlayLevel: PlayLevel: No blueprints needed recompiling
[2026.04.03-07.17.10:101][432]PIE: New page: PIE session: Main_Menu (3 апр. 2026 г., 13:17:10)
[2026.04.03-07.17.10:101][432]LogPlayLevel: Creating play world package: /Game/MAPS/UEDPIE_0_Main_Menu
[2026.04.03-07.17.10:106][432]LogPlayLevel: PIE: StaticDuplicateObject took: (0.005230s)
[2026.04.03-07.17.10:107][432]LogAIModule: Creating AISystem for world Main_Menu
[2026.04.03-07.17.10:107][432]LogPlayLevel: PIE: World Init took: (0.001078s)
[2026.04.03-07.17.10:107][432]LogPlayLevel: PIE: Created PIE world by copying editor world from /Game/MAPS/Main_Menu.Main_Menu to /Game/MAPS/UEDPIE_0_Main_Menu.Main_Menu (0.006435s)
[2026.04.03-07.17.10:130][432]LogUObjectHash: Compacting FUObjectHashTables data took   2.57ms
[2026.04.03-07.17.10:130][432]LogAudio: Display: Creating Audio Device:                 Id: 16, Scope: Unique, Realtime: True
[2026.04.03-07.17.10:131][432]LogAudioMixer: Display: Audio Mixer Platform Settings:
[2026.04.03-07.17.10:131][432]LogAudioMixer: Display: 	Sample Rate:						  48000
[2026.04.03-07.17.10:131][432]LogAudioMixer: Display: 	Callback Buffer Frame Size Requested: 1024
[2026.04.03-07.17.10:131][432]LogAudioMixer: Display: 	Callback Buffer Frame Size To Use:	  1024
[2026.04.03-07.17.10:131][432]LogAudioMixer: Display: 	Number of buffers to queue:			  2
[2026.04.03-07.17.10:131][432]LogAudioMixer: Display: 	Max Channels (voices):				  32
[2026.04.03-07.17.10:131][432]LogAudioMixer: Display: 	Number of Async Source Workers:		  0
[2026.04.03-07.17.10:131][432]LogAudio: Display: AudioDevice MaxSources: 32
[2026.04.03-07.17.10:131][432]LogAudio: Display: Audio Spatialization Plugin: None (built-in).
[2026.04.03-07.17.10:131][432]LogAudio: Display: Audio Reverb Plugin: None (built-in).
[2026.04.03-07.17.10:131][432]LogAudio: Display: Audio Occlusion Plugin: None (built-in).
[2026.04.03-07.17.10:131][432]LogAudioMixer: Display: Initializing audio mixer.
[2026.04.03-07.17.10:134][432]LogAudioMixer: Display: 0: FrontLeft
[2026.04.03-07.17.10:134][432]LogAudioMixer: Display: 1: FrontRight
[2026.04.03-07.17.10:160][432]LogAudioMixer: Display: Using Audio Device Headphones (Realtek(R) Audio)
[2026.04.03-07.17.10:160][432]LogAudioMixer: Display: Initializing Sound Submixes...
[2026.04.03-07.17.10:160][432]LogAudioMixer: Display: Creating Master Submix 'MasterSubmixDefault'
[2026.04.03-07.17.10:160][432]LogAudioMixer: Display: Creating Master Submix 'MasterReverbSubmixDefault'
[2026.04.03-07.17.10:161][432]LogAudioMixer: Display: Creating Master Submix 'MasterEQSubmixDefault'
[2026.04.03-07.17.10:161][432]LogAudioMixer: FMixerPlatformXAudio2::StartAudioStream() called
[2026.04.03-07.17.10:161][432]LogAudioMixer: Display: Output buffers initialized: Frames=1024, Channels=2, Samples=2048
[2026.04.03-07.17.10:162][432]LogAudioMixer: Display: Starting AudioMixerPlatformInterface::RunInternal()
[2026.04.03-07.17.10:162][432]LogAudioMixer: Display: FMixerPlatformXAudio2::SubmitBuffer() called for the first time
[2026.04.03-07.17.10:162][432]LogInit: FAudioDevice initialized.
[2026.04.03-07.17.10:162][432]LogAudio: Display: Audio Device (ID: 16) registered with world 'Main_Menu'.
[2026.04.03-07.17.10:208][432]LogSlate: Updating window title bar state: overlay mode, drag disabled, window buttons hidden, title bar hidden
[2026.04.03-07.17.10:208][432]LogLoad: Game class is 'FirstPersonGameMode_C'
[2026.04.03-07.17.10:211][432]LogWorld: Bringing World /Game/MAPS/UEDPIE_0_Main_Menu.Main_Menu up for play (max tick rate 0) at 2026.04.03-10.17.10
[2026.04.03-07.17.10:212][432]LogWorld: Bringing up level for play took: 0.002422
[2026.04.03-07.17.10:212][432]LogOnline: OSS: Creating online subsystem instance for: :Context_31
[2026.04.03-07.17.10:215][432]LogNet: ReplicationDriverClass is null! Not using ReplicationDriver.
[2026.04.03-07.17.10:215][432]LogNetCore: DDoS detection status: detection enabled: 0 analytics enabled: 0
[2026.04.03-07.17.10:215][432]LogInit: WinSock: Socket queue. Rx: 131072 (config 131072) Tx: 131072 (config 131072)
[2026.04.03-07.17.10:216][432]LogNet: Created socket for bind address: 0.0.0.0 on port 17777
[2026.04.03-07.17.10:216][432]PacketHandlerLog: Loaded PacketHandler component: Engine.EngineHandlerComponentFactory (StatelessConnectHandlerComponent)
[2026.04.03-07.17.10:216][432]LogNet: GameNetDriver IpNetDriver_21 IpNetDriver listening on port 17777
[2026.04.03-07.17.10:219][432]PIE: Server logged in
[2026.04.03-07.17.10:221][432]PIE: Play in editor total start time 0,121 seconds.
[2026.04.03-07.17.10:223][432]LogAudio: Display: Creating Audio Device:                 Id: 17, Scope: Unique, Realtime: True
[2026.04.03-07.17.10:223][432]LogAudioMixer: Display: Audio Mixer Platform Settings:
[2026.04.03-07.17.10:223][432]LogAudioMixer: Display: 	Sample Rate:						  48000
[2026.04.03-07.17.10:223][432]LogAudioMixer: Display: 	Callback Buffer Frame Size Requested: 1024
[2026.04.03-07.17.10:223][432]LogAudioMixer: Display: 	Callback Buffer Frame Size To Use:	  1024
[2026.04.03-07.17.10:223][432]LogAudioMixer: Display: 	Number of buffers to queue:			  2
[2026.04.03-07.17.10:223][432]LogAudioMixer: Display: 	Max Channels (voices):				  32
[2026.04.03-07.17.10:223][432]LogAudioMixer: Display: 	Number of Async Source Workers:		  0
[2026.04.03-07.17.10:223][432]LogAudio: Display: AudioDevice MaxSources: 32
[2026.04.03-07.17.10:223][432]LogAudio: Display: Audio Spatialization Plugin: None (built-in).
[2026.04.03-07.17.10:224][432]LogAudio: Display: Audio Reverb Plugin: None (built-in).
[2026.04.03-07.17.10:224][432]LogAudio: Display: Audio Occlusion Plugin: None (built-in).
[2026.04.03-07.17.10:224][432]LogAudioMixer: Display: Initializing audio mixer.
[2026.04.03-07.17.10:227][432]LogAudioMixer: Display: 0: FrontLeft
[2026.04.03-07.17.10:227][432]LogAudioMixer: Display: 1: FrontRight
[2026.04.03-07.17.10:235][432]LogAudioMixer: Display: Using Audio Device Headphones (Realtek(R) Audio)
[2026.04.03-07.17.10:236][432]LogAudioMixer: Display: Initializing Sound Submixes...
[2026.04.03-07.17.10:236][432]LogAudioMixer: Display: Creating Master Submix 'MasterSubmixDefault'
[2026.04.03-07.17.10:236][432]LogAudioMixer: Display: Creating Master Submix 'MasterReverbSubmixDefault'
[2026.04.03-07.17.10:236][432]LogAudioMixer: Display: Creating Master Submix 'MasterEQSubmixDefault'
[2026.04.03-07.17.10:236][432]LogAudioMixer: FMixerPlatformXAudio2::StartAudioStream() called
[2026.04.03-07.17.10:236][432]LogAudioMixer: Display: Output buffers initialized: Frames=1024, Channels=2, Samples=2048
[2026.04.03-07.17.10:238][432]LogAudioMixer: Display: Starting AudioMixerPlatformInterface::RunInternal()
[2026.04.03-07.17.10:238][432]LogAudioMixer: Display: FMixerPlatformXAudio2::SubmitBuffer() called for the first time
[2026.04.03-07.17.10:238][432]LogInit: FAudioDevice initialized.
[2026.04.03-07.17.10:238][432]LogAudio: Display: Audio Device (ID: 17) registered with world 'Untitled'.
[2026.04.03-07.17.10:293][432]LogSlate: Updating window title bar state: overlay mode, drag disabled, window buttons hidden, title bar hidden
[2026.04.03-07.17.10:294][432]LogNet: Browse: 127.0.0.1:17777/Game/StarterContent/Maps/Minimal_Default
[2026.04.03-07.17.10:294][432]LogInit: WinSock: Socket queue. Rx: 32768 (config 32768) Tx: 32768 (config 32768)
[2026.04.03-07.17.10:294][432]LogNet: Created socket for bind address: 0.0.0.0 on port 0
[2026.04.03-07.17.10:294][432]PacketHandlerLog: Loaded PacketHandler component: Engine.EngineHandlerComponentFactory (StatelessConnectHandlerComponent)
[2026.04.03-07.17.10:294][432]LogNet: Game client on port 17777, rate 100000
[2026.04.03-07.17.10:297][432]PIE: Client logged in
[2026.04.03-07.17.10:298][432]PIE: Play in editor total start time 0,198 seconds.
[2026.04.03-07.17.11:361][457]LogNet: NotifyAcceptingConnection accepted from: 127.0.0.1:55879
[2026.04.03-07.17.11:361][457]LogHandshake: SendConnectChallenge. Timestamp: 1.277276, Cookie: 234222246078172214220200056134232203206002170109072252146243
[2026.04.03-07.17.11:362][457]LogHandshake: SendChallengeResponse. Timestamp: 1.277276, Cookie: 234222246078172214220200056134232203206002170109072252146243
[2026.04.03-07.17.11:397][458]LogNet: NotifyAcceptingConnection accepted from: 127.0.0.1:55879
[2026.04.03-07.17.11:397][458]LogHandshake: SendChallengeAck. InCookie: 234222246078172214220200056134232203206002170109072252146243
[2026.04.03-07.17.11:397][458]LogNet: Server accepting post-challenge connection from: 127.0.0.1:55879
[2026.04.03-07.17.11:399][458]PacketHandlerLog: Loaded PacketHandler component: Engine.EngineHandlerComponentFactory (StatelessConnectHandlerComponent)
[2026.04.03-07.17.11:399][458]LogNet: NotifyAcceptedConnection: Name: Main_Menu, TimeStamp: 04/03/26 10:17:11, [UNetConnection] RemoteAddr: 127.0.0.1:55879, Name: IpConnection_15, Driver: GameNetDriver IpNetDriver_21, IsServer: YES, PC: NULL, Owner: NULL, UniqueId: INVALID
[2026.04.03-07.17.11:399][458]LogNet: AddClientConnection: Added client connection: [UNetConnection] RemoteAddr: 127.0.0.1:55879, Name: IpConnection_15, Driver: GameNetDriver IpNetDriver_21, IsServer: YES, PC: NULL, Owner: NULL, UniqueId: INVALID
[2026.04.03-07.17.11:400][458]LogNet: UPendingNetGame::SendInitialJoin: Sending hello. [UNetConnection] RemoteAddr: 127.0.0.1:17777, Name: IpConnection_14, Driver: PendingNetDriver IpNetDriver_22, IsServer: NO, PC: NULL, Owner: NULL, UniqueId: INVALID
[2026.04.03-07.17.11:435][459]LogNet: NotifyAcceptingChannel Control 0 server World /Game/MAPS/UEDPIE_0_Main_Menu.Main_Menu: Accepted
[2026.04.03-07.17.11:435][459]LogNet: Remote platform little endian=1
[2026.04.03-07.17.11:435][459]LogNet: This platform little endian=1
[2026.04.03-07.17.11:437][459]LogOnline: OSS: Creating online subsystem instance for: :Context_32
[2026.04.03-07.17.11:472][460]LogNet: Login request: ?Name=WIN-O5Q6NLQMTLB-E12BE7CF4C15E9BB178643B9DF176991 userId: NULL:WIN-O5Q6NLQMTLB-E12BE7CF4C15E9BB178643B9DF176991 platform: NULL
[2026.04.03-07.17.11:473][460]LogNet: Welcomed by server (Level: /Game/MAPS/UEDPIE_0_Main_Menu, Game: /Game/FirstPerson/FirstPersonBP/Blueprints/FirstPersonGameMode.FirstPersonGameMode_C)
[2026.04.03-07.17.11:474][460]LogLoad: LoadMap: 127.0.0.1:17777/Game/MAPS/UEDPIE_0_Main_Menu?game=/Game/FirstPerson/FirstPersonBP/Blueprints/FirstPersonGameMode.FirstPersonGameMode_C
[2026.04.03-07.17.11:474][460]LogWorld: BeginTearingDown for /Temp/Untitled_9
[2026.04.03-07.17.11:474][460]LogWorld: UWorld::CleanupWorld for Untitled, bSessionEnded=true, bCleanupResources=true
[2026.04.03-07.17.11:474][460]LogSlate: InvalidateAllWidgets triggered.  All widgets were invalidated
[2026.04.03-07.17.11:499][460]LogAudio: Display: Audio Device unregistered from world 'None'.
[2026.04.03-07.17.11:511][460]LogUObjectHash: Compacting FUObjectHashTables data took   2.71ms
[2026.04.03-07.17.11:516][460]LogAudio: Display: Audio Device (ID: 17) registered with world 'Main_Menu'.
[2026.04.03-07.17.11:517][460]LogAIModule: Creating AISystem for world Main_Menu
[2026.04.03-07.17.11:519][460]LogWorld: Bringing World /Game/MAPS/UEDPIE_1_Main_Menu.Main_Menu up for play (max tick rate 0) at 2026.04.03-10.17.11
[2026.04.03-07.17.11:520][460]LogWorld: Bringing up level for play took: 0.001578
[2026.04.03-07.17.11:520][460]LogLoad: Took 0.046907 seconds to LoadMap(/Game/MAPS/UEDPIE_0_Main_Menu)
[2026.04.03-07.17.11:521][460]LogNavigation: Warning: NavData RegistrationFailed_DataPendingKill.
[2026.04.03-07.17.11:603][461]LogNet: Client netspeed is 100000
[2026.04.03-07.17.11:603][461]LogNet: Join request: /Game/StarterContent/Maps/Minimal_Default?Name=WIN-O5Q6NLQMTLB-E12BE7CF4C15E9BB178643B9DF176991?SplitscreenCount=1
[2026.04.03-07.17.11:604][461]LogOnlineSession: Warning: OSS: No game present to join for session (GameSession)
[2026.04.03-07.17.11:606][461]LogNet: Join succeeded: WIN-O5Q6NLQMTLB-E12B
[2026.04.03-07.17.11:636][462]LogOnlineSession: Warning: OSS: No game present to join for session (GameSession)
[2026.04.03-07.17.11:683][463]LogOnlineSession: Warning: OSS: No game present to join for session (GameSession)
[2026.04.03-07.17.13:591][503]LogNet: Browse: /Game/MAPS/MP_Lobby??listen
[2026.04.03-07.17.13:592][503]LogLoad: LoadMap: /Game/MAPS/MP_Lobby??listen
[2026.04.03-07.17.13:592][503]LogWorld: BeginTearingDown for /Game/MAPS/UEDPIE_1_Main_Menu
[2026.04.03-07.17.13:592][503]LogNet: World NetDriver shutdown IpNetDriver_22 [GameNetDriver]
[2026.04.03-07.17.13:592][503]LogNet: DestroyNamedNetDriver IpNetDriver_22 [GameNetDriver]
[2026.04.03-07.17.13:592][503]LogNet: UNetConnection::Close: [UNetConnection] RemoteAddr: 127.0.0.1:17777, Name: IpConnection_14, Driver: GameNetDriver IpNetDriver_22, IsServer: NO, PC: PlayerController_1, Owner: PlayerController_1, UniqueId: NULL:WIN-O5Q6NLQMTLB-E12BE7CF4C15E9BB178643B9DF176991, Channels: 10, Time: 2026.04.03-07.17.13
[2026.04.03-07.17.13:592][503]LogNet: UChannel::Close: Sending CloseBunch. ChIndex == 0. Name: [UChannel] ChIndex: 0, Closing: 0 [UNetConnection] RemoteAddr: 127.0.0.1:17777, Name: IpConnection_14, Driver: GameNetDriver IpNetDriver_22, IsServer: NO, PC: PlayerController_1, Owner: PlayerController_1, UniqueId: NULL:WIN-O5Q6NLQMTLB-E12BE7CF4C15E9BB178643B9DF176991
[2026.04.03-07.17.13:592][503]LogExit: GameNetDriver IpNetDriver_22 shut down
[2026.04.03-07.17.13:593][503]LogWorld: UWorld::CleanupWorld for Main_Menu, bSessionEnded=true, bCleanupResources=true
[2026.04.03-07.17.13:593][503]LogSlate: InvalidateAllWidgets triggered.  All widgets were invalidated
[2026.04.03-07.17.13:651][503]LogAudio: Display: Audio Device unregistered from world 'None'.
[2026.04.03-07.17.13:655][503]LogUObjectHash: Compacting FUObjectHashTables data took   2.26ms
[2026.04.03-07.17.13:666][503]LogAudio: Display: Audio Device (ID: 17) registered with world 'MP_Lobby'.
[2026.04.03-07.17.13:667][503]LogAIModule: Creating AISystem for world MP_Lobby
[2026.04.03-07.17.13:667][503]LogLoad: Game class is 'FirstPersonGameMode_C'
[2026.04.03-07.17.13:667][503]LogNet: ReplicationDriverClass is null! Not using ReplicationDriver.
[2026.04.03-07.17.13:668][503]LogNetCore: DDoS detection status: detection enabled: 0 analytics enabled: 0
[2026.04.03-07.17.13:668][503]LogInit: WinSock: Socket queue. Rx: 131072 (config 131072) Tx: 131072 (config 131072)
[2026.04.03-07.17.13:668][503]LogNet: Created socket for bind address: 0.0.0.0 on port 7777
[2026.04.03-07.17.13:668][503]PacketHandlerLog: Loaded PacketHandler component: Engine.EngineHandlerComponentFactory (StatelessConnectHandlerComponent)
[2026.04.03-07.17.13:668][503]LogNet: GameNetDriver IpNetDriver_23 IpNetDriver listening on port 7777
[2026.04.03-07.17.13:670][503]LogWorld: Bringing World /Game/MAPS/UEDPIE_1_MP_Lobby.MP_Lobby up for play (max tick rate 0) at 2026.04.03-10.17.13
[2026.04.03-07.17.13:670][503]LogWorld: Bringing up level for play took: 0.001744
[2026.04.03-07.17.13:672][503]LogLoad: Took 0.081379 seconds to LoadMap(/Game/MAPS/MP_Lobby)
[2026.04.03-07.17.13:873][504]LogNet: UChannel::ReceivedSequencedBunch: Bunch.bClose == true. ChIndex == 0. Calling ConditionalCleanUp.
[2026.04.03-07.17.13:873][504]LogNet: UChannel::CleanUp: ChIndex == 0. Closing connection. [UChannel] ChIndex: 0, Closing: 0 [UNetConnection] RemoteAddr: 127.0.0.1:55879, Name: IpConnection_15, Driver: GameNetDriver IpNetDriver_21, IsServer: YES, PC: PlayerController_1, Owner: PlayerController_1, UniqueId: NULL:WIN-O5Q6NLQMTLB-E12BE7CF4C15E9BB178643B9DF176991
[2026.04.03-07.17.13:873][504]LogNet: UNetConnection::Close: [UNetConnection] RemoteAddr: 127.0.0.1:55879, Name: IpConnection_15, Driver: GameNetDriver IpNetDriver_21, IsServer: YES, PC: PlayerController_1, Owner: PlayerController_1, UniqueId: NULL:WIN-O5Q6NLQMTLB-E12BE7CF4C15E9BB178643B9DF176991, Channels: 10, Time: 2026.04.03-07.17.13
[2026.04.03-07.17.13:873][504]LogNet: UChannel::Close: Sending CloseBunch. ChIndex == 0. Name: [UChannel] ChIndex: 0, Closing: 0 [UNetConnection] RemoteAddr: 127.0.0.1:55879, Name: IpConnection_15, Driver: GameNetDriver IpNetDriver_21, IsServer: YES, PC: PlayerController_1, Owner: PlayerController_1, UniqueId: NULL:WIN-O5Q6NLQMTLB-E12BE7CF4C15E9BB178643B9DF176991
[2026.04.03-07.17.13:874][504]LogOnlineSession: Warning: OSS: No game present to leave for session (GameSession)
[2026.04.03-07.17.20:344][643]LogBlueprintUserMessages: [SERVER_LIST_C_0] Server: GOOD
[2026.04.03-07.17.23:423][709]LogOnlineSession: OSS: Join session: traveling to 26.70.211.108:7777
[2026.04.03-07.17.23:423][709]LogBlueprintUserMessages: [SERVER_C_0] Server: Hello
[2026.04.03-07.17.23:424][709]LogNet: Browse: 26.70.211.108/Game/StarterContent/Maps/Minimal_Default
[2026.04.03-07.17.23:424][709]LogNet: World NetDriver shutdown IpNetDriver_21 [GameNetDriver]
[2026.04.03-07.17.23:424][709]LogNet: DestroyNamedNetDriver IpNetDriver_21 [GameNetDriver]
[2026.04.03-07.17.23:424][709]LogExit: GameNetDriver IpNetDriver_21 shut down
[2026.04.03-07.17.23:425][709]LogInit: WinSock: Socket queue. Rx: 32768 (config 32768) Tx: 32768 (config 32768)
[2026.04.03-07.17.23:425][709]LogNet: Created socket for bind address: 0.0.0.0 on port 0
[2026.04.03-07.17.23:426][709]PacketHandlerLog: Loaded PacketHandler component: Engine.EngineHandlerComponentFactory (StatelessConnectHandlerComponent)
[2026.04.03-07.17.23:426][709]LogNet: Game client on port 7777, rate 100000
[2026.04.03-07.17.24:441][731]LogNet: NotifyAcceptingConnection accepted from: 26.70.211.108:52661
[2026.04.03-07.17.24:441][731]LogHandshake: SendConnectChallenge. Timestamp: 10.909131, Cookie: 126186159092203027171049239177005200134092243240246236186149
[2026.04.03-07.17.24:488][732]LogHandshake: SendChallengeResponse. Timestamp: 10.909131, Cookie: 126186159092203027171049239177005200134092243240246236186149
[2026.04.03-07.17.24:489][732]LogNet: NotifyAcceptingConnection accepted from: 26.70.211.108:52661
[2026.04.03-07.17.24:489][732]LogHandshake: SendChallengeAck. InCookie: 126186159092203027171049239177005200134092243240246236186149
[2026.04.03-07.17.24:489][732]LogNet: Server accepting post-challenge connection from: 26.70.211.108:52661
[2026.04.03-07.17.24:489][732]PacketHandlerLog: Loaded PacketHandler component: Engine.EngineHandlerComponentFactory (StatelessConnectHandlerComponent)
[2026.04.03-07.17.24:489][732]LogNet: NotifyAcceptedConnection: Name: MP_Lobby, TimeStamp: 04/03/26 10:17:24, [UNetConnection] RemoteAddr: 26.70.211.108:52661, Name: IpConnection_17, Driver: GameNetDriver IpNetDriver_23, IsServer: YES, PC: NULL, Owner: NULL, UniqueId: INVALID
[2026.04.03-07.17.24:489][732]LogNet: AddClientConnection: Added client connection: [UNetConnection] RemoteAddr: 26.70.211.108:52661, Name: IpConnection_17, Driver: GameNetDriver IpNetDriver_23, IsServer: YES, PC: NULL, Owner: NULL, UniqueId: INVALID
[2026.04.03-07.17.24:535][733]LogNet: UPendingNetGame::SendInitialJoin: Sending hello. [UNetConnection] RemoteAddr: 26.70.211.108:7777, Name: IpConnection_16, Driver: PendingNetDriver IpNetDriver_24, IsServer: NO, PC: NULL, Owner: NULL, UniqueId: INVALID
[2026.04.03-07.17.24:536][733]LogNet: NotifyAcceptingChannel Control 0 server World /Game/MAPS/UEDPIE_1_MP_Lobby.MP_Lobby: Accepted
[2026.04.03-07.17.24:536][733]LogNet: Remote platform little endian=1
[2026.04.03-07.17.24:536][733]LogNet: This platform little endian=1
[2026.04.03-07.17.24:582][734]LogNet: Login request: ?Name=WIN-O5Q6NLQMTLB-13DDD76A42032402A1FDC6B7819C6A79 userId: NULL:WIN-O5Q6NLQMTLB-13DDD76A42032402A1FDC6B7819C6A79 platform: NULL
[2026.04.03-07.17.24:628][735]LogNet: Welcomed by server (Level: /Game/MAPS/UEDPIE_1_MP_Lobby, Game: /Game/FirstPerson/FirstPersonBP/Blueprints/FirstPersonGameMode.FirstPersonGameMode_C)
[2026.04.03-07.17.24:628][735]LogLoad: LoadMap: 26.70.211.108/Game/MAPS/UEDPIE_1_MP_Lobby?game=/Game/FirstPerson/FirstPersonBP/Blueprints/FirstPersonGameMode.FirstPersonGameMode_C
[2026.04.03-07.17.24:628][735]LogWorld: BeginTearingDown for /Game/MAPS/UEDPIE_0_Main_Menu
[2026.04.03-07.17.24:629][735]LogWorld: UWorld::CleanupWorld for Main_Menu, bSessionEnded=true, bCleanupResources=true
[2026.04.03-07.17.24:629][735]LogSlate: InvalidateAllWidgets triggered.  All widgets were invalidated
[2026.04.03-07.17.24:691][735]LogAudio: Display: Audio Device unregistered from world 'None'.
[2026.04.03-07.17.24:695][735]LogUObjectHash: Compacting FUObjectHashTables data took   2.45ms
[2026.04.03-07.17.24:706][735]LogAudio: Display: Audio Device (ID: 16) registered with world 'MP_Lobby'.
[2026.04.03-07.17.24:707][735]LogAIModule: Creating AISystem for world MP_Lobby
[2026.04.03-07.17.24:710][735]LogWorld: Bringing World /Game/MAPS/UEDPIE_0_MP_Lobby.MP_Lobby up for play (max tick rate 0) at 2026.04.03-10.17.24
[2026.04.03-07.17.24:710][735]LogWorld: Bringing up level for play took: 0.001171
[2026.04.03-07.17.24:710][735]LogLoad: Took 0.081738 seconds to LoadMap(/Game/MAPS/UEDPIE_1_MP_Lobby)
[2026.04.03-07.17.24:710][735]LogNet: Client netspeed is 100000
[2026.04.03-07.17.24:711][735]LogNet: Join request: /Game/StarterContent/Maps/Minimal_Default?Name=WIN-O5Q6NLQMTLB-13DDD76A42032402A1FDC6B7819C6A79?SplitscreenCount=1
[2026.04.03-07.17.24:712][735]LogNet: Join succeeded: WIN-O5Q6NLQMTLB-13DD
[2026.04.03-07.18.00:282][585]LogSlate: Updating window title bar state: overlay mode, drag disabled, window buttons hidden, title bar hidden
[2026.04.03-07.18.00:282][585]LogWorld: BeginTearingDown for /Game/MAPS/UEDPIE_1_MP_Lobby
[2026.04.03-07.18.00:282][585]LogSlate: Window 'Playtime_Multiplayer Preview [NetMode: Client 1]  (64-bit/Windows) ' being destroyed
[2026.04.03-07.18.00:293][585]LogWorld: UWorld::CleanupWorld for MP_Lobby, bSessionEnded=true, bCleanupResources=true
[2026.04.03-07.18.00:294][585]LogSlate: InvalidateAllWidgets triggered.  All widgets were invalidated
[2026.04.03-07.18.00:317][585]LogNet: World NetDriver shutdown IpNetDriver_23 [GameNetDriver]
[2026.04.03-07.18.00:317][585]LogNet: DestroyNamedNetDriver IpNetDriver_23 [GameNetDriver]
[2026.04.03-07.18.00:317][585]LogNet: UNetConnection::Cleanup: Closing open connection. [UNetConnection] RemoteAddr: 26.70.211.108:52661, Name: IpConnection_17, Driver: GameNetDriver IpNetDriver_23, IsServer: YES, PC: PlayerController_1, Owner: PlayerController_1, UniqueId: NULL:WIN-O5Q6NLQMTLB-13DDD76A42032402A1FDC6B7819C6A79
[2026.04.03-07.18.00:317][585]LogNet: UNetConnection::Close: [UNetConnection] RemoteAddr: 26.70.211.108:52661, Name: IpConnection_17, Driver: GameNetDriver IpNetDriver_23, IsServer: YES, PC: PlayerController_1, Owner: PlayerController_1, UniqueId: NULL:WIN-O5Q6NLQMTLB-13DDD76A42032402A1FDC6B7819C6A79, Channels: 11, Time: 2026.04.03-07.18.00
[2026.04.03-07.18.00:317][585]LogNet: UChannel::Close: Sending CloseBunch. ChIndex == 0. Name: [UChannel] ChIndex: 0, Closing: 0 [UNetConnection] RemoteAddr: 26.70.211.108:52661, Name: IpConnection_17, Driver: GameNetDriver IpNetDriver_23, IsServer: YES, PC: PlayerController_1, Owner: PlayerController_1, UniqueId: NULL:WIN-O5Q6NLQMTLB-13DDD76A42032402A1FDC6B7819C6A79
[2026.04.03-07.18.00:318][585]LogExit: GameNetDriver IpNetDriver_23 shut down
[2026.04.03-07.18.00:318][585]LogWorld: BeginTearingDown for /Game/MAPS/UEDPIE_0_MP_Lobby
[2026.04.03-07.18.00:318][585]LogSlate: Updating window title bar state: overlay mode, drag disabled, window buttons hidden, title bar hidden
[2026.04.03-07.18.00:318][585]LogSlate: Window 'Playtime_Multiplayer Preview [NetMode: Server]  (64-bit/Windows) ' being destroyed
[2026.04.03-07.18.00:327][585]LogWorld: UWorld::CleanupWorld for MP_Lobby, bSessionEnded=true, bCleanupResources=true
[2026.04.03-07.18.00:328][585]LogSlate: InvalidateAllWidgets triggered.  All widgets were invalidated
[2026.04.03-07.18.00:334][585]LogNet: World NetDriver shutdown IpNetDriver_24 [GameNetDriver]
[2026.04.03-07.18.00:334][585]LogNet: DestroyNamedNetDriver IpNetDriver_24 [GameNetDriver]
[2026.04.03-07.18.00:334][585]LogNet: UNetConnection::Close: [UNetConnection] RemoteAddr: 26.70.211.108:7777, Name: IpConnection_16, Driver: GameNetDriver IpNetDriver_24, IsServer: NO, PC: PlayerController_1, Owner: PlayerController_1, UniqueId: NULL:WIN-O5Q6NLQMTLB-13DDD76A42032402A1FDC6B7819C6A79, Channels: 11, Time: 2026.04.03-07.18.00
[2026.04.03-07.18.00:334][585]LogNet: UChannel::Close: Sending CloseBunch. ChIndex == 0. Name: [UChannel] ChIndex: 0, Closing: 0 [UNetConnection] RemoteAddr: 26.70.211.108:7777, Name: IpConnection_16, Driver: GameNetDriver IpNetDriver_24, IsServer: NO, PC: PlayerController_1, Owner: PlayerController_1, UniqueId: NULL:WIN-O5Q6NLQMTLB-13DDD76A42032402A1FDC6B7819C6A79
[2026.04.03-07.18.00:334][585]LogExit: GameNetDriver IpNetDriver_24 shut down
[2026.04.03-07.18.00:335][585]LogPlayLevel: Display: Shutting down PIE online subsystems
[2026.04.03-07.18.00:340][585]LogSlate: InvalidateAllWidgets triggered.  All widgets were invalidated
[2026.04.03-07.18.00:361][585]LogAudioMixer: FMixerPlatformXAudio2::StopAudioStream() called
[2026.04.03-07.18.00:362][585]LogAudioMixer: FMixerPlatformXAudio2::StopAudioStream() called
[2026.04.03-07.18.00:365][585]LogAudio: Display: Audio Device unregistered from world 'None'.
[2026.04.03-07.18.00:365][585]LogAudioMixer: FMixerPlatformXAudio2::StopAudioStream() called
[2026.04.03-07.18.00:365][585]LogAudioMixer: FMixerPlatformXAudio2::StopAudioStream() called
[2026.04.03-07.18.00:373][585]LogUObjectHash: Compacting FUObjectHashTables data took   3.02ms
[2026.04.03-07.18.00:394][586]LogPlayLevel: Display: Destroying online subsystem :Context_32
[2026.04.03-07.18.00:394][586]LogPlayLevel: Display: Destroying online subsystem :Context_31
[2026.04.03-07.18.24:994][697]LogUObjectHash: Compacting FUObjectHashTables data took   2.38ms
[2026.04.03-07.18.24:995][697]LogFileHelpers: Editor autosave (incl. external actors) for '/Game/MAPS/Main_Menu' took 0.026
[2026.04.03-07.18.24:998][697]OBJ SavePackage: Generating thumbnails for [0] asset(s) in package [/Game/MULTIPLAYER/SERVER_LIST] ([2] browsable assets)...
[2026.04.03-07.18.24:998][697]OBJ SavePackage: Finished generating thumbnails for package [/Game/MULTIPLAYER/SERVER_LIST]
[2026.04.03-07.18.25:016][697]LogSavePackage: Moving '../../../../../../Users/User/Documents/Unreal Projects/Playtime_Multiplayer/Saved/SERVER_LIST_Auto124D389C4431E9DE62A1E85B092A6B08D.tmp' to '../../../../../../Users/User/Documents/Unreal Projects/Playtime_Multiplayer/Saved/Autosaves/Game/MULTIPLAYER/SERVER_LIST_Auto1.uasset'
[2026.04.03-07.18.25:017][697]OBJ SavePackage: Generating thumbnails for [0] asset(s) in package [/Game/MULTIPLAYER/SERVER] ([2] browsable assets)...
[2026.04.03-07.18.25:017][697]OBJ SavePackage: Finished generating thumbnails for package [/Game/MULTIPLAYER/SERVER]
[2026.04.03-07.18.25:025][697]LogSavePackage: Moving '../../../../../../Users/User/Documents/Unreal Projects/Playtime_Multiplayer/Saved/SERVER_Auto18549BD104E7A47FA01A103834AC9D691.tmp' to '../../../../../../Users/User/Documents/Unreal Projects/Playtime_Multiplayer/Saved/Autosaves/Game/MULTIPLAYER/SERVER_Auto1.uasset'
[2026.04.03-07.18.25:026][697]OBJ SavePackage: Generating thumbnails for [0] asset(s) in package [/Game/Widgets/choice_play] ([2] browsable assets)...
[2026.04.03-07.18.25:026][697]OBJ SavePackage: Finished generating thumbnails for package [/Game/Widgets/choice_play]
[2026.04.03-07.18.25:042][697]LogSavePackage: Moving '../../../../../../Users/User/Documents/Unreal Projects/Playtime_Multiplayer/Saved/choice_play_Auto144C3901C42B7A3B56EA8F0A9331D69C9.tmp' to '../../../../../../Users/User/Documents/Unreal Projects/Playtime_Multiplayer/Saved/Autosaves/Game/Widgets/choice_play_Auto1.uasset'
[2026.04.03-07.18.25:043][697]LogFileHelpers: Auto-saving content packages took 0.047
[2026.04.03-07.36.28:483][933]LogWindowsTextInputMethodSystem: Display: IME system deactivated.
[2026.04.03-07.36.28:483][933]LogWindowsTextInputMethodSystem: Display: IME system deactivated.
[2026.04.03-07.46.08:216][994]LogSlate: Window 'choice_play' being destroyed
[2026.04.03-07.46.08:227][994]LogSlate: Window 'choice_play' being destroyed
[2026.04.03-07.46.08:250][994]LogWorld: UWorld::CleanupWorld for World_16, bSessionEnded=true, bCleanupResources=true
[2026.04.03-07.46.08:251][994]LogSlate: InvalidateAllWidgets triggered.  All widgets were invalidated
[2026.04.03-07.46.08:329][994]LogWorld: UWorld::CleanupWorld for World_15, bSessionEnded=true, bCleanupResources=true
[2026.04.03-07.46.08:329][994]LogSlate: InvalidateAllWidgets triggered.  All widgets were invalidated
[2026.04.03-07.46.10:106][ 73]LogAssetEditorSubsystem: Opening Asset editor for LevelScriptBlueprint /Game/MAPS/Main_Menu.Main_Menu:PersistentLevel.Main_Menu
[2026.04.03-07.46.41:688][826]BlueprintLog: New page: Compile Main_Menu
[2026.04.03-07.46.41:770][826]LogUObjectHash: Compacting FUObjectHashTables data took   6.52ms
[2026.04.03-07.46.42:626][859]LogSlate: Window 'Main_Menu' being destroyed
[2026.04.03-07.46.42:640][859]LogSlate: Window 'Main_Menu' being destroyed
[2026.04.03-07.46.42:644][859]LogWorld: UWorld::CleanupWorld for World_18, bSessionEnded=true, bCleanupResources=true
[2026.04.03-07.46.42:645][859]LogSlate: InvalidateAllWidgets triggered.  All widgets were invalidated
[2026.04.03-07.46.48:265][113]LogUObjectHash: Compacting FUObjectHashTables data took   2.15ms
[2026.04.03-07.46.49:359][113]LogSlate: Window 'Save Content' being destroyed
[2026.04.03-07.46.49:396][113]Cmd: OBJ SAVEPACKAGE PACKAGE="/Game/Widgets/choice_play" FILE="../../../../../../Users/User/Documents/Unreal Projects/Playtime_Multiplayer/Content/Widgets/choice_play.uasset" SILENT=true
[2026.04.03-07.46.49:413][113]LogSavePackage: Moving '../../../../../../Users/User/Documents/Unreal Projects/Playtime_Multiplayer/Saved/choice_playF374DC334C9470A3EC437297F123645E.tmp' to '../../../../../../Users/User/Documents/Unreal Projects/Playtime_Multiplayer/Content/Widgets/choice_play.uasset'
[2026.04.03-07.46.49:439][113]LogUObjectHash: Compacting FUObjectHashTables data took   2.13ms
[2026.04.03-07.46.49:472][113]LogSavePackage: Moving '../../../../../../Users/User/Documents/Unreal Projects/Playtime_Multiplayer/Saved/Main_Menu711FF3A8421BFF9B3A4D54BC3074B2B8.tmp' to '../../../../../../Users/User/Documents/Unreal Projects/Playtime_Multiplayer/Content/MAPS/Main_Menu.umap'
[2026.04.03-07.46.49:498][113]LogFileHelpers: Saving map 'Main_Menu' took 0.084
[2026.04.03-07.46.49:499][113]Cmd: OBJ SAVEPACKAGE PACKAGE="/Game/MULTIPLAYER/SERVER" FILE="../../../../../../Users/User/Documents/Unreal Projects/Playtime_Multiplayer/Content/MULTIPLAYER/SERVER.uasset" SILENT=true
[2026.04.03-07.46.49:507][113]LogSavePackage: Moving '../../../../../../Users/User/Documents/Unreal Projects/Playtime_Multiplayer/Saved/SERVER7E0C2FAA4A53713EF9430B829D787CF7.tmp' to '../../../../../../Users/User/Documents/Unreal Projects/Playtime_Multiplayer/Content/MULTIPLAYER/SERVER.uasset'
[2026.04.03-07.46.49:508][113]Cmd: OBJ SAVEPACKAGE PACKAGE="/Game/MULTIPLAYER/SERVER_LIST" FILE="../../../../../../Users/User/Documents/Unreal Projects/Playtime_Multiplayer/Content/MULTIPLAYER/SERVER_LIST.uasset" SILENT=true
[2026.04.03-07.46.49:524][113]LogSavePackage: Moving '../../../../../../Users/User/Documents/Unreal Projects/Playtime_Multiplayer/Saved/SERVER_LISTA2F24EB442276F476FBAE98DCFAEB4DA.tmp' to '../../../../../../Users/User/Documents/Unreal Projects/Playtime_Multiplayer/Content/MULTIPLAYER/SERVER_LIST.uasset'
[2026.04.03-07.46.49:576][113]LogAssetEditorSubsystem: Opening Asset editor for World /Game/MAPS/MP_Lobby.MP_Lobby
[2026.04.03-07.46.49:576][113]Cmd: MAP LOAD FILE="../../../../../../Users/User/Documents/Unreal Projects/Playtime_Multiplayer/Content/MAPS/MP_Lobby.umap" TEMPLATE=0 SHOWPROGRESS=1 FEATURELEVEL=3
[2026.04.03-07.46.49:576][113]LightingResults: New page: Lighting Build
[2026.04.03-07.46.49:577][113]LoadErrors: New page: Loading map: MP_Lobby.umap
[2026.04.03-07.46.49:592][113]LogWorld: UWorld::CleanupWorld for Main_Menu, bSessionEnded=true, bCleanupResources=true
[2026.04.03-07.46.49:593][113]LogSlate: InvalidateAllWidgets triggered.  All widgets were invalidated
[2026.04.03-07.46.49:593][113]MapCheck: New page: Map Check
[2026.04.03-07.46.49:593][113]LightingResults: New page: Lighting Build
[2026.04.03-07.46.49:612][113]LogAudio: Display: Audio Device unregistered from world 'None'.
[2026.04.03-07.46.49:645][113]LogUObjectHash: Compacting FUObjectHashTables data took   2.49ms
[2026.04.03-07.46.49:652][113]LogAudio: Display: Audio Device (ID: 1) registered with world 'MP_Lobby'.
[2026.04.03-07.46.49:711][113]LogEditorServer: Finished looking for orphan Actors (0.000 secs)
[2026.04.03-07.46.49:711][113]LogAIModule: Creating AISystem for world MP_Lobby
[2026.04.03-07.46.49:736][113]LogUObjectHash: Compacting FUObjectHashTables data took   2.50ms
[2026.04.03-07.46.49:744][113]Cmd: MAP CHECKDEP NOCLEARLOG
[2026.04.03-07.46.49:745][113]MapCheck: Map check complete: 0 Error(s), 0 Warning(s), took 0,142ms to complete.
[2026.04.03-07.46.49:745][113]LogFileHelpers: Loading map 'MP_Lobby' took 0.169
[2026.04.03-07.46.49:777][113]AssetCheck: New page: Asset Save: multiple assets
[2026.04.03-07.46.49:777][113]LogContentValidation: Display: Validating WidgetBlueprint /Game/MULTIPLAYER/SERVER.SERVER
[2026.04.03-07.46.49:778][113]LogContentValidation: Display: Validating WidgetBlueprint /Game/MULTIPLAYER/SERVER_LIST.SERVER_LIST
[2026.04.03-07.46.49:779][113]LogContentValidation: Display: Validating WidgetBlueprint /Game/Widgets/choice_play.choice_play
[2026.04.03-07.46.49:779][113]LogContentValidation: Display: Validating World /Game/MAPS/Main_Menu.Main_Menu
[2026.04.03-07.46.52:292][261]LogAssetEditorSubsystem: Opening Asset editor for LevelScriptBlueprint /Game/MAPS/MP_Lobby.MP_Lobby:PersistentLevel.MP_Lobby
[2026.04.03-07.47.15:932][927]LogContentBrowser: Deferred new asset folder creation: NewFolder
[2026.04.03-07.47.15:957][927]LogContentBrowser: Creating deferred item: NewFolder
[2026.04.03-07.47.17:176][ 12]LogWindowsTextInputMethodSystem: Display: IME system deactivated.
[2026.04.03-07.47.17:176][ 12]LogWindowsTextInputMethodSystem: Display: IME system deactivated.
[2026.04.03-07.47.18:578][119]LogContentBrowser: Attempting asset rename: NewFolder -> Sound
[2026.04.03-07.47.18:583][119]LogContentBrowser: End creating deferred item NewFolder
[2026.04.03-07.47.21:022][308]LogSavePackage: Moving '../../../../../../Users/User/Documents/Unreal Projects/Playtime_Multiplayer/Saved/A_In_A_Giants_House_LOOP278862D542DD30630CFE7A8637C4F034.tmp' to '../../../../../../Users/User/Documents/Unreal Projects/Playtime_Multiplayer/Content/Widgets/Sound/A_In_A_Giants_House_LOOP.uasset'
[2026.04.03-07.47.21:024][308]LogSavePackage: Moving '../../../../../../Users/User/Documents/Unreal Projects/Playtime_Multiplayer/Saved/A_In_A_Giants_House_LOOP2CDC7CD44B9E963176727FBB061EA19C.tmp' to '../../../../../../Users/User/Documents/Unreal Projects/Playtime_Multiplayer/Content/Widgets/A_In_A_Giants_House_LOOP.uasset'
[2026.04.03-07.47.21:114][308]AssetCheck: New page: Asset Save: multiple assets
[2026.04.03-07.47.21:115][308]LogContentValidation: Display: Validating SoundWave /Game/Widgets/Sound/A_In_A_Giants_House_LOOP.A_In_A_Giants_House_LOOP
[2026.04.03-07.47.21:115][308]LogContentValidation: Display: Validating ObjectRedirector /Game/Widgets/A_In_A_Giants_House_LOOP.A_In_A_Giants_House_LOOP
[2026.04.03-07.47.53:332][570]LogFactory: FactoryCreateFile: FileMediaSource with WmfFileMediaSourceFactory (0 0 C:\Users\User\Downloads\Project Playtime OST (02) - I Could Wait Forever - Mob Entertainment.mp3)
[2026.04.03-07.48.06:055][790]LogAssetEditorSubsystem: Opening Asset editor for FileMediaSource /Game/Widgets/Sound/Project_Playtime_OST__02__-_I_Could_Wait_Forever_-_Mob_Entertainment.Project_Playtime_OST__02__-_I_Could_Wait_Forever_-_Mob_Entertainment
[2026.04.03-07.48.08:807][943]LogSlate: Window 'Project_Playtime_OST__02__-_I_Could_Wait_Forever_-_Mob_Entertainment' being destroyed
[2026.04.03-07.48.08:817][943]LogSlate: Window 'Project_Playtime_OST__02__-_I_Could_Wait_Forever_-_Mob_Entertainment' being destroyed
[2026.04.03-07.48.08:819][943]LogWorld: UWorld::CleanupWorld for World_22, bSessionEnded=true, bCleanupResources=true
[2026.04.03-07.48.08:819][943]LogSlate: InvalidateAllWidgets triggered.  All widgets were invalidated
[2026.04.03-07.48.17:424][801]LogContentBrowser: Deferred new asset file creation: NewSoundCue
[2026.04.03-07.48.17:437][801]LogContentBrowser: Creating deferred item: NewSoundCue
[2026.04.03-07.48.21:801][131]LogContentBrowser: Attempting asset rename: NewSoundCue -> Loby
[2026.04.03-07.48.21:806][131]LogContentBrowser: End creating deferred item NewSoundCue
[2026.04.03-07.48.24:029][252]LogAssetEditorSubsystem: Opening Asset editor for SoundCue /Game/Widgets/Sound/Loby.Loby
[2026.04.03-07.48.27:244][433]LogSlate: Window 'Loby' being destroyed
[2026.04.03-07.48.27:251][433]LogSlate: Window 'Loby' being destroyed
[2026.04.03-07.48.38:168][808]LogUObjectHash: Compacting FUObjectHashTables data took   2.94ms
[2026.04.03-07.48.38:987][808]LogSlate: Window 'Delete Assets' being destroyed
[2026.04.03-07.48.39:084][808]LogUObjectHash: Compacting FUObjectHashTables data took   3.38ms
[2026.04.03-07.49.35:587][998]LogWindowsTextInputMethodSystem: Display: IME system deactivated.
[2026.04.03-07.49.35:587][998]LogWindowsTextInputMethodSystem: Display: IME system deactivated.
[2026.04.03-07.54.21:100][963]LogWindowsTextInputMethodSystem: Display: IME system deactivated.
[2026.04.03-07.54.21:100][963]LogWindowsTextInputMethodSystem: Display: IME system deactivated.
[2026.04.03-07.55.01:571][171]LogWindowsTextInputMethodSystem: Display: IME system deactivated.
[2026.04.03-07.55.01:571][171]LogWindowsTextInputMethodSystem: Display: IME system deactivated.
[2026.04.03-07.56.26:897][792]LogTemp: Repeating last play command: New Editor Window (PIE)
[2026.04.03-07.56.26:928][792]BlueprintLog: New page: Pre-Play auto-recompile
[2026.04.03-07.56.26:936][792]LogPlayLevel: [PlayLevel] Compiling MENU before play...
[2026.04.03-07.56.26:972][792]LogPlayLevel: [PlayLevel] Compiling MP_Lobby before play...
[2026.04.03-07.56.26:992][792]LogPlayLevel: [PlayLevel] Compiling Main_Menu before play...
[2026.04.03-07.56.27:043][792]LogUObjectHash: Compacting FUObjectHashTables data took   3.38ms
[2026.04.03-07.56.27:047][792]LogPlayLevel: PlayLevel: Blueprint regeneration took 119 ms (3 blueprints)
[2026.04.03-07.56.27:049][792]PIE: New page: PIE session: MP_Lobby (3 апр. 2026 г., 13:56:27)
[2026.04.03-07.56.27:050][792]LogPlayLevel: Creating play world package: /Game/MAPS/UEDPIE_0_MP_Lobby
[2026.04.03-07.56.27:063][792]LogPlayLevel: PIE: StaticDuplicateObject took: (0.012969s)
[2026.04.03-07.56.27:067][792]LogAIModule: Creating AISystem for world MP_Lobby
[2026.04.03-07.56.27:068][792]LogPlayLevel: PIE: World Init took: (0.005327s)
[2026.04.03-07.56.27:068][792]LogPlayLevel: PIE: Created PIE world by copying editor world from /Game/MAPS/MP_Lobby.MP_Lobby to /Game/MAPS/UEDPIE_0_MP_Lobby.MP_Lobby (0.018603s)
[2026.04.03-07.56.27:095][792]LogUObjectHash: Compacting FUObjectHashTables data took   2.34ms
[2026.04.03-07.56.27:097][792]LogAudio: Display: Creating Audio Device:                 Id: 18, Scope: Unique, Realtime: True
[2026.04.03-07.56.27:098][792]LogAudioMixer: Display: Audio Mixer Platform Settings:
[2026.04.03-07.56.27:098][792]LogAudioMixer: Display: 	Sample Rate:						  48000
[2026.04.03-07.56.27:098][792]LogAudioMixer: Display: 	Callback Buffer Frame Size Requested: 1024
[2026.04.03-07.56.27:098][792]LogAudioMixer: Display: 	Callback Buffer Frame Size To Use:	  1024
[2026.04.03-07.56.27:098][792]LogAudioMixer: Display: 	Number of buffers to queue:			  2
[2026.04.03-07.56.27:098][792]LogAudioMixer: Display: 	Max Channels (voices):				  32
[2026.04.03-07.56.27:098][792]LogAudioMixer: Display: 	Number of Async Source Workers:		  0
[2026.04.03-07.56.27:098][792]LogAudio: Display: AudioDevice MaxSources: 32
[2026.04.03-07.56.27:100][792]LogAudio: Display: Audio Spatialization Plugin: None (built-in).
[2026.04.03-07.56.27:100][792]LogAudio: Display: Audio Reverb Plugin: None (built-in).
[2026.04.03-07.56.27:100][792]LogAudio: Display: Audio Occlusion Plugin: None (built-in).
[2026.04.03-07.56.27:100][792]LogAudioMixer: Display: Initializing audio mixer.
[2026.04.03-07.56.27:112][792]LogAudioMixer: Display: 0: FrontLeft
[2026.04.03-07.56.27:112][792]LogAudioMixer: Display: 1: FrontRight
[2026.04.03-07.56.27:144][792]LogAudioMixer: Display: Using Audio Device Headphones (Realtek(R) Audio)
[2026.04.03-07.56.27:147][792]LogAudioMixer: Display: Initializing Sound Submixes...
[2026.04.03-07.56.27:147][792]LogAudioMixer: Display: Creating Master Submix 'MasterSubmixDefault'
[2026.04.03-07.56.27:147][792]LogAudioMixer: Display: Creating Master Submix 'MasterReverbSubmixDefault'
[2026.04.03-07.56.27:156][792]LogAudioMixer: Display: Creating Master Submix 'MasterEQSubmixDefault'
[2026.04.03-07.56.27:156][792]LogAudioMixer: FMixerPlatformXAudio2::StartAudioStream() called
[2026.04.03-07.56.27:156][792]LogAudioMixer: Display: Output buffers initialized: Frames=1024, Channels=2, Samples=2048
[2026.04.03-07.56.27:160][792]LogAudioMixer: Display: Starting AudioMixerPlatformInterface::RunInternal()
[2026.04.03-07.56.27:160][792]LogAudioMixer: Display: FMixerPlatformXAudio2::SubmitBuffer() called for the first time
[2026.04.03-07.56.27:160][792]LogInit: FAudioDevice initialized.
[2026.04.03-07.56.27:160][792]LogAudio: Display: Audio Device (ID: 18) registered with world 'MP_Lobby'.
[2026.04.03-07.56.27:216][792]LogSlate: Updating window title bar state: overlay mode, drag disabled, window buttons hidden, title bar hidden
[2026.04.03-07.56.27:217][792]LogLoad: Game class is 'FirstPersonGameMode_C'
[2026.04.03-07.56.27:224][792]LogWorld: Bringing World /Game/MAPS/UEDPIE_0_MP_Lobby.MP_Lobby up for play (max tick rate 0) at 2026.04.03-10.56.27
[2026.04.03-07.56.27:225][792]LogWorld: Bringing up level for play took: 0.004103
[2026.04.03-07.56.27:230][792]LogOnline: OSS: Creating online subsystem instance for: :Context_36
[2026.04.03-07.56.27:244][792]LogNet: ReplicationDriverClass is null! Not using ReplicationDriver.
[2026.04.03-07.56.27:244][792]LogNetCore: DDoS detection status: detection enabled: 0 analytics enabled: 0
[2026.04.03-07.56.27:244][792]LogInit: WinSock: Socket queue. Rx: 131072 (config 131072) Tx: 131072 (config 131072)
[2026.04.03-07.56.27:244][792]LogNet: Created socket for bind address: 0.0.0.0 on port 17777
[2026.04.03-07.56.27:246][792]PacketHandlerLog: Loaded PacketHandler component: Engine.EngineHandlerComponentFactory (StatelessConnectHandlerComponent)
[2026.04.03-07.56.27:246][792]LogNet: GameNetDriver IpNetDriver_25 IpNetDriver listening on port 17777
[2026.04.03-07.56.27:263][792]PIE: Server logged in
[2026.04.03-07.56.27:266][792]PIE: Play in editor total start time 0,351 seconds.
[2026.04.03-07.56.27:268][792]LogAudio: Display: Creating Audio Device:                 Id: 19, Scope: Unique, Realtime: True
[2026.04.03-07.56.27:268][792]LogAudioMixer: Display: Audio Mixer Platform Settings:
[2026.04.03-07.56.27:268][792]LogAudioMixer: Display: 	Sample Rate:						  48000
[2026.04.03-07.56.27:268][792]LogAudioMixer: Display: 	Callback Buffer Frame Size Requested: 1024
[2026.04.03-07.56.27:268][792]LogAudioMixer: Display: 	Callback Buffer Frame Size To Use:	  1024
[2026.04.03-07.56.27:268][792]LogAudioMixer: Display: 	Number of buffers to queue:			  2
[2026.04.03-07.56.27:268][792]LogAudioMixer: Display: 	Max Channels (voices):				  32
[2026.04.03-07.56.27:268][792]LogAudioMixer: Display: 	Number of Async Source Workers:		  0
[2026.04.03-07.56.27:268][792]LogAudio: Display: AudioDevice MaxSources: 32
[2026.04.03-07.56.27:270][792]LogAudio: Display: Audio Spatialization Plugin: None (built-in).
[2026.04.03-07.56.27:270][792]LogAudio: Display: Audio Reverb Plugin: None (built-in).
[2026.04.03-07.56.27:270][792]LogAudio: Display: Audio Occlusion Plugin: None (built-in).
[2026.04.03-07.56.27:270][792]LogAudioMixer: Display: Initializing audio mixer.
[2026.04.03-07.56.27:273][792]LogAudioMixer: Display: 0: FrontLeft
[2026.04.03-07.56.27:273][792]LogAudioMixer: Display: 1: FrontRight
[2026.04.03-07.56.27:283][792]LogAudioMixer: Display: Using Audio Device Headphones (Realtek(R) Audio)
[2026.04.03-07.56.27:291][792]LogAudioMixer: Display: Initializing Sound Submixes...
[2026.04.03-07.56.27:291][792]LogAudioMixer: Display: Creating Master Submix 'MasterSubmixDefault'
[2026.04.03-07.56.27:291][792]LogAudioMixer: Display: Creating Master Submix 'MasterReverbSubmixDefault'
[2026.04.03-07.56.27:298][792]LogAudioMixer: Display: Creating Master Submix 'MasterEQSubmixDefault'
[2026.04.03-07.56.27:298][792]LogAudioMixer: FMixerPlatformXAudio2::StartAudioStream() called
[2026.04.03-07.56.27:298][792]LogAudioMixer: Display: Output buffers initialized: Frames=1024, Channels=2, Samples=2048
[2026.04.03-07.56.27:301][792]LogAudioMixer: Display: Starting AudioMixerPlatformInterface::RunInternal()
[2026.04.03-07.56.27:301][792]LogAudioMixer: Display: FMixerPlatformXAudio2::SubmitBuffer() called for the first time
[2026.04.03-07.56.27:301][792]LogInit: FAudioDevice initialized.
[2026.04.03-07.56.27:302][792]LogAudio: Display: Audio Device (ID: 19) registered with world 'Untitled'.
[2026.04.03-07.56.27:350][792]LogSlate: Updating window title bar state: overlay mode, drag disabled, window buttons hidden, title bar hidden
[2026.04.03-07.56.27:351][792]LogNet: Browse: 127.0.0.1:17777/Game/StarterContent/Maps/Minimal_Default
[2026.04.03-07.56.27:351][792]LogInit: WinSock: Socket queue. Rx: 32768 (config 32768) Tx: 32768 (config 32768)
[2026.04.03-07.56.27:351][792]LogNet: Created socket for bind address: 0.0.0.0 on port 0
[2026.04.03-07.56.27:351][792]PacketHandlerLog: Loaded PacketHandler component: Engine.EngineHandlerComponentFactory (StatelessConnectHandlerComponent)
[2026.04.03-07.56.27:351][792]LogNet: Game client on port 17777, rate 100000
[2026.04.03-07.56.27:353][792]PIE: Client logged in
[2026.04.03-07.56.27:354][792]PIE: Play in editor total start time 0,44 seconds.
[2026.04.03-07.56.28:387][809]LogNet: NotifyAcceptingConnection accepted from: 127.0.0.1:50927
[2026.04.03-07.56.28:388][809]LogHandshake: SendConnectChallenge. Timestamp: 1.511649, Cookie: 235193192047006166183149113017015224173099157152076076182005
[2026.04.03-07.56.28:390][809]LogHandshake: SendChallengeResponse. Timestamp: 1.511649, Cookie: 235193192047006166183149113017015224173099157152076076182005
[2026.04.03-07.56.28:425][810]LogNet: NotifyAcceptingConnection accepted from: 127.0.0.1:50927
[2026.04.03-07.56.28:425][810]LogHandshake: SendChallengeAck. InCookie: 235193192047006166183149113017015224173099157152076076182005
[2026.04.03-07.56.28:425][810]LogNet: Server accepting post-challenge connection from: 127.0.0.1:50927
[2026.04.03-07.56.28:428][810]PacketHandlerLog: Loaded PacketHandler component: Engine.EngineHandlerComponentFactory (StatelessConnectHandlerComponent)
[2026.04.03-07.56.28:429][810]LogNet: NotifyAcceptedConnection: Name: MP_Lobby, TimeStamp: 04/03/26 10:56:28, [UNetConnection] RemoteAddr: 127.0.0.1:50927, Name: IpConnection_19, Driver: GameNetDriver IpNetDriver_25, IsServer: YES, PC: NULL, Owner: NULL, UniqueId: INVALID
[2026.04.03-07.56.28:429][810]LogNet: AddClientConnection: Added client connection: [UNetConnection] RemoteAddr: 127.0.0.1:50927, Name: IpConnection_19, Driver: GameNetDriver IpNetDriver_25, IsServer: YES, PC: NULL, Owner: NULL, UniqueId: INVALID
[2026.04.03-07.56.28:431][810]LogNet: UPendingNetGame::SendInitialJoin: Sending hello. [UNetConnection] RemoteAddr: 127.0.0.1:17777, Name: IpConnection_18, Driver: PendingNetDriver IpNetDriver_26, IsServer: NO, PC: NULL, Owner: NULL, UniqueId: INVALID
[2026.04.03-07.56.28:462][811]LogNet: NotifyAcceptingChannel Control 0 server World /Game/MAPS/UEDPIE_0_MP_Lobby.MP_Lobby: Accepted
[2026.04.03-07.56.28:462][811]LogNet: Remote platform little endian=1
[2026.04.03-07.56.28:462][811]LogNet: This platform little endian=1
[2026.04.03-07.56.28:463][811]LogOnline: OSS: Creating online subsystem instance for: :Context_37
[2026.04.03-07.56.28:498][812]LogNet: Login request: ?Name=WIN-O5Q6NLQMTLB-F84DC2E545B7AC7DE439C3A67FB7A131 userId: NULL:WIN-O5Q6NLQMTLB-F84DC2E545B7AC7DE439C3A67FB7A131 platform: NULL
[2026.04.03-07.56.28:500][812]LogNet: Welcomed by server (Level: /Game/MAPS/UEDPIE_0_MP_Lobby, Game: /Game/FirstPerson/FirstPersonBP/Blueprints/FirstPersonGameMode.FirstPersonGameMode_C)
[2026.04.03-07.56.28:501][812]LogLoad: LoadMap: 127.0.0.1:17777/Game/MAPS/UEDPIE_0_MP_Lobby?game=/Game/FirstPerson/FirstPersonBP/Blueprints/FirstPersonGameMode.FirstPersonGameMode_C
[2026.04.03-07.56.28:501][812]LogWorld: BeginTearingDown for /Temp/Untitled_10
[2026.04.03-07.56.28:502][812]LogWorld: UWorld::CleanupWorld for Untitled, bSessionEnded=true, bCleanupResources=true
[2026.04.03-07.56.28:502][812]LogSlate: InvalidateAllWidgets triggered.  All widgets were invalidated
[2026.04.03-07.56.28:531][812]LogAudio: Display: Audio Device unregistered from world 'None'.
[2026.04.03-07.56.28:542][812]LogUObjectHash: Compacting FUObjectHashTables data took   4.80ms
[2026.04.03-07.56.28:552][812]LogAudio: Display: Audio Device (ID: 19) registered with world 'MP_Lobby'.
[2026.04.03-07.56.28:553][812]LogAIModule: Creating AISystem for world MP_Lobby
[2026.04.03-07.56.28:555][812]LogWorld: Bringing World /Game/MAPS/UEDPIE_1_MP_Lobby.MP_Lobby up for play (max tick rate 0) at 2026.04.03-10.56.28
[2026.04.03-07.56.28:555][812]LogWorld: Bringing up level for play took: 0.000882
[2026.04.03-07.56.28:558][812]LogLoad: Took 0.056089 seconds to LoadMap(/Game/MAPS/UEDPIE_0_MP_Lobby)
[2026.04.03-07.56.28:716][813]LogNet: Client netspeed is 100000
[2026.04.03-07.56.28:716][813]LogNet: Join request: /Game/StarterContent/Maps/Minimal_Default?Name=WIN-O5Q6NLQMTLB-F84DC2E545B7AC7DE439C3A67FB7A131?SplitscreenCount=1
[2026.04.03-07.56.28:717][813]LogOnlineSession: Warning: OSS: No game present to join for session (GameSession)
[2026.04.03-07.56.28:721][813]LogNet: Join succeeded: WIN-O5Q6NLQMTLB-F84D
[2026.04.03-07.56.28:772][814]LogOnlineSession: Warning: OSS: No game present to join for session (GameSession)
[2026.04.03-07.56.28:817][815]LogOnlineSession: Warning: OSS: No game present to join for session (GameSession)
[2026.04.03-07.56.29:954][838]LogSlate: Updating window title bar state: overlay mode, drag disabled, window buttons hidden, title bar hidden
[2026.04.03-07.56.29:954][838]LogWorld: BeginTearingDown for /Game/MAPS/UEDPIE_1_MP_Lobby
[2026.04.03-07.56.29:955][838]LogSlate: Window 'Playtime_Multiplayer Preview [NetMode: Client 1]  (64-bit/Windows) ' being destroyed
[2026.04.03-07.56.29:964][838]LogWorld: UWorld::CleanupWorld for MP_Lobby, bSessionEnded=true, bCleanupResources=true
[2026.04.03-07.56.29:966][838]LogSlate: InvalidateAllWidgets triggered.  All widgets were invalidated
[2026.04.03-07.56.29:981][838]LogNet: World NetDriver shutdown IpNetDriver_26 [GameNetDriver]
[2026.04.03-07.56.29:981][838]LogNet: DestroyNamedNetDriver IpNetDriver_26 [GameNetDriver]
[2026.04.03-07.56.29:981][838]LogNet: UNetConnection::Close: [UNetConnection] RemoteAddr: 127.0.0.1:17777, Name: IpConnection_18, Driver: GameNetDriver IpNetDriver_26, IsServer: NO, PC: PlayerController_1, Owner: PlayerController_1, UniqueId: NULL:WIN-O5Q6NLQMTLB-F84DC2E545B7AC7DE439C3A67FB7A131, Channels: 10, Time: 2026.04.03-07.56.29
[2026.04.03-07.56.29:981][838]LogNet: UChannel::Close: Sending CloseBunch. ChIndex == 0. Name: [UChannel] ChIndex: 0, Closing: 0 [UNetConnection] RemoteAddr: 127.0.0.1:17777, Name: IpConnection_18, Driver: GameNetDriver IpNetDriver_26, IsServer: NO, PC: PlayerController_1, Owner: PlayerController_1, UniqueId: NULL:WIN-O5Q6NLQMTLB-F84DC2E545B7AC7DE439C3A67FB7A131
[2026.04.03-07.56.29:982][838]LogExit: GameNetDriver IpNetDriver_26 shut down
[2026.04.03-07.56.29:988][838]LogWorld: BeginTearingDown for /Game/MAPS/UEDPIE_0_MP_Lobby
[2026.04.03-07.56.29:988][838]LogOnlineSession: Warning: OSS: No game present to leave for session (GameSession)
[2026.04.03-07.56.29:990][838]LogSlate: Updating window title bar state: overlay mode, drag disabled, window buttons hidden, title bar hidden
[2026.04.03-07.56.29:990][838]LogSlate: Window 'Playtime_Multiplayer Preview [NetMode: Server]  (64-bit/Windows) ' being destroyed
[2026.04.03-07.56.30:007][838]LogWorld: UWorld::CleanupWorld for MP_Lobby, bSessionEnded=true, bCleanupResources=true
[2026.04.03-07.56.30:008][838]LogSlate: InvalidateAllWidgets triggered.  All widgets were invalidated
[2026.04.03-07.56.30:023][838]LogNet: World NetDriver shutdown IpNetDriver_25 [GameNetDriver]
[2026.04.03-07.56.30:023][838]LogNet: DestroyNamedNetDriver IpNetDriver_25 [GameNetDriver]
[2026.04.03-07.56.30:023][838]LogNet: UNetConnection::Cleanup: Closing open connection. [UNetConnection] RemoteAddr: 127.0.0.1:50927, Name: IpConnection_19, Driver: GameNetDriver IpNetDriver_25, IsServer: YES, PC: PlayerController_1, Owner: PlayerController_1, UniqueId: NULL:WIN-O5Q6NLQMTLB-F84DC2E545B7AC7DE439C3A67FB7A131
[2026.04.03-07.56.30:023][838]LogNet: UNetConnection::Close: [UNetConnection] RemoteAddr: 127.0.0.1:50927, Name: IpConnection_19, Driver: GameNetDriver IpNetDriver_25, IsServer: YES, PC: PlayerController_1, Owner: PlayerController_1, UniqueId: NULL:WIN-O5Q6NLQMTLB-F84DC2E545B7AC7DE439C3A67FB7A131, Channels: 10, Time: 2026.04.03-07.56.30
[2026.04.03-07.56.30:023][838]LogNet: UChannel::Close: Sending CloseBunch. ChIndex == 0. Name: [UChannel] ChIndex: 0, Closing: 0 [UNetConnection] RemoteAddr: 127.0.0.1:50927, Name: IpConnection_19, Driver: GameNetDriver IpNetDriver_25, IsServer: YES, PC: PlayerController_1, Owner: PlayerController_1, UniqueId: NULL:WIN-O5Q6NLQMTLB-F84DC2E545B7AC7DE439C3A67FB7A131
[2026.04.03-07.56.30:024][838]LogExit: GameNetDriver IpNetDriver_25 shut down
[2026.04.03-07.56.30:027][838]LogPlayLevel: Display: Shutting down PIE online subsystems
[2026.04.03-07.56.30:033][838]LogSlate: InvalidateAllWidgets triggered.  All widgets were invalidated
[2026.04.03-07.56.30:068][838]LogAudio: Display: Audio Device unregistered from world 'None'.
[2026.04.03-07.56.30:070][838]LogAudioMixer: FMixerPlatformXAudio2::StopAudioStream() called
[2026.04.03-07.56.30:076][838]LogAudioMixer: FMixerPlatformXAudio2::StopAudioStream() called
[2026.04.03-07.56.30:081][838]LogAudioMixer: FMixerPlatformXAudio2::StopAudioStream() called
[2026.04.03-07.56.30:084][838]LogAudioMixer: FMixerPlatformXAudio2::StopAudioStream() called
[2026.04.03-07.56.30:091][838]LogUObjectHash: Compacting FUObjectHashTables data took   2.42ms
[2026.04.03-07.56.30:116][839]LogPlayLevel: Display: Destroying online subsystem :Context_37
[2026.04.03-07.56.30:118][839]LogPlayLevel: Display: Destroying online subsystem :Context_36
[2026.04.03-07.56.50:347][241]LogFactory: FactoryCreateFile: SoundWave with ReimportSoundFactory (0 0 C:\Users\User\Downloads\Project Playtime OST (02) - I Could Wait Forever - Mob Entertainment.ogg)
[2026.04.03-07.57.18:406][422]LogUObjectHash: Compacting FUObjectHashTables data took   3.16ms
[2026.04.03-07.57.18:448][422]LogSavePackage: Moving '../../../../../../Users/User/Documents/Unreal Projects/Playtime_Multiplayer/Saved/MP_Lobby_Auto2AFD7CB784F91746ECDDBD5B5BA895281.tmp' to '../../../../../../Users/User/Documents/Unreal Projects/Playtime_Multiplayer/Saved/Autosaves/Game/MAPS/MP_Lobby_Auto2.umap'
[2026.04.03-07.57.18:450][422]LogFileHelpers: Editor autosave (incl. external actors) for '/Game/MAPS/MP_Lobby' took 0.068
[2026.04.03-07.57.18:450][422]LogFileHelpers: Editor autosave (incl. sublevels & external actors) for all levels took 0.068
[2026.04.03-07.57.18:451][422]OBJ SavePackage: Generating thumbnails for [0] asset(s) in package [/Game/Widgets/MENU] ([2] browsable assets)...
[2026.04.03-07.57.18:451][422]OBJ SavePackage: Finished generating thumbnails for package [/Game/Widgets/MENU]
[2026.04.03-07.57.18:462][422]LogSavePackage: Moving '../../../../../../Users/User/Documents/Unreal Projects/Playtime_Multiplayer/Saved/MENU_Auto238F76A54461EC269504DC8B1621B7F53.tmp' to '../../../../../../Users/User/Documents/Unreal Projects/Playtime_Multiplayer/Saved/Autosaves/Game/Widgets/MENU_Auto2.uasset'
[2026.04.03-07.57.18:463][422]OBJ SavePackage: Generating thumbnails for [1] asset(s) in package [/Game/Widgets/Sound/Project_Playtime_OST__02__-_I_Could_Wait_Forever_-_Mob_Entertainment] ([1] browsable assets)...
[2026.04.03-07.57.18:480][422]OBJ SavePackage:     Rendered thumbnail for [SoundWave /Game/Widgets/Sound/Project_Playtime_OST__02__-_I_Could_Wait_Forever_-_Mob_Entertainment.Project_Playtime_OST__02__-_I_Could_Wait_Forever_-_Mob_Entertainment]
[2026.04.03-07.57.18:480][422]OBJ SavePackage: Finished generating thumbnails for package [/Game/Widgets/Sound/Project_Playtime_OST__02__-_I_Could_Wait_Forever_-_Mob_Entertainment]
[2026.04.03-07.57.18:489][422]LogSavePackage: Moving '../../../../../../Users/User/Documents/Unreal Projects/Playtime_Multiplayer/Saved/Project_Playtime_OST__02__-_I_Co7BEB06E54EBC05FC2D71BFBC0B95EB23.tmp' to '../../../../../../Users/User/Documents/Unreal Projects/Playtime_Multiplayer/Saved/Autosaves/Game/Widgets/Sound/Project_Playtime_OST__02__-_I_Could_Wait_Forever_-_Mob_Entertainment_Auto2.uasset'
[2026.04.03-07.57.18:490][422]LogFileHelpers: Auto-saving content packages took 0.040
[2026.04.03-07.59.28:276][993]LogAssetEditorSubsystem: Opening Asset editor for LevelScriptBlueprint /Game/MAPS/MP_Lobby.MP_Lobby:PersistentLevel.MP_Lobby
[2026.04.03-07.59.38:906][530]LogSelectionDetails: Warning: NavigateToFunctionSource:  Unable to find symbols for 'UGameplayStatics::PlaySound2D' [Не найден указанный модуль.]
[2026.04.03-08.00.03:034][115]BlueprintLog: New page: Compile MP_Lobby
[2026.04.03-08.00.03:078][115]LogUObjectHash: Compacting FUObjectHashTables data took   2.90ms
[2026.04.03-08.00.03:787][145]LogTemp: Repeating last play command: New Editor Window (PIE)
[2026.04.03-08.00.03:795][145]LogPlayLevel: PlayLevel: No blueprints needed recompiling
[2026.04.03-08.00.03:795][145]PIE: New page: PIE session: MP_Lobby (3 апр. 2026 г., 14:00:03)
[2026.04.03-08.00.03:795][145]LogPlayLevel: Creating play world package: /Game/MAPS/UEDPIE_0_MP_Lobby
[2026.04.03-08.00.03:801][145]LogPlayLevel: PIE: StaticDuplicateObject took: (0.006012s)
[2026.04.03-08.00.03:803][145]LogAIModule: Creating AISystem for world MP_Lobby
[2026.04.03-08.00.03:804][145]LogPlayLevel: PIE: World Init took: (0.002372s)
[2026.04.03-08.00.03:804][145]LogPlayLevel: PIE: Created PIE world by copying editor world from /Game/MAPS/MP_Lobby.MP_Lobby to /Game/MAPS/UEDPIE_0_MP_Lobby.MP_Lobby (0.008604s)
[2026.04.03-08.00.03:830][145]LogUObjectHash: Compacting FUObjectHashTables data took   2.17ms
[2026.04.03-08.00.03:830][145]LogAudio: Display: Creating Audio Device:                 Id: 20, Scope: Unique, Realtime: True
[2026.04.03-08.00.03:830][145]LogAudioMixer: Display: Audio Mixer Platform Settings:
[2026.04.03-08.00.03:830][145]LogAudioMixer: Display: 	Sample Rate:						  48000
[2026.04.03-08.00.03:830][145]LogAudioMixer: Display: 	Callback Buffer Frame Size Requested: 1024
[2026.04.03-08.00.03:830][145]LogAudioMixer: Display: 	Callback Buffer Frame Size To Use:	  1024
[2026.04.03-08.00.03:830][145]LogAudioMixer: Display: 	Number of buffers to queue:			  2
[2026.04.03-08.00.03:831][145]LogAudioMixer: Display: 	Max Channels (voices):				  32
[2026.04.03-08.00.03:831][145]LogAudioMixer: Display: 	Number of Async Source Workers:		  0
[2026.04.03-08.00.03:831][145]LogAudio: Display: AudioDevice MaxSources: 32
[2026.04.03-08.00.03:831][145]LogAudio: Display: Audio Spatialization Plugin: None (built-in).
[2026.04.03-08.00.03:831][145]LogAudio: Display: Audio Reverb Plugin: None (built-in).
[2026.04.03-08.00.03:831][145]LogAudio: Display: Audio Occlusion Plugin: None (built-in).
[2026.04.03-08.00.03:831][145]LogAudioMixer: Display: Initializing audio mixer.
[2026.04.03-08.00.03:835][145]LogAudioMixer: Display: 0: FrontLeft
[2026.04.03-08.00.03:835][145]LogAudioMixer: Display: 1: FrontRight
[2026.04.03-08.00.03:861][145]LogAudioMixer: Display: Using Audio Device Headphones (Realtek(R) Audio)
[2026.04.03-08.00.03:862][145]LogAudioMixer: Display: Initializing Sound Submixes...
[2026.04.03-08.00.03:862][145]LogAudioMixer: Display: Creating Master Submix 'MasterSubmixDefault'
[2026.04.03-08.00.03:862][145]LogAudioMixer: Display: Creating Master Submix 'MasterReverbSubmixDefault'
[2026.04.03-08.00.03:862][145]LogAudioMixer: Display: Creating Master Submix 'MasterEQSubmixDefault'
[2026.04.03-08.00.03:863][145]LogAudioMixer: FMixerPlatformXAudio2::StartAudioStream() called
[2026.04.03-08.00.03:863][145]LogAudioMixer: Display: Output buffers initialized: Frames=1024, Channels=2, Samples=2048
[2026.04.03-08.00.03:865][145]LogAudioMixer: Display: Starting AudioMixerPlatformInterface::RunInternal()
[2026.04.03-08.00.03:865][145]LogAudioMixer: Display: FMixerPlatformXAudio2::SubmitBuffer() called for the first time
[2026.04.03-08.00.03:865][145]LogInit: FAudioDevice initialized.
[2026.04.03-08.00.03:865][145]LogAudio: Display: Audio Device (ID: 20) registered with world 'MP_Lobby'.
[2026.04.03-08.00.03:911][145]LogSlate: Updating window title bar state: overlay mode, drag disabled, window buttons hidden, title bar hidden
[2026.04.03-08.00.03:911][145]LogLoad: Game class is 'FirstPersonGameMode_C'
[2026.04.03-08.00.03:913][145]LogWorld: Bringing World /Game/MAPS/UEDPIE_0_MP_Lobby.MP_Lobby up for play (max tick rate 0) at 2026.04.03-11.00.03
[2026.04.03-08.00.03:914][145]LogWorld: Bringing up level for play took: 0.001388
[2026.04.03-08.00.03:914][145]LogOnline: OSS: Creating online subsystem instance for: :Context_39
[2026.04.03-08.00.03:918][145]LogNet: ReplicationDriverClass is null! Not using ReplicationDriver.
[2026.04.03-08.00.03:918][145]LogNetCore: DDoS detection status: detection enabled: 0 analytics enabled: 0
[2026.04.03-08.00.03:918][145]LogInit: WinSock: Socket queue. Rx: 131072 (config 131072) Tx: 131072 (config 131072)
[2026.04.03-08.00.03:918][145]LogNet: Created socket for bind address: 0.0.0.0 on port 17777
[2026.04.03-08.00.03:918][145]PacketHandlerLog: Loaded PacketHandler component: Engine.EngineHandlerComponentFactory (StatelessConnectHandlerComponent)
[2026.04.03-08.00.03:918][145]LogNet: GameNetDriver IpNetDriver_27 IpNetDriver listening on port 17777
[2026.04.03-08.00.03:922][145]PIE: Server logged in
[2026.04.03-08.00.03:923][145]PIE: Play in editor total start time 0,131 seconds.
[2026.04.03-08.00.03:925][145]LogAudio: Display: Creating Audio Device:                 Id: 21, Scope: Unique, Realtime: True
[2026.04.03-08.00.03:925][145]LogAudioMixer: Display: Audio Mixer Platform Settings:
[2026.04.03-08.00.03:925][145]LogAudioMixer: Display: 	Sample Rate:						  48000
[2026.04.03-08.00.03:925][145]LogAudioMixer: Display: 	Callback Buffer Frame Size Requested: 1024
[2026.04.03-08.00.03:925][145]LogAudioMixer: Display: 	Callback Buffer Frame Size To Use:	  1024
[2026.04.03-08.00.03:925][145]LogAudioMixer: Display: 	Number of buffers to queue:			  2
[2026.04.03-08.00.03:925][145]LogAudioMixer: Display: 	Max Channels (voices):				  32
[2026.04.03-08.00.03:925][145]LogAudioMixer: Display: 	Number of Async Source Workers:		  0
[2026.04.03-08.00.03:925][145]LogAudio: Display: AudioDevice MaxSources: 32
[2026.04.03-08.00.03:925][145]LogAudio: Display: Audio Spatialization Plugin: None (built-in).
[2026.04.03-08.00.03:925][145]LogAudio: Display: Audio Reverb Plugin: None (built-in).
[2026.04.03-08.00.03:925][145]LogAudio: Display: Audio Occlusion Plugin: None (built-in).
[2026.04.03-08.00.03:925][145]LogAudioMixer: Display: Initializing audio mixer.
[2026.04.03-08.00.03:930][145]LogAudioMixer: Display: 0: FrontLeft
[2026.04.03-08.00.03:930][145]LogAudioMixer: Display: 1: FrontRight
[2026.04.03-08.00.03:938][145]LogAudioMixer: Display: Using Audio Device Headphones (Realtek(R) Audio)
[2026.04.03-08.00.03:940][145]LogAudioMixer: Display: Initializing Sound Submixes...
[2026.04.03-08.00.03:941][145]LogAudioMixer: Display: Creating Master Submix 'MasterSubmixDefault'
[2026.04.03-08.00.03:941][145]LogAudioMixer: Display: Creating Master Submix 'MasterReverbSubmixDefault'
[2026.04.03-08.00.03:941][145]LogAudioMixer: Display: Creating Master Submix 'MasterEQSubmixDefault'
[2026.04.03-08.00.03:941][145]LogAudioMixer: FMixerPlatformXAudio2::StartAudioStream() called
[2026.04.03-08.00.03:941][145]LogAudioMixer: Display: Output buffers initialized: Frames=1024, Channels=2, Samples=2048
[2026.04.03-08.00.03:943][145]LogAudioMixer: Display: Starting AudioMixerPlatformInterface::RunInternal()
[2026.04.03-08.00.03:943][145]LogAudioMixer: Display: FMixerPlatformXAudio2::SubmitBuffer() called for the first time
[2026.04.03-08.00.03:943][145]LogInit: FAudioDevice initialized.
[2026.04.03-08.00.03:943][145]LogAudio: Display: Audio Device (ID: 21) registered with world 'Untitled'.
[2026.04.03-08.00.03:995][145]LogSlate: Updating window title bar state: overlay mode, drag disabled, window buttons hidden, title bar hidden
[2026.04.03-08.00.03:995][145]LogNet: Browse: 127.0.0.1:17777/Game/StarterContent/Maps/Minimal_Default
[2026.04.03-08.00.03:996][145]LogInit: WinSock: Socket queue. Rx: 32768 (config 32768) Tx: 32768 (config 32768)
[2026.04.03-08.00.03:996][145]LogNet: Created socket for bind address: 0.0.0.0 on port 0
[2026.04.03-08.00.03:996][145]PacketHandlerLog: Loaded PacketHandler component: Engine.EngineHandlerComponentFactory (StatelessConnectHandlerComponent)
[2026.04.03-08.00.03:996][145]LogNet: Game client on port 17777, rate 100000
[2026.04.03-08.00.03:998][145]PIE: Client logged in
[2026.04.03-08.00.03:999][145]PIE: Play in editor total start time 0,207 seconds.
[2026.04.03-08.00.04:262][145]LogAudioDerivedData: Display: Building compressed audio format OGG hash OGG10000-1-1-1-1-1 wave Project_Playtime_OST__02__-_I_Could_Wait_Forever_-_Mob_Entertainment...
[2026.04.03-08.00.04:269][145]LogAudioDerivedData: Display: Compression Quality for SoundWave /Game/Widgets/Sound/Project_Playtime_OST__02__-_I_Could_Wait_Forever_-_Mob_Entertainment.Project_Playtime_OST__02__-_I_Could_Wait_Forever_-_Mob_Entertainment will be modified from 40 to 40.
[2026.04.03-08.00.05:732][145]LogAudioDerivedData: Display: Updated SoundWave->RawPCMDataSize from 0 to 15081984 while cooking SoundWave /Game/Widgets/Sound/Project_Playtime_OST__02__-_I_Could_Wait_Forever_-_Mob_Entertainment.Project_Playtime_OST__02__-_I_Could_Wait_Forever_-_Mob_Entertainment.
[2026.04.03-08.00.05:838][147]LogNet: NotifyAcceptingConnection accepted from: 127.0.0.1:58017
[2026.04.03-08.00.05:838][147]LogHandshake: SendConnectChallenge. Timestamp: 2.061837, Cookie: 202171079209096191116194110150034069136033206114135156240107
[2026.04.03-08.00.05:840][147]LogHandshake: SendChallengeResponse. Timestamp: 2.061837, Cookie: 202171079209096191116194110150034069136033206114135156240107
[2026.04.03-08.00.05:879][148]LogNet: NotifyAcceptingConnection accepted from: 127.0.0.1:58017
[2026.04.03-08.00.05:880][148]LogHandshake: SendChallengeAck. InCookie: 202171079209096191116194110150034069136033206114135156240107
[2026.04.03-08.00.05:880][148]LogNet: Server accepting post-challenge connection from: 127.0.0.1:58017
[2026.04.03-08.00.05:880][148]PacketHandlerLog: Loaded PacketHandler component: Engine.EngineHandlerComponentFactory (StatelessConnectHandlerComponent)
[2026.04.03-08.00.05:880][148]LogNet: NotifyAcceptedConnection: Name: MP_Lobby, TimeStamp: 04/03/26 11:00:05, [UNetConnection] RemoteAddr: 127.0.0.1:58017, Name: IpConnection_21, Driver: GameNetDriver IpNetDriver_27, IsServer: YES, PC: NULL, Owner: NULL, UniqueId: INVALID
[2026.04.03-08.00.05:880][148]LogNet: AddClientConnection: Added client connection: [UNetConnection] RemoteAddr: 127.0.0.1:58017, Name: IpConnection_21, Driver: GameNetDriver IpNetDriver_27, IsServer: YES, PC: NULL, Owner: NULL, UniqueId: INVALID
[2026.04.03-08.00.05:881][148]LogNet: UPendingNetGame::SendInitialJoin: Sending hello. [UNetConnection] RemoteAddr: 127.0.0.1:17777, Name: IpConnection_20, Driver: PendingNetDriver IpNetDriver_28, IsServer: NO, PC: NULL, Owner: NULL, UniqueId: INVALID
[2026.04.03-08.00.05:925][149]LogNet: NotifyAcceptingChannel Control 0 server World /Game/MAPS/UEDPIE_0_MP_Lobby.MP_Lobby: Accepted
[2026.04.03-08.00.05:925][149]LogNet: Remote platform little endian=1
[2026.04.03-08.00.05:925][149]LogNet: This platform little endian=1
[2026.04.03-08.00.05:927][149]LogOnline: OSS: Creating online subsystem instance for: :Context_40
[2026.04.03-08.00.05:970][150]LogNet: Login request: ?Name=WIN-O5Q6NLQMTLB-E83514714701E7387DB89B964DADAD1D userId: NULL:WIN-O5Q6NLQMTLB-E83514714701E7387DB89B964DADAD1D platform: NULL
[2026.04.03-08.00.05:971][150]LogNet: Welcomed by server (Level: /Game/MAPS/UEDPIE_0_MP_Lobby, Game: /Game/FirstPerson/FirstPersonBP/Blueprints/FirstPersonGameMode.FirstPersonGameMode_C)
[2026.04.03-08.00.05:971][150]LogLoad: LoadMap: 127.0.0.1:17777/Game/MAPS/UEDPIE_0_MP_Lobby?game=/Game/FirstPerson/FirstPersonBP/Blueprints/FirstPersonGameMode.FirstPersonGameMode_C
[2026.04.03-08.00.05:971][150]LogWorld: BeginTearingDown for /Temp/Untitled_11
[2026.04.03-08.00.05:972][150]LogWorld: UWorld::CleanupWorld for Untitled, bSessionEnded=true, bCleanupResources=true
[2026.04.03-08.00.05:972][150]LogSlate: InvalidateAllWidgets triggered.  All widgets were invalidated
[2026.04.03-08.00.06:009][150]LogAudio: Display: Audio Device unregistered from world 'None'.
[2026.04.03-08.00.06:021][150]LogUObjectHash: Compacting FUObjectHashTables data took   2.71ms
[2026.04.03-08.00.06:034][150]LogAudio: Display: Audio Device (ID: 21) registered with world 'MP_Lobby'.
[2026.04.03-08.00.06:037][150]LogAIModule: Creating AISystem for world MP_Lobby
[2026.04.03-08.00.06:039][150]LogWorld: Bringing World /Game/MAPS/UEDPIE_1_MP_Lobby.MP_Lobby up for play (max tick rate 0) at 2026.04.03-11.00.06
[2026.04.03-08.00.06:039][150]LogWorld: Bringing up level for play took: 0.000767
[2026.04.03-08.00.06:040][150]LogLoad: Took 0.067692 seconds to LoadMap(/Game/MAPS/UEDPIE_0_MP_Lobby)
[2026.04.03-08.00.06:221][151]LogNet: Client netspeed is 100000
[2026.04.03-08.00.06:222][151]LogNet: Join request: /Game/StarterContent/Maps/Minimal_Default?Name=WIN-O5Q6NLQMTLB-E83514714701E7387DB89B964DADAD1D?SplitscreenCount=1
[2026.04.03-08.00.06:222][151]LogOnlineSession: Warning: OSS: No game present to join for session (GameSession)
[2026.04.03-08.00.06:224][151]LogNet: Join succeeded: WIN-O5Q6NLQMTLB-E835
[2026.04.03-08.00.06:266][152]LogOnlineSession: Warning: OSS: No game present to join for session (GameSession)
[2026.04.03-08.00.06:316][153]LogOnlineSession: Warning: OSS: No game present to join for session (GameSession)
[2026.04.03-08.00.12:741][283]LogSlate: Updating window title bar state: overlay mode, drag disabled, window buttons hidden, title bar hidden
[2026.04.03-08.00.12:741][283]LogWorld: BeginTearingDown for /Game/MAPS/UEDPIE_1_MP_Lobby
[2026.04.03-08.00.12:742][283]LogSlate: Window 'Playtime_Multiplayer Preview [NetMode: Client 1]  (64-bit/Windows) ' being destroyed
[2026.04.03-08.00.12:751][283]LogWorld: UWorld::CleanupWorld for MP_Lobby, bSessionEnded=true, bCleanupResources=true
[2026.04.03-08.00.12:752][283]LogSlate: InvalidateAllWidgets triggered.  All widgets were invalidated
[2026.04.03-08.00.12:770][283]LogNet: World NetDriver shutdown IpNetDriver_28 [GameNetDriver]
[2026.04.03-08.00.12:770][283]LogNet: DestroyNamedNetDriver IpNetDriver_28 [GameNetDriver]
[2026.04.03-08.00.12:770][283]LogNet: UNetConnection::Close: [UNetConnection] RemoteAddr: 127.0.0.1:17777, Name: IpConnection_20, Driver: GameNetDriver IpNetDriver_28, IsServer: NO, PC: PlayerController_1, Owner: PlayerController_1, UniqueId: NULL:WIN-O5Q6NLQMTLB-E83514714701E7387DB89B964DADAD1D, Channels: 11, Time: 2026.04.03-08.00.12
[2026.04.03-08.00.12:770][283]LogNet: UChannel::Close: Sending CloseBunch. ChIndex == 0. Name: [UChannel] ChIndex: 0, Closing: 0 [UNetConnection] RemoteAddr: 127.0.0.1:17777, Name: IpConnection_20, Driver: GameNetDriver IpNetDriver_28, IsServer: NO, PC: PlayerController_1, Owner: PlayerController_1, UniqueId: NULL:WIN-O5Q6NLQMTLB-E83514714701E7387DB89B964DADAD1D
[2026.04.03-08.00.12:770][283]LogExit: GameNetDriver IpNetDriver_28 shut down
[2026.04.03-08.00.12:771][283]LogWorld: BeginTearingDown for /Game/MAPS/UEDPIE_0_MP_Lobby
[2026.04.03-08.00.12:772][283]LogOnlineSession: Warning: OSS: No game present to leave for session (GameSession)
[2026.04.03-08.00.12:772][283]LogSlate: Updating window title bar state: overlay mode, drag disabled, window buttons hidden, title bar hidden
[2026.04.03-08.00.12:772][283]LogSlate: Window 'Playtime_Multiplayer Preview [NetMode: Server]  (64-bit/Windows) ' being destroyed
[2026.04.03-08.00.12:786][283]LogWorld: UWorld::CleanupWorld for MP_Lobby, bSessionEnded=true, bCleanupResources=true
[2026.04.03-08.00.12:787][283]LogSlate: InvalidateAllWidgets triggered.  All widgets were invalidated
[2026.04.03-08.00.12:798][283]LogNet: World NetDriver shutdown IpNetDriver_27 [GameNetDriver]
[2026.04.03-08.00.12:798][283]LogNet: DestroyNamedNetDriver IpNetDriver_27 [GameNetDriver]
[2026.04.03-08.00.12:798][283]LogNet: UNetConnection::Cleanup: Closing open connection. [UNetConnection] RemoteAddr: 127.0.0.1:58017, Name: IpConnection_21, Driver: GameNetDriver IpNetDriver_27, IsServer: YES, PC: PlayerController_1, Owner: PlayerController_1, UniqueId: NULL:WIN-O5Q6NLQMTLB-E83514714701E7387DB89B964DADAD1D
[2026.04.03-08.00.12:798][283]LogNet: UNetConnection::Close: [UNetConnection] RemoteAddr: 127.0.0.1:58017, Name: IpConnection_21, Driver: GameNetDriver IpNetDriver_27, IsServer: YES, PC: PlayerController_1, Owner: PlayerController_1, UniqueId: NULL:WIN-O5Q6NLQMTLB-E83514714701E7387DB89B964DADAD1D, Channels: 11, Time: 2026.04.03-08.00.12
[2026.04.03-08.00.12:798][283]LogNet: UChannel::Close: Sending CloseBunch. ChIndex == 0. Name: [UChannel] ChIndex: 0, Closing: 0 [UNetConnection] RemoteAddr: 127.0.0.1:58017, Name: IpConnection_21, Driver: GameNetDriver IpNetDriver_27, IsServer: YES, PC: PlayerController_1, Owner: PlayerController_1, UniqueId: NULL:WIN-O5Q6NLQMTLB-E83514714701E7387DB89B964DADAD1D
[2026.04.03-08.00.12:798][283]LogExit: GameNetDriver IpNetDriver_27 shut down
[2026.04.03-08.00.12:799][283]LogPlayLevel: Display: Shutting down PIE online subsystems
[2026.04.03-08.00.12:806][283]LogSlate: InvalidateAllWidgets triggered.  All widgets were invalidated
[2026.04.03-08.00.12:833][283]LogAudioMixer: FMixerPlatformXAudio2::StopAudioStream() called
[2026.04.03-08.00.12:834][283]LogAudioMixer: FMixerPlatformXAudio2::StopAudioStream() called
[2026.04.03-08.00.12:839][283]LogAudioMixer: FMixerPlatformXAudio2::StopAudioStream() called
[2026.04.03-08.00.12:842][283]LogAudioMixer: FMixerPlatformXAudio2::StopAudioStream() called
[2026.04.03-08.00.12:850][283]LogUObjectHash: Compacting FUObjectHashTables data took   2.21ms
[2026.04.03-08.00.12:881][284]LogPlayLevel: Display: Destroying online subsystem :Context_40
[2026.04.03-08.00.12:881][284]LogPlayLevel: Display: Destroying online subsystem :Context_39
[2026.04.03-08.01.14:775][579]BlueprintLog: New page: Compile MP_Lobby
[2026.04.03-08.01.14:815][579]LogUObjectHash: Compacting FUObjectHashTables data took   2.59ms
[2026.04.03-08.01.15:612][610]LogTemp: Repeating last play command: New Editor Window (PIE)
[2026.04.03-08.01.15:620][610]LogPlayLevel: PlayLevel: No blueprints needed recompiling
[2026.04.03-08.01.15:621][610]PIE: New page: PIE session: MP_Lobby (3 апр. 2026 г., 14:01:15)
[2026.04.03-08.01.15:621][610]LogPlayLevel: Creating play world package: /Game/MAPS/UEDPIE_0_MP_Lobby
[2026.04.03-08.01.15:628][610]LogPlayLevel: PIE: StaticDuplicateObject took: (0.007186s)
[2026.04.03-08.01.15:630][610]LogAIModule: Creating AISystem for world MP_Lobby
[2026.04.03-08.01.15:630][610]LogPlayLevel: PIE: World Init took: (0.001313s)
[2026.04.03-08.01.15:630][610]LogPlayLevel: PIE: Created PIE world by copying editor world from /Game/MAPS/MP_Lobby.MP_Lobby to /Game/MAPS/UEDPIE_0_MP_Lobby.MP_Lobby (0.008645s)
[2026.04.03-08.01.15:656][610]LogUObjectHash: Compacting FUObjectHashTables data took   2.21ms
[2026.04.03-08.01.15:656][610]LogAudio: Display: Creating Audio Device:                 Id: 22, Scope: Unique, Realtime: True
[2026.04.03-08.01.15:656][610]LogAudioMixer: Display: Audio Mixer Platform Settings:
[2026.04.03-08.01.15:656][610]LogAudioMixer: Display: 	Sample Rate:						  48000
[2026.04.03-08.01.15:656][610]LogAudioMixer: Display: 	Callback Buffer Frame Size Requested: 1024
[2026.04.03-08.01.15:656][610]LogAudioMixer: Display: 	Callback Buffer Frame Size To Use:	  1024
[2026.04.03-08.01.15:656][610]LogAudioMixer: Display: 	Number of buffers to queue:			  2
[2026.04.03-08.01.15:656][610]LogAudioMixer: Display: 	Max Channels (voices):				  32
[2026.04.03-08.01.15:656][610]LogAudioMixer: Display: 	Number of Async Source Workers:		  0
[2026.04.03-08.01.15:656][610]LogAudio: Display: AudioDevice MaxSources: 32
[2026.04.03-08.01.15:657][610]LogAudio: Display: Audio Spatialization Plugin: None (built-in).
[2026.04.03-08.01.15:657][610]LogAudio: Display: Audio Reverb Plugin: None (built-in).
[2026.04.03-08.01.15:657][610]LogAudio: Display: Audio Occlusion Plugin: None (built-in).
[2026.04.03-08.01.15:657][610]LogAudioMixer: Display: Initializing audio mixer.
[2026.04.03-08.01.15:661][610]LogAudioMixer: Display: 0: FrontLeft
[2026.04.03-08.01.15:661][610]LogAudioMixer: Display: 1: FrontRight
[2026.04.03-08.01.15:691][610]LogAudioMixer: Display: Using Audio Device Headphones (Realtek(R) Audio)
[2026.04.03-08.01.15:691][610]LogAudioMixer: Display: Initializing Sound Submixes...
[2026.04.03-08.01.15:691][610]LogAudioMixer: Display: Creating Master Submix 'MasterSubmixDefault'
[2026.04.03-08.01.15:691][610]LogAudioMixer: Display: Creating Master Submix 'MasterReverbSubmixDefault'
[2026.04.03-08.01.15:692][610]LogAudioMixer: Display: Creating Master Submix 'MasterEQSubmixDefault'
[2026.04.03-08.01.15:692][610]LogAudioMixer: FMixerPlatformXAudio2::StartAudioStream() called
[2026.04.03-08.01.15:692][610]LogAudioMixer: Display: Output buffers initialized: Frames=1024, Channels=2, Samples=2048
[2026.04.03-08.01.15:693][610]LogAudioMixer: Display: Starting AudioMixerPlatformInterface::RunInternal()
[2026.04.03-08.01.15:693][610]LogAudioMixer: Display: FMixerPlatformXAudio2::SubmitBuffer() called for the first time
[2026.04.03-08.01.15:693][610]LogInit: FAudioDevice initialized.
[2026.04.03-08.01.15:693][610]LogAudio: Display: Audio Device (ID: 22) registered with world 'MP_Lobby'.
[2026.04.03-08.01.15:741][610]LogSlate: Updating window title bar state: overlay mode, drag disabled, window buttons hidden, title bar hidden
[2026.04.03-08.01.15:741][610]LogLoad: Game class is 'FirstPersonGameMode_C'
[2026.04.03-08.01.15:743][610]LogWorld: Bringing World /Game/MAPS/UEDPIE_0_MP_Lobby.MP_Lobby up for play (max tick rate 0) at 2026.04.03-11.01.15
[2026.04.03-08.01.15:744][610]LogWorld: Bringing up level for play took: 0.001375
[2026.04.03-08.01.15:744][610]LogOnline: OSS: Creating online subsystem instance for: :Context_41
[2026.04.03-08.01.15:748][610]LogNet: ReplicationDriverClass is null! Not using ReplicationDriver.
[2026.04.03-08.01.15:748][610]LogNetCore: DDoS detection status: detection enabled: 0 analytics enabled: 0
[2026.04.03-08.01.15:748][610]LogInit: WinSock: Socket queue. Rx: 131072 (config 131072) Tx: 131072 (config 131072)
[2026.04.03-08.01.15:748][610]LogNet: Created socket for bind address: 0.0.0.0 on port 17777
[2026.04.03-08.01.15:748][610]PacketHandlerLog: Loaded PacketHandler component: Engine.EngineHandlerComponentFactory (StatelessConnectHandlerComponent)
[2026.04.03-08.01.15:748][610]LogNet: GameNetDriver IpNetDriver_29 IpNetDriver listening on port 17777
[2026.04.03-08.01.15:751][610]PIE: Server logged in
[2026.04.03-08.01.15:754][610]PIE: Play in editor total start time 0,137 seconds.
[2026.04.03-08.01.15:756][610]LogAudio: Display: Creating Audio Device:                 Id: 23, Scope: Unique, Realtime: True
[2026.04.03-08.01.15:756][610]LogAudioMixer: Display: Audio Mixer Platform Settings:
[2026.04.03-08.01.15:756][610]LogAudioMixer: Display: 	Sample Rate:						  48000
[2026.04.03-08.01.15:756][610]LogAudioMixer: Display: 	Callback Buffer Frame Size Requested: 1024
[2026.04.03-08.01.15:756][610]LogAudioMixer: Display: 	Callback Buffer Frame Size To Use:	  1024
[2026.04.03-08.01.15:756][610]LogAudioMixer: Display: 	Number of buffers to queue:			  2
[2026.04.03-08.01.15:756][610]LogAudioMixer: Display: 	Max Channels (voices):				  32
[2026.04.03-08.01.15:756][610]LogAudioMixer: Display: 	Number of Async Source Workers:		  0
[2026.04.03-08.01.15:756][610]LogAudio: Display: AudioDevice MaxSources: 32
[2026.04.03-08.01.15:757][610]LogAudio: Display: Audio Spatialization Plugin: None (built-in).
[2026.04.03-08.01.15:757][610]LogAudio: Display: Audio Reverb Plugin: None (built-in).
[2026.04.03-08.01.15:757][610]LogAudio: Display: Audio Occlusion Plugin: None (built-in).
[2026.04.03-08.01.15:757][610]LogAudioMixer: Display: Initializing audio mixer.
[2026.04.03-08.01.15:761][610]LogAudioMixer: Display: 0: FrontLeft
[2026.04.03-08.01.15:761][610]LogAudioMixer: Display: 1: FrontRight
[2026.04.03-08.01.15:770][610]LogAudioMixer: Display: Using Audio Device Headphones (Realtek(R) Audio)
[2026.04.03-08.01.15:771][610]LogAudioMixer: Display: Initializing Sound Submixes...
[2026.04.03-08.01.15:771][610]LogAudioMixer: Display: Creating Master Submix 'MasterSubmixDefault'
[2026.04.03-08.01.15:771][610]LogAudioMixer: Display: Creating Master Submix 'MasterReverbSubmixDefault'
[2026.04.03-08.01.15:772][610]LogAudioMixer: Display: Creating Master Submix 'MasterEQSubmixDefault'
[2026.04.03-08.01.15:772][610]LogAudioMixer: FMixerPlatformXAudio2::StartAudioStream() called
[2026.04.03-08.01.15:772][610]LogAudioMixer: Display: Output buffers initialized: Frames=1024, Channels=2, Samples=2048
[2026.04.03-08.01.15:774][610]LogAudioMixer: Display: Starting AudioMixerPlatformInterface::RunInternal()
[2026.04.03-08.01.15:774][610]LogAudioMixer: Display: FMixerPlatformXAudio2::SubmitBuffer() called for the first time
[2026.04.03-08.01.15:774][610]LogInit: FAudioDevice initialized.
[2026.04.03-08.01.15:774][610]LogAudio: Display: Audio Device (ID: 23) registered with world 'Untitled'.
[2026.04.03-08.01.15:821][610]LogSlate: Updating window title bar state: overlay mode, drag disabled, window buttons hidden, title bar hidden
[2026.04.03-08.01.15:822][610]LogNet: Browse: 127.0.0.1:17777/Game/StarterContent/Maps/Minimal_Default
[2026.04.03-08.01.15:822][610]LogInit: WinSock: Socket queue. Rx: 32768 (config 32768) Tx: 32768 (config 32768)
[2026.04.03-08.01.15:822][610]LogNet: Created socket for bind address: 0.0.0.0 on port 0
[2026.04.03-08.01.15:822][610]PacketHandlerLog: Loaded PacketHandler component: Engine.EngineHandlerComponentFactory (StatelessConnectHandlerComponent)
[2026.04.03-08.01.15:822][610]LogNet: Game client on port 17777, rate 100000
[2026.04.03-08.01.15:828][610]PIE: Client logged in
[2026.04.03-08.01.15:831][610]PIE: Play in editor total start time 0,214 seconds.
[2026.04.03-08.01.16:865][631]LogNet: NotifyAcceptingConnection accepted from: 127.0.0.1:54176
[2026.04.03-08.01.16:865][631]LogHandshake: SendConnectChallenge. Timestamp: 1.269967, Cookie: 126062178190041228216027168222239174234039253073239029210023
[2026.04.03-08.01.16:867][631]LogHandshake: SendChallengeResponse. Timestamp: 1.269967, Cookie: 126062178190041228216027168222239174234039253073239029210023
[2026.04.03-08.01.16:907][632]LogNet: NotifyAcceptingConnection accepted from: 127.0.0.1:54176
[2026.04.03-08.01.16:907][632]LogHandshake: SendChallengeAck. InCookie: 126062178190041228216027168222239174234039253073239029210023
[2026.04.03-08.01.16:907][632]LogNet: Server accepting post-challenge connection from: 127.0.0.1:54176
[2026.04.03-08.01.16:907][632]PacketHandlerLog: Loaded PacketHandler component: Engine.EngineHandlerComponentFactory (StatelessConnectHandlerComponent)
[2026.04.03-08.01.16:907][632]LogNet: NotifyAcceptedConnection: Name: MP_Lobby, TimeStamp: 04/03/26 11:01:16, [UNetConnection] RemoteAddr: 127.0.0.1:54176, Name: IpConnection_23, Driver: GameNetDriver IpNetDriver_29, IsServer: YES, PC: NULL, Owner: NULL, UniqueId: INVALID
[2026.04.03-08.01.16:907][632]LogNet: AddClientConnection: Added client connection: [UNetConnection] RemoteAddr: 127.0.0.1:54176, Name: IpConnection_23, Driver: GameNetDriver IpNetDriver_29, IsServer: YES, PC: NULL, Owner: NULL, UniqueId: INVALID
[2026.04.03-08.01.16:909][632]LogNet: UPendingNetGame::SendInitialJoin: Sending hello. [UNetConnection] RemoteAddr: 127.0.0.1:17777, Name: IpConnection_22, Driver: PendingNetDriver IpNetDriver_30, IsServer: NO, PC: NULL, Owner: NULL, UniqueId: INVALID
[2026.04.03-08.01.16:941][633]LogNet: NotifyAcceptingChannel Control 0 server World /Game/MAPS/UEDPIE_0_MP_Lobby.MP_Lobby: Accepted
[2026.04.03-08.01.16:941][633]LogNet: Remote platform little endian=1
[2026.04.03-08.01.16:941][633]LogNet: This platform little endian=1
[2026.04.03-08.01.16:943][633]LogOnline: OSS: Creating online subsystem instance for: :Context_42
[2026.04.03-08.01.16:978][634]LogNet: Login request: ?Name=WIN-O5Q6NLQMTLB-F1BB6789454E480872422E8DDC9E38F3 userId: NULL:WIN-O5Q6NLQMTLB-F1BB6789454E480872422E8DDC9E38F3 platform: NULL
[2026.04.03-08.01.16:980][634]LogNet: Welcomed by server (Level: /Game/MAPS/UEDPIE_0_MP_Lobby, Game: /Game/FirstPerson/FirstPersonBP/Blueprints/FirstPersonGameMode.FirstPersonGameMode_C)
[2026.04.03-08.01.16:980][634]LogLoad: LoadMap: 127.0.0.1:17777/Game/MAPS/UEDPIE_0_MP_Lobby?game=/Game/FirstPerson/FirstPersonBP/Blueprints/FirstPersonGameMode.FirstPersonGameMode_C
[2026.04.03-08.01.16:980][634]LogWorld: BeginTearingDown for /Temp/Untitled_12
[2026.04.03-08.01.16:980][634]LogWorld: UWorld::CleanupWorld for Untitled, bSessionEnded=true, bCleanupResources=true
[2026.04.03-08.01.16:980][634]LogSlate: InvalidateAllWidgets triggered.  All widgets were invalidated
[2026.04.03-08.01.17:006][634]LogAudio: Display: Audio Device unregistered from world 'None'.
[2026.04.03-08.01.17:020][634]LogUObjectHash: Compacting FUObjectHashTables data took   3.37ms
[2026.04.03-08.01.17:030][634]LogAudio: Display: Audio Device (ID: 23) registered with world 'MP_Lobby'.
[2026.04.03-08.01.17:031][634]LogAIModule: Creating AISystem for world MP_Lobby
[2026.04.03-08.01.17:032][634]LogWorld: Bringing World /Game/MAPS/UEDPIE_1_MP_Lobby.MP_Lobby up for play (max tick rate 0) at 2026.04.03-11.01.17
[2026.04.03-08.01.17:033][634]LogWorld: Bringing up level for play took: 0.000751
[2026.04.03-08.01.17:033][634]LogLoad: Took 0.053215 seconds to LoadMap(/Game/MAPS/UEDPIE_0_MP_Lobby)
[2026.04.03-08.01.17:186][635]LogNet: Client netspeed is 100000
[2026.04.03-08.01.17:186][635]LogNet: Join request: /Game/StarterContent/Maps/Minimal_Default?Name=WIN-O5Q6NLQMTLB-F1BB6789454E480872422E8DDC9E38F3?SplitscreenCount=1
[2026.04.03-08.01.17:187][635]LogOnlineSession: Warning: OSS: No game present to join for session (GameSession)
[2026.04.03-08.01.17:188][635]LogNet: Join succeeded: WIN-O5Q6NLQMTLB-F1BB
[2026.04.03-08.01.17:229][636]LogOnlineSession: Warning: OSS: No game present to join for session (GameSession)
[2026.04.03-08.01.17:275][637]LogOnlineSession: Warning: OSS: No game present to join for session (GameSession)
[2026.04.03-08.01.23:442][767]LogSlate: Updating window title bar state: overlay mode, drag disabled, window buttons hidden, title bar hidden
[2026.04.03-08.01.23:442][767]LogWorld: BeginTearingDown for /Game/MAPS/UEDPIE_1_MP_Lobby
[2026.04.03-08.01.23:443][767]LogSlate: Window 'Playtime_Multiplayer Preview [NetMode: Client 1]  (64-bit/Windows) ' being destroyed
[2026.04.03-08.01.23:453][767]LogWorld: UWorld::CleanupWorld for MP_Lobby, bSessionEnded=true, bCleanupResources=true
[2026.04.03-08.01.23:454][767]LogSlate: InvalidateAllWidgets triggered.  All widgets were invalidated
[2026.04.03-08.01.23:464][767]LogNet: World NetDriver shutdown IpNetDriver_30 [GameNetDriver]
[2026.04.03-08.01.23:464][767]LogNet: DestroyNamedNetDriver IpNetDriver_30 [GameNetDriver]
[2026.04.03-08.01.23:464][767]LogNet: UNetConnection::Close: [UNetConnection] RemoteAddr: 127.0.0.1:17777, Name: IpConnection_22, Driver: GameNetDriver IpNetDriver_30, IsServer: NO, PC: PlayerController_1, Owner: PlayerController_1, UniqueId: NULL:WIN-O5Q6NLQMTLB-F1BB6789454E480872422E8DDC9E38F3, Channels: 11, Time: 2026.04.03-08.01.23
[2026.04.03-08.01.23:464][767]LogNet: UChannel::Close: Sending CloseBunch. ChIndex == 0. Name: [UChannel] ChIndex: 0, Closing: 0 [UNetConnection] RemoteAddr: 127.0.0.1:17777, Name: IpConnection_22, Driver: GameNetDriver IpNetDriver_30, IsServer: NO, PC: PlayerController_1, Owner: PlayerController_1, UniqueId: NULL:WIN-O5Q6NLQMTLB-F1BB6789454E480872422E8DDC9E38F3
[2026.04.03-08.01.23:464][767]LogExit: GameNetDriver IpNetDriver_30 shut down
[2026.04.03-08.01.23:465][767]LogWorld: BeginTearingDown for /Game/MAPS/UEDPIE_0_MP_Lobby
[2026.04.03-08.01.23:465][767]LogOnlineSession: Warning: OSS: No game present to leave for session (GameSession)
[2026.04.03-08.01.23:466][767]LogSlate: Updating window title bar state: overlay mode, drag disabled, window buttons hidden, title bar hidden
[2026.04.03-08.01.23:466][767]LogSlate: Window 'Playtime_Multiplayer Preview [NetMode: Server]  (64-bit/Windows) ' being destroyed
[2026.04.03-08.01.23:477][767]LogWorld: UWorld::CleanupWorld for MP_Lobby, bSessionEnded=true, bCleanupResources=true
[2026.04.03-08.01.23:477][767]LogSlate: InvalidateAllWidgets triggered.  All widgets were invalidated
[2026.04.03-08.01.23:490][767]LogNet: World NetDriver shutdown IpNetDriver_29 [GameNetDriver]
[2026.04.03-08.01.23:490][767]LogNet: DestroyNamedNetDriver IpNetDriver_29 [GameNetDriver]
[2026.04.03-08.01.23:490][767]LogNet: UNetConnection::Cleanup: Closing open connection. [UNetConnection] RemoteAddr: 127.0.0.1:54176, Name: IpConnection_23, Driver: GameNetDriver IpNetDriver_29, IsServer: YES, PC: PlayerController_1, Owner: PlayerController_1, UniqueId: NULL:WIN-O5Q6NLQMTLB-F1BB6789454E480872422E8DDC9E38F3
[2026.04.03-08.01.23:490][767]LogNet: UNetConnection::Close: [UNetConnection] RemoteAddr: 127.0.0.1:54176, Name: IpConnection_23, Driver: GameNetDriver IpNetDriver_29, IsServer: YES, PC: PlayerController_1, Owner: PlayerController_1, UniqueId: NULL:WIN-O5Q6NLQMTLB-F1BB6789454E480872422E8DDC9E38F3, Channels: 11, Time: 2026.04.03-08.01.23
[2026.04.03-08.01.23:490][767]LogNet: UChannel::Close: Sending CloseBunch. ChIndex == 0. Name: [UChannel] ChIndex: 0, Closing: 0 [UNetConnection] RemoteAddr: 127.0.0.1:54176, Name: IpConnection_23, Driver: GameNetDriver IpNetDriver_29, IsServer: YES, PC: PlayerController_1, Owner: PlayerController_1, UniqueId: NULL:WIN-O5Q6NLQMTLB-F1BB6789454E480872422E8DDC9E38F3
[2026.04.03-08.01.23:490][767]LogExit: GameNetDriver IpNetDriver_29 shut down
[2026.04.03-08.01.23:493][767]LogPlayLevel: Display: Shutting down PIE online subsystems
[2026.04.03-08.01.23:497][767]LogSlate: InvalidateAllWidgets triggered.  All widgets were invalidated
[2026.04.03-08.01.23:525][767]LogAudioMixer: FMixerPlatformXAudio2::StopAudioStream() called
[2026.04.03-08.01.23:526][767]LogAudioMixer: FMixerPlatformXAudio2::StopAudioStream() called
[2026.04.03-08.01.23:528][767]LogAudioMixer: FMixerPlatformXAudio2::StopAudioStream() called
[2026.04.03-08.01.23:529][767]LogAudioMixer: FMixerPlatformXAudio2::StopAudioStream() called
[2026.04.03-08.01.23:538][767]LogUObjectHash: Compacting FUObjectHashTables data took   4.32ms
[2026.04.03-08.01.23:569][768]LogPlayLevel: Display: Destroying online subsystem :Context_42
[2026.04.03-08.01.23:569][768]LogPlayLevel: Display: Destroying online subsystem :Context_41
[2026.04.03-08.02.16:879][998]BlueprintLog: New page: Compile MP_Lobby
[2026.04.03-08.02.16:925][998]LogUObjectHash: Compacting FUObjectHashTables data took   2.91ms
[2026.04.03-08.02.17:991][ 45]LogSlate: Window 'MP_Lobby' being destroyed
[2026.04.03-08.02.18:003][ 45]LogSlate: Window 'MP_Lobby' being destroyed
[2026.04.03-08.02.18:008][ 45]LogWorld: UWorld::CleanupWorld for World_23, bSessionEnded=true, bCleanupResources=true
[2026.04.03-08.02.18:008][ 45]LogSlate: InvalidateAllWidgets triggered.  All widgets were invalidated
[2026.04.03-08.05.17:158][914]LogEditorViewport: Clicking on Actor (double click): StaticMeshActor (Cube15)
[2026.04.03-08.05.19:427][  6]Cmd: EDIT COPY
[2026.04.03-08.05.19:632][ 12]Cmd: EDIT PASTE
[2026.04.03-08.05.30:567][508]LogEditorViewport: Clicking Background
[2026.04.03-08.05.31:848][565]LogEditorViewport: Clicking on Actor (LMB): StaticMeshActor (Cube23)
[2026.04.03-08.05.33:438][632]Cmd: EDIT COPY
[2026.04.03-08.05.33:620][638]Cmd: EDIT PASTE
[2026.04.03-08.05.39:178][883]LogEditorViewport: Clicking Background
[2026.04.03-08.05.40:311][930]LogEditorViewport: Clicking on Actor (LMB): StaticMeshActor (Cube24)
[2026.04.03-08.05.50:507][374]LogEditorViewport: Clicking Background
[2026.04.03-08.06.21:356][575]LogUObjectHash: Compacting FUObjectHashTables data took   4.04ms
[2026.04.03-08.06.22:347][575]LogSlate: Window 'Save Content' being destroyed
[2026.04.03-08.06.22:376][575]Cmd: OBJ SAVEPACKAGE PACKAGE="/Game/Widgets/Sound/Loby" FILE="../../../../../../Users/User/Documents/Unreal Projects/Playtime_Multiplayer/Content/Widgets/Sound/Loby.uasset" SILENT=true
[2026.04.03-08.06.22:377][575]LogSavePackage: Moving '../../../../../../Users/User/Documents/Unreal Projects/Playtime_Multiplayer/Saved/LobyF059743849BF1387C821418068D60CC4.tmp' to '../../../../../../Users/User/Documents/Unreal Projects/Playtime_Multiplayer/Content/Widgets/Sound/Loby.uasset'
[2026.04.03-08.06.22:411][575]LogUObjectHash: Compacting FUObjectHashTables data took   2.30ms
[2026.04.03-08.06.22:433][575]LogSavePackage: Moving '../../../../../../Users/User/Documents/Unreal Projects/Playtime_Multiplayer/Saved/Main_Menu26994CF040A24F3D47E0BB90FD62D526.tmp' to '../../../../../../Users/User/Documents/Unreal Projects/Playtime_Multiplayer/Content/MAPS/Main_Menu.umap'
[2026.04.03-08.06.22:437][575]LogFileHelpers: Saving map 'Main_Menu' took 0.059
[2026.04.03-08.06.22:438][575]Cmd: OBJ SAVEPACKAGE PACKAGE="/Game/Widgets/MENU" FILE="../../../../../../Users/User/Documents/Unreal Projects/Playtime_Multiplayer/Content/Widgets/MENU.uasset" SILENT=true
[2026.04.03-08.06.22:446][575]LogSavePackage: Moving '../../../../../../Users/User/Documents/Unreal Projects/Playtime_Multiplayer/Saved/MENU9354C0894C3FA6BAE1B332946530B6C7.tmp' to '../../../../../../Users/User/Documents/Unreal Projects/Playtime_Multiplayer/Content/Widgets/MENU.uasset'
[2026.04.03-08.06.22:472][575]LogUObjectHash: Compacting FUObjectHashTables data took   4.49ms
[2026.04.03-08.06.22:496][575]LogSavePackage: Moving '../../../../../../Users/User/Documents/Unreal Projects/Playtime_Multiplayer/Saved/MP_Lobby6C7632394ECBC75880C0BCA86D2207FB.tmp' to '../../../../../../Users/User/Documents/Unreal Projects/Playtime_Multiplayer/Content/MAPS/MP_Lobby.umap'
[2026.04.03-08.06.22:503][575]LogFileHelpers: Saving map 'MP_Lobby' took 0.056
[2026.04.03-08.06.22:511][575]LogSavePackage: Moving '../../../../../../Users/User/Documents/Unreal Projects/Playtime_Multiplayer/Saved/Project_Playtime_OST__02__-_I_Co0C3325B6448C8510D8F961821FD15FB6.tmp' to '../../../../../../Users/User/Documents/Unreal Projects/Playtime_Multiplayer/Content/Widgets/Sound/Project_Playtime_OST__02__-_I_Could_Wait_Forever_-_Mob_Entertainment.uasset'
[2026.04.03-08.06.22:541][575]LogAssetEditorSubsystem: Opening Asset editor for World /Game/MAPS/Main_Menu.Main_Menu
[2026.04.03-08.06.22:541][575]Cmd: MAP LOAD FILE="../../../../../../Users/User/Documents/Unreal Projects/Playtime_Multiplayer/Content/MAPS/Main_Menu.umap" TEMPLATE=0 SHOWPROGRESS=1 FEATURELEVEL=3
[2026.04.03-08.06.22:541][575]LightingResults: New page: Lighting Build
[2026.04.03-08.06.22:542][575]LoadErrors: New page: Loading map: Main_Menu.umap
[2026.04.03-08.06.22:584][575]LogWorld: UWorld::CleanupWorld for MP_Lobby, bSessionEnded=true, bCleanupResources=true
[2026.04.03-08.06.22:584][575]LogSlate: InvalidateAllWidgets triggered.  All widgets were invalidated
[2026.04.03-08.06.22:584][575]MapCheck: New page: Map Check
[2026.04.03-08.06.22:584][575]LightingResults: New page: Lighting Build
[2026.04.03-08.06.22:606][575]LogAudio: Display: Audio Device unregistered from world 'None'.
[2026.04.03-08.06.22:616][575]LogUObjectHash: Compacting FUObjectHashTables data took   2.52ms
[2026.04.03-08.06.22:618][575]LogAudio: Display: Audio Device (ID: 1) registered with world 'Main_Menu'.
[2026.04.03-08.06.22:654][575]LogEditorServer: Finished looking for orphan Actors (0.000 secs)
[2026.04.03-08.06.22:654][575]LogAIModule: Creating AISystem for world Main_Menu
[2026.04.03-08.06.22:686][575]LogUObjectHash: Compacting FUObjectHashTables data took   2.30ms
[2026.04.03-08.06.22:692][575]Cmd: MAP CHECKDEP NOCLEARLOG
[2026.04.03-08.06.22:692][575]MapCheck: Map check complete: 0 Error(s), 0 Warning(s), took 0,098ms to complete.
[2026.04.03-08.06.22:692][575]LogFileHelpers: Loading map 'Main_Menu' took 0.151
[2026.04.03-08.06.22:716][575]AssetCheck: New page: Asset Save: multiple assets
[2026.04.03-08.06.22:716][575]LogContentValidation: Display: Validating SoundCue /Game/Widgets/Sound/Loby.Loby
[2026.04.03-08.06.22:717][575]LogContentValidation: Display: Validating Blueprint /Game/Widgets/MENU.MENU
[2026.04.03-08.06.22:717][575]LogContentValidation: Display: Validating SoundWave /Game/Widgets/Sound/Project_Playtime_OST__02__-_I_Could_Wait_Forever_-_Mob_Entertainment.Project_Playtime_OST__02__-_I_Could_Wait_Forever_-_Mob_Entertainment
[2026.04.03-08.06.22:717][575]LogContentValidation: Display: Validating World /Game/MAPS/Main_Menu.Main_Menu
[2026.04.03-08.06.22:717][575]LogContentValidation: Display: Validating World /Game/MAPS/MP_Lobby.MP_Lobby
[2026.04.03-08.06.27:217][741]LogEditorViewport: Clicking on Actor (LMB): Emitter (P_Steam_Lit)
[2026.04.03-08.06.29:061][804]LogEditorViewport: Clicking on Actor (LMB): CameraActor (CameraActor)
[2026.04.03-08.06.29:364][810]LogEditorViewport: Clicking on Actor (LMB): CameraActor (CameraActor)
[2026.04.03-08.06.32:891][936]LogTemp: Repeating last play command: New Editor Window (PIE)
[2026.04.03-08.06.32:902][936]LogPlayLevel: PlayLevel: No blueprints needed recompiling
[2026.04.03-08.06.32:902][936]PIE: New page: PIE session: Main_Menu (3 апр. 2026 г., 14:06:32)
[2026.04.03-08.06.32:902][936]LogPlayLevel: Creating play world package: /Game/MAPS/UEDPIE_0_Main_Menu
[2026.04.03-08.06.32:910][936]LogPlayLevel: PIE: StaticDuplicateObject took: (0.007285s)
[2026.04.03-08.06.32:911][936]LogAIModule: Creating AISystem for world Main_Menu
[2026.04.03-08.06.32:911][936]LogPlayLevel: PIE: World Init took: (0.001096s)
[2026.04.03-08.06.32:911][936]LogPlayLevel: PIE: Created PIE world by copying editor world from /Game/MAPS/Main_Menu.Main_Menu to /Game/MAPS/UEDPIE_0_Main_Menu.Main_Menu (0.008509s)
[2026.04.03-08.06.32:933][936]LogUObjectHash: Compacting FUObjectHashTables data took   2.65ms
[2026.04.03-08.06.32:938][936]LogAudio: Display: Creating Audio Device:                 Id: 24, Scope: Unique, Realtime: True
[2026.04.03-08.06.32:938][936]LogAudioMixer: Display: Audio Mixer Platform Settings:
[2026.04.03-08.06.32:938][936]LogAudioMixer: Display: 	Sample Rate:						  48000
[2026.04.03-08.06.32:938][936]LogAudioMixer: Display: 	Callback Buffer Frame Size Requested: 1024
[2026.04.03-08.06.32:938][936]LogAudioMixer: Display: 	Callback Buffer Frame Size To Use:	  1024
[2026.04.03-08.06.32:938][936]LogAudioMixer: Display: 	Number of buffers to queue:			  2
[2026.04.03-08.06.32:938][936]LogAudioMixer: Display: 	Max Channels (voices):				  32
[2026.04.03-08.06.32:938][936]LogAudioMixer: Display: 	Number of Async Source Workers:		  0
[2026.04.03-08.06.32:938][936]LogAudio: Display: AudioDevice MaxSources: 32
[2026.04.03-08.06.32:938][936]LogAudio: Display: Audio Spatialization Plugin: None (built-in).
[2026.04.03-08.06.32:938][936]LogAudio: Display: Audio Reverb Plugin: None (built-in).
[2026.04.03-08.06.32:938][936]LogAudio: Display: Audio Occlusion Plugin: None (built-in).
[2026.04.03-08.06.32:938][936]LogAudioMixer: Display: Initializing audio mixer.
[2026.04.03-08.06.32:943][936]LogAudioMixer: Display: 0: FrontLeft
[2026.04.03-08.06.32:943][936]LogAudioMixer: Display: 1: FrontRight
[2026.04.03-08.06.32:971][936]LogAudioMixer: Display: Using Audio Device Headphones (Realtek(R) Audio)
[2026.04.03-08.06.32:972][936]LogAudioMixer: Display: Initializing Sound Submixes...
[2026.04.03-08.06.32:972][936]LogAudioMixer: Display: Creating Master Submix 'MasterSubmixDefault'
[2026.04.03-08.06.32:972][936]LogAudioMixer: Display: Creating Master Submix 'MasterReverbSubmixDefault'
[2026.04.03-08.06.32:973][936]LogAudioMixer: Display: Creating Master Submix 'MasterEQSubmixDefault'
[2026.04.03-08.06.32:973][936]LogAudioMixer: FMixerPlatformXAudio2::StartAudioStream() called
[2026.04.03-08.06.32:973][936]LogAudioMixer: Display: Output buffers initialized: Frames=1024, Channels=2, Samples=2048
[2026.04.03-08.06.32:974][936]LogAudioMixer: Display: Starting AudioMixerPlatformInterface::RunInternal()
[2026.04.03-08.06.32:974][936]LogAudioMixer: Display: FMixerPlatformXAudio2::SubmitBuffer() called for the first time
[2026.04.03-08.06.32:974][936]LogInit: FAudioDevice initialized.
[2026.04.03-08.06.32:974][936]LogAudio: Display: Audio Device (ID: 24) registered with world 'Main_Menu'.
[2026.04.03-08.06.33:017][936]LogSlate: Updating window title bar state: overlay mode, drag disabled, window buttons hidden, title bar hidden
[2026.04.03-08.06.33:017][936]LogLoad: Game class is 'FirstPersonGameMode_C'
[2026.04.03-08.06.33:019][936]LogWorld: Bringing World /Game/MAPS/UEDPIE_0_Main_Menu.Main_Menu up for play (max tick rate 0) at 2026.04.03-11.06.33
[2026.04.03-08.06.33:021][936]LogWorld: Bringing up level for play took: 0.003439
[2026.04.03-08.06.33:022][936]LogOnline: OSS: Creating online subsystem instance for: :Context_43
[2026.04.03-08.06.33:028][936]LogNet: ReplicationDriverClass is null! Not using ReplicationDriver.
[2026.04.03-08.06.33:029][936]LogNetCore: DDoS detection status: detection enabled: 0 analytics enabled: 0
[2026.04.03-08.06.33:029][936]LogInit: WinSock: Socket queue. Rx: 131072 (config 131072) Tx: 131072 (config 131072)
[2026.04.03-08.06.33:029][936]LogNet: Created socket for bind address: 0.0.0.0 on port 17777
[2026.04.03-08.06.33:029][936]PacketHandlerLog: Loaded PacketHandler component: Engine.EngineHandlerComponentFactory (StatelessConnectHandlerComponent)
[2026.04.03-08.06.33:029][936]LogNet: GameNetDriver IpNetDriver_31 IpNetDriver listening on port 17777
[2026.04.03-08.06.33:036][936]PIE: Server logged in
[2026.04.03-08.06.33:038][936]PIE: Play in editor total start time 0,14 seconds.
[2026.04.03-08.06.33:041][936]LogAudio: Display: Creating Audio Device:                 Id: 25, Scope: Unique, Realtime: True
[2026.04.03-08.06.33:041][936]LogAudioMixer: Display: Audio Mixer Platform Settings:
[2026.04.03-08.06.33:041][936]LogAudioMixer: Display: 	Sample Rate:						  48000
[2026.04.03-08.06.33:041][936]LogAudioMixer: Display: 	Callback Buffer Frame Size Requested: 1024
[2026.04.03-08.06.33:041][936]LogAudioMixer: Display: 	Callback Buffer Frame Size To Use:	  1024
[2026.04.03-08.06.33:041][936]LogAudioMixer: Display: 	Number of buffers to queue:			  2
[2026.04.03-08.06.33:041][936]LogAudioMixer: Display: 	Max Channels (voices):				  32
[2026.04.03-08.06.33:041][936]LogAudioMixer: Display: 	Number of Async Source Workers:		  0
[2026.04.03-08.06.33:041][936]LogAudio: Display: AudioDevice MaxSources: 32
[2026.04.03-08.06.33:042][936]LogAudio: Display: Audio Spatialization Plugin: None (built-in).
[2026.04.03-08.06.33:042][936]LogAudio: Display: Audio Reverb Plugin: None (built-in).
[2026.04.03-08.06.33:042][936]LogAudio: Display: Audio Occlusion Plugin: None (built-in).
[2026.04.03-08.06.33:042][936]LogAudioMixer: Display: Initializing audio mixer.
[2026.04.03-08.06.33:047][936]LogAudioMixer: Display: 0: FrontLeft
[2026.04.03-08.06.33:047][936]LogAudioMixer: Display: 1: FrontRight
[2026.04.03-08.06.33:062][936]LogAudioMixer: Display: Using Audio Device Headphones (Realtek(R) Audio)
[2026.04.03-08.06.33:063][936]LogAudioMixer: Display: Initializing Sound Submixes...
[2026.04.03-08.06.33:063][936]LogAudioMixer: Display: Creating Master Submix 'MasterSubmixDefault'
[2026.04.03-08.06.33:063][936]LogAudioMixer: Display: Creating Master Submix 'MasterReverbSubmixDefault'
[2026.04.03-08.06.33:064][936]LogAudioMixer: Display: Creating Master Submix 'MasterEQSubmixDefault'
[2026.04.03-08.06.33:064][936]LogAudioMixer: FMixerPlatformXAudio2::StartAudioStream() called
[2026.04.03-08.06.33:064][936]LogAudioMixer: Display: Output buffers initialized: Frames=1024, Channels=2, Samples=2048
[2026.04.03-08.06.33:066][936]LogAudioMixer: Display: Starting AudioMixerPlatformInterface::RunInternal()
[2026.04.03-08.06.33:066][936]LogAudioMixer: Display: FMixerPlatformXAudio2::SubmitBuffer() called for the first time
[2026.04.03-08.06.33:066][936]LogInit: FAudioDevice initialized.
[2026.04.03-08.06.33:067][936]LogAudio: Display: Audio Device (ID: 25) registered with world 'Untitled'.
[2026.04.03-08.06.33:119][936]LogSlate: Updating window title bar state: overlay mode, drag disabled, window buttons hidden, title bar hidden
[2026.04.03-08.06.33:119][936]LogNet: Browse: 127.0.0.1:17777/Game/StarterContent/Maps/Minimal_Default
[2026.04.03-08.06.33:119][936]LogInit: WinSock: Socket queue. Rx: 32768 (config 32768) Tx: 32768 (config 32768)
[2026.04.03-08.06.33:120][936]LogNet: Created socket for bind address: 0.0.0.0 on port 0
[2026.04.03-08.06.33:120][936]PacketHandlerLog: Loaded PacketHandler component: Engine.EngineHandlerComponentFactory (StatelessConnectHandlerComponent)
[2026.04.03-08.06.33:121][936]LogNet: Game client on port 17777, rate 100000
[2026.04.03-08.06.33:123][936]PIE: Client logged in
[2026.04.03-08.06.33:126][936]PIE: Play in editor total start time 0,228 seconds.
[2026.04.03-08.06.34:192][958]LogNet: NotifyAcceptingConnection accepted from: 127.0.0.1:55903
[2026.04.03-08.06.34:192][958]LogHandshake: SendConnectChallenge. Timestamp: 1.316366, Cookie: 076013172099134062198006057139144094247215094006056000152244
[2026.04.03-08.06.34:193][958]LogHandshake: SendChallengeResponse. Timestamp: 1.316366, Cookie: 076013172099134062198006057139144094247215094006056000152244
[2026.04.03-08.06.34:231][959]LogNet: NotifyAcceptingConnection accepted from: 127.0.0.1:55903
[2026.04.03-08.06.34:231][959]LogHandshake: SendChallengeAck. InCookie: 076013172099134062198006057139144094247215094006056000152244
[2026.04.03-08.06.34:231][959]LogNet: Server accepting post-challenge connection from: 127.0.0.1:55903
[2026.04.03-08.06.34:231][959]PacketHandlerLog: Loaded PacketHandler component: Engine.EngineHandlerComponentFactory (StatelessConnectHandlerComponent)
[2026.04.03-08.06.34:231][959]LogNet: NotifyAcceptedConnection: Name: Main_Menu, TimeStamp: 04/03/26 11:06:34, [UNetConnection] RemoteAddr: 127.0.0.1:55903, Name: IpConnection_25, Driver: GameNetDriver IpNetDriver_31, IsServer: YES, PC: NULL, Owner: NULL, UniqueId: INVALID
[2026.04.03-08.06.34:231][959]LogNet: AddClientConnection: Added client connection: [UNetConnection] RemoteAddr: 127.0.0.1:55903, Name: IpConnection_25, Driver: GameNetDriver IpNetDriver_31, IsServer: YES, PC: NULL, Owner: NULL, UniqueId: INVALID
[2026.04.03-08.06.34:234][959]LogNet: UPendingNetGame::SendInitialJoin: Sending hello. [UNetConnection] RemoteAddr: 127.0.0.1:17777, Name: IpConnection_24, Driver: PendingNetDriver IpNetDriver_32, IsServer: NO, PC: NULL, Owner: NULL, UniqueId: INVALID
[2026.04.03-08.06.34:268][960]LogNet: NotifyAcceptingChannel Control 0 server World /Game/MAPS/UEDPIE_0_Main_Menu.Main_Menu: Accepted
[2026.04.03-08.06.34:268][960]LogNet: Remote platform little endian=1
[2026.04.03-08.06.34:268][960]LogNet: This platform little endian=1
[2026.04.03-08.06.34:271][960]LogOnline: OSS: Creating online subsystem instance for: :Context_44
[2026.04.03-08.06.34:308][961]LogNet: Login request: ?Name=WIN-O5Q6NLQMTLB-74E7639A41789B0B606EAAB16917C8A2 userId: NULL:WIN-O5Q6NLQMTLB-74E7639A41789B0B606EAAB16917C8A2 platform: NULL
[2026.04.03-08.06.34:310][961]LogNet: Welcomed by server (Level: /Game/MAPS/UEDPIE_0_Main_Menu, Game: /Game/FirstPerson/FirstPersonBP/Blueprints/FirstPersonGameMode.FirstPersonGameMode_C)
[2026.04.03-08.06.34:310][961]LogLoad: LoadMap: 127.0.0.1:17777/Game/MAPS/UEDPIE_0_Main_Menu?game=/Game/FirstPerson/FirstPersonBP/Blueprints/FirstPersonGameMode.FirstPersonGameMode_C
[2026.04.03-08.06.34:310][961]LogWorld: BeginTearingDown for /Temp/Untitled_13
[2026.04.03-08.06.34:310][961]LogWorld: UWorld::CleanupWorld for Untitled, bSessionEnded=true, bCleanupResources=true
[2026.04.03-08.06.34:310][961]LogSlate: InvalidateAllWidgets triggered.  All widgets were invalidated
[2026.04.03-08.06.34:334][961]LogAudio: Display: Audio Device unregistered from world 'None'.
[2026.04.03-08.06.34:353][961]LogUObjectHash: Compacting FUObjectHashTables data took   2.21ms
[2026.04.03-08.06.34:358][961]LogAudio: Display: Audio Device (ID: 25) registered with world 'Main_Menu'.
[2026.04.03-08.06.34:358][961]LogAIModule: Creating AISystem for world Main_Menu
[2026.04.03-08.06.34:360][961]LogWorld: Bringing World /Game/MAPS/UEDPIE_1_Main_Menu.Main_Menu up for play (max tick rate 0) at 2026.04.03-11.06.34
[2026.04.03-08.06.34:361][961]LogWorld: Bringing up level for play took: 0.001648
[2026.04.03-08.06.34:365][961]LogLoad: Took 0.054945 seconds to LoadMap(/Game/MAPS/UEDPIE_0_Main_Menu)
[2026.04.03-08.06.34:365][961]LogNavigation: Warning: NavData RegistrationFailed_DataPendingKill.
[2026.04.03-08.06.34:457][962]LogNet: Client netspeed is 100000
[2026.04.03-08.06.34:457][962]LogNet: Join request: /Game/StarterContent/Maps/Minimal_Default?Name=WIN-O5Q6NLQMTLB-74E7639A41789B0B606EAAB16917C8A2?SplitscreenCount=1
[2026.04.03-08.06.34:458][962]LogOnlineSession: Warning: OSS: No game present to join for session (GameSession)
[2026.04.03-08.06.34:462][962]LogSpawn: Warning: SpawnActor failed because of collision at the spawn location [X=-394.378 Y=-138.037 Z=154.730] for [FirstPersonCharacter_C]
[2026.04.03-08.06.34:463][962]LogGameMode: Warning: SpawnDefaultPawnAtTransform: Couldn't spawn Pawn of type FirstPersonCharacter_C at Rotation: Pitch 0.000000 Yaw -23.279013 Roll 0.000000
Translation: -394.378357 -138.036758 154.730133
Scale3D: 1.000000 1.000000 1.000000

[2026.04.03-08.06.34:464][962]LogNet: Join succeeded: WIN-O5Q6NLQMTLB-74E7
[2026.04.03-08.06.34:501][963]LogOnlineSession: Warning: OSS: No game present to join for session (GameSession)
[2026.04.03-08.06.34:549][964]LogOnlineSession: Warning: OSS: No game present to join for session (GameSession)
[2026.04.03-08.06.37:036][ 13]LogUObjectHash: Compacting FUObjectHashTables data took   4.54ms
[2026.04.03-08.06.38:715][ 13]LogSlate: Window 'Save Content' being destroyed
[2026.04.03-08.06.38:748][ 13]LogUObjectHash: Compacting FUObjectHashTables data took   0.66ms
[2026.04.03-08.06.38:768][ 13]LogSavePackage: Moving '../../../../../../Users/User/Documents/Unreal Projects/Playtime_Multiplayer/Saved/Main_MenuC741112E4417946F11E5ECAA7ED81E97.tmp' to '../../../../../../Users/User/Documents/Unreal Projects/Playtime_Multiplayer/Content/MAPS/Main_Menu.umap'
[2026.04.03-08.06.38:775][ 13]LogFileHelpers: Saving map 'Main_Menu' took 0.048
[2026.04.03-08.06.38:809][ 13]LogSlate: Window 'Playtime_Multiplayer - Unreal Editor' being destroyed
[2026.04.03-08.06.39:036][ 13]AssetCheck: New page: Asset Save: Main_Menu
[2026.04.03-08.06.39:036][ 13]LogContentValidation: Display: Validating World /Game/MAPS/Main_Menu.Main_Menu
[2026.04.03-08.06.39:124][ 13]LogSlate: Updating window title bar state: overlay mode, drag disabled, window buttons hidden, title bar hidden
[2026.04.03-08.06.39:124][ 13]LogWorld: BeginTearingDown for /Game/MAPS/UEDPIE_1_Main_Menu
[2026.04.03-08.06.39:124][ 13]LogSlate: Window 'Playtime_Multiplayer Preview [NetMode: Client 1]  (64-bit/Windows) ' being destroyed
[2026.04.03-08.06.39:127][ 13]LogWorld: UWorld::CleanupWorld for Main_Menu, bSessionEnded=true, bCleanupResources=true
[2026.04.03-08.06.39:127][ 13]LogSlate: InvalidateAllWidgets triggered.  All widgets were invalidated
[2026.04.03-08.06.39:137][ 13]LogNet: World NetDriver shutdown IpNetDriver_32 [GameNetDriver]
[2026.04.03-08.06.39:137][ 13]LogNet: DestroyNamedNetDriver IpNetDriver_32 [GameNetDriver]
[2026.04.03-08.06.39:137][ 13]LogNet: UNetConnection::Close: [UNetConnection] RemoteAddr: 127.0.0.1:17777, Name: IpConnection_24, Driver: GameNetDriver IpNetDriver_32, IsServer: NO, PC: PlayerController_1, Owner: PlayerController_1, UniqueId: NULL:WIN-O5Q6NLQMTLB-74E7639A41789B0B606EAAB16917C8A2, Channels: 9, Time: 2026.04.03-08.06.39
[2026.04.03-08.06.39:137][ 13]LogNet: UChannel::Close: Sending CloseBunch. ChIndex == 0. Name: [UChannel] ChIndex: 0, Closing: 0 [UNetConnection] RemoteAddr: 127.0.0.1:17777, Name: IpConnection_24, Driver: GameNetDriver IpNetDriver_32, IsServer: NO, PC: PlayerController_1, Owner: PlayerController_1, UniqueId: NULL:WIN-O5Q6NLQMTLB-74E7639A41789B0B606EAAB16917C8A2
[2026.04.03-08.06.39:138][ 13]LogExit: GameNetDriver IpNetDriver_32 shut down
[2026.04.03-08.06.39:138][ 13]LogWorld: BeginTearingDown for /Game/MAPS/UEDPIE_0_Main_Menu
[2026.04.03-08.06.39:138][ 13]LogOnlineSession: Warning: OSS: No game present to leave for session (GameSession)
[2026.04.03-08.06.39:140][ 13]LogSlate: Updating window title bar state: overlay mode, drag disabled, window buttons hidden, title bar hidden
[2026.04.03-08.06.39:140][ 13]LogSlate: Window 'Playtime_Multiplayer Preview [NetMode: Server]  (64-bit/Windows) ' being destroyed
[2026.04.03-08.06.39:150][ 13]LogWorld: UWorld::CleanupWorld for Main_Menu, bSessionEnded=true, bCleanupResources=true
[2026.04.03-08.06.39:151][ 13]LogSlate: InvalidateAllWidgets triggered.  All widgets were invalidated
[2026.04.03-08.06.39:166][ 13]LogNet: World NetDriver shutdown IpNetDriver_31 [GameNetDriver]
[2026.04.03-08.06.39:166][ 13]LogNet: DestroyNamedNetDriver IpNetDriver_31 [GameNetDriver]
[2026.04.03-08.06.39:167][ 13]LogNet: UNetConnection::Cleanup: Closing open connection. [UNetConnection] RemoteAddr: 127.0.0.1:55903, Name: IpConnection_25, Driver: GameNetDriver IpNetDriver_31, IsServer: YES, PC: PlayerController_1, Owner: PlayerController_1, UniqueId: NULL:WIN-O5Q6NLQMTLB-74E7639A41789B0B606EAAB16917C8A2
[2026.04.03-08.06.39:167][ 13]LogNet: UNetConnection::Close: [UNetConnection] RemoteAddr: 127.0.0.1:55903, Name: IpConnection_25, Driver: GameNetDriver IpNetDriver_31, IsServer: YES, PC: PlayerController_1, Owner: PlayerController_1, UniqueId: NULL:WIN-O5Q6NLQMTLB-74E7639A41789B0B606EAAB16917C8A2, Channels: 9, Time: 2026.04.03-08.06.39
[2026.04.03-08.06.39:167][ 13]LogNet: UChannel::Close: Sending CloseBunch. ChIndex == 0. Name: [UChannel] ChIndex: 0, Closing: 0 [UNetConnection] RemoteAddr: 127.0.0.1:55903, Name: IpConnection_25, Driver: GameNetDriver IpNetDriver_31, IsServer: YES, PC: PlayerController_1, Owner: PlayerController_1, UniqueId: NULL:WIN-O5Q6NLQMTLB-74E7639A41789B0B606EAAB16917C8A2
[2026.04.03-08.06.39:168][ 13]LogExit: GameNetDriver IpNetDriver_31 shut down
[2026.04.03-08.06.39:171][ 13]LogPlayLevel: Display: Shutting down PIE online subsystems
[2026.04.03-08.06.39:182][ 13]LogSlate: InvalidateAllWidgets triggered.  All widgets were invalidated
[2026.04.03-08.06.39:216][ 13]LogAudioMixer: FMixerPlatformXAudio2::StopAudioStream() called
[2026.04.03-08.06.39:218][ 13]LogAudioMixer: FMixerPlatformXAudio2::StopAudioStream() called
[2026.04.03-08.06.39:221][ 13]LogAudio: Display: Audio Device unregistered from world 'None'.
[2026.04.03-08.06.39:222][ 13]LogAudioMixer: FMixerPlatformXAudio2::StopAudioStream() called
[2026.04.03-08.06.39:223][ 13]LogAudioMixer: FMixerPlatformXAudio2::StopAudioStream() called
[2026.04.03-08.06.39:235][ 13]LogUObjectHash: Compacting FUObjectHashTables data took   3.28ms
[2026.04.03-08.06.39:256][ 14]Cmd: QUIT_EDITOR
[2026.04.03-08.06.39:257][ 14]LogCore: Engine exit requested (reason: UUnrealEdEngine::CloseEditor())
[2026.04.03-08.06.39:267][ 14]LogCore: Engine exit requested (reason: EngineExit() was called; note: exit was already requested)
[2026.04.03-08.06.39:307][ 14]LogAudio: Display: Beginning Audio Device Manager Shutdown (Module: AudioMixerXAudio2)...
[2026.04.03-08.06.39:308][ 14]LogAudio: Display: Destroying 1 Remaining Audio Device(s)...
[2026.04.03-08.06.39:308][ 14]LogAudio: Display: Audio Device unregistered from world 'Main_Menu'.
[2026.04.03-08.06.39:308][ 14]LogAudioMixer: FMixerPlatformXAudio2::StopAudioStream() called
[2026.04.03-08.06.39:315][ 14]LogAudioMixer: FMixerPlatformXAudio2::StopAudioStream() called
[2026.04.03-08.06.39:363][ 14]LogAudio: Display: Audio Device Manager Shutdown
[2026.04.03-08.06.39:364][ 14]LogWindowsTextInputMethodSystem: Display: IME system deactivated.
[2026.04.03-08.06.39:388][ 14]LogExit: Preparing to exit.
[2026.04.03-08.06.39:476][ 14]LogUObjectHash: Compacting FUObjectHashTables data took   6.85ms
[2026.04.03-08.06.40:694][ 14]LogWorld: UWorld::CleanupWorld for World_17, bSessionEnded=true, bCleanupResources=true
[2026.04.03-08.06.41:086][ 14]LogWorld: UWorld::CleanupWorld for None, bSessionEnded=true, bCleanupResources=true
[2026.04.03-08.06.41:088][ 14]LogExit: Editor shut down
[2026.04.03-08.06.41:115][ 14]LogExit: Transaction tracking system shut down
[2026.04.03-08.06.41:166][ 14]LogDemo: Cleaned up 0 splitscreen connections with owner deletion
[2026.04.03-08.06.42:760][ 14]LogExit: Object subsystem successfully closed.
[2026.04.03-08.06.42:840][ 14]LogShaderCompilers: Display: === FShaderJobCache stats ===
[2026.04.03-08.06.42:840][ 14]LogShaderCompilers: Display: Total job queries 0, among them cache hits 0 (0.00%)
[2026.04.03-08.06.42:840][ 14]LogShaderCompilers: Display: Tracking 0 distinct input hashes that result in 0 distinct outputs (0.00%)
[2026.04.03-08.06.42:840][ 14]LogShaderCompilers: Display: RAM used: 0.00 MB (0.00 GB) of 409.60 MB (0.40 GB) budget. Usage: 0.00%
[2026.04.03-08.06.42:840][ 14]LogShaderCompilers: Display: ================================================
[2026.04.03-08.06.42:911][ 14]LogShaderCompilers: Display: Shaders left to compile 0
[2026.04.03-08.06.43:220][ 14]LogModuleManager: Shutting down and abandoning module SequencerWidgets (883)
[2026.04.03-08.06.43:220][ 14]LogModuleManager: Shutting down and abandoning module BlueprintGraph (881)
[2026.04.03-08.06.43:221][ 14]LogModuleManager: Shutting down and abandoning module MovieSceneCapture (877)
[2026.04.03-08.06.43:221][ 14]LogModuleManager: Shutting down and abandoning module Voice (875)
[2026.04.03-08.06.43:221][ 14]LogModuleManager: Shutting down and abandoning module StatsViewer (873)
[2026.04.03-08.06.43:223][ 14]LogModuleManager: Shutting down and abandoning module HierarchicalLODOutliner (871)
[2026.04.03-08.06.43:223][ 14]LogModuleManager: Shutting down and abandoning module SceneOutliner (869)
[2026.04.03-08.06.43:223][ 14]LogModuleManager: Shutting down and abandoning module AddContentDialog (867)
[2026.04.03-08.06.43:265][ 14]LogModuleManager: Shutting down and abandoning module WidgetCarousel (866)
[2026.04.03-08.06.43:265][ 14]LogModuleManager: Shutting down and abandoning module EditorWidgets (863)
[2026.04.03-08.06.43:265][ 14]LogModuleManager: Shutting down and abandoning module PIEPreviewDeviceProfileSelector (861)
[2026.04.03-08.06.43:266][ 14]LogModuleManager: Shutting down and abandoning module SequenceRecorderSections (859)
[2026.04.03-08.06.43:266][ 14]LogModuleManager: Shutting down and abandoning module AutomationWorker (857)
[2026.04.03-08.06.43:266][ 14]LogModuleManager: Shutting down and abandoning module SteamVREditor (855)
[2026.04.03-08.06.43:267][ 14]LogModuleManager: Shutting down and abandoning module OculusMR (853)
[2026.04.03-08.06.43:267][ 14]LogModuleManager: Shutting down and abandoning module TakeRecorderSources (851)
[2026.04.03-08.06.43:271][ 14]LogModuleManager: Shutting down and abandoning module TakeRecorder (850)
[2026.04.03-08.06.43:274][ 14]LogModuleManager: Shutting down and abandoning module TakeTrackRecorders (847)
[2026.04.03-08.06.43:274][ 14]LogModuleManager: Shutting down and abandoning module TakesCore (845)
[2026.04.03-08.06.43:276][ 14]LogModuleManager: Shutting down and abandoning module OpenXRInput (843)
[2026.04.03-08.06.43:277][ 14]LogModuleManager: Shutting down and abandoning module GooglePADEditor (841)
[2026.04.03-08.06.43:277][ 14]LogModuleManager: Shutting down and abandoning module AudioCaptureEditor (839)
[2026.04.03-08.06.43:277][ 14]LogModuleManager: Shutting down and abandoning module TemplateSequenceEditor (837)
[2026.04.03-08.06.43:281][ 14]LogModuleManager: Shutting down and abandoning module MatineeToLevelSequence (835)
[2026.04.03-08.06.43:282][ 14]LogModuleManager: Shutting down and abandoning module LevelSequenceEditor (833)
[2026.04.03-08.06.43:286][ 14]LogModuleManager: Shutting down and abandoning module ActorSequenceEditor (831)
[2026.04.03-08.06.43:287][ 14]LogModuleManager: Shutting down and abandoning module PlanarCut (829)
[2026.04.03-08.06.43:288][ 14]LogModuleManager: Shutting down and abandoning module WebMMediaFactory (827)
[2026.04.03-08.06.43:288][ 14]LogModuleManager: Shutting down and abandoning module WebMMediaEditor (825)
[2026.04.03-08.06.43:288][ 14]LogModuleManager: Shutting down and abandoning module WebMMedia (823)
[2026.04.03-08.06.43:288][ 14]LogModuleManager: Shutting down and abandoning module WmfMediaFactory (821)
[2026.04.03-08.06.43:288][ 14]LogModuleManager: Shutting down and abandoning module WmfMediaEditor (819)
[2026.04.03-08.06.43:288][ 14]LogModuleManager: Shutting down and abandoning module OpenExrWrapper (817)
[2026.04.03-08.06.43:288][ 14]LogModuleManager: Shutting down and abandoning module ImgMediaFactory (815)
[2026.04.03-08.06.43:288][ 14]LogModuleManager: Shutting down and abandoning module ImgMediaEditor (813)
[2026.04.03-08.06.43:289][ 14]LogModuleManager: Shutting down and abandoning module MediaPlayerEditor (811)
[2026.04.03-08.06.43:290][ 14]LogModuleManager: Shutting down and abandoning module MediaCompositingEditor (809)
[2026.04.03-08.06.43:291][ 14]LogModuleManager: Shutting down and abandoning module SequenceRecorder (808)
[2026.04.03-08.06.43:292][ 14]LogModuleManager: Shutting down and abandoning module AvfMediaFactory (805)
[2026.04.03-08.06.43:292][ 14]LogModuleManager: Shutting down and abandoning module AvfMediaEditor (803)
[2026.04.03-08.06.43:292][ 14]LogModuleManager: Shutting down and abandoning module AndroidMediaFactory (801)
[2026.04.03-08.06.43:292][ 14]LogModuleManager: Shutting down and abandoning module AndroidMediaEditor (799)
[2026.04.03-08.06.43:292][ 14]LogModuleManager: Shutting down and abandoning module CharacterAI (797)
[2026.04.03-08.06.43:292][ 14]LogModuleManager: Shutting down and abandoning module MagicLeapMediaCodecFactory (795)
[2026.04.03-08.06.43:292][ 14]LogModuleManager: Shutting down and abandoning module MagicLeapMediaFactory (793)
[2026.04.03-08.06.43:292][ 14]LogModuleManager: Shutting down and abandoning module MagicLeapMediaEditor (791)
[2026.04.03-08.06.43:292][ 14]LogModuleManager: Shutting down and abandoning module TextureAlignMode (789)
[2026.04.03-08.06.43:292][ 14]LogModuleManager: Shutting down and abandoning module BspMode (787)
[2026.04.03-08.06.43:293][ 14]LogModuleManager: Shutting down and abandoning module GeometryMode (785)
[2026.04.03-08.06.43:293][ 14]LogModuleManager: Shutting down and abandoning module CameraShakePreviewer (783)
[2026.04.03-08.06.43:294][ 14]LogModuleManager: Shutting down and abandoning module SmartSnapping (781)
[2026.04.03-08.06.43:294][ 14]LogModuleManager: Shutting down and abandoning module SessionServices (779)
[2026.04.03-08.06.43:294][ 14]LogModuleManager: Shutting down and abandoning module MeshPaint (777)
[2026.04.03-08.06.43:297][ 14]LogModuleManager: Shutting down and abandoning module VirtualTexturingEditor (775)
[2026.04.03-08.06.43:297][ 14]LogModuleManager: Shutting down and abandoning module FoliageEdit (773)
[2026.04.03-08.06.43:299][ 14]LogModuleManager: Shutting down and abandoning module LandscapeEditor (771)
[2026.04.03-08.06.43:304][ 14]LogModuleManager: Shutting down and abandoning module MeshPaintMode (769)
[2026.04.03-08.06.43:304][ 14]LogModuleManager: Shutting down and abandoning module SceneDepthPickerMode (767)
[2026.04.03-08.06.43:304][ 14]LogModuleManager: Shutting down and abandoning module ActorPickerMode (765)
[2026.04.03-08.06.43:304][ 14]LogModuleManager: Shutting down and abandoning module PlacementMode (763)
[2026.04.03-08.06.43:304][ 14]LogModuleManager: Shutting down and abandoning module ViewportSnapping (761)
[2026.04.03-08.06.43:304][ 14]LogModuleManager: Shutting down and abandoning module ViewportInteraction (759)
[2026.04.03-08.06.43:304][ 14]LogModuleManager: Shutting down and abandoning module ClothPainter (757)
[2026.04.03-08.06.43:308][ 14]LogModuleManager: Shutting down and abandoning module SkeletalMeshEditor (756)
[2026.04.03-08.06.43:308][ 14]LogModuleManager: Shutting down and abandoning module LogVisualizer (753)
[2026.04.03-08.06.43:311][ 14]LogModuleManager: Shutting down and abandoning module IntroTutorials (751)
[2026.04.03-08.06.43:313][ 14]LogModuleManager: Shutting down and abandoning module GameProjectGeneration (750)
[2026.04.03-08.06.43:314][ 14]LogModuleManager: Shutting down and abandoning module LuminPlatformEditor (747)
[2026.04.03-08.06.43:314][ 14]LogModuleManager: Shutting down and abandoning module IOSPlatformEditor (745)
[2026.04.03-08.06.43:314][ 14]LogModuleManager: Shutting down and abandoning module AndroidPlatformEditor (743)
[2026.04.03-08.06.43:316][ 14]LogModuleManager: Shutting down and abandoning module AndroidDeviceDetection (742)
[2026.04.03-08.06.44:687][ 14]LogModuleManager: Shutting down and abandoning module WindowsPlatformEditor (739)
[2026.04.03-08.06.44:687][ 14]LogModuleManager: Shutting down and abandoning module LuminRuntimeSettings (737)
[2026.04.03-08.06.44:687][ 14]LogModuleManager: Shutting down and abandoning module IOSRuntimeSettings (735)
[2026.04.03-08.06.44:687][ 14]LogModuleManager: Shutting down and abandoning module AndroidRuntimeSettings (733)
[2026.04.03-08.06.44:687][ 14]LogModuleManager: Shutting down and abandoning module TraceInsights (731)
[2026.04.03-08.06.44:694][ 14]MemoryProfiler: Shutdown
[2026.04.03-08.06.44:695][ 14]NetworkingProfiler: Shutdown
[2026.04.03-08.06.44:696][ 14]LoadingProfiler: Shutdown
[2026.04.03-08.06.44:698][ 14]TimingProfiler: Shutdown
[2026.04.03-08.06.44:704][ 14]LogModuleManager: Shutting down and abandoning module TraceServices (730)
[2026.04.03-08.06.44:706][ 14]LogModuleManager: Shutting down and abandoning module EditorInteractiveToolsFramework (727)
[2026.04.03-08.06.44:706][ 14]LogModuleManager: Shutting down and abandoning module TimeManagementEditor (725)
[2026.04.03-08.06.44:707][ 14]LogModuleManager: Shutting down and abandoning module InputBindingEditor (723)
[2026.04.03-08.06.44:708][ 14]LogModuleManager: Shutting down and abandoning module MergeActors (721)
[2026.04.03-08.06.44:711][ 14]LogModuleManager: Shutting down and abandoning module LocalizationDashboard (719)
[2026.04.03-08.06.44:713][ 14]LogModuleManager: Shutting down and abandoning module LocalizationService (718)
[2026.04.03-08.06.44:714][ 14]LogModuleManager: Shutting down and abandoning module HardwareTargeting (715)
[2026.04.03-08.06.44:715][ 14]LogModuleManager: Shutting down and abandoning module DeviceProfileEditor (713)
[2026.04.03-08.06.44:715][ 14]LogModuleManager: Shutting down and abandoning module UndoHistory (711)
[2026.04.03-08.06.44:716][ 14]LogModuleManager: Shutting down and abandoning module XmlParser (709)
[2026.04.03-08.06.44:716][ 14]LogModuleManager: Shutting down and abandoning module Blutility (707)
[2026.04.03-08.06.44:718][ 14]LogModuleManager: Shutting down and abandoning module ProjectSettingsViewer (705)
[2026.04.03-08.06.44:718][ 14]LogModuleManager: Shutting down and abandoning module ProjectTargetPlatformEditor (704)
[2026.04.03-08.06.44:725][ 14]LogModuleManager: Shutting down and abandoning module EditorSettingsViewer (701)
[2026.04.03-08.06.44:725][ 14]LogModuleManager: Shutting down and abandoning module InternationalizationSettings (700)
[2026.04.03-08.06.44:726][ 14]LogModuleManager: Shutting down and abandoning module SettingsEditor (697)
[2026.04.03-08.06.44:726][ 14]LogModuleManager: Shutting down and abandoning module ProjectLauncher (695)
[2026.04.03-08.06.44:728][ 14]LogModuleManager: Shutting down and abandoning module SessionFrontend (693)
[2026.04.03-08.06.44:730][ 14]LogModuleManager: Shutting down and abandoning module ProfilerClient (691)
[2026.04.03-08.06.44:730][ 14]LogModuleManager: Shutting down and abandoning module DeviceManager (689)
[2026.04.03-08.06.44:731][ 14]LogModuleManager: Shutting down and abandoning module TargetDeviceServices (688)
[2026.04.03-08.06.44:764][ 14]LogModuleManager: Shutting down and abandoning module AutomationController (685)
[2026.04.03-08.06.44:766][ 14]LogModuleManager: Shutting down and abandoning module AutomationWindow (683)
[2026.04.03-08.06.44:767][ 14]LogModuleManager: Shutting down and abandoning module Layers (681)
[2026.04.03-08.06.44:768][ 14]LogModuleManager: Shutting down and abandoning module ComponentVisualizers (679)
[2026.04.03-08.06.44:768][ 14]LogModuleManager: Shutting down and abandoning module DetailCustomizations (677)
[2026.04.03-08.06.44:769][ 14]LogModuleManager: Shutting down and abandoning module PackagesDialog (675)
[2026.04.03-08.06.44:769][ 14]LogModuleManager: Shutting down and abandoning module AnimationBlueprintEditor (673)
[2026.04.03-08.06.44:772][ 14]LogModuleManager: Shutting down and abandoning module Persona (671)
[2026.04.03-08.06.44:775][ 14]LogModuleManager: Shutting down and abandoning module AdvancedPreviewScene (670)
[2026.04.03-08.06.44:775][ 14]LogModuleManager: Shutting down and abandoning module AnimGraph (668)
[2026.04.03-08.06.44:776][ 14]LogModuleManager: Shutting down and abandoning module Kismet (665)
[2026.04.03-08.06.44:820][ 14]LogModuleManager: Shutting down and abandoning module KismetWidgets (664)
[2026.04.03-08.06.44:820][ 14]LogModuleManager: Shutting down and abandoning module GraphEditor (661)
[2026.04.03-08.06.44:820][ 14]LogModuleManager: Shutting down and abandoning module StructViewer (659)
[2026.04.03-08.06.44:820][ 14]LogModuleManager: Shutting down and abandoning module ClassViewer (657)
[2026.04.03-08.06.44:836][ 14]LogModuleManager: Shutting down and abandoning module Toolbox (655)
[2026.04.03-08.06.44:837][ 14]LogModuleManager: Shutting down and abandoning module ModuleUI (653)
[2026.04.03-08.06.44:838][ 14]LogModuleManager: Shutting down and abandoning module OutputLog (651)
[2026.04.03-08.06.44:858][ 14]LogModuleManager: Shutting down and abandoning module GammaUI (649)
[2026.04.03-08.06.44:858][ 14]LogModuleManager: Shutting down and abandoning module Documentation (647)
[2026.04.03-08.06.44:863][ 14]LogModuleManager: Shutting down and abandoning module LiveCoding (645)
[2026.04.03-08.06.44:864][ 14]LogModuleManager: Shutting down and abandoning module LevelSequence (643)
[2026.04.03-08.06.44:864][ 14]LogModuleManager: Shutting down and abandoning module MovieSceneTracks (641)
[2026.04.03-08.06.44:866][ 14]LogModuleManager: Shutting down and abandoning module MovieScene (639)
[2026.04.03-08.06.44:868][ 14]LogModuleManager: Shutting down and abandoning module StreamingPauseRendering (637)
[2026.04.03-08.06.44:868][ 14]LogModuleManager: Shutting down and abandoning module LauncherPlatform (635)
[2026.04.03-08.06.44:868][ 14]LogModuleManager: Shutting down and abandoning module AnalyticsET (633)
[2026.04.03-08.06.44:868][ 14]LogModuleManager: Shutting down and abandoning module PortalServices (631)
[2026.04.03-08.06.44:868][ 14]LogModuleManager: Shutting down and abandoning module PortalRpc (629)
[2026.04.03-08.06.44:868][ 14]LogModuleManager: Shutting down and abandoning module MessagingRpc (627)
[2026.04.03-08.06.44:868][ 14]LogModuleManager: Shutting down and abandoning module AudioMixerXAudio2 (625)
[2026.04.03-08.06.44:868][ 14]LogModuleManager: Shutting down and abandoning module AudioMixerCore (624)
[2026.04.03-08.06.44:868][ 14]LogModuleManager: Shutting down and abandoning module AIModule (621)
[2026.04.03-08.06.44:870][ 14]LogModuleManager: Shutting down and abandoning module GameplayDebugger (620)
[2026.04.03-08.06.44:870][ 14]LogModuleManager: Shutting down and abandoning module AITestSuite (618)
[2026.04.03-08.06.44:870][ 14]LogModuleManager: Shutting down and abandoning module NavigationSystem (616)
[2026.04.03-08.06.44:870][ 14]LogModuleManager: Shutting down and abandoning module ImageWriteQueue (613)
[2026.04.03-08.06.44:901][ 14]LogModuleManager: Shutting down and abandoning module ProfilerService (611)
[2026.04.03-08.06.45:063][ 14]LogModuleManager: Shutting down and abandoning module TaskGraph (609)
[2026.04.03-08.06.45:065][ 14]LogModuleManager: Shutting down and abandoning module AudioSynesthesiaEditor (607)
[2026.04.03-08.06.45:065][ 14]LogModuleManager: Shutting down and abandoning module OculusEditor (605)
[2026.04.03-08.06.45:073][ 14]LogModuleManager: Shutting down and abandoning module OculusInput (603)
[2026.04.03-08.06.45:073][ 14]LogModuleManager: Shutting down and abandoning module ContentBrowserFileDataSource (601)
[2026.04.03-08.06.45:073][ 14]LogModuleManager: Shutting down and abandoning module ContentBrowserClassDataSource (599)
[2026.04.03-08.06.45:073][ 14]LogModuleManager: Shutting down and abandoning module ContentBrowserAssetDataSource (597)
[2026.04.03-08.06.45:073][ 14]LogModuleManager: Shutting down and abandoning module CollectionManager (596)
[2026.04.03-08.06.45:078][ 14]LogModuleManager: Shutting down and abandoning module SynthesisEditor (593)
[2026.04.03-08.06.45:078][ 14]LogModuleManager: Shutting down and abandoning module Synthesis (591)
[2026.04.03-08.06.45:079][ 14]LogModuleManager: Shutting down and abandoning module ProceduralMeshComponentEditor (589)
[2026.04.03-08.06.45:079][ 14]LogModuleManager: Shutting down and abandoning module ProceduralMeshComponent (587)
[2026.04.03-08.06.45:079][ 14]LogModuleManager: Shutting down and abandoning module TakeSequencer (585)
[2026.04.03-08.06.45:079][ 14]LogModuleManager: Shutting down and abandoning module TakeMovieScene (583)
[2026.04.03-08.06.45:079][ 14]LogModuleManager: Shutting down and abandoning module OpenXREditor (581)
[2026.04.03-08.06.45:080][ 14]LogModuleManager: Shutting down and abandoning module MobilePatchingUtils (579)
[2026.04.03-08.06.45:080][ 14]LogModuleManager: Shutting down and abandoning module ScreenshotTools (577)
[2026.04.03-08.06.45:080][ 14]LogModuleManager: Shutting down and abandoning module GooglePAD (575)
[2026.04.03-08.06.45:080][ 14]LogModuleManager: Shutting down and abandoning module EditableMesh (573)
[2026.04.03-08.06.45:080][ 14]LogModuleManager: Shutting down and abandoning module CustomMeshComponent (571)
[2026.04.03-08.06.45:080][ 14]LogModuleManager: Shutting down and abandoning module CableComponent (569)
[2026.04.03-08.06.45:080][ 14]LogModuleManager: Shutting down and abandoning module AppleImageUtilsBlueprintSupport (567)
[2026.04.03-08.06.45:080][ 14]LogModuleManager: Shutting down and abandoning module AppleImageUtils (565)
[2026.04.03-08.06.45:080][ 14]LogModuleManager: Shutting down and abandoning module AssetTags (563)
[2026.04.03-08.06.45:080][ 14]LogModuleManager: Shutting down and abandoning module AudioCapture (561)
[2026.04.03-08.06.45:080][ 14]LogModuleManager: Shutting down and abandoning module AudioCaptureRtAudio (560)
[2026.04.03-08.06.45:081][ 14]LogModuleManager: Shutting down and abandoning module ArchVisCharacter (557)
[2026.04.03-08.06.45:081][ 14]LogModuleManager: Shutting down and abandoning module AndroidPermission (555)
[2026.04.03-08.06.45:081][ 14]LogModuleManager: Shutting down and abandoning module ActorLayerUtilitiesEditor (553)
[2026.04.03-08.06.45:081][ 14]LogModuleManager: Shutting down and abandoning module ActorLayerUtilities (551)
[2026.04.03-08.06.45:081][ 14]LogModuleManager: Shutting down and abandoning module TemplateSequence (549)
[2026.04.03-08.06.45:081][ 14]LogModuleManager: Shutting down and abandoning module MotoSynthEditor (547)
[2026.04.03-08.06.45:081][ 14]LogModuleManager: Shutting down and abandoning module MotoSynth (545)
[2026.04.03-08.06.45:081][ 14]LogModuleManager: Shutting down and abandoning module OpenImageDenoise (543)
[2026.04.03-08.06.45:081][ 14]LogOpenImageDenoise: OIDN shutting down
[2026.04.03-08.06.45:082][ 14]LogModuleManager: Shutting down and abandoning module MeshConversion (541)
[2026.04.03-08.06.45:082][ 14]LogModuleManager: Shutting down and abandoning module DynamicMesh (539)
[2026.04.03-08.06.45:084][ 14]LogModuleManager: Shutting down and abandoning module GeometryAlgorithms (537)
[2026.04.03-08.06.45:085][ 14]LogModuleManager: Shutting down and abandoning module GeometricObjects (535)
[2026.04.03-08.06.45:085][ 14]LogModuleManager: Shutting down and abandoning module ImgMedia (533)
[2026.04.03-08.06.45:085][ 14]LogModuleManager: Shutting down and abandoning module MediaCompositing (531)
[2026.04.03-08.06.45:085][ 14]LogModuleManager: Shutting down and abandoning module GeometryCollectionTracks (529)
[2026.04.03-08.06.45:085][ 14]LogModuleManager: Shutting down and abandoning module GeometryCollectionSequencer (528)
[2026.04.03-08.06.45:085][ 14]LogModuleManager: Shutting down and abandoning module GeometryCollectionEditor (525)
[2026.04.03-08.06.45:085][ 14]LogModuleManager: Shutting down and abandoning module GeometryCacheTracks (523)
[2026.04.03-08.06.45:085][ 14]LogModuleManager: Shutting down and abandoning module GeometryCacheStreamer (521)
[2026.04.03-08.06.45:085][ 14]LogModuleManager: Shutting down and abandoning module GeometryCacheSequencer (519)
[2026.04.03-08.06.45:086][ 14]LogModuleManager: Shutting down and abandoning module MagicLeapHelperVulkan (517)
[2026.04.03-08.06.45:086][ 14]LogModuleManager: Shutting down and abandoning module MagicLeapHelperOpenGL (515)
[2026.04.03-08.06.45:086][ 14]LogModuleManager: Shutting down and abandoning module MagicLeapAudio (513)
[2026.04.03-08.06.45:086][ 14]LogModuleManager: Shutting down and abandoning module ChaosSolverEditor (511)
[2026.04.03-08.06.45:086][ 14]LogModuleManager: Shutting down and abandoning module ChaosNiagara (509)
[2026.04.03-08.06.45:087][ 14]LogModuleManager: Shutting down and abandoning module ChaosClothEditor (507)
[2026.04.03-08.06.45:087][ 14]LogModuleManager: Shutting down and abandoning module FractureEditor (505)
[2026.04.03-08.06.45:087][ 14]LogModuleManager: Shutting down and abandoning module FieldSystemEngine (504)
[2026.04.03-08.06.45:088][ 14]LogModuleManager: Shutting down and abandoning module BackChannel (501)
[2026.04.03-08.06.45:088][ 14]LogModuleManager: Shutting down and abandoning module AutomationUtilsEditor (499)
[2026.04.03-08.06.45:088][ 14]LogModuleManager: Shutting down and abandoning module AutomationUtils (497)
[2026.04.03-08.06.45:088][ 14]LogModuleManager: Shutting down and abandoning module AlembicImporter (495)
[2026.04.03-08.06.45:088][ 14]LogModuleManager: Shutting down and abandoning module AlembicLibrary (494)
[2026.04.03-08.06.45:088][ 14]LogModuleManager: Shutting down and abandoning module GeometryCache (493)
[2026.04.03-08.06.45:088][ 14]LogModuleManager: Shutting down and abandoning module GeometryCacheEd (492)
[2026.04.03-08.06.45:088][ 14]LogModuleManager: Shutting down and abandoning module MagicLeapSharedWorld (487)
[2026.04.03-08.06.45:088][ 14]LogModuleManager: Shutting down and abandoning module MagicLeapLightEstimation (485)
[2026.04.03-08.06.45:088][ 14]LogModuleManager: Shutting down and abandoning module VisualStudioCodeSourceCodeAccess (483)
[2026.04.03-08.06.45:089][ 14]LogModuleManager: Shutting down and abandoning module VisualStudioSourceCodeAccess (481)
[2026.04.03-08.06.45:090][ 14]LogModuleManager: Shutting down and abandoning module SubversionSourceControl (479)
[2026.04.03-08.06.45:090][ 14]LogModuleManager: Shutting down and abandoning module UObjectPlugin (477)
[2026.04.03-08.06.45:090][ 14]LogModuleManager: Shutting down and abandoning module RiderSourceCodeAccess (475)
[2026.04.03-08.06.45:091][ 14]LogModuleManager: Shutting down and abandoning module PluginUtils (473)
[2026.04.03-08.06.45:092][ 14]LogModuleManager: Shutting down and abandoning module PlasticSourceControl (471)
[2026.04.03-08.06.45:093][ 14]LogModuleManager: Shutting down and abandoning module PerforceSourceControl (469)
[2026.04.03-08.06.45:097][ 14]LogModuleManager: Shutting down and abandoning module GitSourceControl (467)
[2026.04.03-08.06.45:099][ 14]LogModuleManager: Shutting down and abandoning module SourceControl (466)
[2026.04.03-08.06.45:101][ 14]LogModuleManager: Shutting down and abandoning module CLionSourceCodeAccess (463)
[2026.04.03-08.06.45:101][ 14]LogModuleManager: Shutting down and abandoning module AnimationSharingEd (461)
[2026.04.03-08.06.45:101][ 14]LogModuleManager: Shutting down and abandoning module NiagaraEditorWidgets (459)
[2026.04.03-08.06.45:105][ 14]LogModuleManager: Shutting down and abandoning module VariantManagerContentEditor (457)
[2026.04.03-08.06.45:107][ 14]LogModuleManager: Shutting down and abandoning module DatasmithContentEditor (455)
[2026.04.03-08.06.45:108][ 14]LogModuleManager: Shutting down and abandoning module PluginBrowser (453)
[2026.04.03-08.06.45:110][ 14]LogModuleManager: Shutting down and abandoning module MaterialAnalyzer (451)
[2026.04.03-08.06.45:111][ 14]LogModuleManager: Shutting down and abandoning module SpeedTreeImporter (449)
[2026.04.03-08.06.45:111][ 14]LogModuleManager: Shutting down and abandoning module MobileLauncherProfileWizard (447)
[2026.04.03-08.06.45:112][ 14]LogModuleManager: Shutting down and abandoning module CurveEditorTools (445)
[2026.04.03-08.06.45:114][ 14]LogModuleManager: Shutting down and abandoning module CryptoKeysOpenSSL (443)
[2026.04.03-08.06.45:114][ 14]LogModuleManager: Shutting down and abandoning module CryptoKeys (441)
[2026.04.03-08.06.45:114][ 14]LogModuleManager: Shutting down and abandoning module LightPropagationVolumeEditor (439)
[2026.04.03-08.06.45:114][ 14]LogModuleManager: Shutting down and abandoning module OodleNetworkHandlerComponent (437)
[2026.04.03-08.06.45:114][ 14]LogModuleManager: Shutting down and abandoning module PaperTiledImporter (435)
[2026.04.03-08.06.45:114][ 14]LogModuleManager: Shutting down and abandoning module PaperSpriteSheetImporter (433)
[2026.04.03-08.06.45:115][ 14]LogModuleManager: Shutting down and abandoning module Paper2DEditor (431)
[2026.04.03-08.06.45:116][ 14]LogModuleManager: Shutting down and abandoning module LiveLinkSequencer (429)
[2026.04.03-08.06.45:117][ 14]LogModuleManager: Shutting down and abandoning module LiveLinkMovieScene (427)
[2026.04.03-08.06.45:117][ 14]LogModuleManager: Shutting down and abandoning module LiveLinkGraphNode (425)
[2026.04.03-08.06.45:117][ 14]LogModuleManager: Shutting down and abandoning module LiveLinkEditor (423)
[2026.04.03-08.06.45:118][ 14]LogModuleManager: Shutting down and abandoning module LiveLinkComponents (421)
[2026.04.03-08.06.45:118][ 14]LogModuleManager: Shutting down and abandoning module LiveLink (419)
[2026.04.03-08.06.45:341][ 14]LogModuleManager: Shutting down and abandoning module MeshPaintingToolset (417)
[2026.04.03-08.06.45:341][ 14]LogModuleManager: Shutting down and abandoning module MeshPaintEditorMode (415)
[2026.04.03-08.06.45:342][ 14]LogModuleManager: Shutting down and abandoning module AdvancedSessions (413)
[2026.04.03-08.06.45:343][ 14]LogModuleManager: Shutting down and abandoning module GameplayCameras (411)
[2026.04.03-08.06.45:343][ 14]LogModuleManager: Shutting down and abandoning module SignificanceManager (409)
[2026.04.03-08.06.45:343][ 14]LogModuleManager: Shutting down and abandoning module RuntimePhysXCooking (407)
[2026.04.03-08.06.45:343][ 14]LogModuleManager: Shutting down and abandoning module SoundFields (405)
[2026.04.03-08.06.45:343][ 14]LogModuleManager: Shutting down and abandoning module PropertyAccessEditor (403)
[2026.04.03-08.06.45:344][ 14]LogModuleManager: Shutting down and abandoning module PhysXVehiclesEditor (401)
[2026.04.03-08.06.45:345][ 14]LogModuleManager: Shutting down and abandoning module LocationServicesBPLibrary (397)
[2026.04.03-08.06.45:345][ 14]LogModuleManager: Shutting down and abandoning module AudioSynesthesia (395)
[2026.04.03-08.06.45:345][ 14]LogModuleManager: Shutting down and abandoning module AudioSynesthesiaCore (393)
[2026.04.03-08.06.45:345][ 14]LogModuleManager: Shutting down and abandoning module ActorSequence (391)
[2026.04.03-08.06.45:345][ 14]LogModuleManager: Shutting down and abandoning module PythonScriptPlugin (389)
[2026.04.03-08.06.45:345][ 14]LogModuleManager: Shutting down and abandoning module UdpMessaging (387)
[2026.04.03-08.06.45:446][ 14]LogModuleManager: Shutting down and abandoning module TcpMessaging (385)
[2026.04.03-08.06.45:548][ 14]LogModuleManager: Shutting down and abandoning module ImgMediaEngine (383)
[2026.04.03-08.06.45:548][ 14]LogModuleManager: Shutting down and abandoning module MagicLeapHandMeshing (381)
[2026.04.03-08.06.45:548][ 14]LogModuleManager: Shutting down and abandoning module MagicLeapSecureStorage (379)
[2026.04.03-08.06.45:548][ 14]LogModuleManager: Shutting down and abandoning module MagicLeapPrivileges (377)
[2026.04.03-08.06.45:548][ 14]LogModuleManager: Shutting down and abandoning module MagicLeapPlanes (375)
[2026.04.03-08.06.45:548][ 14]LogMagicLeapPlanes: Planes tracker already destroyed.
[2026.04.03-08.06.45:548][ 14]LogModuleManager: Shutting down and abandoning module MagicLeapImageTracker (373)
[2026.04.03-08.06.45:548][ 14]LogModuleManager: Shutting down and abandoning module MagicLeapIdentity (371)
[2026.04.03-08.06.45:549][ 14]LogModuleManager: Shutting down and abandoning module MagicLeapHandTracking (369)
[2026.04.03-08.06.45:550][ 14]LogModuleManager: Shutting down and abandoning module MagicLeapEyeTracker (367)
[2026.04.03-08.06.45:550][ 14]LogModuleManager: Shutting down and abandoning module MagicLeapController (365)
[2026.04.03-08.06.45:550][ 14]LogModuleManager: Shutting down and abandoning module MagicLeapARPinImpl (363)
[2026.04.03-08.06.45:550][ 14]LogModuleManager: Shutting down and abandoning module MagicLeapAR (361)
[2026.04.03-08.06.45:550][ 14]LogModuleManager: Shutting down and abandoning module MagicLeapARPin (359)
[2026.04.03-08.06.45:551][ 14]LogModuleManager: Shutting down and abandoning module PropertyAccessNode (357)
[2026.04.03-08.06.45:551][ 14]LogModuleManager: Shutting down and abandoning module AnimationSharing (355)
[2026.04.03-08.06.45:551][ 14]LogModuleManager: Shutting down and abandoning module NiagaraAnimNotifies (353)
[2026.04.03-08.06.45:551][ 14]LogModuleManager: Shutting down and abandoning module Niagara (351)
[2026.04.03-08.06.45:554][ 14]LogModuleManager: Shutting down and abandoning module SignalProcessing (350)
[2026.04.03-08.06.45:554][ 14]LogModuleManager: Shutting down and abandoning module NiagaraEditor (348)
[2026.04.03-08.06.45:558][ 14]LogModuleManager: Shutting down and abandoning module NiagaraCore (345)
[2026.04.03-08.06.45:558][ 14]LogModuleManager: Shutting down and abandoning module GameplayTagsEditor (343)
[2026.04.03-08.06.45:558][ 14]LogModuleManager: Shutting down and abandoning module FacialAnimationEditor (341)
[2026.04.03-08.06.45:558][ 14]LogModuleManager: Shutting down and abandoning module FacialAnimation (339)
[2026.04.03-08.06.45:558][ 14]LogModuleManager: Shutting down and abandoning module DataValidation (337)
[2026.04.03-08.06.45:558][ 14]LogModuleManager: Shutting down and abandoning module LightPropagationVolumeRuntime (335)
[2026.04.03-08.06.45:558][ 14]LogModuleManager: Shutting down and abandoning module AssetManagerEditor (333)
[2026.04.03-08.06.45:559][ 14]LogModuleManager: Shutting down and abandoning module LevelEditor (332)
[2026.04.03-08.06.45:570][ 14]LogModuleManager: Shutting down and abandoning module PixelInspectorModule (331)
[2026.04.03-08.06.45:571][ 14]LogModuleManager: Shutting down and abandoning module CommonMenuExtensions (329)
[2026.04.03-08.06.45:572][ 14]LogModuleManager: Shutting down and abandoning module MainFrame (327)
[2026.04.03-08.06.45:573][ 14]LogModuleManager: Shutting down and abandoning module HotReload (326)
[2026.04.03-08.06.45:574][ 14]LogModuleManager: Shutting down and abandoning module ToolMenus (322)
[2026.04.03-08.06.45:574][ 14]LogModuleManager: Shutting down and abandoning module ContentBrowser (320)
[2026.04.03-08.06.45:574][ 14]LogModuleManager: Shutting down and abandoning module ContentBrowserData (319)
[2026.04.03-08.06.45:574][ 14]LogModuleManager: Shutting down and abandoning module TreeMap (316)
[2026.04.03-08.06.45:575][ 14]LogModuleManager: Shutting down and abandoning module EnvironmentQueryEditor (313)
[2026.04.03-08.06.45:577][ 14]LogModuleManager: Shutting down and abandoning module Paper2D (311)
[2026.04.03-08.06.45:578][ 14]LogModuleManager: Shutting down and abandoning module WindowsMoviePlayer (309)
[2026.04.03-08.06.45:644][ 14]LogModuleManager: Shutting down and abandoning module WebMMoviePlayer (307)
[2026.04.03-08.06.45:644][ 14]LogModuleManager: Shutting down and abandoning module NetworkReplayStreaming (305)
[2026.04.03-08.06.45:644][ 14]LogModuleManager: Shutting down and abandoning module PacketHandler (303)
[2026.04.03-08.06.45:644][ 14]LogModuleManager: Shutting down and abandoning module ClothingSystemEditor (301)
[2026.04.03-08.06.45:644][ 14]LogModuleManager: Shutting down and abandoning module ClothingSystemRuntimeNv (299)
[2026.04.03-08.06.45:646][ 14]LogModuleManager: Shutting down and abandoning module MediaAssets (297)
[2026.04.03-08.06.45:646][ 14]LogModuleManager: Shutting down and abandoning module Overlay (295)
[2026.04.03-08.06.45:646][ 14]LogModuleManager: Shutting down and abandoning module OverlayEditor (294)
[2026.04.03-08.06.45:646][ 14]LogModuleManager: Shutting down and abandoning module VREditor (291)
[2026.04.03-08.06.45:647][ 14]LogModuleManager: Shutting down and abandoning module StringTableEditor (289)
[2026.04.03-08.06.45:648][ 14]LogModuleManager: Shutting down and abandoning module GameplayTasksEditor (287)
[2026.04.03-08.06.45:648][ 14]LogModuleManager: Shutting down and abandoning module BehaviorTreeEditor (285)
[2026.04.03-08.06.45:649][ 14]LogModuleManager: Shutting down and abandoning module FunctionalTesting (283)
[2026.04.03-08.06.45:649][ 14]LogModuleManager: Shutting down and abandoning module CollisionAnalyzer (281)
[2026.04.03-08.06.45:651][ 14]LogModuleManager: Shutting down and abandoning module WorkspaceMenuStructure (280)
[2026.04.03-08.06.45:654][ 14]LogModuleManager: Shutting down and abandoning module UMG (277)
[2026.04.03-08.06.45:655][ 14]LogModuleManager: Shutting down and abandoning module UMGEditor (276)
[2026.04.03-08.06.45:656][ 14]LogModuleManager: Shutting down and abandoning module MessageLog (274)
[2026.04.03-08.06.45:656][ 14]LogModuleManager: Shutting down and abandoning module SlateReflector (269)
[2026.04.03-08.06.45:660][ 14]LogModuleManager: Shutting down and abandoning module Slate (267)
[2026.04.03-08.06.45:660][ 14]LogModuleManager: Shutting down and abandoning module SlateCore (265)
[2026.04.03-08.06.45:662][ 14]LogModuleManager: Shutting down and abandoning module LandscapeEditorUtilities (263)
[2026.04.03-08.06.45:662][ 14]LogModuleManager: Shutting down and abandoning module UnrealEd (261)
[2026.04.03-08.06.45:662][ 14]LogModuleManager: Shutting down and abandoning module MRMesh (259)
[2026.04.03-08.06.45:662][ 14]LogModuleManager: Shutting down and abandoning module SourceCodeAccess (257)
[2026.04.03-08.06.45:662][ 14]LogModuleManager: Shutting down and abandoning module HeadMountedDisplay (255)
[2026.04.03-08.06.45:663][ 14]LogModuleManager: Shutting down and abandoning module XAudio2 (253)
[2026.04.03-08.06.45:663][ 14]LogModuleManager: Shutting down and abandoning module Networking (251)
[2026.04.03-08.06.45:663][ 14]LogModuleManager: Shutting down and abandoning module Core (249)
[2026.04.03-08.06.45:663][ 14]LogModuleManager: Shutting down and abandoning module MaterialEditor (247)
[2026.04.03-08.06.45:664][ 14]LogModuleManager: Shutting down and abandoning module MovieSceneTools (245)
[2026.04.03-08.06.45:667][ 14]LogModuleManager: Shutting down and abandoning module CurveEditor (244)
[2026.04.03-08.06.45:668][ 14]LogModuleManager: Shutting down and abandoning module Sequencer (242)
[2026.04.03-08.06.45:670][ 14]LogModuleManager: Shutting down and abandoning module EditorStyle (241)
[2026.04.03-08.06.45:680][ 14]LogModuleManager: Shutting down and abandoning module KismetCompiler (237)
[2026.04.03-08.06.45:680][ 14]LogModuleManager: Shutting down and abandoning module MeshBuilder (235)
[2026.04.03-08.06.45:681][ 14]LogModuleManager: Shutting down and abandoning module MeshUtilities (233)
[2026.04.03-08.06.45:681][ 14]LogModuleManager: Shutting down and abandoning module MeshMergeUtilities (232)
[2026.04.03-08.06.45:682][ 14]LogModuleManager: Shutting down and abandoning module MeshReductionInterface (231)
[2026.04.03-08.06.45:682][ 14]LogModuleManager: Shutting down and abandoning module MeshBoneReduction (230)
[2026.04.03-08.06.45:683][ 14]LogModuleManager: Shutting down and abandoning module ProxyLODMeshReduction (228)
[2026.04.03-08.06.45:687][ 14]LogModuleManager: Shutting down and abandoning module SkeletalMeshReduction (226)
[2026.04.03-08.06.45:687][ 14]LogModuleManager: Shutting down and abandoning module QuadricMeshReduction (224)
[2026.04.03-08.06.45:687][ 14]LogModuleManager: Shutting down and abandoning module MaterialBaking (220)
[2026.04.03-08.06.45:688][ 14]LogModuleManager: Shutting down and abandoning module NullInstallBundleManager (215)
[2026.04.03-08.06.45:688][ 14]LogModuleManager: Shutting down and abandoning module DerivedDataCache (213)
[2026.04.03-08.06.45:688][ 14]LogModuleManager: Shutting down and abandoning module TargetPlatform (211)
[2026.04.03-08.06.45:692][ 14]LogModuleManager: Shutting down and abandoning module VulkanShaderFormat (210)
[2026.04.03-08.06.45:696][ 14]LogModuleManager: Shutting down and abandoning module ShaderFormatVectorVM (208)
[2026.04.03-08.06.45:696][ 14]LogModuleManager: Shutting down and abandoning module ShaderFormatOpenGL (206)
[2026.04.03-08.06.45:697][ 14]LogModuleManager: Shutting down and abandoning module ShaderFormatD3D (204)
[2026.04.03-08.06.45:698][ 14]LogModuleManager: Shutting down and abandoning module MetalShaderFormat (202)
[2026.04.03-08.06.45:699][ 14]LogModuleManager: Shutting down and abandoning module TextureFormatOodle (200)
[2026.04.03-08.06.45:699][ 14]LogModuleManager: Shutting down and abandoning module TextureFormatUncompressed (198)
[2026.04.03-08.06.45:700][ 14]LogModuleManager: Shutting down and abandoning module TextureFormatPVR (196)
[2026.04.03-08.06.45:700][ 14]LogModuleManager: Shutting down and abandoning module TextureFormatETC2 (194)
[2026.04.03-08.06.45:700][ 14]LogModuleManager: Shutting down and abandoning module TextureFormatDXT (192)
[2026.04.03-08.06.45:700][ 14]LogModuleManager: Shutting down and abandoning module TextureFormatIntelISPCTexComp (190)
[2026.04.03-08.06.45:702][ 14]LogModuleManager: Shutting down and abandoning module TextureFormatASTC (188)
[2026.04.03-08.06.45:702][ 14]LogModuleManager: Shutting down and abandoning module ImageWrapper (187)
[2026.04.03-08.06.45:702][ 14]LogModuleManager: Shutting down and abandoning module AudioFormatOpus (184)
[2026.04.03-08.06.45:703][ 14]LogModuleManager: Shutting down and abandoning module AudioFormatOgg (182)
[2026.04.03-08.06.45:703][ 14]LogModuleManager: Shutting down and abandoning module AudioFormatADPCM (180)
[2026.04.03-08.06.45:703][ 14]LogModuleManager: Shutting down and abandoning module WindowsServerTargetPlatform (178)
[2026.04.03-08.06.45:703][ 14]LogModuleManager: Shutting down and abandoning module WindowsClientTargetPlatform (176)
[2026.04.03-08.06.45:704][ 14]LogModuleManager: Shutting down and abandoning module WindowsTargetPlatform (174)
[2026.04.03-08.06.45:704][ 14]LogModuleManager: Shutting down and abandoning module WindowsNoEditorTargetPlatform (172)
[2026.04.03-08.06.45:704][ 14]LogModuleManager: Shutting down and abandoning module TVOSTargetPlatform (170)
[2026.04.03-08.06.45:736][ 14]LogModuleManager: Shutting down and abandoning module MacServerTargetPlatform (168)
[2026.04.03-08.06.45:736][ 14]LogModuleManager: Shutting down and abandoning module MacClientTargetPlatform (166)
[2026.04.03-08.06.45:737][ 14]LogModuleManager: Shutting down and abandoning module MacTargetPlatform (164)
[2026.04.03-08.06.45:737][ 14]LogModuleManager: Shutting down and abandoning module MacNoEditorTargetPlatform (162)
[2026.04.03-08.06.45:737][ 14]LogModuleManager: Shutting down and abandoning module LuminTargetPlatform (160)
[2026.04.03-08.06.45:768][ 14]LogModuleManager: Shutting down and abandoning module LinuxAArch64ServerTargetPlatform (158)
[2026.04.03-08.06.45:770][ 14]LogModuleManager: Shutting down and abandoning module LinuxAArch64ClientTargetPlatform (156)
[2026.04.03-08.06.45:770][ 14]LogModuleManager: Shutting down and abandoning module LinuxAArch64NoEditorTargetPlatform (154)
[2026.04.03-08.06.45:770][ 14]LogModuleManager: Shutting down and abandoning module LinuxServerTargetPlatform (152)
[2026.04.03-08.06.45:770][ 14]LogModuleManager: Shutting down and abandoning module LinuxClientTargetPlatform (150)
[2026.04.03-08.06.45:771][ 14]LogModuleManager: Shutting down and abandoning module LinuxNoEditorTargetPlatform (148)
[2026.04.03-08.06.45:771][ 14]LogModuleManager: Shutting down and abandoning module LinuxTargetPlatform (146)
[2026.04.03-08.06.45:771][ 14]LogModuleManager: Shutting down and abandoning module Messaging (144)
[2026.04.03-08.06.45:771][ 14]LogModuleManager: Shutting down and abandoning module IOSTargetPlatform (142)
[2026.04.03-08.06.45:787][ 14]LogModuleManager: Shutting down and abandoning module AndroidTargetPlatform (140)
[2026.04.03-08.06.45:838][ 14]LogModuleManager: Shutting down and abandoning module AllDesktopTargetPlatform (138)
[2026.04.03-08.06.45:838][ 14]LogModuleManager: Shutting down and abandoning module D3D11RHI (135)
[2026.04.03-08.06.45:838][ 14]LogModuleManager: Shutting down and abandoning module InputCore (133)
[2026.04.03-08.06.45:838][ 14]LogModuleManager: Shutting down and abandoning module Settings (131)
[2026.04.03-08.06.45:838][ 14]LogModuleManager: Shutting down and abandoning module DirectoryWatcher (129)
[2026.04.03-08.06.45:844][ 14]LogModuleManager: Shutting down and abandoning module PhysXCooking (127)
[2026.04.03-08.06.45:844][ 14]LogModuleManager: Shutting down and abandoning module Chaos (125)
[2026.04.03-08.06.45:845][ 14]LogModuleManager: Shutting down and abandoning module WindowsPlatformFeatures (123)
[2026.04.03-08.06.45:845][ 14]LogModuleManager: Shutting down and abandoning module GameplayMediaEncoder (122)
[2026.04.03-08.06.45:846][ 14]LogModuleManager: Shutting down and abandoning module AVEncoder (121)
[2026.04.03-08.06.45:846][ 14]LogModuleManager: Shutting down and abandoning module SteamVRInputDevice (117)
[2026.04.03-08.06.45:847][ 14]LogModuleManager: Shutting down and abandoning module SteamVRInput (115)
[2026.04.03-08.06.45:847][ 14]LogModuleManager: Shutting down and abandoning module SteamVR (113)
[2026.04.03-08.06.45:847][ 14]LogHMD: Freeing OpenVRDLLHandle.
[2026.04.03-08.06.45:847][ 14]LogModuleManager: Shutting down and abandoning module OculusHMD (111)
[2026.04.03-08.06.45:848][ 14]LogModuleManager: Shutting down and abandoning module OpenXRHandTracking (109)
[2026.04.03-08.06.45:848][ 14]LogSlate: Slate User Destroyed.  User Index 0, Is Virtual User: 0
[2026.04.03-08.06.45:850][ 14]LogModuleManager: Shutting down and abandoning module OpenXREyeTracker (107)
[2026.04.03-08.06.45:850][ 14]LogModuleManager: Shutting down and abandoning module OpenXRAR (105)
[2026.04.03-08.06.45:850][ 14]LogModuleManager: Shutting down and abandoning module AugmentedReality (104)
[2026.04.03-08.06.45:850][ 14]LogModuleManager: Shutting down and abandoning module OpenXRHMD (101)
[2026.04.03-08.06.45:854][ 14]LogModuleManager: Shutting down and abandoning module ExampleDeviceProfileSelector (99)
[2026.04.03-08.06.45:854][ 14]LogModuleManager: Shutting down and abandoning module ChunkDownloader (97)
[2026.04.03-08.06.45:854][ 14]LogModuleManager: Shutting down and abandoning module LauncherChunkInstaller (95)
[2026.04.03-08.06.45:854][ 14]LogModuleManager: Shutting down and abandoning module OnlineBlueprintSupport (93)
[2026.04.03-08.06.45:854][ 14]LogModuleManager: Shutting down and abandoning module OnlineSubsystem (89)
[2026.04.03-08.06.45:857][ 14]LogModuleManager: Shutting down and abandoning module XMPP (83)
[2026.04.03-08.06.45:858][ 14]LogModuleManager: Shutting down and abandoning module WebSockets (82)
[2026.04.03-08.06.45:885][ 14]LogModuleManager: Shutting down and abandoning module HTTP (79)
[2026.04.03-08.06.45:886][ 14]LogHttp: Display: Http module shutting down, but needs to wait on 2 outstanding Http requests:
[2026.04.03-08.06.45:886][ 14]LogHttp: Display: 	verb=[POST] url=[https://datarouter.ol.epicgames.com/datarouter/api/v1/public/data?SessionID=%7B82017B2C-40FC-E38D-CEDD-39B7F37269BF%7D&AppID=UEEditor.Rocket.Release&AppVersion=4.27.2-18319896%2B%2B%2BUE4%2BRelease-4.27&UserID=736f4fd243dc82f44eabcfbe67d1ae61%7C994622bc3ba84a46940c56befb5dbaba%7Cec6fa1fb-bb34-403b-8a7e-c7b6925f985c&AppEnvironment=datacollector-binary&UploadType=eteventstream] refs=[1] status=Processing
[2026.04.03-08.06.45:886][ 14]LogHttp: Display: 	verb=[POST] url=[https://datarouter.ol.epicgames.com/datarouter/api/v1/public/data?SessionID=%7B82017B2C-40FC-E38D-CEDD-39B7F37269BF%7D&AppID=UEEditor.Rocket.Release&AppVersion=4.27.2-18319896%2B%2B%2BUE4%2BRelease-4.27&UserID=736f4fd243dc82f44eabcfbe67d1ae61%7C994622bc3ba84a46940c56befb5dbaba%7Cec6fa1fb-bb34-403b-8a7e-c7b6925f985c&AppEnvironment=datacollector-binary&UploadType=eteventstream] refs=[1] status=Processing
[2026.04.03-08.06.45:886][ 14]LogHttp: Display: cleaning up 2 outstanding Http requests.
[2026.04.03-08.06.45:886][ 14]LogHttp: Display: Sleeping 0.500s to wait for 2 outstanding Http requests.
[2026.04.03-08.06.46:387][ 14]LogHttp: Display: Sleeping 0.500s to wait for 2 outstanding Http requests.
[2026.04.03-08.06.46:888][ 14]LogHttp: Display: Sleeping 0.500s to wait for 2 outstanding Http requests.
[2026.04.03-08.06.47:388][ 14]LogHttp: Display: Sleeping 0.500s to wait for 2 outstanding Http requests.
[2026.04.03-08.06.47:890][ 14]LogHttp: Display: Sleeping 0.500s to wait for 2 outstanding Http requests.
[2026.04.03-08.06.48:390][ 14]LogHttp: Display: Sleeping 0.500s to wait for 2 outstanding Http requests.
[2026.04.03-08.06.48:891][ 14]LogHttp: Display: Sleeping 0.500s to wait for 2 outstanding Http requests.
[2026.04.03-08.06.49:392][ 14]LogHttp: Display: Sleeping 0.500s to wait for 2 outstanding Http requests.
[2026.04.03-08.06.49:892][ 14]LogHttp: Display: Sleeping 0.500s to wait for 2 outstanding Http requests.
[2026.04.03-08.06.50:393][ 14]LogHttp: Display: Sleeping 0.500s to wait for 2 outstanding Http requests.
[2026.04.03-08.06.50:893][ 14]LogHttp: Display: Sleeping 0.500s to wait for 2 outstanding Http requests.
[2026.04.03-08.06.51:394][ 14]LogHttp: Display: Sleeping 0.500s to wait for 2 outstanding Http requests.
[2026.04.03-08.06.51:895][ 14]LogHttp: Display: Sleeping 0.500s to wait for 2 outstanding Http requests.
[2026.04.03-08.06.52:395][ 14]LogHttp: Display: Sleeping 0.500s to wait for 2 outstanding Http requests.
[2026.04.03-08.06.52:895][ 14]LogHttp: Display: Sleeping 0.500s to wait for 2 outstanding Http requests.
[2026.04.03-08.06.53:396][ 14]LogHttp: Display: Sleeping 0.500s to wait for 2 outstanding Http requests.
[2026.04.03-08.06.53:897][ 14]LogHttp: Display: Sleeping 0.500s to wait for 2 outstanding Http requests.
[2026.04.03-08.06.54:398][ 14]LogHttp: Display: Sleeping 0.500s to wait for 2 outstanding Http requests.
[2026.04.03-08.06.54:900][ 14]LogHttp: Display: Sleeping 0.500s to wait for 2 outstanding Http requests.
[2026.04.03-08.06.55:400][ 14]LogHttp: Display: Sleeping 0.500s to wait for 2 outstanding Http requests.
[2026.04.03-08.06.55:901][ 14]LogHttp: Display: Sleeping 0.500s to wait for 2 outstanding Http requests.
[2026.04.03-08.06.56:401][ 14]LogHttp: Display: Sleeping 0.500s to wait for 2 outstanding Http requests.
[2026.04.03-08.06.56:902][ 14]LogHttp: Display: Sleeping 0.500s to wait for 2 outstanding Http requests.
[2026.04.03-08.06.57:403][ 14]LogHttp: Display: Sleeping 0.500s to wait for 2 outstanding Http requests.
[2026.04.03-08.06.57:904][ 14]LogHttp: Display: Sleeping 0.500s to wait for 2 outstanding Http requests.
[2026.04.03-08.06.58:404][ 14]LogHttp: Display: Sleeping 0.500s to wait for 2 outstanding Http requests.
[2026.04.03-08.06.58:905][ 14]LogHttp: Display: Sleeping 0.500s to wait for 2 outstanding Http requests.
[2026.04.03-08.06.59:406][ 14]LogHttp: Display: Sleeping 0.500s to wait for 2 outstanding Http requests.
[2026.04.03-08.06.59:906][ 14]LogHttp: Display: Sleeping 0.500s to wait for 2 outstanding Http requests.
[2026.04.03-08.07.00:407][ 14]LogHttp: Display: Sleeping 0.500s to wait for 2 outstanding Http requests.
[2026.04.03-08.07.00:908][ 14]LogHttp: Display: Sleeping 0.500s to wait for 2 outstanding Http requests.
[2026.04.03-08.07.01:408][ 14]LogHttp: Display: Sleeping 0.500s to wait for 2 outstanding Http requests.
[2026.04.03-08.07.01:910][ 14]LogHttp: Display: Sleeping 0.500s to wait for 2 outstanding Http requests.
[2026.04.03-08.07.02:411][ 14]LogHttp: Display: Sleeping 0.500s to wait for 2 outstanding Http requests.
[2026.04.03-08.07.02:912][ 14]LogHttp: Display: Sleeping 0.500s to wait for 2 outstanding Http requests.
[2026.04.03-08.07.03:413][ 14]LogHttp: Display: Sleeping 0.500s to wait for 2 outstanding Http requests.
[2026.04.03-08.07.03:913][ 14]LogHttp: Display: Sleeping 0.500s to wait for 2 outstanding Http requests.
[2026.04.03-08.07.04:414][ 14]LogHttp: Display: Sleeping 0.500s to wait for 2 outstanding Http requests.
[2026.04.03-08.07.04:914][ 14]LogHttp: Display: Sleeping 0.500s to wait for 2 outstanding Http requests.
[2026.04.03-08.07.05:415][ 14]LogHttp: Display: Sleeping 0.500s to wait for 2 outstanding Http requests.
[2026.04.03-08.07.05:915][ 14]LogHttp: Display: Sleeping 0.500s to wait for 2 outstanding Http requests.
[2026.04.03-08.07.06:416][ 14]LogHttp: Display: Sleeping 0.500s to wait for 2 outstanding Http requests.
[2026.04.03-08.07.06:916][ 14]LogHttp: Display: Sleeping 0.500s to wait for 2 outstanding Http requests.
[2026.04.03-08.07.07:417][ 14]LogHttp: Display: Sleeping 0.500s to wait for 2 outstanding Http requests.
[2026.04.03-08.07.07:917][ 14]LogHttp: Display: Sleeping 0.500s to wait for 2 outstanding Http requests.
[2026.04.03-08.07.08:418][ 14]LogHttp: Display: Sleeping 0.500s to wait for 2 outstanding Http requests.
[2026.04.03-08.07.08:918][ 14]LogHttp: Display: Sleeping 0.500s to wait for 2 outstanding Http requests.
[2026.04.03-08.07.09:419][ 14]LogHttp: Display: Sleeping 0.500s to wait for 2 outstanding Http requests.
[2026.04.03-08.07.09:920][ 14]LogHttp: Display: Sleeping 0.500s to wait for 2 outstanding Http requests.
[2026.04.03-08.07.10:421][ 14]LogHttp: Display: Sleeping 0.500s to wait for 2 outstanding Http requests.
[2026.04.03-08.07.10:921][ 14]LogHttp: Display: Sleeping 0.500s to wait for 2 outstanding Http requests.
[2026.04.03-08.07.11:422][ 14]LogHttp: Display: Sleeping 0.500s to wait for 2 outstanding Http requests.
[2026.04.03-08.07.11:923][ 14]LogHttp: Display: Sleeping 0.500s to wait for 2 outstanding Http requests.
[2026.04.03-08.07.12:424][ 14]LogHttp: Display: Sleeping 0.500s to wait for 2 outstanding Http requests.
[2026.04.03-08.07.12:925][ 14]LogHttp: Display: Sleeping 0.500s to wait for 2 outstanding Http requests.
[2026.04.03-08.07.13:426][ 14]LogHttp: Display: Sleeping 0.500s to wait for 2 outstanding Http requests.
[2026.04.03-08.07.13:927][ 14]LogHttp: Display: Sleeping 0.500s to wait for 2 outstanding Http requests.
[2026.04.03-08.07.14:428][ 14]LogHttp: Display: Sleeping 0.500s to wait for 2 outstanding Http requests.
[2026.04.03-08.07.14:930][ 14]LogHttp: Display: Sleeping 0.500s to wait for 2 outstanding Http requests.
[2026.04.03-08.07.15:431][ 14]LogHttp: Display: Sleeping 0.500s to wait for 2 outstanding Http requests.
[2026.04.03-08.07.15:932][ 14]LogHttp: Display: Sleeping 0.500s to wait for 2 outstanding Http requests.
[2026.04.03-08.07.16:433][ 14]LogHttp: Display: Sleeping 0.500s to wait for 2 outstanding Http requests.
[2026.04.03-08.07.16:933][ 14]LogHttp: Display: Sleeping 0.500s to wait for 2 outstanding Http requests.
[2026.04.03-08.07.17:434][ 14]LogHttp: Display: Sleeping 0.500s to wait for 2 outstanding Http requests.
[2026.04.03-08.07.17:934][ 14]LogHttp: Display: Sleeping 0.500s to wait for 2 outstanding Http requests.
[2026.04.03-08.07.18:435][ 14]LogHttp: Display: Sleeping 0.500s to wait for 2 outstanding Http requests.
[2026.04.03-08.07.18:936][ 14]LogHttp: Display: Sleeping 0.500s to wait for 2 outstanding Http requests.
[2026.04.03-08.07.19:436][ 14]LogHttp: Display: Sleeping 0.500s to wait for 2 outstanding Http requests.
[2026.04.03-08.07.19:937][ 14]LogHttp: Display: Sleeping 0.500s to wait for 2 outstanding Http requests.
[2026.04.03-08.07.20:438][ 14]LogHttp: Display: Sleeping 0.500s to wait for 2 outstanding Http requests.
[2026.04.03-08.07.20:938][ 14]LogHttp: Display: Sleeping 0.500s to wait for 2 outstanding Http requests.
[2026.04.03-08.07.21:440][ 14]LogHttp: Display: Sleeping 0.500s to wait for 2 outstanding Http requests.
[2026.04.03-08.07.21:941][ 14]LogHttp: Display: Sleeping 0.500s to wait for 2 outstanding Http requests.
[2026.04.03-08.07.22:442][ 14]LogHttp: Display: Sleeping 0.500s to wait for 2 outstanding Http requests.
[2026.04.03-08.07.22:942][ 14]LogHttp: Display: Sleeping 0.500s to wait for 2 outstanding Http requests.
[2026.04.03-08.07.23:443][ 14]LogHttp: Display: Sleeping 0.500s to wait for 2 outstanding Http requests.
[2026.04.03-08.07.23:944][ 14]LogHttp: Display: Sleeping 0.500s to wait for 2 outstanding Http requests.
[2026.04.03-08.07.24:444][ 14]LogHttp: Display: Sleeping 0.500s to wait for 2 outstanding Http requests.
[2026.04.03-08.07.24:944][ 14]LogHttp: Display: Sleeping 0.500s to wait for 2 outstanding Http requests.
[2026.04.03-08.07.25:445][ 14]LogHttp: Display: Sleeping 0.500s to wait for 2 outstanding Http requests.
[2026.04.03-08.07.25:945][ 14]LogHttp: Display: Sleeping 0.500s to wait for 2 outstanding Http requests.
[2026.04.03-08.07.26:446][ 14]LogHttp: Display: Sleeping 0.500s to wait for 2 outstanding Http requests.
[2026.04.03-08.07.26:946][ 14]LogHttp: Display: Sleeping 0.500s to wait for 2 outstanding Http requests.
[2026.04.03-08.07.27:447][ 14]LogHttp: Display: Sleeping 0.500s to wait for 2 outstanding Http requests.
[2026.04.03-08.07.27:948][ 14]LogHttp: Display: Sleeping 0.500s to wait for 2 outstanding Http requests.
[2026.04.03-08.07.28:450][ 14]LogHttp: Display: Sleeping 0.500s to wait for 2 outstanding Http requests.
[2026.04.03-08.07.28:950][ 14]LogHttp: Display: Sleeping 0.500s to wait for 2 outstanding Http requests.
[2026.04.03-08.07.29:451][ 14]LogHttp: Display: Sleeping 0.500s to wait for 1 outstanding Http requests.
[2026.04.03-08.07.29:952][ 14]LogHttp: Display: Sleeping 0.500s to wait for 1 outstanding Http requests.
[2026.04.03-08.07.30:452][ 14]LogHttp: Display: Sleeping 0.500s to wait for 1 outstanding Http requests.
[2026.04.03-08.07.30:953][ 14]LogHttp: Display: Sleeping 0.500s to wait for 1 outstanding Http requests.
[2026.04.03-08.07.31:454][ 14]LogHttp: Display: Sleeping 0.500s to wait for 1 outstanding Http requests.
[2026.04.03-08.07.31:954][ 14]LogHttp: Display: Sleeping 0.500s to wait for 1 outstanding Http requests.
[2026.04.03-08.07.32:455][ 14]LogHttp: Display: Sleeping 0.500s to wait for 1 outstanding Http requests.
[2026.04.03-08.07.32:955][ 14]LogHttp: Display: Sleeping 0.500s to wait for 1 outstanding Http requests.
[2026.04.03-08.07.33:456][ 14]LogHttp: Display: Sleeping 0.500s to wait for 1 outstanding Http requests.
[2026.04.03-08.07.33:956][ 14]LogHttp: Display: Sleeping 0.500s to wait for 1 outstanding Http requests.
[2026.04.03-08.07.34:456][ 14]LogHttp: Display: Sleeping 0.500s to wait for 1 outstanding Http requests.
[2026.04.03-08.07.35:423][ 14]LogModuleManager: Shutting down and abandoning module SSL (78)
[2026.04.03-08.07.36:655][ 14]LogModuleManager: Shutting down and abandoning module WmfMedia (74)
[2026.04.03-08.07.36:670][ 14]LogModuleManager: Shutting down and abandoning module Media (73)
[2026.04.03-08.07.36:674][ 14]LogModuleManager: Shutting down and abandoning module MediaInfo (72)
[2026.04.03-08.07.36:674][ 14]LogModuleManager: Shutting down and abandoning module ExrReaderGpu (68)
[2026.04.03-08.07.36:674][ 14]LogModuleManager: Shutting down and abandoning module MagicLeap (66)
[2026.04.03-08.07.36:676][ 14]LogModuleManager: Shutting down and abandoning module ChaosCloth (64)
[2026.04.03-08.07.36:676][ 14]LogModuleManager: Shutting down and abandoning module MLSDK (62)
[2026.04.03-08.07.36:677][ 14]LogModuleManager: Shutting down and abandoning module PixWinPlugin (60)
[2026.04.03-08.07.36:677][ 14]LogModuleManager: Shutting down and abandoning module NiagaraVertexFactories (58)
[2026.04.03-08.07.36:678][ 14]LogModuleManager: Shutting down and abandoning module NiagaraShader (56)
[2026.04.03-08.07.36:678][ 14]LogModuleManager: Shutting down and abandoning module VariantManagerContent (54)
[2026.04.03-08.07.36:686][ 14]LogModuleManager: Shutting down and abandoning module DatasmithContent (52)
[2026.04.03-08.07.36:695][ 14]LogModuleManager: Shutting down and abandoning module AISupportModule (50)
[2026.04.03-08.07.36:695][ 14]LogModuleManager: Shutting down and abandoning module DesktopPlatform (48)
[2026.04.03-08.07.36:704][ 14]LogModuleManager: Shutting down and abandoning module PythonScriptPluginPreload (46)
[2026.04.03-08.07.36:710][ 14]LogModuleManager: Shutting down and abandoning module PlatformCryptoOpenSSL (44)
[2026.04.03-08.07.36:717][ 14]LogModuleManager: Shutting down and abandoning module PlatformCryptoTypes (42)
[2026.04.03-08.07.36:717][ 14]LogModuleManager: Shutting down and abandoning module PlatformCrypto (40)
[2026.04.03-08.07.36:723][ 14]LogModuleManager: Shutting down and abandoning module OodleDataCompressionFormat (38)
[2026.04.03-08.07.36:764][ 14]LogModuleManager: Shutting down and abandoning module XGEController (36)
[2026.04.03-08.07.36:781][ 14]LogModuleManager: Shutting down and abandoning module AnimationModifiers (34)
[2026.04.03-08.07.36:795][ 14]LogModuleManager: Shutting down and abandoning module AudioEditor (32)
[2026.04.03-08.07.36:805][ 14]LogModuleManager: Shutting down and abandoning module PropertyEditor (31)
[2026.04.03-08.07.36:822][ 14]LogModuleManager: Shutting down and abandoning module TextureCompressor (28)
[2026.04.03-08.07.36:823][ 14]LogModuleManager: Shutting down and abandoning module RenderCore (26)
[2026.04.03-08.07.36:823][ 14]LogModuleManager: Shutting down and abandoning module Landscape (24)
[2026.04.03-08.07.36:823][ 14]LogModuleManager: Shutting down and abandoning module SlateRHIRenderer (22)
[2026.04.03-08.07.36:955][ 14]LogModuleManager: Shutting down and abandoning module AnimGraphRuntime (20)
[2026.04.03-08.07.36:956][ 14]LogModuleManager: Shutting down and abandoning module Renderer (18)
[2026.04.03-08.07.36:957][ 14]LogModuleManager: Shutting down and abandoning module Engine (16)
[2026.04.03-08.07.36:957][ 14]LogModuleManager: Shutting down and abandoning module CoreUObject (14)
[2026.04.03-08.07.36:957][ 14]LogModuleManager: Shutting down and abandoning module NetworkFile (12)
[2026.04.03-08.07.36:957][ 14]LogModuleManager: Shutting down and abandoning module CookedIterativeFile (10)
[2026.04.03-08.07.36:957][ 14]LogModuleManager: Shutting down and abandoning module StreamingFile (8)
[2026.04.03-08.07.36:958][ 14]LogModuleManager: Shutting down and abandoning module SandboxFile (6)
[2026.04.03-08.07.36:958][ 14]LogModuleManager: Shutting down and abandoning module PakFile (4)
[2026.04.03-08.07.36:958][ 14]LogModuleManager: Shutting down and abandoning module RSA (3)
[2026.04.03-08.07.36:968][ 14]LogContentStreaming: Display: There are 1 unreleased StreamingManagers
[2026.04.03-08.07.37:086][ 14]LogD3D11RHI: Shutdown
[2026.04.03-08.07.37:086][ 14]LogD3D11RHI: CleanupD3DDevice
[2026.04.03-08.07.37:205][ 14]LogD3D11RHI: Intel Extensions Framework unloaded
[2026.04.03-08.07.37:231][ 14]LogD3D11RHI: [IntelMetricsDiscovery] Stopped
[2026.04.03-08.07.37:233][ 14]LogExit: Exiting.
[2026.04.03-08.07.37:296][ 14]Log file closed, 04/03/26 11:07:37
