Log file open, 04/26/26 12:29:18
LogWindows: Failed to load 'aqProf.dll' (GetLastError=126)
LogWindows: File 'aqProf.dll' does not exist
LogWindows: Failed to load 'VtuneApi.dll' (GetLastError=126)
LogWindows: File 'VtuneApi.dll' does not exist
LogWindows: Failed to load 'VtuneApi32e.dll' (GetLastError=126)
LogWindows: File 'VtuneApi32e.dll' does not exist
LogConsoleResponse: Display: Failed to find resolution value strings in scalability ini. Falling back to default.
LogConsoleResponse: Display: Failed to find resolution value strings in scalability ini. Falling back to default.
LogInit: Display: Running engine for game: Playtime_Multiplayer
LogPlatformFile: Not using cached read wrapper
LogTaskGraph: Started task graph with 5 named threads and 11 total threads with 3 sets of task threads.
LogStats: Stats thread started at 1.262678
LogICUInternationalization: ICU TimeZone Detection - Raw Offset: +2:00, Platform Override: ''
LogInit: Display: Loading text-based GConfig....
LogPluginManager: Mounting plugin MeshPainting
LogPluginManager: Mounting plugin XGEController
LogPluginManager: Mounting plugin Paper2D
LogPluginManager: Mounting plugin AISupport
LogPluginManager: Mounting plugin EnvironmentQueryEditor
LogPluginManager: Mounting plugin LightPropagationVolume
LogPluginManager: Mounting plugin LiveLink
LogPluginManager: Mounting plugin CameraShakePreviewer
LogPluginManager: Mounting plugin GameplayCameras
LogPluginManager: Mounting plugin OodleData
LogPluginManager: Mounting plugin OodleNetwork
LogPluginManager: Mounting plugin AnimationSharing
LogPluginManager: Mounting plugin CodeLiteSourceCodeAccess
LogPluginManager: Mounting plugin CLionSourceCodeAccess
LogPluginManager: Mounting plugin GitSourceControl
LogPluginManager: Mounting plugin KDevelopSourceCodeAccess
LogPluginManager: Mounting plugin NullSourceCodeAccess
LogPluginManager: Mounting plugin PerforceSourceControl
LogPluginManager: Mounting plugin PixWinPlugin
LogPluginManager: Mounting plugin PlasticSourceControl
LogPluginManager: Mounting plugin PluginUtils
LogPluginManager: Mounting plugin PropertyAccessNode
LogPluginManager: Mounting plugin RiderSourceCodeAccess
LogPluginManager: Mounting plugin SubversionSourceControl
LogPluginManager: Mounting plugin TextureFormatOodle
LogPluginManager: Mounting plugin UObjectPlugin
LogPluginManager: Mounting plugin VisualStudioCodeSourceCodeAccess
LogPluginManager: Mounting plugin VisualStudioSourceCodeAccess
LogPluginManager: Mounting plugin AssetManagerEditor
LogPluginManager: Mounting plugin XCodeSourceCodeAccess
LogPluginManager: Mounting plugin CryptoKeys
LogPluginManager: Mounting plugin DataValidation
LogPluginManager: Mounting plugin CurveEditorTools
LogPluginManager: Mounting plugin FacialAnimation
LogPluginManager: Mounting plugin GameplayTagsEditor
LogPluginManager: Mounting plugin GeometryMode
LogPluginManager: Mounting plugin MacGraphicsSwitching
LogPluginManager: Mounting plugin MaterialAnalyzer
LogPluginManager: Mounting plugin MobileLauncherProfileWizard
LogPluginManager: Mounting plugin SpeedTreeImporter
LogPluginManager: Mounting plugin PluginBrowser
LogPluginManager: Mounting plugin DatasmithContent
LogPluginManager: Mounting plugin VariantManagerContent
LogPluginManager: Mounting plugin AlembicImporter
LogPluginManager: Mounting plugin BackChannel
LogPluginManager: Mounting plugin AutomationUtils
LogPluginManager: Mounting plugin ChaosCloth
LogPluginManager: Mounting plugin ChaosClothEditor
LogPluginManager: Mounting plugin ChaosNiagara
LogPluginManager: Mounting plugin ChaosEditor
LogPluginManager: Mounting plugin ChaosSolverPlugin
LogPluginManager: Mounting plugin CharacterAI
LogPluginManager: Mounting plugin GeometryCache
LogPluginManager: Mounting plugin GeometryCollectionPlugin
LogPluginManager: Mounting plugin GeometryProcessing
LogPluginManager: Mounting plugin MotoSynth
LogPluginManager: Mounting plugin OpenImageDenoise
LogPluginManager: Mounting plugin PlanarCut
LogPluginManager: Mounting plugin PlatformCrypto
LogPluginManager: Mounting plugin ProxyLODPlugin
LogPluginManager: Mounting plugin PythonScriptPlugin
LogPluginManager: Mounting plugin SkeletalReduction
LogPluginManager: Mounting plugin Niagara
LogPluginManager: Mounting plugin LuminPlatformFeatures
LogPluginManager: Mounting plugin MagicLeap
LogPluginManager: Mounting plugin MagicLeapLightEstimation
LogPluginManager: Mounting plugin MagicLeapMedia
LogPluginManager: Mounting plugin MagicLeapPassableWorld
LogPluginManager: Mounting plugin MLSDK
LogPluginManager: Mounting plugin AndroidMedia
LogPluginManager: Mounting plugin AvfMedia
LogPluginManager: Mounting plugin ImgMedia
LogPluginManager: Mounting plugin MediaCompositing
LogPluginManager: Mounting plugin MediaPlayerEditor
LogPluginManager: Mounting plugin WebMMedia
LogPluginManager: Mounting plugin WmfMedia
LogPluginManager: Mounting plugin TcpMessaging
LogPluginManager: Mounting plugin UdpMessaging
LogPluginManager: Mounting plugin ActorSequence
LogPluginManager: Mounting plugin LevelSequenceEditor
LogPluginManager: Mounting plugin MatineeToLevelSequence
LogPluginManager: Mounting plugin TemplateSequence
LogPluginManager: Mounting plugin OnlineSubsystem
LogPluginManager: Mounting plugin OnlineSubsystemNull
LogPluginManager: Mounting plugin OnlineSubsystemSteam
LogPluginManager: Mounting plugin OnlineSubsystemUtils
LogPluginManager: Mounting plugin ActorLayerUtilities
LogPluginManager: Mounting plugin LauncherChunkInstaller
LogPluginManager: Mounting plugin AndroidDeviceProfileSelector
LogPluginManager: Mounting plugin AndroidMoviePlayer
LogPluginManager: Mounting plugin AndroidPermission
LogPluginManager: Mounting plugin AppleImageUtils
LogPluginManager: Mounting plugin AppleMoviePlayer
LogPluginManager: Mounting plugin ArchVisCharacter
LogPluginManager: Mounting plugin AssetTags
LogPluginManager: Mounting plugin AudioCapture
LogPluginManager: Mounting plugin AudioSynesthesia
LogPluginManager: Mounting plugin CableComponent
LogPluginManager: Mounting plugin ChunkDownloader
LogPluginManager: Mounting plugin CustomMeshComponent
LogPluginManager: Mounting plugin EditableMesh
LogPluginManager: Mounting plugin ExampleDeviceProfileSelector
LogPluginManager: Mounting plugin GoogleCloudMessaging
LogPluginManager: Mounting plugin GooglePAD
LogPluginManager: Mounting plugin IOSDeviceProfileSelector
LogPluginManager: Mounting plugin LinuxDeviceProfileSelector
LogPluginManager: Mounting plugin LocationServicesBPLibrary
LogPluginManager: Mounting plugin MobilePatchingUtils
LogPluginManager: Mounting plugin OpenXR
LogPluginManager: Mounting plugin OpenXREyeTracker
LogPluginManager: Mounting plugin OpenXRHandTracking
LogPluginManager: Mounting plugin PostSplashScreen
LogPluginManager: Mounting plugin ProceduralMeshComponent
LogPluginManager: Mounting plugin PropertyAccessEditor
LogPluginManager: Mounting plugin RuntimePhysXCooking
LogPluginManager: Mounting plugin SignificanceManager
LogPluginManager: Mounting plugin PhysXVehicles
LogPluginManager: Mounting plugin SoundFields
LogPluginManager: Mounting plugin Synthesis
LogPluginManager: Mounting plugin WebMMoviePlayer
LogPluginManager: Mounting plugin WindowsMoviePlayer
LogPluginManager: Mounting plugin ScreenshotTools
LogPluginManager: Mounting plugin Takes
LogPluginManager: Mounting plugin ContentBrowserClassDataSource
LogPluginManager: Mounting plugin ContentBrowserFileDataSource
LogPluginManager: Mounting plugin ContentBrowserAssetDataSource
LogPluginManager: Mounting plugin OnlineSubsystemGooglePlay
LogPluginManager: Mounting plugin OnlineSubsystemIOS
LogPluginManager: Mounting plugin OculusVR
LogPluginManager: Mounting plugin SteamShared
LogPluginManager: Mounting plugin SteamVR
LogPluginManager: Mounting plugin AdvancedSessions
LogPluginManager: Mounting plugin AdvancedSteamSessions
LogPluginManager: Mounting plugin VaRest
PixWinPlugin: PIX capture plugin failed to initialize! Check that the process is launched from PIX.
LogInit: Using libcurl 7.55.1-DEV
LogInit:  - built for x86_64-pc-win32
LogInit:  - supports SSL with OpenSSL/1.1.1
LogInit:  - supports HTTP deflate (compression) using libz 1.2.8
LogInit:  - other features:
LogInit:      CURL_VERSION_SSL
LogInit:      CURL_VERSION_LIBZ
LogInit:      CURL_VERSION_IPV6
LogInit:      CURL_VERSION_ASYNCHDNS
LogInit:      CURL_VERSION_LARGEFILE
LogInit:      CURL_VERSION_IDN
LogInit:  CurlRequestOptions (configurable via config and command line):
LogInit:  - bVerifyPeer = true  - Libcurl will verify peer certificate
LogInit:  - bUseHttpProxy = false  - Libcurl will NOT use HTTP proxy
LogInit:  - bDontReuseConnections = false  - Libcurl will reuse connections
LogInit:  - MaxHostConnections = 16  - Libcurl will limit the number of connections to a host
LogInit:  - LocalHostAddr = Default
LogInit:  - BufferSize = 65536
LogSteamShared: Display: Loading Steam SDK 1.51
LogSteamShared: Steam SDK Loaded!
LogOnline: OSS: Creating online subsystem instance for: Steam
LogOnline: STEAM: Steam User is subscribed 1
LogOnline: STEAM: [AppId: 1961460] Client API initialized 1
LogOnline: STEAM: [AppId: 1961460] Game Server API initialized 1
LogOnline: STEAM: Initializing SteamNetworking Layer
LogOnline: STEAM: Missing P2PCleanupTimeout key in OnlineSubsystemSteam of DefaultEngine.ini, using default
LogInit: WinSock: version 1.1 (2.2), MaxSocks=32767, MaxUdp=65467
LogOnline: OSS: TryLoadSubsystemAndSetDefault: Loaded subsystem for module [Steam]
LogOculusPluginWrapper: OculusPlugin initialized successfully
LogHMD: Failed initializing OVRPlugin 1.59.0
LogInit: Build: ++UE4+Release-4.27-CL-18319896
LogInit: Engine Version: 4.27.2-18319896+++UE4+Release-4.27
LogInit: Compatible Engine Version: 4.27.0-17155196+++UE4+Release-4.27
LogInit: Net CL: 17155196
LogInit: OS: Windows 10 (Release 2009) (), CPU: AMD Ryzen 3 3250U with Radeon Graphics         , GPU: AMD Radeon(TM) Graphics
LogInit: Compiled (64-bit): Nov 30 2021 07:12:08
LogInit: Compiled with Visual C++: 19.24.28315.00
LogInit: Build Configuration: Development
LogInit: Branch Name: ++UE4+Release-4.27
LogInit: Command Line:  /Game/Map/Main_Menu -game -PIEVIACONSOLE -Multiprocess GameUserSettingsINI=C:/LastStep/PROJECT-LAST-STEP/Playtime_Multiplayer/Saved/Config/Windows/PIEGameUserSettings0.ini -MultiprocessSaveConfig -forcepassthrough -messaging -SessionName="Play in Standalone Game" -windowed -ResX=1280 -ResY=720
LogInit: Base Directory: C:/Program Files/Epic Games/UE_4.27/Engine/Binaries/Win64/
LogInit: Allocator: TBB
LogInit: Installed Engine Build: 1
LogDevObjectVersion: Number of dev versions registered: 29
LogDevObjectVersion:   Dev-Blueprints (B0D832E4-1F89-4F0D-ACCF-7EB736FD4AA2): 10
LogDevObjectVersion:   Dev-Build (E1C64328-A22C-4D53-A36C-8E866417BD8C): 0
LogDevObjectVersion:   Dev-Core (375EC13C-06E4-48FB-B500-84F0262A717E): 4
LogDevObjectVersion:   Dev-Editor (E4B068ED-F494-42E9-A231-DA0B2E46BB41): 40
LogDevObjectVersion:   Dev-Framework (CFFC743F-43B0-4480-9391-14DF171D2073): 37
LogDevObjectVersion:   Dev-Mobile (B02B49B5-BB20-44E9-A304-32B752E40360): 3
LogDevObjectVersion:   Dev-Networking (A4E4105C-59A1-49B5-A7C5-40C4547EDFEE): 0
LogDevObjectVersion:   Dev-Online (39C831C9-5AE6-47DC-9A44-9C173E1C8E7C): 0
LogDevObjectVersion:   Dev-Physics (78F01B33-EBEA-4F98-B9B4-84EACCB95AA2): 14
LogDevObjectVersion:   Dev-Platform (6631380F-2D4D-43E0-8009-CF276956A95A): 0
LogDevObjectVersion:   Dev-Rendering (12F88B9F-8875-4AFC-A67C-D90C383ABD29): 45
LogDevObjectVersion:   Dev-Sequencer (7B5AE74C-D270-4C10-A958-57980B212A5A): 13
LogDevObjectVersion:   Dev-VR (D7296918-1DD6-4BDD-9DE2-64A83CC13884): 3
LogDevObjectVersion:   Dev-LoadTimes (C2A15278-BFE7-4AFE-6C17-90FF531DF755): 1
LogDevObjectVersion:   Private-Geometry (6EACA3D4-40EC-4CC1-B786-8BED09428FC5): 3
LogDevObjectVersion:   Dev-AnimPhys (29E575DD-E0A3-4627-9D10-D276232CDCEA): 17
LogDevObjectVersion:   Dev-Anim (AF43A65D-7FD3-4947-9873-3E8ED9C1BB05): 15
LogDevObjectVersion:   Dev-ReflectionCapture (6B266CEC-1EC7-4B8F-A30B-E4D90942FC07): 1
LogDevObjectVersion:   Dev-Automation (0DF73D61-A23F-47EA-B727-89E90C41499A): 1
LogDevObjectVersion:   FortniteMain (601D1886-AC64-4F84-AA16-D3DE0DEAC7D6): 47
LogDevObjectVersion:   FortniteRelease (E7086368-6B23-4C58-8439-1B7016265E91): 1
LogDevObjectVersion:   Dev-Enterprise (9DFFBCD6-494F-0158-E221-12823C92A888): 10
LogDevObjectVersion:   Dev-Niagara (F2AED0AC-9AFE-416F-8664-AA7FFA26D6FC): 1
LogDevObjectVersion:   Dev-Destruction (174F1F0B-B4C6-45A5-B13F-2EE8D0FB917D): 10
LogDevObjectVersion:   Dev-Physics-Ext (35F94A83-E258-406C-A318-09F59610247C): 41
LogDevObjectVersion:   Dev-PhysicsMaterial-Chaos (B68FC16E-8B1B-42E2-B453-215C058844FE): 1
LogDevObjectVersion:   Dev-CineCamera (B2E18506-4273-CFC2-A54E-F4BB758BBA07): 1
LogDevObjectVersion:   Dev-VirtualProduction (64F58936-FD1B-42BA-BA96-7289D5D0FA4E): 1
LogDevObjectVersion:   Dev-MediaFramework (6F0ED827-A609-4895-9C91-998D90180EA4): 2
LogLinker: AddRedirectList(C:/LastStep/PROJECT-LAST-STEP/Playtime_Multiplayer/Saved/Config/Windows/VaRest.ini) has substring redirect /VaRestPlugin/, these are very slow and should be resolved as soon as possible!
LogInit: Presizing for max 25165824 objects, including 0 objects not considered by GC, pre-allocating 0 bytes for permanent pool.
LogConfig: Applying CVar settings from Section [/Script/Engine.StreamingSettings] File [C:/LastStep/PROJECT-LAST-STEP/Playtime_Multiplayer/Saved/Config/Windows/Engine.ini]
LogConfig: Setting CVar [[s.MinBulkDataSizeForAsyncLoading:131072]]
LogConfig: Setting CVar [[s.AsyncLoadingThreadEnabled:0]]
LogConfig: Setting CVar [[s.EventDrivenLoaderEnabled:1]]
LogConfig: Setting CVar [[s.WarnIfTimeLimitExceeded:0]]
LogConfig: Setting CVar [[s.TimeLimitExceededMultiplier:1.5]]
LogConfig: Setting CVar [[s.TimeLimitExceededMinTime:0.005]]
LogConfig: Setting CVar [[s.UseBackgroundLevelStreaming:1]]
LogConfig: Setting CVar [[s.PriorityAsyncLoadingExtraTime:15.0]]
LogConfig: Setting CVar [[s.LevelStreamingActorsUpdateTimeLimit:5.0]]
LogConfig: Setting CVar [[s.PriorityLevelStreamingActorsUpdateExtraTime:5.0]]
LogConfig: Setting CVar [[s.LevelStreamingComponentsRegistrationGranularity:10]]
LogConfig: Setting CVar [[s.UnregisterComponentsTimeLimit:1.0]]
LogConfig: Setting CVar [[s.LevelStreamingComponentsUnregistrationGranularity:5]]
LogConfig: Setting CVar [[s.FlushStreamingOnExit:1]]
LogInit: Object subsystem initialized
LogConfig: Setting CVar [[con.DebugEarlyDefault:1]]
LogConfig: Setting CVar [[r.setres:1280x720]]
[2026.04.26-10.29.21:871][  0]LogConfig: Setting CVar [[con.DebugEarlyDefault:1]]
[2026.04.26-10.29.21:871][  0]LogConfig: Setting CVar [[r.setres:1280x720]]
[2026.04.26-10.29.21:871][  0]LogConfig: Applying CVar settings from Section [/Script/Engine.RendererSettings] File [C:/LastStep/PROJECT-LAST-STEP/Playtime_Multiplayer/Saved/Config/Windows/Engine.ini]
[2026.04.26-10.29.21:871][  0]LogConfig: Setting CVar [[r.GPUCrashDebugging:0]]
[2026.04.26-10.29.21:871][  0]LogConfig: Applying CVar settings from Section [/Script/Engine.RendererOverrideSettings] File [C:/LastStep/PROJECT-LAST-STEP/Playtime_Multiplayer/Saved/Config/Windows/Engine.ini]
[2026.04.26-10.29.21:871][  0]LogConfig: Applying CVar settings from Section [/Script/Engine.StreamingSettings] File [C:/LastStep/PROJECT-LAST-STEP/Playtime_Multiplayer/Saved/Config/Windows/Engine.ini]
[2026.04.26-10.29.21:871][  0]LogConfig: Setting CVar [[s.MinBulkDataSizeForAsyncLoading:131072]]
[2026.04.26-10.29.21:871][  0]LogConfig: Setting CVar [[s.AsyncLoadingThreadEnabled:0]]
[2026.04.26-10.29.21:871][  0]LogConfig: Setting CVar [[s.EventDrivenLoaderEnabled:1]]
[2026.04.26-10.29.21:871][  0]LogConfig: Setting CVar [[s.WarnIfTimeLimitExceeded:0]]
[2026.04.26-10.29.21:871][  0]LogConfig: Setting CVar [[s.TimeLimitExceededMultiplier:1.5]]
[2026.04.26-10.29.21:871][  0]LogConfig: Setting CVar [[s.TimeLimitExceededMinTime:0.005]]
[2026.04.26-10.29.21:871][  0]LogConfig: Setting CVar [[s.UseBackgroundLevelStreaming:1]]
[2026.04.26-10.29.21:871][  0]LogConfig: Setting CVar [[s.PriorityAsyncLoadingExtraTime:15.0]]
[2026.04.26-10.29.21:871][  0]LogConfig: Setting CVar [[s.LevelStreamingActorsUpdateTimeLimit:5.0]]
[2026.04.26-10.29.21:871][  0]LogConfig: Setting CVar [[s.PriorityLevelStreamingActorsUpdateExtraTime:5.0]]
[2026.04.26-10.29.21:871][  0]LogConfig: Setting CVar [[s.LevelStreamingComponentsRegistrationGranularity:10]]
[2026.04.26-10.29.21:871][  0]LogConfig: Setting CVar [[s.UnregisterComponentsTimeLimit:1.0]]
[2026.04.26-10.29.21:871][  0]LogConfig: Setting CVar [[s.LevelStreamingComponentsUnregistrationGranularity:5]]
[2026.04.26-10.29.21:871][  0]LogConfig: Setting CVar [[s.FlushStreamingOnExit:1]]
[2026.04.26-10.29.21:871][  0]LogConfig: Applying CVar settings from Section [/Script/Engine.GarbageCollectionSettings] File [C:/LastStep/PROJECT-LAST-STEP/Playtime_Multiplayer/Saved/Config/Windows/Engine.ini]
[2026.04.26-10.29.21:871][  0]LogConfig: Setting CVar [[gc.MaxObjectsNotConsideredByGC:1]]
[2026.04.26-10.29.21:871][  0]LogConfig: Setting CVar [[gc.SizeOfPermanentObjectPool:0]]
[2026.04.26-10.29.21:871][  0]LogConfig: Setting CVar [[gc.FlushStreamingOnGC:0]]
[2026.04.26-10.29.21:871][  0]LogConfig: Setting CVar [[gc.NumRetriesBeforeForcingGC:10]]
[2026.04.26-10.29.21:871][  0]LogConfig: Setting CVar [[gc.AllowParallelGC:1]]
[2026.04.26-10.29.21:871][  0]LogConfig: Setting CVar [[gc.TimeBetweenPurgingPendingKillObjects:61.1]]
[2026.04.26-10.29.21:871][  0]LogConfig: Setting CVar [[gc.MaxObjectsInEditor:25165824]]
[2026.04.26-10.29.21:871][  0]LogConfig: Setting CVar [[gc.IncrementalBeginDestroyEnabled:1]]
[2026.04.26-10.29.21:872][  0]LogConfig: Setting CVar [[gc.CreateGCClusters:1]]
[2026.04.26-10.29.21:872][  0]LogConfig: Setting CVar [[gc.MinGCClusterSize:5]]
[2026.04.26-10.29.21:872][  0]LogConfig: Setting CVar [[gc.ActorClusteringEnabled:0]]
[2026.04.26-10.29.21:872][  0]LogConfig: Setting CVar [[gc.BlueprintClusteringEnabled:0]]
[2026.04.26-10.29.21:872][  0]LogConfig: Setting CVar [[gc.UseDisregardForGCOnDedicatedServers:0]]
[2026.04.26-10.29.21:872][  0]LogConfig: Setting CVar [[gc.MultithreadedDestructionEnabled:1]]
[2026.04.26-10.29.21:872][  0]LogConfig: Applying CVar settings from Section [/Script/Engine.NetworkSettings] File [C:/LastStep/PROJECT-LAST-STEP/Playtime_Multiplayer/Saved/Config/Windows/Engine.ini]
[2026.04.26-10.29.21:872][  0]LogConfig: Applying CVar settings from Section [/Script/UnrealEd.CookerSettings] File [C:/LastStep/PROJECT-LAST-STEP/Playtime_Multiplayer/Saved/Config/Windows/Engine.ini]
[2026.04.26-10.29.21:882][  0]LogConfig: Applying CVar settings from Section [ViewDistanceQuality@3] File [C:/LastStep/PROJECT-LAST-STEP/Playtime_Multiplayer/Saved/Config/Windows/Scalability.ini]
[2026.04.26-10.29.21:882][  0]LogConfig: Setting CVar [[r.SkeletalMeshLODBias:0]]
[2026.04.26-10.29.21:882][  0]LogConfig: Setting CVar [[r.ViewDistanceScale:1.0]]
[2026.04.26-10.29.21:882][  0]LogConfig: Applying CVar settings from Section [AntiAliasingQuality@3] File [C:/LastStep/PROJECT-LAST-STEP/Playtime_Multiplayer/Saved/Config/Windows/Scalability.ini]
[2026.04.26-10.29.21:882][  0]LogConfig: Setting CVar [[r.PostProcessAAQuality:4]]
[2026.04.26-10.29.21:882][  0]LogConfig: Applying CVar settings from Section [ShadowQuality@3] File [C:/LastStep/PROJECT-LAST-STEP/Playtime_Multiplayer/Saved/Config/Windows/Scalability.ini]
[2026.04.26-10.29.21:882][  0]LogConfig: Setting CVar [[r.LightFunctionQuality:1]]
[2026.04.26-10.29.21:882][  0]LogConfig: Setting CVar [[r.ShadowQuality:5]]
[2026.04.26-10.29.21:882][  0]LogConfig: Setting CVar [[r.Shadow.CSM.MaxCascades:10]]
[2026.04.26-10.29.21:882][  0]LogConfig: Setting CVar [[r.Shadow.MaxResolution:2048]]
[2026.04.26-10.29.21:883][  0]LogConfig: Setting CVar [[r.Shadow.MaxCSMResolution:2048]]
[2026.04.26-10.29.21:883][  0]LogConfig: Setting CVar [[r.Shadow.RadiusThreshold:0.01]]
[2026.04.26-10.29.21:883][  0]LogConfig: Setting CVar [[r.Shadow.DistanceScale:1.0]]
[2026.04.26-10.29.21:883][  0]LogConfig: Setting CVar [[r.Shadow.CSM.TransitionScale:1.0]]
[2026.04.26-10.29.21:883][  0]LogConfig: Setting CVar [[r.Shadow.PreShadowResolutionFactor:1.0]]
[2026.04.26-10.29.21:883][  0]LogConfig: Setting CVar [[r.DistanceFieldShadowing:1]]
[2026.04.26-10.29.21:883][  0]LogConfig: Setting CVar [[r.DistanceFieldAO:1]]
[2026.04.26-10.29.21:883][  0]LogConfig: Setting CVar [[r.AOQuality:2]]
[2026.04.26-10.29.21:883][  0]LogConfig: Setting CVar [[r.VolumetricFog:1]]
[2026.04.26-10.29.21:883][  0]LogConfig: Setting CVar [[r.VolumetricFog.GridPixelSize:8]]
[2026.04.26-10.29.21:883][  0]LogConfig: Setting CVar [[r.VolumetricFog.GridSizeZ:128]]
[2026.04.26-10.29.21:883][  0]LogConfig: Setting CVar [[r.VolumetricFog.HistoryMissSupersampleCount:4]]
[2026.04.26-10.29.21:883][  0]LogConfig: Setting CVar [[r.LightMaxDrawDistanceScale:1]]
[2026.04.26-10.29.21:883][  0]LogConfig: Setting CVar [[r.CapsuleShadows:1]]
[2026.04.26-10.29.21:883][  0]LogConfig: Applying CVar settings from Section [PostProcessQuality@3] File [C:/LastStep/PROJECT-LAST-STEP/Playtime_Multiplayer/Saved/Config/Windows/Scalability.ini]
[2026.04.26-10.29.21:883][  0]LogConfig: Setting CVar [[r.MotionBlurQuality:4]]
[2026.04.26-10.29.21:883][  0]LogConfig: Setting CVar [[r.AmbientOcclusionMipLevelFactor:0.4]]
[2026.04.26-10.29.21:883][  0]LogConfig: Setting CVar [[r.AmbientOcclusionMaxQuality:100]]
[2026.04.26-10.29.21:883][  0]LogConfig: Setting CVar [[r.AmbientOcclusionLevels:-1]]
[2026.04.26-10.29.21:883][  0]LogConfig: Setting CVar [[r.AmbientOcclusionRadiusScale:1.0]]
[2026.04.26-10.29.21:883][  0]LogConfig: Setting CVar [[r.DepthOfFieldQuality:2]]
[2026.04.26-10.29.21:883][  0]LogConfig: Setting CVar [[r.RenderTargetPoolMin:400]]
[2026.04.26-10.29.21:883][  0]LogConfig: Setting CVar [[r.LensFlareQuality:2]]
[2026.04.26-10.29.21:883][  0]LogConfig: Setting CVar [[r.SceneColorFringeQuality:1]]
[2026.04.26-10.29.21:883][  0]LogConfig: Setting CVar [[r.EyeAdaptationQuality:2]]
[2026.04.26-10.29.21:883][  0]LogConfig: Setting CVar [[r.BloomQuality:5]]
[2026.04.26-10.29.21:883][  0]LogConfig: Setting CVar [[r.FastBlurThreshold:100]]
[2026.04.26-10.29.21:883][  0]LogConfig: Setting CVar [[r.Upscale.Quality:3]]
[2026.04.26-10.29.21:883][  0]LogConfig: Setting CVar [[r.Tonemapper.GrainQuantization:1]]
[2026.04.26-10.29.21:883][  0]LogConfig: Setting CVar [[r.LightShaftQuality:1]]
[2026.04.26-10.29.21:883][  0]LogConfig: Setting CVar [[r.Filter.SizeScale:1]]
[2026.04.26-10.29.21:883][  0]LogConfig: Setting CVar [[r.Tonemapper.Quality:5]]
[2026.04.26-10.29.21:883][  0]LogConfig: Setting CVar [[r.DOF.Gather.AccumulatorQuality:1        ; higher gathering accumulator quality]]
[2026.04.26-10.29.21:883][  0]LogConfig: Setting CVar [[r.DOF.Gather.PostfilterMethod:1          ; Median3x3 postfilering method]]
[2026.04.26-10.29.21:883][  0]LogConfig: Setting CVar [[r.DOF.Gather.EnableBokehSettings:0       ; no bokeh simulation when gathering]]
[2026.04.26-10.29.21:883][  0]LogConfig: Setting CVar [[r.DOF.Gather.RingCount:4                 ; medium number of samples when gathering]]
[2026.04.26-10.29.21:883][  0]LogConfig: Setting CVar [[r.DOF.Scatter.ForegroundCompositing:1    ; additive foreground scattering]]
[2026.04.26-10.29.21:883][  0]LogConfig: Setting CVar [[r.DOF.Scatter.BackgroundCompositing:2    ; additive background scattering]]
[2026.04.26-10.29.21:883][  0]LogConfig: Setting CVar [[r.DOF.Scatter.EnableBokehSettings:1      ; bokeh simulation when scattering]]
[2026.04.26-10.29.21:883][  0]LogConfig: Setting CVar [[r.DOF.Scatter.MaxSpriteRatio:0.1         ; only a maximum of 10% of scattered bokeh]]
[2026.04.26-10.29.21:883][  0]LogConfig: Setting CVar [[r.DOF.Recombine.Quality:1                ; cheap slight out of focus]]
[2026.04.26-10.29.21:883][  0]LogConfig: Setting CVar [[r.DOF.Recombine.EnableBokehSettings:0    ; no bokeh simulation on slight out of focus]]
[2026.04.26-10.29.21:883][  0]LogConfig: Setting CVar [[r.DOF.TemporalAAQuality:1                ; more stable temporal accumulation]]
[2026.04.26-10.29.21:883][  0]LogConfig: Setting CVar [[r.DOF.Kernel.MaxForegroundRadius:0.025]]
[2026.04.26-10.29.21:883][  0]LogConfig: Setting CVar [[r.DOF.Kernel.MaxBackgroundRadius:0.025]]
[2026.04.26-10.29.21:883][  0]LogConfig: Applying CVar settings from Section [TextureQuality@3] File [C:/LastStep/PROJECT-LAST-STEP/Playtime_Multiplayer/Saved/Config/Windows/Scalability.ini]
[2026.04.26-10.29.21:883][  0]LogConfig: Setting CVar [[r.Streaming.MipBias:0]]
[2026.04.26-10.29.21:883][  0]LogConfig: Setting CVar [[r.Streaming.AmortizeCPUToGPUCopy:0]]
[2026.04.26-10.29.21:883][  0]LogConfig: Setting CVar [[r.Streaming.MaxNumTexturesToStreamPerFrame:0]]
[2026.04.26-10.29.21:883][  0]LogConfig: Setting CVar [[r.Streaming.Boost:1]]
[2026.04.26-10.29.21:883][  0]LogConfig: Setting CVar [[r.MaxAnisotropy:8]]
[2026.04.26-10.29.21:883][  0]LogConfig: Setting CVar [[r.VT.MaxAnisotropy:8]]
[2026.04.26-10.29.21:883][  0]LogConfig: Setting CVar [[r.Streaming.LimitPoolSizeToVRAM:0]]
[2026.04.26-10.29.21:883][  0]LogConfig: Setting CVar [[r.Streaming.PoolSize:1000]]
[2026.04.26-10.29.21:883][  0]LogConfig: Setting CVar [[r.Streaming.MaxEffectiveScreenSize:0]]
[2026.04.26-10.29.21:883][  0]LogConfig: Applying CVar settings from Section [EffectsQuality@3] File [C:/LastStep/PROJECT-LAST-STEP/Playtime_Multiplayer/Saved/Config/Windows/Scalability.ini]
[2026.04.26-10.29.21:883][  0]LogConfig: Setting CVar [[r.TranslucencyLightingVolumeDim:64]]
[2026.04.26-10.29.21:883][  0]LogConfig: Setting CVar [[r.RefractionQuality:2]]
[2026.04.26-10.29.21:883][  0]LogConfig: Setting CVar [[r.SSR.Quality:3]]
[2026.04.26-10.29.21:883][  0]LogConfig: Setting CVar [[r.SSR.HalfResSceneColor:0]]
[2026.04.26-10.29.21:883][  0]LogConfig: Setting CVar [[r.SceneColorFormat:4]]
[2026.04.26-10.29.21:883][  0]LogConfig: Setting CVar [[r.DetailMode:2]]
[2026.04.26-10.29.21:883][  0]LogConfig: Setting CVar [[r.TranslucencyVolumeBlur:1]]
[2026.04.26-10.29.21:883][  0]LogConfig: Setting CVar [[r.MaterialQualityLevel:1 ; High quality]]
[2026.04.26-10.29.21:883][  0]LogConfig: Setting CVar [[r.AnisotropicMaterials:1]]
[2026.04.26-10.29.21:883][  0]LogConfig: Setting CVar [[r.SSS.Scale:1]]
[2026.04.26-10.29.21:883][  0]LogConfig: Setting CVar [[r.SSS.SampleSet:2]]
[2026.04.26-10.29.21:883][  0]LogConfig: Setting CVar [[r.SSS.Quality:1]]
[2026.04.26-10.29.21:883][  0]LogConfig: Setting CVar [[r.SSS.HalfRes:0]]
[2026.04.26-10.29.21:883][  0]LogConfig: Setting CVar [[r.SSGI.Quality:3]]
[2026.04.26-10.29.21:883][  0]LogConfig: Setting CVar [[r.EmitterSpawnRateScale:1.0]]
[2026.04.26-10.29.21:884][  0]LogConfig: Setting CVar [[r.ParticleLightQuality:2]]
[2026.04.26-10.29.21:884][  0]LogConfig: Setting CVar [[r.SkyAtmosphere.AerialPerspectiveLUT.FastApplyOnOpaque:1 ; Always have FastSkyLUT 1 in this case to avoid wrong sky]]
[2026.04.26-10.29.21:884][  0]LogConfig: Setting CVar [[r.SkyAtmosphere.AerialPerspectiveLUT.SampleCountMaxPerSlice:4]]
[2026.04.26-10.29.21:884][  0]LogConfig: Setting CVar [[r.SkyAtmosphere.AerialPerspectiveLUT.DepthResolution:16.0]]
[2026.04.26-10.29.21:884][  0]LogConfig: Setting CVar [[r.SkyAtmosphere.FastSkyLUT:1]]
[2026.04.26-10.29.21:884][  0]LogConfig: Setting CVar [[r.SkyAtmosphere.FastSkyLUT.SampleCountMin:4.0]]
[2026.04.26-10.29.21:884][  0]LogConfig: Setting CVar [[r.SkyAtmosphere.FastSkyLUT.SampleCountMax:128.0]]
[2026.04.26-10.29.21:884][  0]LogConfig: Setting CVar [[r.SkyAtmosphere.SampleCountMin:4.0]]
[2026.04.26-10.29.21:884][  0]LogConfig: Setting CVar [[r.SkyAtmosphere.SampleCountMax:128.0]]
[2026.04.26-10.29.21:884][  0]LogConfig: Setting CVar [[r.SkyAtmosphere.TransmittanceLUT.UseSmallFormat:0]]
[2026.04.26-10.29.21:884][  0]LogConfig: Setting CVar [[r.SkyAtmosphere.TransmittanceLUT.SampleCount:10.0]]
[2026.04.26-10.29.21:884][  0]LogConfig: Setting CVar [[r.SkyAtmosphere.MultiScatteringLUT.SampleCount:15.0]]
[2026.04.26-10.29.21:884][  0]LogConfig: Setting CVar [[r.SkyLight.RealTimeReflectionCapture:1]]
[2026.04.26-10.29.21:884][  0]LogConfig: Applying CVar settings from Section [FoliageQuality@3] File [C:/LastStep/PROJECT-LAST-STEP/Playtime_Multiplayer/Saved/Config/Windows/Scalability.ini]
[2026.04.26-10.29.21:884][  0]LogConfig: Setting CVar [[foliage.DensityScale:1.0]]
[2026.04.26-10.29.21:884][  0]LogConfig: Setting CVar [[grass.DensityScale:1.0]]
[2026.04.26-10.29.21:884][  0]LogConfig: Applying CVar settings from Section [ShadingQuality@3] File [C:/LastStep/PROJECT-LAST-STEP/Playtime_Multiplayer/Saved/Config/Windows/Scalability.ini]
[2026.04.26-10.29.21:884][  0]LogConfig: Setting CVar [[r.HairStrands.SkyLighting.IntegrationType:2]]
[2026.04.26-10.29.21:884][  0]LogConfig: Setting CVar [[r.HairStrands.SkyAO.SampleCount:4]]
[2026.04.26-10.29.21:884][  0]LogConfig: Setting CVar [[r.HairStrands.Visibility.MSAA.SamplePerPixel:4]]
[2026.04.26-10.29.21:884][  0]LogInit: Selected Device Profile: [Windows]
[2026.04.26-10.29.21:885][  0]LogInit: Applying CVar settings loaded from the selected device profile: [Windows]
[2026.04.26-10.29.21:885][  0]LogHAL: Display: Platform has ~ 6 GB [6358228992 / 8589934592 / 6], which maps to Smaller [LargestMinGB=32, LargerMinGB=12, DefaultMinGB=8, SmallerMinGB=6, SmallestMinGB=0)
[2026.04.26-10.29.21:885][  0]LogInit: Going up to parent DeviceProfile []
[2026.04.26-10.29.21:885][  0]LogConfig: Applying CVar settings from Section [ViewDistanceQuality@3] File [C:/LastStep/PROJECT-LAST-STEP/Playtime_Multiplayer/Saved/Config/Windows/Scalability.ini]
[2026.04.26-10.29.21:885][  0]LogConfig: Setting CVar [[r.SkeletalMeshLODBias:0]]
[2026.04.26-10.29.21:885][  0]LogConfig: Setting CVar [[r.ViewDistanceScale:1.0]]
[2026.04.26-10.29.21:885][  0]LogConfig: Applying CVar settings from Section [AntiAliasingQuality@3] File [C:/LastStep/PROJECT-LAST-STEP/Playtime_Multiplayer/Saved/Config/Windows/Scalability.ini]
[2026.04.26-10.29.21:885][  0]LogConfig: Setting CVar [[r.PostProcessAAQuality:4]]
[2026.04.26-10.29.21:885][  0]LogConfig: Applying CVar settings from Section [ShadowQuality@3] File [C:/LastStep/PROJECT-LAST-STEP/Playtime_Multiplayer/Saved/Config/Windows/Scalability.ini]
[2026.04.26-10.29.21:885][  0]LogConfig: Setting CVar [[r.LightFunctionQuality:1]]
[2026.04.26-10.29.21:885][  0]LogConfig: Setting CVar [[r.ShadowQuality:5]]
[2026.04.26-10.29.21:885][  0]LogConfig: Setting CVar [[r.Shadow.CSM.MaxCascades:10]]
[2026.04.26-10.29.21:885][  0]LogConfig: Setting CVar [[r.Shadow.MaxResolution:2048]]
[2026.04.26-10.29.21:885][  0]LogConfig: Setting CVar [[r.Shadow.MaxCSMResolution:2048]]
[2026.04.26-10.29.21:885][  0]LogConfig: Setting CVar [[r.Shadow.RadiusThreshold:0.01]]
[2026.04.26-10.29.21:885][  0]LogConfig: Setting CVar [[r.Shadow.DistanceScale:1.0]]
[2026.04.26-10.29.21:885][  0]LogConfig: Setting CVar [[r.Shadow.CSM.TransitionScale:1.0]]
[2026.04.26-10.29.21:885][  0]LogConfig: Setting CVar [[r.Shadow.PreShadowResolutionFactor:1.0]]
[2026.04.26-10.29.21:885][  0]LogConfig: Setting CVar [[r.DistanceFieldShadowing:1]]
[2026.04.26-10.29.21:885][  0]LogConfig: Setting CVar [[r.DistanceFieldAO:1]]
[2026.04.26-10.29.21:885][  0]LogConfig: Setting CVar [[r.AOQuality:2]]
[2026.04.26-10.29.21:885][  0]LogConfig: Setting CVar [[r.VolumetricFog:1]]
[2026.04.26-10.29.21:885][  0]LogConfig: Setting CVar [[r.VolumetricFog.GridPixelSize:8]]
[2026.04.26-10.29.21:885][  0]LogConfig: Setting CVar [[r.VolumetricFog.GridSizeZ:128]]
[2026.04.26-10.29.21:885][  0]LogConfig: Setting CVar [[r.VolumetricFog.HistoryMissSupersampleCount:4]]
[2026.04.26-10.29.21:885][  0]LogConfig: Setting CVar [[r.LightMaxDrawDistanceScale:1]]
[2026.04.26-10.29.21:885][  0]LogConfig: Setting CVar [[r.CapsuleShadows:1]]
[2026.04.26-10.29.21:885][  0]LogConfig: Applying CVar settings from Section [PostProcessQuality@3] File [C:/LastStep/PROJECT-LAST-STEP/Playtime_Multiplayer/Saved/Config/Windows/Scalability.ini]
[2026.04.26-10.29.21:885][  0]LogConfig: Setting CVar [[r.MotionBlurQuality:4]]
[2026.04.26-10.29.21:885][  0]LogConfig: Setting CVar [[r.AmbientOcclusionMipLevelFactor:0.4]]
[2026.04.26-10.29.21:885][  0]LogConfig: Setting CVar [[r.AmbientOcclusionMaxQuality:100]]
[2026.04.26-10.29.21:885][  0]LogConfig: Setting CVar [[r.AmbientOcclusionLevels:-1]]
[2026.04.26-10.29.21:885][  0]LogConfig: Setting CVar [[r.AmbientOcclusionRadiusScale:1.0]]
[2026.04.26-10.29.21:885][  0]LogConfig: Setting CVar [[r.DepthOfFieldQuality:2]]
[2026.04.26-10.29.21:885][  0]LogConfig: Setting CVar [[r.RenderTargetPoolMin:400]]
[2026.04.26-10.29.21:885][  0]LogConfig: Setting CVar [[r.LensFlareQuality:2]]
[2026.04.26-10.29.21:885][  0]LogConfig: Setting CVar [[r.SceneColorFringeQuality:1]]
[2026.04.26-10.29.21:885][  0]LogConfig: Setting CVar [[r.EyeAdaptationQuality:2]]
[2026.04.26-10.29.21:885][  0]LogConfig: Setting CVar [[r.BloomQuality:5]]
[2026.04.26-10.29.21:885][  0]LogConfig: Setting CVar [[r.FastBlurThreshold:100]]
[2026.04.26-10.29.21:886][  0]LogConfig: Setting CVar [[r.Upscale.Quality:3]]
[2026.04.26-10.29.21:886][  0]LogConfig: Setting CVar [[r.Tonemapper.GrainQuantization:1]]
[2026.04.26-10.29.21:886][  0]LogConfig: Setting CVar [[r.LightShaftQuality:1]]
[2026.04.26-10.29.21:886][  0]LogConfig: Setting CVar [[r.Filter.SizeScale:1]]
[2026.04.26-10.29.21:886][  0]LogConfig: Setting CVar [[r.Tonemapper.Quality:5]]
[2026.04.26-10.29.21:886][  0]LogConfig: Setting CVar [[r.DOF.Gather.AccumulatorQuality:1        ; higher gathering accumulator quality]]
[2026.04.26-10.29.21:886][  0]LogConfig: Setting CVar [[r.DOF.Gather.PostfilterMethod:1          ; Median3x3 postfilering method]]
[2026.04.26-10.29.21:886][  0]LogConfig: Setting CVar [[r.DOF.Gather.EnableBokehSettings:0       ; no bokeh simulation when gathering]]
[2026.04.26-10.29.21:886][  0]LogConfig: Setting CVar [[r.DOF.Gather.RingCount:4                 ; medium number of samples when gathering]]
[2026.04.26-10.29.21:886][  0]LogConfig: Setting CVar [[r.DOF.Scatter.ForegroundCompositing:1    ; additive foreground scattering]]
[2026.04.26-10.29.21:886][  0]LogConfig: Setting CVar [[r.DOF.Scatter.BackgroundCompositing:2    ; additive background scattering]]
[2026.04.26-10.29.21:886][  0]LogConfig: Setting CVar [[r.DOF.Scatter.EnableBokehSettings:1      ; bokeh simulation when scattering]]
[2026.04.26-10.29.21:886][  0]LogConfig: Setting CVar [[r.DOF.Scatter.MaxSpriteRatio:0.1         ; only a maximum of 10% of scattered bokeh]]
[2026.04.26-10.29.21:886][  0]LogConfig: Setting CVar [[r.DOF.Recombine.Quality:1                ; cheap slight out of focus]]
[2026.04.26-10.29.21:886][  0]LogConfig: Setting CVar [[r.DOF.Recombine.EnableBokehSettings:0    ; no bokeh simulation on slight out of focus]]
[2026.04.26-10.29.21:886][  0]LogConfig: Setting CVar [[r.DOF.TemporalAAQuality:1                ; more stable temporal accumulation]]
[2026.04.26-10.29.21:886][  0]LogConfig: Setting CVar [[r.DOF.Kernel.MaxForegroundRadius:0.025]]
[2026.04.26-10.29.21:886][  0]LogConfig: Setting CVar [[r.DOF.Kernel.MaxBackgroundRadius:0.025]]
[2026.04.26-10.29.21:886][  0]LogConfig: Applying CVar settings from Section [TextureQuality@3] File [C:/LastStep/PROJECT-LAST-STEP/Playtime_Multiplayer/Saved/Config/Windows/Scalability.ini]
[2026.04.26-10.29.21:886][  0]LogConfig: Setting CVar [[r.Streaming.MipBias:0]]
[2026.04.26-10.29.21:886][  0]LogConfig: Setting CVar [[r.Streaming.AmortizeCPUToGPUCopy:0]]
[2026.04.26-10.29.21:886][  0]LogConfig: Setting CVar [[r.Streaming.MaxNumTexturesToStreamPerFrame:0]]
[2026.04.26-10.29.21:886][  0]LogConfig: Setting CVar [[r.Streaming.Boost:1]]
[2026.04.26-10.29.21:886][  0]LogConfig: Setting CVar [[r.MaxAnisotropy:8]]
[2026.04.26-10.29.21:886][  0]LogConfig: Setting CVar [[r.VT.MaxAnisotropy:8]]
[2026.04.26-10.29.21:886][  0]LogConfig: Setting CVar [[r.Streaming.LimitPoolSizeToVRAM:0]]
[2026.04.26-10.29.21:886][  0]LogConfig: Setting CVar [[r.Streaming.PoolSize:1000]]
[2026.04.26-10.29.21:886][  0]LogConfig: Setting CVar [[r.Streaming.MaxEffectiveScreenSize:0]]
[2026.04.26-10.29.21:886][  0]LogConfig: Applying CVar settings from Section [EffectsQuality@3] File [C:/LastStep/PROJECT-LAST-STEP/Playtime_Multiplayer/Saved/Config/Windows/Scalability.ini]
[2026.04.26-10.29.21:886][  0]LogConfig: Setting CVar [[r.TranslucencyLightingVolumeDim:64]]
[2026.04.26-10.29.21:886][  0]LogConfig: Setting CVar [[r.RefractionQuality:2]]
[2026.04.26-10.29.21:886][  0]LogConfig: Setting CVar [[r.SSR.Quality:3]]
[2026.04.26-10.29.21:886][  0]LogConfig: Setting CVar [[r.SSR.HalfResSceneColor:0]]
[2026.04.26-10.29.21:886][  0]LogConfig: Setting CVar [[r.SceneColorFormat:4]]
[2026.04.26-10.29.21:886][  0]LogConfig: Setting CVar [[r.DetailMode:2]]
[2026.04.26-10.29.21:886][  0]LogConfig: Setting CVar [[r.TranslucencyVolumeBlur:1]]
[2026.04.26-10.29.21:886][  0]LogConfig: Setting CVar [[r.MaterialQualityLevel:1 ; High quality]]
[2026.04.26-10.29.21:886][  0]LogConfig: Setting CVar [[r.AnisotropicMaterials:1]]
[2026.04.26-10.29.21:886][  0]LogConfig: Setting CVar [[r.SSS.Scale:1]]
[2026.04.26-10.29.21:887][  0]LogConfig: Setting CVar [[r.SSS.SampleSet:2]]
[2026.04.26-10.29.21:887][  0]LogConfig: Setting CVar [[r.SSS.Quality:1]]
[2026.04.26-10.29.21:887][  0]LogConfig: Setting CVar [[r.SSS.HalfRes:0]]
[2026.04.26-10.29.21:887][  0]LogConfig: Setting CVar [[r.SSGI.Quality:3]]
[2026.04.26-10.29.21:887][  0]LogConfig: Setting CVar [[r.EmitterSpawnRateScale:1.0]]
[2026.04.26-10.29.21:887][  0]LogConfig: Setting CVar [[r.ParticleLightQuality:2]]
[2026.04.26-10.29.21:887][  0]LogConfig: Setting CVar [[r.SkyAtmosphere.AerialPerspectiveLUT.FastApplyOnOpaque:1 ; Always have FastSkyLUT 1 in this case to avoid wrong sky]]
[2026.04.26-10.29.21:887][  0]LogConfig: Setting CVar [[r.SkyAtmosphere.AerialPerspectiveLUT.SampleCountMaxPerSlice:4]]
[2026.04.26-10.29.21:887][  0]LogConfig: Setting CVar [[r.SkyAtmosphere.AerialPerspectiveLUT.DepthResolution:16.0]]
[2026.04.26-10.29.21:887][  0]LogConfig: Setting CVar [[r.SkyAtmosphere.FastSkyLUT:1]]
[2026.04.26-10.29.21:887][  0]LogConfig: Setting CVar [[r.SkyAtmosphere.FastSkyLUT.SampleCountMin:4.0]]
[2026.04.26-10.29.21:887][  0]LogConfig: Setting CVar [[r.SkyAtmosphere.FastSkyLUT.SampleCountMax:128.0]]
[2026.04.26-10.29.21:887][  0]LogConfig: Setting CVar [[r.SkyAtmosphere.SampleCountMin:4.0]]
[2026.04.26-10.29.21:887][  0]LogConfig: Setting CVar [[r.SkyAtmosphere.SampleCountMax:128.0]]
[2026.04.26-10.29.21:887][  0]LogConfig: Setting CVar [[r.SkyAtmosphere.TransmittanceLUT.UseSmallFormat:0]]
[2026.04.26-10.29.21:887][  0]LogConfig: Setting CVar [[r.SkyAtmosphere.TransmittanceLUT.SampleCount:10.0]]
[2026.04.26-10.29.21:887][  0]LogConfig: Setting CVar [[r.SkyAtmosphere.MultiScatteringLUT.SampleCount:15.0]]
[2026.04.26-10.29.21:887][  0]LogConfig: Setting CVar [[r.SkyLight.RealTimeReflectionCapture:1]]
[2026.04.26-10.29.21:887][  0]LogConfig: Applying CVar settings from Section [FoliageQuality@3] File [C:/LastStep/PROJECT-LAST-STEP/Playtime_Multiplayer/Saved/Config/Windows/Scalability.ini]
[2026.04.26-10.29.21:887][  0]LogConfig: Setting CVar [[foliage.DensityScale:1.0]]
[2026.04.26-10.29.21:887][  0]LogConfig: Setting CVar [[grass.DensityScale:1.0]]
[2026.04.26-10.29.21:887][  0]LogConfig: Applying CVar settings from Section [ShadingQuality@3] File [C:/LastStep/PROJECT-LAST-STEP/Playtime_Multiplayer/Saved/Config/Windows/Scalability.ini]
[2026.04.26-10.29.21:887][  0]LogConfig: Setting CVar [[r.HairStrands.SkyLighting.IntegrationType:2]]
[2026.04.26-10.29.21:887][  0]LogConfig: Setting CVar [[r.HairStrands.SkyAO.SampleCount:4]]
[2026.04.26-10.29.21:887][  0]LogConfig: Setting CVar [[r.HairStrands.Visibility.MSAA.SamplePerPixel:4]]
[2026.04.26-10.29.21:887][  0]LogConfig: Applying CVar settings from Section [Startup] File [../../../Engine/Config/ConsoleVariables.ini]
[2026.04.26-10.29.21:888][  0]LogConfig: Setting CVar [[net.UseAdaptiveNetUpdateFrequency:0]]
[2026.04.26-10.29.21:888][  0]LogConfig: Setting CVar [[p.chaos.AllowCreatePhysxBodies:1]]
[2026.04.26-10.29.21:888][  0]LogConfig: Setting CVar [[fx.SkipVectorVMBackendOptimizations:1]]
[2026.04.26-10.29.21:888][  0]LogConfig: Applying CVar settings from Section [ConsoleVariables] File [C:/LastStep/PROJECT-LAST-STEP/Playtime_Multiplayer/Saved/Config/Windows/Engine.ini]
[2026.04.26-10.29.21:888][  0]LogConfig: Applying CVar settings from Section [ConsoleVariables] File [C:/LastStep/PROJECT-LAST-STEP/Playtime_Multiplayer/Saved/Config/Windows/Editor.ini]
[2026.04.26-10.29.21:888][  0]LogInit: Computer: SIBIDI
[2026.04.26-10.29.21:888][  0]LogInit: User: Xdox2
[2026.04.26-10.29.21:888][  0]LogInit: CPU Page size=4096, Cores=2
[2026.04.26-10.29.21:888][  0]LogInit: High frequency timer resolution =10.000000 MHz
[2026.04.26-10.29.21:888][  0]LogMemory: Memory total: Physical=5.9GB (6GB approx)
[2026.04.26-10.29.21:888][  0]LogMemory: Platform Memory Stats for Windows
[2026.04.26-10.29.21:888][  0]LogMemory: Process Physical Memory: 176.89 MB used, 177.43 MB peak
[2026.04.26-10.29.21:888][  0]LogMemory: Process Virtual Memory: 134.36 MB used, 134.36 MB peak
[2026.04.26-10.29.21:888][  0]LogMemory: Physical Memory: 5582.18 MB used,  481.50 MB free, 6063.68 MB total
[2026.04.26-10.29.21:888][  0]LogMemory: Virtual Memory: 134213568.00 MB used,  4162.65 MB free, 134217728.00 MB total
[2026.04.26-10.29.21:905][  0]LogWindows: WindowsPlatformFeatures enabled
[2026.04.26-10.29.22:049][  0]LogInit: Physics initialised using underlying interface: PhysX
[2026.04.26-10.29.22:050][  0]LogInit: Using OS detected language (ru-RU).
[2026.04.26-10.29.22:050][  0]LogInit: Using OS detected locale (ru-RU).
[2026.04.26-10.29.22:068][  0]LogTextLocalizationManager: No specific localization for 'ru-RU' exists, so the 'ru' localization will be used.
[2026.04.26-10.29.22:085][  0]LogTextLocalizationResource: LocRes '../../../Engine/Content/Localization/Editor/ru/Editor.locres' could not be opened for reading!
[2026.04.26-10.29.22:085][  0]LogTextLocalizationResource: LocRes '../../../Engine/Content/Localization/EditorTutorials/ru/EditorTutorials.locres' could not be opened for reading!
[2026.04.26-10.29.22:086][  0]LogTextLocalizationResource: LocRes '../../../Engine/Content/Localization/Keywords/ru/Keywords.locres' could not be opened for reading!
[2026.04.26-10.29.22:086][  0]LogTextLocalizationResource: LocRes '../../../Engine/Content/Localization/Category/ru/Category.locres' could not be opened for reading!
[2026.04.26-10.29.22:086][  0]LogTextLocalizationResource: LocRes '../../../Engine/Content/Localization/ToolTips/ru/ToolTips.locres' could not be opened for reading!
[2026.04.26-10.29.22:086][  0]LogTextLocalizationResource: LocRes '../../../Engine/Content/Localization/PropertyNames/ru/PropertyNames.locres' could not be opened for reading!
[2026.04.26-10.29.22:087][  0]LogTextLocalizationResource: LocRes '../../../Engine/Content/Localization/Engine/ru/Engine.locres' could not be opened for reading!
[2026.04.26-10.29.22:137][  0]LogWindowsTextInputMethodSystem: Display: IME system deactivated.
[2026.04.26-10.29.22:192][  0]LogSlate: New Slate User Created.  User Index 0, Is Virtual User: 0
[2026.04.26-10.29.22:192][  0]LogSlate: Slate User Registered.  User Index 0, Is Virtual User: 0
[2026.04.26-10.29.22:243][  0]LogD3D11RHI: Loaded GFSDK_Aftermath_Lib.x64.dll
[2026.04.26-10.29.22:249][  0]LogHMD: Failed to initialize OpenVR with code 110
[2026.04.26-10.29.22:249][  0]LogD3D11RHI: D3D11 min allowed feature level: 11_0
[2026.04.26-10.29.22:249][  0]LogD3D11RHI: D3D11 max allowed feature level: 11_0
[2026.04.26-10.29.22:249][  0]LogD3D11RHI: D3D11 adapters:
[2026.04.26-10.29.22:643][  0]LogD3D11RHI:    0. 'AMD Radeon(TM) Graphics' (Feature Level 11_0)
[2026.04.26-10.29.22:643][  0]LogD3D11RHI:       2033/0/3031 MB DedicatedVideo/DedicatedSystem/SharedSystem, Outputs:1, VendorId:0x1002
[2026.04.26-10.29.22:686][  0]LogD3D11RHI:    1. 'Microsoft Basic Render Driver' (Feature Level 11_0)
[2026.04.26-10.29.22:686][  0]LogD3D11RHI:       0/0/3031 MB DedicatedVideo/DedicatedSystem/SharedSystem, Outputs:0, VendorId:0x1414
[2026.04.26-10.29.22:686][  0]LogD3D11RHI: Chosen D3D11 Adapter:
[2026.04.26-10.29.22:686][  0]LogD3D11RHI:     Description : AMD Radeon(TM) Graphics
[2026.04.26-10.29.22:686][  0]LogD3D11RHI:     VendorId    : 1002
[2026.04.26-10.29.22:686][  0]LogD3D11RHI:     DeviceId    : 15d8
[2026.04.26-10.29.22:686][  0]LogD3D11RHI:     SubSysId    : 8706103c
[2026.04.26-10.29.22:686][  0]LogD3D11RHI:     Revision    : 00c4
[2026.04.26-10.29.22:686][  0]LogD3D11RHI:     DedicatedVideoMemory : 2132467712 bytes
[2026.04.26-10.29.22:686][  0]LogD3D11RHI:     DedicatedSystemMemory : 0 bytes
[2026.04.26-10.29.22:686][  0]LogD3D11RHI:     SharedSystemMemory : 3179114496 bytes
[2026.04.26-10.29.22:686][  0]LogD3D11RHI:     AdapterLuid : 0 69907
[2026.04.26-10.29.22:702][  0]LogD3D11RHI: Creating new Direct3DDevice
[2026.04.26-10.29.22:702][  0]LogD3D11RHI:     GPU DeviceId: 0x15d8 (for the marketing name, search the web for "GPU Device Id")
[2026.04.26-10.29.22:702][  0]LogWindows: EnumDisplayDevices:
[2026.04.26-10.29.22:706][  0]LogWindows:    0. 'AMD Radeon(TM) Graphics' (P:1 D:1)
[2026.04.26-10.29.22:708][  0]LogWindows:    1. 'AMD Radeon(TM) Graphics' (P:0 D:0)
[2026.04.26-10.29.22:708][  0]LogWindows:    2. 'AMD Radeon(TM) Graphics' (P:0 D:0)
[2026.04.26-10.29.22:709][  0]LogWindows: DebugString: FoundDriverCount:3 
[2026.04.26-10.29.22:709][  0]LogD3D11RHI:     Adapter Name: AMD Radeon(TM) Graphics
[2026.04.26-10.29.22:709][  0]LogD3D11RHI:   Driver Version: AMD Software: Adrenalin Edition 25.8.1 (internal:31.0.21923.11000, unified:31.0.21923.11000)
[2026.04.26-10.29.22:709][  0]LogD3D11RHI:      Driver Date: 7-1-2025
[2026.04.26-10.29.22:709][  0]LogRHI: Texture pool is 3191 MB (70% of 4558 MB)
[2026.04.26-10.29.23:384][  0]LogD3D11RHI: Creating D3DDevice with AMD AGS, using adapter:
[2026.04.26-10.29.23:384][  0]LogD3D11RHI:     Description : AMD Radeon(TM) Graphics
[2026.04.26-10.29.23:384][  0]LogD3D11RHI:     VendorId    : 1002
[2026.04.26-10.29.23:384][  0]LogD3D11RHI:     DeviceId    : 15d8
[2026.04.26-10.29.23:384][  0]LogD3D11RHI:     SubSysId    : 8706103c
[2026.04.26-10.29.23:384][  0]LogD3D11RHI:     Revision    : 00c4
[2026.04.26-10.29.23:384][  0]LogD3D11RHI:     DedicatedVideoMemory : 2132467712 bytes
[2026.04.26-10.29.23:384][  0]LogD3D11RHI:     DedicatedSystemMemory : 0 bytes
[2026.04.26-10.29.23:384][  0]LogD3D11RHI:     SharedSystemMemory : 3179114496 bytes
[2026.04.26-10.29.23:384][  0]LogD3D11RHI:     AdapterLuid : 0 69907
[2026.04.26-10.29.23:675][  0]LogD3D11RHI: Created device via AGS, feature level 11_0, supported extensions 1fffffbf.
[2026.04.26-10.29.23:675][  0]LogD3D11RHI: RHI has support for 64 bit atomics
[2026.04.26-10.29.23:675][  0]LogD3D11RHI: Async texture creation enabled
[2026.04.26-10.29.23:675][  0]LogD3D11RHI: Array index from any shader is supported
[2026.04.26-10.29.23:726][  0]LogD3D11RHI: GPU Timing Frequency: 25.000000 (Debug: 2 1)
[2026.04.26-10.29.28:983][  0]LogTargetPlatformManager: Display: Loaded TargetPlatform 'WindowsNoEditor'
[2026.04.26-10.29.29:000][  0]LogTargetPlatformManager: Display: Loaded TargetPlatform 'Windows'
[2026.04.26-10.29.29:016][  0]LogTargetPlatformManager: Display: Loaded TargetPlatform 'WindowsClient'
[2026.04.26-10.29.29:032][  0]LogTargetPlatformManager: Display: Loaded TargetPlatform 'WindowsServer'
[2026.04.26-10.29.29:032][  0]LogTargetPlatformManager: Display: Building Assets For Windows
[2026.04.26-10.29.29:066][  0]LogAudioDebug: Display: Lib vorbis DLL was dynamically loaded.
[2026.04.26-10.29.29:217][  0]LogTextureFormatOodle: Display: Oodle Texture 2.9.0 init RDO Off
[2026.04.26-10.29.29:363][  0]LogRendererCore: Ray tracing is disabled. Reason: r.RayTracing=0.
[2026.04.26-10.29.29:363][  0]LogShaderCompilers: Guid format shader working directory is -20 characters bigger than the processId version (../../../../../../LastStep/PROJECT-LAST-STEP/Playtime_Multiplayer/Intermediate/Shaders/WorkingDirectory/10464/).
[2026.04.26-10.29.29:364][  0]LogShaderCompilers: Cleaned the shader compiler working directory 'C:/Users/Xdox2/AppData/Local/Temp/UnrealShaderWorkingDir/AABE92ED466A8536B223728E8494F01D/'.
[2026.04.26-10.29.29:365][  0]LogXGEController: Cannot use XGE Controller as Incredibuild is not installed on this machine.
[2026.04.26-10.29.29:366][  0]LogShaderCompilers: Cannot use XGE Shader Compiler as Incredibuild is not installed on this machine.
[2026.04.26-10.29.29:366][  0]LogShaderCompilers: Display: Using Local Shader Compiler.
[2026.04.26-10.29.32:587][  0]LogDerivedDataCache: Display: Max Cache Size: 512 MB
[2026.04.26-10.29.33:095][  0]LogDerivedDataCache: Loaded boot cache 0.51s 94MB C:/Users/Xdox2/AppData/Local/UnrealEngine/4.27/DerivedDataCache/Boot.ddc.
[2026.04.26-10.29.33:096][  0]LogDerivedDataCache: Display: Loaded Boot cache: C:/Users/Xdox2/AppData/Local/UnrealEngine/4.27/DerivedDataCache/Boot.ddc
[2026.04.26-10.29.33:096][  0]LogDerivedDataCache: FDerivedDataBackendGraph:  Pak pak cache file ../../../../../../LastStep/PROJECT-LAST-STEP/Playtime_Multiplayer/DerivedDataCache/DDC.ddp not found, will not use a pak cache.
[2026.04.26-10.29.33:096][  0]LogDerivedDataCache: Unable to find inner node Pak for hierarchical cache Hierarchy.
[2026.04.26-10.29.33:096][  0]LogDerivedDataCache: FDerivedDataBackendGraph:  CompressedPak pak cache file ../../../../../../LastStep/PROJECT-LAST-STEP/Playtime_Multiplayer/DerivedDataCache/Compressed.ddp not found, will not use a pak cache.
[2026.04.26-10.29.33:096][  0]LogDerivedDataCache: Unable to find inner node CompressedPak for hierarchical cache Hierarchy.
[2026.04.26-10.29.33:164][  0]LogDerivedDataCache: Display: Pak cache opened for reading ../../../Engine/DerivedDataCache/Compressed.ddp.
[2026.04.26-10.29.33:164][  0]LogDerivedDataCache: FDerivedDataBackendGraph:  EnterprisePak pak cache file ../../../Enterprise/DerivedDataCache/Compressed.ddp not found, will not use a pak cache.
[2026.04.26-10.29.33:164][  0]LogDerivedDataCache: Unable to find inner node EnterprisePak for hierarchical cache Hierarchy.
[2026.04.26-10.29.33:207][  0]LogDerivedDataCache: Speed tests for C:/Users/Xdox2/AppData/Local/UnrealEngine/Common/DerivedDataCache took 0.04 seconds
[2026.04.26-10.29.33:207][  0]LogDerivedDataCache: Display: Performance to C:/Users/Xdox2/AppData/Local/UnrealEngine/Common/DerivedDataCache: Latency=0.06ms. RandomReadSpeed=82.10MBs, RandomWriteSpeed=31.44MBs. Assigned SpeedClass 'Local'
[2026.04.26-10.29.33:284][  0]LogDerivedDataCache: Using Local data cache path C:/Users/Xdox2/AppData/Local/UnrealEngine/Common/DerivedDataCache: Writable
[2026.04.26-10.29.33:284][  0]LogDerivedDataCache: Shared data cache path not found in *engine.ini, will not use an Shared cache.
[2026.04.26-10.29.33:284][  0]LogDerivedDataCache: Unable to find inner node Shared for hierarchical cache Hierarchy.
[2026.04.26-10.29.33:391][  0]LogSlate: Using FreeType 2.10.0
[2026.04.26-10.29.33:395][  0]LogSlate: SlateFontServices - WITH_FREETYPE: 1, WITH_HARFBUZZ: 1
[2026.04.26-10.29.33:805][  0]LogInit: Using OS detected language (ru-RU).
[2026.04.26-10.29.33:805][  0]LogInit: Using OS detected locale (ru-RU).
[2026.04.26-10.29.33:805][  0]LogTextLocalizationManager: No localization for 'ru-RU' exists, so 'en' will be used for the language.
[2026.04.26-10.29.33:805][  0]LogTextLocalizationManager: No localization for 'ru-RU' exists, so 'en' will be used for the locale.
[2026.04.26-10.29.33:806][  0]LogSlate: FontCache flush requested. Reason: Culture for localization was changed
[2026.04.26-10.29.33:806][  0]LogSlate: FontCache flush requested. Reason: Culture for localization was changed
[2026.04.26-10.29.33:820][  0]LogAssetRegistry: FAssetRegistry took 0.0054 seconds to start up
[2026.04.26-10.29.34:875][  0]LogPackageLocalizationCache: Processed 27 localized package path(s) for 1 prioritized culture(s) in 0.004079 seconds
[2026.04.26-10.29.35:093][  0]LogTextLocalizationManager: Compacting localization data took   0.01ms
[2026.04.26-10.29.35:093][  0]LogInit: Selected Device Profile: [Windows]
[2026.04.26-10.29.35:094][  0]LogInit: Active device profile: [0000017E6ED68700][0000017E660C93C0 49] Windows
[2026.04.26-10.29.35:094][  0]LogInit: Profiles: [0000017E6ED68700][0000017E660C93C0 49] Windows, [0000017E6ED33700][0000017E69593540 49] WindowsNoEditor, [0000017E6ED6B300][0000017E695A96C0 49] WindowsServer, [0000017E6ED30F00][0000017E695AD840 49] WindowsClient, [0000017E6ED6B500][0000017E695B19C0 49] IOS, [0000017E53349200][0000017E6957DB00 49] iPadAir, [0000017E6ED13F00][0000017E695B40C0 49] iPadAir2, [0000017E6EC40700][0000017E695BC300 49] IPadPro, [0000017E6EC40800][0000017E695B8340 49] iPadAir3, [0000017E6ED6B100][0000017E6610E4C0 49] iPadAir4, [0000017E6ED10100][0000017E66112640 49] iPadMini2, [0000017E6EC40300][0000017E661167C0 49] iPadMini3, [0000017E6ED12100][0000017E6611A940 49] iPadMini4, [0000017E6EC42000][0000017E6611EAC0 49] iPadMini5, [0000017E6EC27E00][0000017E66126D80 49] iPhone6, [0000017E6EC27F00][0000017E66122DC0 49] iPodTouch6, [0000017E6ED33400][0000017E6612F080 49] iPhone7, [0000017E6ED33300][0000017E6612B0C0 49] iPodTouch7, [0000017E6EC24100][0000017E66133240 49] iPhone5S, [0000017E6ED12000][0000017E661373C0 49] iPhone6Plus, [0000017E6EC25F00][0000017E6613B540 49] iPhone6S, [0000017E6ED31200][0000017E6613F6C0 49] iPhone6SPlus, [0000017E6EC25700][0000017E65E6F840 49] iPhone7Plus, [0000017E6ED32000][0000017E65E739C0 49] iPhoneSE, [0000017E6EC24A00][0000017E65E77B40 49] iPhone8, [0000017E6ED33A00][0000017E65E7A140 49] iPhone8Plus, [0000017E6EC25B00][0000017E6610A280 49] iPhoneX, [0000017E6ED31C00][0000017E65E7E3C0 49] iPhoneXS, [0000017E6EC26600][0000017E65E82500 49] iPhoneXSMax, [0000017E6ED31A00][0000017E65E8A680 49] iPhoneXR, [0000017E6EC26D00][0000017E65E8E800 49] iPhone11, [0000017E6ED31500][0000017E65E92980 49] iPhone11Pro, [0000017E6EC26900][0000017E65E96B00 49] iPhone11ProMax, [0000017E6ED32400][0000017E65E9AC80 49] iPhoneSE2, [0000017E6EC26A00][0000017E65E9EE00 49] iPhone12Mini, [0000017E6ED30300][0000017E65EA2F80 49] iPhone12, [0000017E6EC26F00][0000017E65EA7100 49] iPhone12Pro, [0000017E6ED32300][0000017E65EAB280 49] iPhone12ProMax, [0000017E6EC27B00][0000017E65EAF400 49] iPadPro105, [0000017E6ED33500][0000017E65EB3580 49] iPadPro129, [0000017E6EC26200][0000017E65EB7700 49] iPadPro97, [0000017E6ED32500][0000017E65F61880 49] iPadPro2_129, [0000017E6EC24F00][0000017E65F65A00 49] iPad5, [0000017E6ED31E00][0000017E65F69B80 49] iPad6, [0000017E6EC26000][0000017E65F6C180 49] iPad7, [0000017E6ED32700][0000017E65F70300 49] iPad8, [0000017E6EC25C00][0000017E65E86440 49] iPadPro11, [0000017E6ED30E00][0000017E65F74580 49] iPadPro2_11, [0000017E6EC24500][0000017E65F786C0 49] iPadPro3_129, [0000017E6ED32F00][0000017E65F80840 49] iPadPro4_129, [0000017E6EC27C00][0000017E65F849C0 49] AppleTV, [0000017E6ED31D00][0000017E65F88B40 49] AppleTV4K, [0000017E6EC24200][0000017E65F8CCC0 49] TVOS, [0000017E6ED32A00][0000017E65F90E40 49] Mac, [0000017E6EC27200][0000017E65F94FC0 49] MacClient, [0000017E6ED33C00][0000017E65F99140 49] MacNoEditor, [0000017E6EC24E00][0000017E65F9D2C0 49] MacServer, [0000017E6ED33D00][0000017E65FA1440 49] Linux, [0000017E6EC25500][0000017E65FA55C0 49] LinuxAArch64, [0000017E6ED30100][0000017E65FA9740 49] LinuxNoEditor, [0000017E6EC27800][0000017E65FAD8C0 49] LinuxAArch64NoEditor, [0000017E6ED30A00][0000017E65FB1A40 49] LinuxClient, [0000017E6EC27D00][0000017E65FB5BC0 49] LinuxAArch64Client, [0000017E6ED31400][0000017E65FB81C0 49] LinuxServer, [0000017E6EC26800][0000017E65FBC340 49] LinuxAArch64Server, [0000017E6ED31900][0000017E65FC04C0 49] Android, [0000017E6EC27900][0000017E65F7C600 49] Android_Low, [0000017E6ED30B00][0000017E65FC4740 49] Android_Mid, [0000017E6EC25100][0000017E65FC8880 49] Android_High, [0000017E6EC41500][0000017E665029C0 49] Android_Default, [0000017E6ED10700][0000017E6650AB40 49] Android_Adreno4xx, [0000017E6EC43800][0000017E6650ECC0 49] Android_Adreno5xx_Low, [0000017E6ED11A00][0000017E66512E40 49] Android_Adreno5xx, [0000017E6EC42400][0000017E66516FC0 49] Android_Adreno6xx, [0000017E6ED12B00][0000017E6651B140 49] Android_Adreno6xx_Vulkan, [0000017E6EC41F00][0000017E6651F2C0 49] Android_Mali_T6xx, [0000017E6ED10A00][0000017E66523440 49] Android_Mali_T7xx, [0000017E6EC43A00][0000017E665275C0 49] Android_Mali_T8xx, [0000017E6ED11F00][0000017E6652B740 49] Android_Mali_G71, [0000017E6EC41700][0000017E6652F8C0 49] Android_Mali_G72, [0000017E6ED13000][0000017E66533A40 49] Android_Mali_G72_Vulkan, [0000017E6EC41300][0000017E66537BC0 49] Android_Mali_G76, [0000017E6ED12900][0000017E6653A1C0 49] Android_Mali_G76_Vulkan, [0000017E6EC41800][0000017E6653E340 49] Android_Mali_G77, [0000017E6ED13D00][0000017E665424C0 49] Android_Mali_G77_Vulkan, [0000017E6EC41600][0000017E66546640 49] Android_Mali_G78, [0000017E6ED13A00][0000017E66506780 49] Android_Mali_G78_Vulkan, [0000017E6EC43C00][0000017E6654A8C0 49] Android_Mali_G710, [0000017E6ED12300][0000017E6654EA00 49] Android_Mali_G710_Vulkan, [0000017E6EC42700][0000017E66552B40 49] Android_Vulkan_SM5, [0000017E6ED13400][0000017E6655ACC0 49] Android_PowerVR_G6xxx, [0000017E6EC42F00][0000017E6655EE40 49] Android_PowerVR_GT7xxx, [0000017E6ED13B00][0000017E66562FC0 49] Android_PowerVR_GE8xxx, [0000017E6EC40600][0000017E66567140 49] Android_PowerVR_GM9xxx, [0000017E6ED11100][0000017E6656B2C0 49] Android_PowerVR_GM9xxx_Vulkan, [0000017E6EC42D00][0000017E668F3440 49] Android_TegraK1, [0000017E6ED12200][0000017E668F75C0 49] Android_Unknown_Vulkan, [0000017E6EC40400][0000017E668FB740 49] Lumin, [0000017E6EC25300][0000017E668FF8C0 49] Lumin_Desktop, [0000017E6EC41200][0000017E66903A40 49] HoloLens, 
[2026.04.26-10.29.35:358][  0]LogMeshReduction: Using QuadricMeshReduction for automatic static mesh reduction
[2026.04.26-10.29.35:358][  0]LogMeshReduction: Using SimplygonMeshReduction for automatic skeletal mesh reduction
[2026.04.26-10.29.35:358][  0]LogMeshReduction: Using ProxyLODMeshReduction for automatic mesh merging
[2026.04.26-10.29.35:358][  0]LogMeshReduction: No distributed automatic mesh merging module available
[2026.04.26-10.29.35:359][  0]LogMeshMerging: No distributed automatic mesh merging module available
[2026.04.26-10.29.35:663][  0]LogNetVersion: Playtime_Multiplayer 1.0.0, NetCL: 17155196, EngineNetVer: 17, GameNetVer: 0 (Checksum: 2025055209)
[2026.04.26-10.29.36:904][  0]LogTexture: Default maximum texture size for cubemaps generated from long-lat sources has been changed from 512 to unlimited. In order to preserve old behaiour for '/Engine/MapTemplates/Sky/DaylightAmbientCubemap.DaylightAmbientCubemap', its maximum texture size has been explicitly set to 512.
[2026.04.26-10.29.37:121][  0]LogHMD: PokeAHoleMaterial loaded successfully
[2026.04.26-10.29.37:650][  0]LogMoviePlayer: Initializing movie player
[2026.04.26-10.29.37:942][  0]LogPython: Using Python 3.7.7
[2026.04.26-10.29.39:267][  0]LogNiagaraDebuggerClient: Niagara Debugger Client Initialized | Session: C77A665B421DFFFD7B3DF0BA29B69283 | Instance: D1172AC141BC27BEAC5DBEBB2D374F34 (SIBIDI-10464).
[2026.04.26-10.29.39:344][  0]LogCollectionManager: Loaded 0 collections in 0.005168 seconds
[2026.04.26-10.29.39:355][  0]LogFileCache: Scanning file cache for directory 'C:/LastStep/PROJECT-LAST-STEP/Playtime_Multiplayer/Saved/Collections/' took 0.00s
[2026.04.26-10.29.39:355][  0]LogFileCache: Scanning file cache for directory 'C:/LastStep/PROJECT-LAST-STEP/Playtime_Multiplayer/Content/Developers/Xdox2/Collections/' took 0.00s
[2026.04.26-10.29.39:355][  0]LogFileCache: Scanning file cache for directory 'C:/LastStep/PROJECT-LAST-STEP/Playtime_Multiplayer/Content/Collections/' took 0.00s
[2026.04.26-10.29.39:355][  0]LogCollectionManager: Fixed up redirectors for 0 collections in 0.000004 seconds (updated 0 objects)
[2026.04.26-10.29.39:779][  0]LogTcpMessaging: Initializing TcpMessaging bridge
[2026.04.26-10.29.39:794][  0]LogUdpMessaging: Initializing bridge on interface 0.0.0.0:0 to multicast group 230.0.0.1:6666.
[2026.04.26-10.29.40:001][  0]LogVaRest: FVaRestModule::StartupModule(28): VaRest (1.1.33) module started
[2026.04.26-10.29.40:044][  0]LogPython: Warning: 'EBoxySoundSet' and 'BoxySoundSet' have the same name (BoxySoundSet) when exposed to Python. Rename one of them using 'ScriptName' meta-data.
[2026.04.26-10.29.40:047][  0]LogPython: Warning: 'EMommySoundSet' and 'MommySoundSet' have the same name (MommySoundSet) when exposed to Python. Rename one of them using 'ScriptName' meta-data.
[2026.04.26-10.29.40:256][  0]SourceControl: Source control is disabled
[2026.04.26-10.29.40:256][  0]SourceControl: Source control is disabled
[2026.04.26-10.29.40:270][  0]SourceControl: Source control is disabled
[2026.04.26-10.29.40:294][  0]LogUProjectInfo: Found projects:
[2026.04.26-10.29.40:633][  0]LogOpenImageDenoise: OIDN starting up
[2026.04.26-10.29.40:786][  0]LogAndroidPermission: UAndroidPermissionCallbackProxy::GetInstance
[2026.04.26-10.29.40:868][  0]LogAudioCaptureCore: Display: No Audio Capture implementations found. Audio input will be silent.
[2026.04.26-10.29.40:868][  0]LogAudioCaptureCore: Display: No Audio Capture implementations found. Audio input will be silent.
[2026.04.26-10.29.41:088][  0]LogOcInput: OculusInput pre-init called
[2026.04.26-10.29.41:124][  0]LogUObjectArray: 22631 objects as part of root set at end of initial load.
[2026.04.26-10.29.41:124][  0]LogUObjectAllocator: 6112856 out of 0 bytes used by permanent object pool.
[2026.04.26-10.29.41:124][  0]LogUObjectArray: CloseDisregardForGC: 0/0 objects in disregard for GC pool
[2026.04.26-10.29.41:267][  0]LogClass: Display: BoolProperty FBPSteamGroupOfficer::bIsOwner is not initialized properly. Module:AdvancedSteamSessions File:Classes/SteamRequestGroupOfficersCallbackProxy.h
[2026.04.26-10.29.41:267][  0]LogClass: Display: IntProperty FBPSteamGroupInfo::numOnline is not initialized properly. Module:AdvancedSteamSessions File:Classes/AdvancedSteamFriendsLibrary.h
[2026.04.26-10.29.41:267][  0]LogClass: Display: IntProperty FBPSteamGroupInfo::numInGame is not initialized properly. Module:AdvancedSteamSessions File:Classes/AdvancedSteamFriendsLibrary.h
[2026.04.26-10.29.41:267][  0]LogClass: Display: IntProperty FBPSteamGroupInfo::numChatting is not initialized properly. Module:AdvancedSteamSessions File:Classes/AdvancedSteamFriendsLibrary.h
[2026.04.26-10.29.41:267][  0]LogClass: Warning: StructProperty FPlaytimeEvent::StartDate is not initialized properly even though its struct probably has a custom default constructor. Module:Playtime_Multiplayer File:PlaytimeEvent.h
[2026.04.26-10.29.41:267][  0]LogClass: Warning: StructProperty FPlaytimeEvent::EndDate is not initialized properly even though its struct probably has a custom default constructor. Module:Playtime_Multiplayer File:PlaytimeEvent.h
[2026.04.26-10.29.41:267][  0]LogClass: Warning: StructProperty FShoppyItemResponseSet::StartTime is not initialized properly even though its struct probably has a custom default constructor. Module:Playtime_Multiplayer File:ShoppyItemResponseSet.h
[2026.04.26-10.29.41:267][  0]LogClass: Warning: StructProperty FShoppyItemResponseSet::EndTime is not initialized properly even though its struct probably has a custom default constructor. Module:Playtime_Multiplayer File:ShoppyItemResponseSet.h
[2026.04.26-10.29.41:267][  0]LogClass: Warning: StructProperty FShoppySaleResponse::StartTime is not initialized properly even though its struct probably has a custom default constructor. Module:Playtime_Multiplayer File:ShoppySaleResponse.h
[2026.04.26-10.29.41:267][  0]LogClass: Warning: StructProperty FShoppySaleResponse::EndTime is not initialized properly even though its struct probably has a custom default constructor. Module:Playtime_Multiplayer File:ShoppySaleResponse.h
[2026.04.26-10.29.41:267][  0]LogClass: Warning: StructProperty FToyBoxResponse::StartTime is not initialized properly even though its struct probably has a custom default constructor. Module:Playtime_Multiplayer File:ToyBoxResponse.h
[2026.04.26-10.29.41:267][  0]LogClass: Warning: StructProperty FToyBoxResponse::EndTime is not initialized properly even though its struct probably has a custom default constructor. Module:Playtime_Multiplayer File:ToyBoxResponse.h
[2026.04.26-10.29.41:268][  0]LogClass: Display: EnumProperty FVaRest_NamedType::Type is not initialized properly. Module:VaRestEditor File:Public/VaRest_BreakJson.h
[2026.04.26-10.29.41:268][  0]LogClass: Display: BoolProperty FVaRest_NamedType::bIsArray is not initialized properly. Module:VaRestEditor File:Public/VaRest_BreakJson.h
[2026.04.26-10.29.41:268][  0]LogClass: Display: 14 Uninitialized script struct members found including 0 object properties
[2026.04.26-10.29.41:269][  0]LogAutomationTest: Warning: StructProperty FPlaytimeEvent::StartDate is not initialized properly even though its struct probably has a custom default constructor. Module:Playtime_Multiplayer File:PlaytimeEvent.h
[2026.04.26-10.29.41:269][  0]LogAutomationTest: Warning: StructProperty FPlaytimeEvent::EndDate is not initialized properly even though its struct probably has a custom default constructor. Module:Playtime_Multiplayer File:PlaytimeEvent.h
[2026.04.26-10.29.41:270][  0]LogAutomationTest: Warning: StructProperty FShoppyItemResponseSet::StartTime is not initialized properly even though its struct probably has a custom default constructor. Module:Playtime_Multiplayer File:ShoppyItemResponseSet.h
[2026.04.26-10.29.41:270][  0]LogAutomationTest: Warning: StructProperty FShoppyItemResponseSet::EndTime is not initialized properly even though its struct probably has a custom default constructor. Module:Playtime_Multiplayer File:ShoppyItemResponseSet.h
[2026.04.26-10.29.41:270][  0]LogAutomationTest: Warning: StructProperty FShoppySaleResponse::StartTime is not initialized properly even though its struct probably has a custom default constructor. Module:Playtime_Multiplayer File:ShoppySaleResponse.h
[2026.04.26-10.29.41:270][  0]LogAutomationTest: Warning: StructProperty FShoppySaleResponse::EndTime is not initialized properly even though its struct probably has a custom default constructor. Module:Playtime_Multiplayer File:ShoppySaleResponse.h
[2026.04.26-10.29.41:270][  0]LogAutomationTest: Warning: StructProperty FToyBoxResponse::StartTime is not initialized properly even though its struct probably has a custom default constructor. Module:Playtime_Multiplayer File:ToyBoxResponse.h
[2026.04.26-10.29.41:270][  0]LogAutomationTest: Warning: StructProperty FToyBoxResponse::EndTime is not initialized properly even though its struct probably has a custom default constructor. Module:Playtime_Multiplayer File:ToyBoxResponse.h
[2026.04.26-10.29.41:272][  0]LogEngine: Initializing Engine...
[2026.04.26-10.29.41:274][  0]LogVaRest: UVaRestSubsystem::Initialize(24): VaRest subsystem initialized
[2026.04.26-10.29.41:298][  0]LogHMD: Failed to enumerate extensions. Please check that you have a valid OpenXR runtime installed.
[2026.04.26-10.29.41:299][  0]LogHMD: Failed to initialize OpenVR with code 110
[2026.04.26-10.29.41:299][  0]LogMagicLeap: Warning: VR disabled because ZI is not enabled.  To enable, in the editor, Edit -> Project Settings -> Plugins -> Magic Leap Plugin -> Enable Zero Iteration
[2026.04.26-10.29.41:302][  0]LogStats: UGameplayTagsManager::InitializeManager -  0.000 s
[2026.04.26-10.29.41:582][  0]LogUObjectGlobals: Warning: Failed to load '/Game/PSHOWTIMEPHASE3/UI/UI_Utility/UI_Cursor': Can't find file.
[2026.04.26-10.29.41:582][  0]LogUObjectGlobals: Warning: Failed to load '/Game/PSHOWTIMEPHASE3/UI/UI_Utility/UI_Cursor': Can't find file.
[2026.04.26-10.29.41:582][  0]LogUObjectGlobals: Warning: Failed to find object 'Object /Game/PSHOWTIMEPHASE3/UI/UI_Utility/UI_Cursor.UI_Cursor_C'
[2026.04.26-10.29.41:582][  0]LogLoad: Warning: UUserInterfaceSettings::ForceLoadResources: Failed to load cursor resource 0.
[2026.04.26-10.29.41:582][  0]LogInit: Initializing FReadOnlyCVARCache
[2026.04.26-10.29.41:582][  0]LogAudio: Display: Initializing Audio Device Manager...
[2026.04.26-10.29.41:601][  0]LogAudio: Display: Loading Default Audio Settings Objects...
[2026.04.26-10.29.41:603][  0]LogAudio: Display: No default SoundConcurrencyObject specified (or failed to load).
[2026.04.26-10.29.41:606][  0]LogAudio: Display: Audio Device Manager Initialized
[2026.04.26-10.29.41:606][  0]LogAudio: Display: Creating Audio Device:                 Id: 1, Scope: Shared, Realtime: True
[2026.04.26-10.29.41:608][  0]LogAudioMixer: Display: Audio Mixer Platform Settings:
[2026.04.26-10.29.41:608][  0]LogAudioMixer: Display: 	Sample Rate:						  48000
[2026.04.26-10.29.41:608][  0]LogAudioMixer: Display: 	Callback Buffer Frame Size Requested: 512
[2026.04.26-10.29.41:608][  0]LogAudioMixer: Display: 	Callback Buffer Frame Size To Use:	  512
[2026.04.26-10.29.41:609][  0]LogAudioMixer: Display: 	Number of buffers to queue:			  1
[2026.04.26-10.29.41:609][  0]LogAudioMixer: Display: 	Max Channels (voices):				  0
[2026.04.26-10.29.41:609][  0]LogAudioMixer: Display: 	Number of Async Source Workers:		  4
[2026.04.26-10.29.41:609][  0]LogAudio: Display: AudioDevice MaxSources: 32
[2026.04.26-10.29.41:610][  0]LogAudio: Display: Audio Spatialization Plugin: None (built-in).
[2026.04.26-10.29.41:610][  0]LogAudio: Display: Audio Reverb Plugin: None (built-in).
[2026.04.26-10.29.41:610][  0]LogAudio: Display: Audio Occlusion Plugin: None (built-in).
[2026.04.26-10.29.41:610][  0]LogAudioMixer: Display: Initializing audio mixer.
[2026.04.26-10.29.41:681][  0]LogAudioMixer: Display: 0: FrontLeft
[2026.04.26-10.29.41:682][  0]LogAudioMixer: Display: 1: FrontRight
[2026.04.26-10.29.41:734][  0]LogAudioMixer: Display: Using Audio Device Voicemeeter VAIO3 Input (VB-Audio Voicemeeter VAIO)
[2026.04.26-10.29.41:745][  0]LogAudioMixer: Display: Initializing Sound Submixes...
[2026.04.26-10.29.41:751][  0]LogAudioMixer: Display: Creating Master Submix 'MasterSubmixDefault'
[2026.04.26-10.29.41:752][  0]LogAudioMixer: Display: Creating Master Submix 'MasterReverbSubmixDefault'
[2026.04.26-10.29.41:754][  0]LogAudioMixer: Display: Creating Master Submix 'MasterEQSubmixDefault'
[2026.04.26-10.29.41:755][  0]LogAudioMixer: FMixerPlatformXAudio2::StartAudioStream() called
[2026.04.26-10.29.41:755][  0]LogAudioMixer: Display: Output buffers initialized: Frames=512, Channels=2, Samples=1024
[2026.04.26-10.29.41:757][  0]LogAudioMixer: Display: Starting AudioMixerPlatformInterface::RunInternal()
[2026.04.26-10.29.41:757][  0]LogAudioMixer: Display: FMixerPlatformXAudio2::SubmitBuffer() called for the first time
[2026.04.26-10.29.41:757][  0]LogInit: FAudioDevice initialized.
[2026.04.26-10.29.41:763][  0]LogNetVersion: Set ProjectVersion to 1.0.0.0. Version Checksum will be recalculated on next use.
[2026.04.26-10.29.41:764][  0]LogInit: Texture streaming: Enabled
[2026.04.26-10.29.42:049][  0]LogAudio: Display: Audio Device (ID: 1) registered with world 'Untitled'.
[2026.04.26-10.29.42:051][  0]PIE: Warning: UGameViewportClient::AddCursor: Could not load cursor class 'UI_Cursor_C'.
[2026.04.26-10.29.42:052][  0]LogSlate: Updating window title bar state: overlay mode, drag disabled, window buttons hidden, title bar hidden
[2026.04.26-10.29.42:055][  0]LogInit: Display: Game Engine Initialized.
[2026.04.26-10.29.42:056][  0]LogNiagaraEditor: GEditor isn't valid! Particle reset commands will not work for Niagara components!
[2026.04.26-10.29.42:529][  0]LogInit: Display: Starting Game.
[2026.04.26-10.29.42:534][  0]LogNet: Browse: /Game/Map/Main_Menu?Name=Player
[2026.04.26-10.29.42:538][  0]LogLoad: LoadMap: /Game/Map/Main_Menu?Name=Player
[2026.04.26-10.29.42:539][  0]LogWorld: BeginTearingDown for /Temp/Untitled_0
[2026.04.26-10.29.42:577][  0]LogWorld: UWorld::CleanupWorld for Untitled, bSessionEnded=true, bCleanupResources=true
[2026.04.26-10.29.42:577][  0]LogSlate: InvalidateAllWidgets triggered.  All widgets were invalidated
[2026.04.26-10.29.42:594][  0]LogAudio: Display: Audio Device unregistered from world 'None'.
[2026.04.26-10.29.42:607][  0]LogUObjectHash: Compacting FUObjectHashTables data took   2.09ms
[2026.04.26-10.29.42:653][  0]LogUObjectGlobals: Warning: [AssetLog] C:\LastStep\PROJECT-LAST-STEP\Playtime_Multiplayer\Content\Widgets\Buttons.uasset: Failed to load '/Game/Widgets/textures/выходbutton': Can't find file.
[2026.04.26-10.29.42:654][  0]LogUObjectGlobals: Warning: [AssetLog] C:\LastStep\PROJECT-LAST-STEP\Playtime_Multiplayer\Content\Widgets\Buttons.uasset: Failed to load '/Game/Widgets/textures/выходbutton': Can't find file.
[2026.04.26-10.29.42:655][  0]LogUObjectGlobals: Warning: [AssetLog] C:\LastStep\PROJECT-LAST-STEP\Playtime_Multiplayer\Content\Widgets\Buttons.uasset: Failed to load '/Game/Widgets/textures/выходbutton': Can't find file.
[2026.04.26-10.29.42:741][  0]LogUObjectGlobals: Warning: Failed to load '/Game/Widgets/textures/Снимок_экрана_2026-04-01_200059': Can't find file.
[2026.04.26-10.29.42:743][  0]LogUObjectGlobals: Warning: [AssetLog] C:\LastStep\PROJECT-LAST-STEP\Playtime_Multiplayer\Content\Widgets\CHOOSE.uasset: Failed to load '/Game/Widgets/textures/Снимок_экрана_2026-04-01_200059': Can't find file.
[2026.04.26-10.29.42:783][  0]LogUObjectGlobals: Warning: Failed to load '/Game/Widgets/textures/Снимок_экрана_2026-04-02_122711': Can't find file.
[2026.04.26-10.29.42:791][  0]LogUObjectGlobals: Warning: [AssetLog] C:\LastStep\PROJECT-LAST-STEP\Playtime_Multiplayer\Content\Widgets\choice_mode.uasset: Failed to load '/Game/Widgets/textures/Снимок_экрана_2026-04-01_193405': Can't find file.
[2026.04.26-10.29.42:803][  0]LogUObjectGlobals: Warning: [AssetLog] C:\LastStep\PROJECT-LAST-STEP\Playtime_Multiplayer\Content\Widgets\choice_play.uasset: Failed to load '/Game/Widgets/textures/Снимок_экрана_2026-04-02_122711': Can't find file.
[2026.04.26-10.29.42:814][  0]LogUObjectGlobals: Warning: Failed to load '/Game/Widgets/textures/Снимок_экрана_2026-04-01_193405': Can't find file.
[2026.04.26-10.29.42:817][  0]LogUObjectGlobals: Warning: [AssetLog] C:\LastStep\PROJECT-LAST-STEP\Playtime_Multiplayer\Content\Widgets\TAG_PLAY.uasset: Failed to load '/Game/Widgets/textures/Снимок_экрана_2026-04-01_193405': Can't find file.
[2026.04.26-10.29.42:819][  0]LogUObjectGlobals: Warning: Failed to load '/Game/Widgets/textures/Снимок_экрана_2026-04-01_193405': Can't find file.
[2026.04.26-10.29.42:820][  0]LogUObjectGlobals: Warning: [AssetLog] C:\LastStep\PROJECT-LAST-STEP\Playtime_Multiplayer\Content\Widgets\choice_mode.uasset: Failed to load '/Game/Widgets/textures/Снимок_экрана_2026-04-01_193405': Can't find file.
[2026.04.26-10.29.42:833][  0]LogUObjectGlobals: Warning: Failed to load '/Game/Widgets/textures/выходbutton': Can't find file.
[2026.04.26-10.29.42:834][  0]LogUObjectGlobals: Warning: [AssetLog] C:\LastStep\PROJECT-LAST-STEP\Playtime_Multiplayer\Content\Widgets\Buttons.uasset: Failed to load '/Game/Widgets/textures/выходbutton': Can't find file.
[2026.04.26-10.29.42:834][  0]LogUObjectGlobals: Warning: [AssetLog] C:\LastStep\PROJECT-LAST-STEP\Playtime_Multiplayer\Content\Widgets\Buttons.uasset: Failed to load '/Game/Widgets/textures/выходbutton': Can't find file.
[2026.04.26-10.29.42:834][  0]LogUObjectGlobals: Warning: [AssetLog] C:\LastStep\PROJECT-LAST-STEP\Playtime_Multiplayer\Content\Widgets\Buttons.uasset: Failed to load '/Game/Widgets/textures/выходbutton': Can't find file.
[2026.04.26-10.29.42:971][  0]LogBlueprint: Error: [AssetLog] C:\LastStep\PROJECT-LAST-STEP\Playtime_Multiplayer\Content\FirstPerson\FirstPersonBP\Run1.uasset: [Compiler] Run1  - The skeleton asset for this animation Blueprint is missing, so it cannot be compiled!
[2026.04.26-10.29.43:633][  0]LogUObjectGlobals: Warning: [AssetLog] C:\LastStep\PROJECT-LAST-STEP\Playtime_Multiplayer\Content\Widgets\TAG_PLAY.uasset: Failed to load '/Game/Widgets/textures/Снимок_экрана_2026-04-01_193405': Can't find file.
[2026.04.26-10.29.43:635][  0]LogUObjectGlobals: Warning: [AssetLog] C:\LastStep\PROJECT-LAST-STEP\Playtime_Multiplayer\Content\Widgets\CHOOSE.uasset: Failed to load '/Game/Widgets/textures/Снимок_экрана_2026-04-01_200059': Can't find file.
[2026.04.26-10.29.43:636][  0]LogUObjectGlobals: Warning: [AssetLog] C:\LastStep\PROJECT-LAST-STEP\Playtime_Multiplayer\Content\Widgets\choice_play.uasset: Failed to load '/Game/Widgets/textures/Снимок_экрана_2026-04-02_122711': Can't find file.
[2026.04.26-10.29.44:286][  0]LogAudio: Display: Audio Device (ID: 1) registered with world 'Main_Menu'.
[2026.04.26-10.29.44:323][  0]LogAIModule: Creating AISystem for world Main_Menu
[2026.04.26-10.29.44:324][  0]LogLoad: Game class is 'FirstPersonGameMode_C'
[2026.04.26-10.29.44:337][  0]LogWorld: Bringing World /Game/Map/Main_Menu.Main_Menu up for play (max tick rate 0) at 2026.04.26-12.29.44
[2026.04.26-10.29.44:346][  0]LogWorld: Bringing up level for play took: 0.019024
[2026.04.26-10.29.44:355][  0]LogGameMode: FindPlayerStart: PATHS NOT DEFINED or NO PLAYERSTART with positive rating
[2026.04.26-10.29.44:600][  0]LogVoiceEncode: Display: EncoderVersion: libopus unknown
[2026.04.26-10.29.44:608][  0]LogOnlineVoice: OSS: StopLocalVoiceProcessing(0) returned 0xFFFFFFFF
[2026.04.26-10.29.44:608][  0]LogOnlineVoice: OSS: Stopping networked voice for user: 0
[2026.04.26-10.29.44:614][  0]LogSkinnedMeshComp: Warning: GetSocketByName(torso_JNT): No SkeletalMesh for Component(CharacterMesh0) Actor(FirstPersonCharacter_C_0)
[2026.04.26-10.29.44:614][  0]LogSkinnedMeshComp: Warning: GetSocketByName(torso_JNT): No SkeletalMesh for Component(CharacterMesh0) Actor(FirstPersonCharacter_C_0)
[2026.04.26-10.29.44:625][  0]LogSkinnedMeshComp: Warning: GetSocketByName(torso_JNT): No SkeletalMesh for Component(CharacterMesh0) Actor(FirstPersonCharacter_C_0)
[2026.04.26-10.29.44:637][  0]LogSkinnedMeshComp: Warning: GetSocketByName(torso_JNT): No SkeletalMesh for Component(CharacterMesh0) Actor(FirstPersonCharacter_C_0)
[2026.04.26-10.29.44:637][  0]LogSkinnedMeshComp: Warning: GetSocketByName(torso_JNT): No SkeletalMesh for Component(CharacterMesh0) Actor(FirstPersonCharacter_C_0)
[2026.04.26-10.29.44:669][  0]LogLoad: Took 2.129257 seconds to LoadMap(/Game/Map/Main_Menu)
[2026.04.26-10.29.44:744][  0]LogSlate: Took 0.003122 seconds to synchronously load lazily loaded font '../../../Engine/Content/Slate/Fonts/Roboto-Regular.ttf' (155K)
[2026.04.26-10.29.44:831][  0]LogRenderer: Reallocating scene render targets to support 1280x720 Format 10 NumSamples 1 (Frame:1).
[2026.04.26-10.29.44:831][  0]LogInit: Display: Engine is initialized. Leaving FEngineLoop::Init()
[2026.04.26-10.29.44:831][  0]LogLoad: (Engine Initialization) Total time: 30.36 seconds
[2026.04.26-10.29.44:831][  0]LogLoad: (Engine Initialization) Total Blueprint compile time: 0.00 seconds
[2026.04.26-10.29.44:890][  0]LogContentStreaming: Texture pool size now 1000 MB
[2026.04.26-10.29.44:901][  0]LogSlate: InvalidateAllWidgets triggered.  All widgets were invalidated
[2026.04.26-10.29.45:228][  1]LogSlate: Took 0.000622 seconds to synchronously load lazily loaded font '../../../Engine/Content/Slate/Fonts/Roboto-Regular.ttf' (155K)
[2026.04.26-10.29.47:303][ 30]LogSkinnedMeshComp: Warning: GetSocketByName(torso_JNT): No SkeletalMesh for Component(CharacterMesh0) Actor(FirstPersonCharacter_C_0)
[2026.04.26-10.29.47:364][ 31]LogSkinnedMeshComp: Warning: GetSocketByName(torso_JNT): No SkeletalMesh for Component(CharacterMesh0) Actor(FirstPersonCharacter_C_0)
[2026.04.26-10.29.47:451][ 32]LogSkinnedMeshComp: Warning: GetSocketByName(torso_JNT): No SkeletalMesh for Component(CharacterMesh0) Actor(FirstPersonCharacter_C_0)
[2026.04.26-10.29.47:511][ 33]LogSkinnedMeshComp: Warning: GetSocketByName(torso_JNT): No SkeletalMesh for Component(CharacterMesh0) Actor(FirstPersonCharacter_C_0)
[2026.04.26-10.29.47:600][ 34]LogSkinnedMeshComp: Warning: GetSocketByName(torso_JNT): No SkeletalMesh for Component(CharacterMesh0) Actor(FirstPersonCharacter_C_0)
[2026.04.26-10.29.47:680][ 35]LogSkinnedMeshComp: Warning: GetSocketByName(torso_JNT): No SkeletalMesh for Component(CharacterMesh0) Actor(FirstPersonCharacter_C_0)
[2026.04.26-10.29.47:749][ 36]LogSkinnedMeshComp: Warning: GetSocketByName(torso_JNT): No SkeletalMesh for Component(CharacterMesh0) Actor(FirstPersonCharacter_C_0)
[2026.04.26-10.29.47:812][ 37]LogSkinnedMeshComp: Warning: GetSocketByName(torso_JNT): No SkeletalMesh for Component(CharacterMesh0) Actor(FirstPersonCharacter_C_0)
[2026.04.26-10.29.47:893][ 38]LogSkinnedMeshComp: Warning: GetSocketByName(torso_JNT): No SkeletalMesh for Component(CharacterMesh0) Actor(FirstPersonCharacter_C_0)
[2026.04.26-10.29.47:960][ 39]LogSkinnedMeshComp: Warning: GetSocketByName(torso_JNT): No SkeletalMesh for Component(CharacterMesh0) Actor(FirstPersonCharacter_C_0)
[2026.04.26-10.29.48:027][ 40]LogSkinnedMeshComp: Warning: GetSocketByName(torso_JNT): No SkeletalMesh for Component(CharacterMesh0) Actor(FirstPersonCharacter_C_0)
[2026.04.26-10.29.48:100][ 41]LogSkinnedMeshComp: Warning: GetSocketByName(torso_JNT): No SkeletalMesh for Component(CharacterMesh0) Actor(FirstPersonCharacter_C_0)
[2026.04.26-10.29.48:243][ 43]LogSkinnedMeshComp: Warning: GetSocketByName(torso_JNT): No SkeletalMesh for Component(CharacterMesh0) Actor(FirstPersonCharacter_C_0)
[2026.04.26-10.29.48:304][ 44]LogSkinnedMeshComp: Warning: GetSocketByName(torso_JNT): No SkeletalMesh for Component(CharacterMesh0) Actor(FirstPersonCharacter_C_0)
[2026.04.26-10.29.48:371][ 45]LogSkinnedMeshComp: Warning: GetSocketByName(torso_JNT): No SkeletalMesh for Component(CharacterMesh0) Actor(FirstPersonCharacter_C_0)
[2026.04.26-10.29.48:592][ 48]LogSkinnedMeshComp: Warning: GetSocketByName(torso_JNT): No SkeletalMesh for Component(CharacterMesh0) Actor(FirstPersonCharacter_C_0)
[2026.04.26-10.29.48:652][ 49]LogSkinnedMeshComp: Warning: GetSocketByName(torso_JNT): No SkeletalMesh for Component(CharacterMesh0) Actor(FirstPersonCharacter_C_0)
[2026.04.26-10.29.48:742][ 50]LogSkinnedMeshComp: Warning: GetSocketByName(torso_JNT): No SkeletalMesh for Component(CharacterMesh0) Actor(FirstPersonCharacter_C_0)
[2026.04.26-10.29.48:811][ 51]LogSkinnedMeshComp: Warning: GetSocketByName(torso_JNT): No SkeletalMesh for Component(CharacterMesh0) Actor(FirstPersonCharacter_C_0)
[2026.04.26-10.29.48:872][ 52]LogSkinnedMeshComp: Warning: GetSocketByName(torso_JNT): No SkeletalMesh for Component(CharacterMesh0) Actor(FirstPersonCharacter_C_0)
[2026.04.26-10.29.48:960][ 53]LogSkinnedMeshComp: Warning: GetSocketByName(torso_JNT): No SkeletalMesh for Component(CharacterMesh0) Actor(FirstPersonCharacter_C_0)
[2026.04.26-10.29.49:031][ 54]LogSkinnedMeshComp: Warning: GetSocketByName(torso_JNT): No SkeletalMesh for Component(CharacterMesh0) Actor(FirstPersonCharacter_C_0)
[2026.04.26-10.29.49:095][ 55]LogSkinnedMeshComp: Warning: GetSocketByName(torso_JNT): No SkeletalMesh for Component(CharacterMesh0) Actor(FirstPersonCharacter_C_0)
[2026.04.26-10.29.49:185][ 56]LogSkinnedMeshComp: Warning: GetSocketByName(torso_JNT): No SkeletalMesh for Component(CharacterMesh0) Actor(FirstPersonCharacter_C_0)
[2026.04.26-10.29.49:253][ 57]LogSkinnedMeshComp: Warning: GetSocketByName(torso_JNT): No SkeletalMesh for Component(CharacterMesh0) Actor(FirstPersonCharacter_C_0)
[2026.04.26-10.29.49:313][ 58]LogSkinnedMeshComp: Warning: GetSocketByName(torso_JNT): No SkeletalMesh for Component(CharacterMesh0) Actor(FirstPersonCharacter_C_0)
[2026.04.26-10.29.49:401][ 59]LogSkinnedMeshComp: Warning: GetSocketByName(torso_JNT): No SkeletalMesh for Component(CharacterMesh0) Actor(FirstPersonCharacter_C_0)
[2026.04.26-10.29.49:469][ 60]LogSkinnedMeshComp: Warning: GetSocketByName(torso_JNT): No SkeletalMesh for Component(CharacterMesh0) Actor(FirstPersonCharacter_C_0)
[2026.04.26-10.29.51:997][ 93]LogRenderer: Reallocating scene render targets to support 1536x796 Format 10 NumSamples 1 (Frame:95).
[2026.04.26-10.29.56:646][150]LogOnlineVoice: OSS: StartLocalProcessing(0) returned 0xFFFFFFFF
[2026.04.26-10.29.56:646][150]LogOnlineVoice: OSS: Starting networked voice for user: 0
[2026.04.26-10.29.57:071][150]LogOnlineVoice: OSS: RegisterLocalTalker(0) returned 0x00000000
[2026.04.26-10.29.57:071][150]LogOnlineVoice: OSS: Invalid user specified in RegisterLocalTalker(1)
[2026.04.26-10.29.57:071][150]LogOnlineVoice: OSS: Invalid user specified in RegisterLocalTalker(2)
[2026.04.26-10.29.57:071][150]LogOnlineVoice: OSS: Invalid user specified in RegisterLocalTalker(3)
[2026.04.26-10.29.57:883][150]LogPackageName: SearchForPackageOnDisk took   0.807s to resolve MP_Lobby.umap.
[2026.04.26-10.29.58:218][150]LogPackageName: SearchForPackageOnDisk took   0.331s to resolve MP_Lobby.umap.
[2026.04.26-10.29.58:218][150]LogNet: Browse: /Game/Map/MP_Lobby??listen
[2026.04.26-10.29.58:218][150]LogLoad: LoadMap: /Game/Map/MP_Lobby??listen
[2026.04.26-10.29.58:218][150]LogWorld: BeginTearingDown for /Game/Map/Main_Menu
[2026.04.26-10.29.58:228][150]LogWorld: UWorld::CleanupWorld for Main_Menu, bSessionEnded=true, bCleanupResources=true
[2026.04.26-10.29.58:231][150]LogSlate: InvalidateAllWidgets triggered.  All widgets were invalidated
[2026.04.26-10.29.58:262][150]LogAudio: Display: Audio Device unregistered from world 'None'.
[2026.04.26-10.29.58:343][150]LogUObjectHash: Compacting FUObjectHashTables data took   2.48ms
[2026.04.26-10.29.58:887][150]LogBlueprint: Error: [AssetLog] C:\LastStep\PROJECT-LAST-STEP\Playtime_Multiplayer\Content\FirstPerson\FirstPersonBP\Run1.uasset: [Compiler] Run1  - The skeleton asset for this animation Blueprint is missing, so it cannot be compiled!
[2026.04.26-10.29.59:951][150]LogAudioDerivedData: Display: Building compressed audio format OGG hash OGG00000000 wave Project_Playtime_OST__02__-_I_Could_Wait_Forever_-_Mob_Entertainment...
[2026.04.26-10.30.02:618][150]LogAudioDerivedData: Display: Updated SoundWave->RawPCMDataSize from 0 to 15081984 while cooking SoundWave /Game/Widgets/Sound/Project_Playtime_OST__02__-_I_Could_Wait_Forever_-_Mob_Entertainment.Project_Playtime_OST__02__-_I_Could_Wait_Forever_-_Mob_Entertainment.
[2026.04.26-10.30.02:953][150]LogAudio: Display: Audio Device (ID: 1) registered with world 'MP_Lobby'.
[2026.04.26-10.30.02:955][150]LogAIModule: Creating AISystem for world MP_Lobby
[2026.04.26-10.30.02:956][150]LogLoad: Game class is 'FirstPersonGameMode_C'
[2026.04.26-10.30.02:967][150]LogUObjectGlobals: Warning: Failed to find object 'Class None.SteamSocketsNetConnection'
[2026.04.26-10.30.02:967][150]LogNet: Error: Failed to load class 'SteamSockets.SteamSocketsNetConnection'
[2026.04.26-10.30.02:967][150]LogNet: ReplicationDriverClass is null! Not using ReplicationDriver.
[2026.04.26-10.30.02:967][150]LogNetCore: DDoS detection status: detection enabled: 0 analytics enabled: 0
[2026.04.26-10.30.02:970][150]LogNet: Warning: Failed to init net driver ListenURL: /Game/Map/MP_Lobby??listen: 
[2026.04.26-10.30.02:970][150]LogNet: Error: UEngine::BroadcastNetworkFailure: FailureType = NetDriverListenFailure, ErrorString = , Driver = GameNetDriver SteamNetDriver_0
[2026.04.26-10.30.02:970][150]LogNet: Warning: Network Failure: GameNetDriver[NetDriverListenFailure]: 
[2026.04.26-10.30.02:971][150]LogNet: NetworkFailure: NetDriverListenFailure, Error: ''
[2026.04.26-10.30.02:972][150]LogWorld: Failed to listen: 
[2026.04.26-10.30.02:972][150]LogNet: DestroyNamedNetDriver SteamNetDriver_0 [GameNetDriver]
[2026.04.26-10.30.02:974][150]LogNet: Error: LoadMap: failed to Listen(/Game/Map/MP_Lobby??listen)
[2026.04.26-10.30.03:486][150]LogWorld: Bringing World /Game/Map/MP_Lobby.MP_Lobby up for play (max tick rate 0) at 2026.04.26-12.30.03
[2026.04.26-10.30.03:487][150]LogWorld: Bringing up level for play took: 0.511934
[2026.04.26-10.30.03:490][150]LogOnlineVoice: OSS: StopLocalVoiceProcessing(0) returned 0x00000000
[2026.04.26-10.30.03:490][150]LogOnlineVoice: OSS: Stopping networked voice for user: 0
[2026.04.26-10.30.03:491][150]LogSkinnedMeshComp: Warning: GetSocketByName(torso_JNT): No SkeletalMesh for Component(CharacterMesh0) Actor(FirstPersonCharacter_C_0)
[2026.04.26-10.30.03:492][150]LogSkinnedMeshComp: Warning: GetSocketByName(torso_JNT): No SkeletalMesh for Component(CharacterMesh0) Actor(FirstPersonCharacter_C_0)
[2026.04.26-10.30.03:492][150]LogSkinnedMeshComp: Warning: GetSocketByName(torso_JNT): No SkeletalMesh for Component(CharacterMesh0) Actor(FirstPersonCharacter_C_0)
[2026.04.26-10.30.03:492][150]LogSkinnedMeshComp: Warning: GetSocketByName(torso_JNT): No SkeletalMesh for Component(CharacterMesh0) Actor(FirstPersonCharacter_C_0)
[2026.04.26-10.30.03:492][150]LogSkinnedMeshComp: Warning: GetSocketByName(torso_JNT): No SkeletalMesh for Component(CharacterMesh0) Actor(FirstPersonCharacter_C_0)
[2026.04.26-10.30.03:498][150]PIE: Error: SetInputMode_UIOnly expects a valid player controller as 'PlayerController' target
[2026.04.26-10.30.03:503][150]LogLoad: Took 5.284021 seconds to LoadMap(/Game/Map/MP_Lobby)
[2026.04.26-10.30.03:507][150]LogSlate: InvalidateAllWidgets triggered.  All widgets were invalidated
[2026.04.26-10.30.03:511][151]LogNet: Browse: /Game/StarterContent/Maps/Minimal_Default?closed
[2026.04.26-10.30.03:544][151]LogNet: Connection failed; returning to Entry
[2026.04.26-10.30.03:544][151]LogLoad: LoadMap: /Game/StarterContent/Maps/Minimal_Default?closed
[2026.04.26-10.30.03:544][151]LogWorld: BeginTearingDown for /Game/Map/MP_Lobby
[2026.04.26-10.30.03:545][151]LogSlate: Took 0.000322 seconds to synchronously load lazily loaded font '../../../Engine/Content/Slate/Fonts/Roboto-Regular.ttf' (155K)
[2026.04.26-10.30.03:553][151]LogWorld: UWorld::CleanupWorld for MP_Lobby, bSessionEnded=true, bCleanupResources=true
[2026.04.26-10.30.03:556][151]LogSlate: InvalidateAllWidgets triggered.  All widgets were invalidated
[2026.04.26-10.30.03:596][151]LogAudio: Display: Audio Device unregistered from world 'None'.
[2026.04.26-10.30.04:085][151]LogUObjectHash: Compacting FUObjectHashTables data took   1.30ms
[2026.04.26-10.30.04:096][151]LogUObjectGlobals: Warning: Failed to load '/Game/StarterContent/Maps/Minimal_Default': Can't find file.
[2026.04.26-10.30.04:096][151]LogNet: Error: Failed to load default map (/Game/StarterContent/Maps/Minimal_Default?closed). Error: (Failed to load package '/Game/StarterContent/Maps/Minimal_Default')
[2026.04.26-10.30.08:067][151]Message dialog closed, result: Ok, title: Message, text: Error 'Failed to load package '/Game/StarterContent/Maps/Minimal_Default''. Exiting.
[2026.04.26-10.30.08:070][151]LogAudio: Display: Audio Device (ID: 1) registered with world 'Untitled'.
[2026.04.26-10.30.08:070][151]LogWindows: FPlatformMisc::RequestExit(0)
[2026.04.26-10.30.08:070][151]LogWindows: FPlatformMisc::RequestExitWithStatus(0, 0)
[2026.04.26-10.30.08:070][151]LogCore: Engine exit requested (reason: Win RequestExit)
[2026.04.26-10.30.08:074][151]LogNet: Warning: Travel Failure: [ClientTravelFailure]: Failed to load package '/Game/StarterContent/Maps/Minimal_Default'
[2026.04.26-10.30.08:074][151]LogNet: TravelFailure: ClientTravelFailure, Reason for Failure: 'Failed to load package '/Game/StarterContent/Maps/Minimal_Default''
[2026.04.26-10.30.08:078][152]LogCore: Engine exit requested (reason: EngineExit() was called; note: exit was already requested)
[2026.04.26-10.30.08:080][152]LogInit: Display: PreExit Game.
[2026.04.26-10.30.08:116][152]LogWorld: BeginTearingDown for /Temp/Untitled_1
[2026.04.26-10.30.08:116][152]LogWorld: UWorld::CleanupWorld for Untitled, bSessionEnded=true, bCleanupResources=true
[2026.04.26-10.30.08:116][152]LogSlate: InvalidateAllWidgets triggered.  All widgets were invalidated
[2026.04.26-10.30.08:324][152]LogAudio: Display: Beginning Audio Device Manager Shutdown (Module: AudioMixerXAudio2)...
[2026.04.26-10.30.08:325][152]LogAudio: Display: Destroying 1 Remaining Audio Device(s)...
[2026.04.26-10.30.08:325][152]LogAudio: Display: Audio Device unregistered from world 'Untitled'.
[2026.04.26-10.30.08:333][152]LogAudioMixer: FMixerPlatformXAudio2::StopAudioStream() called
[2026.04.26-10.30.08:336][152]LogAudioMixer: FMixerPlatformXAudio2::StopAudioStream() called
[2026.04.26-10.30.08:344][152]LogAudio: Display: Audio Device Manager Shutdown
[2026.04.26-10.30.08:354][152]LogSlate: Window 'Playtime_Multiplayer (64-bit Development PCD3D_SM5) ' being destroyed
[2026.04.26-10.30.08:357][152]LogWindowsTextInputMethodSystem: Display: IME system deactivated.
[2026.04.26-10.30.08:416][152]LogExit: Preparing to exit.
[2026.04.26-10.30.08:847][152]LogUObjectHash: Compacting FUObjectHashTables data took   1.10ms
[2026.04.26-10.30.08:898][152]LogMoviePlayer: Shutting down movie player
[2026.04.26-10.30.09:081][152]LogSlate: Updating window title bar state: overlay mode, drag disabled, window buttons hidden, title bar hidden
[2026.04.26-10.30.09:099][152]LogDemo: Cleaned up 0 splitscreen connections with owner deletion
[2026.04.26-10.30.09:114][152]LogExit: Game engine shut down
[2026.04.26-10.30.09:382][152]LogExit: Object subsystem successfully closed.
[2026.04.26-10.30.09:395][152]LogShaderCompilers: Display: === FShaderJobCache stats ===
[2026.04.26-10.30.09:395][152]LogShaderCompilers: Display: Total job queries 0, among them cache hits 0 (0.00%)
[2026.04.26-10.30.09:395][152]LogShaderCompilers: Display: Tracking 0 distinct input hashes that result in 0 distinct outputs (0.00%)
[2026.04.26-10.30.09:396][152]LogShaderCompilers: Display: RAM used: 0.00 MB (0.00 GB) of 307.20 MB (0.30 GB) budget. Usage: 0.00%
[2026.04.26-10.30.09:396][152]LogShaderCompilers: Display: ================================================
[2026.04.26-10.30.09:428][152]LogShaderCompilers: Display: Shaders left to compile 0
[2026.04.26-10.30.09:566][152]LogModuleManager: Shutting down and abandoning module SequenceRecorderSections (574)
[2026.04.26-10.30.09:567][152]LogModuleManager: Shutting down and abandoning module SequenceRecorder (572)
[2026.04.26-10.30.09:567][152]LogModuleManager: Shutting down and abandoning module AutomationController (570)
[2026.04.26-10.30.09:569][152]LogModuleManager: Shutting down and abandoning module AutomationWorker (568)
[2026.04.26-10.30.09:570][152]LogModuleManager: Shutting down and abandoning module Voice (566)
[2026.04.26-10.30.09:642][152]LogModuleManager: Shutting down and abandoning module AIModule (564)
[2026.04.26-10.30.09:643][152]LogModuleManager: Shutting down and abandoning module GameplayDebugger (563)
[2026.04.26-10.30.09:644][152]LogModuleManager: Shutting down and abandoning module AITestSuite (561)
[2026.04.26-10.30.09:645][152]LogModuleManager: Shutting down and abandoning module NavigationSystem (559)
[2026.04.26-10.30.09:646][152]LogModuleManager: Shutting down and abandoning module AnimGraph (556)
[2026.04.26-10.30.09:647][152]LogModuleManager: Shutting down and abandoning module SteamVREditor (554)
[2026.04.26-10.30.09:647][152]LogModuleManager: Shutting down and abandoning module ToolMenus (553)
[2026.04.26-10.30.09:647][152]LogModuleManager: Shutting down and abandoning module OculusMR (550)
[2026.04.26-10.30.09:647][152]LogModuleManager: Shutting down and abandoning module TakeRecorderSources (548)
[2026.04.26-10.30.09:650][152]LogModuleManager: Shutting down and abandoning module TakeRecorder (547)
[2026.04.26-10.30.09:651][152]LogModuleManager: Shutting down and abandoning module TakeTrackRecorders (544)
[2026.04.26-10.30.09:651][152]LogModuleManager: Shutting down and abandoning module TakesCore (542)
[2026.04.26-10.30.09:652][152]LogModuleManager: Shutting down and abandoning module OpenXRInput (540)
[2026.04.26-10.30.09:652][152]LogModuleManager: Shutting down and abandoning module WmfMediaFactory (538)
[2026.04.26-10.30.09:652][152]LogModuleManager: Shutting down and abandoning module WebMMediaFactory (536)
[2026.04.26-10.30.09:652][152]LogModuleManager: Shutting down and abandoning module WebMMedia (534)
[2026.04.26-10.30.09:653][152]LogModuleManager: Shutting down and abandoning module OpenExrWrapper (532)
[2026.04.26-10.30.09:653][152]LogModuleManager: Shutting down and abandoning module ImgMediaFactory (530)
[2026.04.26-10.30.09:653][152]LogModuleManager: Shutting down and abandoning module AvfMediaFactory (528)
[2026.04.26-10.30.09:653][152]LogModuleManager: Shutting down and abandoning module MagicLeapMediaCodecFactory (526)
[2026.04.26-10.30.09:653][152]LogModuleManager: Shutting down and abandoning module MagicLeapMediaFactory (524)
[2026.04.26-10.30.09:653][152]LogModuleManager: Shutting down and abandoning module PlanarCut (522)
[2026.04.26-10.30.09:654][152]LogModuleManager: Shutting down and abandoning module CharacterAI (520)
[2026.04.26-10.30.09:654][152]LogModuleManager: Shutting down and abandoning module SessionServices (518)
[2026.04.26-10.30.09:654][152]LogModuleManager: Shutting down and abandoning module MovieSceneCapture (516)
[2026.04.26-10.30.09:654][152]LogModuleManager: Shutting down and abandoning module LiveCoding (514)
[2026.04.26-10.30.09:655][152]LogModuleManager: Shutting down and abandoning module LevelSequence (512)
[2026.04.26-10.30.09:655][152]LogModuleManager: Shutting down and abandoning module MovieSceneTracks (510)
[2026.04.26-10.30.09:655][152]LogModuleManager: Shutting down and abandoning module MovieScene (508)
[2026.04.26-10.30.09:657][152]LogModuleManager: Shutting down and abandoning module StreamingPauseRendering (506)
[2026.04.26-10.30.09:658][152]LogModuleManager: Shutting down and abandoning module PortalServices (504)
[2026.04.26-10.30.09:658][152]LogModuleManager: Shutting down and abandoning module PortalRpc (502)
[2026.04.26-10.30.09:658][152]LogModuleManager: Shutting down and abandoning module MessagingRpc (500)
[2026.04.26-10.30.09:658][152]LogModuleManager: Shutting down and abandoning module AudioMixerXAudio2 (498)
[2026.04.26-10.30.09:658][152]LogModuleManager: Shutting down and abandoning module AudioMixerCore (497)
[2026.04.26-10.30.09:658][152]LogModuleManager: Shutting down and abandoning module ImageWriteQueue (494)
[2026.04.26-10.30.09:659][152]LogModuleManager: Shutting down and abandoning module ProfilerService (492)
[2026.04.26-10.30.09:758][152]LogModuleManager: Shutting down and abandoning module TaskGraph (490)
[2026.04.26-10.30.09:766][152]LogModuleManager: Shutting down and abandoning module VaRestEditor (488)
[2026.04.26-10.30.09:766][152]LogModuleManager: Shutting down and abandoning module OculusInput (486)
[2026.04.26-10.30.09:766][152]LogModuleManager: Shutting down and abandoning module TakeMovieScene (484)
[2026.04.26-10.30.09:766][152]LogModuleManager: Shutting down and abandoning module Synthesis (482)
[2026.04.26-10.30.09:767][152]LogModuleManager: Shutting down and abandoning module ProceduralMeshComponent (480)
[2026.04.26-10.30.09:767][152]LogModuleManager: Shutting down and abandoning module MobilePatchingUtils (478)
[2026.04.26-10.30.09:767][152]LogModuleManager: Shutting down and abandoning module GooglePAD (476)
[2026.04.26-10.30.09:767][152]LogModuleManager: Shutting down and abandoning module EditableMesh (474)
[2026.04.26-10.30.09:767][152]LogModuleManager: Shutting down and abandoning module CustomMeshComponent (472)
[2026.04.26-10.30.09:767][152]LogModuleManager: Shutting down and abandoning module CableComponent (470)
[2026.04.26-10.30.09:767][152]LogModuleManager: Shutting down and abandoning module AudioCapture (468)
[2026.04.26-10.30.09:767][152]LogModuleManager: Shutting down and abandoning module AudioCaptureRtAudio (467)
[2026.04.26-10.30.09:769][152]LogModuleManager: Shutting down and abandoning module AssetTags (464)
[2026.04.26-10.30.09:769][152]LogModuleManager: Shutting down and abandoning module ArchVisCharacter (462)
[2026.04.26-10.30.09:769][152]LogModuleManager: Shutting down and abandoning module AppleImageUtilsBlueprintSupport (460)
[2026.04.26-10.30.09:769][152]LogModuleManager: Shutting down and abandoning module AppleImageUtils (458)
[2026.04.26-10.30.09:769][152]LogModuleManager: Shutting down and abandoning module AndroidPermission (456)
[2026.04.26-10.30.09:769][152]LogModuleManager: Shutting down and abandoning module ActorLayerUtilities (454)
[2026.04.26-10.30.09:769][152]LogModuleManager: Shutting down and abandoning module TemplateSequence (450)
[2026.04.26-10.30.09:773][152]LogModuleManager: Shutting down and abandoning module MediaCompositing (448)
[2026.04.26-10.30.09:773][152]LogModuleManager: Shutting down and abandoning module ImgMedia (446)
[2026.04.26-10.30.09:773][152]LogModuleManager: Shutting down and abandoning module MagicLeapSharedWorld (444)
[2026.04.26-10.30.09:773][152]LogModuleManager: Shutting down and abandoning module MagicLeapLightEstimation (442)
[2026.04.26-10.30.09:773][152]LogModuleManager: Shutting down and abandoning module MagicLeapHelperVulkan (440)
[2026.04.26-10.30.09:773][152]LogModuleManager: Shutting down and abandoning module MagicLeapHelperOpenGL (438)
[2026.04.26-10.30.09:773][152]LogModuleManager: Shutting down and abandoning module MagicLeapAudio (436)
[2026.04.26-10.30.09:774][152]LogModuleManager: Shutting down and abandoning module OpenImageDenoise (434)
[2026.04.26-10.30.09:774][152]LogOpenImageDenoise: OIDN shutting down
[2026.04.26-10.30.09:774][152]LogModuleManager: Shutting down and abandoning module MotoSynth (432)
[2026.04.26-10.30.09:774][152]LogModuleManager: Shutting down and abandoning module MeshConversion (430)
[2026.04.26-10.30.09:776][152]LogModuleManager: Shutting down and abandoning module DynamicMesh (428)
[2026.04.26-10.30.09:777][152]LogModuleManager: Shutting down and abandoning module GeometryAlgorithms (426)
[2026.04.26-10.30.09:779][152]LogModuleManager: Shutting down and abandoning module GeometricObjects (424)
[2026.04.26-10.30.09:780][152]LogModuleManager: Shutting down and abandoning module GeometryCollectionTracks (422)
[2026.04.26-10.30.09:780][152]LogModuleManager: Shutting down and abandoning module GeometryCollectionSequencer (421)
[2026.04.26-10.30.09:781][152]LogModuleManager: Shutting down and abandoning module GeometryCacheTracks (418)
[2026.04.26-10.30.09:781][152]LogModuleManager: Shutting down and abandoning module GeometryCacheSequencer (417)
[2026.04.26-10.30.09:781][152]LogModuleManager: Shutting down and abandoning module GeometryCache (414)
[2026.04.26-10.30.09:781][152]LogModuleManager: Shutting down and abandoning module GeometryCacheEd (413)
[2026.04.26-10.30.09:781][152]LogModuleManager: Shutting down and abandoning module ChaosNiagara (410)
[2026.04.26-10.30.09:781][152]LogModuleManager: Shutting down and abandoning module FieldSystemEngine (409)
[2026.04.26-10.30.09:781][152]LogModuleManager: Shutting down and abandoning module AutomationUtils (406)
[2026.04.26-10.30.09:781][152]LogModuleManager: Shutting down and abandoning module BackChannel (404)
[2026.04.26-10.30.09:782][152]LogModuleManager: Shutting down and abandoning module VisualStudioSourceCodeAccess (402)
[2026.04.26-10.30.09:783][152]LogModuleManager: Shutting down and abandoning module HotReload (401)
[2026.04.26-10.30.09:784][152]LogModuleManager: Shutting down and abandoning module VisualStudioCodeSourceCodeAccess (398)
[2026.04.26-10.30.09:784][152]LogModuleManager: Shutting down and abandoning module UObjectPlugin (396)
[2026.04.26-10.30.09:784][152]LogModuleManager: Shutting down and abandoning module SubversionSourceControl (394)
[2026.04.26-10.30.09:785][152]LogModuleManager: Shutting down and abandoning module PerforceSourceControl (392)
[2026.04.26-10.30.09:789][152]LogModuleManager: Shutting down and abandoning module SourceControl (391)
[2026.04.26-10.30.09:789][152]LogModuleManager: Shutting down and abandoning module CLionSourceCodeAccess (388)
[2026.04.26-10.30.09:789][152]LogModuleManager: Shutting down and abandoning module OodleNetworkHandlerComponent (386)
[2026.04.26-10.30.09:790][152]LogModuleManager: Shutting down and abandoning module LiveLinkSequencer (384)
[2026.04.26-10.30.09:790][152]LogModuleManager: Shutting down and abandoning module LiveLinkMovieScene (382)
[2026.04.26-10.30.09:790][152]LogModuleManager: Shutting down and abandoning module LiveLinkGraphNode (380)
[2026.04.26-10.30.09:790][152]LogModuleManager: Shutting down and abandoning module LiveLinkComponents (378)
[2026.04.26-10.30.09:790][152]LogModuleManager: Shutting down and abandoning module LiveLink (376)
[2026.04.26-10.30.10:084][152]LogModuleManager: Shutting down and abandoning module Playtime_Multiplayer (374)
[2026.04.26-10.30.10:084][152]LogModuleManager: Shutting down and abandoning module VaRest (372)
[2026.04.26-10.30.10:084][152]LogModuleManager: Shutting down and abandoning module AdvancedSteamSessions (370)
[2026.04.26-10.30.10:084][152]LogModuleManager: Shutting down and abandoning module AdvancedSessions (368)
[2026.04.26-10.30.10:084][152]LogModuleManager: Shutting down and abandoning module SoundFields (366)
[2026.04.26-10.30.10:084][152]LogModuleManager: Shutting down and abandoning module PhysXVehiclesEditor (364)
[2026.04.26-10.30.10:084][152]LogModuleManager: Shutting down and abandoning module SignificanceManager (360)
[2026.04.26-10.30.10:084][152]LogModuleManager: Shutting down and abandoning module RuntimePhysXCooking (358)
[2026.04.26-10.30.10:084][152]LogModuleManager: Shutting down and abandoning module PropertyAccessEditor (356)
[2026.04.26-10.30.10:085][152]LogModuleManager: Shutting down and abandoning module LocationServicesBPLibrary (354)
[2026.04.26-10.30.10:085][152]LogModuleManager: Shutting down and abandoning module AudioSynesthesia (352)
[2026.04.26-10.30.10:086][152]LogModuleManager: Shutting down and abandoning module AudioSynesthesiaCore (350)
[2026.04.26-10.30.10:086][152]LogModuleManager: Shutting down and abandoning module ActorSequence (348)
[2026.04.26-10.30.10:086][152]LogModuleManager: Shutting down and abandoning module UdpMessaging (346)
[2026.04.26-10.30.10:187][152]LogModuleManager: Shutting down and abandoning module TcpMessaging (344)
[2026.04.26-10.30.10:290][152]LogModuleManager: Shutting down and abandoning module ImgMediaEngine (342)
[2026.04.26-10.30.10:290][152]LogModuleManager: Shutting down and abandoning module MagicLeapARPin (340)
[2026.04.26-10.30.10:290][152]LogModuleManager: Shutting down and abandoning module MagicLeapHandMeshing (338)
[2026.04.26-10.30.10:290][152]LogModuleManager: Shutting down and abandoning module MagicLeapSecureStorage (336)
[2026.04.26-10.30.10:290][152]LogModuleManager: Shutting down and abandoning module MagicLeapPrivileges (334)
[2026.04.26-10.30.10:290][152]LogModuleManager: Shutting down and abandoning module MagicLeapPlanes (332)
[2026.04.26-10.30.10:291][152]LogMagicLeapPlanes: Planes tracker already destroyed.
[2026.04.26-10.30.10:291][152]LogModuleManager: Shutting down and abandoning module MagicLeapImageTracker (330)
[2026.04.26-10.30.10:291][152]LogModuleManager: Shutting down and abandoning module MagicLeapIdentity (328)
[2026.04.26-10.30.10:291][152]LogModuleManager: Shutting down and abandoning module MagicLeapHandTracking (326)
[2026.04.26-10.30.10:292][152]LogModuleManager: Shutting down and abandoning module MagicLeapEyeTracker (324)
[2026.04.26-10.30.10:292][152]LogModuleManager: Shutting down and abandoning module MagicLeapController (322)
[2026.04.26-10.30.10:292][152]LogModuleManager: Shutting down and abandoning module MagicLeapARPinImpl (320)
[2026.04.26-10.30.10:292][152]LogModuleManager: Shutting down and abandoning module MagicLeapAR (318)
[2026.04.26-10.30.10:292][152]LogModuleManager: Shutting down and abandoning module NiagaraAnimNotifies (316)
[2026.04.26-10.30.10:292][152]LogModuleManager: Shutting down and abandoning module Niagara (314)
[2026.04.26-10.30.10:292][152]LogModuleManager: Shutting down and abandoning module SignalProcessing (313)
[2026.04.26-10.30.10:293][152]LogModuleManager: Shutting down and abandoning module NiagaraEditor (311)
[2026.04.26-10.30.10:295][152]LogModuleManager: Shutting down and abandoning module ContentBrowser (310)
[2026.04.26-10.30.10:295][152]LogModuleManager: Shutting down and abandoning module CollectionManager (309)
[2026.04.26-10.30.10:297][152]LogModuleManager: Shutting down and abandoning module DirectoryWatcher (308)
[2026.04.26-10.30.10:297][152]LogModuleManager: Shutting down and abandoning module ContentBrowserData (305)
[2026.04.26-10.30.10:297][152]LogModuleManager: Shutting down and abandoning module NiagaraCore (300)
[2026.04.26-10.30.10:297][152]LogModuleManager: Shutting down and abandoning module PythonScriptPlugin (298)
[2026.04.26-10.30.10:297][152]LogModuleManager: Shutting down and abandoning module GameplayTagsEditor (296)
[2026.04.26-10.30.10:298][152]LogModuleManager: Shutting down and abandoning module FacialAnimation (294)
[2026.04.26-10.30.10:298][152]LogModuleManager: Shutting down and abandoning module AssetManagerEditor (292)
[2026.04.26-10.30.10:299][152]LogModuleManager: Shutting down and abandoning module TreeMap (291)
[2026.04.26-10.30.10:300][152]LogModuleManager: Shutting down and abandoning module PropertyAccessNode (288)
[2026.04.26-10.30.10:300][152]LogModuleManager: Shutting down and abandoning module AnimationSharing (286)
[2026.04.26-10.30.10:300][152]LogModuleManager: Shutting down and abandoning module GameplayCameras (284)
[2026.04.26-10.30.10:300][152]LogModuleManager: Shutting down and abandoning module LightPropagationVolumeRuntime (282)
[2026.04.26-10.30.10:300][152]LogModuleManager: Shutting down and abandoning module EnvironmentQueryEditor (280)
[2026.04.26-10.30.10:302][152]LogModuleManager: Shutting down and abandoning module Paper2D (278)
[2026.04.26-10.30.10:302][152]LogModuleManager: Shutting down and abandoning module WindowsMoviePlayer (276)
[2026.04.26-10.30.10:303][152]LogModuleManager: Shutting down and abandoning module WebMMoviePlayer (274)
[2026.04.26-10.30.10:303][152]LogModuleManager: Shutting down and abandoning module NetworkReplayStreaming (272)
[2026.04.26-10.30.10:303][152]LogModuleManager: Shutting down and abandoning module PacketHandler (270)
[2026.04.26-10.30.10:303][152]LogModuleManager: Shutting down and abandoning module ClothingSystemEditor (268)
[2026.04.26-10.30.10:303][152]LogModuleManager: Shutting down and abandoning module ClothingSystemRuntimeNv (266)
[2026.04.26-10.30.10:305][152]LogModuleManager: Shutting down and abandoning module MediaAssets (264)
[2026.04.26-10.30.10:305][152]LogModuleManager: Shutting down and abandoning module Overlay (262)
[2026.04.26-10.30.10:305][152]LogModuleManager: Shutting down and abandoning module OverlayEditor (261)
[2026.04.26-10.30.10:305][152]LogModuleManager: Shutting down and abandoning module VREditor (258)
[2026.04.26-10.30.10:306][152]LogModuleManager: Shutting down and abandoning module StringTableEditor (256)
[2026.04.26-10.30.10:306][152]LogModuleManager: Shutting down and abandoning module GameplayTasksEditor (254)
[2026.04.26-10.30.10:306][152]LogModuleManager: Shutting down and abandoning module BehaviorTreeEditor (252)
[2026.04.26-10.30.10:307][152]LogModuleManager: Shutting down and abandoning module FunctionalTesting (250)
[2026.04.26-10.30.10:309][152]LogModuleManager: Shutting down and abandoning module CollisionAnalyzer (248)
[2026.04.26-10.30.10:310][152]LogModuleManager: Shutting down and abandoning module WorkspaceMenuStructure (247)
[2026.04.26-10.30.10:310][152]LogModuleManager: Shutting down and abandoning module UMG (244)
[2026.04.26-10.30.10:310][152]LogModuleManager: Shutting down and abandoning module UMGEditor (243)
[2026.04.26-10.30.10:312][152]LogModuleManager: Shutting down and abandoning module Sequencer (242)
[2026.04.26-10.30.10:314][152]LogModuleManager: Shutting down and abandoning module MessageLog (239)
[2026.04.26-10.30.10:315][152]LogModuleManager: Shutting down and abandoning module SlateReflector (234)
[2026.04.26-10.30.10:320][152]LogModuleManager: Shutting down and abandoning module Slate (232)
[2026.04.26-10.30.10:320][152]LogModuleManager: Shutting down and abandoning module SlateCore (230)
[2026.04.26-10.30.10:322][152]LogModuleManager: Shutting down and abandoning module LandscapeEditorUtilities (228)
[2026.04.26-10.30.10:322][152]LogModuleManager: Shutting down and abandoning module UnrealEd (226)
[2026.04.26-10.30.10:322][152]LogModuleManager: Shutting down and abandoning module MRMesh (224)
[2026.04.26-10.30.10:322][152]LogModuleManager: Shutting down and abandoning module Messaging (222)
[2026.04.26-10.30.10:322][152]LogModuleManager: Shutting down and abandoning module SourceCodeAccess (220)
[2026.04.26-10.30.10:322][152]LogModuleManager: Shutting down and abandoning module HeadMountedDisplay (218)
[2026.04.26-10.30.10:322][152]LogModuleManager: Shutting down and abandoning module XAudio2 (216)
[2026.04.26-10.30.10:323][152]LogModuleManager: Shutting down and abandoning module Networking (214)
[2026.04.26-10.30.10:323][152]LogModuleManager: Shutting down and abandoning module Core (212)
[2026.04.26-10.30.10:323][152]LogModuleManager: Shutting down and abandoning module MaterialEditor (210)
[2026.04.26-10.30.10:325][152]LogModuleManager: Shutting down and abandoning module MovieSceneTools (208)
[2026.04.26-10.30.10:327][152]LogModuleManager: Shutting down and abandoning module EditorStyle (207)
[2026.04.26-10.30.10:329][152]LogModuleManager: Shutting down and abandoning module KismetCompiler (204)
[2026.04.26-10.30.10:329][152]LogModuleManager: Shutting down and abandoning module MeshBuilder (202)
[2026.04.26-10.30.10:329][152]LogModuleManager: Shutting down and abandoning module MeshUtilities (200)
[2026.04.26-10.30.10:330][152]LogModuleManager: Shutting down and abandoning module MeshMergeUtilities (199)
[2026.04.26-10.30.10:330][152]LogModuleManager: Shutting down and abandoning module MeshReductionInterface (198)
[2026.04.26-10.30.10:330][152]LogModuleManager: Shutting down and abandoning module MeshBoneReduction (197)
[2026.04.26-10.30.10:330][152]LogModuleManager: Shutting down and abandoning module SkeletalMeshReduction (195)
[2026.04.26-10.30.10:331][152]LogModuleManager: Shutting down and abandoning module ProxyLODMeshReduction (193)
[2026.04.26-10.30.10:333][152]LogModuleManager: Shutting down and abandoning module QuadricMeshReduction (191)
[2026.04.26-10.30.10:333][152]LogModuleManager: Shutting down and abandoning module MaterialBaking (187)
[2026.04.26-10.30.10:335][152]LogModuleManager: Shutting down and abandoning module NullInstallBundleManager (182)
[2026.04.26-10.30.10:335][152]LogModuleManager: Shutting down and abandoning module PIEPreviewDeviceProfileSelector (180)
[2026.04.26-10.30.10:335][152]LogModuleManager: Shutting down and abandoning module DerivedDataCache (178)
[2026.04.26-10.30.10:335][152]LogModuleManager: Shutting down and abandoning module TargetPlatform (176)
[2026.04.26-10.30.10:336][152]LogModuleManager: Shutting down and abandoning module VulkanShaderFormat (175)
[2026.04.26-10.30.10:339][152]LogModuleManager: Shutting down and abandoning module ShaderFormatVectorVM (173)
[2026.04.26-10.30.10:339][152]LogModuleManager: Shutting down and abandoning module ShaderFormatOpenGL (171)
[2026.04.26-10.30.10:340][152]LogModuleManager: Shutting down and abandoning module ShaderFormatD3D (169)
[2026.04.26-10.30.10:341][152]LogModuleManager: Shutting down and abandoning module MetalShaderFormat (167)
[2026.04.26-10.30.10:342][152]LogModuleManager: Shutting down and abandoning module TextureFormatOodle (165)
[2026.04.26-10.30.10:342][152]LogModuleManager: Shutting down and abandoning module TextureFormatUncompressed (163)
[2026.04.26-10.30.10:342][152]LogModuleManager: Shutting down and abandoning module TextureFormatPVR (161)
[2026.04.26-10.30.10:342][152]LogModuleManager: Shutting down and abandoning module TextureFormatETC2 (159)
[2026.04.26-10.30.10:343][152]LogModuleManager: Shutting down and abandoning module TextureFormatDXT (157)
[2026.04.26-10.30.10:343][152]LogModuleManager: Shutting down and abandoning module TextureFormatIntelISPCTexComp (155)
[2026.04.26-10.30.10:344][152]LogModuleManager: Shutting down and abandoning module TextureFormatASTC (153)
[2026.04.26-10.30.10:344][152]LogModuleManager: Shutting down and abandoning module ImageWrapper (152)
[2026.04.26-10.30.10:344][152]LogModuleManager: Shutting down and abandoning module AudioFormatOpus (149)
[2026.04.26-10.30.10:344][152]LogModuleManager: Shutting down and abandoning module AudioFormatOgg (147)
[2026.04.26-10.30.10:344][152]LogModuleManager: Shutting down and abandoning module AudioFormatADPCM (145)
[2026.04.26-10.30.10:344][152]LogModuleManager: Shutting down and abandoning module WindowsServerTargetPlatform (143)
[2026.04.26-10.30.10:344][152]LogModuleManager: Shutting down and abandoning module WindowsClientTargetPlatform (141)
[2026.04.26-10.30.10:344][152]LogModuleManager: Shutting down and abandoning module WindowsTargetPlatform (139)
[2026.04.26-10.30.10:344][152]LogModuleManager: Shutting down and abandoning module WindowsNoEditorTargetPlatform (137)
[2026.04.26-10.30.10:344][152]LogModuleManager: Shutting down and abandoning module D3D11RHI (134)
[2026.04.26-10.30.10:345][152]LogModuleManager: Shutting down and abandoning module InputCore (132)
[2026.04.26-10.30.10:345][152]LogModuleManager: Shutting down and abandoning module Settings (130)
[2026.04.26-10.30.10:345][152]LogModuleManager: Shutting down and abandoning module PhysXCooking (128)
[2026.04.26-10.30.10:345][152]LogModuleManager: Shutting down and abandoning module Chaos (126)
[2026.04.26-10.30.10:346][152]LogModuleManager: Shutting down and abandoning module WindowsPlatformFeatures (124)
[2026.04.26-10.30.10:346][152]LogModuleManager: Shutting down and abandoning module GameplayMediaEncoder (123)
[2026.04.26-10.30.10:346][152]LogModuleManager: Shutting down and abandoning module AVEncoder (122)
[2026.04.26-10.30.10:347][152]LogModuleManager: Shutting down and abandoning module SteamVRInputDevice (118)
[2026.04.26-10.30.10:347][152]LogModuleManager: Shutting down and abandoning module SteamVRInput (116)
[2026.04.26-10.30.10:347][152]LogModuleManager: Shutting down and abandoning module SteamVR (114)
[2026.04.26-10.30.10:347][152]LogHMD: Freeing OpenVRDLLHandle.
[2026.04.26-10.30.10:347][152]LogModuleManager: Shutting down and abandoning module OculusHMD (112)
[2026.04.26-10.30.10:347][152]LogModuleManager: Shutting down and abandoning module OpenXRHandTracking (110)
[2026.04.26-10.30.10:348][152]LogSlate: Slate User Destroyed.  User Index 0, Is Virtual User: 0
[2026.04.26-10.30.10:348][152]LogModuleManager: Shutting down and abandoning module OpenXREyeTracker (108)
[2026.04.26-10.30.10:348][152]LogModuleManager: Shutting down and abandoning module OpenXRAR (106)
[2026.04.26-10.30.10:348][152]LogModuleManager: Shutting down and abandoning module AugmentedReality (105)
[2026.04.26-10.30.10:348][152]LogModuleManager: Shutting down and abandoning module OpenXRHMD (102)
[2026.04.26-10.30.10:351][152]LogModuleManager: Shutting down and abandoning module ExampleDeviceProfileSelector (100)
[2026.04.26-10.30.10:351][152]LogModuleManager: Shutting down and abandoning module ChunkDownloader (98)
[2026.04.26-10.30.10:351][152]LogModuleManager: Shutting down and abandoning module LauncherChunkInstaller (96)
[2026.04.26-10.30.10:352][152]LogModuleManager: Shutting down and abandoning module OnlineBlueprintSupport (94)
[2026.04.26-10.30.10:352][152]LogModuleManager: Shutting down and abandoning module OnlineSubsystem (90)
[2026.04.26-10.30.10:352][152]LogOnline: Display: STEAM: OnlineSubsystemSteam::Shutdown()
[2026.04.26-10.30.10:358][152]LogOnline: STEAM: AUTH: Revoking all tickets.
[2026.04.26-10.30.10:361][152]LogSteamShared: Unloading the Steam server API...
[2026.04.26-10.30.10:383][152]LogSteamShared: Unloading the Steam API...
[2026.04.26-10.30.10:489][152]LogOnline: Display: STEAM: OnlineSubsystemSteam::Shutdown()
[2026.04.26-10.30.10:489][152]LogModuleManager: Shutting down and abandoning module SteamShared (86)
[2026.04.26-10.30.10:489][152]LogSteamShared: Freeing the Steam Loaded Modules...
[2026.04.26-10.30.10:489][152]LogModuleManager: Shutting down and abandoning module XMPP (83)
[2026.04.26-10.30.10:493][152]LogModuleManager: Shutting down and abandoning module WebSockets (82)
[2026.04.26-10.30.10:524][152]LogModuleManager: Shutting down and abandoning module HTTP (79)
[2026.04.26-10.30.10:524][152]LogHttp: Display: cleaning up 0 outstanding Http requests.
[2026.04.26-10.30.10:528][152]LogModuleManager: Shutting down and abandoning module SSL (78)
[2026.04.26-10.30.10:531][152]LogModuleManager: Shutting down and abandoning module WmfMedia (74)
[2026.04.26-10.30.10:533][152]LogModuleManager: Shutting down and abandoning module Media (73)
[2026.04.26-10.30.10:534][152]LogModuleManager: Shutting down and abandoning module MediaInfo (72)
[2026.04.26-10.30.10:534][152]LogModuleManager: Shutting down and abandoning module ExrReaderGpu (68)
[2026.04.26-10.30.10:534][152]LogModuleManager: Shutting down and abandoning module MLSDK (66)
[2026.04.26-10.30.10:534][152]LogModuleManager: Shutting down and abandoning module MagicLeap (64)
[2026.04.26-10.30.10:534][152]LogModuleManager: Shutting down and abandoning module NiagaraVertexFactories (62)
[2026.04.26-10.30.10:534][152]LogModuleManager: Shutting down and abandoning module NiagaraShader (60)
[2026.04.26-10.30.10:534][152]LogModuleManager: Shutting down and abandoning module ChaosCloth (58)
[2026.04.26-10.30.10:536][152]LogModuleManager: Shutting down and abandoning module VariantManagerContent (56)
[2026.04.26-10.30.10:536][152]LogModuleManager: Shutting down and abandoning module DatasmithContent (54)
[2026.04.26-10.30.10:537][152]LogModuleManager: Shutting down and abandoning module PixWinPlugin (52)
[2026.04.26-10.30.10:538][152]LogModuleManager: Shutting down and abandoning module AISupportModule (50)
[2026.04.26-10.30.10:538][152]LogModuleManager: Shutting down and abandoning module DesktopPlatform (48)
[2026.04.26-10.30.10:538][152]LogModuleManager: Shutting down and abandoning module PythonScriptPluginPreload (46)
[2026.04.26-10.30.10:538][152]LogModuleManager: Shutting down and abandoning module PlatformCryptoOpenSSL (44)
[2026.04.26-10.30.10:539][152]LogModuleManager: Shutting down and abandoning module PlatformCryptoTypes (42)
[2026.04.26-10.30.10:539][152]LogModuleManager: Shutting down and abandoning module PlatformCrypto (40)
[2026.04.26-10.30.10:539][152]LogModuleManager: Shutting down and abandoning module OodleDataCompressionFormat (38)
[2026.04.26-10.30.10:540][152]LogModuleManager: Shutting down and abandoning module XGEController (36)
[2026.04.26-10.30.10:540][152]LogModuleManager: Shutting down and abandoning module AnimationModifiers (34)
[2026.04.26-10.30.10:542][152]LogModuleManager: Shutting down and abandoning module AudioEditor (32)
[2026.04.26-10.30.10:543][152]LogModuleManager: Shutting down and abandoning module PropertyEditor (31)
[2026.04.26-10.30.10:544][152]LogModuleManager: Shutting down and abandoning module TextureCompressor (28)
[2026.04.26-10.30.10:544][152]LogModuleManager: Shutting down and abandoning module RenderCore (26)
[2026.04.26-10.30.10:544][152]LogModuleManager: Shutting down and abandoning module Landscape (24)
[2026.04.26-10.30.10:544][152]LogModuleManager: Shutting down and abandoning module SlateRHIRenderer (22)
[2026.04.26-10.30.10:545][152]LogModuleManager: Shutting down and abandoning module AnimGraphRuntime (20)
[2026.04.26-10.30.10:546][152]LogModuleManager: Shutting down and abandoning module Renderer (18)
[2026.04.26-10.30.10:547][152]LogModuleManager: Shutting down and abandoning module Engine (16)
[2026.04.26-10.30.10:547][152]LogModuleManager: Shutting down and abandoning module CoreUObject (14)
[2026.04.26-10.30.10:547][152]LogModuleManager: Shutting down and abandoning module NetworkFile (12)
[2026.04.26-10.30.10:548][152]LogModuleManager: Shutting down and abandoning module CookedIterativeFile (10)
[2026.04.26-10.30.10:548][152]LogModuleManager: Shutting down and abandoning module StreamingFile (8)
[2026.04.26-10.30.10:548][152]LogModuleManager: Shutting down and abandoning module SandboxFile (6)
[2026.04.26-10.30.10:548][152]LogModuleManager: Shutting down and abandoning module PakFile (4)
[2026.04.26-10.30.10:549][152]LogModuleManager: Shutting down and abandoning module RSA (3)
[2026.04.26-10.30.10:740][152]LogContentStreaming: Display: There are 1 unreleased StreamingManagers
[2026.04.26-10.30.10:751][152]LogD3D11RHI: Shutdown
[2026.04.26-10.30.10:751][152]LogD3D11RHI: CleanupD3DDevice
[2026.04.26-10.30.10:760][152]LogExit: Exiting.
[2026.04.26-10.30.10:768][152]Log file closed, 04/26/26 12:30:10
