Log file open, 04/02/26 12:21:52
LogWindows: Failed to load 'aqProf.dll' (GetLastError=126)
LogWindows: File 'aqProf.dll' does not exist
LogWindows: Failed to load 'VtuneApi.dll' (GetLastError=126)
LogWindows: File 'VtuneApi.dll' does not exist
LogWindows: Failed to load 'VtuneApi32e.dll' (GetLastError=126)
LogWindows: File 'VtuneApi32e.dll' does not exist
LogConsoleResponse: Display: Failed to find resolution value strings in scalability ini. Falling back to default.
LogConsoleResponse: Display: Failed to find resolution value strings in scalability ini. Falling back to default.
LogInit: Display: Running engine for game: Playtime_Multiplayer
LogPlatformFile: Not using cached read wrapper
LogTaskGraph: Started task graph with 5 named threads and 35 total threads with 3 sets of task threads.
LogStats: Stats thread started at 0.511305
LogICUInternationalization: ICU TimeZone Detection - Raw Offset: +3:00, Platform Override: ''
LogInit: Display: Loading text-based GConfig....
LogPluginManager: Mounting plugin MeshPainting
LogPluginManager: Mounting plugin XGEController
LogPluginManager: Mounting plugin Paper2D
LogPluginManager: Mounting plugin EnvironmentQueryEditor
LogPluginManager: Mounting plugin AISupport
LogPluginManager: Mounting plugin LiveLink
LogPluginManager: Mounting plugin OodleNetwork
LogPluginManager: Mounting plugin OodleData
LogPluginManager: Mounting plugin GameplayCameras
LogPluginManager: Mounting plugin CameraShakePreviewer
LogPluginManager: Mounting plugin AnimationSharing
LogPluginManager: Mounting plugin CLionSourceCodeAccess
LogPluginManager: Mounting plugin GitSourceControl
LogPluginManager: Mounting plugin KDevelopSourceCodeAccess
LogPluginManager: Mounting plugin NullSourceCodeAccess
LogPluginManager: Mounting plugin PerforceSourceControl
LogPluginManager: Mounting plugin PlasticSourceControl
LogPluginManager: Mounting plugin PixWinPlugin
LogPluginManager: Mounting plugin PluginUtils
LogPluginManager: Mounting plugin CodeLiteSourceCodeAccess
LogPluginManager: Mounting plugin RiderSourceCodeAccess
LogPluginManager: Mounting plugin TextureFormatOodle
LogPluginManager: Mounting plugin SubversionSourceControl
LogPluginManager: Mounting plugin UObjectPlugin
LogPluginManager: Mounting plugin VariantManagerContent
LogPluginManager: Mounting plugin VisualStudioCodeSourceCodeAccess
LogPluginManager: Mounting plugin DatasmithContent
LogPluginManager: Mounting plugin VisualStudioSourceCodeAccess
LogPluginManager: Mounting plugin XCodeSourceCodeAccess
LogPluginManager: Mounting plugin AlembicImporter
LogPluginManager: Mounting plugin AutomationUtils
LogPluginManager: Mounting plugin BackChannel
LogPluginManager: Mounting plugin ChaosClothEditor
LogPluginManager: Mounting plugin ChaosEditor
LogPluginManager: Mounting plugin PropertyAccessNode
LogPluginManager: Mounting plugin ChaosNiagara
LogPluginManager: Mounting plugin ChaosSolverPlugin
LogPluginManager: Mounting plugin ChaosCloth
LogPluginManager: Mounting plugin CharacterAI
LogPluginManager: Mounting plugin AssetManagerEditor
LogPluginManager: Mounting plugin GeometryCache
LogPluginManager: Mounting plugin CurveEditorTools
LogPluginManager: Mounting plugin DataValidation
LogPluginManager: Mounting plugin GeometryCollectionPlugin
LogPluginManager: Mounting plugin FacialAnimation
LogPluginManager: Mounting plugin GameplayTagsEditor
LogPluginManager: Mounting plugin GeometryMode
LogPluginManager: Mounting plugin MacGraphicsSwitching
LogPluginManager: Mounting plugin CryptoKeys
LogPluginManager: Mounting plugin MaterialAnalyzer
LogPluginManager: Mounting plugin SpeedTreeImporter
LogPluginManager: Mounting plugin PluginBrowser
LogPluginManager: Mounting plugin LightPropagationVolume
LogPluginManager: Mounting plugin GeometryProcessing
LogPluginManager: Mounting plugin MotoSynth
LogPluginManager: Mounting plugin OpenImageDenoise
LogPluginManager: Mounting plugin LuminPlatformFeatures
LogPluginManager: Mounting plugin PlatformCrypto
LogPluginManager: Mounting plugin ProxyLODPlugin
LogPluginManager: Mounting plugin PythonScriptPlugin
LogPluginManager: Mounting plugin MagicLeap
LogPluginManager: Mounting plugin PlanarCut
LogPluginManager: Mounting plugin MagicLeapLightEstimation
LogPluginManager: Mounting plugin MagicLeapMedia
LogPluginManager: Mounting plugin MagicLeapPassableWorld
LogPluginManager: Mounting plugin MLSDK
LogPluginManager: Mounting plugin AndroidMedia
LogPluginManager: Mounting plugin AvfMedia
LogPluginManager: Mounting plugin MobileLauncherProfileWizard
LogPluginManager: Mounting plugin ImgMedia
LogPluginManager: Mounting plugin MediaCompositing
LogPluginManager: Mounting plugin MediaPlayerEditor
LogPluginManager: Mounting plugin WmfMedia
LogPluginManager: Mounting plugin Niagara
LogPluginManager: Mounting plugin WebMMedia
LogPluginManager: Mounting plugin ActorSequence
LogPluginManager: Mounting plugin SkeletalReduction
LogPluginManager: Mounting plugin TcpMessaging
LogPluginManager: Mounting plugin LevelSequenceEditor
LogPluginManager: Mounting plugin UdpMessaging
LogPluginManager: Mounting plugin MatineeToLevelSequence
LogPluginManager: Mounting plugin TemplateSequence
LogPluginManager: Mounting plugin OnlineSubsystem
LogPluginManager: Mounting plugin OnlineSubsystemNull
LogPluginManager: Mounting plugin LauncherChunkInstaller
LogPluginManager: Mounting plugin OnlineSubsystemUtils
LogPluginManager: Mounting plugin ActorLayerUtilities
LogPluginManager: Mounting plugin AndroidDeviceProfileSelector
LogPluginManager: Mounting plugin AndroidMoviePlayer
LogPluginManager: Mounting plugin AndroidPermission
LogPluginManager: Mounting plugin AppleMoviePlayer
LogPluginManager: Mounting plugin ArchVisCharacter
LogPluginManager: Mounting plugin AssetTags
LogPluginManager: Mounting plugin AudioCapture
LogPluginManager: Mounting plugin AudioSynesthesia
LogPluginManager: Mounting plugin AppleImageUtils
LogPluginManager: Mounting plugin CableComponent
LogPluginManager: Mounting plugin ChunkDownloader
LogPluginManager: Mounting plugin CustomMeshComponent
LogPluginManager: Mounting plugin ExampleDeviceProfileSelector
LogPluginManager: Mounting plugin GoogleCloudMessaging
LogPluginManager: Mounting plugin GooglePAD
LogPluginManager: Mounting plugin EditableMesh
LogPluginManager: Mounting plugin IOSDeviceProfileSelector
LogPluginManager: Mounting plugin LinuxDeviceProfileSelector
LogPluginManager: Mounting plugin LocationServicesBPLibrary
LogPluginManager: Mounting plugin MobilePatchingUtils
LogPluginManager: Mounting plugin ScreenshotTools
LogPluginManager: Mounting plugin OpenXREyeTracker
LogPluginManager: Mounting plugin OpenXR
LogPluginManager: Mounting plugin OpenXRHandTracking
LogPluginManager: Mounting plugin PhysXVehicles
LogPluginManager: Mounting plugin Takes
LogPluginManager: Mounting plugin PostSplashScreen
LogPluginManager: Mounting plugin PropertyAccessEditor
LogPluginManager: Mounting plugin SignificanceManager
LogPluginManager: Mounting plugin RuntimePhysXCooking
LogPluginManager: Mounting plugin SoundFields
LogPluginManager: Mounting plugin Synthesis
LogPluginManager: Mounting plugin WebMMoviePlayer
LogPluginManager: Mounting plugin WindowsMoviePlayer
LogPluginManager: Mounting plugin ProceduralMeshComponent
LogPluginManager: Mounting plugin ContentBrowserAssetDataSource
LogPluginManager: Mounting plugin ContentBrowserClassDataSource
LogPluginManager: Mounting plugin ContentBrowserFileDataSource
LogPluginManager: Mounting plugin OnlineSubsystemIOS
LogPluginManager: Mounting plugin OnlineSubsystemGooglePlay
LogPluginManager: Mounting plugin OculusVR
LogPluginManager: Mounting plugin SteamVR
LogPluginManager: Mounting plugin AdvancedSessions
PixWinPlugin: PIX capture plugin failed to initialize! Check that the process is launched from PIX.
LogInit: Using libcurl 7.55.1-DEV
LogInit:  - built for x86_64-pc-win32
LogInit:  - supports SSL with OpenSSL/1.1.1
LogInit:  - supports HTTP deflate (compression) using libz 1.2.8
LogInit:  - other features:
LogInit:      CURL_VERSION_SSL
LogInit:      CURL_VERSION_LIBZ
LogInit:      CURL_VERSION_IPV6
LogInit:      CURL_VERSION_ASYNCHDNS
LogInit:      CURL_VERSION_LARGEFILE
LogInit:      CURL_VERSION_IDN
LogInit:  CurlRequestOptions (configurable via config and command line):
LogInit:  - bVerifyPeer = true  - Libcurl will verify peer certificate
LogInit:  - bUseHttpProxy = false  - Libcurl will NOT use HTTP proxy
LogInit:  - bDontReuseConnections = false  - Libcurl will reuse connections
LogInit:  - MaxHostConnections = 16  - Libcurl will limit the number of connections to a host
LogInit:  - LocalHostAddr = Default
LogInit:  - BufferSize = 65536
LogModuleManager: Warning: ModuleManager: Unable to load module 'OnlineSubsystemSteam'  - 0 instances of that module name found.
LogOnline: Warning: OSS: TryLoadSubsystemAndSetDefault: LoadSubsystemModule([Steam]) failed
LogOnline: OSS: Creating online subsystem instance for: NULL
LogInit: WinSock: version 1.1 (2.2), MaxSocks=32767, MaxUdp=65467
LogOnline: OSS: TryLoadSubsystemAndSetDefault: Loaded subsystem for module [NULL]
LogOculusPluginWrapper: OculusPlugin initialized successfully
LogHMD: Failed initializing OVRPlugin 1.59.0
LogInit: Build: ++UE4+Release-4.27-CL-18319896
LogInit: Engine Version: 4.27.2-18319896+++UE4+Release-4.27
LogInit: Compatible Engine Version: 4.27.0-17155196+++UE4+Release-4.27
LogInit: Net CL: 17155196
LogInit: OS: Windows 10 (Release 2009) (), CPU: Intel(R) Core(TM) i5-10400T CPU @ 2.00GHz, GPU: Intel(R) UHD Graphics 630
LogInit: Compiled (64-bit): Nov 30 2021 07:12:08
LogInit: Compiled with Visual C++: 19.24.28315.00
LogInit: Build Configuration: Development
LogInit: Branch Name: ++UE4+Release-4.27
LogInit: Command Line:  /Game/MAPS/Main_Menu -game -PIEVIACONSOLE -Multiprocess "GameUserSettingsINI=C:/Users/User/Documents/Unreal Projects/Playtime_Multiplayer/Saved/Config/Windows/PIEGameUserSettings0.ini" -MultiprocessSaveConfig -forcepassthrough -messaging -SessionName="Play in Standalone Game" -windowed -WinX=0 -WinY=26 SAVEWINPOS=1 -ResX=1270 -ResY=937
LogInit: Base Directory: C:/Program Files/Epic Games/UE_4.27/Engine/Binaries/Win64/
LogInit: Allocator: TBB
LogInit: Installed Engine Build: 1
LogDevObjectVersion: Number of dev versions registered: 29
LogDevObjectVersion:   Dev-Blueprints (B0D832E4-1F89-4F0D-ACCF-7EB736FD4AA2): 10
LogDevObjectVersion:   Dev-Build (E1C64328-A22C-4D53-A36C-8E866417BD8C): 0
LogDevObjectVersion:   Dev-Core (375EC13C-06E4-48FB-B500-84F0262A717E): 4
LogDevObjectVersion:   Dev-Editor (E4B068ED-F494-42E9-A231-DA0B2E46BB41): 40
LogDevObjectVersion:   Dev-Framework (CFFC743F-43B0-4480-9391-14DF171D2073): 37
LogDevObjectVersion:   Dev-Mobile (B02B49B5-BB20-44E9-A304-32B752E40360): 3
LogDevObjectVersion:   Dev-Networking (A4E4105C-59A1-49B5-A7C5-40C4547EDFEE): 0
LogDevObjectVersion:   Dev-Online (39C831C9-5AE6-47DC-9A44-9C173E1C8E7C): 0
LogDevObjectVersion:   Dev-Physics (78F01B33-EBEA-4F98-B9B4-84EACCB95AA2): 14
LogDevObjectVersion:   Dev-Platform (6631380F-2D4D-43E0-8009-CF276956A95A): 0
LogDevObjectVersion:   Dev-Rendering (12F88B9F-8875-4AFC-A67C-D90C383ABD29): 45
LogDevObjectVersion:   Dev-Sequencer (7B5AE74C-D270-4C10-A958-57980B212A5A): 13
LogDevObjectVersion:   Dev-VR (D7296918-1DD6-4BDD-9DE2-64A83CC13884): 3
LogDevObjectVersion:   Dev-LoadTimes (C2A15278-BFE7-4AFE-6C17-90FF531DF755): 1
LogDevObjectVersion:   Private-Geometry (6EACA3D4-40EC-4CC1-B786-8BED09428FC5): 3
LogDevObjectVersion:   Dev-AnimPhys (29E575DD-E0A3-4627-9D10-D276232CDCEA): 17
LogDevObjectVersion:   Dev-Anim (AF43A65D-7FD3-4947-9873-3E8ED9C1BB05): 15
LogDevObjectVersion:   Dev-ReflectionCapture (6B266CEC-1EC7-4B8F-A30B-E4D90942FC07): 1
LogDevObjectVersion:   Dev-Automation (0DF73D61-A23F-47EA-B727-89E90C41499A): 1
LogDevObjectVersion:   FortniteMain (601D1886-AC64-4F84-AA16-D3DE0DEAC7D6): 47
LogDevObjectVersion:   FortniteRelease (E7086368-6B23-4C58-8439-1B7016265E91): 1
LogDevObjectVersion:   Dev-Enterprise (9DFFBCD6-494F-0158-E221-12823C92A888): 10
LogDevObjectVersion:   Dev-Niagara (F2AED0AC-9AFE-416F-8664-AA7FFA26D6FC): 1
LogDevObjectVersion:   Dev-Destruction (174F1F0B-B4C6-45A5-B13F-2EE8D0FB917D): 10
LogDevObjectVersion:   Dev-Physics-Ext (35F94A83-E258-406C-A318-09F59610247C): 41
LogDevObjectVersion:   Dev-PhysicsMaterial-Chaos (B68FC16E-8B1B-42E2-B453-215C058844FE): 1
LogDevObjectVersion:   Dev-CineCamera (B2E18506-4273-CFC2-A54E-F4BB758BBA07): 1
LogDevObjectVersion:   Dev-VirtualProduction (64F58936-FD1B-42BA-BA96-7289D5D0FA4E): 1
LogDevObjectVersion:   Dev-MediaFramework (6F0ED827-A609-4895-9C91-998D90180EA4): 2
LogInit: Presizing for max 25165824 objects, including 0 objects not considered by GC, pre-allocating 0 bytes for permanent pool.
LogConfig: Applying CVar settings from Section [/Script/Engine.StreamingSettings] File [C:/Users/User/Documents/Unreal Projects/Playtime_Multiplayer/Saved/Config/Windows/Engine.ini]
LogConfig: Setting CVar [[s.MinBulkDataSizeForAsyncLoading:131072]]
LogConfig: Setting CVar [[s.AsyncLoadingThreadEnabled:0]]
LogConfig: Setting CVar [[s.EventDrivenLoaderEnabled:1]]
LogConfig: Setting CVar [[s.WarnIfTimeLimitExceeded:0]]
LogConfig: Setting CVar [[s.TimeLimitExceededMultiplier:1.5]]
LogConfig: Setting CVar [[s.TimeLimitExceededMinTime:0.005]]
LogConfig: Setting CVar [[s.UseBackgroundLevelStreaming:1]]
LogConfig: Setting CVar [[s.PriorityAsyncLoadingExtraTime:15.0]]
LogConfig: Setting CVar [[s.LevelStreamingActorsUpdateTimeLimit:5.0]]
LogConfig: Setting CVar [[s.PriorityLevelStreamingActorsUpdateExtraTime:5.0]]
LogConfig: Setting CVar [[s.LevelStreamingComponentsRegistrationGranularity:10]]
LogConfig: Setting CVar [[s.UnregisterComponentsTimeLimit:1.0]]
LogConfig: Setting CVar [[s.LevelStreamingComponentsUnregistrationGranularity:5]]
LogConfig: Setting CVar [[s.FlushStreamingOnExit:1]]
LogInit: Object subsystem initialized
LogConfig: Setting CVar [[con.DebugEarlyDefault:1]]
LogConfig: Setting CVar [[r.setres:1280x720]]
[2026.04.02-09.21.53:617][  0]LogConfig: Setting CVar [[con.DebugEarlyDefault:1]]
[2026.04.02-09.21.53:617][  0]LogConfig: Setting CVar [[r.setres:1280x720]]
[2026.04.02-09.21.53:617][  0]LogConfig: Applying CVar settings from Section [/Script/Engine.RendererSettings] File [C:/Users/User/Documents/Unreal Projects/Playtime_Multiplayer/Saved/Config/Windows/Engine.ini]
[2026.04.02-09.21.53:617][  0]LogConfig: Setting CVar [[r.GPUCrashDebugging:0]]
[2026.04.02-09.21.53:618][  0]LogConfig: Applying CVar settings from Section [/Script/Engine.RendererOverrideSettings] File [C:/Users/User/Documents/Unreal Projects/Playtime_Multiplayer/Saved/Config/Windows/Engine.ini]
[2026.04.02-09.21.53:618][  0]LogConfig: Applying CVar settings from Section [/Script/Engine.StreamingSettings] File [C:/Users/User/Documents/Unreal Projects/Playtime_Multiplayer/Saved/Config/Windows/Engine.ini]
[2026.04.02-09.21.53:618][  0]LogConfig: Setting CVar [[s.MinBulkDataSizeForAsyncLoading:131072]]
[2026.04.02-09.21.53:618][  0]LogConfig: Setting CVar [[s.AsyncLoadingThreadEnabled:0]]
[2026.04.02-09.21.53:618][  0]LogConfig: Setting CVar [[s.EventDrivenLoaderEnabled:1]]
[2026.04.02-09.21.53:618][  0]LogConfig: Setting CVar [[s.WarnIfTimeLimitExceeded:0]]
[2026.04.02-09.21.53:618][  0]LogConfig: Setting CVar [[s.TimeLimitExceededMultiplier:1.5]]
[2026.04.02-09.21.53:618][  0]LogConfig: Setting CVar [[s.TimeLimitExceededMinTime:0.005]]
[2026.04.02-09.21.53:618][  0]LogConfig: Setting CVar [[s.UseBackgroundLevelStreaming:1]]
[2026.04.02-09.21.53:618][  0]LogConfig: Setting CVar [[s.PriorityAsyncLoadingExtraTime:15.0]]
[2026.04.02-09.21.53:618][  0]LogConfig: Setting CVar [[s.LevelStreamingActorsUpdateTimeLimit:5.0]]
[2026.04.02-09.21.53:618][  0]LogConfig: Setting CVar [[s.PriorityLevelStreamingActorsUpdateExtraTime:5.0]]
[2026.04.02-09.21.53:618][  0]LogConfig: Setting CVar [[s.LevelStreamingComponentsRegistrationGranularity:10]]
[2026.04.02-09.21.53:618][  0]LogConfig: Setting CVar [[s.UnregisterComponentsTimeLimit:1.0]]
[2026.04.02-09.21.53:618][  0]LogConfig: Setting CVar [[s.LevelStreamingComponentsUnregistrationGranularity:5]]
[2026.04.02-09.21.53:618][  0]LogConfig: Setting CVar [[s.FlushStreamingOnExit:1]]
[2026.04.02-09.21.53:618][  0]LogConfig: Applying CVar settings from Section [/Script/Engine.GarbageCollectionSettings] File [C:/Users/User/Documents/Unreal Projects/Playtime_Multiplayer/Saved/Config/Windows/Engine.ini]
[2026.04.02-09.21.53:618][  0]LogConfig: Setting CVar [[gc.MaxObjectsNotConsideredByGC:1]]
[2026.04.02-09.21.53:618][  0]LogConfig: Setting CVar [[gc.SizeOfPermanentObjectPool:0]]
[2026.04.02-09.21.53:618][  0]LogConfig: Setting CVar [[gc.FlushStreamingOnGC:0]]
[2026.04.02-09.21.53:618][  0]LogConfig: Setting CVar [[gc.NumRetriesBeforeForcingGC:10]]
[2026.04.02-09.21.53:618][  0]LogConfig: Setting CVar [[gc.AllowParallelGC:1]]
[2026.04.02-09.21.53:618][  0]LogConfig: Setting CVar [[gc.TimeBetweenPurgingPendingKillObjects:61.1]]
[2026.04.02-09.21.53:618][  0]LogConfig: Setting CVar [[gc.MaxObjectsInEditor:25165824]]
[2026.04.02-09.21.53:618][  0]LogConfig: Setting CVar [[gc.IncrementalBeginDestroyEnabled:1]]
[2026.04.02-09.21.53:618][  0]LogConfig: Setting CVar [[gc.CreateGCClusters:1]]
[2026.04.02-09.21.53:618][  0]LogConfig: Setting CVar [[gc.MinGCClusterSize:5]]
[2026.04.02-09.21.53:618][  0]LogConfig: Setting CVar [[gc.ActorClusteringEnabled:0]]
[2026.04.02-09.21.53:618][  0]LogConfig: Setting CVar [[gc.BlueprintClusteringEnabled:0]]
[2026.04.02-09.21.53:618][  0]LogConfig: Setting CVar [[gc.UseDisregardForGCOnDedicatedServers:0]]
[2026.04.02-09.21.53:618][  0]LogConfig: Setting CVar [[gc.MultithreadedDestructionEnabled:1]]
[2026.04.02-09.21.53:618][  0]LogConfig: Applying CVar settings from Section [/Script/Engine.NetworkSettings] File [C:/Users/User/Documents/Unreal Projects/Playtime_Multiplayer/Saved/Config/Windows/Engine.ini]
[2026.04.02-09.21.53:618][  0]LogConfig: Applying CVar settings from Section [/Script/UnrealEd.CookerSettings] File [C:/Users/User/Documents/Unreal Projects/Playtime_Multiplayer/Saved/Config/Windows/Engine.ini]
[2026.04.02-09.21.53:650][  0]LogConfig: Applying CVar settings from Section [ViewDistanceQuality@3] File [C:/Users/User/Documents/Unreal Projects/Playtime_Multiplayer/Saved/Config/Windows/Scalability.ini]
[2026.04.02-09.21.53:650][  0]LogConfig: Setting CVar [[r.SkeletalMeshLODBias:0]]
[2026.04.02-09.21.53:650][  0]LogConfig: Setting CVar [[r.ViewDistanceScale:1.0]]
[2026.04.02-09.21.53:650][  0]LogConfig: Applying CVar settings from Section [AntiAliasingQuality@3] File [C:/Users/User/Documents/Unreal Projects/Playtime_Multiplayer/Saved/Config/Windows/Scalability.ini]
[2026.04.02-09.21.53:650][  0]LogConfig: Setting CVar [[r.PostProcessAAQuality:4]]
[2026.04.02-09.21.53:650][  0]LogConfig: Applying CVar settings from Section [ShadowQuality@3] File [C:/Users/User/Documents/Unreal Projects/Playtime_Multiplayer/Saved/Config/Windows/Scalability.ini]
[2026.04.02-09.21.53:650][  0]LogConfig: Setting CVar [[r.LightFunctionQuality:1]]
[2026.04.02-09.21.53:650][  0]LogConfig: Setting CVar [[r.ShadowQuality:5]]
[2026.04.02-09.21.53:650][  0]LogConfig: Setting CVar [[r.Shadow.CSM.MaxCascades:10]]
[2026.04.02-09.21.53:650][  0]LogConfig: Setting CVar [[r.Shadow.MaxResolution:2048]]
[2026.04.02-09.21.53:650][  0]LogConfig: Setting CVar [[r.Shadow.MaxCSMResolution:2048]]
[2026.04.02-09.21.53:650][  0]LogConfig: Setting CVar [[r.Shadow.RadiusThreshold:0.01]]
[2026.04.02-09.21.53:650][  0]LogConfig: Setting CVar [[r.Shadow.DistanceScale:1.0]]
[2026.04.02-09.21.53:650][  0]LogConfig: Setting CVar [[r.Shadow.CSM.TransitionScale:1.0]]
[2026.04.02-09.21.53:650][  0]LogConfig: Setting CVar [[r.Shadow.PreShadowResolutionFactor:1.0]]
[2026.04.02-09.21.53:650][  0]LogConfig: Setting CVar [[r.DistanceFieldShadowing:1]]
[2026.04.02-09.21.53:650][  0]LogConfig: Setting CVar [[r.DistanceFieldAO:1]]
[2026.04.02-09.21.53:650][  0]LogConfig: Setting CVar [[r.AOQuality:2]]
[2026.04.02-09.21.53:650][  0]LogConfig: Setting CVar [[r.VolumetricFog:1]]
[2026.04.02-09.21.53:650][  0]LogConfig: Setting CVar [[r.VolumetricFog.GridPixelSize:8]]
[2026.04.02-09.21.53:650][  0]LogConfig: Setting CVar [[r.VolumetricFog.GridSizeZ:128]]
[2026.04.02-09.21.53:650][  0]LogConfig: Setting CVar [[r.VolumetricFog.HistoryMissSupersampleCount:4]]
[2026.04.02-09.21.53:650][  0]LogConfig: Setting CVar [[r.LightMaxDrawDistanceScale:1]]
[2026.04.02-09.21.53:650][  0]LogConfig: Setting CVar [[r.CapsuleShadows:1]]
[2026.04.02-09.21.53:650][  0]LogConfig: Applying CVar settings from Section [PostProcessQuality@3] File [C:/Users/User/Documents/Unreal Projects/Playtime_Multiplayer/Saved/Config/Windows/Scalability.ini]
[2026.04.02-09.21.53:650][  0]LogConfig: Setting CVar [[r.MotionBlurQuality:4]]
[2026.04.02-09.21.53:650][  0]LogConfig: Setting CVar [[r.AmbientOcclusionMipLevelFactor:0.4]]
[2026.04.02-09.21.53:650][  0]LogConfig: Setting CVar [[r.AmbientOcclusionMaxQuality:100]]
[2026.04.02-09.21.53:650][  0]LogConfig: Setting CVar [[r.AmbientOcclusionLevels:-1]]
[2026.04.02-09.21.53:650][  0]LogConfig: Setting CVar [[r.AmbientOcclusionRadiusScale:1.0]]
[2026.04.02-09.21.53:650][  0]LogConfig: Setting CVar [[r.DepthOfFieldQuality:2]]
[2026.04.02-09.21.53:650][  0]LogConfig: Setting CVar [[r.RenderTargetPoolMin:400]]
[2026.04.02-09.21.53:650][  0]LogConfig: Setting CVar [[r.LensFlareQuality:2]]
[2026.04.02-09.21.53:650][  0]LogConfig: Setting CVar [[r.SceneColorFringeQuality:1]]
[2026.04.02-09.21.53:650][  0]LogConfig: Setting CVar [[r.EyeAdaptationQuality:2]]
[2026.04.02-09.21.53:650][  0]LogConfig: Setting CVar [[r.BloomQuality:5]]
[2026.04.02-09.21.53:650][  0]LogConfig: Setting CVar [[r.FastBlurThreshold:100]]
[2026.04.02-09.21.53:650][  0]LogConfig: Setting CVar [[r.Upscale.Quality:3]]
[2026.04.02-09.21.53:650][  0]LogConfig: Setting CVar [[r.Tonemapper.GrainQuantization:1]]
[2026.04.02-09.21.53:650][  0]LogConfig: Setting CVar [[r.LightShaftQuality:1]]
[2026.04.02-09.21.53:650][  0]LogConfig: Setting CVar [[r.Filter.SizeScale:1]]
[2026.04.02-09.21.53:650][  0]LogConfig: Setting CVar [[r.Tonemapper.Quality:5]]
[2026.04.02-09.21.53:650][  0]LogConfig: Setting CVar [[r.DOF.Gather.AccumulatorQuality:1        ; higher gathering accumulator quality]]
[2026.04.02-09.21.53:650][  0]LogConfig: Setting CVar [[r.DOF.Gather.PostfilterMethod:1          ; Median3x3 postfilering method]]
[2026.04.02-09.21.53:650][  0]LogConfig: Setting CVar [[r.DOF.Gather.EnableBokehSettings:0       ; no bokeh simulation when gathering]]
[2026.04.02-09.21.53:651][  0]LogConfig: Setting CVar [[r.DOF.Gather.RingCount:4                 ; medium number of samples when gathering]]
[2026.04.02-09.21.53:651][  0]LogConfig: Setting CVar [[r.DOF.Scatter.ForegroundCompositing:1    ; additive foreground scattering]]
[2026.04.02-09.21.53:651][  0]LogConfig: Setting CVar [[r.DOF.Scatter.BackgroundCompositing:2    ; additive background scattering]]
[2026.04.02-09.21.53:651][  0]LogConfig: Setting CVar [[r.DOF.Scatter.EnableBokehSettings:1      ; bokeh simulation when scattering]]
[2026.04.02-09.21.53:651][  0]LogConfig: Setting CVar [[r.DOF.Scatter.MaxSpriteRatio:0.1         ; only a maximum of 10% of scattered bokeh]]
[2026.04.02-09.21.53:651][  0]LogConfig: Setting CVar [[r.DOF.Recombine.Quality:1                ; cheap slight out of focus]]
[2026.04.02-09.21.53:651][  0]LogConfig: Setting CVar [[r.DOF.Recombine.EnableBokehSettings:0    ; no bokeh simulation on slight out of focus]]
[2026.04.02-09.21.53:651][  0]LogConfig: Setting CVar [[r.DOF.TemporalAAQuality:1                ; more stable temporal accumulation]]
[2026.04.02-09.21.53:651][  0]LogConfig: Setting CVar [[r.DOF.Kernel.MaxForegroundRadius:0.025]]
[2026.04.02-09.21.53:651][  0]LogConfig: Setting CVar [[r.DOF.Kernel.MaxBackgroundRadius:0.025]]
[2026.04.02-09.21.53:651][  0]LogConfig: Applying CVar settings from Section [TextureQuality@3] File [C:/Users/User/Documents/Unreal Projects/Playtime_Multiplayer/Saved/Config/Windows/Scalability.ini]
[2026.04.02-09.21.53:651][  0]LogConfig: Setting CVar [[r.Streaming.MipBias:0]]
[2026.04.02-09.21.53:651][  0]LogConfig: Setting CVar [[r.Streaming.AmortizeCPUToGPUCopy:0]]
[2026.04.02-09.21.53:651][  0]LogConfig: Setting CVar [[r.Streaming.MaxNumTexturesToStreamPerFrame:0]]
[2026.04.02-09.21.53:651][  0]LogConfig: Setting CVar [[r.Streaming.Boost:1]]
[2026.04.02-09.21.53:651][  0]LogConfig: Setting CVar [[r.MaxAnisotropy:8]]
[2026.04.02-09.21.53:651][  0]LogConfig: Setting CVar [[r.VT.MaxAnisotropy:8]]
[2026.04.02-09.21.53:651][  0]LogConfig: Setting CVar [[r.Streaming.LimitPoolSizeToVRAM:0]]
[2026.04.02-09.21.53:651][  0]LogConfig: Setting CVar [[r.Streaming.PoolSize:1000]]
[2026.04.02-09.21.53:651][  0]LogConfig: Setting CVar [[r.Streaming.MaxEffectiveScreenSize:0]]
[2026.04.02-09.21.53:651][  0]LogConfig: Applying CVar settings from Section [EffectsQuality@3] File [C:/Users/User/Documents/Unreal Projects/Playtime_Multiplayer/Saved/Config/Windows/Scalability.ini]
[2026.04.02-09.21.53:651][  0]LogConfig: Setting CVar [[r.TranslucencyLightingVolumeDim:64]]
[2026.04.02-09.21.53:651][  0]LogConfig: Setting CVar [[r.RefractionQuality:2]]
[2026.04.02-09.21.53:651][  0]LogConfig: Setting CVar [[r.SSR.Quality:3]]
[2026.04.02-09.21.53:651][  0]LogConfig: Setting CVar [[r.SSR.HalfResSceneColor:0]]
[2026.04.02-09.21.53:651][  0]LogConfig: Setting CVar [[r.SceneColorFormat:4]]
[2026.04.02-09.21.53:651][  0]LogConfig: Setting CVar [[r.DetailMode:2]]
[2026.04.02-09.21.53:651][  0]LogConfig: Setting CVar [[r.TranslucencyVolumeBlur:1]]
[2026.04.02-09.21.53:651][  0]LogConfig: Setting CVar [[r.MaterialQualityLevel:1 ; High quality]]
[2026.04.02-09.21.53:651][  0]LogConfig: Setting CVar [[r.AnisotropicMaterials:1]]
[2026.04.02-09.21.53:651][  0]LogConfig: Setting CVar [[r.SSS.Scale:1]]
[2026.04.02-09.21.53:651][  0]LogConfig: Setting CVar [[r.SSS.SampleSet:2]]
[2026.04.02-09.21.53:651][  0]LogConfig: Setting CVar [[r.SSS.Quality:1]]
[2026.04.02-09.21.53:651][  0]LogConfig: Setting CVar [[r.SSS.HalfRes:0]]
[2026.04.02-09.21.53:651][  0]LogConfig: Setting CVar [[r.SSGI.Quality:3]]
[2026.04.02-09.21.53:651][  0]LogConfig: Setting CVar [[r.EmitterSpawnRateScale:1.0]]
[2026.04.02-09.21.53:651][  0]LogConfig: Setting CVar [[r.ParticleLightQuality:2]]
[2026.04.02-09.21.53:651][  0]LogConfig: Setting CVar [[r.SkyAtmosphere.AerialPerspectiveLUT.FastApplyOnOpaque:1 ; Always have FastSkyLUT 1 in this case to avoid wrong sky]]
[2026.04.02-09.21.53:651][  0]LogConfig: Setting CVar [[r.SkyAtmosphere.AerialPerspectiveLUT.SampleCountMaxPerSlice:4]]
[2026.04.02-09.21.53:651][  0]LogConfig: Setting CVar [[r.SkyAtmosphere.AerialPerspectiveLUT.DepthResolution:16.0]]
[2026.04.02-09.21.53:651][  0]LogConfig: Setting CVar [[r.SkyAtmosphere.FastSkyLUT:1]]
[2026.04.02-09.21.53:651][  0]LogConfig: Setting CVar [[r.SkyAtmosphere.FastSkyLUT.SampleCountMin:4.0]]
[2026.04.02-09.21.53:651][  0]LogConfig: Setting CVar [[r.SkyAtmosphere.FastSkyLUT.SampleCountMax:128.0]]
[2026.04.02-09.21.53:651][  0]LogConfig: Setting CVar [[r.SkyAtmosphere.SampleCountMin:4.0]]
[2026.04.02-09.21.53:651][  0]LogConfig: Setting CVar [[r.SkyAtmosphere.SampleCountMax:128.0]]
[2026.04.02-09.21.53:651][  0]LogConfig: Setting CVar [[r.SkyAtmosphere.TransmittanceLUT.UseSmallFormat:0]]
[2026.04.02-09.21.53:651][  0]LogConfig: Setting CVar [[r.SkyAtmosphere.TransmittanceLUT.SampleCount:10.0]]
[2026.04.02-09.21.53:651][  0]LogConfig: Setting CVar [[r.SkyAtmosphere.MultiScatteringLUT.SampleCount:15.0]]
[2026.04.02-09.21.53:651][  0]LogConfig: Setting CVar [[r.SkyLight.RealTimeReflectionCapture:1]]
[2026.04.02-09.21.53:651][  0]LogConfig: Applying CVar settings from Section [FoliageQuality@3] File [C:/Users/User/Documents/Unreal Projects/Playtime_Multiplayer/Saved/Config/Windows/Scalability.ini]
[2026.04.02-09.21.53:651][  0]LogConfig: Setting CVar [[foliage.DensityScale:1.0]]
[2026.04.02-09.21.53:651][  0]LogConfig: Setting CVar [[grass.DensityScale:1.0]]
[2026.04.02-09.21.53:651][  0]LogConfig: Applying CVar settings from Section [ShadingQuality@3] File [C:/Users/User/Documents/Unreal Projects/Playtime_Multiplayer/Saved/Config/Windows/Scalability.ini]
[2026.04.02-09.21.53:651][  0]LogConfig: Setting CVar [[r.HairStrands.SkyLighting.IntegrationType:2]]
[2026.04.02-09.21.53:651][  0]LogConfig: Setting CVar [[r.HairStrands.SkyAO.SampleCount:4]]
[2026.04.02-09.21.53:651][  0]LogConfig: Setting CVar [[r.HairStrands.Visibility.MSAA.SamplePerPixel:4]]
[2026.04.02-09.21.53:651][  0]LogInit: Selected Device Profile: [Windows]
[2026.04.02-09.21.53:652][  0]LogInit: Applying CVar settings loaded from the selected device profile: [Windows]
[2026.04.02-09.21.53:652][  0]LogHAL: Display: Platform has ~ 8 GB [8391213056 / 8589934592 / 8], which maps to Default [LargestMinGB=32, LargerMinGB=12, DefaultMinGB=8, SmallerMinGB=6, SmallestMinGB=0)
[2026.04.02-09.21.53:652][  0]LogInit: Going up to parent DeviceProfile []
[2026.04.02-09.21.53:652][  0]LogConfig: Applying CVar settings from Section [ViewDistanceQuality@3] File [C:/Users/User/Documents/Unreal Projects/Playtime_Multiplayer/Saved/Config/Windows/Scalability.ini]
[2026.04.02-09.21.53:652][  0]LogConfig: Setting CVar [[r.SkeletalMeshLODBias:0]]
[2026.04.02-09.21.53:652][  0]LogConfig: Setting CVar [[r.ViewDistanceScale:1.0]]
[2026.04.02-09.21.53:652][  0]LogConfig: Applying CVar settings from Section [AntiAliasingQuality@3] File [C:/Users/User/Documents/Unreal Projects/Playtime_Multiplayer/Saved/Config/Windows/Scalability.ini]
[2026.04.02-09.21.53:652][  0]LogConfig: Setting CVar [[r.PostProcessAAQuality:4]]
[2026.04.02-09.21.53:652][  0]LogConfig: Applying CVar settings from Section [ShadowQuality@3] File [C:/Users/User/Documents/Unreal Projects/Playtime_Multiplayer/Saved/Config/Windows/Scalability.ini]
[2026.04.02-09.21.53:652][  0]LogConfig: Setting CVar [[r.LightFunctionQuality:1]]
[2026.04.02-09.21.53:652][  0]LogConfig: Setting CVar [[r.ShadowQuality:5]]
[2026.04.02-09.21.53:652][  0]LogConfig: Setting CVar [[r.Shadow.CSM.MaxCascades:10]]
[2026.04.02-09.21.53:652][  0]LogConfig: Setting CVar [[r.Shadow.MaxResolution:2048]]
[2026.04.02-09.21.53:652][  0]LogConfig: Setting CVar [[r.Shadow.MaxCSMResolution:2048]]
[2026.04.02-09.21.53:652][  0]LogConfig: Setting CVar [[r.Shadow.RadiusThreshold:0.01]]
[2026.04.02-09.21.53:652][  0]LogConfig: Setting CVar [[r.Shadow.DistanceScale:1.0]]
[2026.04.02-09.21.53:652][  0]LogConfig: Setting CVar [[r.Shadow.CSM.TransitionScale:1.0]]
[2026.04.02-09.21.53:652][  0]LogConfig: Setting CVar [[r.Shadow.PreShadowResolutionFactor:1.0]]
[2026.04.02-09.21.53:652][  0]LogConfig: Setting CVar [[r.DistanceFieldShadowing:1]]
[2026.04.02-09.21.53:652][  0]LogConfig: Setting CVar [[r.DistanceFieldAO:1]]
[2026.04.02-09.21.53:652][  0]LogConfig: Setting CVar [[r.AOQuality:2]]
[2026.04.02-09.21.53:652][  0]LogConfig: Setting CVar [[r.VolumetricFog:1]]
[2026.04.02-09.21.53:652][  0]LogConfig: Setting CVar [[r.VolumetricFog.GridPixelSize:8]]
[2026.04.02-09.21.53:652][  0]LogConfig: Setting CVar [[r.VolumetricFog.GridSizeZ:128]]
[2026.04.02-09.21.53:652][  0]LogConfig: Setting CVar [[r.VolumetricFog.HistoryMissSupersampleCount:4]]
[2026.04.02-09.21.53:652][  0]LogConfig: Setting CVar [[r.LightMaxDrawDistanceScale:1]]
[2026.04.02-09.21.53:652][  0]LogConfig: Setting CVar [[r.CapsuleShadows:1]]
[2026.04.02-09.21.53:652][  0]LogConfig: Applying CVar settings from Section [PostProcessQuality@3] File [C:/Users/User/Documents/Unreal Projects/Playtime_Multiplayer/Saved/Config/Windows/Scalability.ini]
[2026.04.02-09.21.53:652][  0]LogConfig: Setting CVar [[r.MotionBlurQuality:4]]
[2026.04.02-09.21.53:652][  0]LogConfig: Setting CVar [[r.AmbientOcclusionMipLevelFactor:0.4]]
[2026.04.02-09.21.53:652][  0]LogConfig: Setting CVar [[r.AmbientOcclusionMaxQuality:100]]
[2026.04.02-09.21.53:652][  0]LogConfig: Setting CVar [[r.AmbientOcclusionLevels:-1]]
[2026.04.02-09.21.53:652][  0]LogConfig: Setting CVar [[r.AmbientOcclusionRadiusScale:1.0]]
[2026.04.02-09.21.53:652][  0]LogConfig: Setting CVar [[r.DepthOfFieldQuality:2]]
[2026.04.02-09.21.53:652][  0]LogConfig: Setting CVar [[r.RenderTargetPoolMin:400]]
[2026.04.02-09.21.53:652][  0]LogConfig: Setting CVar [[r.LensFlareQuality:2]]
[2026.04.02-09.21.53:653][  0]LogConfig: Setting CVar [[r.SceneColorFringeQuality:1]]
[2026.04.02-09.21.53:653][  0]LogConfig: Setting CVar [[r.EyeAdaptationQuality:2]]
[2026.04.02-09.21.53:653][  0]LogConfig: Setting CVar [[r.BloomQuality:5]]
[2026.04.02-09.21.53:653][  0]LogConfig: Setting CVar [[r.FastBlurThreshold:100]]
[2026.04.02-09.21.53:653][  0]LogConfig: Setting CVar [[r.Upscale.Quality:3]]
[2026.04.02-09.21.53:653][  0]LogConfig: Setting CVar [[r.Tonemapper.GrainQuantization:1]]
[2026.04.02-09.21.53:653][  0]LogConfig: Setting CVar [[r.LightShaftQuality:1]]
[2026.04.02-09.21.53:653][  0]LogConfig: Setting CVar [[r.Filter.SizeScale:1]]
[2026.04.02-09.21.53:653][  0]LogConfig: Setting CVar [[r.Tonemapper.Quality:5]]
[2026.04.02-09.21.53:653][  0]LogConfig: Setting CVar [[r.DOF.Gather.AccumulatorQuality:1        ; higher gathering accumulator quality]]
[2026.04.02-09.21.53:653][  0]LogConfig: Setting CVar [[r.DOF.Gather.PostfilterMethod:1          ; Median3x3 postfilering method]]
[2026.04.02-09.21.53:653][  0]LogConfig: Setting CVar [[r.DOF.Gather.EnableBokehSettings:0       ; no bokeh simulation when gathering]]
[2026.04.02-09.21.53:653][  0]LogConfig: Setting CVar [[r.DOF.Gather.RingCount:4                 ; medium number of samples when gathering]]
[2026.04.02-09.21.53:653][  0]LogConfig: Setting CVar [[r.DOF.Scatter.ForegroundCompositing:1    ; additive foreground scattering]]
[2026.04.02-09.21.53:653][  0]LogConfig: Setting CVar [[r.DOF.Scatter.BackgroundCompositing:2    ; additive background scattering]]
[2026.04.02-09.21.53:653][  0]LogConfig: Setting CVar [[r.DOF.Scatter.EnableBokehSettings:1      ; bokeh simulation when scattering]]
[2026.04.02-09.21.53:653][  0]LogConfig: Setting CVar [[r.DOF.Scatter.MaxSpriteRatio:0.1         ; only a maximum of 10% of scattered bokeh]]
[2026.04.02-09.21.53:653][  0]LogConfig: Setting CVar [[r.DOF.Recombine.Quality:1                ; cheap slight out of focus]]
[2026.04.02-09.21.53:653][  0]LogConfig: Setting CVar [[r.DOF.Recombine.EnableBokehSettings:0    ; no bokeh simulation on slight out of focus]]
[2026.04.02-09.21.53:653][  0]LogConfig: Setting CVar [[r.DOF.TemporalAAQuality:1                ; more stable temporal accumulation]]
[2026.04.02-09.21.53:653][  0]LogConfig: Setting CVar [[r.DOF.Kernel.MaxForegroundRadius:0.025]]
[2026.04.02-09.21.53:653][  0]LogConfig: Setting CVar [[r.DOF.Kernel.MaxBackgroundRadius:0.025]]
[2026.04.02-09.21.53:654][  0]LogConfig: Applying CVar settings from Section [TextureQuality@3] File [C:/Users/User/Documents/Unreal Projects/Playtime_Multiplayer/Saved/Config/Windows/Scalability.ini]
[2026.04.02-09.21.53:654][  0]LogConfig: Setting CVar [[r.Streaming.MipBias:0]]
[2026.04.02-09.21.53:654][  0]LogConfig: Setting CVar [[r.Streaming.AmortizeCPUToGPUCopy:0]]
[2026.04.02-09.21.53:654][  0]LogConfig: Setting CVar [[r.Streaming.MaxNumTexturesToStreamPerFrame:0]]
[2026.04.02-09.21.53:654][  0]LogConfig: Setting CVar [[r.Streaming.Boost:1]]
[2026.04.02-09.21.53:654][  0]LogConfig: Setting CVar [[r.MaxAnisotropy:8]]
[2026.04.02-09.21.53:654][  0]LogConfig: Setting CVar [[r.VT.MaxAnisotropy:8]]
[2026.04.02-09.21.53:654][  0]LogConfig: Setting CVar [[r.Streaming.LimitPoolSizeToVRAM:0]]
[2026.04.02-09.21.53:654][  0]LogConfig: Setting CVar [[r.Streaming.PoolSize:1000]]
[2026.04.02-09.21.53:654][  0]LogConfig: Setting CVar [[r.Streaming.MaxEffectiveScreenSize:0]]
[2026.04.02-09.21.53:654][  0]LogConfig: Applying CVar settings from Section [EffectsQuality@3] File [C:/Users/User/Documents/Unreal Projects/Playtime_Multiplayer/Saved/Config/Windows/Scalability.ini]
[2026.04.02-09.21.53:654][  0]LogConfig: Setting CVar [[r.TranslucencyLightingVolumeDim:64]]
[2026.04.02-09.21.53:654][  0]LogConfig: Setting CVar [[r.RefractionQuality:2]]
[2026.04.02-09.21.53:654][  0]LogConfig: Setting CVar [[r.SSR.Quality:3]]
[2026.04.02-09.21.53:654][  0]LogConfig: Setting CVar [[r.SSR.HalfResSceneColor:0]]
[2026.04.02-09.21.53:654][  0]LogConfig: Setting CVar [[r.SceneColorFormat:4]]
[2026.04.02-09.21.53:654][  0]LogConfig: Setting CVar [[r.DetailMode:2]]
[2026.04.02-09.21.53:654][  0]LogConfig: Setting CVar [[r.TranslucencyVolumeBlur:1]]
[2026.04.02-09.21.53:654][  0]LogConfig: Setting CVar [[r.MaterialQualityLevel:1 ; High quality]]
[2026.04.02-09.21.53:654][  0]LogConfig: Setting CVar [[r.AnisotropicMaterials:1]]
[2026.04.02-09.21.53:654][  0]LogConfig: Setting CVar [[r.SSS.Scale:1]]
[2026.04.02-09.21.53:654][  0]LogConfig: Setting CVar [[r.SSS.SampleSet:2]]
[2026.04.02-09.21.53:654][  0]LogConfig: Setting CVar [[r.SSS.Quality:1]]
[2026.04.02-09.21.53:654][  0]LogConfig: Setting CVar [[r.SSS.HalfRes:0]]
[2026.04.02-09.21.53:654][  0]LogConfig: Setting CVar [[r.SSGI.Quality:3]]
[2026.04.02-09.21.53:654][  0]LogConfig: Setting CVar [[r.EmitterSpawnRateScale:1.0]]
[2026.04.02-09.21.53:654][  0]LogConfig: Setting CVar [[r.ParticleLightQuality:2]]
[2026.04.02-09.21.53:654][  0]LogConfig: Setting CVar [[r.SkyAtmosphere.AerialPerspectiveLUT.FastApplyOnOpaque:1 ; Always have FastSkyLUT 1 in this case to avoid wrong sky]]
[2026.04.02-09.21.53:654][  0]LogConfig: Setting CVar [[r.SkyAtmosphere.AerialPerspectiveLUT.SampleCountMaxPerSlice:4]]
[2026.04.02-09.21.53:654][  0]LogConfig: Setting CVar [[r.SkyAtmosphere.AerialPerspectiveLUT.DepthResolution:16.0]]
[2026.04.02-09.21.53:654][  0]LogConfig: Setting CVar [[r.SkyAtmosphere.FastSkyLUT:1]]
[2026.04.02-09.21.53:654][  0]LogConfig: Setting CVar [[r.SkyAtmosphere.FastSkyLUT.SampleCountMin:4.0]]
[2026.04.02-09.21.53:654][  0]LogConfig: Setting CVar [[r.SkyAtmosphere.FastSkyLUT.SampleCountMax:128.0]]
[2026.04.02-09.21.53:654][  0]LogConfig: Setting CVar [[r.SkyAtmosphere.SampleCountMin:4.0]]
[2026.04.02-09.21.53:654][  0]LogConfig: Setting CVar [[r.SkyAtmosphere.SampleCountMax:128.0]]
[2026.04.02-09.21.53:654][  0]LogConfig: Setting CVar [[r.SkyAtmosphere.TransmittanceLUT.UseSmallFormat:0]]
[2026.04.02-09.21.53:654][  0]LogConfig: Setting CVar [[r.SkyAtmosphere.TransmittanceLUT.SampleCount:10.0]]
[2026.04.02-09.21.53:654][  0]LogConfig: Setting CVar [[r.SkyAtmosphere.MultiScatteringLUT.SampleCount:15.0]]
[2026.04.02-09.21.53:654][  0]LogConfig: Setting CVar [[r.SkyLight.RealTimeReflectionCapture:1]]
[2026.04.02-09.21.53:654][  0]LogConfig: Applying CVar settings from Section [FoliageQuality@3] File [C:/Users/User/Documents/Unreal Projects/Playtime_Multiplayer/Saved/Config/Windows/Scalability.ini]
[2026.04.02-09.21.53:654][  0]LogConfig: Setting CVar [[foliage.DensityScale:1.0]]
[2026.04.02-09.21.53:654][  0]LogConfig: Setting CVar [[grass.DensityScale:1.0]]
[2026.04.02-09.21.53:654][  0]LogConfig: Applying CVar settings from Section [ShadingQuality@3] File [C:/Users/User/Documents/Unreal Projects/Playtime_Multiplayer/Saved/Config/Windows/Scalability.ini]
[2026.04.02-09.21.53:654][  0]LogConfig: Setting CVar [[r.HairStrands.SkyLighting.IntegrationType:2]]
[2026.04.02-09.21.53:654][  0]LogConfig: Setting CVar [[r.HairStrands.SkyAO.SampleCount:4]]
[2026.04.02-09.21.53:654][  0]LogConfig: Setting CVar [[r.HairStrands.Visibility.MSAA.SamplePerPixel:4]]
[2026.04.02-09.21.53:654][  0]LogConfig: Applying CVar settings from Section [Startup] File [../../../Engine/Config/ConsoleVariables.ini]
[2026.04.02-09.21.53:656][  0]LogConfig: Setting CVar [[net.UseAdaptiveNetUpdateFrequency:0]]
[2026.04.02-09.21.53:656][  0]LogConfig: Setting CVar [[p.chaos.AllowCreatePhysxBodies:1]]
[2026.04.02-09.21.53:656][  0]LogConfig: Setting CVar [[fx.SkipVectorVMBackendOptimizations:1]]
[2026.04.02-09.21.53:656][  0]LogConfig: Applying CVar settings from Section [ConsoleVariables] File [C:/Users/User/Documents/Unreal Projects/Playtime_Multiplayer/Saved/Config/Windows/Engine.ini]
[2026.04.02-09.21.53:656][  0]LogConfig: Applying CVar settings from Section [ConsoleVariables] File [C:/Users/User/Documents/Unreal Projects/Playtime_Multiplayer/Saved/Config/Windows/Editor.ini]
[2026.04.02-09.21.53:656][  0]LogInit: Computer: WIN-O5Q6NLQMTLB
[2026.04.02-09.21.53:656][  0]LogInit: User: User
[2026.04.02-09.21.53:656][  0]LogInit: CPU Page size=4096, Cores=6
[2026.04.02-09.21.53:656][  0]LogInit: High frequency timer resolution =10.000000 MHz
[2026.04.02-09.21.53:656][  0]LogMemory: Memory total: Physical=7.8GB (8GB approx)
[2026.04.02-09.21.53:657][  0]LogMemory: Platform Memory Stats for Windows
[2026.04.02-09.21.53:657][  0]LogMemory: Process Physical Memory: 149.52 MB used, 149.52 MB peak
[2026.04.02-09.21.53:657][  0]LogMemory: Process Virtual Memory: 130.21 MB used, 130.21 MB peak
[2026.04.02-09.21.53:657][  0]LogMemory: Physical Memory: 6317.43 MB used,  1685.05 MB free, 8002.48 MB total
[2026.04.02-09.21.53:657][  0]LogMemory: Virtual Memory: 134214976.00 MB used,  2751.48 MB free, 134217728.00 MB total
[2026.04.02-09.21.53:670][  0]LogWindows: WindowsPlatformFeatures enabled
[2026.04.02-09.21.53:788][  0]LogInit: Physics initialised using underlying interface: PhysX
[2026.04.02-09.21.53:790][  0]LogInit: Using OS detected language (ru-RU).
[2026.04.02-09.21.53:790][  0]LogInit: Using OS detected locale (ru-RU).
[2026.04.02-09.21.53:794][  0]LogTextLocalizationManager: No specific localization for 'ru-RU' exists, so the 'ru' localization will be used.
[2026.04.02-09.21.53:797][  0]LogTextLocalizationResource: LocRes '../../../Engine/Content/Localization/Editor/ru/Editor.locres' could not be opened for reading!
[2026.04.02-09.21.53:797][  0]LogTextLocalizationResource: LocRes '../../../Engine/Content/Localization/EditorTutorials/ru/EditorTutorials.locres' could not be opened for reading!
[2026.04.02-09.21.53:798][  0]LogTextLocalizationResource: LocRes '../../../Engine/Content/Localization/Keywords/ru/Keywords.locres' could not be opened for reading!
[2026.04.02-09.21.53:798][  0]LogTextLocalizationResource: LocRes '../../../Engine/Content/Localization/Category/ru/Category.locres' could not be opened for reading!
[2026.04.02-09.21.53:798][  0]LogTextLocalizationResource: LocRes '../../../Engine/Content/Localization/ToolTips/ru/ToolTips.locres' could not be opened for reading!
[2026.04.02-09.21.53:798][  0]LogTextLocalizationResource: LocRes '../../../Engine/Content/Localization/PropertyNames/ru/PropertyNames.locres' could not be opened for reading!
[2026.04.02-09.21.53:798][  0]LogTextLocalizationResource: LocRes '../../../Engine/Content/Localization/Engine/ru/Engine.locres' could not be opened for reading!
[2026.04.02-09.21.53:851][  0]LogWindowsTextInputMethodSystem: Display: IME system deactivated.
[2026.04.02-09.21.53:923][  0]LogSlate: New Slate User Created.  User Index 0, Is Virtual User: 0
[2026.04.02-09.21.53:923][  0]LogSlate: Slate User Registered.  User Index 0, Is Virtual User: 0
[2026.04.02-09.21.53:952][  0]LogD3D11RHI: Loaded GFSDK_Aftermath_Lib.x64.dll
[2026.04.02-09.21.53:957][  0]LogHMD: Failed to initialize OpenVR with code 110
[2026.04.02-09.21.53:957][  0]LogD3D11RHI: D3D11 min allowed feature level: 11_0
[2026.04.02-09.21.53:957][  0]LogD3D11RHI: D3D11 max allowed feature level: 11_0
[2026.04.02-09.21.53:957][  0]LogD3D11RHI: D3D11 adapters:
[2026.04.02-09.21.54:270][  0]LogD3D11RHI:    0. 'Intel(R) UHD Graphics 630' (Feature Level 11_0)
[2026.04.02-09.21.54:270][  0]LogD3D11RHI:       128/0/4001 MB DedicatedVideo/DedicatedSystem/SharedSystem, Outputs:1, VendorId:0x8086
[2026.04.02-09.21.54:275][  0]LogD3D11RHI:    1. 'Microsoft Basic Render Driver' (Feature Level 11_0)
[2026.04.02-09.21.54:275][  0]LogD3D11RHI:       0/0/4001 MB DedicatedVideo/DedicatedSystem/SharedSystem, Outputs:0, VendorId:0x1414
[2026.04.02-09.21.54:275][  0]LogD3D11RHI: Chosen D3D11 Adapter:
[2026.04.02-09.21.54:275][  0]LogD3D11RHI:     Description : Intel(R) UHD Graphics 630
[2026.04.02-09.21.54:275][  0]LogD3D11RHI:     VendorId    : 8086
[2026.04.02-09.21.54:275][  0]LogD3D11RHI:     DeviceId    : 9bc8
[2026.04.02-09.21.54:275][  0]LogD3D11RHI:     SubSysId    : 372117aa
[2026.04.02-09.21.54:275][  0]LogD3D11RHI:     Revision    : 0003
[2026.04.02-09.21.54:275][  0]LogD3D11RHI:     DedicatedVideoMemory : 134217728 bytes
[2026.04.02-09.21.54:275][  0]LogD3D11RHI:     DedicatedSystemMemory : 0 bytes
[2026.04.02-09.21.54:275][  0]LogD3D11RHI:     SharedSystemMemory : 4195606528 bytes
[2026.04.02-09.21.54:275][  0]LogD3D11RHI:     AdapterLuid : 0 76588
[2026.04.02-09.21.54:282][  0]LogD3D11RHI: Creating new Direct3DDevice
[2026.04.02-09.21.54:282][  0]LogD3D11RHI:     GPU DeviceId: 0x9bc8 (for the marketing name, search the web for "GPU Device Id")
[2026.04.02-09.21.54:282][  0]LogWindows: EnumDisplayDevices:
[2026.04.02-09.21.54:282][  0]LogWindows:    0. 'Intel(R) UHD Graphics 630' (P:1 D:1)
[2026.04.02-09.21.54:283][  0]LogWindows:    1. 'Intel(R) UHD Graphics 630' (P:0 D:0)
[2026.04.02-09.21.54:283][  0]LogWindows:    2. 'Intel(R) UHD Graphics 630' (P:0 D:0)
[2026.04.02-09.21.54:283][  0]LogWindows: DebugString: FoundDriverCount:3 
[2026.04.02-09.21.54:283][  0]LogD3D11RHI:     Adapter Name: Intel(R) UHD Graphics 630
[2026.04.02-09.21.54:283][  0]LogD3D11RHI:   Driver Version: 31.0.101.2130 (internal:31.0.101.2130, unified:31.0.101.2130)
[2026.04.02-09.21.54:283][  0]LogD3D11RHI:      Driver Date: 8-13-2024
[2026.04.02-09.21.54:283][  0]LogRHI: Texture pool is 1490 MB (70% of 2128 MB)
[2026.04.02-09.21.54:353][  0]LogD3D11RHI: Creating D3DDevice using adapter:
[2026.04.02-09.21.54:353][  0]LogD3D11RHI:     Description : Intel(R) UHD Graphics 630
[2026.04.02-09.21.54:353][  0]LogD3D11RHI:     VendorId    : 8086
[2026.04.02-09.21.54:353][  0]LogD3D11RHI:     DeviceId    : 9bc8
[2026.04.02-09.21.54:353][  0]LogD3D11RHI:     SubSysId    : 372117aa
[2026.04.02-09.21.54:353][  0]LogD3D11RHI:     Revision    : 0003
[2026.04.02-09.21.54:353][  0]LogD3D11RHI:     DedicatedVideoMemory : 134217728 bytes
[2026.04.02-09.21.54:353][  0]LogD3D11RHI:     DedicatedSystemMemory : 0 bytes
[2026.04.02-09.21.54:353][  0]LogD3D11RHI:     SharedSystemMemory : 4195606528 bytes
[2026.04.02-09.21.54:353][  0]LogD3D11RHI:     AdapterLuid : 0 76588
[2026.04.02-09.21.54:607][  0]LogD3D11RHI: RHI does not have support for 64 bit atomics
[2026.04.02-09.21.54:641][  0]LogD3D11RHI: Intel Extensions support version Full=16777216, Major=1, Minor=0, Revision=0
[2026.04.02-09.21.54:641][  0]LogD3D11RHI: Intel Extensions support version Full=16777217, Major=1, Minor=0, Revision=1
[2026.04.02-09.21.54:642][  0]LogD3D11RHI: Intel Extensions Framework enabled
[2026.04.02-09.21.54:643][  0]LogD3D11RHI: [IntelMetricsDiscovery] Started
[2026.04.02-09.21.54:643][  0]LogD3D11RHI: Async texture creation enabled
[2026.04.02-09.21.54:643][  0]LogD3D11RHI: Array index from any shader is supported
[2026.04.02-09.21.54:659][  0]LogD3D11RHI: GPU Timing Frequency: 12.000048 (Debug: 2 0)
[2026.04.02-09.21.55:089][  0]LogTargetPlatformManager: Display: Loaded TargetPlatform 'WindowsNoEditor'
[2026.04.02-09.21.55:104][  0]LogTargetPlatformManager: Display: Loaded TargetPlatform 'Windows'
[2026.04.02-09.21.55:114][  0]LogTargetPlatformManager: Display: Loaded TargetPlatform 'WindowsClient'
[2026.04.02-09.21.55:123][  0]LogTargetPlatformManager: Display: Loaded TargetPlatform 'WindowsServer'
[2026.04.02-09.21.55:123][  0]LogTargetPlatformManager: Display: Building Assets For Windows
[2026.04.02-09.21.55:138][  0]LogAudioDebug: Display: Lib vorbis DLL was dynamically loaded.
[2026.04.02-09.21.55:218][  0]LogTextureFormatOodle: Display: Oodle Texture 2.9.0 init RDO Off
[2026.04.02-09.21.55:300][  0]LogRendererCore: Ray tracing is disabled. Reason: r.RayTracing=0.
[2026.04.02-09.21.55:300][  0]LogShaderCompilers: Guid format shader working directory is -31 characters bigger than the processId version (../../../../../../Users/User/Documents/Unreal Projects/Playtime_Multiplayer/Intermediate/Shaders/WorkingDirectory/18732/).
[2026.04.02-09.21.55:300][  0]LogShaderCompilers: Cleaned the shader compiler working directory 'C:/Users/User/AppData/Local/Temp/UnrealShaderWorkingDir/AD06D1264A9C3CC8B3802B950FE607D0/'.
[2026.04.02-09.21.55:301][  0]LogXGEController: Cannot use XGE Controller as Incredibuild is not installed on this machine.
[2026.04.02-09.21.55:301][  0]LogShaderCompilers: Cannot use XGE Shader Compiler as Incredibuild is not installed on this machine.
[2026.04.02-09.21.55:301][  0]LogShaderCompilers: Display: Using Local Shader Compiler.
[2026.04.02-09.21.56:541][  0]LogDerivedDataCache: Display: Max Cache Size: 512 MB
[2026.04.02-09.21.56:741][  0]LogDerivedDataCache: Loaded boot cache 0.20s 94MB C:/Users/User/AppData/Local/UnrealEngine/4.27/DerivedDataCache/Boot.ddc.
[2026.04.02-09.21.56:741][  0]LogDerivedDataCache: Display: Loaded Boot cache: C:/Users/User/AppData/Local/UnrealEngine/4.27/DerivedDataCache/Boot.ddc
[2026.04.02-09.21.56:742][  0]LogDerivedDataCache: FDerivedDataBackendGraph:  Pak pak cache file ../../../../../../Users/User/Documents/Unreal Projects/Playtime_Multiplayer/DerivedDataCache/DDC.ddp not found, will not use a pak cache.
[2026.04.02-09.21.56:742][  0]LogDerivedDataCache: Unable to find inner node Pak for hierarchical cache Hierarchy.
[2026.04.02-09.21.56:742][  0]LogDerivedDataCache: FDerivedDataBackendGraph:  CompressedPak pak cache file ../../../../../../Users/User/Documents/Unreal Projects/Playtime_Multiplayer/DerivedDataCache/Compressed.ddp not found, will not use a pak cache.
[2026.04.02-09.21.56:742][  0]LogDerivedDataCache: Unable to find inner node CompressedPak for hierarchical cache Hierarchy.
[2026.04.02-09.21.56:765][  0]LogDerivedDataCache: Display: Pak cache opened for reading ../../../Engine/DerivedDataCache/Compressed.ddp.
[2026.04.02-09.21.56:765][  0]LogDerivedDataCache: FDerivedDataBackendGraph:  EnterprisePak pak cache file ../../../Enterprise/DerivedDataCache/Compressed.ddp not found, will not use a pak cache.
[2026.04.02-09.21.56:766][  0]LogDerivedDataCache: Unable to find inner node EnterprisePak for hierarchical cache Hierarchy.
[2026.04.02-09.21.56:782][  0]LogDerivedDataCache: Speed tests for C:/Users/User/AppData/Local/UnrealEngine/Common/DerivedDataCache took 0.02 seconds
[2026.04.02-09.21.56:782][  0]LogDerivedDataCache: Display: Performance to C:/Users/User/AppData/Local/UnrealEngine/Common/DerivedDataCache: Latency=0.01ms. RandomReadSpeed=156.06MBs, RandomWriteSpeed=97.40MBs. Assigned SpeedClass 'Local'
[2026.04.02-09.21.56:782][  0]LogDerivedDataCache: Using Local data cache path C:/Users/User/AppData/Local/UnrealEngine/Common/DerivedDataCache: Writable
[2026.04.02-09.21.56:783][  0]LogDerivedDataCache: Shared data cache path not found in *engine.ini, will not use an Shared cache.
[2026.04.02-09.21.56:783][  0]LogDerivedDataCache: Unable to find inner node Shared for hierarchical cache Hierarchy.
[2026.04.02-09.21.56:835][  0]LogSlate: Using FreeType 2.10.0
[2026.04.02-09.21.56:836][  0]LogSlate: SlateFontServices - WITH_FREETYPE: 1, WITH_HARFBUZZ: 1
[2026.04.02-09.21.56:977][  0]LogInit: Using OS detected language (ru-RU).
[2026.04.02-09.21.56:977][  0]LogInit: Using OS detected locale (ru-RU).
[2026.04.02-09.21.56:977][  0]LogTextLocalizationManager: No localization for 'ru-RU' exists, so 'en' will be used for the language.
[2026.04.02-09.21.56:977][  0]LogTextLocalizationManager: No localization for 'ru-RU' exists, so 'en' will be used for the locale.
[2026.04.02-09.21.56:977][  0]LogSlate: FontCache flush requested. Reason: Culture for localization was changed
[2026.04.02-09.21.56:977][  0]LogSlate: FontCache flush requested. Reason: Culture for localization was changed
[2026.04.02-09.21.56:985][  0]LogAssetRegistry: FAssetRegistry took 0.0031 seconds to start up
[2026.04.02-09.21.57:405][  0]LogTextLocalizationManager: Compacting localization data took   0.02ms
[2026.04.02-09.21.57:405][  0]LogPackageLocalizationCache: Processed 27 localized package path(s) for 1 prioritized culture(s) in 0.001653 seconds
[2026.04.02-09.21.57:482][  0]LogInit: Selected Device Profile: [Windows]
[2026.04.02-09.21.57:482][  0]LogInit: Active device profile: [0000022255A57000][0000022250064E40 49] Windows
[2026.04.02-09.21.57:482][  0]LogInit: Profiles: [0000022255A57000][0000022250064E40 49] Windows, [0000022256A05200][000002225006CFC0 49] WindowsNoEditor, [0000022255A55200][0000022250071140 49] WindowsServer, [0000022256A06900][00000222500752C0 49] WindowsClient, [0000022255A56800][0000022250079440 49] IOS, [0000022256A05A00][000002225007D5C0 49] iPadAir, [0000022255A55900][0000022250069700 49] iPadAir2, [00000222569B3900][0000022250085940 49] IPadPro, [00000222569B3A00][0000022250081980 49] iPadAir3, [0000022255A56300][0000022250089AC0 49] iPadAir4, [00000222569B1700][00000222500900C0 49] iPadMini2, [0000022255A55D00][0000022250094240 49] iPadMini3, [00000222569B2300][00000222500983C0 49] iPadMini4, [0000022255A56900][0000022255562540 49] iPadMini5, [0000022256A03200][000002225556A800 49] iPhone6, [0000022256A03300][0000022255566840 49] iPodTouch6, [00000222569B0600][0000022255572B00 49] iPhone7, [00000222569B0500][000002225556EB40 49] iPodTouch7, [0000022256A01600][0000022255576CC0 49] iPhone5S, [00000222569B3600][000002225557AE40 49] iPhone6Plus, [0000022256A02400][000002225557EFC0 49] iPhone6S, [00000222569B1300][0000022255583140 49] iPhone6SPlus, [0000022256A01D00][00000222555872C0 49] iPhone7Plus, [00000222569B1500][000002225558B440 49] iPhoneSE, [0000022256A02500][000002225558F5C0 49] iPhone8, [00000222569B2200][0000022255593740 49] iPhone8Plus, [0000022256A01B00][00000222555978C0 49] iPhoneX, [00000222569B0F00][000002225008DA00 49] iPhoneXS, [0000022256A01300][000002225559BB40 49] iPhoneXSMax, [00000222569B1800][000002225559E100 49] iPhoneXR, [0000022256A02600][00000222555A6280 49] iPhone11, [00000222569B1A00][00000222555AA400 49] iPhone11Pro, [0000022256A01C00][00000222555AE580 49] iPhone11ProMax, [00000222569B3C00][00000222555B2700 49] iPhoneSE2, [0000022256A03E00][00000222555B6880 49] iPhone12Mini, [00000222569B3500][00000222555BAA00 49] iPhone12, [0000022256A02800][00000222555BEB80 49] iPhone12Pro, [00000222569B3E00][00000222555C2D00 49] iPhone12ProMax, [0000022256A02D00][00000222555C6E80 49] iPadPro105, [00000222569B1600][00000222555CB000 49] iPadPro129, [0000022256A00F00][00000222555CF180 49] iPadPro97, [00000222569B2900][00000222555D3300 49] iPadPro2_129, [0000022256A03000][00000222555D7480 49] iPad5, [00000222569B0A00][00000222555DB600 49] iPad6, [0000022256A00A00][00000222555DF780 49] iPad7, [00000222569B2500][00000222555E3900 49] iPad8, [0000022256A02200][00000222555E7A80 49] iPadPro11, [00000222569B3000][00000222555A3BC0 49] iPadPro2_11, [0000022256A00700][00000222555EA180 49] iPadPro3_129, [00000222569B3200][00000222555EE2C0 49] iPadPro4_129, [0000022256A00E00][00000222555F6440 49] AppleTV, [00000222569B3800][00000222555FA5C0 49] AppleTV4K, [0000022256A03B00][00000222555FE740 49] TVOS, [00000222569B3F00][00000222556028C0 49] Mac, [0000022256A07000][0000022255606A40 49] MacClient, [0000022255A98900][000002225560ABC0 49] MacNoEditor, [0000022256A04200][000002225560ED40 49] MacServer, [0000022255A98300][0000022255612EC0 49] Linux, [0000022256A05E00][0000022255617040 49] LinuxAArch64, [0000022255A98200][000002225561B1C0 49] LinuxNoEditor, [0000022256A06F00][000002225561F340 49] LinuxAArch64NoEditor, [0000022255A99700][00000222556234C0 49] LinuxClient, [0000022256A05C00][0000022255627640 49] LinuxAArch64Client, [0000022255A99800][000002225562B7C0 49] LinuxServer, [0000022256A06100][000002225562F940 49] LinuxAArch64Server, [0000022255A99100][0000022255633AC0 49] Android, [0000022256A04B00][00000222556360C0 49] Android_Low, [0000022255A98400][00000222555F2200 49] Android_Mid, [0000022256A06600][000002225563A340 49] Android_High, [0000022255A98D00][00000222507AC480 49] Android_Default, [0000022256A05600][00000222507B05C0 49] Android_Adreno4xx, [0000022255A99A00][00000222507B8740 49] Android_Adreno5xx_Low, [0000022256A07A00][00000222507BC8C0 49] Android_Adreno5xx, [0000022256A01A00][00000222507C0A40 49] Android_Adreno6xx, [00000222569B3D00][00000222507C4BC0 49] Android_Adreno6xx_Vulkan, [0000022256A03500][00000222507C8D40 49] Android_Mali_T6xx, [00000222569B2C00][00000222507CCEC0 49] Android_Mali_T7xx, [0000022256A03D00][00000222507D1040 49] Android_Mali_T8xx, [00000222569B0D00][00000222507D51C0 49] Android_Mali_G71, [0000022256A00B00][00000222507D9340 49] Android_Mali_G72, [00000222569B1000][00000222507DD4C0 49] Android_Mali_G72_Vulkan, [0000022256A03700][00000222507E1640 49] Android_Mali_G76, [00000222569B2F00][00000222507E57C0 49] Android_Mali_G76_Vulkan, [0000022256A02A00][00000222507E9940 49] Android_Mali_G77, [00000222569B1C00][00000222507EDAC0 49] Android_Mali_G77_Vulkan, [0000022256A01100][00000222507F00C0 49] Android_Mali_G78, [00000222569B0200][00000222507F4240 49] Android_Mali_G78_Vulkan, [0000022256A03800][00000222507B4380 49] Android_Mali_G710, [00000222569B1200][00000222576504C0 49] Android_Mali_G710_Vulkan, [0000022256A03A00][0000022257654600 49] Android_Vulkan_SM5, [00000222569B3100][0000022257658740 49] Android_PowerVR_G6xxx, [0000022255A99900][00000222576608C0 49] Android_PowerVR_GT7xxx, [00000222569B0400][0000022257664A40 49] Android_PowerVR_GE8xxx, [0000022255A99300][0000022257668BC0 49] Android_PowerVR_GM9xxx, [00000222569B3300][000002225766CD40 49] Android_PowerVR_GM9xxx_Vulkan, [0000022255A98E00][0000022257670EC0 49] Android_TegraK1, [00000222569B0B00][0000022257675040 49] Android_Unknown_Vulkan, [0000022255A98600][00000222576791C0 49] Lumin, [00000222569B1F00][000002225767D340 49] Lumin_Desktop, [0000022255A98700][00000222576814C0 49] HoloLens, 
[2026.04.02-09.21.57:554][  0]LogMeshReduction: Using QuadricMeshReduction for automatic static mesh reduction
[2026.04.02-09.21.57:554][  0]LogMeshReduction: Using SimplygonMeshReduction for automatic skeletal mesh reduction
[2026.04.02-09.21.57:554][  0]LogMeshReduction: Using ProxyLODMeshReduction for automatic mesh merging
[2026.04.02-09.21.57:554][  0]LogMeshReduction: No distributed automatic mesh merging module available
[2026.04.02-09.21.57:554][  0]LogMeshMerging: No distributed automatic mesh merging module available
[2026.04.02-09.21.57:689][  0]LogNetVersion: Playtime_Multiplayer 1.0.0, NetCL: 17155196, EngineNetVer: 17, GameNetVer: 0 (Checksum: 2025055209)
[2026.04.02-09.21.58:075][  0]LogTexture: Default maximum texture size for cubemaps generated from long-lat sources has been changed from 512 to unlimited. In order to preserve old behaiour for '/Engine/MapTemplates/Sky/DaylightAmbientCubemap.DaylightAmbientCubemap', its maximum texture size has been explicitly set to 512.
[2026.04.02-09.21.58:177][  0]LogHMD: PokeAHoleMaterial loaded successfully
[2026.04.02-09.21.58:361][  0]LogMoviePlayer: Initializing movie player
[2026.04.02-09.21.58:518][  0]LogPython: Using Python 3.7.7
[2026.04.02-09.21.59:255][  0]LogNiagaraDebuggerClient: Niagara Debugger Client Initialized | Session: 9D7DE8EF48BAB82B683860A1B894FBFE | Instance: BB66FBDD429C21D79D3BB7B30F58FF58 (WIN-O5Q6NLQMTLB-18732).
[2026.04.02-09.21.59:291][  0]LogCollectionManager: Loaded 0 collections in 0.002707 seconds
[2026.04.02-09.21.59:298][  0]LogFileCache: Scanning file cache for directory 'C:/Users/User/Documents/Unreal Projects/Playtime_Multiplayer/Saved/Collections/' took 0.00s
[2026.04.02-09.21.59:298][  0]LogFileCache: Scanning file cache for directory 'C:/Users/User/Documents/Unreal Projects/Playtime_Multiplayer/Content/Developers/User/Collections/' took 0.00s
[2026.04.02-09.21.59:298][  0]LogFileCache: Scanning file cache for directory 'C:/Users/User/Documents/Unreal Projects/Playtime_Multiplayer/Content/Collections/' took 0.00s
[2026.04.02-09.21.59:298][  0]LogCollectionManager: Fixed up redirectors for 0 collections in 0.000002 seconds (updated 0 objects)
[2026.04.02-09.21.59:345][  0]LogTcpMessaging: Initializing TcpMessaging bridge
[2026.04.02-09.21.59:350][  0]LogUdpMessaging: Initializing bridge on interface 0.0.0.0:0 to multicast group 230.0.0.1:6666.
[2026.04.02-09.21.59:500][  0]SourceControl: Source control is disabled
[2026.04.02-09.21.59:500][  0]SourceControl: Source control is disabled
[2026.04.02-09.21.59:507][  0]SourceControl: Source control is disabled
[2026.04.02-09.21.59:518][  0]LogUProjectInfo: Found projects:
[2026.04.02-09.21.59:809][  0]LogOpenImageDenoise: OIDN starting up
[2026.04.02-09.21.59:860][  0]LogAndroidPermission: UAndroidPermissionCallbackProxy::GetInstance
[2026.04.02-09.21.59:886][  0]LogAudioCaptureCore: Display: No Audio Capture implementations found. Audio input will be silent.
[2026.04.02-09.21.59:886][  0]LogAudioCaptureCore: Display: No Audio Capture implementations found. Audio input will be silent.
[2026.04.02-09.22.00:003][  0]LogOcInput: OculusInput pre-init called
[2026.04.02-09.22.00:016][  0]LogUObjectArray: 22300 objects as part of root set at end of initial load.
[2026.04.02-09.22.00:016][  0]LogUObjectAllocator: 6025072 out of 0 bytes used by permanent object pool.
[2026.04.02-09.22.00:016][  0]LogUObjectArray: CloseDisregardForGC: 0/0 objects in disregard for GC pool
[2026.04.02-09.22.00:108][  0]LogEngine: Initializing Engine...
[2026.04.02-09.22.00:112][  0]LogHMD: Failed to enumerate extensions. Please check that you have a valid OpenXR runtime installed.
[2026.04.02-09.22.00:112][  0]LogHMD: Failed to initialize OpenVR with code 110
[2026.04.02-09.22.00:112][  0]LogMagicLeap: Warning: VR disabled because ZI is not enabled.  To enable, in the editor, Edit -> Project Settings -> Plugins -> Magic Leap Plugin -> Enable Zero Iteration
[2026.04.02-09.22.00:115][  0]LogStats: UGameplayTagsManager::InitializeManager -  0.001 s
[2026.04.02-09.22.00:273][  0]LogInit: Initializing FReadOnlyCVARCache
[2026.04.02-09.22.00:273][  0]LogAudio: Display: Initializing Audio Device Manager...
[2026.04.02-09.22.00:281][  0]LogAudio: Display: Loading Default Audio Settings Objects...
[2026.04.02-09.22.00:282][  0]LogAudio: Display: No default SoundConcurrencyObject specified (or failed to load).
[2026.04.02-09.22.00:283][  0]LogAudio: Display: Audio Device Manager Initialized
[2026.04.02-09.22.00:283][  0]LogAudio: Display: Creating Audio Device:                 Id: 1, Scope: Shared, Realtime: True
[2026.04.02-09.22.00:283][  0]LogAudioMixer: Display: Audio Mixer Platform Settings:
[2026.04.02-09.22.00:283][  0]LogAudioMixer: Display: 	Sample Rate:						  48000
[2026.04.02-09.22.00:283][  0]LogAudioMixer: Display: 	Callback Buffer Frame Size Requested: 1024
[2026.04.02-09.22.00:283][  0]LogAudioMixer: Display: 	Callback Buffer Frame Size To Use:	  1024
[2026.04.02-09.22.00:283][  0]LogAudioMixer: Display: 	Number of buffers to queue:			  2
[2026.04.02-09.22.00:283][  0]LogAudioMixer: Display: 	Max Channels (voices):				  32
[2026.04.02-09.22.00:283][  0]LogAudioMixer: Display: 	Number of Async Source Workers:		  0
[2026.04.02-09.22.00:283][  0]LogAudio: Display: AudioDevice MaxSources: 32
[2026.04.02-09.22.00:284][  0]LogAudio: Display: Audio Spatialization Plugin: None (built-in).
[2026.04.02-09.22.00:284][  0]LogAudio: Display: Audio Reverb Plugin: None (built-in).
[2026.04.02-09.22.00:284][  0]LogAudio: Display: Audio Occlusion Plugin: None (built-in).
[2026.04.02-09.22.00:284][  0]LogAudioMixer: Display: Initializing audio mixer.
[2026.04.02-09.22.00:333][  0]LogAudioMixer: Display: 0: FrontLeft
[2026.04.02-09.22.00:333][  0]LogAudioMixer: Display: 1: FrontRight
[2026.04.02-09.22.00:375][  0]LogAudioMixer: Display: Using Audio Device Headphones (Realtek(R) Audio)
[2026.04.02-09.22.00:385][  0]LogAudioMixer: Display: Initializing Sound Submixes...
[2026.04.02-09.22.00:388][  0]LogAudioMixer: Display: Creating Master Submix 'MasterSubmixDefault'
[2026.04.02-09.22.00:388][  0]LogAudioMixer: Display: Creating Master Submix 'MasterReverbSubmixDefault'
[2026.04.02-09.22.00:390][  0]LogAudioMixer: Display: Creating Master Submix 'MasterEQSubmixDefault'
[2026.04.02-09.22.00:390][  0]LogAudioMixer: FMixerPlatformXAudio2::StartAudioStream() called
[2026.04.02-09.22.00:390][  0]LogAudioMixer: Display: Output buffers initialized: Frames=1024, Channels=2, Samples=2048
[2026.04.02-09.22.00:391][  0]LogAudioMixer: Display: Starting AudioMixerPlatformInterface::RunInternal()
[2026.04.02-09.22.00:391][  0]LogAudioMixer: Display: FMixerPlatformXAudio2::SubmitBuffer() called for the first time
[2026.04.02-09.22.00:391][  0]LogInit: FAudioDevice initialized.
[2026.04.02-09.22.00:392][  0]LogNetVersion: Set ProjectVersion to 1.0.0.0. Version Checksum will be recalculated on next use.
[2026.04.02-09.22.00:396][  0]LogInit: Texture streaming: Enabled
[2026.04.02-09.22.00:502][  0]LogAudio: Display: Audio Device (ID: 1) registered with world 'Untitled'.
[2026.04.02-09.22.00:502][  0]LogSlate: Updating window title bar state: overlay mode, drag disabled, window buttons hidden, title bar hidden
[2026.04.02-09.22.00:503][  0]LogInit: Display: Game Engine Initialized.
[2026.04.02-09.22.00:503][  0]LogNiagaraEditor: GEditor isn't valid! Particle reset commands will not work for Niagara components!
[2026.04.02-09.22.00:667][  0]LogInit: Display: Starting Game.
[2026.04.02-09.22.00:667][  0]LogNet: Browse: /Game/MAPS/Main_Menu?Name=Player
[2026.04.02-09.22.00:667][  0]LogLoad: LoadMap: /Game/MAPS/Main_Menu?Name=Player
[2026.04.02-09.22.00:667][  0]LogWorld: BeginTearingDown for /Temp/Untitled_0
[2026.04.02-09.22.00:668][  0]LogWorld: UWorld::CleanupWorld for Untitled, bSessionEnded=true, bCleanupResources=true
[2026.04.02-09.22.00:669][  0]LogSlate: InvalidateAllWidgets triggered.  All widgets were invalidated
[2026.04.02-09.22.00:674][  0]LogAudio: Display: Audio Device unregistered from world 'None'.
[2026.04.02-09.22.00:678][  0]LogUObjectHash: Compacting FUObjectHashTables data took   1.20ms
[2026.04.02-09.22.00:844][  0]LogAudio: Display: Audio Device (ID: 1) registered with world 'Main_Menu'.
[2026.04.02-09.22.00:861][  0]LogAIModule: Creating AISystem for world Main_Menu
[2026.04.02-09.22.00:862][  0]LogLoad: Game class is 'MENU_C'
[2026.04.02-09.22.00:866][  0]LogWorld: Bringing World /Game/MAPS/Main_Menu.Main_Menu up for play (max tick rate 0) at 2026.04.02-12.22.00
[2026.04.02-09.22.00:867][  0]LogWorld: Bringing up level for play took: 0.004344
[2026.04.02-09.22.00:867][  0]LogGameMode: FindPlayerStart: PATHS NOT DEFINED or NO PLAYERSTART with positive rating
[2026.04.02-09.22.00:871][  0]LogViewport: Display: Viewport MouseLockMode Changed, LockOnCapture -> DoNotLock
[2026.04.02-09.22.00:871][  0]LogViewport: Display: Viewport MouseCaptureMode Changed, CapturePermanently_IncludingInitialMouseDown -> NoCapture
[2026.04.02-09.22.00:871][  0]LogLoad: Took 0.204386 seconds to LoadMap(/Game/MAPS/Main_Menu)
[2026.04.02-09.22.00:942][  0]LogSlate: Took 0.001145 seconds to synchronously load lazily loaded font '../../../Engine/Content/Slate/Fonts/Roboto-Regular.ttf' (155K)
[2026.04.02-09.22.00:994][  0]LogRenderer: Reallocating scene render targets to support 1272x940 Format 10 NumSamples 1 (Frame:1).
[2026.04.02-09.22.00:994][  0]LogInit: Display: Engine is initialized. Leaving FEngineLoop::Init()
[2026.04.02-09.22.00:994][  0]LogLoad: (Engine Initialization) Total time: 10.16 seconds
[2026.04.02-09.22.00:994][  0]LogLoad: (Engine Initialization) Total Blueprint compile time: 0.00 seconds
[2026.04.02-09.22.01:071][  0]LogContentStreaming: Texture pool size now 1000 MB
[2026.04.02-09.22.01:076][  0]LogSlate: InvalidateAllWidgets triggered.  All widgets were invalidated
[2026.04.02-09.22.01:348][  0]LogRenderer: Reallocating scene render targets to support 128x128 Format 10 NumSamples 1 (Frame:1).
[2026.04.02-09.22.01:502][  0]LogRenderer: Reallocating scene render targets to support 1272x940 Format 10 NumSamples 1 (Frame:2).
[2026.04.02-09.22.01:564][  1]LogSlate: Took 0.000462 seconds to synchronously load lazily loaded font '../../../Engine/Content/Slate/Fonts/Roboto-Regular.ttf' (155K)
[2026.04.02-09.22.18:854][385]LogRenderer: Reallocating scene render targets to support 1256x940 Format 10 NumSamples 1 (Frame:387).
[2026.04.02-09.22.19:070][386]LogSlate: Window 'Playtime_Multiplayer (64-bit Development PCD3D_SM5) ' being destroyed
[2026.04.02-09.22.19:071][386]LogWindowsTextInputMethodSystem: Display: IME system deactivated.
[2026.04.02-09.22.19:081][386]LogWindowsTextInputMethodSystem: Display: IME system deactivated.
[2026.04.02-09.22.19:085][386]LogSlate: Updating window title bar state: overlay mode, drag disabled, window buttons hidden, title bar hidden
[2026.04.02-09.22.19:085][386]LogEngine: All Windows Closed
[2026.04.02-09.22.19:085][386]LogWindows: FPlatformMisc::RequestExit(0)
[2026.04.02-09.22.19:085][386]LogWindows: FPlatformMisc::RequestExitWithStatus(0, 0)
[2026.04.02-09.22.19:085][386]LogCore: Engine exit requested (reason: Win RequestExit)
[2026.04.02-09.22.19:086][387]LogCore: Engine exit requested (reason: EngineExit() was called; note: exit was already requested)
[2026.04.02-09.22.19:086][387]LogInit: Display: PreExit Game.
[2026.04.02-09.22.19:086][387]LogWorld: BeginTearingDown for /Game/MAPS/Main_Menu
[2026.04.02-09.22.19:086][387]LogWorld: UWorld::CleanupWorld for Main_Menu, bSessionEnded=true, bCleanupResources=true
[2026.04.02-09.22.19:087][387]LogSlate: InvalidateAllWidgets triggered.  All widgets were invalidated
[2026.04.02-09.22.19:126][387]LogAudio: Display: Beginning Audio Device Manager Shutdown (Module: AudioMixerXAudio2)...
[2026.04.02-09.22.19:127][387]LogAudio: Display: Destroying 1 Remaining Audio Device(s)...
[2026.04.02-09.22.19:127][387]LogAudio: Display: Audio Device unregistered from world 'Main_Menu'.
[2026.04.02-09.22.19:169][387]LogAudioMixer: FMixerPlatformXAudio2::StopAudioStream() called
[2026.04.02-09.22.19:171][387]LogAudioMixer: FMixerPlatformXAudio2::StopAudioStream() called
[2026.04.02-09.22.19:176][387]LogAudio: Display: Audio Device Manager Shutdown
[2026.04.02-09.22.19:179][387]LogExit: Preparing to exit.
[2026.04.02-09.22.19:376][387]LogSlate: Updating window title bar state: overlay mode, drag disabled, window buttons hidden, title bar hidden
[2026.04.02-09.22.19:379][387]LogUObjectHash: Compacting FUObjectHashTables data took   1.12ms
[2026.04.02-09.22.19:415][387]LogMoviePlayer: Shutting down movie player
[2026.04.02-09.22.19:504][387]LogDemo: Cleaned up 0 splitscreen connections with owner deletion
[2026.04.02-09.22.19:510][387]LogExit: Game engine shut down
[2026.04.02-09.22.19:561][387]LogExit: Object subsystem successfully closed.
[2026.04.02-09.22.19:576][387]LogShaderCompilers: Display: === FShaderJobCache stats ===
[2026.04.02-09.22.19:576][387]LogShaderCompilers: Display: Total job queries 0, among them cache hits 0 (0.00%)
[2026.04.02-09.22.19:576][387]LogShaderCompilers: Display: Tracking 0 distinct input hashes that result in 0 distinct outputs (0.00%)
[2026.04.02-09.22.19:576][387]LogShaderCompilers: Display: RAM used: 0.00 MB (0.00 GB) of 409.60 MB (0.40 GB) budget. Usage: 0.00%
[2026.04.02-09.22.19:576][387]LogShaderCompilers: Display: ================================================
[2026.04.02-09.22.19:585][387]LogShaderCompilers: Display: Shaders left to compile 0
[2026.04.02-09.22.19:596][387]LogModuleManager: Shutting down and abandoning module SequenceRecorderSections (561)
[2026.04.02-09.22.19:596][387]LogModuleManager: Shutting down and abandoning module SequenceRecorder (559)
[2026.04.02-09.22.19:596][387]LogModuleManager: Shutting down and abandoning module AutomationController (557)
[2026.04.02-09.22.19:596][387]LogModuleManager: Shutting down and abandoning module AutomationWorker (555)
[2026.04.02-09.22.19:596][387]LogModuleManager: Shutting down and abandoning module Voice (553)
[2026.04.02-09.22.19:596][387]LogModuleManager: Shutting down and abandoning module AIModule (551)
[2026.04.02-09.22.19:596][387]LogModuleManager: Shutting down and abandoning module GameplayDebugger (550)
[2026.04.02-09.22.19:596][387]LogModuleManager: Shutting down and abandoning module AITestSuite (548)
[2026.04.02-09.22.19:596][387]LogModuleManager: Shutting down and abandoning module NavigationSystem (546)
[2026.04.02-09.22.19:596][387]LogModuleManager: Shutting down and abandoning module SteamVREditor (543)
[2026.04.02-09.22.19:596][387]LogModuleManager: Shutting down and abandoning module ToolMenus (542)
[2026.04.02-09.22.19:596][387]LogModuleManager: Shutting down and abandoning module OculusMR (539)
[2026.04.02-09.22.19:596][387]LogModuleManager: Shutting down and abandoning module TakeRecorderSources (537)
[2026.04.02-09.22.19:596][387]LogModuleManager: Shutting down and abandoning module TakeRecorder (536)
[2026.04.02-09.22.19:596][387]LogModuleManager: Shutting down and abandoning module TakeTrackRecorders (533)
[2026.04.02-09.22.19:597][387]LogModuleManager: Shutting down and abandoning module TakesCore (531)
[2026.04.02-09.22.19:597][387]LogModuleManager: Shutting down and abandoning module OpenXRInput (529)
[2026.04.02-09.22.19:597][387]LogModuleManager: Shutting down and abandoning module WebMMediaFactory (527)
[2026.04.02-09.22.19:597][387]LogModuleManager: Shutting down and abandoning module WebMMedia (525)
[2026.04.02-09.22.19:597][387]LogModuleManager: Shutting down and abandoning module WmfMediaFactory (523)
[2026.04.02-09.22.19:597][387]LogModuleManager: Shutting down and abandoning module OpenExrWrapper (521)
[2026.04.02-09.22.19:597][387]LogModuleManager: Shutting down and abandoning module ImgMediaFactory (519)
[2026.04.02-09.22.19:597][387]LogModuleManager: Shutting down and abandoning module AvfMediaFactory (517)
[2026.04.02-09.22.19:597][387]LogModuleManager: Shutting down and abandoning module MagicLeapMediaCodecFactory (515)
[2026.04.02-09.22.19:597][387]LogModuleManager: Shutting down and abandoning module MagicLeapMediaFactory (513)
[2026.04.02-09.22.19:597][387]LogModuleManager: Shutting down and abandoning module PlanarCut (511)
[2026.04.02-09.22.19:597][387]LogModuleManager: Shutting down and abandoning module CharacterAI (509)
[2026.04.02-09.22.19:597][387]LogModuleManager: Shutting down and abandoning module SessionServices (507)
[2026.04.02-09.22.19:597][387]LogModuleManager: Shutting down and abandoning module MovieSceneCapture (505)
[2026.04.02-09.22.19:597][387]LogModuleManager: Shutting down and abandoning module LiveCoding (503)
[2026.04.02-09.22.19:597][387]LogModuleManager: Shutting down and abandoning module LevelSequence (501)
[2026.04.02-09.22.19:597][387]LogModuleManager: Shutting down and abandoning module MovieSceneTracks (499)
[2026.04.02-09.22.19:597][387]LogModuleManager: Shutting down and abandoning module MovieScene (497)
[2026.04.02-09.22.19:597][387]LogModuleManager: Shutting down and abandoning module StreamingPauseRendering (495)
[2026.04.02-09.22.19:597][387]LogModuleManager: Shutting down and abandoning module PortalServices (493)
[2026.04.02-09.22.19:597][387]LogModuleManager: Shutting down and abandoning module PortalRpc (491)
[2026.04.02-09.22.19:597][387]LogModuleManager: Shutting down and abandoning module MessagingRpc (489)
[2026.04.02-09.22.19:597][387]LogModuleManager: Shutting down and abandoning module AudioMixerXAudio2 (487)
[2026.04.02-09.22.19:597][387]LogModuleManager: Shutting down and abandoning module AudioMixerCore (486)
[2026.04.02-09.22.19:597][387]LogModuleManager: Shutting down and abandoning module ImageWriteQueue (483)
[2026.04.02-09.22.19:601][387]LogModuleManager: Shutting down and abandoning module ProfilerService (481)
[2026.04.02-09.22.19:826][387]LogModuleManager: Shutting down and abandoning module TaskGraph (479)
[2026.04.02-09.22.19:826][387]LogModuleManager: Shutting down and abandoning module OculusInput (477)
[2026.04.02-09.22.19:826][387]LogModuleManager: Shutting down and abandoning module ProceduralMeshComponent (475)
[2026.04.02-09.22.19:826][387]LogModuleManager: Shutting down and abandoning module Synthesis (473)
[2026.04.02-09.22.19:826][387]LogModuleManager: Shutting down and abandoning module TakeMovieScene (471)
[2026.04.02-09.22.19:826][387]LogModuleManager: Shutting down and abandoning module MobilePatchingUtils (469)
[2026.04.02-09.22.19:826][387]LogModuleManager: Shutting down and abandoning module EditableMesh (467)
[2026.04.02-09.22.19:826][387]LogModuleManager: Shutting down and abandoning module GooglePAD (465)
[2026.04.02-09.22.19:826][387]LogModuleManager: Shutting down and abandoning module CustomMeshComponent (463)
[2026.04.02-09.22.19:826][387]LogModuleManager: Shutting down and abandoning module CableComponent (461)
[2026.04.02-09.22.19:826][387]LogModuleManager: Shutting down and abandoning module AppleImageUtilsBlueprintSupport (459)
[2026.04.02-09.22.19:826][387]LogModuleManager: Shutting down and abandoning module AppleImageUtils (457)
[2026.04.02-09.22.19:826][387]LogModuleManager: Shutting down and abandoning module AudioCapture (455)
[2026.04.02-09.22.19:826][387]LogModuleManager: Shutting down and abandoning module AudioCaptureRtAudio (454)
[2026.04.02-09.22.19:826][387]LogModuleManager: Shutting down and abandoning module AssetTags (451)
[2026.04.02-09.22.19:826][387]LogModuleManager: Shutting down and abandoning module ArchVisCharacter (449)
[2026.04.02-09.22.19:826][387]LogModuleManager: Shutting down and abandoning module AndroidPermission (447)
[2026.04.02-09.22.19:826][387]LogModuleManager: Shutting down and abandoning module ActorLayerUtilities (445)
[2026.04.02-09.22.19:826][387]LogModuleManager: Shutting down and abandoning module TemplateSequence (443)
[2026.04.02-09.22.19:826][387]LogModuleManager: Shutting down and abandoning module MediaCompositing (441)
[2026.04.02-09.22.19:826][387]LogModuleManager: Shutting down and abandoning module ImgMedia (439)
[2026.04.02-09.22.19:826][387]LogModuleManager: Shutting down and abandoning module MagicLeapSharedWorld (437)
[2026.04.02-09.22.19:826][387]LogModuleManager: Shutting down and abandoning module MagicLeapLightEstimation (435)
[2026.04.02-09.22.19:826][387]LogModuleManager: Shutting down and abandoning module MagicLeapHelperVulkan (433)
[2026.04.02-09.22.19:826][387]LogModuleManager: Shutting down and abandoning module MagicLeapHelperOpenGL (431)
[2026.04.02-09.22.19:826][387]LogModuleManager: Shutting down and abandoning module MagicLeapAudio (429)
[2026.04.02-09.22.19:826][387]LogModuleManager: Shutting down and abandoning module OpenImageDenoise (427)
[2026.04.02-09.22.19:826][387]LogOpenImageDenoise: OIDN shutting down
[2026.04.02-09.22.19:826][387]LogModuleManager: Shutting down and abandoning module MotoSynth (425)
[2026.04.02-09.22.19:826][387]LogModuleManager: Shutting down and abandoning module MeshConversion (423)
[2026.04.02-09.22.19:826][387]LogModuleManager: Shutting down and abandoning module DynamicMesh (421)
[2026.04.02-09.22.19:826][387]LogModuleManager: Shutting down and abandoning module GeometryAlgorithms (419)
[2026.04.02-09.22.19:826][387]LogModuleManager: Shutting down and abandoning module GeometricObjects (417)
[2026.04.02-09.22.19:826][387]LogModuleManager: Shutting down and abandoning module GeometryCollectionTracks (415)
[2026.04.02-09.22.19:826][387]LogModuleManager: Shutting down and abandoning module GeometryCollectionSequencer (414)
[2026.04.02-09.22.19:826][387]LogModuleManager: Shutting down and abandoning module GeometryCacheTracks (411)
[2026.04.02-09.22.19:828][387]LogModuleManager: Shutting down and abandoning module GeometryCacheSequencer (410)
[2026.04.02-09.22.19:828][387]LogModuleManager: Shutting down and abandoning module GeometryCache (407)
[2026.04.02-09.22.19:828][387]LogModuleManager: Shutting down and abandoning module GeometryCacheEd (406)
[2026.04.02-09.22.19:828][387]LogModuleManager: Shutting down and abandoning module ChaosNiagara (403)
[2026.04.02-09.22.19:828][387]LogModuleManager: Shutting down and abandoning module FieldSystemEngine (402)
[2026.04.02-09.22.19:828][387]LogModuleManager: Shutting down and abandoning module BackChannel (399)
[2026.04.02-09.22.19:828][387]LogModuleManager: Shutting down and abandoning module AutomationUtils (397)
[2026.04.02-09.22.19:828][387]LogModuleManager: Shutting down and abandoning module VisualStudioSourceCodeAccess (395)
[2026.04.02-09.22.19:828][387]LogModuleManager: Shutting down and abandoning module HotReload (394)
[2026.04.02-09.22.19:828][387]LogModuleManager: Shutting down and abandoning module VisualStudioCodeSourceCodeAccess (391)
[2026.04.02-09.22.19:828][387]LogModuleManager: Shutting down and abandoning module UObjectPlugin (389)
[2026.04.02-09.22.19:828][387]LogModuleManager: Shutting down and abandoning module SubversionSourceControl (387)
[2026.04.02-09.22.19:828][387]LogModuleManager: Shutting down and abandoning module PerforceSourceControl (385)
[2026.04.02-09.22.19:828][387]LogModuleManager: Shutting down and abandoning module SourceControl (384)
[2026.04.02-09.22.19:828][387]LogModuleManager: Shutting down and abandoning module CLionSourceCodeAccess (381)
[2026.04.02-09.22.19:828][387]LogModuleManager: Shutting down and abandoning module OodleNetworkHandlerComponent (379)
[2026.04.02-09.22.19:828][387]LogModuleManager: Shutting down and abandoning module LiveLinkSequencer (377)
[2026.04.02-09.22.19:828][387]LogModuleManager: Shutting down and abandoning module LiveLinkMovieScene (375)
[2026.04.02-09.22.19:828][387]LogModuleManager: Shutting down and abandoning module LiveLinkGraphNode (373)
[2026.04.02-09.22.19:828][387]LogModuleManager: Shutting down and abandoning module LiveLinkComponents (371)
[2026.04.02-09.22.19:828][387]LogModuleManager: Shutting down and abandoning module LiveLink (369)
[2026.04.02-09.22.20:438][387]LogModuleManager: Shutting down and abandoning module AdvancedSessions (367)
[2026.04.02-09.22.20:438][387]LogModuleManager: Shutting down and abandoning module SoundFields (365)
[2026.04.02-09.22.20:438][387]LogModuleManager: Shutting down and abandoning module RuntimePhysXCooking (363)
[2026.04.02-09.22.20:438][387]LogModuleManager: Shutting down and abandoning module SignificanceManager (361)
[2026.04.02-09.22.20:438][387]LogModuleManager: Shutting down and abandoning module PropertyAccessEditor (359)
[2026.04.02-09.22.20:438][387]LogModuleManager: Shutting down and abandoning module PhysXVehiclesEditor (357)
[2026.04.02-09.22.20:439][387]LogModuleManager: Shutting down and abandoning module LocationServicesBPLibrary (353)
[2026.04.02-09.22.20:439][387]LogModuleManager: Shutting down and abandoning module AudioSynesthesia (351)
[2026.04.02-09.22.20:439][387]LogModuleManager: Shutting down and abandoning module AudioSynesthesiaCore (349)
[2026.04.02-09.22.20:439][387]LogModuleManager: Shutting down and abandoning module UdpMessaging (347)
[2026.04.02-09.22.20:539][387]LogModuleManager: Shutting down and abandoning module TcpMessaging (345)
[2026.04.02-09.22.20:640][387]LogModuleManager: Shutting down and abandoning module ActorSequence (343)
[2026.04.02-09.22.20:640][387]LogModuleManager: Shutting down and abandoning module NiagaraAnimNotifies (341)
[2026.04.02-09.22.20:640][387]LogModuleManager: Shutting down and abandoning module Niagara (339)
[2026.04.02-09.22.20:640][387]LogModuleManager: Shutting down and abandoning module SignalProcessing (338)
[2026.04.02-09.22.20:640][387]LogModuleManager: Shutting down and abandoning module NiagaraEditor (336)
[2026.04.02-09.22.20:640][387]LogModuleManager: Shutting down and abandoning module ContentBrowser (335)
[2026.04.02-09.22.20:640][387]LogModuleManager: Shutting down and abandoning module CollectionManager (334)
[2026.04.02-09.22.20:640][387]LogModuleManager: Shutting down and abandoning module DirectoryWatcher (333)
[2026.04.02-09.22.20:640][387]LogModuleManager: Shutting down and abandoning module ContentBrowserData (330)
[2026.04.02-09.22.20:640][387]LogModuleManager: Shutting down and abandoning module NiagaraCore (325)
[2026.04.02-09.22.20:640][387]LogModuleManager: Shutting down and abandoning module ImgMediaEngine (323)
[2026.04.02-09.22.20:640][387]LogModuleManager: Shutting down and abandoning module MagicLeapARPin (321)
[2026.04.02-09.22.20:640][387]LogModuleManager: Shutting down and abandoning module MagicLeapHandMeshing (319)
[2026.04.02-09.22.20:640][387]LogModuleManager: Shutting down and abandoning module MagicLeapSecureStorage (317)
[2026.04.02-09.22.20:640][387]LogModuleManager: Shutting down and abandoning module MagicLeapPrivileges (315)
[2026.04.02-09.22.20:640][387]LogModuleManager: Shutting down and abandoning module MagicLeapPlanes (313)
[2026.04.02-09.22.20:640][387]LogMagicLeapPlanes: Planes tracker already destroyed.
[2026.04.02-09.22.20:640][387]LogModuleManager: Shutting down and abandoning module MagicLeapImageTracker (311)
[2026.04.02-09.22.20:640][387]LogModuleManager: Shutting down and abandoning module MagicLeapIdentity (309)
[2026.04.02-09.22.20:640][387]LogModuleManager: Shutting down and abandoning module MagicLeapHandTracking (307)
[2026.04.02-09.22.20:641][387]LogModuleManager: Shutting down and abandoning module MagicLeapEyeTracker (305)
[2026.04.02-09.22.20:641][387]LogModuleManager: Shutting down and abandoning module MagicLeapController (303)
[2026.04.02-09.22.20:641][387]LogModuleManager: Shutting down and abandoning module MagicLeapARPinImpl (301)
[2026.04.02-09.22.20:641][387]LogModuleManager: Shutting down and abandoning module MagicLeapAR (299)
[2026.04.02-09.22.20:641][387]LogModuleManager: Shutting down and abandoning module PythonScriptPlugin (297)
[2026.04.02-09.22.20:641][387]LogModuleManager: Shutting down and abandoning module LightPropagationVolumeRuntime (295)
[2026.04.02-09.22.20:641][387]LogModuleManager: Shutting down and abandoning module GameplayTagsEditor (293)
[2026.04.02-09.22.20:641][387]LogModuleManager: Shutting down and abandoning module FacialAnimation (291)
[2026.04.02-09.22.20:641][387]LogModuleManager: Shutting down and abandoning module AssetManagerEditor (289)
[2026.04.02-09.22.20:641][387]LogModuleManager: Shutting down and abandoning module TreeMap (288)
[2026.04.02-09.22.20:641][387]LogModuleManager: Shutting down and abandoning module PropertyAccessNode (285)
[2026.04.02-09.22.20:641][387]LogModuleManager: Shutting down and abandoning module AnimationSharing (283)
[2026.04.02-09.22.20:641][387]LogModuleManager: Shutting down and abandoning module GameplayCameras (281)
[2026.04.02-09.22.20:641][387]LogModuleManager: Shutting down and abandoning module EnvironmentQueryEditor (279)
[2026.04.02-09.22.20:641][387]LogModuleManager: Shutting down and abandoning module Paper2D (277)
[2026.04.02-09.22.20:641][387]LogModuleManager: Shutting down and abandoning module WindowsMoviePlayer (275)
[2026.04.02-09.22.20:642][387]LogModuleManager: Shutting down and abandoning module WebMMoviePlayer (273)
[2026.04.02-09.22.20:642][387]LogModuleManager: Shutting down and abandoning module NetworkReplayStreaming (271)
[2026.04.02-09.22.20:642][387]LogModuleManager: Shutting down and abandoning module PacketHandler (269)
[2026.04.02-09.22.20:642][387]LogModuleManager: Shutting down and abandoning module ClothingSystemEditor (267)
[2026.04.02-09.22.20:642][387]LogModuleManager: Shutting down and abandoning module ClothingSystemRuntimeNv (265)
[2026.04.02-09.22.20:642][387]LogModuleManager: Shutting down and abandoning module MediaAssets (263)
[2026.04.02-09.22.20:642][387]LogModuleManager: Shutting down and abandoning module Overlay (261)
[2026.04.02-09.22.20:642][387]LogModuleManager: Shutting down and abandoning module OverlayEditor (260)
[2026.04.02-09.22.20:642][387]LogModuleManager: Shutting down and abandoning module VREditor (257)
[2026.04.02-09.22.20:642][387]LogModuleManager: Shutting down and abandoning module StringTableEditor (255)
[2026.04.02-09.22.20:642][387]LogModuleManager: Shutting down and abandoning module GameplayTasksEditor (253)
[2026.04.02-09.22.20:642][387]LogModuleManager: Shutting down and abandoning module BehaviorTreeEditor (251)
[2026.04.02-09.22.20:642][387]LogModuleManager: Shutting down and abandoning module FunctionalTesting (249)
[2026.04.02-09.22.20:642][387]LogModuleManager: Shutting down and abandoning module CollisionAnalyzer (247)
[2026.04.02-09.22.20:642][387]LogModuleManager: Shutting down and abandoning module WorkspaceMenuStructure (246)
[2026.04.02-09.22.20:642][387]LogModuleManager: Shutting down and abandoning module UMG (243)
[2026.04.02-09.22.20:642][387]LogModuleManager: Shutting down and abandoning module UMGEditor (242)
[2026.04.02-09.22.20:642][387]LogModuleManager: Shutting down and abandoning module Sequencer (241)
[2026.04.02-09.22.20:642][387]LogModuleManager: Shutting down and abandoning module MessageLog (238)
[2026.04.02-09.22.20:642][387]LogModuleManager: Shutting down and abandoning module SlateReflector (233)
[2026.04.02-09.22.20:642][387]LogModuleManager: Shutting down and abandoning module Slate (231)
[2026.04.02-09.22.20:642][387]LogModuleManager: Shutting down and abandoning module SlateCore (229)
[2026.04.02-09.22.20:643][387]LogModuleManager: Shutting down and abandoning module LandscapeEditorUtilities (227)
[2026.04.02-09.22.20:643][387]LogModuleManager: Shutting down and abandoning module UnrealEd (225)
[2026.04.02-09.22.20:643][387]LogModuleManager: Shutting down and abandoning module MRMesh (223)
[2026.04.02-09.22.20:643][387]LogModuleManager: Shutting down and abandoning module Messaging (221)
[2026.04.02-09.22.20:643][387]LogModuleManager: Shutting down and abandoning module SourceCodeAccess (219)
[2026.04.02-09.22.20:643][387]LogModuleManager: Shutting down and abandoning module HeadMountedDisplay (217)
[2026.04.02-09.22.20:643][387]LogModuleManager: Shutting down and abandoning module XAudio2 (215)
[2026.04.02-09.22.20:643][387]LogModuleManager: Shutting down and abandoning module Networking (213)
[2026.04.02-09.22.20:643][387]LogModuleManager: Shutting down and abandoning module Core (211)
[2026.04.02-09.22.20:643][387]LogModuleManager: Shutting down and abandoning module MaterialEditor (209)
[2026.04.02-09.22.20:643][387]LogModuleManager: Shutting down and abandoning module MovieSceneTools (207)
[2026.04.02-09.22.20:643][387]LogModuleManager: Shutting down and abandoning module EditorStyle (206)
[2026.04.02-09.22.20:644][387]LogModuleManager: Shutting down and abandoning module KismetCompiler (203)
[2026.04.02-09.22.20:644][387]LogModuleManager: Shutting down and abandoning module MeshBuilder (201)
[2026.04.02-09.22.20:644][387]LogModuleManager: Shutting down and abandoning module MeshUtilities (199)
[2026.04.02-09.22.20:644][387]LogModuleManager: Shutting down and abandoning module MeshMergeUtilities (198)
[2026.04.02-09.22.20:644][387]LogModuleManager: Shutting down and abandoning module MeshReductionInterface (197)
[2026.04.02-09.22.20:644][387]LogModuleManager: Shutting down and abandoning module MeshBoneReduction (196)
[2026.04.02-09.22.20:644][387]LogModuleManager: Shutting down and abandoning module SkeletalMeshReduction (194)
[2026.04.02-09.22.20:644][387]LogModuleManager: Shutting down and abandoning module ProxyLODMeshReduction (192)
[2026.04.02-09.22.20:644][387]LogModuleManager: Shutting down and abandoning module QuadricMeshReduction (190)
[2026.04.02-09.22.20:644][387]LogModuleManager: Shutting down and abandoning module MaterialBaking (186)
[2026.04.02-09.22.20:644][387]LogModuleManager: Shutting down and abandoning module NullInstallBundleManager (181)
[2026.04.02-09.22.20:644][387]LogModuleManager: Shutting down and abandoning module PIEPreviewDeviceProfileSelector (179)
[2026.04.02-09.22.20:644][387]LogModuleManager: Shutting down and abandoning module DerivedDataCache (177)
[2026.04.02-09.22.20:644][387]LogModuleManager: Shutting down and abandoning module TargetPlatform (175)
[2026.04.02-09.22.20:644][387]LogModuleManager: Shutting down and abandoning module VulkanShaderFormat (174)
[2026.04.02-09.22.20:644][387]LogModuleManager: Shutting down and abandoning module ShaderFormatVectorVM (172)
[2026.04.02-09.22.20:644][387]LogModuleManager: Shutting down and abandoning module ShaderFormatOpenGL (170)
[2026.04.02-09.22.20:644][387]LogModuleManager: Shutting down and abandoning module ShaderFormatD3D (168)
[2026.04.02-09.22.20:645][387]LogModuleManager: Shutting down and abandoning module MetalShaderFormat (166)
[2026.04.02-09.22.20:645][387]LogModuleManager: Shutting down and abandoning module TextureFormatOodle (164)
[2026.04.02-09.22.20:645][387]LogModuleManager: Shutting down and abandoning module TextureFormatUncompressed (162)
[2026.04.02-09.22.20:645][387]LogModuleManager: Shutting down and abandoning module TextureFormatPVR (160)
[2026.04.02-09.22.20:645][387]LogModuleManager: Shutting down and abandoning module TextureFormatETC2 (158)
[2026.04.02-09.22.20:645][387]LogModuleManager: Shutting down and abandoning module TextureFormatDXT (156)
[2026.04.02-09.22.20:645][387]LogModuleManager: Shutting down and abandoning module TextureFormatIntelISPCTexComp (154)
[2026.04.02-09.22.20:645][387]LogModuleManager: Shutting down and abandoning module TextureFormatASTC (152)
[2026.04.02-09.22.20:645][387]LogModuleManager: Shutting down and abandoning module ImageWrapper (151)
[2026.04.02-09.22.20:645][387]LogModuleManager: Shutting down and abandoning module AudioFormatOpus (148)
[2026.04.02-09.22.20:645][387]LogModuleManager: Shutting down and abandoning module AudioFormatOgg (146)
[2026.04.02-09.22.20:645][387]LogModuleManager: Shutting down and abandoning module AudioFormatADPCM (144)
[2026.04.02-09.22.20:645][387]LogModuleManager: Shutting down and abandoning module WindowsServerTargetPlatform (142)
[2026.04.02-09.22.20:645][387]LogModuleManager: Shutting down and abandoning module WindowsClientTargetPlatform (140)
[2026.04.02-09.22.20:645][387]LogModuleManager: Shutting down and abandoning module WindowsTargetPlatform (138)
[2026.04.02-09.22.20:645][387]LogModuleManager: Shutting down and abandoning module WindowsNoEditorTargetPlatform (136)
[2026.04.02-09.22.20:645][387]LogModuleManager: Shutting down and abandoning module D3D11RHI (133)
[2026.04.02-09.22.20:645][387]LogModuleManager: Shutting down and abandoning module InputCore (131)
[2026.04.02-09.22.20:645][387]LogModuleManager: Shutting down and abandoning module Settings (129)
[2026.04.02-09.22.20:645][387]LogModuleManager: Shutting down and abandoning module PhysXCooking (127)
[2026.04.02-09.22.20:645][387]LogModuleManager: Shutting down and abandoning module Chaos (125)
[2026.04.02-09.22.20:645][387]LogModuleManager: Shutting down and abandoning module WindowsPlatformFeatures (123)
[2026.04.02-09.22.20:645][387]LogModuleManager: Shutting down and abandoning module GameplayMediaEncoder (122)
[2026.04.02-09.22.20:645][387]LogModuleManager: Shutting down and abandoning module AVEncoder (121)
[2026.04.02-09.22.20:645][387]LogModuleManager: Shutting down and abandoning module SteamVRInputDevice (117)
[2026.04.02-09.22.20:645][387]LogModuleManager: Shutting down and abandoning module SteamVRInput (115)
[2026.04.02-09.22.20:645][387]LogModuleManager: Shutting down and abandoning module SteamVR (113)
[2026.04.02-09.22.20:645][387]LogHMD: Freeing OpenVRDLLHandle.
[2026.04.02-09.22.20:645][387]LogModuleManager: Shutting down and abandoning module OculusHMD (111)
[2026.04.02-09.22.20:645][387]LogModuleManager: Shutting down and abandoning module OpenXRHandTracking (109)
[2026.04.02-09.22.20:645][387]LogSlate: Slate User Destroyed.  User Index 0, Is Virtual User: 0
[2026.04.02-09.22.20:645][387]LogModuleManager: Shutting down and abandoning module OpenXRAR (107)
[2026.04.02-09.22.20:645][387]LogModuleManager: Shutting down and abandoning module AugmentedReality (106)
[2026.04.02-09.22.20:645][387]LogModuleManager: Shutting down and abandoning module OpenXRHMD (103)
[2026.04.02-09.22.20:645][387]LogModuleManager: Shutting down and abandoning module OpenXREyeTracker (101)
[2026.04.02-09.22.20:645][387]LogModuleManager: Shutting down and abandoning module ExampleDeviceProfileSelector (99)
[2026.04.02-09.22.20:645][387]LogModuleManager: Shutting down and abandoning module ChunkDownloader (97)
[2026.04.02-09.22.20:645][387]LogModuleManager: Shutting down and abandoning module OnlineBlueprintSupport (95)
[2026.04.02-09.22.20:645][387]LogModuleManager: Shutting down and abandoning module LauncherChunkInstaller (91)
[2026.04.02-09.22.20:645][387]LogModuleManager: Shutting down and abandoning module OnlineSubsystem (89)
[2026.04.02-09.22.20:646][387]LogModuleManager: Shutting down and abandoning module XMPP (83)
[2026.04.02-09.22.20:646][387]LogModuleManager: Shutting down and abandoning module WebSockets (82)
[2026.04.02-09.22.20:666][387]LogModuleManager: Shutting down and abandoning module HTTP (79)
[2026.04.02-09.22.20:666][387]LogHttp: Display: cleaning up 0 outstanding Http requests.
[2026.04.02-09.22.20:675][387]LogModuleManager: Shutting down and abandoning module SSL (78)
[2026.04.02-09.22.20:676][387]LogModuleManager: Shutting down and abandoning module NiagaraVertexFactories (74)
[2026.04.02-09.22.20:676][387]LogModuleManager: Shutting down and abandoning module NiagaraShader (72)
[2026.04.02-09.22.20:676][387]LogModuleManager: Shutting down and abandoning module WmfMedia (70)
[2026.04.02-09.22.20:681][387]LogModuleManager: Shutting down and abandoning module Media (69)
[2026.04.02-09.22.20:681][387]LogModuleManager: Shutting down and abandoning module MediaInfo (68)
[2026.04.02-09.22.20:681][387]LogModuleManager: Shutting down and abandoning module ExrReaderGpu (64)
[2026.04.02-09.22.20:681][387]LogModuleManager: Shutting down and abandoning module MLSDK (62)
[2026.04.02-09.22.20:681][387]LogModuleManager: Shutting down and abandoning module MagicLeap (60)
[2026.04.02-09.22.20:681][387]LogModuleManager: Shutting down and abandoning module ChaosCloth (58)
[2026.04.02-09.22.20:681][387]LogModuleManager: Shutting down and abandoning module DatasmithContent (56)
[2026.04.02-09.22.20:681][387]LogModuleManager: Shutting down and abandoning module VariantManagerContent (54)
[2026.04.02-09.22.20:682][387]LogModuleManager: Shutting down and abandoning module PixWinPlugin (52)
[2026.04.02-09.22.20:682][387]LogModuleManager: Shutting down and abandoning module AISupportModule (50)
[2026.04.02-09.22.20:682][387]LogModuleManager: Shutting down and abandoning module DesktopPlatform (48)
[2026.04.02-09.22.20:682][387]LogModuleManager: Shutting down and abandoning module PythonScriptPluginPreload (46)
[2026.04.02-09.22.20:682][387]LogModuleManager: Shutting down and abandoning module PlatformCryptoOpenSSL (44)
[2026.04.02-09.22.20:682][387]LogModuleManager: Shutting down and abandoning module PlatformCryptoTypes (42)
[2026.04.02-09.22.20:682][387]LogModuleManager: Shutting down and abandoning module PlatformCrypto (40)
[2026.04.02-09.22.20:682][387]LogModuleManager: Shutting down and abandoning module OodleDataCompressionFormat (38)
[2026.04.02-09.22.20:682][387]LogModuleManager: Shutting down and abandoning module XGEController (36)
[2026.04.02-09.22.20:682][387]LogModuleManager: Shutting down and abandoning module AnimationModifiers (34)
[2026.04.02-09.22.20:682][387]LogModuleManager: Shutting down and abandoning module AudioEditor (32)
[2026.04.02-09.22.20:682][387]LogModuleManager: Shutting down and abandoning module PropertyEditor (31)
[2026.04.02-09.22.20:682][387]LogModuleManager: Shutting down and abandoning module TextureCompressor (28)
[2026.04.02-09.22.20:682][387]LogModuleManager: Shutting down and abandoning module RenderCore (26)
[2026.04.02-09.22.20:682][387]LogModuleManager: Shutting down and abandoning module Landscape (24)
[2026.04.02-09.22.20:682][387]LogModuleManager: Shutting down and abandoning module SlateRHIRenderer (22)
[2026.04.02-09.22.20:683][387]LogModuleManager: Shutting down and abandoning module AnimGraphRuntime (20)
[2026.04.02-09.22.20:683][387]LogModuleManager: Shutting down and abandoning module Renderer (18)
[2026.04.02-09.22.20:683][387]LogModuleManager: Shutting down and abandoning module Engine (16)
[2026.04.02-09.22.20:683][387]LogModuleManager: Shutting down and abandoning module CoreUObject (14)
[2026.04.02-09.22.20:683][387]LogModuleManager: Shutting down and abandoning module NetworkFile (12)
[2026.04.02-09.22.20:683][387]LogModuleManager: Shutting down and abandoning module CookedIterativeFile (10)
[2026.04.02-09.22.20:683][387]LogModuleManager: Shutting down and abandoning module StreamingFile (8)
[2026.04.02-09.22.20:683][387]LogModuleManager: Shutting down and abandoning module SandboxFile (6)
[2026.04.02-09.22.20:683][387]LogModuleManager: Shutting down and abandoning module PakFile (4)
[2026.04.02-09.22.20:683][387]LogModuleManager: Shutting down and abandoning module RSA (3)
[2026.04.02-09.22.21:011][387]LogContentStreaming: Display: There are 1 unreleased StreamingManagers
[2026.04.02-09.22.21:026][387]LogD3D11RHI: Shutdown
[2026.04.02-09.22.21:026][387]LogD3D11RHI: CleanupD3DDevice
[2026.04.02-09.22.21:032][387]LogD3D11RHI: Intel Extensions Framework unloaded
[2026.04.02-09.22.21:035][387]LogD3D11RHI: [IntelMetricsDiscovery] Stopped
[2026.04.02-09.22.21:035][387]LogExit: Exiting.
[2026.04.02-09.22.21:049][387]Log file closed, 04/02/26 12:22:21
