Log file open, 04/01/26 21:43:00
LogWindows: Failed to load 'aqProf.dll' (GetLastError=126)
LogWindows: File 'aqProf.dll' does not exist
LogWindows: Failed to load 'VtuneApi.dll' (GetLastError=126)
LogWindows: File 'VtuneApi.dll' does not exist
LogWindows: Failed to load 'VtuneApi32e.dll' (GetLastError=126)
LogWindows: File 'VtuneApi32e.dll' does not exist
LogConsoleResponse: Display: Failed to find resolution value strings in scalability ini. Falling back to default.
LogConsoleResponse: Display: Failed to find resolution value strings in scalability ini. Falling back to default.
LogInit: Display: Running engine for game: Playtime_Multiplayer
LogPlatformFile: Not using cached read wrapper
LogTaskGraph: Started task graph with 5 named threads and 35 total threads with 3 sets of task threads.
LogStats: Stats thread started at 0.291020
LogICUInternationalization: ICU TimeZone Detection - Raw Offset: +3:00, Platform Override: ''
LogInit: Display: Loading text-based GConfig....
LogPluginManager: Mounting plugin MeshPainting
LogPluginManager: Mounting plugin XGEController
LogPluginManager: Mounting plugin Paper2D
LogPluginManager: Mounting plugin AISupport
LogPluginManager: Mounting plugin EnvironmentQueryEditor
LogPluginManager: Mounting plugin LightPropagationVolume
LogPluginManager: Mounting plugin LiveLink
LogPluginManager: Mounting plugin GameplayCameras
LogPluginManager: Mounting plugin CameraShakePreviewer
LogPluginManager: Mounting plugin OodleData
LogPluginManager: Mounting plugin OodleNetwork
LogPluginManager: Mounting plugin AnimationSharing
LogPluginManager: Mounting plugin Niagara
LogPluginManager: Mounting plugin CLionSourceCodeAccess
LogPluginManager: Mounting plugin CodeLiteSourceCodeAccess
LogPluginManager: Mounting plugin GitSourceControl
LogPluginManager: Mounting plugin KDevelopSourceCodeAccess
LogPluginManager: Mounting plugin NullSourceCodeAccess
LogPluginManager: Mounting plugin AssetManagerEditor
LogPluginManager: Mounting plugin PerforceSourceControl
LogPluginManager: Mounting plugin PixWinPlugin
LogPluginManager: Mounting plugin DataValidation
LogPluginManager: Mounting plugin PlasticSourceControl
LogPluginManager: Mounting plugin CurveEditorTools
LogPluginManager: Mounting plugin PluginUtils
LogPluginManager: Mounting plugin FacialAnimation
LogPluginManager: Mounting plugin GameplayTagsEditor
LogPluginManager: Mounting plugin CryptoKeys
LogPluginManager: Mounting plugin GeometryMode
LogPluginManager: Mounting plugin PropertyAccessNode
LogPluginManager: Mounting plugin MacGraphicsSwitching
LogPluginManager: Mounting plugin MaterialAnalyzer
LogPluginManager: Mounting plugin MobileLauncherProfileWizard
LogPluginManager: Mounting plugin PluginBrowser
LogPluginManager: Mounting plugin SpeedTreeImporter
LogPluginManager: Mounting plugin RiderSourceCodeAccess
LogPluginManager: Mounting plugin SubversionSourceControl
LogPluginManager: Mounting plugin DatasmithContent
LogPluginManager: Mounting plugin TextureFormatOodle
LogPluginManager: Mounting plugin UObjectPlugin
LogPluginManager: Mounting plugin VisualStudioCodeSourceCodeAccess
LogPluginManager: Mounting plugin XCodeSourceCodeAccess
LogPluginManager: Mounting plugin VisualStudioSourceCodeAccess
LogPluginManager: Mounting plugin VariantManagerContent
LogPluginManager: Mounting plugin AlembicImporter
LogPluginManager: Mounting plugin AutomationUtils
LogPluginManager: Mounting plugin BackChannel
LogPluginManager: Mounting plugin ChaosCloth
LogPluginManager: Mounting plugin ChaosClothEditor
LogPluginManager: Mounting plugin ChaosEditor
LogPluginManager: Mounting plugin ChaosNiagara
LogPluginManager: Mounting plugin ChaosSolverPlugin
LogPluginManager: Mounting plugin CharacterAI
LogPluginManager: Mounting plugin GeometryCache
LogPluginManager: Mounting plugin GeometryProcessing
LogPluginManager: Mounting plugin GeometryCollectionPlugin
LogPluginManager: Mounting plugin MotoSynth
LogPluginManager: Mounting plugin OpenImageDenoise
LogPluginManager: Mounting plugin PlanarCut
LogPluginManager: Mounting plugin PlatformCrypto
LogPluginManager: Mounting plugin ProxyLODPlugin
LogPluginManager: Mounting plugin PythonScriptPlugin
LogPluginManager: Mounting plugin SkeletalReduction
LogPluginManager: Mounting plugin LuminPlatformFeatures
LogPluginManager: Mounting plugin MagicLeap
LogPluginManager: Mounting plugin MagicLeapLightEstimation
LogPluginManager: Mounting plugin MagicLeapMedia
LogPluginManager: Mounting plugin MagicLeapPassableWorld
LogPluginManager: Mounting plugin MLSDK
LogPluginManager: Mounting plugin AndroidMedia
LogPluginManager: Mounting plugin AvfMedia
LogPluginManager: Mounting plugin ImgMedia
LogPluginManager: Mounting plugin MediaCompositing
LogPluginManager: Mounting plugin MediaPlayerEditor
LogPluginManager: Mounting plugin WebMMedia
LogPluginManager: Mounting plugin WmfMedia
LogPluginManager: Mounting plugin TcpMessaging
LogPluginManager: Mounting plugin UdpMessaging
LogPluginManager: Mounting plugin ActorSequence
LogPluginManager: Mounting plugin LevelSequenceEditor
LogPluginManager: Mounting plugin MatineeToLevelSequence
LogPluginManager: Mounting plugin LauncherChunkInstaller
LogPluginManager: Mounting plugin TemplateSequence
LogPluginManager: Mounting plugin OnlineSubsystem
LogPluginManager: Mounting plugin OnlineSubsystemNull
LogPluginManager: Mounting plugin OnlineSubsystemUtils
LogPluginManager: Mounting plugin AndroidPermission
LogPluginManager: Mounting plugin ActorLayerUtilities
LogPluginManager: Mounting plugin AndroidDeviceProfileSelector
LogPluginManager: Mounting plugin AndroidMoviePlayer
LogPluginManager: Mounting plugin AppleMoviePlayer
LogPluginManager: Mounting plugin AppleImageUtils
LogPluginManager: Mounting plugin AudioCapture
LogPluginManager: Mounting plugin ArchVisCharacter
LogPluginManager: Mounting plugin AssetTags
LogPluginManager: Mounting plugin AudioSynesthesia
LogPluginManager: Mounting plugin CableComponent
LogPluginManager: Mounting plugin CustomMeshComponent
LogPluginManager: Mounting plugin ChunkDownloader
LogPluginManager: Mounting plugin EditableMesh
LogPluginManager: Mounting plugin ExampleDeviceProfileSelector
LogPluginManager: Mounting plugin GoogleCloudMessaging
LogPluginManager: Mounting plugin GooglePAD
LogPluginManager: Mounting plugin IOSDeviceProfileSelector
LogPluginManager: Mounting plugin LinuxDeviceProfileSelector
LogPluginManager: Mounting plugin LocationServicesBPLibrary
LogPluginManager: Mounting plugin MobilePatchingUtils
LogPluginManager: Mounting plugin OpenXR
LogPluginManager: Mounting plugin OpenXRHandTracking
LogPluginManager: Mounting plugin OpenXREyeTracker
LogPluginManager: Mounting plugin PhysXVehicles
LogPluginManager: Mounting plugin ScreenshotTools
LogPluginManager: Mounting plugin PostSplashScreen
LogPluginManager: Mounting plugin ProceduralMeshComponent
LogPluginManager: Mounting plugin PropertyAccessEditor
LogPluginManager: Mounting plugin RuntimePhysXCooking
LogPluginManager: Mounting plugin SignificanceManager
LogPluginManager: Mounting plugin SoundFields
LogPluginManager: Mounting plugin Synthesis
LogPluginManager: Mounting plugin WindowsMoviePlayer
LogPluginManager: Mounting plugin WebMMoviePlayer
LogPluginManager: Mounting plugin Takes
LogPluginManager: Mounting plugin ContentBrowserAssetDataSource
LogPluginManager: Mounting plugin ContentBrowserFileDataSource
LogPluginManager: Mounting plugin ContentBrowserClassDataSource
LogPluginManager: Mounting plugin OnlineSubsystemGooglePlay
LogPluginManager: Mounting plugin OnlineSubsystemIOS
LogPluginManager: Mounting plugin OculusVR
LogPluginManager: Mounting plugin SteamVR
LogPluginManager: Mounting plugin AdvancedSessions
PixWinPlugin: PIX capture plugin failed to initialize! Check that the process is launched from PIX.
LogInit: Using libcurl 7.55.1-DEV
LogInit:  - built for x86_64-pc-win32
LogInit:  - supports SSL with OpenSSL/1.1.1
LogInit:  - supports HTTP deflate (compression) using libz 1.2.8
LogInit:  - other features:
LogInit:      CURL_VERSION_SSL
LogInit:      CURL_VERSION_LIBZ
LogInit:      CURL_VERSION_IPV6
LogInit:      CURL_VERSION_ASYNCHDNS
LogInit:      CURL_VERSION_LARGEFILE
LogInit:      CURL_VERSION_IDN
LogInit:  CurlRequestOptions (configurable via config and command line):
LogInit:  - bVerifyPeer = true  - Libcurl will verify peer certificate
LogInit:  - bUseHttpProxy = false  - Libcurl will NOT use HTTP proxy
LogInit:  - bDontReuseConnections = false  - Libcurl will reuse connections
LogInit:  - MaxHostConnections = 16  - Libcurl will limit the number of connections to a host
LogInit:  - LocalHostAddr = Default
LogInit:  - BufferSize = 65536
LogOnline: OSS: Creating online subsystem instance for: NULL
LogInit: WinSock: version 1.1 (2.2), MaxSocks=32767, MaxUdp=65467
LogOnline: OSS: TryLoadSubsystemAndSetDefault: Loaded subsystem for module [NULL]
LogOculusPluginWrapper: OculusPlugin initialized successfully
LogHMD: Failed initializing OVRPlugin 1.59.0
LogInit: Build: ++UE4+Release-4.27-CL-18319896
LogInit: Engine Version: 4.27.2-18319896+++UE4+Release-4.27
LogInit: Compatible Engine Version: 4.27.0-17155196+++UE4+Release-4.27
LogInit: Net CL: 17155196
LogInit: OS: Windows 10 (Release 2009) (), CPU: Intel(R) Core(TM) i5-10400T CPU @ 2.00GHz, GPU: Intel(R) UHD Graphics 630
LogInit: Compiled (64-bit): Nov 30 2021 07:12:08
LogInit: Compiled with Visual C++: 19.24.28315.00
LogInit: Build Configuration: Development
LogInit: Branch Name: ++UE4+Release-4.27
LogInit: Command Line: 
LogInit: Base Directory: C:/Program Files/Epic Games/UE_4.27/Engine/Binaries/Win64/
LogInit: Allocator: TBB
LogInit: Installed Engine Build: 1
LogDevObjectVersion: Number of dev versions registered: 29
LogDevObjectVersion:   Dev-Blueprints (B0D832E4-1F89-4F0D-ACCF-7EB736FD4AA2): 10
LogDevObjectVersion:   Dev-Build (E1C64328-A22C-4D53-A36C-8E866417BD8C): 0
LogDevObjectVersion:   Dev-Core (375EC13C-06E4-48FB-B500-84F0262A717E): 4
LogDevObjectVersion:   Dev-Editor (E4B068ED-F494-42E9-A231-DA0B2E46BB41): 40
LogDevObjectVersion:   Dev-Framework (CFFC743F-43B0-4480-9391-14DF171D2073): 37
LogDevObjectVersion:   Dev-Mobile (B02B49B5-BB20-44E9-A304-32B752E40360): 3
LogDevObjectVersion:   Dev-Networking (A4E4105C-59A1-49B5-A7C5-40C4547EDFEE): 0
LogDevObjectVersion:   Dev-Online (39C831C9-5AE6-47DC-9A44-9C173E1C8E7C): 0
LogDevObjectVersion:   Dev-Physics (78F01B33-EBEA-4F98-B9B4-84EACCB95AA2): 14
LogDevObjectVersion:   Dev-Platform (6631380F-2D4D-43E0-8009-CF276956A95A): 0
LogDevObjectVersion:   Dev-Rendering (12F88B9F-8875-4AFC-A67C-D90C383ABD29): 45
LogDevObjectVersion:   Dev-Sequencer (7B5AE74C-D270-4C10-A958-57980B212A5A): 13
LogDevObjectVersion:   Dev-VR (D7296918-1DD6-4BDD-9DE2-64A83CC13884): 3
LogDevObjectVersion:   Dev-LoadTimes (C2A15278-BFE7-4AFE-6C17-90FF531DF755): 1
LogDevObjectVersion:   Private-Geometry (6EACA3D4-40EC-4CC1-B786-8BED09428FC5): 3
LogDevObjectVersion:   Dev-AnimPhys (29E575DD-E0A3-4627-9D10-D276232CDCEA): 17
LogDevObjectVersion:   Dev-Anim (AF43A65D-7FD3-4947-9873-3E8ED9C1BB05): 15
LogDevObjectVersion:   Dev-ReflectionCapture (6B266CEC-1EC7-4B8F-A30B-E4D90942FC07): 1
LogDevObjectVersion:   Dev-Automation (0DF73D61-A23F-47EA-B727-89E90C41499A): 1
LogDevObjectVersion:   FortniteMain (601D1886-AC64-4F84-AA16-D3DE0DEAC7D6): 47
LogDevObjectVersion:   FortniteRelease (E7086368-6B23-4C58-8439-1B7016265E91): 1
LogDevObjectVersion:   Dev-Enterprise (9DFFBCD6-494F-0158-E221-12823C92A888): 10
LogDevObjectVersion:   Dev-Niagara (F2AED0AC-9AFE-416F-8664-AA7FFA26D6FC): 1
LogDevObjectVersion:   Dev-Destruction (174F1F0B-B4C6-45A5-B13F-2EE8D0FB917D): 10
LogDevObjectVersion:   Dev-Physics-Ext (35F94A83-E258-406C-A318-09F59610247C): 41
LogDevObjectVersion:   Dev-PhysicsMaterial-Chaos (B68FC16E-8B1B-42E2-B453-215C058844FE): 1
LogDevObjectVersion:   Dev-CineCamera (B2E18506-4273-CFC2-A54E-F4BB758BBA07): 1
LogDevObjectVersion:   Dev-VirtualProduction (64F58936-FD1B-42BA-BA96-7289D5D0FA4E): 1
LogDevObjectVersion:   Dev-MediaFramework (6F0ED827-A609-4895-9C91-998D90180EA4): 2
LogInit: Presizing for max 25165824 objects, including 0 objects not considered by GC, pre-allocating 0 bytes for permanent pool.
LogConfig: Applying CVar settings from Section [/Script/Engine.StreamingSettings] File [C:/Users/User/Documents/Unreal Projects/Playtime_Multiplayer/Saved/Config/Windows/Engine.ini]
LogConfig: Setting CVar [[s.MinBulkDataSizeForAsyncLoading:131072]]
LogConfig: Setting CVar [[s.AsyncLoadingThreadEnabled:0]]
LogConfig: Setting CVar [[s.EventDrivenLoaderEnabled:1]]
LogConfig: Setting CVar [[s.WarnIfTimeLimitExceeded:0]]
LogConfig: Setting CVar [[s.TimeLimitExceededMultiplier:1.5]]
LogConfig: Setting CVar [[s.TimeLimitExceededMinTime:0.005]]
LogConfig: Setting CVar [[s.UseBackgroundLevelStreaming:1]]
LogConfig: Setting CVar [[s.PriorityAsyncLoadingExtraTime:15.0]]
LogConfig: Setting CVar [[s.LevelStreamingActorsUpdateTimeLimit:5.0]]
LogConfig: Setting CVar [[s.PriorityLevelStreamingActorsUpdateExtraTime:5.0]]
LogConfig: Setting CVar [[s.LevelStreamingComponentsRegistrationGranularity:10]]
LogConfig: Setting CVar [[s.UnregisterComponentsTimeLimit:1.0]]
LogConfig: Setting CVar [[s.LevelStreamingComponentsUnregistrationGranularity:5]]
LogConfig: Setting CVar [[s.FlushStreamingOnExit:1]]
LogInit: Object subsystem initialized
LogConfig: Setting CVar [[con.DebugEarlyDefault:1]]
LogConfig: Setting CVar [[r.setres:1280x720]]
[2026.04.01-18.43.01:142][  0]LogConfig: Setting CVar [[r.VSync:0]]
[2026.04.01-18.43.01:142][  0]LogConfig: Setting CVar [[r.RHICmdBypass:0]]
[2026.04.01-18.43.01:142][  0]LogConfig: Applying CVar settings from Section [/Script/Engine.RendererSettings] File [C:/Users/User/Documents/Unreal Projects/Playtime_Multiplayer/Saved/Config/Windows/Engine.ini]
[2026.04.01-18.43.01:142][  0]LogConfig: Setting CVar [[r.GPUCrashDebugging:0]]
[2026.04.01-18.43.01:142][  0]LogConfig: Applying CVar settings from Section [/Script/Engine.RendererOverrideSettings] File [C:/Users/User/Documents/Unreal Projects/Playtime_Multiplayer/Saved/Config/Windows/Engine.ini]
[2026.04.01-18.43.01:142][  0]LogConfig: Applying CVar settings from Section [/Script/Engine.StreamingSettings] File [C:/Users/User/Documents/Unreal Projects/Playtime_Multiplayer/Saved/Config/Windows/Engine.ini]
[2026.04.01-18.43.01:142][  0]LogConfig: Setting CVar [[s.MinBulkDataSizeForAsyncLoading:131072]]
[2026.04.01-18.43.01:142][  0]LogConfig: Setting CVar [[s.AsyncLoadingThreadEnabled:0]]
[2026.04.01-18.43.01:142][  0]LogConfig: Setting CVar [[s.EventDrivenLoaderEnabled:1]]
[2026.04.01-18.43.01:142][  0]LogConfig: Setting CVar [[s.WarnIfTimeLimitExceeded:0]]
[2026.04.01-18.43.01:142][  0]LogConfig: Setting CVar [[s.TimeLimitExceededMultiplier:1.5]]
[2026.04.01-18.43.01:142][  0]LogConfig: Setting CVar [[s.TimeLimitExceededMinTime:0.005]]
[2026.04.01-18.43.01:142][  0]LogConfig: Setting CVar [[s.UseBackgroundLevelStreaming:1]]
[2026.04.01-18.43.01:142][  0]LogConfig: Setting CVar [[s.PriorityAsyncLoadingExtraTime:15.0]]
[2026.04.01-18.43.01:142][  0]LogConfig: Setting CVar [[s.LevelStreamingActorsUpdateTimeLimit:5.0]]
[2026.04.01-18.43.01:142][  0]LogConfig: Setting CVar [[s.PriorityLevelStreamingActorsUpdateExtraTime:5.0]]
[2026.04.01-18.43.01:142][  0]LogConfig: Setting CVar [[s.LevelStreamingComponentsRegistrationGranularity:10]]
[2026.04.01-18.43.01:142][  0]LogConfig: Setting CVar [[s.UnregisterComponentsTimeLimit:1.0]]
[2026.04.01-18.43.01:142][  0]LogConfig: Setting CVar [[s.LevelStreamingComponentsUnregistrationGranularity:5]]
[2026.04.01-18.43.01:142][  0]LogConfig: Setting CVar [[s.FlushStreamingOnExit:1]]
[2026.04.01-18.43.01:142][  0]LogConfig: Applying CVar settings from Section [/Script/Engine.GarbageCollectionSettings] File [C:/Users/User/Documents/Unreal Projects/Playtime_Multiplayer/Saved/Config/Windows/Engine.ini]
[2026.04.01-18.43.01:142][  0]LogConfig: Setting CVar [[gc.MaxObjectsNotConsideredByGC:1]]
[2026.04.01-18.43.01:142][  0]LogConfig: Setting CVar [[gc.SizeOfPermanentObjectPool:0]]
[2026.04.01-18.43.01:142][  0]LogConfig: Setting CVar [[gc.FlushStreamingOnGC:0]]
[2026.04.01-18.43.01:142][  0]LogConfig: Setting CVar [[gc.NumRetriesBeforeForcingGC:10]]
[2026.04.01-18.43.01:142][  0]LogConfig: Setting CVar [[gc.AllowParallelGC:1]]
[2026.04.01-18.43.01:142][  0]LogConfig: Setting CVar [[gc.TimeBetweenPurgingPendingKillObjects:61.1]]
[2026.04.01-18.43.01:142][  0]LogConfig: Setting CVar [[gc.MaxObjectsInEditor:25165824]]
[2026.04.01-18.43.01:142][  0]LogConfig: Setting CVar [[gc.IncrementalBeginDestroyEnabled:1]]
[2026.04.01-18.43.01:142][  0]LogConfig: Setting CVar [[gc.CreateGCClusters:1]]
[2026.04.01-18.43.01:142][  0]LogConfig: Setting CVar [[gc.MinGCClusterSize:5]]
[2026.04.01-18.43.01:142][  0]LogConfig: Setting CVar [[gc.ActorClusteringEnabled:0]]
[2026.04.01-18.43.01:142][  0]LogConfig: Setting CVar [[gc.BlueprintClusteringEnabled:0]]
[2026.04.01-18.43.01:142][  0]LogConfig: Setting CVar [[gc.UseDisregardForGCOnDedicatedServers:0]]
[2026.04.01-18.43.01:142][  0]LogConfig: Setting CVar [[gc.MultithreadedDestructionEnabled:1]]
[2026.04.01-18.43.01:142][  0]LogConfig: Applying CVar settings from Section [/Script/Engine.NetworkSettings] File [C:/Users/User/Documents/Unreal Projects/Playtime_Multiplayer/Saved/Config/Windows/Engine.ini]
[2026.04.01-18.43.01:142][  0]LogConfig: Applying CVar settings from Section [/Script/UnrealEd.CookerSettings] File [C:/Users/User/Documents/Unreal Projects/Playtime_Multiplayer/Saved/Config/Windows/Engine.ini]
[2026.04.01-18.43.01:155][  0]LogConfig: Applying CVar settings from Section [ViewDistanceQuality@3] File [C:/Users/User/Documents/Unreal Projects/Playtime_Multiplayer/Saved/Config/Windows/Scalability.ini]
[2026.04.01-18.43.01:156][  0]LogConfig: Setting CVar [[r.SkeletalMeshLODBias:0]]
[2026.04.01-18.43.01:156][  0]LogConfig: Setting CVar [[r.ViewDistanceScale:1.0]]
[2026.04.01-18.43.01:156][  0]LogConfig: Applying CVar settings from Section [AntiAliasingQuality@3] File [C:/Users/User/Documents/Unreal Projects/Playtime_Multiplayer/Saved/Config/Windows/Scalability.ini]
[2026.04.01-18.43.01:156][  0]LogConfig: Setting CVar [[r.PostProcessAAQuality:4]]
[2026.04.01-18.43.01:156][  0]LogConfig: Applying CVar settings from Section [ShadowQuality@3] File [C:/Users/User/Documents/Unreal Projects/Playtime_Multiplayer/Saved/Config/Windows/Scalability.ini]
[2026.04.01-18.43.01:156][  0]LogConfig: Setting CVar [[r.LightFunctionQuality:1]]
[2026.04.01-18.43.01:156][  0]LogConfig: Setting CVar [[r.ShadowQuality:5]]
[2026.04.01-18.43.01:156][  0]LogConfig: Setting CVar [[r.Shadow.CSM.MaxCascades:10]]
[2026.04.01-18.43.01:156][  0]LogConfig: Setting CVar [[r.Shadow.MaxResolution:2048]]
[2026.04.01-18.43.01:156][  0]LogConfig: Setting CVar [[r.Shadow.MaxCSMResolution:2048]]
[2026.04.01-18.43.01:156][  0]LogConfig: Setting CVar [[r.Shadow.RadiusThreshold:0.01]]
[2026.04.01-18.43.01:156][  0]LogConfig: Setting CVar [[r.Shadow.DistanceScale:1.0]]
[2026.04.01-18.43.01:156][  0]LogConfig: Setting CVar [[r.Shadow.CSM.TransitionScale:1.0]]
[2026.04.01-18.43.01:156][  0]LogConfig: Setting CVar [[r.Shadow.PreShadowResolutionFactor:1.0]]
[2026.04.01-18.43.01:156][  0]LogConfig: Setting CVar [[r.DistanceFieldShadowing:1]]
[2026.04.01-18.43.01:156][  0]LogConfig: Setting CVar [[r.DistanceFieldAO:1]]
[2026.04.01-18.43.01:156][  0]LogConfig: Setting CVar [[r.AOQuality:2]]
[2026.04.01-18.43.01:156][  0]LogConfig: Setting CVar [[r.VolumetricFog:1]]
[2026.04.01-18.43.01:156][  0]LogConfig: Setting CVar [[r.VolumetricFog.GridPixelSize:8]]
[2026.04.01-18.43.01:156][  0]LogConfig: Setting CVar [[r.VolumetricFog.GridSizeZ:128]]
[2026.04.01-18.43.01:156][  0]LogConfig: Setting CVar [[r.VolumetricFog.HistoryMissSupersampleCount:4]]
[2026.04.01-18.43.01:156][  0]LogConfig: Setting CVar [[r.LightMaxDrawDistanceScale:1]]
[2026.04.01-18.43.01:156][  0]LogConfig: Setting CVar [[r.CapsuleShadows:1]]
[2026.04.01-18.43.01:156][  0]LogConfig: Applying CVar settings from Section [PostProcessQuality@3] File [C:/Users/User/Documents/Unreal Projects/Playtime_Multiplayer/Saved/Config/Windows/Scalability.ini]
[2026.04.01-18.43.01:156][  0]LogConfig: Setting CVar [[r.MotionBlurQuality:4]]
[2026.04.01-18.43.01:156][  0]LogConfig: Setting CVar [[r.AmbientOcclusionMipLevelFactor:0.4]]
[2026.04.01-18.43.01:156][  0]LogConfig: Setting CVar [[r.AmbientOcclusionMaxQuality:100]]
[2026.04.01-18.43.01:156][  0]LogConfig: Setting CVar [[r.AmbientOcclusionLevels:-1]]
[2026.04.01-18.43.01:156][  0]LogConfig: Setting CVar [[r.AmbientOcclusionRadiusScale:1.0]]
[2026.04.01-18.43.01:156][  0]LogConfig: Setting CVar [[r.DepthOfFieldQuality:2]]
[2026.04.01-18.43.01:156][  0]LogConfig: Setting CVar [[r.RenderTargetPoolMin:400]]
[2026.04.01-18.43.01:156][  0]LogConfig: Setting CVar [[r.LensFlareQuality:2]]
[2026.04.01-18.43.01:156][  0]LogConfig: Setting CVar [[r.SceneColorFringeQuality:1]]
[2026.04.01-18.43.01:156][  0]LogConfig: Setting CVar [[r.EyeAdaptationQuality:2]]
[2026.04.01-18.43.01:156][  0]LogConfig: Setting CVar [[r.BloomQuality:5]]
[2026.04.01-18.43.01:156][  0]LogConfig: Setting CVar [[r.FastBlurThreshold:100]]
[2026.04.01-18.43.01:156][  0]LogConfig: Setting CVar [[r.Upscale.Quality:3]]
[2026.04.01-18.43.01:156][  0]LogConfig: Setting CVar [[r.Tonemapper.GrainQuantization:1]]
[2026.04.01-18.43.01:156][  0]LogConfig: Setting CVar [[r.LightShaftQuality:1]]
[2026.04.01-18.43.01:156][  0]LogConfig: Setting CVar [[r.Filter.SizeScale:1]]
[2026.04.01-18.43.01:156][  0]LogConfig: Setting CVar [[r.Tonemapper.Quality:5]]
[2026.04.01-18.43.01:156][  0]LogConfig: Setting CVar [[r.DOF.Gather.AccumulatorQuality:1        ; higher gathering accumulator quality]]
[2026.04.01-18.43.01:156][  0]LogConfig: Setting CVar [[r.DOF.Gather.PostfilterMethod:1          ; Median3x3 postfilering method]]
[2026.04.01-18.43.01:156][  0]LogConfig: Setting CVar [[r.DOF.Gather.EnableBokehSettings:0       ; no bokeh simulation when gathering]]
[2026.04.01-18.43.01:156][  0]LogConfig: Setting CVar [[r.DOF.Gather.RingCount:4                 ; medium number of samples when gathering]]
[2026.04.01-18.43.01:156][  0]LogConfig: Setting CVar [[r.DOF.Scatter.ForegroundCompositing:1    ; additive foreground scattering]]
[2026.04.01-18.43.01:156][  0]LogConfig: Setting CVar [[r.DOF.Scatter.BackgroundCompositing:2    ; additive background scattering]]
[2026.04.01-18.43.01:156][  0]LogConfig: Setting CVar [[r.DOF.Scatter.EnableBokehSettings:1      ; bokeh simulation when scattering]]
[2026.04.01-18.43.01:156][  0]LogConfig: Setting CVar [[r.DOF.Scatter.MaxSpriteRatio:0.1         ; only a maximum of 10% of scattered bokeh]]
[2026.04.01-18.43.01:156][  0]LogConfig: Setting CVar [[r.DOF.Recombine.Quality:1                ; cheap slight out of focus]]
[2026.04.01-18.43.01:156][  0]LogConfig: Setting CVar [[r.DOF.Recombine.EnableBokehSettings:0    ; no bokeh simulation on slight out of focus]]
[2026.04.01-18.43.01:156][  0]LogConfig: Setting CVar [[r.DOF.TemporalAAQuality:1                ; more stable temporal accumulation]]
[2026.04.01-18.43.01:156][  0]LogConfig: Setting CVar [[r.DOF.Kernel.MaxForegroundRadius:0.025]]
[2026.04.01-18.43.01:156][  0]LogConfig: Setting CVar [[r.DOF.Kernel.MaxBackgroundRadius:0.025]]
[2026.04.01-18.43.01:156][  0]LogConfig: Applying CVar settings from Section [TextureQuality@3] File [C:/Users/User/Documents/Unreal Projects/Playtime_Multiplayer/Saved/Config/Windows/Scalability.ini]
[2026.04.01-18.43.01:156][  0]LogConfig: Setting CVar [[r.Streaming.MipBias:0]]
[2026.04.01-18.43.01:156][  0]LogConfig: Setting CVar [[r.Streaming.AmortizeCPUToGPUCopy:0]]
[2026.04.01-18.43.01:156][  0]LogConfig: Setting CVar [[r.Streaming.MaxNumTexturesToStreamPerFrame:0]]
[2026.04.01-18.43.01:156][  0]LogConfig: Setting CVar [[r.Streaming.Boost:1]]
[2026.04.01-18.43.01:156][  0]LogConfig: Setting CVar [[r.MaxAnisotropy:8]]
[2026.04.01-18.43.01:156][  0]LogConfig: Setting CVar [[r.VT.MaxAnisotropy:8]]
[2026.04.01-18.43.01:156][  0]LogConfig: Setting CVar [[r.Streaming.LimitPoolSizeToVRAM:0]]
[2026.04.01-18.43.01:156][  0]LogConfig: Setting CVar [[r.Streaming.PoolSize:1000]]
[2026.04.01-18.43.01:156][  0]LogConfig: Setting CVar [[r.Streaming.MaxEffectiveScreenSize:0]]
[2026.04.01-18.43.01:156][  0]LogConfig: Applying CVar settings from Section [EffectsQuality@3] File [C:/Users/User/Documents/Unreal Projects/Playtime_Multiplayer/Saved/Config/Windows/Scalability.ini]
[2026.04.01-18.43.01:156][  0]LogConfig: Setting CVar [[r.TranslucencyLightingVolumeDim:64]]
[2026.04.01-18.43.01:156][  0]LogConfig: Setting CVar [[r.RefractionQuality:2]]
[2026.04.01-18.43.01:156][  0]LogConfig: Setting CVar [[r.SSR.Quality:3]]
[2026.04.01-18.43.01:156][  0]LogConfig: Setting CVar [[r.SSR.HalfResSceneColor:0]]
[2026.04.01-18.43.01:156][  0]LogConfig: Setting CVar [[r.SceneColorFormat:4]]
[2026.04.01-18.43.01:156][  0]LogConfig: Setting CVar [[r.DetailMode:2]]
[2026.04.01-18.43.01:156][  0]LogConfig: Setting CVar [[r.TranslucencyVolumeBlur:1]]
[2026.04.01-18.43.01:156][  0]LogConfig: Setting CVar [[r.MaterialQualityLevel:1 ; High quality]]
[2026.04.01-18.43.01:156][  0]LogConfig: Setting CVar [[r.AnisotropicMaterials:1]]
[2026.04.01-18.43.01:156][  0]LogConfig: Setting CVar [[r.SSS.Scale:1]]
[2026.04.01-18.43.01:156][  0]LogConfig: Setting CVar [[r.SSS.SampleSet:2]]
[2026.04.01-18.43.01:156][  0]LogConfig: Setting CVar [[r.SSS.Quality:1]]
[2026.04.01-18.43.01:156][  0]LogConfig: Setting CVar [[r.SSS.HalfRes:0]]
[2026.04.01-18.43.01:156][  0]LogConfig: Setting CVar [[r.SSGI.Quality:3]]
[2026.04.01-18.43.01:156][  0]LogConfig: Setting CVar [[r.EmitterSpawnRateScale:1.0]]
[2026.04.01-18.43.01:157][  0]LogConfig: Setting CVar [[r.ParticleLightQuality:2]]
[2026.04.01-18.43.01:157][  0]LogConfig: Setting CVar [[r.SkyAtmosphere.AerialPerspectiveLUT.FastApplyOnOpaque:1 ; Always have FastSkyLUT 1 in this case to avoid wrong sky]]
[2026.04.01-18.43.01:157][  0]LogConfig: Setting CVar [[r.SkyAtmosphere.AerialPerspectiveLUT.SampleCountMaxPerSlice:4]]
[2026.04.01-18.43.01:157][  0]LogConfig: Setting CVar [[r.SkyAtmosphere.AerialPerspectiveLUT.DepthResolution:16.0]]
[2026.04.01-18.43.01:157][  0]LogConfig: Setting CVar [[r.SkyAtmosphere.FastSkyLUT:1]]
[2026.04.01-18.43.01:157][  0]LogConfig: Setting CVar [[r.SkyAtmosphere.FastSkyLUT.SampleCountMin:4.0]]
[2026.04.01-18.43.01:157][  0]LogConfig: Setting CVar [[r.SkyAtmosphere.FastSkyLUT.SampleCountMax:128.0]]
[2026.04.01-18.43.01:157][  0]LogConfig: Setting CVar [[r.SkyAtmosphere.SampleCountMin:4.0]]
[2026.04.01-18.43.01:157][  0]LogConfig: Setting CVar [[r.SkyAtmosphere.SampleCountMax:128.0]]
[2026.04.01-18.43.01:157][  0]LogConfig: Setting CVar [[r.SkyAtmosphere.TransmittanceLUT.UseSmallFormat:0]]
[2026.04.01-18.43.01:157][  0]LogConfig: Setting CVar [[r.SkyAtmosphere.TransmittanceLUT.SampleCount:10.0]]
[2026.04.01-18.43.01:157][  0]LogConfig: Setting CVar [[r.SkyAtmosphere.MultiScatteringLUT.SampleCount:15.0]]
[2026.04.01-18.43.01:157][  0]LogConfig: Setting CVar [[r.SkyLight.RealTimeReflectionCapture:1]]
[2026.04.01-18.43.01:157][  0]LogConfig: Applying CVar settings from Section [FoliageQuality@3] File [C:/Users/User/Documents/Unreal Projects/Playtime_Multiplayer/Saved/Config/Windows/Scalability.ini]
[2026.04.01-18.43.01:157][  0]LogConfig: Setting CVar [[foliage.DensityScale:1.0]]
[2026.04.01-18.43.01:157][  0]LogConfig: Setting CVar [[grass.DensityScale:1.0]]
[2026.04.01-18.43.01:157][  0]LogConfig: Applying CVar settings from Section [ShadingQuality@3] File [C:/Users/User/Documents/Unreal Projects/Playtime_Multiplayer/Saved/Config/Windows/Scalability.ini]
[2026.04.01-18.43.01:157][  0]LogConfig: Setting CVar [[r.HairStrands.SkyLighting.IntegrationType:2]]
[2026.04.01-18.43.01:157][  0]LogConfig: Setting CVar [[r.HairStrands.SkyAO.SampleCount:4]]
[2026.04.01-18.43.01:157][  0]LogConfig: Setting CVar [[r.HairStrands.Visibility.MSAA.SamplePerPixel:4]]
[2026.04.01-18.43.01:157][  0]LogInit: Selected Device Profile: [Windows]
[2026.04.01-18.43.01:157][  0]LogInit: Applying CVar settings loaded from the selected device profile: [Windows]
[2026.04.01-18.43.01:157][  0]LogHAL: Display: Platform has ~ 8 GB [8391213056 / 8589934592 / 8], which maps to Default [LargestMinGB=32, LargerMinGB=12, DefaultMinGB=8, SmallerMinGB=6, SmallestMinGB=0)
[2026.04.01-18.43.01:157][  0]LogInit: Going up to parent DeviceProfile []
[2026.04.01-18.43.01:157][  0]LogConfig: Applying CVar settings from Section [ViewDistanceQuality@0] File [C:/Users/User/Documents/Unreal Projects/Playtime_Multiplayer/Saved/Config/Windows/Scalability.ini]
[2026.04.01-18.43.01:157][  0]LogConfig: Setting CVar [[r.SkeletalMeshLODBias:2]]
[2026.04.01-18.43.01:157][  0]LogConfig: Setting CVar [[r.ViewDistanceScale:0.4]]
[2026.04.01-18.43.01:157][  0]LogConfig: Applying CVar settings from Section [AntiAliasingQuality@1] File [C:/Users/User/Documents/Unreal Projects/Playtime_Multiplayer/Saved/Config/Windows/Scalability.ini]
[2026.04.01-18.43.01:157][  0]LogConfig: Setting CVar [[r.PostProcessAAQuality:2]]
[2026.04.01-18.43.01:157][  0]LogConfig: Applying CVar settings from Section [ShadowQuality@1] File [C:/Users/User/Documents/Unreal Projects/Playtime_Multiplayer/Saved/Config/Windows/Scalability.ini]
[2026.04.01-18.43.01:157][  0]LogConfig: Setting CVar [[r.LightFunctionQuality:1]]
[2026.04.01-18.43.01:157][  0]LogConfig: Setting CVar [[r.ShadowQuality:3]]
[2026.04.01-18.43.01:157][  0]LogConfig: Setting CVar [[r.Shadow.CSM.MaxCascades:1]]
[2026.04.01-18.43.01:157][  0]LogConfig: Setting CVar [[r.Shadow.MaxResolution:1024]]
[2026.04.01-18.43.01:157][  0]LogConfig: Setting CVar [[r.Shadow.MaxCSMResolution:1024]]
[2026.04.01-18.43.01:157][  0]LogConfig: Setting CVar [[r.Shadow.RadiusThreshold:0.05]]
[2026.04.01-18.43.01:157][  0]LogConfig: Setting CVar [[r.Shadow.DistanceScale:0.7]]
[2026.04.01-18.43.01:157][  0]LogConfig: Setting CVar [[r.Shadow.CSM.TransitionScale:0.25]]
[2026.04.01-18.43.01:157][  0]LogConfig: Setting CVar [[r.Shadow.PreShadowResolutionFactor:0.5]]
[2026.04.01-18.43.01:157][  0]LogConfig: Setting CVar [[r.DistanceFieldShadowing:0]]
[2026.04.01-18.43.01:157][  0]LogConfig: Setting CVar [[r.DistanceFieldAO:0]]
[2026.04.01-18.43.01:157][  0]LogConfig: Setting CVar [[r.VolumetricFog:0]]
[2026.04.01-18.43.01:157][  0]LogConfig: Setting CVar [[r.LightMaxDrawDistanceScale:.5]]
[2026.04.01-18.43.01:157][  0]LogConfig: Setting CVar [[r.CapsuleShadows:1]]
[2026.04.01-18.43.01:157][  0]LogConfig: Applying CVar settings from Section [PostProcessQuality@1] File [C:/Users/User/Documents/Unreal Projects/Playtime_Multiplayer/Saved/Config/Windows/Scalability.ini]
[2026.04.01-18.43.01:158][  0]LogConfig: Setting CVar [[r.MotionBlurQuality:3]]
[2026.04.01-18.43.01:158][  0]LogConfig: Setting CVar [[r.AmbientOcclusionMipLevelFactor:1.0]]
[2026.04.01-18.43.01:158][  0]LogConfig: Setting CVar [[r.AmbientOcclusionMaxQuality:60]]
[2026.04.01-18.43.01:158][  0]LogConfig: Setting CVar [[r.AmbientOcclusionLevels:-1]]
[2026.04.01-18.43.01:158][  0]LogConfig: Setting CVar [[r.AmbientOcclusionRadiusScale:1.5]]
[2026.04.01-18.43.01:158][  0]LogConfig: Setting CVar [[r.DepthOfFieldQuality:1]]
[2026.04.01-18.43.01:158][  0]LogConfig: Setting CVar [[r.RenderTargetPoolMin:350]]
[2026.04.01-18.43.01:158][  0]LogConfig: Setting CVar [[r.LensFlareQuality:0]]
[2026.04.01-18.43.01:158][  0]LogConfig: Setting CVar [[r.SceneColorFringeQuality:0]]
[2026.04.01-18.43.01:158][  0]LogConfig: Setting CVar [[r.EyeAdaptationQuality:2]]
[2026.04.01-18.43.01:158][  0]LogConfig: Setting CVar [[r.BloomQuality:4]]
[2026.04.01-18.43.01:158][  0]LogConfig: Setting CVar [[r.FastBlurThreshold:2]]
[2026.04.01-18.43.01:158][  0]LogConfig: Setting CVar [[r.Upscale.Quality:2]]
[2026.04.01-18.43.01:158][  0]LogConfig: Setting CVar [[r.Tonemapper.GrainQuantization:0]]
[2026.04.01-18.43.01:158][  0]LogConfig: Setting CVar [[r.LightShaftQuality:0]]
[2026.04.01-18.43.01:158][  0]LogConfig: Setting CVar [[r.Filter.SizeScale:0.7]]
[2026.04.01-18.43.01:158][  0]LogConfig: Setting CVar [[r.Tonemapper.Quality:2]]
[2026.04.01-18.43.01:158][  0]LogConfig: Setting CVar [[r.DOF.Gather.AccumulatorQuality:0        ; lower gathering accumulator quality]]
[2026.04.01-18.43.01:158][  0]LogConfig: Setting CVar [[r.DOF.Gather.PostfilterMethod:2          ; Max3x3 postfilering method]]
[2026.04.01-18.43.01:158][  0]LogConfig: Setting CVar [[r.DOF.Gather.EnableBokehSettings:0       ; no bokeh simulation when gathering]]
[2026.04.01-18.43.01:158][  0]LogConfig: Setting CVar [[r.DOF.Gather.RingCount:3                 ; low number of samples when gathering]]
[2026.04.01-18.43.01:158][  0]LogConfig: Setting CVar [[r.DOF.Scatter.ForegroundCompositing:0    ; no foreground scattering]]
[2026.04.01-18.43.01:158][  0]LogConfig: Setting CVar [[r.DOF.Scatter.BackgroundCompositing:0    ; no foreground scattering]]
[2026.04.01-18.43.01:158][  0]LogConfig: Setting CVar [[r.DOF.Recombine.Quality:0                ; no slight out of focus]]
[2026.04.01-18.43.01:158][  0]LogConfig: Setting CVar [[r.DOF.TemporalAAQuality:0                ; faster temporal accumulation]]
[2026.04.01-18.43.01:158][  0]LogConfig: Setting CVar [[r.DOF.Kernel.MaxForegroundRadius:0.006   ; required because low gathering and no scattering and not looking great at 1080p]]
[2026.04.01-18.43.01:158][  0]LogConfig: Setting CVar [[r.DOF.Kernel.MaxBackgroundRadius:0.006   ; required because low gathering and no scattering and not looking great at 1080p]]
[2026.04.01-18.43.01:158][  0]LogConfig: Applying CVar settings from Section [TextureQuality@0] File [C:/Users/User/Documents/Unreal Projects/Playtime_Multiplayer/Saved/Config/Windows/Scalability.ini]
[2026.04.01-18.43.01:158][  0]LogConfig: Setting CVar [[r.Streaming.MipBias:16]]
[2026.04.01-18.43.01:158][  0]LogConfig: Setting CVar [[r.Streaming.AmortizeCPUToGPUCopy:1]]
[2026.04.01-18.43.01:158][  0]LogConfig: Setting CVar [[r.Streaming.MaxNumTexturesToStreamPerFrame:1]]
[2026.04.01-18.43.01:158][  0]LogConfig: Setting CVar [[r.Streaming.Boost:0.3]]
[2026.04.01-18.43.01:158][  0]LogConfig: Setting CVar [[r.MaxAnisotropy:0]]
[2026.04.01-18.43.01:158][  0]LogConfig: Setting CVar [[r.VT.MaxAnisotropy:4]]
[2026.04.01-18.43.01:158][  0]LogConfig: Setting CVar [[r.Streaming.LimitPoolSizeToVRAM:1]]
[2026.04.01-18.43.01:158][  0]LogConfig: Setting CVar [[r.Streaming.PoolSize:400]]
[2026.04.01-18.43.01:158][  0]LogConfig: Setting CVar [[r.Streaming.MaxEffectiveScreenSize:0]]
[2026.04.01-18.43.01:158][  0]LogConfig: Applying CVar settings from Section [EffectsQuality@1] File [C:/Users/User/Documents/Unreal Projects/Playtime_Multiplayer/Saved/Config/Windows/Scalability.ini]
[2026.04.01-18.43.01:158][  0]LogConfig: Setting CVar [[r.TranslucencyLightingVolumeDim:32]]
[2026.04.01-18.43.01:158][  0]LogConfig: Setting CVar [[r.RefractionQuality:0]]
[2026.04.01-18.43.01:158][  0]LogConfig: Setting CVar [[r.SSR.Quality:0]]
[2026.04.01-18.43.01:158][  0]LogConfig: Setting CVar [[r.SSR.HalfResSceneColor:1]]
[2026.04.01-18.43.01:158][  0]LogConfig: Setting CVar [[r.SceneColorFormat:3]]
[2026.04.01-18.43.01:158][  0]LogConfig: Setting CVar [[r.DetailMode:1]]
[2026.04.01-18.43.01:158][  0]LogConfig: Setting CVar [[r.TranslucencyVolumeBlur:0]]
[2026.04.01-18.43.01:158][  0]LogConfig: Setting CVar [[r.MaterialQualityLevel:2 ; Medium quality]]
[2026.04.01-18.43.01:158][  0]LogConfig: Setting CVar [[r.AnisotropicMaterials:0]]
[2026.04.01-18.43.01:158][  0]LogConfig: Setting CVar [[r.SSS.Scale:0.75]]
[2026.04.01-18.43.01:158][  0]LogConfig: Setting CVar [[r.SSS.SampleSet:0]]
[2026.04.01-18.43.01:158][  0]LogConfig: Setting CVar [[r.SSS.Quality:0]]
[2026.04.01-18.43.01:158][  0]LogConfig: Setting CVar [[r.SSS.HalfRes:1]]
[2026.04.01-18.43.01:158][  0]LogConfig: Setting CVar [[r.SSGI.Quality:1]]
[2026.04.01-18.43.01:158][  0]LogConfig: Setting CVar [[r.EmitterSpawnRateScale:0.25]]
[2026.04.01-18.43.01:158][  0]LogConfig: Setting CVar [[r.ParticleLightQuality:0]]
[2026.04.01-18.43.01:158][  0]LogConfig: Setting CVar [[r.SkyAtmosphere.AerialPerspectiveLUT.FastApplyOnOpaque:1 ; Always have FastSkyLUT 1 in this case to avoid wrong sky]]
[2026.04.01-18.43.01:158][  0]LogConfig: Setting CVar [[r.SkyAtmosphere.AerialPerspectiveLUT.SampleCountMaxPerSlice:1]]
[2026.04.01-18.43.01:158][  0]LogConfig: Setting CVar [[r.SkyAtmosphere.AerialPerspectiveLUT.DepthResolution:16.0]]
[2026.04.01-18.43.01:158][  0]LogConfig: Setting CVar [[r.SkyAtmosphere.FastSkyLUT:1]]
[2026.04.01-18.43.01:158][  0]LogConfig: Setting CVar [[r.SkyAtmosphere.FastSkyLUT.SampleCountMin:4.0]]
[2026.04.01-18.43.01:158][  0]LogConfig: Setting CVar [[r.SkyAtmosphere.FastSkyLUT.SampleCountMax:32.0]]
[2026.04.01-18.43.01:158][  0]LogConfig: Setting CVar [[r.SkyAtmosphere.SampleCountMin:4.0]]
[2026.04.01-18.43.01:158][  0]LogConfig: Setting CVar [[r.SkyAtmosphere.SampleCountMax:32.0]]
[2026.04.01-18.43.01:158][  0]LogConfig: Setting CVar [[r.SkyAtmosphere.TransmittanceLUT.UseSmallFormat:0]]
[2026.04.01-18.43.01:158][  0]LogConfig: Setting CVar [[r.SkyAtmosphere.TransmittanceLUT.SampleCount:10.0]]
[2026.04.01-18.43.01:158][  0]LogConfig: Setting CVar [[r.SkyAtmosphere.MultiScatteringLUT.SampleCount:15.0]]
[2026.04.01-18.43.01:158][  0]LogConfig: Setting CVar [[r.SkyLight.RealTimeReflectionCapture:0]]
[2026.04.01-18.43.01:158][  0]LogConfig: Applying CVar settings from Section [FoliageQuality@1] File [C:/Users/User/Documents/Unreal Projects/Playtime_Multiplayer/Saved/Config/Windows/Scalability.ini]
[2026.04.01-18.43.01:158][  0]LogConfig: Setting CVar [[foliage.DensityScale:0.4]]
[2026.04.01-18.43.01:158][  0]LogConfig: Setting CVar [[grass.DensityScale:0.4]]
[2026.04.01-18.43.01:158][  0]LogConfig: Applying CVar settings from Section [ShadingQuality@1] File [C:/Users/User/Documents/Unreal Projects/Playtime_Multiplayer/Saved/Config/Windows/Scalability.ini]
[2026.04.01-18.43.01:158][  0]LogConfig: Setting CVar [[r.HairStrands.SkyLighting.IntegrationType:2]]
[2026.04.01-18.43.01:158][  0]LogConfig: Setting CVar [[r.HairStrands.SkyAO.SampleCount:4]]
[2026.04.01-18.43.01:158][  0]LogConfig: Setting CVar [[r.HairStrands.Visibility.MSAA.SamplePerPixel:1]]
[2026.04.01-18.43.01:159][  0]LogConfig: Applying CVar settings from Section [Startup] File [../../../Engine/Config/ConsoleVariables.ini]
[2026.04.01-18.43.01:159][  0]LogConfig: Setting CVar [[net.UseAdaptiveNetUpdateFrequency:0]]
[2026.04.01-18.43.01:159][  0]LogConfig: Setting CVar [[p.chaos.AllowCreatePhysxBodies:1]]
[2026.04.01-18.43.01:159][  0]LogConfig: Setting CVar [[fx.SkipVectorVMBackendOptimizations:1]]
[2026.04.01-18.43.01:159][  0]LogConfig: Applying CVar settings from Section [ConsoleVariables] File [C:/Users/User/Documents/Unreal Projects/Playtime_Multiplayer/Saved/Config/Windows/Engine.ini]
[2026.04.01-18.43.01:159][  0]LogConfig: Applying CVar settings from Section [ConsoleVariables] File [C:/Users/User/Documents/Unreal Projects/Playtime_Multiplayer/Saved/Config/Windows/Editor.ini]
[2026.04.01-18.43.01:159][  0]LogInit: Computer: WIN-O5Q6NLQMTLB
[2026.04.01-18.43.01:159][  0]LogInit: User: User
[2026.04.01-18.43.01:159][  0]LogInit: CPU Page size=4096, Cores=6
[2026.04.01-18.43.01:159][  0]LogInit: High frequency timer resolution =10.000000 MHz
[2026.04.01-18.43.01:159][  0]LogMemory: Memory total: Physical=7.8GB (8GB approx)
[2026.04.01-18.43.01:159][  0]LogMemory: Platform Memory Stats for Windows
[2026.04.01-18.43.01:159][  0]LogMemory: Process Physical Memory: 148.27 MB used, 148.27 MB peak
[2026.04.01-18.43.01:159][  0]LogMemory: Process Virtual Memory: 130.17 MB used, 130.17 MB peak
[2026.04.01-18.43.01:159][  0]LogMemory: Physical Memory: 6976.06 MB used,  1026.43 MB free, 8002.48 MB total
[2026.04.01-18.43.01:159][  0]LogMemory: Virtual Memory: 134210264.00 MB used,  7463.28 MB free, 134217728.00 MB total
[2026.04.01-18.43.01:165][  0]LogWindows: WindowsPlatformFeatures enabled
[2026.04.01-18.43.01:193][  0]LogInit: Physics initialised using underlying interface: PhysX
[2026.04.01-18.43.01:193][  0]LogInit: Using OS detected language (ru-RU).
[2026.04.01-18.43.01:194][  0]LogInit: Using OS detected locale (ru-RU).
[2026.04.01-18.43.01:195][  0]LogTextLocalizationManager: No specific localization for 'ru-RU' exists, so the 'ru' localization will be used.
[2026.04.01-18.43.01:195][  0]LogTextLocalizationResource: LocRes '../../../Engine/Content/Localization/Editor/ru/Editor.locres' could not be opened for reading!
[2026.04.01-18.43.01:196][  0]LogTextLocalizationResource: LocRes '../../../Engine/Content/Localization/EditorTutorials/ru/EditorTutorials.locres' could not be opened for reading!
[2026.04.01-18.43.01:196][  0]LogTextLocalizationResource: LocRes '../../../Engine/Content/Localization/Keywords/ru/Keywords.locres' could not be opened for reading!
[2026.04.01-18.43.01:196][  0]LogTextLocalizationResource: LocRes '../../../Engine/Content/Localization/Category/ru/Category.locres' could not be opened for reading!
[2026.04.01-18.43.01:196][  0]LogTextLocalizationResource: LocRes '../../../Engine/Content/Localization/ToolTips/ru/ToolTips.locres' could not be opened for reading!
[2026.04.01-18.43.01:196][  0]LogTextLocalizationResource: LocRes '../../../Engine/Content/Localization/PropertyNames/ru/PropertyNames.locres' could not be opened for reading!
[2026.04.01-18.43.01:196][  0]LogTextLocalizationResource: LocRes '../../../Engine/Content/Localization/Engine/ru/Engine.locres' could not be opened for reading!
[2026.04.01-18.43.01:208][  0]LogWindowsTextInputMethodSystem: Display: IME system deactivated.
[2026.04.01-18.43.01:219][  0]LogSlate: New Slate User Created.  User Index 0, Is Virtual User: 0
[2026.04.01-18.43.01:219][  0]LogSlate: Slate User Registered.  User Index 0, Is Virtual User: 0
[2026.04.01-18.43.01:365][  0]LogD3D11RHI: Loaded GFSDK_Aftermath_Lib.x64.dll
[2026.04.01-18.43.01:372][  0]LogHMD: Failed to initialize OpenVR with code 110
[2026.04.01-18.43.01:372][  0]LogD3D11RHI: D3D11 min allowed feature level: 11_0
[2026.04.01-18.43.01:372][  0]LogD3D11RHI: D3D11 max allowed feature level: 11_0
[2026.04.01-18.43.01:372][  0]LogD3D11RHI: D3D11 adapters:
[2026.04.01-18.43.01:628][  0]LogD3D11RHI:    0. 'Intel(R) UHD Graphics 630' (Feature Level 11_0)
[2026.04.01-18.43.01:628][  0]LogD3D11RHI:       128/0/4001 MB DedicatedVideo/DedicatedSystem/SharedSystem, Outputs:1, VendorId:0x8086
[2026.04.01-18.43.01:632][  0]LogD3D11RHI:    1. 'Microsoft Basic Render Driver' (Feature Level 11_0)
[2026.04.01-18.43.01:632][  0]LogD3D11RHI:       0/0/4001 MB DedicatedVideo/DedicatedSystem/SharedSystem, Outputs:0, VendorId:0x1414
[2026.04.01-18.43.01:632][  0]LogD3D11RHI: Chosen D3D11 Adapter:
[2026.04.01-18.43.01:632][  0]LogD3D11RHI:     Description : Intel(R) UHD Graphics 630
[2026.04.01-18.43.01:632][  0]LogD3D11RHI:     VendorId    : 8086
[2026.04.01-18.43.01:632][  0]LogD3D11RHI:     DeviceId    : 9bc8
[2026.04.01-18.43.01:632][  0]LogD3D11RHI:     SubSysId    : 372117aa
[2026.04.01-18.43.01:632][  0]LogD3D11RHI:     Revision    : 0003
[2026.04.01-18.43.01:632][  0]LogD3D11RHI:     DedicatedVideoMemory : 134217728 bytes
[2026.04.01-18.43.01:632][  0]LogD3D11RHI:     DedicatedSystemMemory : 0 bytes
[2026.04.01-18.43.01:632][  0]LogD3D11RHI:     SharedSystemMemory : 4195606528 bytes
[2026.04.01-18.43.01:632][  0]LogD3D11RHI:     AdapterLuid : 0 69621
[2026.04.01-18.43.01:643][  0]LogD3D11RHI: Creating new Direct3DDevice
[2026.04.01-18.43.01:643][  0]LogD3D11RHI:     GPU DeviceId: 0x9bc8 (for the marketing name, search the web for "GPU Device Id")
[2026.04.01-18.43.01:643][  0]LogWindows: EnumDisplayDevices:
[2026.04.01-18.43.01:643][  0]LogWindows:    0. 'Intel(R) UHD Graphics 630' (P:1 D:1)
[2026.04.01-18.43.01:643][  0]LogWindows:    1. 'Intel(R) UHD Graphics 630' (P:0 D:0)
[2026.04.01-18.43.01:643][  0]LogWindows:    2. 'Intel(R) UHD Graphics 630' (P:0 D:0)
[2026.04.01-18.43.01:643][  0]LogWindows: DebugString: FoundDriverCount:3 
[2026.04.01-18.43.01:643][  0]LogD3D11RHI:     Adapter Name: Intel(R) UHD Graphics 630
[2026.04.01-18.43.01:643][  0]LogD3D11RHI:   Driver Version: 31.0.101.2130 (internal:31.0.101.2130, unified:31.0.101.2130)
[2026.04.01-18.43.01:643][  0]LogD3D11RHI:      Driver Date: 8-13-2024
[2026.04.01-18.43.01:643][  0]LogRHI: Texture pool is 1490 MB (70% of 2128 MB)
[2026.04.01-18.43.01:651][  0]LogD3D11RHI: Creating D3DDevice using adapter:
[2026.04.01-18.43.01:651][  0]LogD3D11RHI:     Description : Intel(R) UHD Graphics 630
[2026.04.01-18.43.01:651][  0]LogD3D11RHI:     VendorId    : 8086
[2026.04.01-18.43.01:651][  0]LogD3D11RHI:     DeviceId    : 9bc8
[2026.04.01-18.43.01:651][  0]LogD3D11RHI:     SubSysId    : 372117aa
[2026.04.01-18.43.01:651][  0]LogD3D11RHI:     Revision    : 0003
[2026.04.01-18.43.01:651][  0]LogD3D11RHI:     DedicatedVideoMemory : 134217728 bytes
[2026.04.01-18.43.01:651][  0]LogD3D11RHI:     DedicatedSystemMemory : 0 bytes
[2026.04.01-18.43.01:651][  0]LogD3D11RHI:     SharedSystemMemory : 4195606528 bytes
[2026.04.01-18.43.01:651][  0]LogD3D11RHI:     AdapterLuid : 0 69621
[2026.04.01-18.43.01:890][  0]LogD3D11RHI: RHI does not have support for 64 bit atomics
[2026.04.01-18.43.01:921][  0]LogD3D11RHI: Intel Extensions support version Full=16777216, Major=1, Minor=0, Revision=0
[2026.04.01-18.43.01:921][  0]LogD3D11RHI: Intel Extensions support version Full=16777217, Major=1, Minor=0, Revision=1
[2026.04.01-18.43.01:922][  0]LogD3D11RHI: Intel Extensions Framework enabled
[2026.04.01-18.43.01:923][  0]LogD3D11RHI: [IntelMetricsDiscovery] Started
[2026.04.01-18.43.01:923][  0]LogD3D11RHI: Async texture creation enabled
[2026.04.01-18.43.01:923][  0]LogD3D11RHI: Array index from any shader is supported
[2026.04.01-18.43.01:935][  0]LogD3D11RHI: GPU Timing Frequency: 12.000048 (Debug: 2 0)
[2026.04.01-18.43.02:463][  0]LogTargetPlatformManager: Display: Loaded TargetPlatform 'AllDesktop'
[2026.04.01-18.43.02:493][  0]LogTargetPlatformManager: Display: Loaded TargetPlatform 'Android'
[2026.04.01-18.43.02:493][  0]LogTargetPlatformManager: Display: Loaded TargetPlatform 'Android_ASTC'
[2026.04.01-18.43.02:493][  0]LogTargetPlatformManager: Display: Loaded TargetPlatform 'Android_DXT'
[2026.04.01-18.43.02:493][  0]LogTargetPlatformManager: Display: Loaded TargetPlatform 'Android_ETC2'
[2026.04.01-18.43.02:493][  0]LogTargetPlatformManager: Display: Loaded TargetPlatform 'AndroidClient'
[2026.04.01-18.43.02:493][  0]LogTargetPlatformManager: Display: Loaded TargetPlatform 'Android_ASTCClient'
[2026.04.01-18.43.02:493][  0]LogTargetPlatformManager: Display: Loaded TargetPlatform 'Android_DXTClient'
[2026.04.01-18.43.02:493][  0]LogTargetPlatformManager: Display: Loaded TargetPlatform 'Android_ETC2Client'
[2026.04.01-18.43.02:493][  0]LogTargetPlatformManager: Display: Loaded TargetPlatform 'Android_Multi'
[2026.04.01-18.43.02:493][  0]LogTargetPlatformManager: Display: Loaded TargetPlatform 'Android_MultiClient'
[2026.04.01-18.43.02:516][  0]LogTargetPlatformManager: Display: Loaded TargetPlatform 'IOSClient'
[2026.04.01-18.43.02:516][  0]LogTargetPlatformManager: Display: Loaded TargetPlatform 'IOS'
[2026.04.01-18.43.02:527][  0]LogTargetPlatformManager: Display: Loaded TargetPlatform 'Linux'
[2026.04.01-18.43.02:531][  0]LogTargetPlatformManager: Display: Loaded TargetPlatform 'LinuxNoEditor'
[2026.04.01-18.43.02:537][  0]LogTargetPlatformManager: Display: Loaded TargetPlatform 'LinuxClient'
[2026.04.01-18.43.02:542][  0]LogTargetPlatformManager: Display: Loaded TargetPlatform 'LinuxServer'
[2026.04.01-18.43.02:552][  0]LogTargetPlatformManager: Display: Loaded TargetPlatform 'LinuxAArch64NoEditor'
[2026.04.01-18.43.02:557][  0]LogTargetPlatformManager: Display: Loaded TargetPlatform 'LinuxAArch64Client'
[2026.04.01-18.43.02:563][  0]LogTargetPlatformManager: Display: Loaded TargetPlatform 'LinuxAArch64Server'
[2026.04.01-18.43.02:591][  0]LogTargetPlatformManager: Display: Loaded TargetPlatform 'Lumin'
[2026.04.01-18.43.02:591][  0]LogTargetPlatformManager: Display: Loaded TargetPlatform 'LuminClient'
[2026.04.01-18.43.02:600][  0]LogTargetPlatformManager: Display: Loaded TargetPlatform 'MacNoEditor'
[2026.04.01-18.43.02:607][  0]LogTargetPlatformManager: Display: Loaded TargetPlatform 'Mac'
[2026.04.01-18.43.02:611][  0]LogTargetPlatformManager: Display: Loaded TargetPlatform 'MacClient'
[2026.04.01-18.43.02:615][  0]LogTargetPlatformManager: Display: Loaded TargetPlatform 'MacServer'
[2026.04.01-18.43.02:626][  0]LogTargetPlatformManager: Display: Loaded TargetPlatform 'TVOSClient'
[2026.04.01-18.43.02:626][  0]LogTargetPlatformManager: Display: Loaded TargetPlatform 'TVOS'
[2026.04.01-18.43.02:636][  0]LogTargetPlatformManager: Display: Loaded TargetPlatform 'WindowsNoEditor'
[2026.04.01-18.43.02:643][  0]LogTargetPlatformManager: Display: Loaded TargetPlatform 'Windows'
[2026.04.01-18.43.02:649][  0]LogTargetPlatformManager: Display: Loaded TargetPlatform 'WindowsClient'
[2026.04.01-18.43.02:657][  0]LogTargetPlatformManager: Display: Loaded TargetPlatform 'WindowsServer'
[2026.04.01-18.43.02:657][  0]LogTargetPlatformManager: Display: Building Assets For Windows
[2026.04.01-18.43.02:663][  0]LogAudioDebug: Display: Lib vorbis DLL was dynamically loaded.
[2026.04.01-18.43.02:700][  0]LogTextureFormatOodle: Display: Oodle Texture 2.9.0 init RDO Off
[2026.04.01-18.43.02:740][  0]LogRendererCore: Ray tracing is disabled. Reason: r.RayTracing=0.
[2026.04.01-18.43.02:740][  0]LogShaderCompilers: Guid format shader working directory is -31 characters bigger than the processId version (../../../../../../Users/User/Documents/Unreal Projects/Playtime_Multiplayer/Intermediate/Shaders/WorkingDirectory/14024/).
[2026.04.01-18.43.02:740][  0]LogShaderCompilers: Cleaned the shader compiler working directory 'C:/Users/User/AppData/Local/Temp/UnrealShaderWorkingDir/8984B00B40A323230F27F2986790FBFD/'.
[2026.04.01-18.43.02:740][  0]LogXGEController: Cannot use XGE Controller as Incredibuild is not installed on this machine.
[2026.04.01-18.43.02:740][  0]LogShaderCompilers: Cannot use XGE Shader Compiler as Incredibuild is not installed on this machine.
[2026.04.01-18.43.02:740][  0]LogShaderCompilers: Display: Using Local Shader Compiler.
[2026.04.01-18.43.03:841][  0]LogDerivedDataCache: Display: Max Cache Size: 512 MB
[2026.04.01-18.43.03:928][  0]LogDerivedDataCache: Loaded boot cache 0.09s 94MB C:/Users/User/AppData/Local/UnrealEngine/4.27/DerivedDataCache/Boot.ddc.
[2026.04.01-18.43.03:928][  0]LogDerivedDataCache: Display: Loaded Boot cache: C:/Users/User/AppData/Local/UnrealEngine/4.27/DerivedDataCache/Boot.ddc
[2026.04.01-18.43.03:928][  0]LogDerivedDataCache: FDerivedDataBackendGraph:  Pak pak cache file ../../../../../../Users/User/Documents/Unreal Projects/Playtime_Multiplayer/DerivedDataCache/DDC.ddp not found, will not use a pak cache.
[2026.04.01-18.43.03:928][  0]LogDerivedDataCache: Unable to find inner node Pak for hierarchical cache Hierarchy.
[2026.04.01-18.43.03:928][  0]LogDerivedDataCache: FDerivedDataBackendGraph:  CompressedPak pak cache file ../../../../../../Users/User/Documents/Unreal Projects/Playtime_Multiplayer/DerivedDataCache/Compressed.ddp not found, will not use a pak cache.
[2026.04.01-18.43.03:928][  0]LogDerivedDataCache: Unable to find inner node CompressedPak for hierarchical cache Hierarchy.
[2026.04.01-18.43.03:949][  0]LogDerivedDataCache: Display: Pak cache opened for reading ../../../Engine/DerivedDataCache/Compressed.ddp.
[2026.04.01-18.43.03:949][  0]LogDerivedDataCache: FDerivedDataBackendGraph:  EnterprisePak pak cache file ../../../Enterprise/DerivedDataCache/Compressed.ddp not found, will not use a pak cache.
[2026.04.01-18.43.03:950][  0]LogDerivedDataCache: Unable to find inner node EnterprisePak for hierarchical cache Hierarchy.
[2026.04.01-18.43.03:955][  0]LogDerivedDataCache: Speed tests for C:/Users/User/AppData/Local/UnrealEngine/Common/DerivedDataCache took 0.01 seconds
[2026.04.01-18.43.03:955][  0]LogDerivedDataCache: Display: Performance to C:/Users/User/AppData/Local/UnrealEngine/Common/DerivedDataCache: Latency=0.01ms. RandomReadSpeed=886.35MBs, RandomWriteSpeed=239.72MBs. Assigned SpeedClass 'Local'
[2026.04.01-18.43.03:956][  0]LogDerivedDataCache: Using Local data cache path C:/Users/User/AppData/Local/UnrealEngine/Common/DerivedDataCache: Writable
[2026.04.01-18.43.03:956][  0]LogDerivedDataCache: Shared data cache path not found in *engine.ini, will not use an Shared cache.
[2026.04.01-18.43.03:956][  0]LogDerivedDataCache: Unable to find inner node Shared for hierarchical cache Hierarchy.
[2026.04.01-18.43.04:014][  0]LogSlate: Using FreeType 2.10.0
[2026.04.01-18.43.04:015][  0]LogSlate: SlateFontServices - WITH_FREETYPE: 1, WITH_HARFBUZZ: 1
[2026.04.01-18.43.04:046][  0]LogAssetRegistry: FAssetRegistry took 0.0031 seconds to start up
[2026.04.01-18.43.04:379][  0]LogInit: Selected Device Profile: [Windows]
[2026.04.01-18.43.04:379][  0]LogInit: Active device profile: [00000229F047D100][00000229EF1AC740 49] Windows
[2026.04.01-18.43.04:379][  0]LogInit: Profiles: [00000229F047D100][00000229EF1AC740 49] Windows, [00000229F0436700][00000229EF1A8880 49] WindowsNoEditor, [00000229F047E200][00000229EF3D89C0 49] WindowsServer, [00000229F0435900][00000229EF3DCB00 49] WindowsClient, [00000229F047D700][00000229EB3BAC80 49] IOS, [00000229F0436900][00000229EBDF0E00 49] iPadAir, [00000229F047FC00][00000229EBDF4F80 49] iPadAir2, [00000229F03DD400][00000229EBDFD240 49] IPadPro, [00000229F03DD500][00000229EBDF9280 49] iPadAir3, [00000229F0437A00][00000229ECD63400 49] iPadAir4, [00000229F03DE300][00000229ECD67580 49] iPadMini2, [00000229F0437100][00000229ECD6B700 49] iPadMini3, [00000229F03DEF00][00000229ECD6F880 49] iPadMini4, [00000229F0435E00][00000229ECD73A00 49] iPadMini5, [00000229F03F9000][00000229ECD7A140 49] iPhone6, [00000229F03F9100][00000229ECD76180 49] iPodTouch6, [00000229F047F900][00000229EC3D6440 49] iPhone7, [00000229F047E900][00000229EC3D2480 49] iPodTouch7, [00000229F03DD000][00000229EC3DA600 49] iPhone5S, [00000229F047EF00][00000229EC3DE780 49] iPhone6Plus, [00000229F03DF600][00000229EC3E2900 49] iPhone6S, [00000229F047CC00][00000229EB3B6A40 49] iPhone6SPlus, [00000229F047DD00][00000229EC3E6B80 49] iPhone7Plus, [00000229F03F8800][00000229EC3EACC0 49] iPhoneSE, [00000229F047C400][00000229EC3F2E40 49] iPhone8, [00000229F03F8900][00000229EC3F6FC0 49] iPhone8Plus, [00000229F03FAE00][00000229EC3FB140 49] iPhoneX, [00000229F03DDD00][00000229EC3FF2C0 49] iPhoneXS, [00000229F03FA700][00000229EC403440 49] iPhoneXSMax, [00000229F03DDC00][00000229EC4075C0 49] iPhoneXR, [00000229F03FA800][00000229EC40B740 49] iPhone11, [00000229F03DCF00][00000229EC40F8C0 49] iPhone11Pro, [00000229F03F8B00][00000229EF675A40 49] iPhone11ProMax, [00000229F03DCD00][00000229EF681BC0 49] iPhoneSE2, [00000229F03F8E00][00000229EF7581C0 49] iPhone12Mini, [00000229F047F800][00000229EF760340 49] iPhone12, [00000229F03FB000][00000229EF7644C0 49] iPhone12Pro, [00000229F047F700][00000229EF78E640 49] iPhone12ProMax, [00000229F03F9E00][00000229EF7967C0 49] iPadPro105, [00000229F047D300][00000229EF7CE940 49] iPadPro129, [00000229F03FBE00][00000229EF7ECAC0 49] iPadPro97, [00000229F047DC00][00000229EC3EEC00 49] iPadPro2_129, [00000229F03FA000][00000229EF434D40 49] iPad5, [00000229F047E300][00000229EF438E80 49] iPad6, [00000229F03FBB00][00000229EF4ACFC0 49] iPad7, [00000229F047DE00][00000229EF2CD140 49] iPad8, [00000229F03F8A00][00000229EF33F2C0 49] iPadPro11, [00000229F047E600][00000229EF343440 49] iPadPro2_11, [00000229F03F8F00][00000229EF3475C0 49] iPadPro3_129, [00000229F047E800][00000229EF34B740 49] iPadPro4_129, [00000229F03FBC00][00000229EF34F8C0 49] AppleTV, [00000229F047DA00][00000229EF383A40 49] AppleTV4K, [00000229F03FA600][00000229EF387BC0 49] TVOS, [00000229F047E100][00000229EF38A1C0 49] Mac, [00000229F03FAF00][00000229EF3CA340 49] MacClient, [00000229F047EA00][00000229EF3CE4C0 49] MacNoEditor, [00000229F03FAC00][00000229F0BCE640 49] MacServer, [00000229F047F000][00000229F0BD27C0 49] Linux, [00000229F03F8400][00000229F0BDE940 49] LinuxAArch64, [00000229F047C700][00000229F0BEAAC0 49] LinuxNoEditor, [00000229F03FB700][00000229F0BEEC40 49] LinuxAArch64NoEditor, [00000229F047FB00][00000229EF2C8D80 49] LinuxClient, [00000229F03FB400][00000229F0BF2EC0 49] LinuxAArch64Client, [00000229F047FE00][00000229F0BF7000 49] LinuxServer, [00000229F03F8700][00000229F0BFB140 49] LinuxAArch64Server, [00000229F047DF00][00000229EF4F12C0 49] Android, [00000229F03FAA00][00000229EF4F5440 49] Android_Low, [00000229F047ED00][00000229EF4F95C0 49] Android_Mid, [00000229F03F9F00][00000229EF4FD740 49] Android_High, [00000229F047EB00][00000229EF43D8C0 49] Android_Default, [00000229F03F8100][00000229EF441A40 49] Android_Adreno4xx, [00000229F047C500][00000229EF44FBC0 49] Android_Adreno5xx_Low, [00000229F03F9400][00000229EF4521C0 49] Android_Adreno5xx, [00000229F047F400][00000229EF486340 49] Android_Adreno6xx, [00000229F03FA300][00000229EF0344C0 49] Android_Adreno6xx_Vulkan, [00000229F047FD00][00000229EF038640 49] Android_Mali_T6xx, [00000229F03F8200][00000229EF0507C0 49] Android_Mali_T7xx, [00000229F047F600][00000229EF090940 49] Android_Mali_T8xx, [00000229F03FB200][00000229EF0D0AC0 49] Android_Mali_G71, [00000229F03DF100][00000229EF0D4C40 49] Android_Mali_G72, [00000229F0436F00][00000229EF0D8DC0 49] Android_Mali_G72_Vulkan, [00000229F03DEB00][00000229EF0DCF40 49] Android_Mali_G76, [00000229F0434500][00000229EF4ED080 49] Android_Mali_G76_Vulkan, [00000229F03DCC00][00000229EF0E51C0 49] Android_Mali_G77, [00000229F0434600][00000229EF0E9300 49] Android_Mali_G77_Vulkan, [00000229F03DE400][00000229EF493480 49] Android_Mali_G78, [00000229F0434D00][00000229EF497600 49] Android_Mali_G78_Vulkan, [00000229F03DFD00][00000229EF49B780 49] Android_Mali_G710, [00000229F0436B00][00000229EF49F900 49] Android_Mali_G710_Vulkan, [00000229F03DEA00][00000229EF4A3A80 49] Android_Vulkan_SM5, [00000229F0435A00][00000229EF4A7C00 49] Android_PowerVR_G6xxx, [00000229F03DC500][00000229EF6EE200 49] Android_PowerVR_GT7xxx, [00000229F0434200][00000229EF6F2380 49] Android_PowerVR_GE8xxx, [00000229F03DFB00][00000229EF0E0500 49] Android_PowerVR_GM9xxx, [00000229F0436100][00000229EF48A680 49] Android_PowerVR_GM9xxx_Vulkan, [00000229F03DDF00][00000229F0B8A800 49] Android_TegraK1, [00000229F0434A00][00000229F0B8E980 49] Android_Unknown_Vulkan, [00000229F03DF900][00000229F0B92B00 49] Lumin, [00000229F0435100][00000229F0B96C80 49] Lumin_Desktop, [00000229F03DE000][00000229F0B9AE00 49] HoloLens, 
[2026.04.01-18.43.04:550][  0]LogMeshReduction: Using QuadricMeshReduction for automatic static mesh reduction
[2026.04.01-18.43.04:550][  0]LogMeshReduction: Using SimplygonMeshReduction for automatic skeletal mesh reduction
[2026.04.01-18.43.04:550][  0]LogMeshReduction: Using ProxyLODMeshReduction for automatic mesh merging
[2026.04.01-18.43.04:550][  0]LogMeshReduction: No distributed automatic mesh merging module available
[2026.04.01-18.43.04:550][  0]LogMeshMerging: No distributed automatic mesh merging module available
[2026.04.01-18.43.04:571][  0]LogNetVersion: Playtime_Multiplayer 1.0.0, NetCL: 17155196, EngineNetVer: 17, GameNetVer: 0 (Checksum: 2025055209)
[2026.04.01-18.43.05:076][  0]LogTexture: Default maximum texture size for cubemaps generated from long-lat sources has been changed from 512 to unlimited. In order to preserve old behaiour for '/Engine/MapTemplates/Sky/DaylightAmbientCubemap.DaylightAmbientCubemap', its maximum texture size has been explicitly set to 512.
[2026.04.01-18.43.05:150][  0]LogHMD: PokeAHoleMaterial loaded successfully
[2026.04.01-18.43.05:158][  0]LogUObjectArray: 17178 objects as part of root set at end of initial load.
[2026.04.01-18.43.05:158][  0]LogUObjectAllocator: 4302048 out of 0 bytes used by permanent object pool.
[2026.04.01-18.43.05:158][  0]LogUObjectArray: CloseDisregardForGC: 0/0 objects in disregard for GC pool
[2026.04.01-18.43.05:374][  0]LogNiagaraDebuggerClient: Niagara Debugger Client Initialized | Session: 9B8AF7DA493B5CDFCDC3EC8638CEF2F0 | Instance: 986FCB204F247CC3957E4AAF5D2E7FCD (WIN-O5Q6NLQMTLB-14024).
[2026.04.01-18.43.05:569][  0]LogPython: Using Python 3.7.7
[2026.04.01-18.43.06:366][  0]LogTcpMessaging: Initializing TcpMessaging bridge
[2026.04.01-18.43.06:376][  0]LogUdpMessaging: Initializing bridge on interface 0.0.0.0:0 to multicast group 230.0.0.1:6666.
[2026.04.01-18.43.06:487][  0]LogLinker: Warning: Failed to load '/Game/FirstPersonBP/FirstPersonOverview': Can't find file.
[2026.04.01-18.43.06:487][  0]LogLinker: Warning: Failed to load '/Game/FirstPersonBP/FirstPersonOverview': Can't find file.
[2026.04.01-18.43.06:487][  0]LogUObjectGlobals: Warning: Failed to find object 'Class /Game/FirstPersonBP/FirstPersonOverview.FirstPersonOverview_C'
[2026.04.01-18.43.06:590][  0]SourceControl: Source control is disabled
[2026.04.01-18.43.06:590][  0]SourceControl: Source control is disabled
[2026.04.01-18.43.06:593][  0]SourceControl: Source control is disabled
[2026.04.01-18.43.06:598][  0]SourceControl: Source control is disabled
[2026.04.01-18.43.06:678][  0]SourceControl: Source control is disabled
[2026.04.01-18.43.06:696][  0]LogUProjectInfo: Found projects:
[2026.04.01-18.43.06:870][  0]LogOpenImageDenoise: OIDN starting up
[2026.04.01-18.43.06:919][  0]LogAndroidPermission: UAndroidPermissionCallbackProxy::GetInstance
[2026.04.01-18.43.06:946][  0]LogAudioCaptureCore: Display: No Audio Capture implementations found. Audio input will be silent.
[2026.04.01-18.43.06:946][  0]LogAudioCaptureCore: Display: No Audio Capture implementations found. Audio input will be silent.
[2026.04.01-18.43.07:106][  0]LogCollectionManager: Loaded 0 collections in 0.001917 seconds
[2026.04.01-18.43.07:135][  0]LogFileCache: Scanning file cache for directory 'C:/Users/User/Documents/Unreal Projects/Playtime_Multiplayer/Saved/Collections/' took 0.00s
[2026.04.01-18.43.07:135][  0]LogFileCache: Scanning file cache for directory 'C:/Users/User/Documents/Unreal Projects/Playtime_Multiplayer/Content/Developers/User/Collections/' took 0.00s
[2026.04.01-18.43.07:135][  0]LogFileCache: Scanning file cache for directory 'C:/Users/User/Documents/Unreal Projects/Playtime_Multiplayer/Content/Collections/' took 0.00s
[2026.04.01-18.43.07:135][  0]LogOcInput: OculusInput pre-init called
[2026.04.01-18.43.07:437][  0]LogEngine: Initializing Engine...
[2026.04.01-18.43.07:454][  0]LogHMD: Failed to enumerate extensions. Please check that you have a valid OpenXR runtime installed.
[2026.04.01-18.43.07:454][  0]LogHMD: Failed to initialize OpenVR with code 110
[2026.04.01-18.43.07:454][  0]LogMagicLeap: Warning: VR disabled because ZI is not enabled.  To enable, in the editor, Edit -> Project Settings -> Plugins -> Magic Leap Plugin -> Enable Zero Iteration
[2026.04.01-18.43.07:455][  0]LogStats: UGameplayTagsManager::InitializeManager -  0.000 s
[2026.04.01-18.43.07:635][  0]LogInit: Initializing FReadOnlyCVARCache
[2026.04.01-18.43.07:651][  0]LogAIModule: Creating AISystem for world Untitled
[2026.04.01-18.43.07:672][  0]LogAudio: Display: Initializing Audio Device Manager...
[2026.04.01-18.43.07:677][  0]LogAudio: Display: Loading Default Audio Settings Objects...
[2026.04.01-18.43.07:677][  0]LogAudio: Display: No default SoundConcurrencyObject specified (or failed to load).
[2026.04.01-18.43.07:679][  0]LogAudio: Display: Audio Device Manager Initialized
[2026.04.01-18.43.07:679][  0]LogAudio: Display: Creating Audio Device:                 Id: 1, Scope: Shared, Realtime: True
[2026.04.01-18.43.07:679][  0]LogAudioMixer: Display: Audio Mixer Platform Settings:
[2026.04.01-18.43.07:679][  0]LogAudioMixer: Display: 	Sample Rate:						  48000
[2026.04.01-18.43.07:679][  0]LogAudioMixer: Display: 	Callback Buffer Frame Size Requested: 1024
[2026.04.01-18.43.07:679][  0]LogAudioMixer: Display: 	Callback Buffer Frame Size To Use:	  1024
[2026.04.01-18.43.07:679][  0]LogAudioMixer: Display: 	Number of buffers to queue:			  2
[2026.04.01-18.43.07:679][  0]LogAudioMixer: Display: 	Max Channels (voices):				  32
[2026.04.01-18.43.07:679][  0]LogAudioMixer: Display: 	Number of Async Source Workers:		  0
[2026.04.01-18.43.07:679][  0]LogAudio: Display: AudioDevice MaxSources: 32
[2026.04.01-18.43.07:679][  0]LogAudio: Display: Audio Spatialization Plugin: None (built-in).
[2026.04.01-18.43.07:679][  0]LogAudio: Display: Audio Reverb Plugin: None (built-in).
[2026.04.01-18.43.07:679][  0]LogAudio: Display: Audio Occlusion Plugin: None (built-in).
[2026.04.01-18.43.07:679][  0]LogAudioMixer: Display: Initializing audio mixer.
[2026.04.01-18.43.07:713][  0]LogAudioMixer: Display: 0: FrontLeft
[2026.04.01-18.43.07:713][  0]LogAudioMixer: Display: 1: FrontRight
[2026.04.01-18.43.07:761][  0]LogAudioMixer: Display: Using Audio Device Headphones (Realtek(R) Audio)
[2026.04.01-18.43.07:765][  0]LogAudioMixer: Display: Initializing Sound Submixes...
[2026.04.01-18.43.07:769][  0]LogAudioMixer: Display: Creating Master Submix 'MasterSubmixDefault'
[2026.04.01-18.43.07:769][  0]LogAudioMixer: Display: Creating Master Submix 'MasterReverbSubmixDefault'
[2026.04.01-18.43.07:771][  0]LogAudioMixer: Display: Creating Master Submix 'MasterEQSubmixDefault'
[2026.04.01-18.43.07:771][  0]LogAudioMixer: FMixerPlatformXAudio2::StartAudioStream() called
[2026.04.01-18.43.07:771][  0]LogAudioMixer: Display: Output buffers initialized: Frames=1024, Channels=2, Samples=2048
[2026.04.01-18.43.07:773][  0]LogAudioMixer: Display: Starting AudioMixerPlatformInterface::RunInternal()
[2026.04.01-18.43.07:773][  0]LogAudioMixer: Display: FMixerPlatformXAudio2::SubmitBuffer() called for the first time
[2026.04.01-18.43.07:773][  0]LogInit: FAudioDevice initialized.
[2026.04.01-18.43.07:773][  0]LogAudio: Display: Audio Device (ID: 1) registered with world 'Untitled'.
[2026.04.01-18.43.07:773][  0]LogNetVersion: Set ProjectVersion to 1.0.0.0. Version Checksum will be recalculated on next use.
[2026.04.01-18.43.08:111][  0]LogDerivedDataCache: Saved boot cache 0.34s 94MB C:/Users/User/AppData/Local/UnrealEngine/4.27/DerivedDataCache/Boot.ddc.
[2026.04.01-18.43.08:111][  0]LogInit: Texture streaming: Enabled
[2026.04.01-18.43.08:129][  0]LogAnalytics: Display: [UEEditor.Rocket.Release] APIServer = https://datarouter.ol.epicgames.com/. AppVersion = 4.27.2-18319896+++UE4+Release-4.27
[2026.04.01-18.43.08:136][  0]LogEngineSessionManager: EngineSessionManager initialized
[2026.04.01-18.43.08:136][  0]LogEditorSessionSummary: Verbose: Initializing EditorSessionSummaryWriter for editor session tracking
[2026.04.01-18.43.08:137][  0]LogEditorSessionSummary: EditorSessionSummaryWriter initialized
[2026.04.01-18.43.08:172][  0]LogInit: Transaction tracking system initialized
[2026.04.01-18.43.08:202][  0]BlueprintLog: New page: Editor Load
[2026.04.01-18.43.08:300][  0]LocalizationService: Localization service is disabled
[2026.04.01-18.43.08:332][  0]TimingProfiler: Initialize
[2026.04.01-18.43.08:332][  0]TimingProfiler: OnSessionChanged
[2026.04.01-18.43.08:332][  0]LoadingProfiler: Initialize
[2026.04.01-18.43.08:332][  0]LoadingProfiler: OnSessionChanged
[2026.04.01-18.43.08:332][  0]NetworkingProfiler: Initialize
[2026.04.01-18.43.08:332][  0]NetworkingProfiler: OnSessionChanged
[2026.04.01-18.43.08:332][  0]MemoryProfiler: Initialize
[2026.04.01-18.43.08:332][  0]MemoryProfiler: OnSessionChanged
[2026.04.01-18.43.08:506][  0]LogSlate: Took 0.000147 seconds to synchronously load lazily loaded font '../../../Engine/Content/Slate/Fonts/Roboto-Regular.ttf' (155K)
[2026.04.01-18.43.17:759][  0]LogSlate: Window 'Low drive space warning' being destroyed
[2026.04.01-18.43.17:760][  0]LogWindowsTextInputMethodSystem: Display: IME system deactivated.
[2026.04.01-18.43.17:778][  0]Message dialog closed, result: Ok, title: Low drive space warning, text: The following drive locations have limited free space.
It is recommended that you free some space to avoid issues such as crashed and data loss due to files not being able to be written and saved.

  5 031 MB Free 		 C:/Program Files/Epic Games/UE_4.27/Engine/Binaries/Win64/
 				 The base engine directory. 

  5 031 MB Free 		 C:/Users/User/Documents/Unreal Projects/Playtime_Multiplayer/
 				 The project directory. 

[2026.04.01-18.43.17:912][  0]LogCook: Display: CookSettings for Memory: MemoryMaxUsedVirtual 0MiB, MemoryMaxUsedPhysical 16384MiB, MemoryMinFreeVirtual 0MiB, MemoryMinFreePhysical 1024MiB
[2026.04.01-18.43.17:912][  0]LogCook: Display: Mobile HDR setting 1
[2026.04.01-18.43.18:179][  0]LogFileCache: Scanning file cache for directory 'C:/Users/User/Documents/Unreal Projects/Playtime_Multiplayer/Content/' took 0.01s
[2026.04.01-18.43.18:412][  0]LogInit: Display: Engine is initialized. Leaving FEngineLoop::Init()
[2026.04.01-18.43.18:417][  0]SourceControl: Source control is disabled
[2026.04.01-18.43.18:474][  0]LogWindowsTextInputMethodSystem: Display: IME system deactivated.
[2026.04.01-18.43.25:116][  0]LogSlate: Window 'Restore Packages' being destroyed
[2026.04.01-18.43.26:790][  0]LogSlate: Window 'Unable to Check Out From Source Control!' being destroyed
[2026.04.01-18.43.26:806][  0]Message dialog closed, result: Ok, title: Unable to Check Out From Source Control!, text: The following assets could not be successfully checked out from source control:
/Game/Widgets/Buttons
[2026.04.01-18.43.26:840][  0]LogUnrealEdMisc: Loading editor; pre map load, took 26.983
[2026.04.01-18.43.26:840][  0]Cmd: MAP LOAD FILE="../../../../../../Users/User/Documents/Unreal Projects/Playtime_Multiplayer/Content/StarterContent/Maps/Minimal_Default.umap" TEMPLATE=0 SHOWPROGRESS=1 FEATURELEVEL=3
[2026.04.01-18.43.26:843][  0]LightingResults: New page: Lighting Build
[2026.04.01-18.43.26:846][  0]LogWorld: UWorld::CleanupWorld for Untitled, bSessionEnded=true, bCleanupResources=true
[2026.04.01-18.43.26:846][  0]LogSlate: InvalidateAllWidgets triggered.  All widgets were invalidated
[2026.04.01-18.43.26:847][  0]MapCheck: New page: Map Check
[2026.04.01-18.43.26:847][  0]LightingResults: New page: Lighting Build
[2026.04.01-18.43.26:855][  0]LogAudio: Display: Audio Device unregistered from world 'None'.
[2026.04.01-18.43.26:860][  0]LogUObjectHash: Compacting FUObjectHashTables data took   1.69ms
[2026.04.01-18.43.27:061][  0]LogAudio: Display: Audio Device (ID: 1) registered with world 'Minimal_Default'.
[2026.04.01-18.43.27:062][  0]LogAIModule: Creating AISystem for world Minimal_Default
[2026.04.01-18.43.27:069][  0]LogEditorServer: Finished looking for orphan Actors (0.000 secs)
[2026.04.01-18.43.27:083][  0]LogUObjectHash: Compacting FUObjectHashTables data took   1.00ms
[2026.04.01-18.43.27:084][  0]Cmd: MAP CHECKDEP NOCLEARLOG
[2026.04.01-18.43.27:084][  0]MapCheck: Map check complete: 0 Error(s), 0 Warning(s), took 0,113ms to complete.
[2026.04.01-18.43.27:084][  0]LogFileHelpers: Loading map 'Minimal_Default' took 0.245
[2026.04.01-18.43.27:086][  0]LogUnrealEdMisc: Total Editor Startup Time, took 27.231
[2026.04.01-18.43.27:211][  0]LogSlate: Updating window title bar state: overlay mode, drag disabled, window buttons hidden, title bar hidden
[2026.04.01-18.43.27:220][  0]LogSlate: Updating window title bar state: overlay mode, drag disabled, window buttons hidden, title bar hidden
[2026.04.01-18.43.27:227][  0]LogSlate: Updating window title bar state: overlay mode, drag disabled, window buttons hidden, title bar hidden
[2026.04.01-18.43.27:235][  0]LogSlate: Updating window title bar state: overlay mode, drag disabled, window buttons hidden, title bar hidden
[2026.04.01-18.43.27:263][  0]LogNativeClassHierarchy: Verbose: Native class hierarchy populated in 0.0127 seconds. Added 3842 classes and 931 folders.
[2026.04.01-18.43.27:273][  0]LogNativeClassHierarchy: Verbose: Native class hierarchy updated for 'WidgetCarousel' in 0.0003 seconds. Added 0 classes and 0 folders.
[2026.04.01-18.43.27:280][  0]LogPakFile: PakFile PrimaryIndexSize=187
[2026.04.01-18.43.27:280][  0]LogPakFile: PakFile PathHashIndexSize=101
[2026.04.01-18.43.27:280][  0]LogPakFile: PakFile FullDirectoryIndexSize=148
[2026.04.01-18.43.27:281][  0]LogShaderLibrary: Display: ShaderCodeLibraryPakFileMountedCallback: PakFile 'C:/Program Files/Epic Games/UE_4.27/FeaturePacks/FP_FirstPerson.upack' (chunk index -1, root 'root:/') mounted
[2026.04.01-18.43.27:281][  0]LogShaderLibrary: Display: ShaderCodeLibraryPakFileMountedCallback: pending pak file info (ChunkID:-1 Root:root:/ File:C:/Program Files/Epic Games/UE_4.27/FeaturePacks/FP_FirstPerson.upack)
[2026.04.01-18.43.27:281][  0]LogPakFile: OnPakFileMounted2Time == 0.001068
[2026.04.01-18.43.27:285][  0]LogPakFile: PakFile PrimaryIndexSize=189
[2026.04.01-18.43.27:285][  0]LogPakFile: PakFile PathHashIndexSize=101
[2026.04.01-18.43.27:285][  0]LogPakFile: PakFile FullDirectoryIndexSize=152
[2026.04.01-18.43.27:285][  0]LogShaderLibrary: Display: ShaderCodeLibraryPakFileMountedCallback: PakFile 'C:/Program Files/Epic Games/UE_4.27/FeaturePacks/FP_FirstPersonBP.upack' (chunk index -1, root 'root:/') mounted
[2026.04.01-18.43.27:285][  0]LogShaderLibrary: Display: ShaderCodeLibraryPakFileMountedCallback: pending pak file info (ChunkID:-1 Root:root:/ File:C:/Program Files/Epic Games/UE_4.27/FeaturePacks/FP_FirstPersonBP.upack)
[2026.04.01-18.43.27:285][  0]LogPakFile: OnPakFileMounted2Time == 0.000048
[2026.04.01-18.43.27:287][  0]LogPakFile: PakFile PrimaryIndexSize=191
[2026.04.01-18.43.27:287][  0]LogPakFile: PakFile PathHashIndexSize=101
[2026.04.01-18.43.27:287][  0]LogPakFile: PakFile FullDirectoryIndexSize=160
[2026.04.01-18.43.27:287][  0]LogShaderLibrary: Display: ShaderCodeLibraryPakFileMountedCallback: PakFile 'C:/Program Files/Epic Games/UE_4.27/FeaturePacks/MobileStarterContent.upack' (chunk index -1, root 'root:/') mounted
[2026.04.01-18.43.27:287][  0]LogShaderLibrary: Display: ShaderCodeLibraryPakFileMountedCallback: pending pak file info (ChunkID:-1 Root:root:/ File:C:/Program Files/Epic Games/UE_4.27/FeaturePacks/MobileStarterContent.upack)
[2026.04.01-18.43.27:287][  0]LogPakFile: OnPakFileMounted2Time == 0.000039
[2026.04.01-18.43.27:288][  0]LogPakFile: PakFile PrimaryIndexSize=185
[2026.04.01-18.43.27:288][  0]LogPakFile: PakFile PathHashIndexSize=101
[2026.04.01-18.43.27:288][  0]LogPakFile: PakFile FullDirectoryIndexSize=148
[2026.04.01-18.43.27:288][  0]LogShaderLibrary: Display: ShaderCodeLibraryPakFileMountedCallback: PakFile 'C:/Program Files/Epic Games/UE_4.27/FeaturePacks/StarterContent.upack' (chunk index -1, root 'root:/') mounted
[2026.04.01-18.43.27:288][  0]LogShaderLibrary: Display: ShaderCodeLibraryPakFileMountedCallback: pending pak file info (ChunkID:-1 Root:root:/ File:C:/Program Files/Epic Games/UE_4.27/FeaturePacks/StarterContent.upack)
[2026.04.01-18.43.27:288][  0]LogPakFile: OnPakFileMounted2Time == 0.000051
[2026.04.01-18.43.27:289][  0]LogPakFile: PakFile PrimaryIndexSize=190
[2026.04.01-18.43.27:290][  0]LogPakFile: PakFile PathHashIndexSize=101
[2026.04.01-18.43.27:290][  0]LogPakFile: PakFile FullDirectoryIndexSize=154
[2026.04.01-18.43.27:290][  0]LogShaderLibrary: Display: ShaderCodeLibraryPakFileMountedCallback: PakFile 'C:/Program Files/Epic Games/UE_4.27/FeaturePacks/TP_2DSideScroller.upack' (chunk index -1, root 'root:/') mounted
[2026.04.01-18.43.27:290][  0]LogShaderLibrary: Display: ShaderCodeLibraryPakFileMountedCallback: pending pak file info (ChunkID:-1 Root:root:/ File:C:/Program Files/Epic Games/UE_4.27/FeaturePacks/TP_2DSideScroller.upack)
[2026.04.01-18.43.27:290][  0]LogPakFile: OnPakFileMounted2Time == 0.000053
[2026.04.01-18.43.27:291][  0]LogPakFile: PakFile PrimaryIndexSize=192
[2026.04.01-18.43.27:291][  0]LogPakFile: PakFile PathHashIndexSize=101
[2026.04.01-18.43.27:291][  0]LogPakFile: PakFile FullDirectoryIndexSize=158
[2026.04.01-18.43.27:291][  0]LogShaderLibrary: Display: ShaderCodeLibraryPakFileMountedCallback: PakFile 'C:/Program Files/Epic Games/UE_4.27/FeaturePacks/TP_2DSideScrollerBP.upack' (chunk index -1, root 'root:/') mounted
[2026.04.01-18.43.27:291][  0]LogShaderLibrary: Display: ShaderCodeLibraryPakFileMountedCallback: pending pak file info (ChunkID:-1 Root:root:/ File:C:/Program Files/Epic Games/UE_4.27/FeaturePacks/TP_2DSideScrollerBP.upack)
[2026.04.01-18.43.27:291][  0]LogPakFile: OnPakFileMounted2Time == 0.000041
[2026.04.01-18.43.27:293][  0]LogPakFile: PakFile PrimaryIndexSize=182
[2026.04.01-18.43.27:293][  0]LogPakFile: PakFile PathHashIndexSize=101
[2026.04.01-18.43.27:293][  0]LogPakFile: PakFile FullDirectoryIndexSize=138
[2026.04.01-18.43.27:293][  0]LogShaderLibrary: Display: ShaderCodeLibraryPakFileMountedCallback: PakFile 'C:/Program Files/Epic Games/UE_4.27/FeaturePacks/TP_Flying.upack' (chunk index -1, root 'root:/') mounted
[2026.04.01-18.43.27:293][  0]LogShaderLibrary: Display: ShaderCodeLibraryPakFileMountedCallback: pending pak file info (ChunkID:-1 Root:root:/ File:C:/Program Files/Epic Games/UE_4.27/FeaturePacks/TP_Flying.upack)
[2026.04.01-18.43.27:293][  0]LogPakFile: OnPakFileMounted2Time == 0.000070
[2026.04.01-18.43.27:295][  0]LogPakFile: PakFile PrimaryIndexSize=184
[2026.04.01-18.43.27:295][  0]LogPakFile: PakFile PathHashIndexSize=101
[2026.04.01-18.43.27:295][  0]LogPakFile: PakFile FullDirectoryIndexSize=142
[2026.04.01-18.43.27:295][  0]LogShaderLibrary: Display: ShaderCodeLibraryPakFileMountedCallback: PakFile 'C:/Program Files/Epic Games/UE_4.27/FeaturePacks/TP_FlyingBP.upack' (chunk index -1, root 'root:/') mounted
[2026.04.01-18.43.27:295][  0]LogShaderLibrary: Display: ShaderCodeLibraryPakFileMountedCallback: pending pak file info (ChunkID:-1 Root:root:/ File:C:/Program Files/Epic Games/UE_4.27/FeaturePacks/TP_FlyingBP.upack)
[2026.04.01-18.43.27:295][  0]LogPakFile: OnPakFileMounted2Time == 0.000046
[2026.04.01-18.43.27:298][  0]LogPakFile: PakFile PrimaryIndexSize=188
[2026.04.01-18.43.27:299][  0]LogPakFile: PakFile PathHashIndexSize=101
[2026.04.01-18.43.27:299][  0]LogPakFile: PakFile FullDirectoryIndexSize=150
[2026.04.01-18.43.27:299][  0]LogShaderLibrary: Display: ShaderCodeLibraryPakFileMountedCallback: PakFile 'C:/Program Files/Epic Games/UE_4.27/FeaturePacks/TP_HandheldARBP.upack' (chunk index -1, root 'root:/') mounted
[2026.04.01-18.43.27:299][  0]LogShaderLibrary: Display: ShaderCodeLibraryPakFileMountedCallback: pending pak file info (ChunkID:-1 Root:root:/ File:C:/Program Files/Epic Games/UE_4.27/FeaturePacks/TP_HandheldARBP.upack)
[2026.04.01-18.43.27:299][  0]LogPakFile: OnPakFileMounted2Time == 0.000045
[2026.04.01-18.43.27:301][  0]LogPakFile: PakFile PrimaryIndexSize=182
[2026.04.01-18.43.27:301][  0]LogPakFile: PakFile PathHashIndexSize=101
[2026.04.01-18.43.27:301][  0]LogPakFile: PakFile FullDirectoryIndexSize=138
[2026.04.01-18.43.27:302][  0]LogShaderLibrary: Display: ShaderCodeLibraryPakFileMountedCallback: PakFile 'C:/Program Files/Epic Games/UE_4.27/FeaturePacks/TP_Puzzle.upack' (chunk index -1, root 'root:/') mounted
[2026.04.01-18.43.27:302][  0]LogShaderLibrary: Display: ShaderCodeLibraryPakFileMountedCallback: pending pak file info (ChunkID:-1 Root:root:/ File:C:/Program Files/Epic Games/UE_4.27/FeaturePacks/TP_Puzzle.upack)
[2026.04.01-18.43.27:302][  0]LogPakFile: OnPakFileMounted2Time == 0.000047
[2026.04.01-18.43.27:303][  0]LogPakFile: PakFile PrimaryIndexSize=184
[2026.04.01-18.43.27:303][  0]LogPakFile: PakFile PathHashIndexSize=101
[2026.04.01-18.43.27:303][  0]LogPakFile: PakFile FullDirectoryIndexSize=142
[2026.04.01-18.43.27:303][  0]LogShaderLibrary: Display: ShaderCodeLibraryPakFileMountedCallback: PakFile 'C:/Program Files/Epic Games/UE_4.27/FeaturePacks/TP_PuzzleBP.upack' (chunk index -1, root 'root:/') mounted
[2026.04.01-18.43.27:303][  0]LogShaderLibrary: Display: ShaderCodeLibraryPakFileMountedCallback: pending pak file info (ChunkID:-1 Root:root:/ File:C:/Program Files/Epic Games/UE_4.27/FeaturePacks/TP_PuzzleBP.upack)
[2026.04.01-18.43.27:303][  0]LogPakFile: OnPakFileMounted2Time == 0.000048
[2026.04.01-18.43.27:305][  0]LogPakFile: PakFile PrimaryIndexSize=183
[2026.04.01-18.43.27:305][  0]LogPakFile: PakFile PathHashIndexSize=101
[2026.04.01-18.43.27:305][  0]LogPakFile: PakFile FullDirectoryIndexSize=140
[2026.04.01-18.43.27:305][  0]LogShaderLibrary: Display: ShaderCodeLibraryPakFileMountedCallback: PakFile 'C:/Program Files/Epic Games/UE_4.27/FeaturePacks/TP_Rolling.upack' (chunk index -1, root 'root:/') mounted
[2026.04.01-18.43.27:305][  0]LogShaderLibrary: Display: ShaderCodeLibraryPakFileMountedCallback: pending pak file info (ChunkID:-1 Root:root:/ File:C:/Program Files/Epic Games/UE_4.27/FeaturePacks/TP_Rolling.upack)
[2026.04.01-18.43.27:305][  0]LogPakFile: OnPakFileMounted2Time == 0.000037
[2026.04.01-18.43.27:306][  0]LogPakFile: PakFile PrimaryIndexSize=185
[2026.04.01-18.43.27:306][  0]LogPakFile: PakFile PathHashIndexSize=101
[2026.04.01-18.43.27:306][  0]LogPakFile: PakFile FullDirectoryIndexSize=144
[2026.04.01-18.43.27:306][  0]LogShaderLibrary: Display: ShaderCodeLibraryPakFileMountedCallback: PakFile 'C:/Program Files/Epic Games/UE_4.27/FeaturePacks/TP_RollingBP.upack' (chunk index -1, root 'root:/') mounted
[2026.04.01-18.43.27:306][  0]LogShaderLibrary: Display: ShaderCodeLibraryPakFileMountedCallback: pending pak file info (ChunkID:-1 Root:root:/ File:C:/Program Files/Epic Games/UE_4.27/FeaturePacks/TP_RollingBP.upack)
[2026.04.01-18.43.27:306][  0]LogPakFile: OnPakFileMounted2Time == 0.000036
[2026.04.01-18.43.27:308][  0]LogPakFile: PakFile PrimaryIndexSize=188
[2026.04.01-18.43.27:308][  0]LogPakFile: PakFile PathHashIndexSize=101
[2026.04.01-18.43.27:308][  0]LogPakFile: PakFile FullDirectoryIndexSize=150
[2026.04.01-18.43.27:308][  0]LogShaderLibrary: Display: ShaderCodeLibraryPakFileMountedCallback: PakFile 'C:/Program Files/Epic Games/UE_4.27/FeaturePacks/TP_SideScroller.upack' (chunk index -1, root 'root:/') mounted
[2026.04.01-18.43.27:308][  0]LogShaderLibrary: Display: ShaderCodeLibraryPakFileMountedCallback: pending pak file info (ChunkID:-1 Root:root:/ File:C:/Program Files/Epic Games/UE_4.27/FeaturePacks/TP_SideScroller.upack)
[2026.04.01-18.43.27:308][  0]LogPakFile: OnPakFileMounted2Time == 0.000062
[2026.04.01-18.43.27:309][  0]LogPakFile: PakFile PrimaryIndexSize=190
[2026.04.01-18.43.27:309][  0]LogPakFile: PakFile PathHashIndexSize=101
[2026.04.01-18.43.27:309][  0]LogPakFile: PakFile FullDirectoryIndexSize=154
[2026.04.01-18.43.27:309][  0]LogShaderLibrary: Display: ShaderCodeLibraryPakFileMountedCallback: PakFile 'C:/Program Files/Epic Games/UE_4.27/FeaturePacks/TP_SideScrollerBP.upack' (chunk index -1, root 'root:/') mounted
[2026.04.01-18.43.27:309][  0]LogShaderLibrary: Display: ShaderCodeLibraryPakFileMountedCallback: pending pak file info (ChunkID:-1 Root:root:/ File:C:/Program Files/Epic Games/UE_4.27/FeaturePacks/TP_SideScrollerBP.upack)
[2026.04.01-18.43.27:309][  0]LogPakFile: OnPakFileMounted2Time == 0.000043
[2026.04.01-18.43.27:311][  0]LogPakFile: PakFile PrimaryIndexSize=187
[2026.04.01-18.43.27:311][  0]LogPakFile: PakFile PathHashIndexSize=101
[2026.04.01-18.43.27:311][  0]LogPakFile: PakFile FullDirectoryIndexSize=148
[2026.04.01-18.43.27:311][  0]LogShaderLibrary: Display: ShaderCodeLibraryPakFileMountedCallback: PakFile 'C:/Program Files/Epic Games/UE_4.27/FeaturePacks/TP_ThirdPerson.upack' (chunk index -1, root 'root:/') mounted
[2026.04.01-18.43.27:311][  0]LogShaderLibrary: Display: ShaderCodeLibraryPakFileMountedCallback: pending pak file info (ChunkID:-1 Root:root:/ File:C:/Program Files/Epic Games/UE_4.27/FeaturePacks/TP_ThirdPerson.upack)
[2026.04.01-18.43.27:311][  0]LogPakFile: OnPakFileMounted2Time == 0.000042
[2026.04.01-18.43.27:313][  0]LogPakFile: PakFile PrimaryIndexSize=189
[2026.04.01-18.43.27:313][  0]LogPakFile: PakFile PathHashIndexSize=101
[2026.04.01-18.43.27:313][  0]LogPakFile: PakFile FullDirectoryIndexSize=152
[2026.04.01-18.43.27:313][  0]LogShaderLibrary: Display: ShaderCodeLibraryPakFileMountedCallback: PakFile 'C:/Program Files/Epic Games/UE_4.27/FeaturePacks/TP_ThirdPersonBP.upack' (chunk index -1, root 'root:/') mounted
[2026.04.01-18.43.27:313][  0]LogShaderLibrary: Display: ShaderCodeLibraryPakFileMountedCallback: pending pak file info (ChunkID:-1 Root:root:/ File:C:/Program Files/Epic Games/UE_4.27/FeaturePacks/TP_ThirdPersonBP.upack)
[2026.04.01-18.43.27:313][  0]LogPakFile: OnPakFileMounted2Time == 0.000040
[2026.04.01-18.43.27:314][  0]LogPakFile: PakFile PrimaryIndexSize=183
[2026.04.01-18.43.27:314][  0]LogPakFile: PakFile PathHashIndexSize=101
[2026.04.01-18.43.27:314][  0]LogPakFile: PakFile FullDirectoryIndexSize=140
[2026.04.01-18.43.27:314][  0]LogShaderLibrary: Display: ShaderCodeLibraryPakFileMountedCallback: PakFile 'C:/Program Files/Epic Games/UE_4.27/FeaturePacks/TP_TopDown.upack' (chunk index -1, root 'root:/') mounted
[2026.04.01-18.43.27:314][  0]LogShaderLibrary: Display: ShaderCodeLibraryPakFileMountedCallback: pending pak file info (ChunkID:-1 Root:root:/ File:C:/Program Files/Epic Games/UE_4.27/FeaturePacks/TP_TopDown.upack)
[2026.04.01-18.43.27:314][  0]LogPakFile: OnPakFileMounted2Time == 0.000047
[2026.04.01-18.43.27:316][  0]LogPakFile: PakFile PrimaryIndexSize=185
[2026.04.01-18.43.27:316][  0]LogPakFile: PakFile PathHashIndexSize=101
[2026.04.01-18.43.27:316][  0]LogPakFile: PakFile FullDirectoryIndexSize=144
[2026.04.01-18.43.27:316][  0]LogShaderLibrary: Display: ShaderCodeLibraryPakFileMountedCallback: PakFile 'C:/Program Files/Epic Games/UE_4.27/FeaturePacks/TP_TopDownBP.upack' (chunk index -1, root 'root:/') mounted
[2026.04.01-18.43.27:316][  0]LogShaderLibrary: Display: ShaderCodeLibraryPakFileMountedCallback: pending pak file info (ChunkID:-1 Root:root:/ File:C:/Program Files/Epic Games/UE_4.27/FeaturePacks/TP_TopDownBP.upack)
[2026.04.01-18.43.27:316][  0]LogPakFile: OnPakFileMounted2Time == 0.000044
[2026.04.01-18.43.27:318][  0]LogPakFile: PakFile PrimaryIndexSize=185
[2026.04.01-18.43.27:318][  0]LogPakFile: PakFile PathHashIndexSize=101
[2026.04.01-18.43.27:318][  0]LogPakFile: PakFile FullDirectoryIndexSize=144
[2026.04.01-18.43.27:318][  0]LogShaderLibrary: Display: ShaderCodeLibraryPakFileMountedCallback: PakFile 'C:/Program Files/Epic Games/UE_4.27/FeaturePacks/TP_TwinStick.upack' (chunk index -1, root 'root:/') mounted
[2026.04.01-18.43.27:318][  0]LogShaderLibrary: Display: ShaderCodeLibraryPakFileMountedCallback: pending pak file info (ChunkID:-1 Root:root:/ File:C:/Program Files/Epic Games/UE_4.27/FeaturePacks/TP_TwinStick.upack)
[2026.04.01-18.43.27:318][  0]LogPakFile: OnPakFileMounted2Time == 0.000037
[2026.04.01-18.43.27:319][  0]LogPakFile: PakFile PrimaryIndexSize=187
[2026.04.01-18.43.27:319][  0]LogPakFile: PakFile PathHashIndexSize=101
[2026.04.01-18.43.27:319][  0]LogPakFile: PakFile FullDirectoryIndexSize=148
[2026.04.01-18.43.27:319][  0]LogShaderLibrary: Display: ShaderCodeLibraryPakFileMountedCallback: PakFile 'C:/Program Files/Epic Games/UE_4.27/FeaturePacks/TP_TwinStickBP.upack' (chunk index -1, root 'root:/') mounted
[2026.04.01-18.43.27:319][  0]LogShaderLibrary: Display: ShaderCodeLibraryPakFileMountedCallback: pending pak file info (ChunkID:-1 Root:root:/ File:C:/Program Files/Epic Games/UE_4.27/FeaturePacks/TP_TwinStickBP.upack)
[2026.04.01-18.43.27:319][  0]LogPakFile: OnPakFileMounted2Time == 0.000037
[2026.04.01-18.43.27:321][  0]LogPakFile: PakFile PrimaryIndexSize=183
[2026.04.01-18.43.27:321][  0]LogPakFile: PakFile PathHashIndexSize=101
[2026.04.01-18.43.27:321][  0]LogPakFile: PakFile FullDirectoryIndexSize=140
[2026.04.01-18.43.27:321][  0]LogShaderLibrary: Display: ShaderCodeLibraryPakFileMountedCallback: PakFile 'C:/Program Files/Epic Games/UE_4.27/FeaturePacks/TP_Vehicle.upack' (chunk index -1, root 'root:/') mounted
[2026.04.01-18.43.27:321][  0]LogShaderLibrary: Display: ShaderCodeLibraryPakFileMountedCallback: pending pak file info (ChunkID:-1 Root:root:/ File:C:/Program Files/Epic Games/UE_4.27/FeaturePacks/TP_Vehicle.upack)
[2026.04.01-18.43.27:321][  0]LogPakFile: OnPakFileMounted2Time == 0.000038
[2026.04.01-18.43.27:322][  0]LogPakFile: PakFile PrimaryIndexSize=186
[2026.04.01-18.43.27:322][  0]LogPakFile: PakFile PathHashIndexSize=101
[2026.04.01-18.43.27:322][  0]LogPakFile: PakFile FullDirectoryIndexSize=146
[2026.04.01-18.43.27:322][  0]LogShaderLibrary: Display: ShaderCodeLibraryPakFileMountedCallback: PakFile 'C:/Program Files/Epic Games/UE_4.27/FeaturePacks/TP_VehicleAdv.upack' (chunk index -1, root 'root:/') mounted
[2026.04.01-18.43.27:322][  0]LogShaderLibrary: Display: ShaderCodeLibraryPakFileMountedCallback: pending pak file info (ChunkID:-1 Root:root:/ File:C:/Program Files/Epic Games/UE_4.27/FeaturePacks/TP_VehicleAdv.upack)
[2026.04.01-18.43.27:322][  0]LogPakFile: OnPakFileMounted2Time == 0.000038
[2026.04.01-18.43.27:323][  0]LogPakFile: PakFile PrimaryIndexSize=188
[2026.04.01-18.43.27:323][  0]LogPakFile: PakFile PathHashIndexSize=101
[2026.04.01-18.43.27:323][  0]LogPakFile: PakFile FullDirectoryIndexSize=150
[2026.04.01-18.43.27:323][  0]LogShaderLibrary: Display: ShaderCodeLibraryPakFileMountedCallback: PakFile 'C:/Program Files/Epic Games/UE_4.27/FeaturePacks/TP_VehicleAdvBP.upack' (chunk index -1, root 'root:/') mounted
[2026.04.01-18.43.27:323][  0]LogShaderLibrary: Display: ShaderCodeLibraryPakFileMountedCallback: pending pak file info (ChunkID:-1 Root:root:/ File:C:/Program Files/Epic Games/UE_4.27/FeaturePacks/TP_VehicleAdvBP.upack)
[2026.04.01-18.43.27:323][  0]LogPakFile: OnPakFileMounted2Time == 0.000036
[2026.04.01-18.43.27:325][  0]LogPakFile: PakFile PrimaryIndexSize=185
[2026.04.01-18.43.27:325][  0]LogPakFile: PakFile PathHashIndexSize=101
[2026.04.01-18.43.27:325][  0]LogPakFile: PakFile FullDirectoryIndexSize=144
[2026.04.01-18.43.27:325][  0]LogShaderLibrary: Display: ShaderCodeLibraryPakFileMountedCallback: PakFile 'C:/Program Files/Epic Games/UE_4.27/FeaturePacks/TP_VehicleBP.upack' (chunk index -1, root 'root:/') mounted
[2026.04.01-18.43.27:325][  0]LogShaderLibrary: Display: ShaderCodeLibraryPakFileMountedCallback: pending pak file info (ChunkID:-1 Root:root:/ File:C:/Program Files/Epic Games/UE_4.27/FeaturePacks/TP_VehicleBP.upack)
[2026.04.01-18.43.27:325][  0]LogPakFile: OnPakFileMounted2Time == 0.000047
[2026.04.01-18.43.27:327][  0]LogPakFile: PakFile PrimaryIndexSize=192
[2026.04.01-18.43.27:327][  0]LogPakFile: PakFile PathHashIndexSize=101
[2026.04.01-18.43.27:327][  0]LogPakFile: PakFile FullDirectoryIndexSize=158
[2026.04.01-18.43.27:327][  0]LogShaderLibrary: Display: ShaderCodeLibraryPakFileMountedCallback: PakFile 'C:/Program Files/Epic Games/UE_4.27/FeaturePacks/TP_VirtualRealityBP.upack' (chunk index -1, root 'root:/') mounted
[2026.04.01-18.43.27:327][  0]LogShaderLibrary: Display: ShaderCodeLibraryPakFileMountedCallback: pending pak file info (ChunkID:-1 Root:root:/ File:C:/Program Files/Epic Games/UE_4.27/FeaturePacks/TP_VirtualRealityBP.upack)
[2026.04.01-18.43.27:327][  0]LogPakFile: OnPakFileMounted2Time == 0.000044
[2026.04.01-18.43.27:549][  0]LogNativeClassHierarchy: Verbose: Native class hierarchy updated for 'AddContentDialog' in 0.0003 seconds. Added 0 classes and 0 folders.
[2026.04.01-18.43.27:551][  0]LogNativeClassHierarchy: Verbose: Native class hierarchy updated for 'SceneOutliner' in 0.0003 seconds. Added 2 classes and 0 folders.
[2026.04.01-18.43.27:710][  0]LogSlate: Took 0.000970 seconds to synchronously load lazily loaded font '../../../Engine/Content/Editor/Slate/Fonts/FontAwesome.ttf' (139K)
[2026.04.01-18.43.27:712][  0]LogSlate: Took 0.000251 seconds to synchronously load lazily loaded font '../../../Engine/Content/Slate/Fonts/Roboto-Bold.ttf' (160K)
[2026.04.01-18.43.27:771][  0]LogRenderer: Reallocating scene render targets to support 1116x404 Format 9 NumSamples 1 (Frame:1).
[2026.04.01-18.43.27:966][  0]LogSlate: Took 0.000821 seconds to synchronously load lazily loaded font '../../../Engine/Content/Slate/Fonts/Roboto-Light.ttf' (167K)
[2026.04.01-18.43.28:036][  0]LogNativeClassHierarchy: Verbose: Native class hierarchy updated for 'HierarchicalLODOutliner' in 0.0003 seconds. Added 0 classes and 0 folders.
[2026.04.01-18.43.28:036][  0]LogLoad: (Engine Initialization) Total time: 28.18 seconds
[2026.04.01-18.43.28:036][  0]LogLoad: (Engine Initialization) Total Blueprint compile time: 0.00 seconds
[2026.04.01-18.43.28:058][  0]LogSlate: Last resort fallback font was requested. Font: '/Game/Carton_Six.Carton_Six', Character: '_ (U+005f)'
[2026.04.01-18.43.28:068][  0]LogSlate: Took 0.009065 seconds to synchronously load lazily loaded font '../../../Engine/Content/SlateDebug/Fonts/LastResort.ttf' (5269K)
[2026.04.01-18.43.28:111][  0]LogAssetRegistry: Asset discovery search completed in 24.0657 seconds
[2026.04.01-18.43.28:119][  0]LogCollectionManager: Fixed up redirectors for 0 collections in 0.000005 seconds (updated 0 objects)
[2026.04.01-18.43.28:132][  0]LogContentStreaming: Texture pool size now 400 MB
[2026.04.01-18.43.28:142][  0]LogSlate: Took 0.000131 seconds to synchronously load lazily loaded font '../../../Engine/Content/Slate/Fonts/Roboto-Light.ttf' (167K)
[2026.04.01-18.43.34:193][254]LogUObjectHash: Compacting FUObjectHashTables data took   0.95ms
[2026.04.01-18.43.34:204][254]LogPlayLevel: Launcher Device ID: WindowsNoEditor@WIN-O5Q6NLQMTLB
[2026.04.01-18.43.34:216][254]LogPlayLevel: PlayLevel: No blueprints needed recompiling
[2026.04.01-18.43.34:218][254]LogCook: Display: Creating asset registry
[2026.04.01-18.43.34:282][254]LogCook: Display: Discovering localized assets for cultures: en
[2026.04.01-18.43.34:286][254]LogCook: Display: Unable to read previous cook inisettings for platform WindowsNoEditor invalidating cook
[2026.04.01-18.43.34:286][254]LogCook: Display: Clearing all cooked content for platform WindowsNoEditor
[2026.04.01-18.43.34:300][254]LogCook: Display: Sandbox cleanup took 0.015 seconds for platforms WindowsNoEditor
[2026.04.01-18.43.35:615][254]LogShaderLibrary: Display: 
[2026.04.01-18.43.35:615][254]LogShaderLibrary: Display: Shader Library 'Global' (PCD3D_SM5) Stats:
[2026.04.01-18.43.35:615][254]LogShaderLibrary: Display: =================
[2026.04.01-18.43.35:617][254]LogShaderLibrary: Display: Assets: 1, Unique Shadermaps: 191 (19100.00%)
[2026.04.01-18.43.35:617][254]LogShaderLibrary: Display: Total Shaders: 1962, Unique Shaders: 1951 (99.44%)
[2026.04.01-18.43.35:617][254]LogShaderLibrary: Display: Total Shader Size: 5.10mb, Unique Shaders Size: 5.09mb (99.93%)
[2026.04.01-18.43.35:617][254]LogShaderLibrary: Display: === Extended info:
[2026.04.01-18.43.35:617][254]LogShaderLibrary: Display: Minimum number of shaders in shadermap: 1
[2026.04.01-18.43.35:617][254]LogShaderLibrary: Display: Median number of shaders in shadermap: 3
[2026.04.01-18.43.35:617][254]LogShaderLibrary: Display: Maximum number of shaders in shadermap: 264
[2026.04.01-18.43.35:617][254]LogShaderLibrary: Display: Number of shadermaps referencing top 10 most shared shaders:
[2026.04.01-18.43.35:617][254]LogShaderLibrary: Display:     3, 3, 2, 2, 2, 2, 2, 2, 2, 1
[2026.04.01-18.43.35:620][254]LogShaderLibrary: Display: Textual dump saved to '../../../../../../Users/User/Documents/Unreal Projects/Playtime_Multiplayer/Saved/Shaders/PCD3D_SM5/ShaderDebug-Global-PCD3D_SM5/Dump.txt'
[2026.04.01-18.43.35:620][254]LogShaderLibrary: Display: =================
[2026.04.01-18.43.35:627][254]LogLauncherProfile: Unable to find any targets for platform WindowsNoEditor - forcing build
[2026.04.01-18.43.35:629][254]LogLauncherProfile: Unable to find any targets for platform WindowsNoEditor - forcing build
[2026.04.01-18.43.35:699][255]LogCook: Display: Cooked packages 0 Packages Remain 65 Total 65
[2026.04.01-18.43.35:699][255]LogCook: Display: Cook Diagnostics: OpenFileHandles=429, VirtualMemory=1227MiB
[2026.04.01-18.43.35:727][255]LogNativeClassHierarchy: Verbose: Native class hierarchy updated for 'BlueprintNativeCodeGen' in 0.0003 seconds. Added 0 classes and 0 folders.
[2026.04.01-18.43.35:863][255]LogPackageLocalizationCache: Processed 27 localized package path(s) for 1 prioritized culture(s) in 0.068482 seconds
[2026.04.01-18.43.35:863][255]LogCook: Display: Cooked packages 22 Packages Remain 434 Total 456
[2026.04.01-18.43.36:175][256]LogUObjectHash: Compacting FUObjectHashTables data took   0.69ms
[2026.04.01-18.43.37:858][268]LogCook: Display: Cooked packages 213 Packages Remain 243 Total 456
[2026.04.01-18.43.40:030][283]LogCook: Display: Cooked packages 420 Packages Remain 39 Total 459
[2026.04.01-18.43.41:782][290]LogUObjectHash: Compacting FUObjectHashTables data took   0.55ms
[2026.04.01-18.43.41:826][290]LogCook: Display: Cooked packages 444 Packages Remain 14 Total 458
[2026.04.01-18.43.41:925][292]LogCook: Display: Cooked packages 458 Packages Remain 0 Total 458
[2026.04.01-18.43.41:926][292]LogCook: Display: Cook Diagnostics: OpenFileHandles=460, VirtualMemory=1277MiB
[2026.04.01-18.43.41:926][292]LogCook: Display: Finishing up...
[2026.04.01-18.43.41:928][292]LogCook: Display: Saving BulkData manifest(s)...
[2026.04.01-18.43.41:929][292]LogCook: Display: Done saving BulkData manifest(s)
[2026.04.01-18.43.41:932][292]LogBlueprintCodeGen: Display: Nativization Summary - AnimBP:
[2026.04.01-18.43.41:932][292]LogBlueprintCodeGen: Display: Name, Children, Non-empty Functions (Empty Functions), Variables, FunctionUsage, VariableUsage
[2026.04.01-18.43.41:932][292]LogBlueprintCodeGen: Display: Nativization Summary - Shared Variables From Graph: 0
[2026.04.01-18.43.41:969][292]LogAssetRegistryGenerator: Starting FixupPackageDependenciesForChunks...
[2026.04.01-18.43.41:973][292]LogAssetRegistryGenerator: Chunk: 0, Started with 450 packages, Final after dependency resolve: 450
[2026.04.01-18.43.41:974][292]LogStats: ... FixupPackageDependenciesForChunks complete. -  0.005 s
[2026.04.01-18.43.41:975][292]LogAssetRegistryGenerator: Display: Saving asset registry v8.
[2026.04.01-18.43.41:991][292]LogAssetRegistryGenerator: Display: Generated asset registry num assets 463, size is 137.12kb
[2026.04.01-18.43.41:991][292]LogAssetRegistryGenerator: Display: Done saving asset registry.
[2026.04.01-18.43.42:038][292]LogShaderLibrary: Display: 
[2026.04.01-18.43.42:038][292]LogShaderLibrary: Display: Shader Library 'Playtime_Multiplayer' (PCD3D_SM5) Stats:
[2026.04.01-18.43.42:038][292]LogShaderLibrary: Display: =================
[2026.04.01-18.43.42:040][292]LogShaderLibrary: Display: Assets: 124, Unique Shadermaps: 114 (91.94%)
[2026.04.01-18.43.42:040][292]LogShaderLibrary: Display: Total Shaders: 4507, Unique Shaders: 2253 (49.99%)
[2026.04.01-18.43.42:040][292]LogShaderLibrary: Display: Total Shader Size: 8.09mb, Unique Shaders Size: 4.60mb (56.83%)
[2026.04.01-18.43.42:040][292]LogShaderLibrary: Display: === Extended info:
[2026.04.01-18.43.42:040][292]LogShaderLibrary: Display: Minimum number of shaders in shadermap: 2
[2026.04.01-18.43.42:040][292]LogShaderLibrary: Display: Median number of shaders in shadermap: 8
[2026.04.01-18.43.42:040][292]LogShaderLibrary: Display: Maximum number of shaders in shadermap: 493
[2026.04.01-18.43.42:040][292]LogShaderLibrary: Display: Number of shadermaps referencing top 10 most shared shaders:
[2026.04.01-18.43.42:040][292]LogShaderLibrary: Display:     48, 29, 27, 20, 19, 18, 15, 15, 15, 14
[2026.04.01-18.43.42:044][292]LogShaderLibrary: Display: Textual dump saved to '../../../../../../Users/User/Documents/Unreal Projects/Playtime_Multiplayer/Saved/Shaders/PCD3D_SM5/ShaderDebug-Playtime_Multiplayer-PCD3D_SM5/Dump.txt'
[2026.04.01-18.43.42:044][292]LogShaderLibrary: Display: =================
[2026.04.01-18.43.42:045][292]LogCook: Display: Cook by the book total time in tick 4.574954s total time 7.828604
[2026.04.01-18.43.42:045][292]LogCook: Display: Peak Used virtual 1458 MiB Peak Used physical 1551 MiB
[2026.04.01-18.43.42:045][292]LogCook: Display: Hierarchy Timer Information:
[2026.04.01-18.43.42:045][292]LogCook: Display:   Root: 0.000s (0)
[2026.04.01-18.43.42:045][292]LogCook: Display:     CleanSandbox: 0.015s (1)
[2026.04.01-18.43.42:045][292]LogCook: Display:       ProcessingAccessedStrings: 0.002s (1)
[2026.04.01-18.43.42:045][292]LogCook: Display:     CollectFilesToCook: 0.005s (1)
[2026.04.01-18.43.42:045][292]LogCook: Display:       CookModificationDelegate: 0.000s (1)
[2026.04.01-18.43.42:045][292]LogCook: Display:       SearchForPackageOnDisk: 0.000s (1)
[2026.04.01-18.43.42:045][292]LogCook: Display:     GenerateLongPackageName: 0.000s (1)
[2026.04.01-18.43.42:045][292]LogCook: Display:     TickCookOnTheSide: 4.575s (38)
[2026.04.01-18.43.42:045][292]LogCook: Display:       PostLoadPackageFixup: 0.003s (613)
[2026.04.01-18.43.42:045][292]LogCook: Display:       LoadPackageForCooking: 1.147s (459)
[2026.04.01-18.43.42:045][292]LogCook: Display:       SavingPackages: 3.422s (59)
[2026.04.01-18.43.42:045][292]LogCook: Display:         BeginPackageCacheForCookedPlatformData: 0.129s (51)
[2026.04.01-18.43.42:045][292]LogCook: Display:         PrecachePlatformDataForNextPackage: 2.074s (475)
[2026.04.01-18.43.42:045][292]LogCook: Display:           BeginPackageCacheForCookedPlatformData: 2.073s (428)
[2026.04.01-18.43.42:045][292]LogCook: Display:         SaveCookedPackage: 1.205s (458)
[2026.04.01-18.43.42:045][292]LogCook: Display:           GEditorSavePackage: 1.188s (458)
[2026.04.01-18.43.42:045][292]LogCook: Display:             ConvertingBlueprints: 0.006s (458)
[2026.04.01-18.43.42:045][292]LogCook: Display:             VerifyCanCookPackage: 0.002s (450)
[2026.04.01-18.43.42:045][292]LogCook: Display:     FinalizePackageStore: 0.001s (1)
[2026.04.01-18.43.42:045][292]LogCook: Display:     GeneratingBlueprintAssets: 0.004s (1)
[2026.04.01-18.43.42:045][292]LogCook: Display:     SavingCurrentIniSettings: 0.013s (1)
[2026.04.01-18.43.42:045][292]LogCook: Display:       ProcessingAccessedStrings: 0.002s (1)
[2026.04.01-18.43.42:045][292]LogCook: Display:     SavingAssetRegistry: 0.098s (1)
[2026.04.01-18.43.42:045][292]LogCook: Display:       BuildChunkManifest: 0.017s (1)
[2026.04.01-18.43.42:045][292]LogCook: Display:       SaveManifests: 0.005s (1)
[2026.04.01-18.43.42:045][292]LogCook: Display:       SaveRealAssetRegistry: 0.018s (1)
[2026.04.01-18.43.42:045][292]LogCook: Display:       WriteCookerOpenOrder: 0.024s (1)
[2026.04.01-18.43.42:045][292]LogCook: Display: Done!
[2026.04.01-18.43.42:069][294]LogPlayLevel: Completed Launch On Stage: Cooking in the editor, Time: 5.432097
[2026.04.01-18.43.42:589][313]LogPlayLevel: Completed Launch On Stage: Build Task, Time: 0.018638
[2026.04.01-18.43.42:680][313]LogAudioDerivedData: Display: Building compressed audio format OGG hash OGG10000-1-1-1-1-1 wave CompileFailed...
[2026.04.01-18.43.42:681][313]LogAudioDerivedData: Display: Compression Quality for SoundWave /Engine/EditorSounds/Notifications/CompileFailed.CompileFailed will be modified from 40 to 40.
[2026.04.01-18.43.42:728][313]LogAudioDerivedData: Display: Updated SoundWave->RawPCMDataSize from 0 to 89512 while cooking SoundWave /Engine/EditorSounds/Notifications/CompileFailed.CompileFailed.
[2026.04.01-18.43.48:551][794]LogPlayLevel: PlayLevel: No blueprints needed recompiling
[2026.04.01-18.43.48:557][794]PIE: New page: PIE session: Minimal_Default (2 апр. 2026 г., 00:43:48)
[2026.04.01-18.43.48:562][794]LogOnline: OSS: Creating online subsystem instance for: NULL
[2026.04.01-18.43.48:563][794]LogOnline: OSS: TryLoadSubsystemAndSetDefault: Loaded subsystem for module [NULL]
[2026.04.01-18.43.48:565][794]LogPlayLevel: Creating play world package: /Game/StarterContent/Maps/UEDPIE_0_Minimal_Default
[2026.04.01-18.43.48:575][794]LogPlayLevel: PIE: StaticDuplicateObject took: (0.009615s)
[2026.04.01-18.43.48:576][794]LogAIModule: Creating AISystem for world Minimal_Default
[2026.04.01-18.43.48:577][794]LogPlayLevel: PIE: World Init took: (0.002015s)
[2026.04.01-18.43.48:577][794]LogPlayLevel: PIE: Created PIE world by copying editor world from /Game/StarterContent/Maps/Minimal_Default.Minimal_Default to /Game/StarterContent/Maps/UEDPIE_0_Minimal_Default.Minimal_Default (0.012247s)
[2026.04.01-18.43.48:583][794]LogUObjectHash: Compacting FUObjectHashTables data took   0.73ms
[2026.04.01-18.43.48:587][794]LogAudio: Display: Creating Audio Device:                 Id: 2, Scope: Unique, Realtime: True
[2026.04.01-18.43.48:588][794]LogAudioMixer: Display: Audio Mixer Platform Settings:
[2026.04.01-18.43.48:588][794]LogAudioMixer: Display: 	Sample Rate:						  48000
[2026.04.01-18.43.48:588][794]LogAudioMixer: Display: 	Callback Buffer Frame Size Requested: 1024
[2026.04.01-18.43.48:588][794]LogAudioMixer: Display: 	Callback Buffer Frame Size To Use:	  1024
[2026.04.01-18.43.48:588][794]LogAudioMixer: Display: 	Number of buffers to queue:			  2
[2026.04.01-18.43.48:588][794]LogAudioMixer: Display: 	Max Channels (voices):				  32
[2026.04.01-18.43.48:588][794]LogAudioMixer: Display: 	Number of Async Source Workers:		  0
[2026.04.01-18.43.48:588][794]LogAudio: Display: AudioDevice MaxSources: 32
[2026.04.01-18.43.48:588][794]LogAudio: Display: Audio Spatialization Plugin: None (built-in).
[2026.04.01-18.43.48:588][794]LogAudio: Display: Audio Reverb Plugin: None (built-in).
[2026.04.01-18.43.48:588][794]LogAudio: Display: Audio Occlusion Plugin: None (built-in).
[2026.04.01-18.43.48:588][794]LogAudioMixer: Display: Initializing audio mixer.
[2026.04.01-18.43.48:592][794]LogAudioMixer: Display: 0: FrontLeft
[2026.04.01-18.43.48:592][794]LogAudioMixer: Display: 1: FrontRight
[2026.04.01-18.43.48:623][794]LogAudioMixer: Display: Using Audio Device Headphones (Realtek(R) Audio)
[2026.04.01-18.43.48:625][794]LogAudioMixer: Display: Initializing Sound Submixes...
[2026.04.01-18.43.48:625][794]LogAudioMixer: Display: Creating Master Submix 'MasterSubmixDefault'
[2026.04.01-18.43.48:625][794]LogAudioMixer: Display: Creating Master Submix 'MasterReverbSubmixDefault'
[2026.04.01-18.43.48:625][794]LogAudioMixer: Display: Creating Master Submix 'MasterEQSubmixDefault'
[2026.04.01-18.43.48:625][794]LogAudioMixer: FMixerPlatformXAudio2::StartAudioStream() called
[2026.04.01-18.43.48:625][794]LogAudioMixer: Display: Output buffers initialized: Frames=1024, Channels=2, Samples=2048
[2026.04.01-18.43.48:626][794]LogAudioMixer: Display: Starting AudioMixerPlatformInterface::RunInternal()
[2026.04.01-18.43.48:626][794]LogAudioMixer: Display: FMixerPlatformXAudio2::SubmitBuffer() called for the first time
[2026.04.01-18.43.48:626][794]LogInit: FAudioDevice initialized.
[2026.04.01-18.43.48:626][794]LogAudio: Display: Audio Device (ID: 2) registered with world 'Minimal_Default'.
[2026.04.01-18.43.48:673][794]LogSlate: Updating window title bar state: overlay mode, drag disabled, window buttons hidden, title bar hidden
[2026.04.01-18.43.48:675][794]LogLoad: Game class is 'FirstPersonGameMode_C'
[2026.04.01-18.43.48:682][794]LogWorld: Bringing World /Game/StarterContent/Maps/UEDPIE_0_Minimal_Default.Minimal_Default up for play (max tick rate 0) at 2026.04.01-21.43.48
[2026.04.01-18.43.48:685][794]LogWorld: Bringing up level for play took: 0.002556
[2026.04.01-18.43.48:686][794]LogOnline: OSS: Creating online subsystem instance for: :Context_1
[2026.04.01-18.43.48:702][794]LogNativeClassHierarchy: Verbose: Native class hierarchy updated for 'MovieSceneCapture' in 0.0005 seconds. Added 20 classes and 0 folders.
[2026.04.01-18.43.48:731][794]PIE: Server logged in
[2026.04.01-18.43.48:732][794]PIE: Play in editor total start time 0,184 seconds.
[2026.04.01-18.43.48:895][795]LogRenderer: Reallocating scene render targets to support 1116x492 Format 9 NumSamples 1 (Frame:1).
[2026.04.01-18.43.54:630][128]LogSlate: Window 'Playtime_Multiplayer Preview [NetMode: Standalone]  (64-bit/Windows) ' being destroyed
[2026.04.01-18.43.54:657][128]LogWorld: BeginTearingDown for /Game/StarterContent/Maps/UEDPIE_0_Minimal_Default
[2026.04.01-18.43.54:702][128]LogWorld: UWorld::CleanupWorld for Minimal_Default, bSessionEnded=true, bCleanupResources=true
[2026.04.01-18.43.54:703][128]LogSlate: InvalidateAllWidgets triggered.  All widgets were invalidated
[2026.04.01-18.43.54:714][128]LogPlayLevel: Display: Shutting down PIE online subsystems
[2026.04.01-18.43.54:717][128]LogSlate: InvalidateAllWidgets triggered.  All widgets were invalidated
[2026.04.01-18.43.54:730][128]LogAudio: Display: Audio Device unregistered from world 'None'.
[2026.04.01-18.43.54:734][128]LogAudioMixer: FMixerPlatformXAudio2::StopAudioStream() called
[2026.04.01-18.43.54:742][128]LogAudioMixer: FMixerPlatformXAudio2::StopAudioStream() called
[2026.04.01-18.43.54:761][128]LogUObjectHash: Compacting FUObjectHashTables data took   0.90ms
[2026.04.01-18.43.54:782][129]LogPlayLevel: Display: Destroying online subsystem :Context_1
[2026.04.01-18.44.01:491][505]LogAssetEditorSubsystem: Opening Asset editor for WidgetBlueprint /Game/Widgets/Buttons.Buttons
[2026.04.01-18.44.01:831][505]LogNativeClassHierarchy: Verbose: Native class hierarchy updated for 'BlueprintGraph' in 0.0007 seconds. Added 126 classes and 0 folders.
[2026.04.01-18.44.03:830][505]LogSlate: Took 0.000800 seconds to synchronously load lazily loaded font '../../../Engine/Content/Slate/Fonts/Roboto-BoldCondensed.ttf' (158K)
[2026.04.01-18.44.03:860][506]LogTexture: Display: Building textures: Blueprint_64x (BGRA8, 64X64)
[2026.04.01-18.48.03:298][309]Cmd: OBJ SAVEPACKAGE PACKAGE="/Game/Widgets/Buttons" FILE="../../../../../../Users/User/Documents/Unreal Projects/Playtime_Multiplayer/Content/Widgets/Buttons.uasset" SILENT=true
[2026.04.01-18.48.03:332][309]LogSavePackage: Moving '../../../../../../Users/User/Documents/Unreal Projects/Playtime_Multiplayer/Saved/Buttons5D95E7664C45B980737584BE5E741997.tmp' to '../../../../../../Users/User/Documents/Unreal Projects/Playtime_Multiplayer/Content/Widgets/Buttons.uasset'
[2026.04.01-18.48.03:357][309]AssetCheck: New page: Asset Save: Buttons
[2026.04.01-18.48.03:357][309]LogContentValidation: Display: Validating WidgetBlueprint /Game/Widgets/Buttons.Buttons
[2026.04.01-18.48.05:591][442]LogUObjectHash: Compacting FUObjectHashTables data took   4.43ms
[2026.04.01-18.48.06:566][506]LogUObjectHash: Compacting FUObjectHashTables data took   2.68ms
[2026.04.01-18.48.07:490][565]LogUObjectHash: Compacting FUObjectHashTables data took   0.72ms
[2026.04.01-18.48.07:509][565]LogSavePackage: Moving '../../../../../../Users/User/Documents/Unreal Projects/Playtime_Multiplayer/Saved/Minimal_DefaultEE68262F48ADEEB8345B55B0C556B815.tmp' to '../../../../../../Users/User/Documents/Unreal Projects/Playtime_Multiplayer/Content/StarterContent/Maps/Minimal_Default.umap'
[2026.04.01-18.48.07:575][565]LogSavePackage: Moving '../../../../../../Users/User/Documents/Unreal Projects/Playtime_Multiplayer/Saved/Minimal_Default_BuiltDataCE09D61D42613A6AF42B73831E316EE5.tmp' to '../../../../../../Users/User/Documents/Unreal Projects/Playtime_Multiplayer/Content/StarterContent/Maps/Minimal_Default_BuiltData.uasset'
[2026.04.01-18.48.07:595][565]AssetCheck: New page: Asset Save: multiple assets
[2026.04.01-18.48.07:595][565]LogContentValidation: Display: Validating MapBuildDataRegistry /Game/StarterContent/Maps/Minimal_Default_BuiltData.Minimal_Default_BuiltData
[2026.04.01-18.48.07:595][565]LogContentValidation: Display: Validating World /Game/StarterContent/Maps/Minimal_Default.Minimal_Default
[2026.04.01-18.48.26:468][287]LogFactory: FactoryCreateFile: Texture with ReimportTextureFactory (0 0 C:\Users\User\Pictures\Mob Partner_s in Crime (Youtube Partners) _Archive_\Logos\Project Playtime\project_playtime_logo.png)
[2026.04.01-18.48.26:563][287]LogTexture: Display: Building textures: project_playtime_logo (OODLE_AutoDXT, 1920X1080)
[2026.04.01-18.48.26:761][287]LogTextureFormatOodle: Display: non-RDO encode 1920 x 1080 x 1 to format OODLE_AutoDXT (Oodle OodleTex_BC3) lambda=0 effort=20 
[2026.04.01-18.48.30:318][322]LogFactory: FactoryCreateFile: Texture with ReimportTextureFactory (0 0 C:\Users\User\Desktop\FModel\Output\Exports\Playtime_Multiplayer\Content\Interface\MainMenu\Textures\ToyBox\Level_Progress_Bar\Progress_Bar.png)
[2026.04.01-18.48.30:332][322]LogTexture: Display: Building textures: Progress_Bar (OODLE_AutoDXT, 1024X1024)
[2026.04.01-18.48.30:376][322]LogTextureFormatOodle: Display: non-RDO encode 1024 x 1024 x 1 to format OODLE_AutoDXT (Oodle OodleTex_BC3) lambda=0 effort=20 
[2026.04.01-18.48.30:376][322]LogFactory: FactoryCreateFile: Texture with ReimportTextureFactory (0 0 C:\Users\User\Desktop\FModel\Output\Exports\Playtime_Multiplayer\Content\Interface\MainMenu\Textures\ToyBox\Level_Progress_Bar\Progress_Frame.png)
[2026.04.01-18.48.30:388][322]LogTexture: Display: Building textures: Progress_Frame (OODLE_AutoDXT, 1024X1024)
[2026.04.01-18.48.30:415][322]LogTextureFormatOodle: Display: non-RDO encode 1024 x 1024 x 1 to format OODLE_AutoDXT (Oodle OodleTex_BC3) lambda=0 effort=20 
[2026.04.01-18.48.30:415][322]LogFactory: FactoryCreateFile: Texture with ReimportTextureFactory (0 0 C:\Users\User\Desktop\FModel\Output\Exports\Playtime_Multiplayer\Content\Interface\MainMenu\Textures\ToyBox\Level_Progress_Bar\Progress_Background.png)
[2026.04.01-18.48.30:427][322]LogTexture: Display: Building textures: Progress_Background (OODLE_AutoDXT, 1024X1024)
[2026.04.01-18.48.30:466][322]LogTextureFormatOodle: Display: non-RDO encode 1024 x 1024 x 1 to format OODLE_AutoDXT (Oodle OodleTex_BC3) lambda=0 effort=20 
[2026.04.01-18.49.02:469][943]BlueprintLog: New page: Compile Buttons
[2026.04.01-18.49.02:515][943]LogUObjectHash: Compacting FUObjectHashTables data took   4.20ms
[2026.04.01-18.49.04:033][  3]LogUObjectHash: Compacting FUObjectHashTables data took   4.51ms
[2026.04.01-18.49.05:045][  3]LogSlate: Window 'Save Content' being destroyed
[2026.04.01-18.49.05:072][  3]Cmd: OBJ SAVEPACKAGE PACKAGE="/Game/Widgets/Buttons" FILE="../../../../../../Users/User/Documents/Unreal Projects/Playtime_Multiplayer/Content/Widgets/Buttons.uasset" SILENT=true
[2026.04.01-18.49.05:085][  3]LogSavePackage: Moving '../../../../../../Users/User/Documents/Unreal Projects/Playtime_Multiplayer/Saved/Buttons3B75C7B24FFE51FD2656DDA4B22548A8.tmp' to '../../../../../../Users/User/Documents/Unreal Projects/Playtime_Multiplayer/Content/Widgets/Buttons.uasset'
[2026.04.01-18.49.05:113][  3]LogSavePackage: Moving '../../../../../../Users/User/Documents/Unreal Projects/Playtime_Multiplayer/Saved/Progress_BackgroundDAD5ECD846D18C29612F249858D890D8.tmp' to '../../../../../../Users/User/Documents/Unreal Projects/Playtime_Multiplayer/Content/Widgets/textures/Progress_Background.uasset'
[2026.04.01-18.49.05:142][  3]LogSavePackage: Moving '../../../../../../Users/User/Documents/Unreal Projects/Playtime_Multiplayer/Saved/Progress_Bar1BA8F69D495A38EB4A6AB58998B0A9B8.tmp' to '../../../../../../Users/User/Documents/Unreal Projects/Playtime_Multiplayer/Content/Widgets/textures/Progress_Bar.uasset'
[2026.04.01-18.49.05:166][  3]LogSavePackage: Moving '../../../../../../Users/User/Documents/Unreal Projects/Playtime_Multiplayer/Saved/Progress_Frame6CE270004A574246697E5F96B4E12426.tmp' to '../../../../../../Users/User/Documents/Unreal Projects/Playtime_Multiplayer/Content/Widgets/textures/Progress_Frame.uasset'
[2026.04.01-18.49.05:225][  3]LogSavePackage: Moving '../../../../../../Users/User/Documents/Unreal Projects/Playtime_Multiplayer/Saved/project_playtime_logoF4454ACE4CAF6FC5AC25E094B3E2C9A6.tmp' to '../../../../../../Users/User/Documents/Unreal Projects/Playtime_Multiplayer/Content/Widgets/textures/project_playtime_logo.uasset'
[2026.04.01-18.49.05:243][  3]AssetCheck: New page: Asset Save: multiple assets
[2026.04.01-18.49.05:243][  3]LogContentValidation: Display: Validating WidgetBlueprint /Game/Widgets/Buttons.Buttons
[2026.04.01-18.49.05:245][  3]LogContentValidation: Display: Validating Texture2D /Game/Widgets/textures/Progress_Background.Progress_Background
[2026.04.01-18.49.05:245][  3]LogContentValidation: Display: Validating Texture2D /Game/Widgets/textures/Progress_Frame.Progress_Frame
[2026.04.01-18.49.05:245][  3]LogContentValidation: Display: Validating Texture2D /Game/Widgets/textures/Progress_Bar.Progress_Bar
[2026.04.01-18.49.05:245][  3]LogContentValidation: Display: Validating Texture2D /Game/Widgets/textures/project_playtime_logo.project_playtime_logo
[2026.04.01-18.49.06:406][ 61]LogUObjectHash: Compacting FUObjectHashTables data took   2.68ms
[2026.04.01-18.49.06:421][ 61]LogSavePackage: Moving '../../../../../../Users/User/Documents/Unreal Projects/Playtime_Multiplayer/Saved/Minimal_DefaultD2E5D5514ACEF0D972700D9D828E76A6.tmp' to '../../../../../../Users/User/Documents/Unreal Projects/Playtime_Multiplayer/Content/StarterContent/Maps/Minimal_Default.umap'
[2026.04.01-18.49.06:461][ 61]LogSavePackage: Moving '../../../../../../Users/User/Documents/Unreal Projects/Playtime_Multiplayer/Saved/Minimal_Default_BuiltData36B740FC497ABCA438C21783C82A0D04.tmp' to '../../../../../../Users/User/Documents/Unreal Projects/Playtime_Multiplayer/Content/StarterContent/Maps/Minimal_Default_BuiltData.uasset'
[2026.04.01-18.49.06:478][ 61]AssetCheck: New page: Asset Save: multiple assets
[2026.04.01-18.49.06:478][ 61]LogContentValidation: Display: Validating MapBuildDataRegistry /Game/StarterContent/Maps/Minimal_Default_BuiltData.Minimal_Default_BuiltData
[2026.04.01-18.49.06:478][ 61]LogContentValidation: Display: Validating World /Game/StarterContent/Maps/Minimal_Default.Minimal_Default
[2026.04.01-18.50.36:106][702]BlueprintLog: New page: Compile Buttons
[2026.04.01-18.50.36:152][702]LogUObjectHash: Compacting FUObjectHashTables data took   4.55ms
[2026.04.01-18.50.37:508][767]LogTemp: Repeating last play command: New Editor Window (PIE)
[2026.04.01-18.50.37:513][767]LogPlayLevel: PlayLevel: No blueprints needed recompiling
[2026.04.01-18.50.37:513][767]PIE: New page: PIE session: Minimal_Default (2 апр. 2026 г., 00:50:37)
[2026.04.01-18.50.37:513][767]LogPlayLevel: Creating play world package: /Game/StarterContent/Maps/UEDPIE_0_Minimal_Default
[2026.04.01-18.50.37:518][767]LogPlayLevel: PIE: StaticDuplicateObject took: (0.004408s)
[2026.04.01-18.50.37:520][767]LogAIModule: Creating AISystem for world Minimal_Default
[2026.04.01-18.50.37:520][767]LogPlayLevel: PIE: World Init took: (0.001624s)
[2026.04.01-18.50.37:520][767]LogPlayLevel: PIE: Created PIE world by copying editor world from /Game/StarterContent/Maps/Minimal_Default.Minimal_Default to /Game/StarterContent/Maps/UEDPIE_0_Minimal_Default.Minimal_Default (0.006363s)
[2026.04.01-18.50.37:553][767]LogUObjectHash: Compacting FUObjectHashTables data took   4.50ms
[2026.04.01-18.50.37:555][767]LogAudio: Display: Creating Audio Device:                 Id: 3, Scope: Unique, Realtime: True
[2026.04.01-18.50.37:555][767]LogAudioMixer: Display: Audio Mixer Platform Settings:
[2026.04.01-18.50.37:555][767]LogAudioMixer: Display: 	Sample Rate:						  48000
[2026.04.01-18.50.37:555][767]LogAudioMixer: Display: 	Callback Buffer Frame Size Requested: 1024
[2026.04.01-18.50.37:555][767]LogAudioMixer: Display: 	Callback Buffer Frame Size To Use:	  1024
[2026.04.01-18.50.37:555][767]LogAudioMixer: Display: 	Number of buffers to queue:			  2
[2026.04.01-18.50.37:555][767]LogAudioMixer: Display: 	Max Channels (voices):				  32
[2026.04.01-18.50.37:555][767]LogAudioMixer: Display: 	Number of Async Source Workers:		  0
[2026.04.01-18.50.37:555][767]LogAudio: Display: AudioDevice MaxSources: 32
[2026.04.01-18.50.37:556][767]LogAudio: Display: Audio Spatialization Plugin: None (built-in).
[2026.04.01-18.50.37:556][767]LogAudio: Display: Audio Reverb Plugin: None (built-in).
[2026.04.01-18.50.37:556][767]LogAudio: Display: Audio Occlusion Plugin: None (built-in).
[2026.04.01-18.50.37:556][767]LogAudioMixer: Display: Initializing audio mixer.
[2026.04.01-18.50.37:559][767]LogAudioMixer: Display: 0: FrontLeft
[2026.04.01-18.50.37:559][767]LogAudioMixer: Display: 1: FrontRight
[2026.04.01-18.50.37:588][767]LogAudioMixer: Display: Using Audio Device Headphones (Realtek(R) Audio)
[2026.04.01-18.50.37:588][767]LogAudioMixer: Display: Initializing Sound Submixes...
[2026.04.01-18.50.37:588][767]LogAudioMixer: Display: Creating Master Submix 'MasterSubmixDefault'
[2026.04.01-18.50.37:588][767]LogAudioMixer: Display: Creating Master Submix 'MasterReverbSubmixDefault'
[2026.04.01-18.50.37:589][767]LogAudioMixer: Display: Creating Master Submix 'MasterEQSubmixDefault'
[2026.04.01-18.50.37:589][767]LogAudioMixer: FMixerPlatformXAudio2::StartAudioStream() called
[2026.04.01-18.50.37:589][767]LogAudioMixer: Display: Output buffers initialized: Frames=1024, Channels=2, Samples=2048
[2026.04.01-18.50.37:590][767]LogAudioMixer: Display: Starting AudioMixerPlatformInterface::RunInternal()
[2026.04.01-18.50.37:590][767]LogAudioMixer: Display: FMixerPlatformXAudio2::SubmitBuffer() called for the first time
[2026.04.01-18.50.37:590][767]LogInit: FAudioDevice initialized.
[2026.04.01-18.50.37:590][767]LogAudio: Display: Audio Device (ID: 3) registered with world 'Minimal_Default'.
[2026.04.01-18.50.37:640][767]LogSlate: Updating window title bar state: overlay mode, drag disabled, window buttons hidden, title bar hidden
[2026.04.01-18.50.37:640][767]LogLoad: Game class is 'FirstPersonGameMode_C'
[2026.04.01-18.50.37:642][767]LogWorld: Bringing World /Game/StarterContent/Maps/UEDPIE_0_Minimal_Default.Minimal_Default up for play (max tick rate 0) at 2026.04.01-21.50.37
[2026.04.01-18.50.37:642][767]LogWorld: Bringing up level for play took: 0.001000
[2026.04.01-18.50.37:643][767]LogOnline: OSS: Creating online subsystem instance for: :Context_4
[2026.04.01-18.50.37:650][767]PIE: Server logged in
[2026.04.01-18.50.37:655][767]PIE: Play in editor total start time 0,141 seconds.
[2026.04.01-18.50.40:222][884]LogSlate: Updating window title bar state: overlay mode, drag disabled, window buttons hidden, title bar hidden
[2026.04.01-18.50.40:222][884]LogWorld: BeginTearingDown for /Game/StarterContent/Maps/UEDPIE_0_Minimal_Default
[2026.04.01-18.50.40:222][884]LogSlate: Window 'Playtime_Multiplayer Preview [NetMode: Standalone]  (64-bit/Windows) ' being destroyed
[2026.04.01-18.50.40:231][884]LogWorld: UWorld::CleanupWorld for Minimal_Default, bSessionEnded=true, bCleanupResources=true
[2026.04.01-18.50.40:232][884]LogSlate: InvalidateAllWidgets triggered.  All widgets were invalidated
[2026.04.01-18.50.40:242][884]LogPlayLevel: Display: Shutting down PIE online subsystems
[2026.04.01-18.50.40:249][884]LogSlate: InvalidateAllWidgets triggered.  All widgets were invalidated
[2026.04.01-18.50.40:281][884]LogAudio: Display: Audio Device unregistered from world 'None'.
[2026.04.01-18.50.40:281][884]LogAudioMixer: FMixerPlatformXAudio2::StopAudioStream() called
[2026.04.01-18.50.40:282][884]LogAudioMixer: FMixerPlatformXAudio2::StopAudioStream() called
[2026.04.01-18.50.40:290][884]LogUObjectHash: Compacting FUObjectHashTables data took   3.85ms
[2026.04.01-18.50.40:337][885]LogPlayLevel: Display: Destroying online subsystem :Context_4
[2026.04.01-18.51.19:674][882]BlueprintLog: New page: Compile Buttons
[2026.04.01-18.51.19:725][882]LogUObjectHash: Compacting FUObjectHashTables data took   6.29ms
[2026.04.01-18.51.20:217][903]LogTemp: Repeating last play command: New Editor Window (PIE)
[2026.04.01-18.51.20:223][903]LogPlayLevel: PlayLevel: No blueprints needed recompiling
[2026.04.01-18.51.20:223][903]PIE: New page: PIE session: Minimal_Default (2 апр. 2026 г., 00:51:20)
[2026.04.01-18.51.20:223][903]LogPlayLevel: Creating play world package: /Game/StarterContent/Maps/UEDPIE_0_Minimal_Default
[2026.04.01-18.51.20:228][903]LogPlayLevel: PIE: StaticDuplicateObject took: (0.004244s)
[2026.04.01-18.51.20:229][903]LogAIModule: Creating AISystem for world Minimal_Default
[2026.04.01-18.51.20:229][903]LogPlayLevel: PIE: World Init took: (0.001168s)
[2026.04.01-18.51.20:229][903]LogPlayLevel: PIE: Created PIE world by copying editor world from /Game/StarterContent/Maps/Minimal_Default.Minimal_Default to /Game/StarterContent/Maps/UEDPIE_0_Minimal_Default.Minimal_Default (0.005617s)
[2026.04.01-18.51.20:263][903]LogUObjectHash: Compacting FUObjectHashTables data took   3.69ms
[2026.04.01-18.51.20:265][903]LogAudio: Display: Creating Audio Device:                 Id: 4, Scope: Unique, Realtime: True
[2026.04.01-18.51.20:265][903]LogAudioMixer: Display: Audio Mixer Platform Settings:
[2026.04.01-18.51.20:265][903]LogAudioMixer: Display: 	Sample Rate:						  48000
[2026.04.01-18.51.20:265][903]LogAudioMixer: Display: 	Callback Buffer Frame Size Requested: 1024
[2026.04.01-18.51.20:265][903]LogAudioMixer: Display: 	Callback Buffer Frame Size To Use:	  1024
[2026.04.01-18.51.20:265][903]LogAudioMixer: Display: 	Number of buffers to queue:			  2
[2026.04.01-18.51.20:265][903]LogAudioMixer: Display: 	Max Channels (voices):				  32
[2026.04.01-18.51.20:265][903]LogAudioMixer: Display: 	Number of Async Source Workers:		  0
[2026.04.01-18.51.20:265][903]LogAudio: Display: AudioDevice MaxSources: 32
[2026.04.01-18.51.20:265][903]LogAudio: Display: Audio Spatialization Plugin: None (built-in).
[2026.04.01-18.51.20:265][903]LogAudio: Display: Audio Reverb Plugin: None (built-in).
[2026.04.01-18.51.20:265][903]LogAudio: Display: Audio Occlusion Plugin: None (built-in).
[2026.04.01-18.51.20:265][903]LogAudioMixer: Display: Initializing audio mixer.
[2026.04.01-18.51.20:268][903]LogAudioMixer: Display: 0: FrontLeft
[2026.04.01-18.51.20:268][903]LogAudioMixer: Display: 1: FrontRight
[2026.04.01-18.51.20:295][903]LogAudioMixer: Display: Using Audio Device Headphones (Realtek(R) Audio)
[2026.04.01-18.51.20:295][903]LogAudioMixer: Display: Initializing Sound Submixes...
[2026.04.01-18.51.20:295][903]LogAudioMixer: Display: Creating Master Submix 'MasterSubmixDefault'
[2026.04.01-18.51.20:295][903]LogAudioMixer: Display: Creating Master Submix 'MasterReverbSubmixDefault'
[2026.04.01-18.51.20:296][903]LogAudioMixer: Display: Creating Master Submix 'MasterEQSubmixDefault'
[2026.04.01-18.51.20:296][903]LogAudioMixer: FMixerPlatformXAudio2::StartAudioStream() called
[2026.04.01-18.51.20:296][903]LogAudioMixer: Display: Output buffers initialized: Frames=1024, Channels=2, Samples=2048
[2026.04.01-18.51.20:297][903]LogAudioMixer: Display: Starting AudioMixerPlatformInterface::RunInternal()
[2026.04.01-18.51.20:297][903]LogAudioMixer: Display: FMixerPlatformXAudio2::SubmitBuffer() called for the first time
[2026.04.01-18.51.20:297][903]LogInit: FAudioDevice initialized.
[2026.04.01-18.51.20:297][903]LogAudio: Display: Audio Device (ID: 4) registered with world 'Minimal_Default'.
[2026.04.01-18.51.20:342][903]LogSlate: Updating window title bar state: overlay mode, drag disabled, window buttons hidden, title bar hidden
[2026.04.01-18.51.20:342][903]LogLoad: Game class is 'FirstPersonGameMode_C'
[2026.04.01-18.51.20:343][903]LogWorld: Bringing World /Game/StarterContent/Maps/UEDPIE_0_Minimal_Default.Minimal_Default up for play (max tick rate 0) at 2026.04.01-21.51.20
[2026.04.01-18.51.20:343][903]LogWorld: Bringing up level for play took: 0.000794
[2026.04.01-18.51.20:343][903]LogOnline: OSS: Creating online subsystem instance for: :Context_5
[2026.04.01-18.51.20:349][903]PIE: Server logged in
[2026.04.01-18.51.20:351][903]PIE: Play in editor total start time 0,129 seconds.
[2026.04.01-18.51.20:492][904]LogRenderer: Reallocating scene render targets to support 1116x496 Format 9 NumSamples 1 (Frame:1).
[2026.04.01-18.51.22:581][  4]LogSlate: Updating window title bar state: overlay mode, drag disabled, window buttons hidden, title bar hidden
[2026.04.01-18.51.22:581][  4]LogWorld: BeginTearingDown for /Game/StarterContent/Maps/UEDPIE_0_Minimal_Default
[2026.04.01-18.51.22:581][  4]LogSlate: Window 'Playtime_Multiplayer Preview [NetMode: Standalone]  (64-bit/Windows) ' being destroyed
[2026.04.01-18.51.22:589][  4]LogWorld: UWorld::CleanupWorld for Minimal_Default, bSessionEnded=true, bCleanupResources=true
[2026.04.01-18.51.22:591][  4]LogSlate: InvalidateAllWidgets triggered.  All widgets were invalidated
[2026.04.01-18.51.22:600][  4]LogPlayLevel: Display: Shutting down PIE online subsystems
[2026.04.01-18.51.22:610][  4]LogSlate: InvalidateAllWidgets triggered.  All widgets were invalidated
[2026.04.01-18.51.22:651][  4]LogAudio: Display: Audio Device unregistered from world 'None'.
[2026.04.01-18.51.22:651][  4]LogAudioMixer: FMixerPlatformXAudio2::StopAudioStream() called
[2026.04.01-18.51.22:652][  4]LogAudioMixer: FMixerPlatformXAudio2::StopAudioStream() called
[2026.04.01-18.51.22:660][  4]LogUObjectHash: Compacting FUObjectHashTables data took   4.36ms
[2026.04.01-18.51.22:682][  5]LogPlayLevel: Display: Destroying online subsystem :Context_5
[2026.04.01-18.52.49:631][663]BlueprintLog: New page: Compile Buttons
[2026.04.01-18.52.49:680][663]LogUObjectHash: Compacting FUObjectHashTables data took   4.35ms
[2026.04.01-18.52.50:153][683]LogTemp: Repeating last play command: New Editor Window (PIE)
[2026.04.01-18.52.50:159][683]LogPlayLevel: PlayLevel: No blueprints needed recompiling
[2026.04.01-18.52.50:159][683]PIE: New page: PIE session: Minimal_Default (2 апр. 2026 г., 00:52:50)
[2026.04.01-18.52.50:159][683]LogPlayLevel: Creating play world package: /Game/StarterContent/Maps/UEDPIE_0_Minimal_Default
[2026.04.01-18.52.50:163][683]LogPlayLevel: PIE: StaticDuplicateObject took: (0.004317s)
[2026.04.01-18.52.50:164][683]LogAIModule: Creating AISystem for world Minimal_Default
[2026.04.01-18.52.50:165][683]LogPlayLevel: PIE: World Init took: (0.001206s)
[2026.04.01-18.52.50:165][683]LogPlayLevel: PIE: Created PIE world by copying editor world from /Game/StarterContent/Maps/Minimal_Default.Minimal_Default to /Game/StarterContent/Maps/UEDPIE_0_Minimal_Default.Minimal_Default (0.005657s)
[2026.04.01-18.52.50:198][683]LogUObjectHash: Compacting FUObjectHashTables data took   3.81ms
[2026.04.01-18.52.50:198][683]LogAudio: Display: Creating Audio Device:                 Id: 5, Scope: Unique, Realtime: True
[2026.04.01-18.52.50:198][683]LogAudioMixer: Display: Audio Mixer Platform Settings:
[2026.04.01-18.52.50:198][683]LogAudioMixer: Display: 	Sample Rate:						  48000
[2026.04.01-18.52.50:198][683]LogAudioMixer: Display: 	Callback Buffer Frame Size Requested: 1024
[2026.04.01-18.52.50:198][683]LogAudioMixer: Display: 	Callback Buffer Frame Size To Use:	  1024
[2026.04.01-18.52.50:198][683]LogAudioMixer: Display: 	Number of buffers to queue:			  2
[2026.04.01-18.52.50:198][683]LogAudioMixer: Display: 	Max Channels (voices):				  32
[2026.04.01-18.52.50:198][683]LogAudioMixer: Display: 	Number of Async Source Workers:		  0
[2026.04.01-18.52.50:198][683]LogAudio: Display: AudioDevice MaxSources: 32
[2026.04.01-18.52.50:199][683]LogAudio: Display: Audio Spatialization Plugin: None (built-in).
[2026.04.01-18.52.50:199][683]LogAudio: Display: Audio Reverb Plugin: None (built-in).
[2026.04.01-18.52.50:199][683]LogAudio: Display: Audio Occlusion Plugin: None (built-in).
[2026.04.01-18.52.50:199][683]LogAudioMixer: Display: Initializing audio mixer.
[2026.04.01-18.52.50:202][683]LogAudioMixer: Display: 0: FrontLeft
[2026.04.01-18.52.50:202][683]LogAudioMixer: Display: 1: FrontRight
[2026.04.01-18.52.50:229][683]LogAudioMixer: Display: Using Audio Device Headphones (Realtek(R) Audio)
[2026.04.01-18.52.50:229][683]LogAudioMixer: Display: Initializing Sound Submixes...
[2026.04.01-18.52.50:229][683]LogAudioMixer: Display: Creating Master Submix 'MasterSubmixDefault'
[2026.04.01-18.52.50:229][683]LogAudioMixer: Display: Creating Master Submix 'MasterReverbSubmixDefault'
[2026.04.01-18.52.50:230][683]LogAudioMixer: Display: Creating Master Submix 'MasterEQSubmixDefault'
[2026.04.01-18.52.50:230][683]LogAudioMixer: FMixerPlatformXAudio2::StartAudioStream() called
[2026.04.01-18.52.50:230][683]LogAudioMixer: Display: Output buffers initialized: Frames=1024, Channels=2, Samples=2048
[2026.04.01-18.52.50:231][683]LogAudioMixer: Display: Starting AudioMixerPlatformInterface::RunInternal()
[2026.04.01-18.52.50:231][683]LogAudioMixer: Display: FMixerPlatformXAudio2::SubmitBuffer() called for the first time
[2026.04.01-18.52.50:231][683]LogInit: FAudioDevice initialized.
[2026.04.01-18.52.50:231][683]LogAudio: Display: Audio Device (ID: 5) registered with world 'Minimal_Default'.
[2026.04.01-18.52.50:278][683]LogSlate: Updating window title bar state: overlay mode, drag disabled, window buttons hidden, title bar hidden
[2026.04.01-18.52.50:278][683]LogLoad: Game class is 'FirstPersonGameMode_C'
[2026.04.01-18.52.50:280][683]LogWorld: Bringing World /Game/StarterContent/Maps/UEDPIE_0_Minimal_Default.Minimal_Default up for play (max tick rate 0) at 2026.04.01-21.52.50
[2026.04.01-18.52.50:280][683]LogWorld: Bringing up level for play took: 0.000883
[2026.04.01-18.52.50:280][683]LogOnline: OSS: Creating online subsystem instance for: :Context_6
[2026.04.01-18.52.50:287][683]PIE: Server logged in
[2026.04.01-18.52.50:289][683]PIE: Play in editor total start time 0,132 seconds.
[2026.04.01-18.52.51:980][758]LogSlate: Updating window title bar state: overlay mode, drag disabled, window buttons hidden, title bar hidden
[2026.04.01-18.52.51:981][758]LogWorld: BeginTearingDown for /Game/StarterContent/Maps/UEDPIE_0_Minimal_Default
[2026.04.01-18.52.51:981][758]LogSlate: Window 'Playtime_Multiplayer Preview [NetMode: Standalone]  (64-bit/Windows) ' being destroyed
[2026.04.01-18.52.51:993][758]LogWorld: UWorld::CleanupWorld for Minimal_Default, bSessionEnded=true, bCleanupResources=true
[2026.04.01-18.52.51:993][758]LogSlate: InvalidateAllWidgets triggered.  All widgets were invalidated
[2026.04.01-18.52.52:005][758]LogPlayLevel: Display: Shutting down PIE online subsystems
[2026.04.01-18.52.52:012][758]LogSlate: InvalidateAllWidgets triggered.  All widgets were invalidated
[2026.04.01-18.52.52:038][758]LogAudio: Display: Audio Device unregistered from world 'None'.
[2026.04.01-18.52.52:038][758]LogAudioMixer: FMixerPlatformXAudio2::StopAudioStream() called
[2026.04.01-18.52.52:040][758]LogAudioMixer: FMixerPlatformXAudio2::StopAudioStream() called
[2026.04.01-18.52.52:048][758]LogUObjectHash: Compacting FUObjectHashTables data took   3.03ms
[2026.04.01-18.52.52:073][759]LogPlayLevel: Display: Destroying online subsystem :Context_6
[2026.04.01-18.52.58:202][134]BlueprintLog: New page: Compile Buttons
[2026.04.01-18.52.58:243][134]LogUObjectHash: Compacting FUObjectHashTables data took   3.02ms
[2026.04.01-18.52.58:765][156]LogTemp: Repeating last play command: New Editor Window (PIE)
[2026.04.01-18.52.58:771][156]LogPlayLevel: PlayLevel: No blueprints needed recompiling
[2026.04.01-18.52.58:771][156]PIE: New page: PIE session: Minimal_Default (2 апр. 2026 г., 00:52:58)
[2026.04.01-18.52.58:772][156]LogPlayLevel: Creating play world package: /Game/StarterContent/Maps/UEDPIE_0_Minimal_Default
[2026.04.01-18.52.58:777][156]LogPlayLevel: PIE: StaticDuplicateObject took: (0.005094s)
[2026.04.01-18.52.58:778][156]LogAIModule: Creating AISystem for world Minimal_Default
[2026.04.01-18.52.58:779][156]LogPlayLevel: PIE: World Init took: (0.001440s)
[2026.04.01-18.52.58:779][156]LogPlayLevel: PIE: Created PIE world by copying editor world from /Game/StarterContent/Maps/Minimal_Default.Minimal_Default to /Game/StarterContent/Maps/UEDPIE_0_Minimal_Default.Minimal_Default (0.006746s)
[2026.04.01-18.52.58:815][156]LogUObjectHash: Compacting FUObjectHashTables data took   3.78ms
[2026.04.01-18.52.58:816][156]LogAudio: Display: Creating Audio Device:                 Id: 6, Scope: Unique, Realtime: True
[2026.04.01-18.52.58:816][156]LogAudioMixer: Display: Audio Mixer Platform Settings:
[2026.04.01-18.52.58:816][156]LogAudioMixer: Display: 	Sample Rate:						  48000
[2026.04.01-18.52.58:816][156]LogAudioMixer: Display: 	Callback Buffer Frame Size Requested: 1024
[2026.04.01-18.52.58:816][156]LogAudioMixer: Display: 	Callback Buffer Frame Size To Use:	  1024
[2026.04.01-18.52.58:816][156]LogAudioMixer: Display: 	Number of buffers to queue:			  2
[2026.04.01-18.52.58:816][156]LogAudioMixer: Display: 	Max Channels (voices):				  32
[2026.04.01-18.52.58:816][156]LogAudioMixer: Display: 	Number of Async Source Workers:		  0
[2026.04.01-18.52.58:816][156]LogAudio: Display: AudioDevice MaxSources: 32
[2026.04.01-18.52.58:816][156]LogAudio: Display: Audio Spatialization Plugin: None (built-in).
[2026.04.01-18.52.58:816][156]LogAudio: Display: Audio Reverb Plugin: None (built-in).
[2026.04.01-18.52.58:816][156]LogAudio: Display: Audio Occlusion Plugin: None (built-in).
[2026.04.01-18.52.58:816][156]LogAudioMixer: Display: Initializing audio mixer.
[2026.04.01-18.52.58:820][156]LogAudioMixer: Display: 0: FrontLeft
[2026.04.01-18.52.58:820][156]LogAudioMixer: Display: 1: FrontRight
[2026.04.01-18.52.58:848][156]LogAudioMixer: Display: Using Audio Device Headphones (Realtek(R) Audio)
[2026.04.01-18.52.58:849][156]LogAudioMixer: Display: Initializing Sound Submixes...
[2026.04.01-18.52.58:849][156]LogAudioMixer: Display: Creating Master Submix 'MasterSubmixDefault'
[2026.04.01-18.52.58:849][156]LogAudioMixer: Display: Creating Master Submix 'MasterReverbSubmixDefault'
[2026.04.01-18.52.58:849][156]LogAudioMixer: Display: Creating Master Submix 'MasterEQSubmixDefault'
[2026.04.01-18.52.58:849][156]LogAudioMixer: FMixerPlatformXAudio2::StartAudioStream() called
[2026.04.01-18.52.58:849][156]LogAudioMixer: Display: Output buffers initialized: Frames=1024, Channels=2, Samples=2048
[2026.04.01-18.52.58:850][156]LogAudioMixer: Display: Starting AudioMixerPlatformInterface::RunInternal()
[2026.04.01-18.52.58:850][156]LogAudioMixer: Display: FMixerPlatformXAudio2::SubmitBuffer() called for the first time
[2026.04.01-18.52.58:850][156]LogInit: FAudioDevice initialized.
[2026.04.01-18.52.58:850][156]LogAudio: Display: Audio Device (ID: 6) registered with world 'Minimal_Default'.
[2026.04.01-18.52.58:891][156]LogSlate: Updating window title bar state: overlay mode, drag disabled, window buttons hidden, title bar hidden
[2026.04.01-18.52.58:891][156]LogLoad: Game class is 'FirstPersonGameMode_C'
[2026.04.01-18.52.58:893][156]LogWorld: Bringing World /Game/StarterContent/Maps/UEDPIE_0_Minimal_Default.Minimal_Default up for play (max tick rate 0) at 2026.04.01-21.52.58
[2026.04.01-18.52.58:893][156]LogWorld: Bringing up level for play took: 0.000798
[2026.04.01-18.52.58:893][156]LogOnline: OSS: Creating online subsystem instance for: :Context_7
[2026.04.01-18.52.58:899][156]PIE: Server logged in
[2026.04.01-18.52.58:902][156]PIE: Play in editor total start time 0,132 seconds.
[2026.04.01-18.52.59:030][157]LogRenderer: Reallocating scene render targets to support 1116x500 Format 9 NumSamples 1 (Frame:1).
[2026.04.01-18.53.00:572][227]LogSlate: Updating window title bar state: overlay mode, drag disabled, window buttons hidden, title bar hidden
[2026.04.01-18.53.00:572][227]LogWorld: BeginTearingDown for /Game/StarterContent/Maps/UEDPIE_0_Minimal_Default
[2026.04.01-18.53.00:572][227]LogSlate: Window 'Playtime_Multiplayer Preview [NetMode: Standalone]  (64-bit/Windows) ' being destroyed
[2026.04.01-18.53.00:581][227]LogWorld: UWorld::CleanupWorld for Minimal_Default, bSessionEnded=true, bCleanupResources=true
[2026.04.01-18.53.00:581][227]LogSlate: InvalidateAllWidgets triggered.  All widgets were invalidated
[2026.04.01-18.53.00:590][227]LogPlayLevel: Display: Shutting down PIE online subsystems
[2026.04.01-18.53.00:606][227]LogSlate: InvalidateAllWidgets triggered.  All widgets were invalidated
[2026.04.01-18.53.00:653][227]LogAudio: Display: Audio Device unregistered from world 'None'.
[2026.04.01-18.53.00:654][227]LogAudioMixer: FMixerPlatformXAudio2::StopAudioStream() called
[2026.04.01-18.53.00:655][227]LogAudioMixer: FMixerPlatformXAudio2::StopAudioStream() called
[2026.04.01-18.53.00:672][227]LogUObjectHash: Compacting FUObjectHashTables data took  10.33ms
[2026.04.01-18.53.00:713][228]LogPlayLevel: Display: Destroying online subsystem :Context_7
[2026.04.01-18.53.17:590][986]BlueprintLog: New page: Compile Buttons
[2026.04.01-18.53.17:631][986]LogUObjectHash: Compacting FUObjectHashTables data took   4.13ms
[2026.04.01-18.53.18:186][ 14]LogTemp: Repeating last play command: New Editor Window (PIE)
[2026.04.01-18.53.18:191][ 14]LogPlayLevel: PlayLevel: No blueprints needed recompiling
[2026.04.01-18.53.18:191][ 14]PIE: New page: PIE session: Minimal_Default (2 апр. 2026 г., 00:53:18)
[2026.04.01-18.53.18:191][ 14]LogPlayLevel: Creating play world package: /Game/StarterContent/Maps/UEDPIE_0_Minimal_Default
[2026.04.01-18.53.18:195][ 14]LogPlayLevel: PIE: StaticDuplicateObject took: (0.003350s)
[2026.04.01-18.53.18:195][ 14]LogAIModule: Creating AISystem for world Minimal_Default
[2026.04.01-18.53.18:195][ 14]LogPlayLevel: PIE: World Init took: (0.001152s)
[2026.04.01-18.53.18:195][ 14]LogPlayLevel: PIE: Created PIE world by copying editor world from /Game/StarterContent/Maps/Minimal_Default.Minimal_Default to /Game/StarterContent/Maps/UEDPIE_0_Minimal_Default.Minimal_Default (0.004648s)
[2026.04.01-18.53.18:228][ 14]LogUObjectHash: Compacting FUObjectHashTables data took   3.65ms
[2026.04.01-18.53.18:228][ 14]LogAudio: Display: Creating Audio Device:                 Id: 7, Scope: Unique, Realtime: True
[2026.04.01-18.53.18:228][ 14]LogAudioMixer: Display: Audio Mixer Platform Settings:
[2026.04.01-18.53.18:228][ 14]LogAudioMixer: Display: 	Sample Rate:						  48000
[2026.04.01-18.53.18:228][ 14]LogAudioMixer: Display: 	Callback Buffer Frame Size Requested: 1024
[2026.04.01-18.53.18:228][ 14]LogAudioMixer: Display: 	Callback Buffer Frame Size To Use:	  1024
[2026.04.01-18.53.18:228][ 14]LogAudioMixer: Display: 	Number of buffers to queue:			  2
[2026.04.01-18.53.18:228][ 14]LogAudioMixer: Display: 	Max Channels (voices):				  32
[2026.04.01-18.53.18:228][ 14]LogAudioMixer: Display: 	Number of Async Source Workers:		  0
[2026.04.01-18.53.18:228][ 14]LogAudio: Display: AudioDevice MaxSources: 32
[2026.04.01-18.53.18:228][ 14]LogAudio: Display: Audio Spatialization Plugin: None (built-in).
[2026.04.01-18.53.18:228][ 14]LogAudio: Display: Audio Reverb Plugin: None (built-in).
[2026.04.01-18.53.18:228][ 14]LogAudio: Display: Audio Occlusion Plugin: None (built-in).
[2026.04.01-18.53.18:228][ 14]LogAudioMixer: Display: Initializing audio mixer.
[2026.04.01-18.53.18:232][ 14]LogAudioMixer: Display: 0: FrontLeft
[2026.04.01-18.53.18:232][ 14]LogAudioMixer: Display: 1: FrontRight
[2026.04.01-18.53.18:258][ 14]LogAudioMixer: Display: Using Audio Device Headphones (Realtek(R) Audio)
[2026.04.01-18.53.18:258][ 14]LogAudioMixer: Display: Initializing Sound Submixes...
[2026.04.01-18.53.18:259][ 14]LogAudioMixer: Display: Creating Master Submix 'MasterSubmixDefault'
[2026.04.01-18.53.18:259][ 14]LogAudioMixer: Display: Creating Master Submix 'MasterReverbSubmixDefault'
[2026.04.01-18.53.18:259][ 14]LogAudioMixer: Display: Creating Master Submix 'MasterEQSubmixDefault'
[2026.04.01-18.53.18:259][ 14]LogAudioMixer: FMixerPlatformXAudio2::StartAudioStream() called
[2026.04.01-18.53.18:259][ 14]LogAudioMixer: Display: Output buffers initialized: Frames=1024, Channels=2, Samples=2048
[2026.04.01-18.53.18:260][ 14]LogAudioMixer: Display: Starting AudioMixerPlatformInterface::RunInternal()
[2026.04.01-18.53.18:260][ 14]LogAudioMixer: Display: FMixerPlatformXAudio2::SubmitBuffer() called for the first time
[2026.04.01-18.53.18:260][ 14]LogInit: FAudioDevice initialized.
[2026.04.01-18.53.18:260][ 14]LogAudio: Display: Audio Device (ID: 7) registered with world 'Minimal_Default'.
[2026.04.01-18.53.18:302][ 14]LogSlate: Updating window title bar state: overlay mode, drag disabled, window buttons hidden, title bar hidden
[2026.04.01-18.53.18:303][ 14]LogLoad: Game class is 'FirstPersonGameMode_C'
[2026.04.01-18.53.18:305][ 14]LogWorld: Bringing World /Game/StarterContent/Maps/UEDPIE_0_Minimal_Default.Minimal_Default up for play (max tick rate 0) at 2026.04.01-21.53.18
[2026.04.01-18.53.18:305][ 14]LogWorld: Bringing up level for play took: 0.000815
[2026.04.01-18.53.18:305][ 14]LogOnline: OSS: Creating online subsystem instance for: :Context_8
[2026.04.01-18.53.18:310][ 14]PIE: Server logged in
[2026.04.01-18.53.18:313][ 14]PIE: Play in editor total start time 0,123 seconds.
[2026.04.01-18.53.21:401][158]LogSlate: Updating window title bar state: overlay mode, drag disabled, window buttons hidden, title bar hidden
[2026.04.01-18.53.21:401][158]LogWorld: BeginTearingDown for /Game/StarterContent/Maps/UEDPIE_0_Minimal_Default
[2026.04.01-18.53.21:401][158]LogSlate: Window 'Playtime_Multiplayer Preview [NetMode: Standalone]  (64-bit/Windows) ' being destroyed
[2026.04.01-18.53.21:413][158]LogWorld: UWorld::CleanupWorld for Minimal_Default, bSessionEnded=true, bCleanupResources=true
[2026.04.01-18.53.21:413][158]LogSlate: InvalidateAllWidgets triggered.  All widgets were invalidated
[2026.04.01-18.53.21:423][158]LogPlayLevel: Display: Shutting down PIE online subsystems
[2026.04.01-18.53.21:428][158]LogSlate: InvalidateAllWidgets triggered.  All widgets were invalidated
[2026.04.01-18.53.21:460][158]LogAudio: Display: Audio Device unregistered from world 'None'.
[2026.04.01-18.53.21:460][158]LogAudioMixer: FMixerPlatformXAudio2::StopAudioStream() called
[2026.04.01-18.53.21:461][158]LogAudioMixer: FMixerPlatformXAudio2::StopAudioStream() called
[2026.04.01-18.53.21:470][158]LogUObjectHash: Compacting FUObjectHashTables data took   3.51ms
[2026.04.01-18.53.21:493][159]LogPlayLevel: Display: Destroying online subsystem :Context_8
[2026.04.01-18.53.24:687][318]BlueprintLog: New page: Compile Buttons
[2026.04.01-18.53.24:726][318]LogUObjectHash: Compacting FUObjectHashTables data took   3.04ms
[2026.04.01-18.53.25:175][339]LogTemp: Repeating last play command: New Editor Window (PIE)
[2026.04.01-18.53.25:180][339]LogPlayLevel: PlayLevel: No blueprints needed recompiling
[2026.04.01-18.53.25:181][339]PIE: New page: PIE session: Minimal_Default (2 апр. 2026 г., 00:53:25)
[2026.04.01-18.53.25:181][339]LogPlayLevel: Creating play world package: /Game/StarterContent/Maps/UEDPIE_0_Minimal_Default
[2026.04.01-18.53.25:186][339]LogPlayLevel: PIE: StaticDuplicateObject took: (0.004496s)
[2026.04.01-18.53.25:187][339]LogAIModule: Creating AISystem for world Minimal_Default
[2026.04.01-18.53.25:187][339]LogPlayLevel: PIE: World Init took: (0.001157s)
[2026.04.01-18.53.25:187][339]LogPlayLevel: PIE: Created PIE world by copying editor world from /Game/StarterContent/Maps/Minimal_Default.Minimal_Default to /Game/StarterContent/Maps/UEDPIE_0_Minimal_Default.Minimal_Default (0.005842s)
[2026.04.01-18.53.25:219][339]LogUObjectHash: Compacting FUObjectHashTables data took   3.79ms
[2026.04.01-18.53.25:219][339]LogAudio: Display: Creating Audio Device:                 Id: 8, Scope: Unique, Realtime: True
[2026.04.01-18.53.25:219][339]LogAudioMixer: Display: Audio Mixer Platform Settings:
[2026.04.01-18.53.25:219][339]LogAudioMixer: Display: 	Sample Rate:						  48000
[2026.04.01-18.53.25:219][339]LogAudioMixer: Display: 	Callback Buffer Frame Size Requested: 1024
[2026.04.01-18.53.25:219][339]LogAudioMixer: Display: 	Callback Buffer Frame Size To Use:	  1024
[2026.04.01-18.53.25:219][339]LogAudioMixer: Display: 	Number of buffers to queue:			  2
[2026.04.01-18.53.25:219][339]LogAudioMixer: Display: 	Max Channels (voices):				  32
[2026.04.01-18.53.25:219][339]LogAudioMixer: Display: 	Number of Async Source Workers:		  0
[2026.04.01-18.53.25:219][339]LogAudio: Display: AudioDevice MaxSources: 32
[2026.04.01-18.53.25:220][339]LogAudio: Display: Audio Spatialization Plugin: None (built-in).
[2026.04.01-18.53.25:220][339]LogAudio: Display: Audio Reverb Plugin: None (built-in).
[2026.04.01-18.53.25:220][339]LogAudio: Display: Audio Occlusion Plugin: None (built-in).
[2026.04.01-18.53.25:220][339]LogAudioMixer: Display: Initializing audio mixer.
[2026.04.01-18.53.25:223][339]LogAudioMixer: Display: 0: FrontLeft
[2026.04.01-18.53.25:223][339]LogAudioMixer: Display: 1: FrontRight
[2026.04.01-18.53.25:250][339]LogAudioMixer: Display: Using Audio Device Headphones (Realtek(R) Audio)
[2026.04.01-18.53.25:251][339]LogAudioMixer: Display: Initializing Sound Submixes...
[2026.04.01-18.53.25:251][339]LogAudioMixer: Display: Creating Master Submix 'MasterSubmixDefault'
[2026.04.01-18.53.25:251][339]LogAudioMixer: Display: Creating Master Submix 'MasterReverbSubmixDefault'
[2026.04.01-18.53.25:251][339]LogAudioMixer: Display: Creating Master Submix 'MasterEQSubmixDefault'
[2026.04.01-18.53.25:251][339]LogAudioMixer: FMixerPlatformXAudio2::StartAudioStream() called
[2026.04.01-18.53.25:251][339]LogAudioMixer: Display: Output buffers initialized: Frames=1024, Channels=2, Samples=2048
[2026.04.01-18.53.25:252][339]LogAudioMixer: Display: Starting AudioMixerPlatformInterface::RunInternal()
[2026.04.01-18.53.25:252][339]LogAudioMixer: Display: FMixerPlatformXAudio2::SubmitBuffer() called for the first time
[2026.04.01-18.53.25:252][339]LogInit: FAudioDevice initialized.
[2026.04.01-18.53.25:252][339]LogAudio: Display: Audio Device (ID: 8) registered with world 'Minimal_Default'.
[2026.04.01-18.53.25:300][339]LogSlate: Updating window title bar state: overlay mode, drag disabled, window buttons hidden, title bar hidden
[2026.04.01-18.53.25:300][339]LogLoad: Game class is 'FirstPersonGameMode_C'
[2026.04.01-18.53.25:302][339]LogWorld: Bringing World /Game/StarterContent/Maps/UEDPIE_0_Minimal_Default.Minimal_Default up for play (max tick rate 0) at 2026.04.01-21.53.25
[2026.04.01-18.53.25:303][339]LogWorld: Bringing up level for play took: 0.001345
[2026.04.01-18.53.25:303][339]LogOnline: OSS: Creating online subsystem instance for: :Context_9
[2026.04.01-18.53.25:308][339]PIE: Server logged in
[2026.04.01-18.53.25:311][339]PIE: Play in editor total start time 0,131 seconds.
[2026.04.01-18.53.25:427][340]LogRenderer: Reallocating scene render targets to support 1116x504 Format 9 NumSamples 1 (Frame:1).
[2026.04.01-18.53.27:451][433]LogSlate: Updating window title bar state: overlay mode, drag disabled, window buttons hidden, title bar hidden
[2026.04.01-18.53.27:451][433]LogWorld: BeginTearingDown for /Game/StarterContent/Maps/UEDPIE_0_Minimal_Default
[2026.04.01-18.53.27:451][433]LogSlate: Window 'Playtime_Multiplayer Preview [NetMode: Standalone]  (64-bit/Windows) ' being destroyed
[2026.04.01-18.53.27:462][433]LogWorld: UWorld::CleanupWorld for Minimal_Default, bSessionEnded=true, bCleanupResources=true
[2026.04.01-18.53.27:462][433]LogSlate: InvalidateAllWidgets triggered.  All widgets were invalidated
[2026.04.01-18.53.27:473][433]LogPlayLevel: Display: Shutting down PIE online subsystems
[2026.04.01-18.53.27:478][433]LogSlate: InvalidateAllWidgets triggered.  All widgets were invalidated
[2026.04.01-18.53.27:510][433]LogAudio: Display: Audio Device unregistered from world 'None'.
[2026.04.01-18.53.27:510][433]LogAudioMixer: FMixerPlatformXAudio2::StopAudioStream() called
[2026.04.01-18.53.27:511][433]LogAudioMixer: FMixerPlatformXAudio2::StopAudioStream() called
[2026.04.01-18.53.27:520][433]LogUObjectHash: Compacting FUObjectHashTables data took   3.20ms
[2026.04.01-18.53.27:550][434]LogPlayLevel: Display: Destroying online subsystem :Context_9
[2026.04.01-18.53.32:636][674]LogMaterial: Display: Missing cached shadermap for BasicShapeMaterial in PCD3D_SM5, Default, SM5 (DDC key hash: FC414FC6D167DA564EF8F8ECA9180469B09D46AF), compiling. 
[2026.04.01-18.53.32:758][674]LogShaderCompilers: Display: Submitted 75 shader compile jobs with 'Low' priority
[2026.04.01-18.53.32:763][674]LogShaderCompilers: Display: Worker (1/9): shaders left to compile 75
[2026.04.01-18.53.32:763][674]LogShaderCompilers: Display: Worker (2/9): shaders left to compile 65
[2026.04.01-18.53.32:763][674]LogShaderCompilers: Display: Worker (3/9): shaders left to compile 55
[2026.04.01-18.53.32:763][674]LogShaderCompilers: Display: Worker (4/9): shaders left to compile 45
[2026.04.01-18.53.32:763][674]LogShaderCompilers: Display: Worker (5/9): shaders left to compile 35
[2026.04.01-18.53.32:763][674]LogShaderCompilers: Display: Worker (6/9): shaders left to compile 25
[2026.04.01-18.53.32:763][674]LogShaderCompilers: Display: Worker (7/9): shaders left to compile 15
[2026.04.01-18.53.32:763][674]LogShaderCompilers: Display: Worker (8/9): shaders left to compile 5
[2026.04.01-18.53.32:763][674]LogShaderCompilers: Display: Started 75 'Local' shader compile jobs with 'Low' priority
[2026.04.01-18.53.36:847][790]BlueprintLog: New page: Compile Buttons
[2026.04.01-18.53.36:929][790]LogUObjectHash: Compacting FUObjectHashTables data took  10.71ms
[2026.04.01-18.53.37:097][792]BlueprintLog: New page: Compile Buttons
[2026.04.01-18.53.37:175][792]LogUObjectHash: Compacting FUObjectHashTables data took  12.11ms
[2026.04.01-18.53.37:654][803]LogTemp: Repeating last play command: New Editor Window (PIE)
[2026.04.01-18.53.37:667][803]LogPlayLevel: PlayLevel: No blueprints needed recompiling
[2026.04.01-18.53.37:667][803]PIE: New page: PIE session: Minimal_Default (2 апр. 2026 г., 00:53:37)
[2026.04.01-18.53.37:667][803]LogPlayLevel: Creating play world package: /Game/StarterContent/Maps/UEDPIE_0_Minimal_Default
[2026.04.01-18.53.37:674][803]LogPlayLevel: PIE: StaticDuplicateObject took: (0.006739s)
[2026.04.01-18.53.37:676][803]LogAIModule: Creating AISystem for world Minimal_Default
[2026.04.01-18.53.37:676][803]LogPlayLevel: PIE: World Init took: (0.001955s)
[2026.04.01-18.53.37:676][803]LogPlayLevel: PIE: Created PIE world by copying editor world from /Game/StarterContent/Maps/Minimal_Default.Minimal_Default to /Game/StarterContent/Maps/UEDPIE_0_Minimal_Default.Minimal_Default (0.008948s)
[2026.04.01-18.53.37:717][803]LogUObjectHash: Compacting FUObjectHashTables data took   6.37ms
[2026.04.01-18.53.37:717][803]LogAudio: Display: Creating Audio Device:                 Id: 9, Scope: Unique, Realtime: True
[2026.04.01-18.53.37:717][803]LogAudioMixer: Display: Audio Mixer Platform Settings:
[2026.04.01-18.53.37:717][803]LogAudioMixer: Display: 	Sample Rate:						  48000
[2026.04.01-18.53.37:717][803]LogAudioMixer: Display: 	Callback Buffer Frame Size Requested: 1024
[2026.04.01-18.53.37:717][803]LogAudioMixer: Display: 	Callback Buffer Frame Size To Use:	  1024
[2026.04.01-18.53.37:717][803]LogAudioMixer: Display: 	Number of buffers to queue:			  2
[2026.04.01-18.53.37:717][803]LogAudioMixer: Display: 	Max Channels (voices):				  32
[2026.04.01-18.53.37:717][803]LogAudioMixer: Display: 	Number of Async Source Workers:		  0
[2026.04.01-18.53.37:717][803]LogAudio: Display: AudioDevice MaxSources: 32
[2026.04.01-18.53.37:718][803]LogAudio: Display: Audio Spatialization Plugin: None (built-in).
[2026.04.01-18.53.37:718][803]LogAudio: Display: Audio Reverb Plugin: None (built-in).
[2026.04.01-18.53.37:718][803]LogAudio: Display: Audio Occlusion Plugin: None (built-in).
[2026.04.01-18.53.37:718][803]LogAudioMixer: Display: Initializing audio mixer.
[2026.04.01-18.53.37:724][803]LogAudioMixer: Display: 0: FrontLeft
[2026.04.01-18.53.37:724][803]LogAudioMixer: Display: 1: FrontRight
[2026.04.01-18.53.37:773][803]LogAudioMixer: Display: Using Audio Device Headphones (Realtek(R) Audio)
[2026.04.01-18.53.37:774][803]LogAudioMixer: Display: Initializing Sound Submixes...
[2026.04.01-18.53.37:774][803]LogAudioMixer: Display: Creating Master Submix 'MasterSubmixDefault'
[2026.04.01-18.53.37:774][803]LogAudioMixer: Display: Creating Master Submix 'MasterReverbSubmixDefault'
[2026.04.01-18.53.37:775][803]LogAudioMixer: Display: Creating Master Submix 'MasterEQSubmixDefault'
[2026.04.01-18.53.37:775][803]LogAudioMixer: FMixerPlatformXAudio2::StartAudioStream() called
[2026.04.01-18.53.37:775][803]LogAudioMixer: Display: Output buffers initialized: Frames=1024, Channels=2, Samples=2048
[2026.04.01-18.53.37:777][803]LogAudioMixer: Display: Starting AudioMixerPlatformInterface::RunInternal()
[2026.04.01-18.53.37:777][803]LogAudioMixer: Display: FMixerPlatformXAudio2::SubmitBuffer() called for the first time
[2026.04.01-18.53.37:777][803]LogInit: FAudioDevice initialized.
[2026.04.01-18.53.37:777][803]LogAudio: Display: Audio Device (ID: 9) registered with world 'Minimal_Default'.
[2026.04.01-18.53.37:830][803]LogSlate: Updating window title bar state: overlay mode, drag disabled, window buttons hidden, title bar hidden
[2026.04.01-18.53.37:830][803]LogLoad: Game class is 'FirstPersonGameMode_C'
[2026.04.01-18.53.37:831][803]LogWorld: Bringing World /Game/StarterContent/Maps/UEDPIE_0_Minimal_Default.Minimal_Default up for play (max tick rate 0) at 2026.04.01-21.53.37
[2026.04.01-18.53.37:832][803]LogWorld: Bringing up level for play took: 0.000944
[2026.04.01-18.53.37:832][803]LogOnline: OSS: Creating online subsystem instance for: :Context_10
[2026.04.01-18.53.37:848][803]PIE: Server logged in
[2026.04.01-18.53.37:853][803]PIE: Play in editor total start time 0,191 seconds.
[2026.04.01-18.53.39:273][837]LogShaderCompilers: Display: === FShaderJobCache stats ===
[2026.04.01-18.53.39:273][837]LogShaderCompilers: Display: Total job queries 75, among them cache hits 0 (0.00%)
[2026.04.01-18.53.39:273][837]LogShaderCompilers: Display: Tracking 5 distinct input hashes that result in 5 distinct outputs (100.00%)
[2026.04.01-18.53.39:274][837]LogShaderCompilers: Display: RAM used: 0.03 MB (0.00 GB) of 409.60 MB (0.40 GB) budget. Usage: 0.01%
[2026.04.01-18.53.39:274][837]LogShaderCompilers: Display: ================================================
[2026.04.01-18.53.39:572][845]LogSlate: Updating window title bar state: overlay mode, drag disabled, window buttons hidden, title bar hidden
[2026.04.01-18.53.39:572][845]LogWorld: BeginTearingDown for /Game/StarterContent/Maps/UEDPIE_0_Minimal_Default
[2026.04.01-18.53.39:572][845]LogSlate: Window 'Playtime_Multiplayer Preview [NetMode: Standalone]  (64-bit/Windows) ' being destroyed
[2026.04.01-18.53.39:577][845]LogWorld: UWorld::CleanupWorld for Minimal_Default, bSessionEnded=true, bCleanupResources=true
[2026.04.01-18.53.39:578][845]LogSlate: InvalidateAllWidgets triggered.  All widgets were invalidated
[2026.04.01-18.53.39:593][845]LogPlayLevel: Display: Shutting down PIE online subsystems
[2026.04.01-18.53.39:615][845]LogSlate: InvalidateAllWidgets triggered.  All widgets were invalidated
[2026.04.01-18.53.39:659][845]LogAudio: Display: Audio Device unregistered from world 'None'.
[2026.04.01-18.53.39:659][845]LogAudioMixer: FMixerPlatformXAudio2::StopAudioStream() called
[2026.04.01-18.53.39:662][845]LogAudioMixer: FMixerPlatformXAudio2::StopAudioStream() called
[2026.04.01-18.53.39:678][845]LogUObjectHash: Compacting FUObjectHashTables data took   7.85ms
[2026.04.01-18.53.39:728][846]LogPlayLevel: Display: Destroying online subsystem :Context_10
[2026.04.01-18.53.40:285][860]LogTemp: Repeating last play command: New Editor Window (PIE)
[2026.04.01-18.53.40:293][860]LogPlayLevel: PlayLevel: No blueprints needed recompiling
[2026.04.01-18.53.40:293][860]PIE: New page: PIE session: Minimal_Default (2 апр. 2026 г., 00:53:40)
[2026.04.01-18.53.40:293][860]LogPlayLevel: Creating play world package: /Game/StarterContent/Maps/UEDPIE_0_Minimal_Default
[2026.04.01-18.53.40:304][860]LogPlayLevel: PIE: StaticDuplicateObject took: (0.009904s)
[2026.04.01-18.53.40:306][860]LogAIModule: Creating AISystem for world Minimal_Default
[2026.04.01-18.53.40:308][860]LogPlayLevel: PIE: World Init took: (0.003581s)
[2026.04.01-18.53.40:308][860]LogPlayLevel: PIE: Created PIE world by copying editor world from /Game/StarterContent/Maps/Minimal_Default.Minimal_Default to /Game/StarterContent/Maps/UEDPIE_0_Minimal_Default.Minimal_Default (0.013883s)
[2026.04.01-18.53.40:357][860]LogUObjectHash: Compacting FUObjectHashTables data took   5.94ms
[2026.04.01-18.53.40:358][860]LogAudio: Display: Creating Audio Device:                 Id: 10, Scope: Unique, Realtime: True
[2026.04.01-18.53.40:358][860]LogAudioMixer: Display: Audio Mixer Platform Settings:
[2026.04.01-18.53.40:358][860]LogAudioMixer: Display: 	Sample Rate:						  48000
[2026.04.01-18.53.40:358][860]LogAudioMixer: Display: 	Callback Buffer Frame Size Requested: 1024
[2026.04.01-18.53.40:358][860]LogAudioMixer: Display: 	Callback Buffer Frame Size To Use:	  1024
[2026.04.01-18.53.40:358][860]LogAudioMixer: Display: 	Number of buffers to queue:			  2
[2026.04.01-18.53.40:358][860]LogAudioMixer: Display: 	Max Channels (voices):				  32
[2026.04.01-18.53.40:358][860]LogAudioMixer: Display: 	Number of Async Source Workers:		  0
[2026.04.01-18.53.40:358][860]LogAudio: Display: AudioDevice MaxSources: 32
[2026.04.01-18.53.40:358][860]LogAudio: Display: Audio Spatialization Plugin: None (built-in).
[2026.04.01-18.53.40:359][860]LogAudio: Display: Audio Reverb Plugin: None (built-in).
[2026.04.01-18.53.40:359][860]LogAudio: Display: Audio Occlusion Plugin: None (built-in).
[2026.04.01-18.53.40:359][860]LogAudioMixer: Display: Initializing audio mixer.
[2026.04.01-18.53.40:365][860]LogAudioMixer: Display: 0: FrontLeft
[2026.04.01-18.53.40:365][860]LogAudioMixer: Display: 1: FrontRight
[2026.04.01-18.53.40:418][860]LogAudioMixer: Display: Using Audio Device Headphones (Realtek(R) Audio)
[2026.04.01-18.53.40:418][860]LogAudioMixer: Display: Initializing Sound Submixes...
[2026.04.01-18.53.40:419][860]LogAudioMixer: Display: Creating Master Submix 'MasterSubmixDefault'
[2026.04.01-18.53.40:419][860]LogAudioMixer: Display: Creating Master Submix 'MasterReverbSubmixDefault'
[2026.04.01-18.53.40:420][860]LogAudioMixer: Display: Creating Master Submix 'MasterEQSubmixDefault'
[2026.04.01-18.53.40:420][860]LogAudioMixer: FMixerPlatformXAudio2::StartAudioStream() called
[2026.04.01-18.53.40:420][860]LogAudioMixer: Display: Output buffers initialized: Frames=1024, Channels=2, Samples=2048
[2026.04.01-18.53.40:422][860]LogAudioMixer: Display: Starting AudioMixerPlatformInterface::RunInternal()
[2026.04.01-18.53.40:422][860]LogAudioMixer: Display: FMixerPlatformXAudio2::SubmitBuffer() called for the first time
[2026.04.01-18.53.40:422][860]LogInit: FAudioDevice initialized.
[2026.04.01-18.53.40:422][860]LogAudio: Display: Audio Device (ID: 10) registered with world 'Minimal_Default'.
[2026.04.01-18.53.40:479][860]LogSlate: Updating window title bar state: overlay mode, drag disabled, window buttons hidden, title bar hidden
[2026.04.01-18.53.40:479][860]LogLoad: Game class is 'FirstPersonGameMode_C'
[2026.04.01-18.53.40:481][860]LogWorld: Bringing World /Game/StarterContent/Maps/UEDPIE_0_Minimal_Default.Minimal_Default up for play (max tick rate 0) at 2026.04.01-21.53.40
[2026.04.01-18.53.40:481][860]LogWorld: Bringing up level for play took: 0.000879
[2026.04.01-18.53.40:481][860]LogOnline: OSS: Creating online subsystem instance for: :Context_11
[2026.04.01-18.53.40:491][860]PIE: Server logged in
[2026.04.01-18.53.40:497][860]PIE: Play in editor total start time 0,204 seconds.
[2026.04.01-18.53.40:572][861]LogRenderer: Reallocating scene render targets to support 1116x508 Format 9 NumSamples 1 (Frame:1).
[2026.04.01-18.54.01:198][723]LogNet: Browse: /Game/MAPS/MP_Lobby
[2026.04.01-18.54.01:199][723]LogLoad: LoadMap: /Game/MAPS/MP_Lobby
[2026.04.01-18.54.01:199][723]LogWorld: BeginTearingDown for /Game/StarterContent/Maps/UEDPIE_0_Minimal_Default
[2026.04.01-18.54.01:203][723]LogWorld: UWorld::CleanupWorld for Minimal_Default, bSessionEnded=true, bCleanupResources=true
[2026.04.01-18.54.01:204][723]LogSlate: InvalidateAllWidgets triggered.  All widgets were invalidated
[2026.04.01-18.54.01:278][723]LogAudio: Display: Audio Device unregistered from world 'None'.
[2026.04.01-18.54.01:282][723]LogUObjectHash: Compacting FUObjectHashTables data took   3.05ms
[2026.04.01-18.54.02:046][723]LogTexture: Display: Building textures: T_Rock_Basalt_D (OODLE_AutoDXT, 2048X2048)
[2026.04.01-18.54.02:046][723]LogTexture: Display: Building textures: T_Rock_Basalt_N (OODLE_BC5, 2048X2048)
[2026.04.01-18.54.02:046][723]LogTextureFormatOodle: Display: non-RDO encode 2048 x 2048 x 1 to format OODLE_AutoDXT (Oodle OodleTex_BC3) lambda=0 effort=20 
[2026.04.01-18.54.02:046][723]LogTextureFormatOodle: Display: non-RDO encode 1024 x 1024 x 1 to format OODLE_AutoDXT (Oodle OodleTex_BC3) lambda=0 effort=20 
[2026.04.01-18.54.02:047][723]LogTextureFormatOodle: Display: non-RDO encode 1024 x 1024 x 1 to format OODLE_BC5 (Oodle OodleTex_BC5U) lambda=0 effort=20 
[2026.04.01-18.54.02:047][723]LogTextureFormatOodle: Display: non-RDO encode 2048 x 2048 x 1 to format OODLE_BC5 (Oodle OodleTex_BC5U) lambda=0 effort=20 
[2026.04.01-18.54.02:053][723]LogMaterial: Display: Missing cached shadermap for T_Rock_Basalt_Mat in PCD3D_SM5, Default, SM5 (DDC key hash: 7ECDF05581B39F8E4A753135A6B53575B4A7C7F2), compiling. 
[2026.04.01-18.54.02:070][723]LogShaderCompilers: Display: Submitted 16 shader compile jobs with 'Low' priority
[2026.04.01-18.54.02:076][723]LogShaderCompilers: Display: Worker (1/9): shaders left to compile 16
[2026.04.01-18.54.02:076][723]LogShaderCompilers: Display: Worker (2/9): shaders left to compile 13
[2026.04.01-18.54.02:076][723]LogShaderCompilers: Display: Worker (3/9): shaders left to compile 10
[2026.04.01-18.54.02:076][723]LogShaderCompilers: Display: Worker (4/9): shaders left to compile 7
[2026.04.01-18.54.02:076][723]LogShaderCompilers: Display: Worker (5/9): shaders left to compile 4
[2026.04.01-18.54.02:076][723]LogShaderCompilers: Display: Worker (6/9): shaders left to compile 1
[2026.04.01-18.54.02:076][723]LogShaderCompilers: Display: Started 16 'Local' shader compile jobs with 'Low' priority
[2026.04.01-18.54.02:076][723]LogAudio: Display: Audio Device (ID: 10) registered with world 'MP_Lobby'.
[2026.04.01-18.54.02:077][723]LogAIModule: Creating AISystem for world MP_Lobby
[2026.04.01-18.54.02:077][723]LogLoad: Game class is 'FirstPersonGameMode_C'
[2026.04.01-18.54.02:087][723]LogWorld: Bringing World /Game/MAPS/UEDPIE_0_MP_Lobby.MP_Lobby up for play (max tick rate 0) at 2026.04.01-21.54.02
[2026.04.01-18.54.02:087][723]LogWorld: Bringing up level for play took: 0.008944
[2026.04.01-18.54.02:087][723]LogGameMode: FindPlayerStart: PATHS NOT DEFINED or NO PLAYERSTART with positive rating
[2026.04.01-18.54.02:095][723]LogLoad: Took 0.894324 seconds to LoadMap(/Game/MAPS/MP_Lobby)
[2026.04.01-18.54.04:572][787]LogSlate: Updating window title bar state: overlay mode, drag disabled, window buttons hidden, title bar hidden
[2026.04.01-18.54.04:572][787]LogWorld: BeginTearingDown for /Game/MAPS/UEDPIE_0_MP_Lobby
[2026.04.01-18.54.04:573][787]LogSlate: Window 'Playtime_Multiplayer Preview [NetMode: Standalone]  (64-bit/Windows) ' being destroyed
[2026.04.01-18.54.04:584][787]LogWorld: UWorld::CleanupWorld for MP_Lobby, bSessionEnded=true, bCleanupResources=true
[2026.04.01-18.54.04:586][787]LogSlate: InvalidateAllWidgets triggered.  All widgets were invalidated
[2026.04.01-18.54.04:602][787]LogPlayLevel: Display: Shutting down PIE online subsystems
[2026.04.01-18.54.04:619][787]LogSlate: InvalidateAllWidgets triggered.  All widgets were invalidated
[2026.04.01-18.54.04:667][787]LogAudio: Display: Audio Device unregistered from world 'None'.
[2026.04.01-18.54.04:668][787]LogAudioMixer: FMixerPlatformXAudio2::StopAudioStream() called
[2026.04.01-18.54.04:670][787]LogAudioMixer: FMixerPlatformXAudio2::StopAudioStream() called
[2026.04.01-18.54.04:681][787]LogUObjectHash: Compacting FUObjectHashTables data took   4.26ms
[2026.04.01-18.54.04:733][788]LogPlayLevel: Display: Destroying online subsystem :Context_11
[2026.04.01-18.54.24:711][817]BlueprintLog: New page: Compile Buttons
[2026.04.01-18.54.24:753][817]LogUObjectHash: Compacting FUObjectHashTables data took   3.51ms
[2026.04.01-18.54.25:246][838]LogTemp: Repeating last play command: New Editor Window (PIE)
[2026.04.01-18.54.25:253][838]LogPlayLevel: PlayLevel: No blueprints needed recompiling
[2026.04.01-18.54.25:253][838]PIE: New page: PIE session: Minimal_Default (2 апр. 2026 г., 00:54:25)
[2026.04.01-18.54.25:253][838]LogPlayLevel: Creating play world package: /Game/StarterContent/Maps/UEDPIE_0_Minimal_Default
[2026.04.01-18.54.25:256][838]LogPlayLevel: PIE: StaticDuplicateObject took: (0.003345s)
[2026.04.01-18.54.25:257][838]LogAIModule: Creating AISystem for world Minimal_Default
[2026.04.01-18.54.25:258][838]LogPlayLevel: PIE: World Init took: (0.001108s)
[2026.04.01-18.54.25:258][838]LogPlayLevel: PIE: Created PIE world by copying editor world from /Game/StarterContent/Maps/Minimal_Default.Minimal_Default to /Game/StarterContent/Maps/UEDPIE_0_Minimal_Default.Minimal_Default (0.004579s)
[2026.04.01-18.54.25:291][838]LogUObjectHash: Compacting FUObjectHashTables data took   3.74ms
[2026.04.01-18.54.25:291][838]LogAudio: Display: Creating Audio Device:                 Id: 11, Scope: Unique, Realtime: True
[2026.04.01-18.54.25:291][838]LogAudioMixer: Display: Audio Mixer Platform Settings:
[2026.04.01-18.54.25:291][838]LogAudioMixer: Display: 	Sample Rate:						  48000
[2026.04.01-18.54.25:291][838]LogAudioMixer: Display: 	Callback Buffer Frame Size Requested: 1024
[2026.04.01-18.54.25:291][838]LogAudioMixer: Display: 	Callback Buffer Frame Size To Use:	  1024
[2026.04.01-18.54.25:291][838]LogAudioMixer: Display: 	Number of buffers to queue:			  2
[2026.04.01-18.54.25:291][838]LogAudioMixer: Display: 	Max Channels (voices):				  32
[2026.04.01-18.54.25:291][838]LogAudioMixer: Display: 	Number of Async Source Workers:		  0
[2026.04.01-18.54.25:291][838]LogAudio: Display: AudioDevice MaxSources: 32
[2026.04.01-18.54.25:292][838]LogAudio: Display: Audio Spatialization Plugin: None (built-in).
[2026.04.01-18.54.25:292][838]LogAudio: Display: Audio Reverb Plugin: None (built-in).
[2026.04.01-18.54.25:292][838]LogAudio: Display: Audio Occlusion Plugin: None (built-in).
[2026.04.01-18.54.25:292][838]LogAudioMixer: Display: Initializing audio mixer.
[2026.04.01-18.54.25:296][838]LogAudioMixer: Display: 0: FrontLeft
[2026.04.01-18.54.25:296][838]LogAudioMixer: Display: 1: FrontRight
[2026.04.01-18.54.25:323][838]LogAudioMixer: Display: Using Audio Device Headphones (Realtek(R) Audio)
[2026.04.01-18.54.25:325][838]LogAudioMixer: Display: Initializing Sound Submixes...
[2026.04.01-18.54.25:325][838]LogAudioMixer: Display: Creating Master Submix 'MasterSubmixDefault'
[2026.04.01-18.54.25:325][838]LogAudioMixer: Display: Creating Master Submix 'MasterReverbSubmixDefault'
[2026.04.01-18.54.25:325][838]LogAudioMixer: Display: Creating Master Submix 'MasterEQSubmixDefault'
[2026.04.01-18.54.25:325][838]LogAudioMixer: FMixerPlatformXAudio2::StartAudioStream() called
[2026.04.01-18.54.25:325][838]LogAudioMixer: Display: Output buffers initialized: Frames=1024, Channels=2, Samples=2048
[2026.04.01-18.54.25:327][838]LogAudioMixer: Display: Starting AudioMixerPlatformInterface::RunInternal()
[2026.04.01-18.54.25:327][838]LogAudioMixer: Display: FMixerPlatformXAudio2::SubmitBuffer() called for the first time
[2026.04.01-18.54.25:327][838]LogInit: FAudioDevice initialized.
[2026.04.01-18.54.25:327][838]LogAudio: Display: Audio Device (ID: 11) registered with world 'Minimal_Default'.
[2026.04.01-18.54.25:380][838]LogSlate: Updating window title bar state: overlay mode, drag disabled, window buttons hidden, title bar hidden
[2026.04.01-18.54.25:380][838]LogLoad: Game class is 'FirstPersonGameMode_C'
[2026.04.01-18.54.25:382][838]LogWorld: Bringing World /Game/StarterContent/Maps/UEDPIE_0_Minimal_Default.Minimal_Default up for play (max tick rate 0) at 2026.04.01-21.54.25
[2026.04.01-18.54.25:382][838]LogWorld: Bringing up level for play took: 0.000756
[2026.04.01-18.54.25:382][838]LogOnline: OSS: Creating online subsystem instance for: :Context_12
[2026.04.01-18.54.25:388][838]PIE: Server logged in
[2026.04.01-18.54.25:390][838]PIE: Play in editor total start time 0,139 seconds.
[2026.04.01-18.54.27:050][910]LogSlate: Updating window title bar state: overlay mode, drag disabled, window buttons hidden, title bar hidden
[2026.04.01-18.54.27:051][910]LogWorld: BeginTearingDown for /Game/StarterContent/Maps/UEDPIE_0_Minimal_Default
[2026.04.01-18.54.27:051][910]LogSlate: Window 'Playtime_Multiplayer Preview [NetMode: Standalone]  (64-bit/Windows) ' being destroyed
[2026.04.01-18.54.27:061][910]LogWorld: UWorld::CleanupWorld for Minimal_Default, bSessionEnded=true, bCleanupResources=true
[2026.04.01-18.54.27:061][910]LogSlate: InvalidateAllWidgets triggered.  All widgets were invalidated
[2026.04.01-18.54.27:071][910]LogPlayLevel: Display: Shutting down PIE online subsystems
[2026.04.01-18.54.27:077][910]LogSlate: InvalidateAllWidgets triggered.  All widgets were invalidated
[2026.04.01-18.54.27:105][910]LogAudio: Display: Audio Device unregistered from world 'None'.
[2026.04.01-18.54.27:106][910]LogAudioMixer: FMixerPlatformXAudio2::StopAudioStream() called
[2026.04.01-18.54.27:107][910]LogAudioMixer: FMixerPlatformXAudio2::StopAudioStream() called
[2026.04.01-18.54.27:115][910]LogUObjectHash: Compacting FUObjectHashTables data took   3.59ms
[2026.04.01-18.54.27:139][911]LogPlayLevel: Display: Destroying online subsystem :Context_12
[2026.04.01-18.54.30:817][ 98]BlueprintLog: New page: Compile Buttons
[2026.04.01-18.54.30:858][ 98]LogUObjectHash: Compacting FUObjectHashTables data took   3.43ms
[2026.04.01-18.54.31:276][116]LogTemp: Repeating last play command: New Editor Window (PIE)
[2026.04.01-18.54.31:282][116]LogPlayLevel: PlayLevel: No blueprints needed recompiling
[2026.04.01-18.54.31:282][116]PIE: New page: PIE session: Minimal_Default (2 апр. 2026 г., 00:54:31)
[2026.04.01-18.54.31:282][116]LogPlayLevel: Creating play world package: /Game/StarterContent/Maps/UEDPIE_0_Minimal_Default
[2026.04.01-18.54.31:286][116]LogPlayLevel: PIE: StaticDuplicateObject took: (0.003771s)
[2026.04.01-18.54.31:286][116]LogAIModule: Creating AISystem for world Minimal_Default
[2026.04.01-18.54.31:287][116]LogPlayLevel: PIE: World Init took: (0.001364s)
[2026.04.01-18.54.31:287][116]LogPlayLevel: PIE: Created PIE world by copying editor world from /Game/StarterContent/Maps/Minimal_Default.Minimal_Default to /Game/StarterContent/Maps/UEDPIE_0_Minimal_Default.Minimal_Default (0.005326s)
[2026.04.01-18.54.31:318][116]LogUObjectHash: Compacting FUObjectHashTables data took   3.70ms
[2026.04.01-18.54.31:318][116]LogAudio: Display: Creating Audio Device:                 Id: 12, Scope: Unique, Realtime: True
[2026.04.01-18.54.31:318][116]LogAudioMixer: Display: Audio Mixer Platform Settings:
[2026.04.01-18.54.31:318][116]LogAudioMixer: Display: 	Sample Rate:						  48000
[2026.04.01-18.54.31:318][116]LogAudioMixer: Display: 	Callback Buffer Frame Size Requested: 1024
[2026.04.01-18.54.31:318][116]LogAudioMixer: Display: 	Callback Buffer Frame Size To Use:	  1024
[2026.04.01-18.54.31:318][116]LogAudioMixer: Display: 	Number of buffers to queue:			  2
[2026.04.01-18.54.31:318][116]LogAudioMixer: Display: 	Max Channels (voices):				  32
[2026.04.01-18.54.31:318][116]LogAudioMixer: Display: 	Number of Async Source Workers:		  0
[2026.04.01-18.54.31:318][116]LogAudio: Display: AudioDevice MaxSources: 32
[2026.04.01-18.54.31:319][116]LogAudio: Display: Audio Spatialization Plugin: None (built-in).
[2026.04.01-18.54.31:319][116]LogAudio: Display: Audio Reverb Plugin: None (built-in).
[2026.04.01-18.54.31:319][116]LogAudio: Display: Audio Occlusion Plugin: None (built-in).
[2026.04.01-18.54.31:319][116]LogAudioMixer: Display: Initializing audio mixer.
[2026.04.01-18.54.31:323][116]LogAudioMixer: Display: 0: FrontLeft
[2026.04.01-18.54.31:323][116]LogAudioMixer: Display: 1: FrontRight
[2026.04.01-18.54.31:349][116]LogAudioMixer: Display: Using Audio Device Headphones (Realtek(R) Audio)
[2026.04.01-18.54.31:349][116]LogAudioMixer: Display: Initializing Sound Submixes...
[2026.04.01-18.54.31:349][116]LogAudioMixer: Display: Creating Master Submix 'MasterSubmixDefault'
[2026.04.01-18.54.31:349][116]LogAudioMixer: Display: Creating Master Submix 'MasterReverbSubmixDefault'
[2026.04.01-18.54.31:349][116]LogAudioMixer: Display: Creating Master Submix 'MasterEQSubmixDefault'
[2026.04.01-18.54.31:349][116]LogAudioMixer: FMixerPlatformXAudio2::StartAudioStream() called
[2026.04.01-18.54.31:349][116]LogAudioMixer: Display: Output buffers initialized: Frames=1024, Channels=2, Samples=2048
[2026.04.01-18.54.31:351][116]LogAudioMixer: Display: Starting AudioMixerPlatformInterface::RunInternal()
[2026.04.01-18.54.31:351][116]LogAudioMixer: Display: FMixerPlatformXAudio2::SubmitBuffer() called for the first time
[2026.04.01-18.54.31:351][116]LogInit: FAudioDevice initialized.
[2026.04.01-18.54.31:351][116]LogAudio: Display: Audio Device (ID: 12) registered with world 'Minimal_Default'.
[2026.04.01-18.54.31:396][116]LogSlate: Updating window title bar state: overlay mode, drag disabled, window buttons hidden, title bar hidden
[2026.04.01-18.54.31:396][116]LogLoad: Game class is 'FirstPersonGameMode_C'
[2026.04.01-18.54.31:397][116]LogWorld: Bringing World /Game/StarterContent/Maps/UEDPIE_0_Minimal_Default.Minimal_Default up for play (max tick rate 0) at 2026.04.01-21.54.31
[2026.04.01-18.54.31:398][116]LogWorld: Bringing up level for play took: 0.000726
[2026.04.01-18.54.31:398][116]LogOnline: OSS: Creating online subsystem instance for: :Context_13
[2026.04.01-18.54.31:402][116]PIE: Server logged in
[2026.04.01-18.54.31:405][116]PIE: Play in editor total start time 0,124 seconds.
[2026.04.01-18.54.31:526][117]LogRenderer: Reallocating scene render targets to support 1116x512 Format 9 NumSamples 1 (Frame:1).
[2026.04.01-18.54.33:002][185]LogSlate: Updating window title bar state: overlay mode, drag disabled, window buttons hidden, title bar hidden
[2026.04.01-18.54.33:002][185]LogWorld: BeginTearingDown for /Game/StarterContent/Maps/UEDPIE_0_Minimal_Default
[2026.04.01-18.54.33:002][185]LogSlate: Window 'Playtime_Multiplayer Preview [NetMode: Standalone]  (64-bit/Windows) ' being destroyed
[2026.04.01-18.54.33:012][185]LogWorld: UWorld::CleanupWorld for Minimal_Default, bSessionEnded=true, bCleanupResources=true
[2026.04.01-18.54.33:013][185]LogSlate: InvalidateAllWidgets triggered.  All widgets were invalidated
[2026.04.01-18.54.33:023][185]LogPlayLevel: Display: Shutting down PIE online subsystems
[2026.04.01-18.54.33:031][185]LogSlate: InvalidateAllWidgets triggered.  All widgets were invalidated
[2026.04.01-18.54.33:067][185]LogAudio: Display: Audio Device unregistered from world 'None'.
[2026.04.01-18.54.33:068][185]LogAudioMixer: FMixerPlatformXAudio2::StopAudioStream() called
[2026.04.01-18.54.33:069][185]LogAudioMixer: FMixerPlatformXAudio2::StopAudioStream() called
[2026.04.01-18.54.33:079][185]LogUObjectHash: Compacting FUObjectHashTables data took   5.65ms
[2026.04.01-18.54.33:107][186]LogPlayLevel: Display: Destroying online subsystem :Context_13
[2026.04.01-18.54.52:945][175]BlueprintLog: New page: Compile Buttons
[2026.04.01-18.54.52:988][175]LogUObjectHash: Compacting FUObjectHashTables data took   5.85ms
[2026.04.01-18.54.53:519][199]LogTemp: Repeating last play command: New Editor Window (PIE)
[2026.04.01-18.54.53:528][199]LogPlayLevel: PlayLevel: No blueprints needed recompiling
[2026.04.01-18.54.53:528][199]PIE: New page: PIE session: Minimal_Default (2 апр. 2026 г., 00:54:53)
[2026.04.01-18.54.53:528][199]LogPlayLevel: Creating play world package: /Game/StarterContent/Maps/UEDPIE_0_Minimal_Default
[2026.04.01-18.54.53:533][199]LogPlayLevel: PIE: StaticDuplicateObject took: (0.005143s)
[2026.04.01-18.54.53:535][199]LogAIModule: Creating AISystem for world Minimal_Default
[2026.04.01-18.54.53:535][199]LogPlayLevel: PIE: World Init took: (0.001825s)
[2026.04.01-18.54.53:535][199]LogPlayLevel: PIE: Created PIE world by copying editor world from /Game/StarterContent/Maps/Minimal_Default.Minimal_Default to /Game/StarterContent/Maps/UEDPIE_0_Minimal_Default.Minimal_Default (0.007164s)
[2026.04.01-18.54.53:567][199]LogUObjectHash: Compacting FUObjectHashTables data took   4.24ms
[2026.04.01-18.54.53:567][199]LogAudio: Display: Creating Audio Device:                 Id: 13, Scope: Unique, Realtime: True
[2026.04.01-18.54.53:567][199]LogAudioMixer: Display: Audio Mixer Platform Settings:
[2026.04.01-18.54.53:567][199]LogAudioMixer: Display: 	Sample Rate:						  48000
[2026.04.01-18.54.53:567][199]LogAudioMixer: Display: 	Callback Buffer Frame Size Requested: 1024
[2026.04.01-18.54.53:567][199]LogAudioMixer: Display: 	Callback Buffer Frame Size To Use:	  1024
[2026.04.01-18.54.53:567][199]LogAudioMixer: Display: 	Number of buffers to queue:			  2
[2026.04.01-18.54.53:567][199]LogAudioMixer: Display: 	Max Channels (voices):				  32
[2026.04.01-18.54.53:567][199]LogAudioMixer: Display: 	Number of Async Source Workers:		  0
[2026.04.01-18.54.53:567][199]LogAudio: Display: AudioDevice MaxSources: 32
[2026.04.01-18.54.53:568][199]LogAudio: Display: Audio Spatialization Plugin: None (built-in).
[2026.04.01-18.54.53:568][199]LogAudio: Display: Audio Reverb Plugin: None (built-in).
[2026.04.01-18.54.53:568][199]LogAudio: Display: Audio Occlusion Plugin: None (built-in).
[2026.04.01-18.54.53:568][199]LogAudioMixer: Display: Initializing audio mixer.
[2026.04.01-18.54.53:573][199]LogAudioMixer: Display: 0: FrontLeft
[2026.04.01-18.54.53:573][199]LogAudioMixer: Display: 1: FrontRight
[2026.04.01-18.54.53:598][199]LogAudioMixer: Display: Using Audio Device Headphones (Realtek(R) Audio)
[2026.04.01-18.54.53:598][199]LogAudioMixer: Display: Initializing Sound Submixes...
[2026.04.01-18.54.53:598][199]LogAudioMixer: Display: Creating Master Submix 'MasterSubmixDefault'
[2026.04.01-18.54.53:598][199]LogAudioMixer: Display: Creating Master Submix 'MasterReverbSubmixDefault'
[2026.04.01-18.54.53:598][199]LogAudioMixer: Display: Creating Master Submix 'MasterEQSubmixDefault'
[2026.04.01-18.54.53:599][199]LogAudioMixer: FMixerPlatformXAudio2::StartAudioStream() called
[2026.04.01-18.54.53:599][199]LogAudioMixer: Display: Output buffers initialized: Frames=1024, Channels=2, Samples=2048
[2026.04.01-18.54.53:600][199]LogAudioMixer: Display: Starting AudioMixerPlatformInterface::RunInternal()
[2026.04.01-18.54.53:601][199]LogAudioMixer: Display: FMixerPlatformXAudio2::SubmitBuffer() called for the first time
[2026.04.01-18.54.53:601][199]LogInit: FAudioDevice initialized.
[2026.04.01-18.54.53:601][199]LogAudio: Display: Audio Device (ID: 13) registered with world 'Minimal_Default'.
[2026.04.01-18.54.53:656][199]LogSlate: Updating window title bar state: overlay mode, drag disabled, window buttons hidden, title bar hidden
[2026.04.01-18.54.53:656][199]LogLoad: Game class is 'FirstPersonGameMode_C'
[2026.04.01-18.54.53:657][199]LogWorld: Bringing World /Game/StarterContent/Maps/UEDPIE_0_Minimal_Default.Minimal_Default up for play (max tick rate 0) at 2026.04.01-21.54.53
[2026.04.01-18.54.53:658][199]LogWorld: Bringing up level for play took: 0.000714
[2026.04.01-18.54.53:658][199]LogOnline: OSS: Creating online subsystem instance for: :Context_14
[2026.04.01-18.54.53:662][199]PIE: Server logged in
[2026.04.01-18.54.53:665][199]PIE: Play in editor total start time 0,139 seconds.
[2026.04.01-18.54.55:290][270]LogSlate: Updating window title bar state: overlay mode, drag disabled, window buttons hidden, title bar hidden
[2026.04.01-18.54.55:291][270]LogWorld: BeginTearingDown for /Game/StarterContent/Maps/UEDPIE_0_Minimal_Default
[2026.04.01-18.54.55:291][270]LogSlate: Window 'Playtime_Multiplayer Preview [NetMode: Standalone]  (64-bit/Windows) ' being destroyed
[2026.04.01-18.54.55:299][270]LogWorld: UWorld::CleanupWorld for Minimal_Default, bSessionEnded=true, bCleanupResources=true
[2026.04.01-18.54.55:300][270]LogSlate: InvalidateAllWidgets triggered.  All widgets were invalidated
[2026.04.01-18.54.55:309][270]LogPlayLevel: Display: Shutting down PIE online subsystems
[2026.04.01-18.54.55:314][270]LogSlate: InvalidateAllWidgets triggered.  All widgets were invalidated
[2026.04.01-18.54.55:345][270]LogAudio: Display: Audio Device unregistered from world 'None'.
[2026.04.01-18.54.55:345][270]LogAudioMixer: FMixerPlatformXAudio2::StopAudioStream() called
[2026.04.01-18.54.55:346][270]LogAudioMixer: FMixerPlatformXAudio2::StopAudioStream() called
[2026.04.01-18.54.55:353][270]LogUObjectHash: Compacting FUObjectHashTables data took   4.56ms
[2026.04.01-18.54.55:377][271]LogPlayLevel: Display: Destroying online subsystem :Context_14
[2026.04.01-18.56.26:477][815]LogFactory: FactoryCreateFile: Texture with ReimportTextureFactory (0 0 C:\Users\User\Desktop\FModel\Output\Exports\Playtime_Multiplayer\Content\Interface\MainMenu\Textures\ToyBox\Level_Badge\Badge.png)
[2026.04.01-18.56.26:482][815]LogTexture: Display: Building textures: Badge (OODLE_AutoDXT, 512X512)
[2026.04.01-18.56.46:960][ 67]LogUObjectHash: Compacting FUObjectHashTables data took   4.38ms
[2026.04.01-18.56.48:022][ 67]LogSlate: Window 'Save Content' being destroyed
[2026.04.01-18.56.48:062][ 67]Cmd: OBJ SAVEPACKAGE PACKAGE="/Game/Widgets/textures/Badge" FILE="../../../../../../Users/User/Documents/Unreal Projects/Playtime_Multiplayer/Content/Widgets/textures/Badge.uasset" SILENT=true
[2026.04.01-18.56.48:073][ 67]LogSavePackage: Moving '../../../../../../Users/User/Documents/Unreal Projects/Playtime_Multiplayer/Saved/BadgeE532D81A46F7B88D3BE0D79EC7D15E3F.tmp' to '../../../../../../Users/User/Documents/Unreal Projects/Playtime_Multiplayer/Content/Widgets/textures/Badge.uasset'
[2026.04.01-18.56.48:073][ 67]Cmd: OBJ SAVEPACKAGE PACKAGE="/Game/Widgets/Buttons" FILE="../../../../../../Users/User/Documents/Unreal Projects/Playtime_Multiplayer/Content/Widgets/Buttons.uasset" SILENT=true
[2026.04.01-18.56.48:090][ 67]LogSavePackage: Moving '../../../../../../Users/User/Documents/Unreal Projects/Playtime_Multiplayer/Saved/ButtonsB7FB51B1405F0637874B3AB7733E0A01.tmp' to '../../../../../../Users/User/Documents/Unreal Projects/Playtime_Multiplayer/Content/Widgets/Buttons.uasset'
[2026.04.01-18.56.48:113][ 67]AssetCheck: New page: Asset Save: multiple assets
[2026.04.01-18.56.48:113][ 67]LogContentValidation: Display: Validating WidgetBlueprint /Game/Widgets/Buttons.Buttons
[2026.04.01-18.56.48:113][ 67]LogContentValidation: Display: Validating Texture2D /Game/Widgets/textures/Badge.Badge
[2026.04.01-18.56.49:403][127]LogUObjectHash: Compacting FUObjectHashTables data took   1.44ms
[2026.04.01-18.56.49:428][127]LogSavePackage: Moving '../../../../../../Users/User/Documents/Unreal Projects/Playtime_Multiplayer/Saved/Minimal_Default9284DA79423DE2FEFE075098D002E7B9.tmp' to '../../../../../../Users/User/Documents/Unreal Projects/Playtime_Multiplayer/Content/StarterContent/Maps/Minimal_Default.umap'
[2026.04.01-18.56.49:473][127]LogSavePackage: Moving '../../../../../../Users/User/Documents/Unreal Projects/Playtime_Multiplayer/Saved/Minimal_Default_BuiltData43EBCE584CE180F960874EBEC6879275.tmp' to '../../../../../../Users/User/Documents/Unreal Projects/Playtime_Multiplayer/Content/StarterContent/Maps/Minimal_Default_BuiltData.uasset'
[2026.04.01-18.56.49:490][127]AssetCheck: New page: Asset Save: multiple assets
[2026.04.01-18.56.49:490][127]LogContentValidation: Display: Validating MapBuildDataRegistry /Game/StarterContent/Maps/Minimal_Default_BuiltData.Minimal_Default_BuiltData
[2026.04.01-18.56.49:490][127]LogContentValidation: Display: Validating World /Game/StarterContent/Maps/Minimal_Default.Minimal_Default
[2026.04.01-18.57.10:798][156]LogEditorTransaction: Undo Drag and Drop Widget
[2026.04.01-18.57.12:456][223]LogEditorTransaction: Undo Resize Widget
[2026.04.01-18.57.15:785][333]LogEditorTransaction: Undo Drag and Drop Widget
[2026.04.01-18.58.19:460][242]Cmd: OBJ SAVEPACKAGE PACKAGE="/Game/Widgets/Buttons" FILE="../../../../../../Users/User/Documents/Unreal Projects/Playtime_Multiplayer/Content/Widgets/Buttons.uasset" SILENT=true
[2026.04.01-18.58.19:485][242]LogSavePackage: Moving '../../../../../../Users/User/Documents/Unreal Projects/Playtime_Multiplayer/Saved/ButtonsD613FCFE4A5FED83EF4A0BA7DE1383BE.tmp' to '../../../../../../Users/User/Documents/Unreal Projects/Playtime_Multiplayer/Content/Widgets/Buttons.uasset'
[2026.04.01-18.58.19:511][242]AssetCheck: New page: Asset Save: Buttons
[2026.04.01-18.58.19:511][242]LogContentValidation: Display: Validating WidgetBlueprint /Game/Widgets/Buttons.Buttons
[2026.04.01-18.58.47:045][409]BlueprintLog: New page: Compile Buttons
[2026.04.01-18.58.47:116][409]LogUObjectHash: Compacting FUObjectHashTables data took   6.06ms
[2026.04.01-18.58.50:475][588]LogUObjectHash: Compacting FUObjectHashTables data took   4.01ms
[2026.04.01-18.58.51:488][588]LogSlate: Window 'Save Content' being destroyed
[2026.04.01-18.58.51:533][588]Cmd: OBJ SAVEPACKAGE PACKAGE="/Game/Widgets/Buttons" FILE="../../../../../../Users/User/Documents/Unreal Projects/Playtime_Multiplayer/Content/Widgets/Buttons.uasset" SILENT=true
[2026.04.01-18.58.51:560][588]LogSavePackage: Moving '../../../../../../Users/User/Documents/Unreal Projects/Playtime_Multiplayer/Saved/ButtonsF87C884742F205119949BA995A0960C5.tmp' to '../../../../../../Users/User/Documents/Unreal Projects/Playtime_Multiplayer/Content/Widgets/Buttons.uasset'
[2026.04.01-18.58.51:584][588]AssetCheck: New page: Asset Save: Buttons
[2026.04.01-18.58.51:584][588]LogContentValidation: Display: Validating WidgetBlueprint /Game/Widgets/Buttons.Buttons
[2026.04.01-18.59.05:699][358]BlueprintLog: New page: Compile Buttons
[2026.04.01-18.59.05:765][358]LogUObjectHash: Compacting FUObjectHashTables data took   4.07ms
[2026.04.01-18.59.06:195][378]LogTemp: Repeating last play command: New Editor Window (PIE)
[2026.04.01-18.59.06:200][378]LogPlayLevel: PlayLevel: No blueprints needed recompiling
[2026.04.01-18.59.06:201][378]PIE: New page: PIE session: Minimal_Default (2 апр. 2026 г., 00:59:06)
[2026.04.01-18.59.06:201][378]LogPlayLevel: Creating play world package: /Game/StarterContent/Maps/UEDPIE_0_Minimal_Default
[2026.04.01-18.59.06:206][378]LogPlayLevel: PIE: StaticDuplicateObject took: (0.004416s)
[2026.04.01-18.59.06:207][378]LogAIModule: Creating AISystem for world Minimal_Default
[2026.04.01-18.59.06:207][378]LogPlayLevel: PIE: World Init took: (0.001269s)
[2026.04.01-18.59.06:207][378]LogPlayLevel: PIE: Created PIE world by copying editor world from /Game/StarterContent/Maps/Minimal_Default.Minimal_Default to /Game/StarterContent/Maps/UEDPIE_0_Minimal_Default.Minimal_Default (0.005820s)
[2026.04.01-18.59.06:240][378]LogUObjectHash: Compacting FUObjectHashTables data took   3.69ms
[2026.04.01-18.59.06:241][378]LogAudio: Display: Creating Audio Device:                 Id: 14, Scope: Unique, Realtime: True
[2026.04.01-18.59.06:241][378]LogAudioMixer: Display: Audio Mixer Platform Settings:
[2026.04.01-18.59.06:241][378]LogAudioMixer: Display: 	Sample Rate:						  48000
[2026.04.01-18.59.06:241][378]LogAudioMixer: Display: 	Callback Buffer Frame Size Requested: 1024
[2026.04.01-18.59.06:241][378]LogAudioMixer: Display: 	Callback Buffer Frame Size To Use:	  1024
[2026.04.01-18.59.06:241][378]LogAudioMixer: Display: 	Number of buffers to queue:			  2
[2026.04.01-18.59.06:241][378]LogAudioMixer: Display: 	Max Channels (voices):				  32
[2026.04.01-18.59.06:241][378]LogAudioMixer: Display: 	Number of Async Source Workers:		  0
[2026.04.01-18.59.06:241][378]LogAudio: Display: AudioDevice MaxSources: 32
[2026.04.01-18.59.06:241][378]LogAudio: Display: Audio Spatialization Plugin: None (built-in).
[2026.04.01-18.59.06:242][378]LogAudio: Display: Audio Reverb Plugin: None (built-in).
[2026.04.01-18.59.06:242][378]LogAudio: Display: Audio Occlusion Plugin: None (built-in).
[2026.04.01-18.59.06:242][378]LogAudioMixer: Display: Initializing audio mixer.
[2026.04.01-18.59.06:246][378]LogAudioMixer: Display: 0: FrontLeft
[2026.04.01-18.59.06:246][378]LogAudioMixer: Display: 1: FrontRight
[2026.04.01-18.59.06:273][378]LogAudioMixer: Display: Using Audio Device Headphones (Realtek(R) Audio)
[2026.04.01-18.59.06:273][378]LogAudioMixer: Display: Initializing Sound Submixes...
[2026.04.01-18.59.06:273][378]LogAudioMixer: Display: Creating Master Submix 'MasterSubmixDefault'
[2026.04.01-18.59.06:273][378]LogAudioMixer: Display: Creating Master Submix 'MasterReverbSubmixDefault'
[2026.04.01-18.59.06:273][378]LogAudioMixer: Display: Creating Master Submix 'MasterEQSubmixDefault'
[2026.04.01-18.59.06:273][378]LogAudioMixer: FMixerPlatformXAudio2::StartAudioStream() called
[2026.04.01-18.59.06:273][378]LogAudioMixer: Display: Output buffers initialized: Frames=1024, Channels=2, Samples=2048
[2026.04.01-18.59.06:276][378]LogAudioMixer: Display: Starting AudioMixerPlatformInterface::RunInternal()
[2026.04.01-18.59.06:276][378]LogAudioMixer: Display: FMixerPlatformXAudio2::SubmitBuffer() called for the first time
[2026.04.01-18.59.06:276][378]LogInit: FAudioDevice initialized.
[2026.04.01-18.59.06:276][378]LogAudio: Display: Audio Device (ID: 14) registered with world 'Minimal_Default'.
[2026.04.01-18.59.06:322][378]LogSlate: Updating window title bar state: overlay mode, drag disabled, window buttons hidden, title bar hidden
[2026.04.01-18.59.06:322][378]LogLoad: Game class is 'FirstPersonGameMode_C'
[2026.04.01-18.59.06:324][378]LogWorld: Bringing World /Game/StarterContent/Maps/UEDPIE_0_Minimal_Default.Minimal_Default up for play (max tick rate 0) at 2026.04.01-21.59.06
[2026.04.01-18.59.06:324][378]LogWorld: Bringing up level for play took: 0.000753
[2026.04.01-18.59.06:324][378]LogOnline: OSS: Creating online subsystem instance for: :Context_15
[2026.04.01-18.59.06:331][378]PIE: Server logged in
[2026.04.01-18.59.06:333][378]PIE: Play in editor total start time 0,132 seconds.
[2026.04.01-18.59.06:455][379]LogRenderer: Reallocating scene render targets to support 1116x516 Format 9 NumSamples 1 (Frame:1).
[2026.04.01-18.59.09:561][513]LogSlate: Updating window title bar state: overlay mode, drag disabled, window buttons hidden, title bar hidden
[2026.04.01-18.59.09:561][513]LogWorld: BeginTearingDown for /Game/StarterContent/Maps/UEDPIE_0_Minimal_Default
[2026.04.01-18.59.09:561][513]LogSlate: Window 'Playtime_Multiplayer Preview [NetMode: Standalone]  (64-bit/Windows) ' being destroyed
[2026.04.01-18.59.09:575][513]LogWorld: UWorld::CleanupWorld for Minimal_Default, bSessionEnded=true, bCleanupResources=true
[2026.04.01-18.59.09:576][513]LogSlate: InvalidateAllWidgets triggered.  All widgets were invalidated
[2026.04.01-18.59.09:592][513]LogPlayLevel: Display: Shutting down PIE online subsystems
[2026.04.01-18.59.09:598][513]LogSlate: InvalidateAllWidgets triggered.  All widgets were invalidated
[2026.04.01-18.59.09:626][513]LogAudio: Display: Audio Device unregistered from world 'None'.
[2026.04.01-18.59.09:626][513]LogAudioMixer: FMixerPlatformXAudio2::StopAudioStream() called
[2026.04.01-18.59.09:628][513]LogAudioMixer: FMixerPlatformXAudio2::StopAudioStream() called
[2026.04.01-18.59.09:635][513]LogUObjectHash: Compacting FUObjectHashTables data took   4.05ms
[2026.04.01-18.59.09:663][514]LogPlayLevel: Display: Destroying online subsystem :Context_15
[2026.04.01-19.00.15:028][776]LogEditorTransaction: Undo Drag and Drop Widget
[2026.04.01-19.00.26:985][380]BlueprintLog: New page: Compile Buttons
[2026.04.01-19.00.27:034][380]LogUObjectHash: Compacting FUObjectHashTables data took   4.45ms
[2026.04.01-19.00.27:721][413]LogTemp: Repeating last play command: New Editor Window (PIE)
[2026.04.01-19.00.27:728][413]LogPlayLevel: PlayLevel: No blueprints needed recompiling
[2026.04.01-19.00.27:728][413]PIE: New page: PIE session: Minimal_Default (2 апр. 2026 г., 01:00:27)
[2026.04.01-19.00.27:728][413]LogPlayLevel: Creating play world package: /Game/StarterContent/Maps/UEDPIE_0_Minimal_Default
[2026.04.01-19.00.27:733][413]LogPlayLevel: PIE: StaticDuplicateObject took: (0.005318s)
[2026.04.01-19.00.27:733][413]LogAIModule: Creating AISystem for world Minimal_Default
[2026.04.01-19.00.27:735][413]LogPlayLevel: PIE: World Init took: (0.001159s)
[2026.04.01-19.00.27:735][413]LogPlayLevel: PIE: Created PIE world by copying editor world from /Game/StarterContent/Maps/Minimal_Default.Minimal_Default to /Game/StarterContent/Maps/UEDPIE_0_Minimal_Default.Minimal_Default (0.006670s)
[2026.04.01-19.00.27:765][413]LogUObjectHash: Compacting FUObjectHashTables data took   3.74ms
[2026.04.01-19.00.27:765][413]LogAudio: Display: Creating Audio Device:                 Id: 15, Scope: Unique, Realtime: True
[2026.04.01-19.00.27:765][413]LogAudioMixer: Display: Audio Mixer Platform Settings:
[2026.04.01-19.00.27:765][413]LogAudioMixer: Display: 	Sample Rate:						  48000
[2026.04.01-19.00.27:765][413]LogAudioMixer: Display: 	Callback Buffer Frame Size Requested: 1024
[2026.04.01-19.00.27:765][413]LogAudioMixer: Display: 	Callback Buffer Frame Size To Use:	  1024
[2026.04.01-19.00.27:765][413]LogAudioMixer: Display: 	Number of buffers to queue:			  2
[2026.04.01-19.00.27:765][413]LogAudioMixer: Display: 	Max Channels (voices):				  32
[2026.04.01-19.00.27:765][413]LogAudioMixer: Display: 	Number of Async Source Workers:		  0
[2026.04.01-19.00.27:765][413]LogAudio: Display: AudioDevice MaxSources: 32
[2026.04.01-19.00.27:766][413]LogAudio: Display: Audio Spatialization Plugin: None (built-in).
[2026.04.01-19.00.27:766][413]LogAudio: Display: Audio Reverb Plugin: None (built-in).
[2026.04.01-19.00.27:766][413]LogAudio: Display: Audio Occlusion Plugin: None (built-in).
[2026.04.01-19.00.27:766][413]LogAudioMixer: Display: Initializing audio mixer.
[2026.04.01-19.00.27:770][413]LogAudioMixer: Display: 0: FrontLeft
[2026.04.01-19.00.27:770][413]LogAudioMixer: Display: 1: FrontRight
[2026.04.01-19.00.27:798][413]LogAudioMixer: Display: Using Audio Device Headphones (Realtek(R) Audio)
[2026.04.01-19.00.27:800][413]LogAudioMixer: Display: Initializing Sound Submixes...
[2026.04.01-19.00.27:800][413]LogAudioMixer: Display: Creating Master Submix 'MasterSubmixDefault'
[2026.04.01-19.00.27:800][413]LogAudioMixer: Display: Creating Master Submix 'MasterReverbSubmixDefault'
[2026.04.01-19.00.27:800][413]LogAudioMixer: Display: Creating Master Submix 'MasterEQSubmixDefault'
[2026.04.01-19.00.27:800][413]LogAudioMixer: FMixerPlatformXAudio2::StartAudioStream() called
[2026.04.01-19.00.27:800][413]LogAudioMixer: Display: Output buffers initialized: Frames=1024, Channels=2, Samples=2048
[2026.04.01-19.00.27:800][413]LogAudioMixer: Display: Starting AudioMixerPlatformInterface::RunInternal()
[2026.04.01-19.00.27:800][413]LogAudioMixer: Display: FMixerPlatformXAudio2::SubmitBuffer() called for the first time
[2026.04.01-19.00.27:801][413]LogInit: FAudioDevice initialized.
[2026.04.01-19.00.27:801][413]LogAudio: Display: Audio Device (ID: 15) registered with world 'Minimal_Default'.
[2026.04.01-19.00.27:845][413]LogSlate: Updating window title bar state: overlay mode, drag disabled, window buttons hidden, title bar hidden
[2026.04.01-19.00.27:845][413]LogLoad: Game class is 'FirstPersonGameMode_C'
[2026.04.01-19.00.27:846][413]LogWorld: Bringing World /Game/StarterContent/Maps/UEDPIE_0_Minimal_Default.Minimal_Default up for play (max tick rate 0) at 2026.04.01-22.00.27
[2026.04.01-19.00.27:847][413]LogWorld: Bringing up level for play took: 0.000848
[2026.04.01-19.00.27:847][413]LogOnline: OSS: Creating online subsystem instance for: :Context_16
[2026.04.01-19.00.27:853][413]PIE: Server logged in
[2026.04.01-19.00.27:855][413]PIE: Play in editor total start time 0,128 seconds.
[2026.04.01-19.00.29:620][491]LogSlate: Updating window title bar state: overlay mode, drag disabled, window buttons hidden, title bar hidden
[2026.04.01-19.00.29:621][491]LogWorld: BeginTearingDown for /Game/StarterContent/Maps/UEDPIE_0_Minimal_Default
[2026.04.01-19.00.29:621][491]LogSlate: Window 'Playtime_Multiplayer Preview [NetMode: Standalone]  (64-bit/Windows) ' being destroyed
[2026.04.01-19.00.29:630][491]LogWorld: UWorld::CleanupWorld for Minimal_Default, bSessionEnded=true, bCleanupResources=true
[2026.04.01-19.00.29:630][491]LogSlate: InvalidateAllWidgets triggered.  All widgets were invalidated
[2026.04.01-19.00.29:638][491]LogPlayLevel: Display: Shutting down PIE online subsystems
[2026.04.01-19.00.29:646][491]LogSlate: InvalidateAllWidgets triggered.  All widgets were invalidated
[2026.04.01-19.00.29:677][491]LogAudio: Display: Audio Device unregistered from world 'None'.
[2026.04.01-19.00.29:677][491]LogAudioMixer: FMixerPlatformXAudio2::StopAudioStream() called
[2026.04.01-19.00.29:678][491]LogAudioMixer: FMixerPlatformXAudio2::StopAudioStream() called
[2026.04.01-19.00.29:685][491]LogUObjectHash: Compacting FUObjectHashTables data took   3.09ms
[2026.04.01-19.00.29:706][492]LogPlayLevel: Display: Destroying online subsystem :Context_16
[2026.04.01-19.00.35:440][753]LogTemp: Repeating last play command: New Editor Window (PIE)
[2026.04.01-19.00.35:446][753]BlueprintLog: New page: Pre-Play auto-recompile
[2026.04.01-19.00.35:448][753]LogPlayLevel: [PlayLevel] Compiling Buttons before play...
[2026.04.01-19.00.35:539][753]LogUObjectHash: Compacting FUObjectHashTables data took   4.06ms
[2026.04.01-19.00.35:540][753]LogPlayLevel: PlayLevel: Blueprint regeneration took 94 ms (1 blueprints)
[2026.04.01-19.00.35:540][753]PIE: New page: PIE session: Minimal_Default (2 апр. 2026 г., 01:00:35)
[2026.04.01-19.00.35:540][753]LogPlayLevel: Creating play world package: /Game/StarterContent/Maps/UEDPIE_0_Minimal_Default
[2026.04.01-19.00.35:543][753]LogPlayLevel: PIE: StaticDuplicateObject took: (0.003479s)
[2026.04.01-19.00.35:545][753]LogAIModule: Creating AISystem for world Minimal_Default
[2026.04.01-19.00.35:546][753]LogPlayLevel: PIE: World Init took: (0.001167s)
[2026.04.01-19.00.35:546][753]LogPlayLevel: PIE: Created PIE world by copying editor world from /Game/StarterContent/Maps/Minimal_Default.Minimal_Default to /Game/StarterContent/Maps/UEDPIE_0_Minimal_Default.Minimal_Default (0.004768s)
[2026.04.01-19.00.35:579][753]LogUObjectHash: Compacting FUObjectHashTables data took   2.69ms
[2026.04.01-19.00.35:579][753]LogAudio: Display: Creating Audio Device:                 Id: 16, Scope: Unique, Realtime: True
[2026.04.01-19.00.35:579][753]LogAudioMixer: Display: Audio Mixer Platform Settings:
[2026.04.01-19.00.35:579][753]LogAudioMixer: Display: 	Sample Rate:						  48000
[2026.04.01-19.00.35:579][753]LogAudioMixer: Display: 	Callback Buffer Frame Size Requested: 1024
[2026.04.01-19.00.35:579][753]LogAudioMixer: Display: 	Callback Buffer Frame Size To Use:	  1024
[2026.04.01-19.00.35:579][753]LogAudioMixer: Display: 	Number of buffers to queue:			  2
[2026.04.01-19.00.35:579][753]LogAudioMixer: Display: 	Max Channels (voices):				  32
[2026.04.01-19.00.35:579][753]LogAudioMixer: Display: 	Number of Async Source Workers:		  0
[2026.04.01-19.00.35:579][753]LogAudio: Display: AudioDevice MaxSources: 32
[2026.04.01-19.00.35:580][753]LogAudio: Display: Audio Spatialization Plugin: None (built-in).
[2026.04.01-19.00.35:580][753]LogAudio: Display: Audio Reverb Plugin: None (built-in).
[2026.04.01-19.00.35:580][753]LogAudio: Display: Audio Occlusion Plugin: None (built-in).
[2026.04.01-19.00.35:580][753]LogAudioMixer: Display: Initializing audio mixer.
[2026.04.01-19.00.35:584][753]LogAudioMixer: Display: 0: FrontLeft
[2026.04.01-19.00.35:584][753]LogAudioMixer: Display: 1: FrontRight
[2026.04.01-19.00.35:614][753]LogAudioMixer: Display: Using Audio Device Headphones (Realtek(R) Audio)
[2026.04.01-19.00.35:614][753]LogAudioMixer: Display: Initializing Sound Submixes...
[2026.04.01-19.00.35:614][753]LogAudioMixer: Display: Creating Master Submix 'MasterSubmixDefault'
[2026.04.01-19.00.35:614][753]LogAudioMixer: Display: Creating Master Submix 'MasterReverbSubmixDefault'
[2026.04.01-19.00.35:615][753]LogAudioMixer: Display: Creating Master Submix 'MasterEQSubmixDefault'
[2026.04.01-19.00.35:615][753]LogAudioMixer: FMixerPlatformXAudio2::StartAudioStream() called
[2026.04.01-19.00.35:615][753]LogAudioMixer: Display: Output buffers initialized: Frames=1024, Channels=2, Samples=2048
[2026.04.01-19.00.35:616][753]LogAudioMixer: Display: Starting AudioMixerPlatformInterface::RunInternal()
[2026.04.01-19.00.35:616][753]LogAudioMixer: Display: FMixerPlatformXAudio2::SubmitBuffer() called for the first time
[2026.04.01-19.00.35:616][753]LogInit: FAudioDevice initialized.
[2026.04.01-19.00.35:616][753]LogAudio: Display: Audio Device (ID: 16) registered with world 'Minimal_Default'.
[2026.04.01-19.00.35:675][753]LogSlate: Updating window title bar state: overlay mode, drag disabled, window buttons hidden, title bar hidden
[2026.04.01-19.00.35:675][753]LogLoad: Game class is 'FirstPersonGameMode_C'
[2026.04.01-19.00.35:677][753]LogWorld: Bringing World /Game/StarterContent/Maps/UEDPIE_0_Minimal_Default.Minimal_Default up for play (max tick rate 0) at 2026.04.01-22.00.35
[2026.04.01-19.00.35:677][753]LogWorld: Bringing up level for play took: 0.000754
[2026.04.01-19.00.35:677][753]LogOnline: OSS: Creating online subsystem instance for: :Context_17
[2026.04.01-19.00.35:683][753]PIE: Server logged in
[2026.04.01-19.00.35:685][753]PIE: Play in editor total start time 0,24 seconds.
[2026.04.01-19.00.35:785][754]LogRenderer: Reallocating scene render targets to support 1116x520 Format 9 NumSamples 1 (Frame:1).
[2026.04.01-19.00.36:811][799]LogSlate: Updating window title bar state: overlay mode, drag disabled, window buttons hidden, title bar hidden
[2026.04.01-19.00.36:811][799]LogWorld: BeginTearingDown for /Game/StarterContent/Maps/UEDPIE_0_Minimal_Default
[2026.04.01-19.00.36:811][799]LogSlate: Window 'Playtime_Multiplayer Preview [NetMode: Standalone]  (64-bit/Windows) ' being destroyed
[2026.04.01-19.00.36:823][799]LogWorld: UWorld::CleanupWorld for Minimal_Default, bSessionEnded=true, bCleanupResources=true
[2026.04.01-19.00.36:823][799]LogSlate: InvalidateAllWidgets triggered.  All widgets were invalidated
[2026.04.01-19.00.36:834][799]LogPlayLevel: Display: Shutting down PIE online subsystems
[2026.04.01-19.00.36:840][799]LogSlate: InvalidateAllWidgets triggered.  All widgets were invalidated
[2026.04.01-19.00.36:868][799]LogAudioMixer: FMixerPlatformXAudio2::StopAudioStream() called
[2026.04.01-19.00.36:870][799]LogAudioMixer: FMixerPlatformXAudio2::StopAudioStream() called
[2026.04.01-19.00.36:878][799]LogUObjectHash: Compacting FUObjectHashTables data took   3.39ms
[2026.04.01-19.00.36:900][800]LogPlayLevel: Display: Destroying online subsystem :Context_17
[2026.04.01-19.00.40:493][985]BlueprintLog: New page: Compile Buttons
[2026.04.01-19.00.40:535][985]LogUObjectHash: Compacting FUObjectHashTables data took   3.47ms
[2026.04.01-19.00.41:060][  9]LogTemp: Repeating last play command: New Editor Window (PIE)
[2026.04.01-19.00.41:066][  9]LogPlayLevel: PlayLevel: No blueprints needed recompiling
[2026.04.01-19.00.41:066][  9]PIE: New page: PIE session: Minimal_Default (2 апр. 2026 г., 01:00:41)
[2026.04.01-19.00.41:066][  9]LogPlayLevel: Creating play world package: /Game/StarterContent/Maps/UEDPIE_0_Minimal_Default
[2026.04.01-19.00.41:070][  9]LogPlayLevel: PIE: StaticDuplicateObject took: (0.003484s)
[2026.04.01-19.00.41:070][  9]LogAIModule: Creating AISystem for world Minimal_Default
[2026.04.01-19.00.41:071][  9]LogPlayLevel: PIE: World Init took: (0.001646s)
[2026.04.01-19.00.41:071][  9]LogPlayLevel: PIE: Created PIE world by copying editor world from /Game/StarterContent/Maps/Minimal_Default.Minimal_Default to /Game/StarterContent/Maps/UEDPIE_0_Minimal_Default.Minimal_Default (0.005270s)
[2026.04.01-19.00.41:101][  9]LogUObjectHash: Compacting FUObjectHashTables data took   3.94ms
[2026.04.01-19.00.41:102][  9]LogAudio: Display: Creating Audio Device:                 Id: 17, Scope: Unique, Realtime: True
[2026.04.01-19.00.41:102][  9]LogAudioMixer: Display: Audio Mixer Platform Settings:
[2026.04.01-19.00.41:102][  9]LogAudioMixer: Display: 	Sample Rate:						  48000
[2026.04.01-19.00.41:102][  9]LogAudioMixer: Display: 	Callback Buffer Frame Size Requested: 1024
[2026.04.01-19.00.41:102][  9]LogAudioMixer: Display: 	Callback Buffer Frame Size To Use:	  1024
[2026.04.01-19.00.41:102][  9]LogAudioMixer: Display: 	Number of buffers to queue:			  2
[2026.04.01-19.00.41:102][  9]LogAudioMixer: Display: 	Max Channels (voices):				  32
[2026.04.01-19.00.41:102][  9]LogAudioMixer: Display: 	Number of Async Source Workers:		  0
[2026.04.01-19.00.41:102][  9]LogAudio: Display: AudioDevice MaxSources: 32
[2026.04.01-19.00.41:102][  9]LogAudio: Display: Audio Spatialization Plugin: None (built-in).
[2026.04.01-19.00.41:102][  9]LogAudio: Display: Audio Reverb Plugin: None (built-in).
[2026.04.01-19.00.41:102][  9]LogAudio: Display: Audio Occlusion Plugin: None (built-in).
[2026.04.01-19.00.41:102][  9]LogAudioMixer: Display: Initializing audio mixer.
[2026.04.01-19.00.41:106][  9]LogAudioMixer: Display: 0: FrontLeft
[2026.04.01-19.00.41:106][  9]LogAudioMixer: Display: 1: FrontRight
[2026.04.01-19.00.41:132][  9]LogAudioMixer: Display: Using Audio Device Headphones (Realtek(R) Audio)
[2026.04.01-19.00.41:132][  9]LogAudioMixer: Display: Initializing Sound Submixes...
[2026.04.01-19.00.41:132][  9]LogAudioMixer: Display: Creating Master Submix 'MasterSubmixDefault'
[2026.04.01-19.00.41:132][  9]LogAudioMixer: Display: Creating Master Submix 'MasterReverbSubmixDefault'
[2026.04.01-19.00.41:132][  9]LogAudioMixer: Display: Creating Master Submix 'MasterEQSubmixDefault'
[2026.04.01-19.00.41:132][  9]LogAudioMixer: FMixerPlatformXAudio2::StartAudioStream() called
[2026.04.01-19.00.41:132][  9]LogAudioMixer: Display: Output buffers initialized: Frames=1024, Channels=2, Samples=2048
[2026.04.01-19.00.41:133][  9]LogAudioMixer: Display: Starting AudioMixerPlatformInterface::RunInternal()
[2026.04.01-19.00.41:133][  9]LogAudioMixer: Display: FMixerPlatformXAudio2::SubmitBuffer() called for the first time
[2026.04.01-19.00.41:133][  9]LogInit: FAudioDevice initialized.
[2026.04.01-19.00.41:133][  9]LogAudio: Display: Audio Device (ID: 17) registered with world 'Minimal_Default'.
[2026.04.01-19.00.41:191][  9]LogSlate: Updating window title bar state: overlay mode, drag disabled, window buttons hidden, title bar hidden
[2026.04.01-19.00.41:192][  9]LogLoad: Game class is 'FirstPersonGameMode_C'
[2026.04.01-19.00.41:193][  9]LogWorld: Bringing World /Game/StarterContent/Maps/UEDPIE_0_Minimal_Default.Minimal_Default up for play (max tick rate 0) at 2026.04.01-22.00.41
[2026.04.01-19.00.41:193][  9]LogWorld: Bringing up level for play took: 0.000725
[2026.04.01-19.00.41:193][  9]LogOnline: OSS: Creating online subsystem instance for: :Context_18
[2026.04.01-19.00.41:198][  9]PIE: Server logged in
[2026.04.01-19.00.41:200][  9]PIE: Play in editor total start time 0,136 seconds.
[2026.04.01-19.00.51:883][363]LogRenderer: Reallocating scene render targets to support 1116x608 Format 9 NumSamples 1 (Frame:386).
[2026.04.01-19.01.00:336][737]LogNet: Browse: /Game/MAPS/MP_Lobby
[2026.04.01-19.01.00:336][737]LogLoad: LoadMap: /Game/MAPS/MP_Lobby
[2026.04.01-19.01.00:336][737]LogWorld: BeginTearingDown for /Game/StarterContent/Maps/UEDPIE_0_Minimal_Default
[2026.04.01-19.01.00:337][737]LogWorld: UWorld::CleanupWorld for Minimal_Default, bSessionEnded=true, bCleanupResources=true
[2026.04.01-19.01.00:337][737]LogSlate: InvalidateAllWidgets triggered.  All widgets were invalidated
[2026.04.01-19.01.00:410][737]LogAudio: Display: Audio Device unregistered from world 'None'.
[2026.04.01-19.01.00:413][737]LogUObjectHash: Compacting FUObjectHashTables data took   3.37ms
[2026.04.01-19.01.00:422][737]LogAudio: Display: Audio Device (ID: 17) registered with world 'MP_Lobby'.
[2026.04.01-19.01.00:423][737]LogAIModule: Creating AISystem for world MP_Lobby
[2026.04.01-19.01.00:423][737]LogLoad: Game class is 'FirstPersonGameMode_C'
[2026.04.01-19.01.00:426][737]LogWorld: Bringing World /Game/MAPS/UEDPIE_0_MP_Lobby.MP_Lobby up for play (max tick rate 0) at 2026.04.01-22.01.00
[2026.04.01-19.01.00:426][737]LogWorld: Bringing up level for play took: 0.001286
[2026.04.01-19.01.00:427][737]LogGameMode: FindPlayerStart: PATHS NOT DEFINED or NO PLAYERSTART with positive rating
[2026.04.01-19.01.00:428][737]LogLoad: Took 0.091959 seconds to LoadMap(/Game/MAPS/MP_Lobby)
[2026.04.01-19.01.02:491][814]LogSlate: Updating window title bar state: overlay mode, drag disabled, window buttons hidden, title bar hidden
[2026.04.01-19.01.02:491][814]LogWorld: BeginTearingDown for /Game/MAPS/UEDPIE_0_MP_Lobby
[2026.04.01-19.01.02:491][814]LogSlate: Window 'Playtime_Multiplayer Preview [NetMode: Standalone]  (64-bit/Windows) ' being destroyed
[2026.04.01-19.01.02:503][814]LogWorld: UWorld::CleanupWorld for MP_Lobby, bSessionEnded=true, bCleanupResources=true
[2026.04.01-19.01.02:504][814]LogSlate: InvalidateAllWidgets triggered.  All widgets were invalidated
[2026.04.01-19.01.02:518][814]LogPlayLevel: Display: Shutting down PIE online subsystems
[2026.04.01-19.01.02:524][814]LogSlate: InvalidateAllWidgets triggered.  All widgets were invalidated
[2026.04.01-19.01.02:556][814]LogAudio: Display: Audio Device unregistered from world 'None'.
[2026.04.01-19.01.02:556][814]LogAudioMixer: FMixerPlatformXAudio2::StopAudioStream() called
[2026.04.01-19.01.02:558][814]LogAudioMixer: FMixerPlatformXAudio2::StopAudioStream() called
[2026.04.01-19.01.02:565][814]LogUObjectHash: Compacting FUObjectHashTables data took   4.06ms
[2026.04.01-19.01.02:588][815]LogPlayLevel: Display: Destroying online subsystem :Context_18
[2026.04.01-19.01.03:915][878]LogTemp: Repeating last play command: New Editor Window (PIE)
[2026.04.01-19.01.03:921][878]LogPlayLevel: PlayLevel: No blueprints needed recompiling
[2026.04.01-19.01.03:921][878]PIE: New page: PIE session: Minimal_Default (2 апр. 2026 г., 01:01:03)
[2026.04.01-19.01.03:921][878]LogPlayLevel: Creating play world package: /Game/StarterContent/Maps/UEDPIE_0_Minimal_Default
[2026.04.01-19.01.03:925][878]LogPlayLevel: PIE: StaticDuplicateObject took: (0.003468s)
[2026.04.01-19.01.03:926][878]LogAIModule: Creating AISystem for world Minimal_Default
[2026.04.01-19.01.03:926][878]LogPlayLevel: PIE: World Init took: (0.001175s)
[2026.04.01-19.01.03:926][878]LogPlayLevel: PIE: Created PIE world by copying editor world from /Game/StarterContent/Maps/Minimal_Default.Minimal_Default to /Game/StarterContent/Maps/UEDPIE_0_Minimal_Default.Minimal_Default (0.004783s)
[2026.04.01-19.01.03:957][878]LogUObjectHash: Compacting FUObjectHashTables data took   2.70ms
[2026.04.01-19.01.03:957][878]LogAudio: Display: Creating Audio Device:                 Id: 18, Scope: Unique, Realtime: True
[2026.04.01-19.01.03:957][878]LogAudioMixer: Display: Audio Mixer Platform Settings:
[2026.04.01-19.01.03:957][878]LogAudioMixer: Display: 	Sample Rate:						  48000
[2026.04.01-19.01.03:957][878]LogAudioMixer: Display: 	Callback Buffer Frame Size Requested: 1024
[2026.04.01-19.01.03:957][878]LogAudioMixer: Display: 	Callback Buffer Frame Size To Use:	  1024
[2026.04.01-19.01.03:957][878]LogAudioMixer: Display: 	Number of buffers to queue:			  2
[2026.04.01-19.01.03:957][878]LogAudioMixer: Display: 	Max Channels (voices):				  32
[2026.04.01-19.01.03:957][878]LogAudioMixer: Display: 	Number of Async Source Workers:		  0
[2026.04.01-19.01.03:957][878]LogAudio: Display: AudioDevice MaxSources: 32
[2026.04.01-19.01.03:958][878]LogAudio: Display: Audio Spatialization Plugin: None (built-in).
[2026.04.01-19.01.03:958][878]LogAudio: Display: Audio Reverb Plugin: None (built-in).
[2026.04.01-19.01.03:958][878]LogAudio: Display: Audio Occlusion Plugin: None (built-in).
[2026.04.01-19.01.03:958][878]LogAudioMixer: Display: Initializing audio mixer.
[2026.04.01-19.01.03:961][878]LogAudioMixer: Display: 0: FrontLeft
[2026.04.01-19.01.03:961][878]LogAudioMixer: Display: 1: FrontRight
[2026.04.01-19.01.03:988][878]LogAudioMixer: Display: Using Audio Device Headphones (Realtek(R) Audio)
[2026.04.01-19.01.03:988][878]LogAudioMixer: Display: Initializing Sound Submixes...
[2026.04.01-19.01.03:988][878]LogAudioMixer: Display: Creating Master Submix 'MasterSubmixDefault'
[2026.04.01-19.01.03:988][878]LogAudioMixer: Display: Creating Master Submix 'MasterReverbSubmixDefault'
[2026.04.01-19.01.03:989][878]LogAudioMixer: Display: Creating Master Submix 'MasterEQSubmixDefault'
[2026.04.01-19.01.03:989][878]LogAudioMixer: FMixerPlatformXAudio2::StartAudioStream() called
[2026.04.01-19.01.03:989][878]LogAudioMixer: Display: Output buffers initialized: Frames=1024, Channels=2, Samples=2048
[2026.04.01-19.01.03:990][878]LogAudioMixer: Display: Starting AudioMixerPlatformInterface::RunInternal()
[2026.04.01-19.01.03:990][878]LogAudioMixer: Display: FMixerPlatformXAudio2::SubmitBuffer() called for the first time
[2026.04.01-19.01.03:990][878]LogInit: FAudioDevice initialized.
[2026.04.01-19.01.03:990][878]LogAudio: Display: Audio Device (ID: 18) registered with world 'Minimal_Default'.
[2026.04.01-19.01.04:031][878]LogSlate: Updating window title bar state: overlay mode, drag disabled, window buttons hidden, title bar hidden
[2026.04.01-19.01.04:031][878]LogLoad: Game class is 'FirstPersonGameMode_C'
[2026.04.01-19.01.04:033][878]LogWorld: Bringing World /Game/StarterContent/Maps/UEDPIE_0_Minimal_Default.Minimal_Default up for play (max tick rate 0) at 2026.04.01-22.01.04
[2026.04.01-19.01.04:034][878]LogWorld: Bringing up level for play took: 0.000941
[2026.04.01-19.01.04:034][878]LogOnline: OSS: Creating online subsystem instance for: :Context_19
[2026.04.01-19.01.04:040][878]PIE: Server logged in
[2026.04.01-19.01.04:041][878]PIE: Play in editor total start time 0,122 seconds.
[2026.04.01-19.01.24:072][757]LogSlate: Updating window title bar state: overlay mode, drag disabled, window buttons hidden, title bar hidden
[2026.04.01-19.01.24:072][757]LogWorld: BeginTearingDown for /Game/StarterContent/Maps/UEDPIE_0_Minimal_Default
[2026.04.01-19.01.24:072][757]LogSlate: Window 'Playtime_Multiplayer Preview [NetMode: Standalone]  (64-bit/Windows) ' being destroyed
[2026.04.01-19.01.24:081][757]LogWorld: UWorld::CleanupWorld for Minimal_Default, bSessionEnded=true, bCleanupResources=true
[2026.04.01-19.01.24:081][757]LogSlate: InvalidateAllWidgets triggered.  All widgets were invalidated
[2026.04.01-19.01.24:089][757]LogPlayLevel: Display: Shutting down PIE online subsystems
[2026.04.01-19.01.24:096][757]LogSlate: InvalidateAllWidgets triggered.  All widgets were invalidated
[2026.04.01-19.01.24:127][757]LogAudioMixer: FMixerPlatformXAudio2::StopAudioStream() called
[2026.04.01-19.01.24:128][757]LogAudioMixer: FMixerPlatformXAudio2::StopAudioStream() called
[2026.04.01-19.01.24:140][757]LogUObjectHash: Compacting FUObjectHashTables data took   5.11ms
[2026.04.01-19.01.24:165][758]LogPlayLevel: Display: Destroying online subsystem :Context_19
[2026.04.01-19.01.25:938][841]BlueprintLog: New page: Compile Buttons
[2026.04.01-19.01.25:978][841]LogUObjectHash: Compacting FUObjectHashTables data took   3.02ms
[2026.04.01-19.01.26:652][873]LogSlate: Window 'Buttons' being destroyed
[2026.04.01-19.01.26:664][873]LogSlate: Window 'Buttons' being destroyed
[2026.04.01-19.01.26:685][873]LogWorld: UWorld::CleanupWorld for World_1, bSessionEnded=true, bCleanupResources=true
[2026.04.01-19.01.26:685][873]LogSlate: InvalidateAllWidgets triggered.  All widgets were invalidated
[2026.04.01-19.01.26:695][873]LogWorld: UWorld::CleanupWorld for World_0, bSessionEnded=true, bCleanupResources=true
[2026.04.01-19.01.26:695][873]LogSlate: InvalidateAllWidgets triggered.  All widgets were invalidated
[2026.04.01-19.01.29:126][ 12]LogUObjectHash: Compacting FUObjectHashTables data took   3.86ms
[2026.04.01-19.01.30:019][ 12]LogSlate: Window 'Save Content' being destroyed
[2026.04.01-19.01.30:046][ 12]Cmd: OBJ SAVEPACKAGE PACKAGE="/Game/Widgets/Buttons" FILE="../../../../../../Users/User/Documents/Unreal Projects/Playtime_Multiplayer/Content/Widgets/Buttons.uasset" SILENT=true
[2026.04.01-19.01.30:062][ 12]LogSavePackage: Moving '../../../../../../Users/User/Documents/Unreal Projects/Playtime_Multiplayer/Saved/ButtonsC9EEA9C24EDF2CBC0DA91CB00630711A.tmp' to '../../../../../../Users/User/Documents/Unreal Projects/Playtime_Multiplayer/Content/Widgets/Buttons.uasset'
[2026.04.01-19.01.30:078][ 12]AssetCheck: New page: Asset Save: Buttons
[2026.04.01-19.01.30:078][ 12]LogContentValidation: Display: Validating WidgetBlueprint /Game/Widgets/Buttons.Buttons
[2026.04.01-19.01.34:745][331]LogAssetEditorSubsystem: Opening Asset editor for WidgetBlueprint /Game/Widgets/choice_mode.choice_mode
[2026.04.01-19.03.12:036][ 51]LogSlate: Took 0.004143 seconds to synchronously load lazily loaded font '../../../Engine/Content/Slate/Fonts/Roboto-Italic.ttf' (157K)
[2026.04.01-19.03.35:707][319]LogEditorClassViewer: Warning: Class /Engine/Tutorial/InWorldBlueprintEditing/TutorialAssets/IWBE_Blutility.IWBE_Blutility_C has parent /Script/Blutility.PlacedEditorUtilityBase, but this parent is not found. The Class will not be shown in ClassViewer.
[2026.04.01-19.03.58:264][143]BlueprintLog: New page: Compile choice_mode
[2026.04.01-19.03.58:345][143]LogUObjectHash: Compacting FUObjectHashTables data took   4.02ms
[2026.04.01-19.03.59:365][199]LogTemp: Repeating last play command: New Editor Window (PIE)
[2026.04.01-19.03.59:371][199]LogPlayLevel: PlayLevel: No blueprints needed recompiling
[2026.04.01-19.03.59:371][199]PIE: New page: PIE session: Minimal_Default (2 апр. 2026 г., 01:03:59)
[2026.04.01-19.03.59:372][199]LogPlayLevel: Creating play world package: /Game/StarterContent/Maps/UEDPIE_0_Minimal_Default
[2026.04.01-19.03.59:378][199]LogPlayLevel: PIE: StaticDuplicateObject took: (0.005849s)
[2026.04.01-19.03.59:379][199]LogAIModule: Creating AISystem for world Minimal_Default
[2026.04.01-19.03.59:379][199]LogPlayLevel: PIE: World Init took: (0.001190s)
[2026.04.01-19.03.59:379][199]LogPlayLevel: PIE: Created PIE world by copying editor world from /Game/StarterContent/Maps/Minimal_Default.Minimal_Default to /Game/StarterContent/Maps/UEDPIE_0_Minimal_Default.Minimal_Default (0.007248s)
[2026.04.01-19.03.59:407][199]LogUObjectHash: Compacting FUObjectHashTables data took   2.67ms
[2026.04.01-19.03.59:407][199]LogAudio: Display: Creating Audio Device:                 Id: 19, Scope: Unique, Realtime: True
[2026.04.01-19.03.59:407][199]LogAudioMixer: Display: Audio Mixer Platform Settings:
[2026.04.01-19.03.59:407][199]LogAudioMixer: Display: 	Sample Rate:						  48000
[2026.04.01-19.03.59:407][199]LogAudioMixer: Display: 	Callback Buffer Frame Size Requested: 1024
[2026.04.01-19.03.59:407][199]LogAudioMixer: Display: 	Callback Buffer Frame Size To Use:	  1024
[2026.04.01-19.03.59:407][199]LogAudioMixer: Display: 	Number of buffers to queue:			  2
[2026.04.01-19.03.59:407][199]LogAudioMixer: Display: 	Max Channels (voices):				  32
[2026.04.01-19.03.59:407][199]LogAudioMixer: Display: 	Number of Async Source Workers:		  0
[2026.04.01-19.03.59:407][199]LogAudio: Display: AudioDevice MaxSources: 32
[2026.04.01-19.03.59:408][199]LogAudio: Display: Audio Spatialization Plugin: None (built-in).
[2026.04.01-19.03.59:408][199]LogAudio: Display: Audio Reverb Plugin: None (built-in).
[2026.04.01-19.03.59:408][199]LogAudio: Display: Audio Occlusion Plugin: None (built-in).
[2026.04.01-19.03.59:408][199]LogAudioMixer: Display: Initializing audio mixer.
[2026.04.01-19.03.59:412][199]LogAudioMixer: Display: 0: FrontLeft
[2026.04.01-19.03.59:412][199]LogAudioMixer: Display: 1: FrontRight
[2026.04.01-19.03.59:442][199]LogAudioMixer: Display: Using Audio Device Headphones (Realtek(R) Audio)
[2026.04.01-19.03.59:442][199]LogAudioMixer: Display: Initializing Sound Submixes...
[2026.04.01-19.03.59:443][199]LogAudioMixer: Display: Creating Master Submix 'MasterSubmixDefault'
[2026.04.01-19.03.59:443][199]LogAudioMixer: Display: Creating Master Submix 'MasterReverbSubmixDefault'
[2026.04.01-19.03.59:443][199]LogAudioMixer: Display: Creating Master Submix 'MasterEQSubmixDefault'
[2026.04.01-19.03.59:443][199]LogAudioMixer: FMixerPlatformXAudio2::StartAudioStream() called
[2026.04.01-19.03.59:443][199]LogAudioMixer: Display: Output buffers initialized: Frames=1024, Channels=2, Samples=2048
[2026.04.01-19.03.59:445][199]LogAudioMixer: Display: Starting AudioMixerPlatformInterface::RunInternal()
[2026.04.01-19.03.59:445][199]LogAudioMixer: Display: FMixerPlatformXAudio2::SubmitBuffer() called for the first time
[2026.04.01-19.03.59:445][199]LogInit: FAudioDevice initialized.
[2026.04.01-19.03.59:445][199]LogAudio: Display: Audio Device (ID: 19) registered with world 'Minimal_Default'.
[2026.04.01-19.03.59:492][199]LogSlate: Updating window title bar state: overlay mode, drag disabled, window buttons hidden, title bar hidden
[2026.04.01-19.03.59:492][199]LogLoad: Game class is 'FirstPersonGameMode_C'
[2026.04.01-19.03.59:493][199]LogWorld: Bringing World /Game/StarterContent/Maps/UEDPIE_0_Minimal_Default.Minimal_Default up for play (max tick rate 0) at 2026.04.01-22.03.59
[2026.04.01-19.03.59:495][199]LogWorld: Bringing up level for play took: 0.000921
[2026.04.01-19.03.59:495][199]LogOnline: OSS: Creating online subsystem instance for: :Context_22
[2026.04.01-19.03.59:501][199]PIE: Server logged in
[2026.04.01-19.03.59:504][199]PIE: Play in editor total start time 0,134 seconds.
[2026.04.01-19.04.03:581][369]LogSlate: Updating window title bar state: overlay mode, drag disabled, window buttons hidden, title bar hidden
[2026.04.01-19.04.03:581][369]LogWorld: BeginTearingDown for /Game/StarterContent/Maps/UEDPIE_0_Minimal_Default
[2026.04.01-19.04.03:581][369]LogSlate: Window 'Playtime_Multiplayer Preview [NetMode: Standalone]  (64-bit/Windows) ' being destroyed
[2026.04.01-19.04.03:600][369]LogWorld: UWorld::CleanupWorld for Minimal_Default, bSessionEnded=true, bCleanupResources=true
[2026.04.01-19.04.03:601][369]LogSlate: InvalidateAllWidgets triggered.  All widgets were invalidated
[2026.04.01-19.04.03:615][369]LogPlayLevel: Display: Shutting down PIE online subsystems
[2026.04.01-19.04.03:621][369]LogSlate: InvalidateAllWidgets triggered.  All widgets were invalidated
[2026.04.01-19.04.03:650][369]LogAudio: Display: Audio Device unregistered from world 'None'.
[2026.04.01-19.04.03:650][369]LogAudioMixer: FMixerPlatformXAudio2::StopAudioStream() called
[2026.04.01-19.04.03:652][369]LogAudioMixer: FMixerPlatformXAudio2::StopAudioStream() called
[2026.04.01-19.04.03:663][369]LogUObjectHash: Compacting FUObjectHashTables data took   6.21ms
[2026.04.01-19.04.03:693][370]LogPlayLevel: Display: Destroying online subsystem :Context_22
[2026.04.01-19.04.06:189][514]BlueprintLog: New page: Compile choice_mode
[2026.04.01-19.04.06:225][514]LogUObjectHash: Compacting FUObjectHashTables data took   2.39ms
[2026.04.01-19.04.33:583][989]BlueprintLog: New page: Compile choice_mode
[2026.04.01-19.04.33:618][989]LogUObjectHash: Compacting FUObjectHashTables data took   3.00ms
[2026.04.01-19.04.34:288][ 17]LogTemp: Repeating last play command: New Editor Window (PIE)
[2026.04.01-19.04.34:294][ 17]LogPlayLevel: PlayLevel: No blueprints needed recompiling
[2026.04.01-19.04.34:295][ 17]PIE: New page: PIE session: Minimal_Default (2 апр. 2026 г., 01:04:34)
[2026.04.01-19.04.34:295][ 17]LogPlayLevel: Creating play world package: /Game/StarterContent/Maps/UEDPIE_0_Minimal_Default
[2026.04.01-19.04.34:298][ 17]LogPlayLevel: PIE: StaticDuplicateObject took: (0.003916s)
[2026.04.01-19.04.34:300][ 17]LogAIModule: Creating AISystem for world Minimal_Default
[2026.04.01-19.04.34:300][ 17]LogPlayLevel: PIE: World Init took: (0.001271s)
[2026.04.01-19.04.34:301][ 17]LogPlayLevel: PIE: Created PIE world by copying editor world from /Game/StarterContent/Maps/Minimal_Default.Minimal_Default to /Game/StarterContent/Maps/UEDPIE_0_Minimal_Default.Minimal_Default (0.005346s)
[2026.04.01-19.04.34:326][ 17]LogUObjectHash: Compacting FUObjectHashTables data took   2.86ms
[2026.04.01-19.04.34:327][ 17]LogAudio: Display: Creating Audio Device:                 Id: 20, Scope: Unique, Realtime: True
[2026.04.01-19.04.34:327][ 17]LogAudioMixer: Display: Audio Mixer Platform Settings:
[2026.04.01-19.04.34:327][ 17]LogAudioMixer: Display: 	Sample Rate:						  48000
[2026.04.01-19.04.34:327][ 17]LogAudioMixer: Display: 	Callback Buffer Frame Size Requested: 1024
[2026.04.01-19.04.34:327][ 17]LogAudioMixer: Display: 	Callback Buffer Frame Size To Use:	  1024
[2026.04.01-19.04.34:327][ 17]LogAudioMixer: Display: 	Number of buffers to queue:			  2
[2026.04.01-19.04.34:327][ 17]LogAudioMixer: Display: 	Max Channels (voices):				  32
[2026.04.01-19.04.34:327][ 17]LogAudioMixer: Display: 	Number of Async Source Workers:		  0
[2026.04.01-19.04.34:327][ 17]LogAudio: Display: AudioDevice MaxSources: 32
[2026.04.01-19.04.34:328][ 17]LogAudio: Display: Audio Spatialization Plugin: None (built-in).
[2026.04.01-19.04.34:328][ 17]LogAudio: Display: Audio Reverb Plugin: None (built-in).
[2026.04.01-19.04.34:328][ 17]LogAudio: Display: Audio Occlusion Plugin: None (built-in).
[2026.04.01-19.04.34:328][ 17]LogAudioMixer: Display: Initializing audio mixer.
[2026.04.01-19.04.34:332][ 17]LogAudioMixer: Display: 0: FrontLeft
[2026.04.01-19.04.34:332][ 17]LogAudioMixer: Display: 1: FrontRight
[2026.04.01-19.04.34:358][ 17]LogAudioMixer: Display: Using Audio Device Headphones (Realtek(R) Audio)
[2026.04.01-19.04.34:358][ 17]LogAudioMixer: Display: Initializing Sound Submixes...
[2026.04.01-19.04.34:358][ 17]LogAudioMixer: Display: Creating Master Submix 'MasterSubmixDefault'
[2026.04.01-19.04.34:358][ 17]LogAudioMixer: Display: Creating Master Submix 'MasterReverbSubmixDefault'
[2026.04.01-19.04.34:359][ 17]LogAudioMixer: Display: Creating Master Submix 'MasterEQSubmixDefault'
[2026.04.01-19.04.34:359][ 17]LogAudioMixer: FMixerPlatformXAudio2::StartAudioStream() called
[2026.04.01-19.04.34:359][ 17]LogAudioMixer: Display: Output buffers initialized: Frames=1024, Channels=2, Samples=2048
[2026.04.01-19.04.34:360][ 17]LogAudioMixer: Display: Starting AudioMixerPlatformInterface::RunInternal()
[2026.04.01-19.04.34:360][ 17]LogAudioMixer: Display: FMixerPlatformXAudio2::SubmitBuffer() called for the first time
[2026.04.01-19.04.34:360][ 17]LogInit: FAudioDevice initialized.
[2026.04.01-19.04.34:360][ 17]LogAudio: Display: Audio Device (ID: 20) registered with world 'Minimal_Default'.
[2026.04.01-19.04.34:413][ 17]LogSlate: Updating window title bar state: overlay mode, drag disabled, window buttons hidden, title bar hidden
[2026.04.01-19.04.34:413][ 17]LogLoad: Game class is 'FirstPersonGameMode_C'
[2026.04.01-19.04.34:416][ 17]LogWorld: Bringing World /Game/StarterContent/Maps/UEDPIE_0_Minimal_Default.Minimal_Default up for play (max tick rate 0) at 2026.04.01-22.04.34
[2026.04.01-19.04.34:416][ 17]LogWorld: Bringing up level for play took: 0.000785
[2026.04.01-19.04.34:416][ 17]LogOnline: OSS: Creating online subsystem instance for: :Context_23
[2026.04.01-19.04.34:421][ 17]PIE: Server logged in
[2026.04.01-19.04.34:423][ 17]PIE: Play in editor total start time 0,13 seconds.
[2026.04.01-19.04.51:736][788]LogNet: Browse: /Game/MAPS/MP_Lobby
[2026.04.01-19.04.51:736][788]LogLoad: LoadMap: /Game/MAPS/MP_Lobby
[2026.04.01-19.04.51:736][788]LogWorld: BeginTearingDown for /Game/StarterContent/Maps/UEDPIE_0_Minimal_Default
[2026.04.01-19.04.51:737][788]LogWorld: UWorld::CleanupWorld for Minimal_Default, bSessionEnded=true, bCleanupResources=true
[2026.04.01-19.04.51:737][788]LogSlate: InvalidateAllWidgets triggered.  All widgets were invalidated
[2026.04.01-19.04.51:793][788]LogAudio: Display: Audio Device unregistered from world 'None'.
[2026.04.01-19.04.51:796][788]LogUObjectHash: Compacting FUObjectHashTables data took   2.25ms
[2026.04.01-19.04.51:805][788]LogAudio: Display: Audio Device (ID: 20) registered with world 'MP_Lobby'.
[2026.04.01-19.04.51:806][788]LogAIModule: Creating AISystem for world MP_Lobby
[2026.04.01-19.04.51:806][788]LogLoad: Game class is 'FirstPersonGameMode_C'
[2026.04.01-19.04.51:808][788]LogWorld: Bringing World /Game/MAPS/UEDPIE_0_MP_Lobby.MP_Lobby up for play (max tick rate 0) at 2026.04.01-22.04.51
[2026.04.01-19.04.51:808][788]LogWorld: Bringing up level for play took: 0.002337
[2026.04.01-19.04.51:809][788]LogGameMode: FindPlayerStart: PATHS NOT DEFINED or NO PLAYERSTART with positive rating
[2026.04.01-19.04.51:810][788]LogLoad: Took 0.074524 seconds to LoadMap(/Game/MAPS/MP_Lobby)
[2026.04.01-19.04.54:081][874]LogSlate: Updating window title bar state: overlay mode, drag disabled, window buttons hidden, title bar hidden
[2026.04.01-19.04.54:081][874]LogWorld: BeginTearingDown for /Game/MAPS/UEDPIE_0_MP_Lobby
[2026.04.01-19.04.54:082][874]LogSlate: Window 'Playtime_Multiplayer Preview [NetMode: Standalone]  (64-bit/Windows) ' being destroyed
[2026.04.01-19.04.54:094][874]LogWorld: UWorld::CleanupWorld for MP_Lobby, bSessionEnded=true, bCleanupResources=true
[2026.04.01-19.04.54:094][874]LogSlate: InvalidateAllWidgets triggered.  All widgets were invalidated
[2026.04.01-19.04.54:110][874]LogPlayLevel: Display: Shutting down PIE online subsystems
[2026.04.01-19.04.54:115][874]LogSlate: InvalidateAllWidgets triggered.  All widgets were invalidated
[2026.04.01-19.04.54:141][874]LogAudio: Display: Audio Device unregistered from world 'None'.
[2026.04.01-19.04.54:141][874]LogAudioMixer: FMixerPlatformXAudio2::StopAudioStream() called
[2026.04.01-19.04.54:143][874]LogAudioMixer: FMixerPlatformXAudio2::StopAudioStream() called
[2026.04.01-19.04.54:148][874]LogUObjectHash: Compacting FUObjectHashTables data took   2.34ms
[2026.04.01-19.04.54:171][875]LogPlayLevel: Display: Destroying online subsystem :Context_23
[2026.04.01-19.04.55:570][942]BlueprintLog: New page: Compile choice_mode
[2026.04.01-19.04.55:612][942]LogUObjectHash: Compacting FUObjectHashTables data took   2.42ms
[2026.04.01-19.04.56:159][968]LogTemp: Repeating last play command: New Editor Window (PIE)
[2026.04.01-19.04.56:165][968]LogPlayLevel: PlayLevel: No blueprints needed recompiling
[2026.04.01-19.04.56:165][968]PIE: New page: PIE session: Minimal_Default (2 апр. 2026 г., 01:04:56)
[2026.04.01-19.04.56:165][968]LogPlayLevel: Creating play world package: /Game/StarterContent/Maps/UEDPIE_0_Minimal_Default
[2026.04.01-19.04.56:170][968]LogPlayLevel: PIE: StaticDuplicateObject took: (0.005519s)
[2026.04.01-19.04.56:171][968]LogAIModule: Creating AISystem for world Minimal_Default
[2026.04.01-19.04.56:172][968]LogPlayLevel: PIE: World Init took: (0.002097s)
[2026.04.01-19.04.56:172][968]LogPlayLevel: PIE: Created PIE world by copying editor world from /Game/StarterContent/Maps/Minimal_Default.Minimal_Default to /Game/StarterContent/Maps/UEDPIE_0_Minimal_Default.Minimal_Default (0.007827s)
[2026.04.01-19.04.56:198][968]LogUObjectHash: Compacting FUObjectHashTables data took   2.87ms
[2026.04.01-19.04.56:198][968]LogAudio: Display: Creating Audio Device:                 Id: 21, Scope: Unique, Realtime: True
[2026.04.01-19.04.56:198][968]LogAudioMixer: Display: Audio Mixer Platform Settings:
[2026.04.01-19.04.56:198][968]LogAudioMixer: Display: 	Sample Rate:						  48000
[2026.04.01-19.04.56:198][968]LogAudioMixer: Display: 	Callback Buffer Frame Size Requested: 1024
[2026.04.01-19.04.56:198][968]LogAudioMixer: Display: 	Callback Buffer Frame Size To Use:	  1024
[2026.04.01-19.04.56:198][968]LogAudioMixer: Display: 	Number of buffers to queue:			  2
[2026.04.01-19.04.56:198][968]LogAudioMixer: Display: 	Max Channels (voices):				  32
[2026.04.01-19.04.56:198][968]LogAudioMixer: Display: 	Number of Async Source Workers:		  0
[2026.04.01-19.04.56:198][968]LogAudio: Display: AudioDevice MaxSources: 32
[2026.04.01-19.04.56:198][968]LogAudio: Display: Audio Spatialization Plugin: None (built-in).
[2026.04.01-19.04.56:198][968]LogAudio: Display: Audio Reverb Plugin: None (built-in).
[2026.04.01-19.04.56:198][968]LogAudio: Display: Audio Occlusion Plugin: None (built-in).
[2026.04.01-19.04.56:198][968]LogAudioMixer: Display: Initializing audio mixer.
[2026.04.01-19.04.56:201][968]LogAudioMixer: Display: 0: FrontLeft
[2026.04.01-19.04.56:201][968]LogAudioMixer: Display: 1: FrontRight
[2026.04.01-19.04.56:228][968]LogAudioMixer: Display: Using Audio Device Headphones (Realtek(R) Audio)
[2026.04.01-19.04.56:228][968]LogAudioMixer: Display: Initializing Sound Submixes...
[2026.04.01-19.04.56:228][968]LogAudioMixer: Display: Creating Master Submix 'MasterSubmixDefault'
[2026.04.01-19.04.56:228][968]LogAudioMixer: Display: Creating Master Submix 'MasterReverbSubmixDefault'
[2026.04.01-19.04.56:228][968]LogAudioMixer: Display: Creating Master Submix 'MasterEQSubmixDefault'
[2026.04.01-19.04.56:228][968]LogAudioMixer: FMixerPlatformXAudio2::StartAudioStream() called
[2026.04.01-19.04.56:228][968]LogAudioMixer: Display: Output buffers initialized: Frames=1024, Channels=2, Samples=2048
[2026.04.01-19.04.56:229][968]LogAudioMixer: Display: Starting AudioMixerPlatformInterface::RunInternal()
[2026.04.01-19.04.56:229][968]LogAudioMixer: Display: FMixerPlatformXAudio2::SubmitBuffer() called for the first time
[2026.04.01-19.04.56:229][968]LogInit: FAudioDevice initialized.
[2026.04.01-19.04.56:229][968]LogAudio: Display: Audio Device (ID: 21) registered with world 'Minimal_Default'.
[2026.04.01-19.04.56:274][968]LogSlate: Updating window title bar state: overlay mode, drag disabled, window buttons hidden, title bar hidden
[2026.04.01-19.04.56:274][968]LogLoad: Game class is 'FirstPersonGameMode_C'
[2026.04.01-19.04.56:275][968]LogWorld: Bringing World /Game/StarterContent/Maps/UEDPIE_0_Minimal_Default.Minimal_Default up for play (max tick rate 0) at 2026.04.01-22.04.56
[2026.04.01-19.04.56:276][968]LogWorld: Bringing up level for play took: 0.000724
[2026.04.01-19.04.56:276][968]LogOnline: OSS: Creating online subsystem instance for: :Context_24
[2026.04.01-19.04.56:281][968]PIE: Server logged in
[2026.04.01-19.04.56:283][968]PIE: Play in editor total start time 0,12 seconds.
[2026.04.01-19.04.58:851][ 75]LogSlate: Updating window title bar state: overlay mode, drag disabled, window buttons hidden, title bar hidden
[2026.04.01-19.04.58:851][ 75]LogWorld: BeginTearingDown for /Game/StarterContent/Maps/UEDPIE_0_Minimal_Default
[2026.04.01-19.04.58:851][ 75]LogSlate: Window 'Playtime_Multiplayer Preview [NetMode: Standalone]  (64-bit/Windows) ' being destroyed
[2026.04.01-19.04.58:863][ 75]LogWorld: UWorld::CleanupWorld for Minimal_Default, bSessionEnded=true, bCleanupResources=true
[2026.04.01-19.04.58:863][ 75]LogSlate: InvalidateAllWidgets triggered.  All widgets were invalidated
[2026.04.01-19.04.58:875][ 75]LogPlayLevel: Display: Shutting down PIE online subsystems
[2026.04.01-19.04.58:880][ 75]LogSlate: InvalidateAllWidgets triggered.  All widgets were invalidated
[2026.04.01-19.04.58:906][ 75]LogAudio: Display: Audio Device unregistered from world 'None'.
[2026.04.01-19.04.58:906][ 75]LogAudioMixer: FMixerPlatformXAudio2::StopAudioStream() called
[2026.04.01-19.04.58:908][ 75]LogAudioMixer: FMixerPlatformXAudio2::StopAudioStream() called
[2026.04.01-19.04.58:913][ 75]LogUObjectHash: Compacting FUObjectHashTables data took   2.39ms
[2026.04.01-19.04.58:938][ 76]LogPlayLevel: Display: Destroying online subsystem :Context_24
[2026.04.01-19.05.00:382][138]LogSlate: Window 'choice_mode' being destroyed
[2026.04.01-19.05.00:396][138]LogSlate: Window 'choice_mode' being destroyed
[2026.04.01-19.05.00:401][138]LogWorld: UWorld::CleanupWorld for World_9, bSessionEnded=true, bCleanupResources=true
[2026.04.01-19.05.00:401][138]LogSlate: InvalidateAllWidgets triggered.  All widgets were invalidated
[2026.04.01-19.05.00:408][138]LogWorld: UWorld::CleanupWorld for World_8, bSessionEnded=true, bCleanupResources=true
[2026.04.01-19.05.00:408][138]LogSlate: InvalidateAllWidgets triggered.  All widgets were invalidated
[2026.04.01-19.05.01:394][199]LogAssetEditorSubsystem: Opening Asset editor for WidgetBlueprint /Game/Widgets/Buttons.Buttons
[2026.04.01-19.05.07:924][511]BlueprintLog: New page: Compile Buttons
[2026.04.01-19.05.07:961][511]LogUObjectHash: Compacting FUObjectHashTables data took   2.86ms
[2026.04.01-19.05.09:089][574]LogTemp: Repeating last play command: New Editor Window (PIE)
[2026.04.01-19.05.09:094][574]LogPlayLevel: PlayLevel: No blueprints needed recompiling
[2026.04.01-19.05.09:094][574]PIE: New page: PIE session: Minimal_Default (2 апр. 2026 г., 01:05:09)
[2026.04.01-19.05.09:094][574]LogPlayLevel: Creating play world package: /Game/StarterContent/Maps/UEDPIE_0_Minimal_Default
[2026.04.01-19.05.09:099][574]LogPlayLevel: PIE: StaticDuplicateObject took: (0.004090s)
[2026.04.01-19.05.09:100][574]LogAIModule: Creating AISystem for world Minimal_Default
[2026.04.01-19.05.09:101][574]LogPlayLevel: PIE: World Init took: (0.002085s)
[2026.04.01-19.05.09:101][574]LogPlayLevel: PIE: Created PIE world by copying editor world from /Game/StarterContent/Maps/Minimal_Default.Minimal_Default to /Game/StarterContent/Maps/UEDPIE_0_Minimal_Default.Minimal_Default (0.006351s)
[2026.04.01-19.05.09:130][574]LogUObjectHash: Compacting FUObjectHashTables data took   2.95ms
[2026.04.01-19.05.09:133][574]LogAudio: Display: Creating Audio Device:                 Id: 22, Scope: Unique, Realtime: True
[2026.04.01-19.05.09:133][574]LogAudioMixer: Display: Audio Mixer Platform Settings:
[2026.04.01-19.05.09:133][574]LogAudioMixer: Display: 	Sample Rate:						  48000
[2026.04.01-19.05.09:133][574]LogAudioMixer: Display: 	Callback Buffer Frame Size Requested: 1024
[2026.04.01-19.05.09:133][574]LogAudioMixer: Display: 	Callback Buffer Frame Size To Use:	  1024
[2026.04.01-19.05.09:133][574]LogAudioMixer: Display: 	Number of buffers to queue:			  2
[2026.04.01-19.05.09:133][574]LogAudioMixer: Display: 	Max Channels (voices):				  32
[2026.04.01-19.05.09:133][574]LogAudioMixer: Display: 	Number of Async Source Workers:		  0
[2026.04.01-19.05.09:133][574]LogAudio: Display: AudioDevice MaxSources: 32
[2026.04.01-19.05.09:134][574]LogAudio: Display: Audio Spatialization Plugin: None (built-in).
[2026.04.01-19.05.09:134][574]LogAudio: Display: Audio Reverb Plugin: None (built-in).
[2026.04.01-19.05.09:135][574]LogAudio: Display: Audio Occlusion Plugin: None (built-in).
[2026.04.01-19.05.09:135][574]LogAudioMixer: Display: Initializing audio mixer.
[2026.04.01-19.05.09:138][574]LogAudioMixer: Display: 0: FrontLeft
[2026.04.01-19.05.09:138][574]LogAudioMixer: Display: 1: FrontRight
[2026.04.01-19.05.09:164][574]LogAudioMixer: Display: Using Audio Device Headphones (Realtek(R) Audio)
[2026.04.01-19.05.09:165][574]LogAudioMixer: Display: Initializing Sound Submixes...
[2026.04.01-19.05.09:165][574]LogAudioMixer: Display: Creating Master Submix 'MasterSubmixDefault'
[2026.04.01-19.05.09:165][574]LogAudioMixer: Display: Creating Master Submix 'MasterReverbSubmixDefault'
[2026.04.01-19.05.09:165][574]LogAudioMixer: Display: Creating Master Submix 'MasterEQSubmixDefault'
[2026.04.01-19.05.09:165][574]LogAudioMixer: FMixerPlatformXAudio2::StartAudioStream() called
[2026.04.01-19.05.09:165][574]LogAudioMixer: Display: Output buffers initialized: Frames=1024, Channels=2, Samples=2048
[2026.04.01-19.05.09:167][574]LogAudioMixer: Display: Starting AudioMixerPlatformInterface::RunInternal()
[2026.04.01-19.05.09:167][574]LogAudioMixer: Display: FMixerPlatformXAudio2::SubmitBuffer() called for the first time
[2026.04.01-19.05.09:167][574]LogInit: FAudioDevice initialized.
[2026.04.01-19.05.09:167][574]LogAudio: Display: Audio Device (ID: 22) registered with world 'Minimal_Default'.
[2026.04.01-19.05.09:219][574]LogSlate: Updating window title bar state: overlay mode, drag disabled, window buttons hidden, title bar hidden
[2026.04.01-19.05.09:220][574]LogLoad: Game class is 'FirstPersonGameMode_C'
[2026.04.01-19.05.09:221][574]LogWorld: Bringing World /Game/StarterContent/Maps/UEDPIE_0_Minimal_Default.Minimal_Default up for play (max tick rate 0) at 2026.04.01-22.05.09
[2026.04.01-19.05.09:221][574]LogWorld: Bringing up level for play took: 0.000698
[2026.04.01-19.05.09:221][574]LogOnline: OSS: Creating online subsystem instance for: :Context_27
[2026.04.01-19.05.09:227][574]PIE: Server logged in
[2026.04.01-19.05.09:229][574]PIE: Play in editor total start time 0,136 seconds.
[2026.04.01-19.05.40:846][253]LogSlate: Window 'Buttons' being destroyed
[2026.04.01-19.05.40:861][253]LogSlate: Window 'Buttons' being destroyed
[2026.04.01-19.05.40:868][253]LogWorld: UWorld::CleanupWorld for World_11, bSessionEnded=true, bCleanupResources=true
[2026.04.01-19.05.40:868][253]LogSlate: InvalidateAllWidgets triggered.  All widgets were invalidated
[2026.04.01-19.05.40:877][253]LogWorld: UWorld::CleanupWorld for World_10, bSessionEnded=true, bCleanupResources=true
[2026.04.01-19.05.40:877][253]LogSlate: InvalidateAllWidgets triggered.  All widgets were invalidated
[2026.04.01-19.05.43:001][364]LogSlate: Updating window title bar state: overlay mode, drag disabled, window buttons hidden, title bar hidden
[2026.04.01-19.05.43:001][364]LogWorld: BeginTearingDown for /Game/StarterContent/Maps/UEDPIE_0_Minimal_Default
[2026.04.01-19.05.43:001][364]LogSlate: Window 'Playtime_Multiplayer Preview [NetMode: Standalone]  (64-bit/Windows) ' being destroyed
[2026.04.01-19.05.43:006][364]LogWorld: UWorld::CleanupWorld for Minimal_Default, bSessionEnded=true, bCleanupResources=true
[2026.04.01-19.05.43:006][364]LogSlate: InvalidateAllWidgets triggered.  All widgets were invalidated
[2026.04.01-19.05.43:015][364]LogPlayLevel: Display: Shutting down PIE online subsystems
[2026.04.01-19.05.43:019][364]LogSlate: InvalidateAllWidgets triggered.  All widgets were invalidated
[2026.04.01-19.05.43:043][364]LogAudio: Display: Audio Device unregistered from world 'None'.
[2026.04.01-19.05.43:043][364]LogAudioMixer: FMixerPlatformXAudio2::StopAudioStream() called
[2026.04.01-19.05.43:045][364]LogAudioMixer: FMixerPlatformXAudio2::StopAudioStream() called
[2026.04.01-19.05.43:053][364]LogUObjectHash: Compacting FUObjectHashTables data took   2.82ms
[2026.04.01-19.05.43:072][365]LogPlayLevel: Display: Destroying online subsystem :Context_27
[2026.04.01-19.06.32:463][379]LogSlate: Window 'Plugins' being destroyed
[2026.04.01-19.06.32:475][379]LogSlate: Window 'Plugins' being destroyed
[2026.04.01-19.06.32:475][379]LogDirectoryWatcher: A directory notification for '../../../Engine/Plugins/' was aborted.
[2026.04.01-19.06.32:476][379]LogDirectoryWatcher: A directory notification for '../../../../../../Users/User/Documents/Unreal Projects/Playtime_Multiplayer/Plugins/' was aborted.
[2026.04.01-19.08.05:821][809]LogWindowsTextInputMethodSystem: Display: IME system deactivated.
[2026.04.01-19.08.05:821][809]LogWindowsTextInputMethodSystem: Display: IME system deactivated.
[2026.04.01-19.08.08:127][914]LogWindowsTextInputMethodSystem: Display: IME system deactivated.
[2026.04.01-19.08.08:127][914]LogWindowsTextInputMethodSystem: Display: IME system deactivated.
[2026.04.01-19.08.08:132][914]LogWindowsTextInputMethodSystem: Display: IME system deactivated.
[2026.04.01-19.08.08:133][914]LogWindowsTextInputMethodSystem: Display: IME system deactivated.
[2026.04.01-19.08.10:081][ 21]LogWindowsTextInputMethodSystem: Display: IME system deactivated.
[2026.04.01-19.08.10:081][ 21]LogWindowsTextInputMethodSystem: Display: IME system deactivated.
[2026.04.01-19.08.52:324][ 47]LogUObjectHash: Compacting FUObjectHashTables data took   2.90ms
[2026.04.01-19.08.52:330][ 47]LogFileHelpers: Editor autosave (incl. external actors) for '/Game/StarterContent/Maps/Minimal_Default' took 0.030
[2026.04.01-19.08.52:331][ 47]OBJ SavePackage: Generating thumbnails for [0] asset(s) in package [/Game/Widgets/Buttons] ([2] browsable assets)...
[2026.04.01-19.08.52:331][ 47]OBJ SavePackage: Finished generating thumbnails for package [/Game/Widgets/Buttons]
[2026.04.01-19.08.52:346][ 47]LogSavePackage: Moving '../../../../../../Users/User/Documents/Unreal Projects/Playtime_Multiplayer/Saved/Buttons_Auto16FBE07A44037DFD9ED37EE91D09D8017.tmp' to '../../../../../../Users/User/Documents/Unreal Projects/Playtime_Multiplayer/Saved/Autosaves/Game/Widgets/Buttons_Auto1.uasset'
[2026.04.01-19.08.52:347][ 47]OBJ SavePackage: Generating thumbnails for [0] asset(s) in package [/Game/Widgets/choice_mode] ([2] browsable assets)...
[2026.04.01-19.08.52:347][ 47]OBJ SavePackage: Finished generating thumbnails for package [/Game/Widgets/choice_mode]
[2026.04.01-19.08.52:358][ 47]LogSavePackage: Moving '../../../../../../Users/User/Documents/Unreal Projects/Playtime_Multiplayer/Saved/choice_mode_Auto16B48E00B4B8DA757C00EB7A4B5241805.tmp' to '../../../../../../Users/User/Documents/Unreal Projects/Playtime_Multiplayer/Saved/Autosaves/Game/Widgets/choice_mode_Auto1.uasset'
[2026.04.01-19.08.52:360][ 47]LogFileHelpers: Auto-saving content packages took 0.030
[2026.04.01-19.10.15:540][356]LogUObjectHash: Compacting FUObjectHashTables data took   0.83ms
[2026.04.01-19.10.16:803][356]LogSlate: Window 'Save Content' being destroyed
[2026.04.01-19.10.16:846][356]Cmd: OBJ SAVEPACKAGE PACKAGE="/Game/Widgets/Buttons" FILE="../../../../../../Users/User/Documents/Unreal Projects/Playtime_Multiplayer/Content/Widgets/Buttons.uasset" SILENT=true
[2026.04.01-19.10.16:864][356]LogSavePackage: Moving '../../../../../../Users/User/Documents/Unreal Projects/Playtime_Multiplayer/Saved/ButtonsBDFED8EA48F6C66D454E12909641E49E.tmp' to '../../../../../../Users/User/Documents/Unreal Projects/Playtime_Multiplayer/Content/Widgets/Buttons.uasset'
[2026.04.01-19.10.16:866][356]Cmd: OBJ SAVEPACKAGE PACKAGE="/Game/Widgets/choice_mode" FILE="../../../../../../Users/User/Documents/Unreal Projects/Playtime_Multiplayer/Content/Widgets/choice_mode.uasset" SILENT=true
[2026.04.01-19.10.16:879][356]LogSavePackage: Moving '../../../../../../Users/User/Documents/Unreal Projects/Playtime_Multiplayer/Saved/choice_mode2F0ECE2044B9C451D1FD0EAE5A481928.tmp' to '../../../../../../Users/User/Documents/Unreal Projects/Playtime_Multiplayer/Content/Widgets/choice_mode.uasset'
[2026.04.01-19.10.16:911][356]AssetCheck: New page: Asset Save: multiple assets
[2026.04.01-19.10.16:911][356]LogContentValidation: Display: Validating WidgetBlueprint /Game/Widgets/Buttons.Buttons
[2026.04.01-19.10.16:912][356]LogContentValidation: Display: Validating WidgetBlueprint /Game/Widgets/choice_mode.choice_mode
[2026.04.01-19.10.48:782][559]LogTemp: Repeating last play command: New Editor Window (PIE)
[2026.04.01-19.10.48:788][559]LogPlayLevel: PlayLevel: No blueprints needed recompiling
[2026.04.01-19.10.48:789][559]PIE: New page: PIE session: Minimal_Default (2 апр. 2026 г., 01:10:48)
[2026.04.01-19.10.48:790][559]LogPlayLevel: Creating play world package: /Game/StarterContent/Maps/UEDPIE_0_Minimal_Default
[2026.04.01-19.10.48:798][559]LogPlayLevel: PIE: StaticDuplicateObject took: (0.007259s)
[2026.04.01-19.10.48:799][559]LogAIModule: Creating AISystem for world Minimal_Default
[2026.04.01-19.10.48:799][559]LogPlayLevel: PIE: World Init took: (0.001827s)
[2026.04.01-19.10.48:799][559]LogPlayLevel: PIE: Created PIE world by copying editor world from /Game/StarterContent/Maps/Minimal_Default.Minimal_Default to /Game/StarterContent/Maps/UEDPIE_0_Minimal_Default.Minimal_Default (0.009560s)
[2026.04.01-19.10.48:831][559]LogUObjectHash: Compacting FUObjectHashTables data took   2.40ms
[2026.04.01-19.10.48:834][559]LogAudio: Display: Creating Audio Device:                 Id: 23, Scope: Unique, Realtime: True
[2026.04.01-19.10.48:835][559]LogAudioMixer: Display: Audio Mixer Platform Settings:
[2026.04.01-19.10.48:835][559]LogAudioMixer: Display: 	Sample Rate:						  48000
[2026.04.01-19.10.48:835][559]LogAudioMixer: Display: 	Callback Buffer Frame Size Requested: 1024
[2026.04.01-19.10.48:835][559]LogAudioMixer: Display: 	Callback Buffer Frame Size To Use:	  1024
[2026.04.01-19.10.48:835][559]LogAudioMixer: Display: 	Number of buffers to queue:			  2
[2026.04.01-19.10.48:835][559]LogAudioMixer: Display: 	Max Channels (voices):				  32
[2026.04.01-19.10.48:835][559]LogAudioMixer: Display: 	Number of Async Source Workers:		  0
[2026.04.01-19.10.48:835][559]LogAudio: Display: AudioDevice MaxSources: 32
[2026.04.01-19.10.48:836][559]LogAudio: Display: Audio Spatialization Plugin: None (built-in).
[2026.04.01-19.10.48:836][559]LogAudio: Display: Audio Reverb Plugin: None (built-in).
[2026.04.01-19.10.48:836][559]LogAudio: Display: Audio Occlusion Plugin: None (built-in).
[2026.04.01-19.10.48:836][559]LogAudioMixer: Display: Initializing audio mixer.
[2026.04.01-19.10.48:843][559]LogAudioMixer: Display: 0: FrontLeft
[2026.04.01-19.10.48:843][559]LogAudioMixer: Display: 1: FrontRight
[2026.04.01-19.10.48:874][559]LogAudioMixer: Display: Using Audio Device Headphones (Realtek(R) Audio)
[2026.04.01-19.10.48:875][559]LogAudioMixer: Display: Initializing Sound Submixes...
[2026.04.01-19.10.48:875][559]LogAudioMixer: Display: Creating Master Submix 'MasterSubmixDefault'
[2026.04.01-19.10.48:875][559]LogAudioMixer: Display: Creating Master Submix 'MasterReverbSubmixDefault'
[2026.04.01-19.10.48:876][559]LogAudioMixer: Display: Creating Master Submix 'MasterEQSubmixDefault'
[2026.04.01-19.10.48:876][559]LogAudioMixer: FMixerPlatformXAudio2::StartAudioStream() called
[2026.04.01-19.10.48:876][559]LogAudioMixer: Display: Output buffers initialized: Frames=1024, Channels=2, Samples=2048
[2026.04.01-19.10.48:878][559]LogAudioMixer: Display: Starting AudioMixerPlatformInterface::RunInternal()
[2026.04.01-19.10.48:878][559]LogAudioMixer: Display: FMixerPlatformXAudio2::SubmitBuffer() called for the first time
[2026.04.01-19.10.48:878][559]LogInit: FAudioDevice initialized.
[2026.04.01-19.10.48:878][559]LogAudio: Display: Audio Device (ID: 23) registered with world 'Minimal_Default'.
[2026.04.01-19.10.48:924][559]LogSlate: Updating window title bar state: overlay mode, drag disabled, window buttons hidden, title bar hidden
[2026.04.01-19.10.48:924][559]LogLoad: Game class is 'FirstPersonGameMode_C'
[2026.04.01-19.10.48:927][559]LogWorld: Bringing World /Game/StarterContent/Maps/UEDPIE_0_Minimal_Default.Minimal_Default up for play (max tick rate 0) at 2026.04.01-22.10.48
[2026.04.01-19.10.48:927][559]LogWorld: Bringing up level for play took: 0.001273
[2026.04.01-19.10.48:927][559]LogOnline: OSS: Creating online subsystem instance for: :Context_28
[2026.04.01-19.10.48:933][559]PIE: Server logged in
[2026.04.01-19.10.48:935][559]PIE: Play in editor total start time 0,148 seconds.
[2026.04.01-19.11.00:784][680]LogSlate: Updating window title bar state: overlay mode, drag disabled, window buttons hidden, title bar hidden
[2026.04.01-19.11.00:784][680]LogWorld: BeginTearingDown for /Game/StarterContent/Maps/UEDPIE_0_Minimal_Default
[2026.04.01-19.11.00:784][680]LogSlate: Window 'Playtime_Multiplayer Preview [NetMode: Standalone]  (64-bit/Windows) ' being destroyed
[2026.04.01-19.11.00:817][680]LogWorld: UWorld::CleanupWorld for Minimal_Default, bSessionEnded=true, bCleanupResources=true
[2026.04.01-19.11.00:817][680]LogSlate: InvalidateAllWidgets triggered.  All widgets were invalidated
[2026.04.01-19.11.00:848][680]LogPlayLevel: Display: Shutting down PIE online subsystems
[2026.04.01-19.11.00:860][680]LogSlate: InvalidateAllWidgets triggered.  All widgets were invalidated
[2026.04.01-19.11.00:893][680]LogAudio: Display: Audio Device unregistered from world 'None'.
[2026.04.01-19.11.00:893][680]LogAudioMixer: FMixerPlatformXAudio2::StopAudioStream() called
[2026.04.01-19.11.00:895][680]LogAudioMixer: FMixerPlatformXAudio2::StopAudioStream() called
[2026.04.01-19.11.00:907][680]LogUObjectHash: Compacting FUObjectHashTables data took   7.21ms
[2026.04.01-19.11.01:100][681]LogPlayLevel: Display: Destroying online subsystem :Context_28
[2026.04.01-19.11.03:208][736]LogUObjectHash: Compacting FUObjectHashTables data took   2.21ms
[2026.04.01-19.11.04:098][791]LogUObjectHash: Compacting FUObjectHashTables data took   0.63ms
[2026.04.01-19.11.04:119][791]LogSavePackage: Moving '../../../../../../Users/User/Documents/Unreal Projects/Playtime_Multiplayer/Saved/Minimal_Default4BE815D5487340F23E2828840FD7E614.tmp' to '../../../../../../Users/User/Documents/Unreal Projects/Playtime_Multiplayer/Content/StarterContent/Maps/Minimal_Default.umap'
[2026.04.01-19.11.04:244][791]LogSavePackage: Moving '../../../../../../Users/User/Documents/Unreal Projects/Playtime_Multiplayer/Saved/Minimal_Default_BuiltDataCD4C48BB45BD6DC41EA985B5B42ACD52.tmp' to '../../../../../../Users/User/Documents/Unreal Projects/Playtime_Multiplayer/Content/StarterContent/Maps/Minimal_Default_BuiltData.uasset'
[2026.04.01-19.11.04:266][791]AssetCheck: New page: Asset Save: multiple assets
[2026.04.01-19.11.04:267][791]LogContentValidation: Display: Validating MapBuildDataRegistry /Game/StarterContent/Maps/Minimal_Default_BuiltData.Minimal_Default_BuiltData
[2026.04.01-19.11.04:267][791]LogContentValidation: Display: Validating World /Game/StarterContent/Maps/Minimal_Default.Minimal_Default
[2026.04.01-19.11.07:148][ 41]LogUObjectHash: Compacting FUObjectHashTables data took   2.73ms
[2026.04.01-19.11.08:525][115]LogTemp: Repeating last play command: Standalone Game
[2026.04.01-19.11.08:555][115]LogUObjectHash: Compacting FUObjectHashTables data took   2.05ms
[2026.04.01-19.11.11:507][259]LogSlate: Window 'Plugins' being destroyed
[2026.04.01-19.11.11:510][259]LogSlate: Window 'Plugins' being destroyed
[2026.04.01-19.11.11:510][259]LogDirectoryWatcher: A directory notification for '../../../Engine/Plugins/' was aborted.
[2026.04.01-19.11.11:510][259]LogDirectoryWatcher: A directory notification for '../../../../../../Users/User/Documents/Unreal Projects/Playtime_Multiplayer/Plugins/' was aborted.
[2026.04.01-19.11.52:211][487]LogUObjectHash: Compacting FUObjectHashTables data took   2.50ms
[2026.04.01-19.11.53:462][560]LogUObjectHash: Compacting FUObjectHashTables data took   0.53ms
[2026.04.01-19.11.53:480][560]LogSavePackage: Moving '../../../../../../Users/User/Documents/Unreal Projects/Playtime_Multiplayer/Saved/Minimal_Default2B0A998745D81410A89187BD542A4D48.tmp' to '../../../../../../Users/User/Documents/Unreal Projects/Playtime_Multiplayer/Content/StarterContent/Maps/Minimal_Default.umap'
[2026.04.01-19.11.53:521][560]LogSavePackage: Moving '../../../../../../Users/User/Documents/Unreal Projects/Playtime_Multiplayer/Saved/Minimal_Default_BuiltData9DFB71A14494B274A7687D93BD1FC4DD.tmp' to '../../../../../../Users/User/Documents/Unreal Projects/Playtime_Multiplayer/Content/StarterContent/Maps/Minimal_Default_BuiltData.uasset'
[2026.04.01-19.11.53:537][560]AssetCheck: New page: Asset Save: multiple assets
[2026.04.01-19.11.53:537][560]LogContentValidation: Display: Validating MapBuildDataRegistry /Game/StarterContent/Maps/Minimal_Default_BuiltData.Minimal_Default_BuiltData
[2026.04.01-19.11.53:537][560]LogContentValidation: Display: Validating World /Game/StarterContent/Maps/Minimal_Default.Minimal_Default
[2026.04.01-19.11.55:730][744]LogPlayLevel: PlayLevel: No blueprints needed recompiling
[2026.04.01-19.11.55:730][744]PIE: New page: PIE session: Minimal_Default (2 апр. 2026 г., 01:11:55)
[2026.04.01-19.11.55:742][744]LogPlayLevel: Creating play world package: /Game/StarterContent/Maps/UEDPIE_0_Minimal_Default
[2026.04.01-19.11.55:747][744]LogPlayLevel: PIE: StaticDuplicateObject took: (0.005262s)
[2026.04.01-19.11.55:751][744]LogAIModule: Creating AISystem for world Minimal_Default
[2026.04.01-19.11.55:756][744]LogPlayLevel: PIE: World Init took: (0.008957s)
[2026.04.01-19.11.55:757][744]LogPlayLevel: PIE: Created PIE world by copying editor world from /Game/StarterContent/Maps/Minimal_Default.Minimal_Default to /Game/StarterContent/Maps/UEDPIE_0_Minimal_Default.Minimal_Default (0.014453s)
[2026.04.01-19.11.55:778][744]LogUObjectHash: Compacting FUObjectHashTables data took   1.96ms
[2026.04.01-19.11.55:782][744]LogAudio: Display: Creating Audio Device:                 Id: 24, Scope: Unique, Realtime: True
[2026.04.01-19.11.55:783][744]LogAudioMixer: Display: Audio Mixer Platform Settings:
[2026.04.01-19.11.55:783][744]LogAudioMixer: Display: 	Sample Rate:						  48000
[2026.04.01-19.11.55:784][744]LogAudioMixer: Display: 	Callback Buffer Frame Size Requested: 1024
[2026.04.01-19.11.55:784][744]LogAudioMixer: Display: 	Callback Buffer Frame Size To Use:	  1024
[2026.04.01-19.11.55:784][744]LogAudioMixer: Display: 	Number of buffers to queue:			  2
[2026.04.01-19.11.55:784][744]LogAudioMixer: Display: 	Max Channels (voices):				  32
[2026.04.01-19.11.55:784][744]LogAudioMixer: Display: 	Number of Async Source Workers:		  0
[2026.04.01-19.11.55:784][744]LogAudio: Display: AudioDevice MaxSources: 32
[2026.04.01-19.11.55:785][744]LogAudio: Display: Audio Spatialization Plugin: None (built-in).
[2026.04.01-19.11.55:785][744]LogAudio: Display: Audio Reverb Plugin: None (built-in).
[2026.04.01-19.11.55:785][744]LogAudio: Display: Audio Occlusion Plugin: None (built-in).
[2026.04.01-19.11.55:785][744]LogAudioMixer: Display: Initializing audio mixer.
[2026.04.01-19.11.55:789][744]LogAudioMixer: Display: 0: FrontLeft
[2026.04.01-19.11.55:790][744]LogAudioMixer: Display: 1: FrontRight
[2026.04.01-19.11.55:817][744]LogAudioMixer: Display: Using Audio Device Headphones (Realtek(R) Audio)
[2026.04.01-19.11.55:820][744]LogAudioMixer: Display: Initializing Sound Submixes...
[2026.04.01-19.11.55:820][744]LogAudioMixer: Display: Creating Master Submix 'MasterSubmixDefault'
[2026.04.01-19.11.55:820][744]LogAudioMixer: Display: Creating Master Submix 'MasterReverbSubmixDefault'
[2026.04.01-19.11.55:822][744]LogAudioMixer: Display: Creating Master Submix 'MasterEQSubmixDefault'
[2026.04.01-19.11.55:822][744]LogAudioMixer: FMixerPlatformXAudio2::StartAudioStream() called
[2026.04.01-19.11.55:823][744]LogAudioMixer: Display: Output buffers initialized: Frames=1024, Channels=2, Samples=2048
[2026.04.01-19.11.55:826][744]LogAudioMixer: Display: Starting AudioMixerPlatformInterface::RunInternal()
[2026.04.01-19.11.55:826][744]LogAudioMixer: Display: FMixerPlatformXAudio2::SubmitBuffer() called for the first time
[2026.04.01-19.11.55:826][744]LogInit: FAudioDevice initialized.
[2026.04.01-19.11.55:826][744]LogAudio: Display: Audio Device (ID: 24) registered with world 'Minimal_Default'.
[2026.04.01-19.11.55:886][744]LogSlate: Updating window title bar state: overlay mode, drag disabled, window buttons hidden, title bar hidden
[2026.04.01-19.11.55:886][744]LogLoad: Game class is 'FirstPersonGameMode_C'
[2026.04.01-19.11.55:888][744]LogWorld: Bringing World /Game/StarterContent/Maps/UEDPIE_0_Minimal_Default.Minimal_Default up for play (max tick rate 0) at 2026.04.01-22.11.55
[2026.04.01-19.11.55:888][744]LogWorld: Bringing up level for play took: 0.001083
[2026.04.01-19.11.55:888][744]LogOnline: OSS: Creating online subsystem instance for: :Context_29
[2026.04.01-19.11.55:903][744]PIE: Server logged in
[2026.04.01-19.11.55:905][744]PIE: Play in editor total start time 0,175 seconds.
[2026.04.01-19.11.57:254][805]LogSlate: Window 'Playtime_Multiplayer Preview [NetMode: Standalone]  (64-bit/Windows) ' being destroyed
[2026.04.01-19.11.57:292][805]LogWorld: BeginTearingDown for /Game/StarterContent/Maps/UEDPIE_0_Minimal_Default
[2026.04.01-19.11.57:321][805]LogWorld: UWorld::CleanupWorld for Minimal_Default, bSessionEnded=true, bCleanupResources=true
[2026.04.01-19.11.57:321][805]LogSlate: InvalidateAllWidgets triggered.  All widgets were invalidated
[2026.04.01-19.11.57:333][805]LogPlayLevel: Display: Shutting down PIE online subsystems
[2026.04.01-19.11.57:339][805]LogSlate: InvalidateAllWidgets triggered.  All widgets were invalidated
[2026.04.01-19.11.57:364][805]LogAudio: Display: Audio Device unregistered from world 'None'.
[2026.04.01-19.11.57:365][805]LogAudioMixer: FMixerPlatformXAudio2::StopAudioStream() called
[2026.04.01-19.11.57:368][805]LogAudioMixer: FMixerPlatformXAudio2::StopAudioStream() called
[2026.04.01-19.11.57:375][805]LogUObjectHash: Compacting FUObjectHashTables data took   2.20ms
[2026.04.01-19.11.57:402][806]LogPlayLevel: Display: Destroying online subsystem :Context_29
[2026.04.01-19.12.13:068][184]LogAssetEditorSubsystem: Opening Asset editor for LevelScriptBlueprint /Game/StarterContent/Maps/Minimal_Default.Minimal_Default:PersistentLevel.Minimal_Default
[2026.04.01-19.16.32:577][224]LogSlate: Window 'Minimal_Default' being destroyed
[2026.04.01-19.16.32:586][224]LogSlate: Window 'Minimal_Default' being destroyed
[2026.04.01-19.16.32:590][224]LogWorld: UWorld::CleanupWorld for World_14, bSessionEnded=true, bCleanupResources=true
[2026.04.01-19.16.32:590][224]LogSlate: InvalidateAllWidgets triggered.  All widgets were invalidated
[2026.04.01-19.16.34:832][392]LogContentBrowser: Deferred new asset folder creation: NewFolder
[2026.04.01-19.16.34:853][392]LogContentBrowser: Creating deferred item: NewFolder
[2026.04.01-19.16.38:013][632]LogContentBrowser: Attempting asset rename: NewFolder -> MULTIPLAYER
[2026.04.01-19.16.38:018][632]LogContentBrowser: End creating deferred item NewFolder
[2026.04.01-19.16.56:616][865]LogEditorClassViewer: Warning: Class /Engine/Tutorial/InWorldBlueprintEditing/TutorialAssets/IWBE_Blutility.IWBE_Blutility_C has parent /Script/Blutility.PlacedEditorUtilityBase, but this parent is not found. The Class will not be shown in ClassViewer.
[2026.04.01-19.16.56:619][865]LogSlate: Warning: Slate: Had to block on waiting for a draw buffer
[2026.04.01-19.17.43:220][865]LogSlate: Window 'Pick Parent Class' being destroyed
[2026.04.01-19.17.43:235][865]LogContentBrowser: Deferred new asset file creation: NewBlueprint
[2026.04.01-19.17.43:253][865]LogContentBrowser: Creating deferred item: NewBlueprint
[2026.04.01-19.17.54:450][589]LogContentBrowser: Attempting asset rename: NewBlueprint -> multi
[2026.04.01-19.17.54:477][589]LogContentBrowser: End creating deferred item NewBlueprint
[2026.04.01-19.17.58:246][873]LogSlate: Only BGRA pngs, bmps or icos are supported in by External Image Picker
[2026.04.01-19.18.11:141][293]LogSlate: Prevented a slow task dialog from being summoned while a context menu was open
[2026.04.01-19.18.11:164][293]LogEditorClassViewer: Warning: Class /Engine/Tutorial/InWorldBlueprintEditing/TutorialAssets/IWBE_Blutility.IWBE_Blutility_C has parent /Script/Blutility.PlacedEditorUtilityBase, but this parent is not found. The Class will not be shown in ClassViewer.
[2026.04.01-19.18.14:113][541]LogSlate: Window 'Project Settings' being destroyed
[2026.04.01-19.18.14:125][541]LogSlate: Window 'Project Settings' being destroyed
[2026.04.01-19.18.15:243][586]LogUObjectHash: Compacting FUObjectHashTables data took   6.24ms
[2026.04.01-19.18.15:286][586]LogSavePackage: Moving '../../../../../../Users/User/Documents/Unreal Projects/Playtime_Multiplayer/Saved/Minimal_DefaultA294057343BE4CA8EFD969A6243F8916.tmp' to '../../../../../../Users/User/Documents/Unreal Projects/Playtime_Multiplayer/Content/StarterContent/Maps/Minimal_Default.umap'
[2026.04.01-19.18.15:332][586]LogSavePackage: Moving '../../../../../../Users/User/Documents/Unreal Projects/Playtime_Multiplayer/Saved/Minimal_Default_BuiltData64D598E0479AEE68E62E9CB50892155C.tmp' to '../../../../../../Users/User/Documents/Unreal Projects/Playtime_Multiplayer/Content/StarterContent/Maps/Minimal_Default_BuiltData.uasset'
[2026.04.01-19.18.15:350][586]AssetCheck: New page: Asset Save: multiple assets
[2026.04.01-19.18.15:350][586]LogContentValidation: Display: Validating MapBuildDataRegistry /Game/StarterContent/Maps/Minimal_Default_BuiltData.Minimal_Default_BuiltData
[2026.04.01-19.18.15:351][586]LogContentValidation: Display: Validating World /Game/StarterContent/Maps/Minimal_Default.Minimal_Default
[2026.04.01-19.18.16:233][628]LogUObjectHash: Compacting FUObjectHashTables data took   2.90ms
[2026.04.01-19.18.17:128][628]LogSlate: Window 'Save Content' being destroyed
[2026.04.01-19.18.17:164][628]Cmd: OBJ SAVEPACKAGE PACKAGE="/Game/MULTIPLAYER/multi" FILE="../../../../../../Users/User/Documents/Unreal Projects/Playtime_Multiplayer/Content/MULTIPLAYER/multi.uasset" SILENT=true
[2026.04.01-19.18.17:180][628]LogSavePackage: Moving '../../../../../../Users/User/Documents/Unreal Projects/Playtime_Multiplayer/Saved/multi88E98C2A4616E8C55ABB5C9390829CA4.tmp' to '../../../../../../Users/User/Documents/Unreal Projects/Playtime_Multiplayer/Content/MULTIPLAYER/multi.uasset'
[2026.04.01-19.18.17:203][628]AssetCheck: New page: Asset Save: multi
[2026.04.01-19.18.17:203][628]LogContentValidation: Display: Validating Blueprint /Game/MULTIPLAYER/multi.multi
[2026.04.01-19.18.17:868][667]LogAssetEditorSubsystem: Opening Asset editor for Blueprint /Game/MULTIPLAYER/multi.multi
[2026.04.01-19.19.36:245][890]BlueprintLog: New page: Compile multi
[2026.04.01-19.19.36:279][890]LogUObjectHash: Compacting FUObjectHashTables data took   2.92ms
[2026.04.01-19.19.36:315][890]LogSlate: Took 0.000745 seconds to synchronously load lazily loaded font '../../../Engine/Content/Slate/Fonts/DroidSansMono.ttf' (77K)
[2026.04.01-19.19.37:237][944]LogTemp: Repeating last play command: New Editor Window (PIE)
[2026.04.01-19.19.37:248][944]BlueprintLog: New page: Pre-Play auto-recompile
[2026.04.01-19.19.37:250][944]LogPlayLevel: [PlayLevel] Compiling Minimal_Default before play...
[2026.04.01-19.19.37:298][944]LogUObjectHash: Compacting FUObjectHashTables data took   2.73ms
[2026.04.01-19.19.37:300][944]LogPlayLevel: PlayLevel: Blueprint regeneration took 51 ms (1 blueprints)
[2026.04.01-19.19.37:301][944]PIE: New page: PIE session: Minimal_Default (2 апр. 2026 г., 01:19:37)
[2026.04.01-19.19.37:302][944]LogPlayLevel: Creating play world package: /Game/StarterContent/Maps/UEDPIE_0_Minimal_Default
[2026.04.01-19.19.37:307][944]LogPlayLevel: PIE: StaticDuplicateObject took: (0.005655s)
[2026.04.01-19.19.37:308][944]LogAIModule: Creating AISystem for world Minimal_Default
[2026.04.01-19.19.37:308][944]LogPlayLevel: PIE: World Init took: (0.001516s)
[2026.04.01-19.19.37:308][944]LogPlayLevel: PIE: Created PIE world by copying editor world from /Game/StarterContent/Maps/Minimal_Default.Minimal_Default to /Game/StarterContent/Maps/UEDPIE_0_Minimal_Default.Minimal_Default (0.007391s)
[2026.04.01-19.19.37:333][944]LogUObjectHash: Compacting FUObjectHashTables data took   2.08ms
[2026.04.01-19.19.37:334][944]LogAudio: Display: Creating Audio Device:                 Id: 25, Scope: Unique, Realtime: True
[2026.04.01-19.19.37:334][944]LogAudioMixer: Display: Audio Mixer Platform Settings:
[2026.04.01-19.19.37:334][944]LogAudioMixer: Display: 	Sample Rate:						  48000
[2026.04.01-19.19.37:334][944]LogAudioMixer: Display: 	Callback Buffer Frame Size Requested: 1024
[2026.04.01-19.19.37:334][944]LogAudioMixer: Display: 	Callback Buffer Frame Size To Use:	  1024
[2026.04.01-19.19.37:334][944]LogAudioMixer: Display: 	Number of buffers to queue:			  2
[2026.04.01-19.19.37:334][944]LogAudioMixer: Display: 	Max Channels (voices):				  32
[2026.04.01-19.19.37:334][944]LogAudioMixer: Display: 	Number of Async Source Workers:		  0
[2026.04.01-19.19.37:334][944]LogAudio: Display: AudioDevice MaxSources: 32
[2026.04.01-19.19.37:334][944]LogAudio: Display: Audio Spatialization Plugin: None (built-in).
[2026.04.01-19.19.37:334][944]LogAudio: Display: Audio Reverb Plugin: None (built-in).
[2026.04.01-19.19.37:334][944]LogAudio: Display: Audio Occlusion Plugin: None (built-in).
[2026.04.01-19.19.37:334][944]LogAudioMixer: Display: Initializing audio mixer.
[2026.04.01-19.19.37:340][944]LogAudioMixer: Display: 0: FrontLeft
[2026.04.01-19.19.37:340][944]LogAudioMixer: Display: 1: FrontRight
[2026.04.01-19.19.37:368][944]LogAudioMixer: Display: Using Audio Device Headphones (Realtek(R) Audio)
[2026.04.01-19.19.37:368][944]LogAudioMixer: Display: Initializing Sound Submixes...
[2026.04.01-19.19.37:369][944]LogAudioMixer: Display: Creating Master Submix 'MasterSubmixDefault'
[2026.04.01-19.19.37:369][944]LogAudioMixer: Display: Creating Master Submix 'MasterReverbSubmixDefault'
[2026.04.01-19.19.37:370][944]LogAudioMixer: Display: Creating Master Submix 'MasterEQSubmixDefault'
[2026.04.01-19.19.37:370][944]LogAudioMixer: FMixerPlatformXAudio2::StartAudioStream() called
[2026.04.01-19.19.37:370][944]LogAudioMixer: Display: Output buffers initialized: Frames=1024, Channels=2, Samples=2048
[2026.04.01-19.19.37:371][944]LogAudioMixer: Display: Starting AudioMixerPlatformInterface::RunInternal()
[2026.04.01-19.19.37:371][944]LogAudioMixer: Display: FMixerPlatformXAudio2::SubmitBuffer() called for the first time
[2026.04.01-19.19.37:371][944]LogInit: FAudioDevice initialized.
[2026.04.01-19.19.37:371][944]LogAudio: Display: Audio Device (ID: 25) registered with world 'Minimal_Default'.
[2026.04.01-19.19.37:417][944]LogSlate: Updating window title bar state: overlay mode, drag disabled, window buttons hidden, title bar hidden
[2026.04.01-19.19.37:418][944]LogLoad: Game class is 'FirstPersonGameMode_C'
[2026.04.01-19.19.37:419][944]LogWorld: Bringing World /Game/StarterContent/Maps/UEDPIE_0_Minimal_Default.Minimal_Default up for play (max tick rate 0) at 2026.04.01-22.19.37
[2026.04.01-19.19.37:419][944]LogWorld: Bringing up level for play took: 0.001037
[2026.04.01-19.19.37:420][944]LogOnline: OSS: Creating online subsystem instance for: :Context_33
[2026.04.01-19.19.37:436][944]PIE: Server logged in
[2026.04.01-19.19.37:438][944]PIE: Play in editor total start time 0,191 seconds.
[2026.04.01-19.19.43:104][204]LogSlate: Window 'Playtime_Multiplayer Preview [NetMode: Standalone]  (64-bit/Windows) ' being destroyed
[2026.04.01-19.19.43:141][204]LogWorld: BeginTearingDown for /Game/StarterContent/Maps/UEDPIE_0_Minimal_Default
[2026.04.01-19.19.43:181][204]LogWorld: UWorld::CleanupWorld for Minimal_Default, bSessionEnded=true, bCleanupResources=true
[2026.04.01-19.19.43:181][204]LogSlate: InvalidateAllWidgets triggered.  All widgets were invalidated
[2026.04.01-19.19.43:190][204]LogPlayLevel: Display: Shutting down PIE online subsystems
[2026.04.01-19.19.43:196][204]LogSlate: InvalidateAllWidgets triggered.  All widgets were invalidated
[2026.04.01-19.19.43:224][204]LogAudioMixer: FMixerPlatformXAudio2::StopAudioStream() called
[2026.04.01-19.19.43:228][204]LogAudioMixer: FMixerPlatformXAudio2::StopAudioStream() called
[2026.04.01-19.19.43:239][204]LogUObjectHash: Compacting FUObjectHashTables data took   2.37ms
[2026.04.01-19.19.43:265][205]LogPlayLevel: Display: Destroying online subsystem :Context_33
[2026.04.01-19.20.36:455][928]BlueprintLog: New page: Compile multi
[2026.04.01-19.20.36:483][928]LogUObjectHash: Compacting FUObjectHashTables data took   2.43ms
[2026.04.01-19.20.43:118][384]LogUObjectHash: Compacting FUObjectHashTables data took   2.39ms
[2026.04.01-19.20.44:225][384]LogSlate: Window 'Save Content' being destroyed
[2026.04.01-19.20.44:291][384]LogUObjectHash: Compacting FUObjectHashTables data took   0.56ms
[2026.04.01-19.20.44:318][384]LogSavePackage: Moving '../../../../../../Users/User/Documents/Unreal Projects/Playtime_Multiplayer/Saved/Minimal_DefaultC806526E43E407D3BCCA7F99B499098A.tmp' to '../../../../../../Users/User/Documents/Unreal Projects/Playtime_Multiplayer/Content/StarterContent/Maps/Minimal_Default.umap'
[2026.04.01-19.20.44:322][384]LogFileHelpers: Saving map 'Minimal_Default' took 0.053
[2026.04.01-19.20.44:322][384]Cmd: OBJ SAVEPACKAGE PACKAGE="/Game/MULTIPLAYER/multi" FILE="../../../../../../Users/User/Documents/Unreal Projects/Playtime_Multiplayer/Content/MULTIPLAYER/multi.uasset" SILENT=true
[2026.04.01-19.20.44:326][384]LogSavePackage: Moving '../../../../../../Users/User/Documents/Unreal Projects/Playtime_Multiplayer/Saved/multiE694A47E44BC3B7CA82977847EA3964C.tmp' to '../../../../../../Users/User/Documents/Unreal Projects/Playtime_Multiplayer/Content/MULTIPLAYER/multi.uasset'
[2026.04.01-19.20.44:388][384]LogAssetEditorSubsystem: Opening Asset editor for World /Game/MAPS/MP_Lobby.MP_Lobby
[2026.04.01-19.20.44:388][384]Cmd: MAP LOAD FILE="../../../../../../Users/User/Documents/Unreal Projects/Playtime_Multiplayer/Content/MAPS/MP_Lobby.umap" TEMPLATE=0 SHOWPROGRESS=1 FEATURELEVEL=3
[2026.04.01-19.20.44:389][384]LightingResults: New page: Lighting Build
[2026.04.01-19.20.44:390][384]LoadErrors: New page: Loading map: MP_Lobby.umap
[2026.04.01-19.20.44:443][384]LogWorld: UWorld::CleanupWorld for Minimal_Default, bSessionEnded=true, bCleanupResources=true
[2026.04.01-19.20.44:444][384]LogSlate: InvalidateAllWidgets triggered.  All widgets were invalidated
[2026.04.01-19.20.44:444][384]MapCheck: New page: Map Check
[2026.04.01-19.20.44:444][384]LightingResults: New page: Lighting Build
[2026.04.01-19.20.44:467][384]LogAudio: Display: Audio Device unregistered from world 'None'.
[2026.04.01-19.20.44:507][384]LogUObjectHash: Compacting FUObjectHashTables data took   3.05ms
[2026.04.01-19.20.44:552][384]LogUObjectHash: Compacting FUObjectHashTables data took   2.19ms
[2026.04.01-19.20.44:611][384]LogUObjectHash: Compacting FUObjectHashTables data took   2.44ms
[2026.04.01-19.20.44:640][384]LogUObjectHash: Compacting FUObjectHashTables data took   2.53ms
[2026.04.01-19.20.44:641][384]LogAudio: Display: Audio Device (ID: 1) registered with world 'MP_Lobby'.
[2026.04.01-19.20.44:717][384]LogEditorServer: Finished looking for orphan Actors (0.000 secs)
[2026.04.01-19.20.44:717][384]LogAIModule: Creating AISystem for world MP_Lobby
[2026.04.01-19.20.44:744][384]LogUObjectHash: Compacting FUObjectHashTables data took   2.04ms
[2026.04.01-19.20.44:747][384]Cmd: MAP CHECKDEP NOCLEARLOG
[2026.04.01-19.20.44:747][384]MapCheck: Map check complete: 0 Error(s), 0 Warning(s), took 0,081ms to complete.
[2026.04.01-19.20.44:747][384]LogFileHelpers: Loading map 'MP_Lobby' took 0.359
[2026.04.01-19.20.44:767][384]AssetCheck: New page: Asset Save: multiple assets
[2026.04.01-19.20.44:767][384]LogContentValidation: Display: Validating Blueprint /Game/MULTIPLAYER/multi.multi
[2026.04.01-19.20.44:767][384]LogContentValidation: Display: Validating World /Game/StarterContent/Maps/Minimal_Default.Minimal_Default
[2026.04.01-19.20.44:838][384]LogTexture: Display: Building textures: ShadowMapTexture2D_8 (G8, 1024X128)
[2026.04.01-19.20.44:838][384]LogTexture: Display: Building textures: LQ_Lightmap_0_2 (OODLE_DXT1, 64X64)
[2026.04.01-19.20.44:838][384]LogTexture: Display: Building textures: HQ_Lightmap0_2 (OODLE_AutoDXT, 64X64)
[2026.04.01-19.20.44:838][384]LogTexture: Display: Building textures: SkyOcclusion0_2 (OODLE_AutoDXT, 64X32)
[2026.04.01-19.20.44:838][384]LogTexture: Display: Building textures: SkyOcclusion0_1 (OODLE_AutoDXT, 512X256)
[2026.04.01-19.20.44:838][384]LogTexture: Display: Building textures: ShadowMapTexture2D_9 (G8, 32X32)
[2026.04.01-19.20.44:838][384]LogTexture: Display: Building textures: LQ_Lightmap_0_1 (OODLE_DXT1, 512X512)
[2026.04.01-19.20.44:838][384]LogTexture: Display: Building textures: HQ_Lightmap0_1 (OODLE_AutoDXT, 512X512)
[2026.04.01-19.20.59:838][453]Cmd: EDIT COPY
[2026.04.01-19.21.00:060][466]Cmd: EDIT PASTE
[2026.04.01-19.21.00:081][466]LogNavigationPoint: PostEditMove Clear paths rebuilt
[2026.04.01-19.21.01:088][538]LogNavigationPoint: PostEditMove Clear paths rebuilt
[2026.04.01-19.21.01:487][567]LogEditorViewport: Clicking Background
[2026.04.01-19.21.02:288][623]LogUObjectHash: Compacting FUObjectHashTables data took   2.65ms
[2026.04.01-19.21.02:320][623]LogSavePackage: Moving '../../../../../../Users/User/Documents/Unreal Projects/Playtime_Multiplayer/Saved/MP_LobbyEB6A4E224E2676B2BD0F2BB8B81C1796.tmp' to '../../../../../../Users/User/Documents/Unreal Projects/Playtime_Multiplayer/Content/MAPS/MP_Lobby.umap'
[2026.04.01-19.21.02:344][623]AssetCheck: New page: Asset Save: MP_Lobby
[2026.04.01-19.21.02:344][623]LogContentValidation: Display: Validating World /Game/MAPS/MP_Lobby.MP_Lobby
[2026.04.01-19.21.04:354][781]LogTemp: Repeating last play command: New Editor Window (PIE)
[2026.04.01-19.21.04:364][781]LogPlayLevel: PlayLevel: No blueprints needed recompiling
[2026.04.01-19.21.04:364][781]PIE: New page: PIE session: MP_Lobby (2 апр. 2026 г., 01:21:04)
[2026.04.01-19.21.04:365][781]LogPlayLevel: Creating play world package: /Game/MAPS/UEDPIE_0_MP_Lobby
[2026.04.01-19.21.04:371][781]LogPlayLevel: PIE: StaticDuplicateObject took: (0.005960s)
[2026.04.01-19.21.04:372][781]LogAIModule: Creating AISystem for world MP_Lobby
[2026.04.01-19.21.04:372][781]LogPlayLevel: PIE: World Init took: (0.001213s)
[2026.04.01-19.21.04:372][781]LogPlayLevel: PIE: Created PIE world by copying editor world from /Game/MAPS/MP_Lobby.MP_Lobby to /Game/MAPS/UEDPIE_0_MP_Lobby.MP_Lobby (0.007320s)
[2026.04.01-19.21.04:395][781]LogUObjectHash: Compacting FUObjectHashTables data took   2.08ms
[2026.04.01-19.21.04:396][781]LogAudio: Display: Creating Audio Device:                 Id: 26, Scope: Unique, Realtime: True
[2026.04.01-19.21.04:396][781]LogAudioMixer: Display: Audio Mixer Platform Settings:
[2026.04.01-19.21.04:396][781]LogAudioMixer: Display: 	Sample Rate:						  48000
[2026.04.01-19.21.04:396][781]LogAudioMixer: Display: 	Callback Buffer Frame Size Requested: 1024
[2026.04.01-19.21.04:396][781]LogAudioMixer: Display: 	Callback Buffer Frame Size To Use:	  1024
[2026.04.01-19.21.04:396][781]LogAudioMixer: Display: 	Number of buffers to queue:			  2
[2026.04.01-19.21.04:396][781]LogAudioMixer: Display: 	Max Channels (voices):				  32
[2026.04.01-19.21.04:396][781]LogAudioMixer: Display: 	Number of Async Source Workers:		  0
[2026.04.01-19.21.04:396][781]LogAudio: Display: AudioDevice MaxSources: 32
[2026.04.01-19.21.04:397][781]LogAudio: Display: Audio Spatialization Plugin: None (built-in).
[2026.04.01-19.21.04:397][781]LogAudio: Display: Audio Reverb Plugin: None (built-in).
[2026.04.01-19.21.04:397][781]LogAudio: Display: Audio Occlusion Plugin: None (built-in).
[2026.04.01-19.21.04:397][781]LogAudioMixer: Display: Initializing audio mixer.
[2026.04.01-19.21.04:401][781]LogAudioMixer: Display: 0: FrontLeft
[2026.04.01-19.21.04:401][781]LogAudioMixer: Display: 1: FrontRight
[2026.04.01-19.21.04:427][781]LogAudioMixer: Display: Using Audio Device Headphones (Realtek(R) Audio)
[2026.04.01-19.21.04:427][781]LogAudioMixer: Display: Initializing Sound Submixes...
[2026.04.01-19.21.04:427][781]LogAudioMixer: Display: Creating Master Submix 'MasterSubmixDefault'
[2026.04.01-19.21.04:427][781]LogAudioMixer: Display: Creating Master Submix 'MasterReverbSubmixDefault'
[2026.04.01-19.21.04:428][781]LogAudioMixer: Display: Creating Master Submix 'MasterEQSubmixDefault'
[2026.04.01-19.21.04:428][781]LogAudioMixer: FMixerPlatformXAudio2::StartAudioStream() called
[2026.04.01-19.21.04:428][781]LogAudioMixer: Display: Output buffers initialized: Frames=1024, Channels=2, Samples=2048
[2026.04.01-19.21.04:430][781]LogAudioMixer: Display: Starting AudioMixerPlatformInterface::RunInternal()
[2026.04.01-19.21.04:430][781]LogAudioMixer: Display: FMixerPlatformXAudio2::SubmitBuffer() called for the first time
[2026.04.01-19.21.04:430][781]LogInit: FAudioDevice initialized.
[2026.04.01-19.21.04:430][781]LogAudio: Display: Audio Device (ID: 26) registered with world 'MP_Lobby'.
[2026.04.01-19.21.04:487][781]LogSlate: Updating window title bar state: overlay mode, drag disabled, window buttons hidden, title bar hidden
[2026.04.01-19.21.04:488][781]LogLoad: Game class is 'FirstPersonGameMode_C'
[2026.04.01-19.21.04:490][781]LogWorld: Bringing World /Game/MAPS/UEDPIE_0_MP_Lobby.MP_Lobby up for play (max tick rate 0) at 2026.04.01-22.21.04
[2026.04.01-19.21.04:491][781]LogWorld: Bringing up level for play took: 0.002551
[2026.04.01-19.21.04:491][781]LogOnline: OSS: Creating online subsystem instance for: :Context_34
[2026.04.01-19.21.04:501][781]PIE: Server logged in
[2026.04.01-19.21.04:505][781]PIE: Play in editor total start time 0,147 seconds.
[2026.04.01-19.21.09:022][993]LogSlate: Updating window title bar state: overlay mode, drag disabled, window buttons hidden, title bar hidden
[2026.04.01-19.21.09:022][993]LogWorld: BeginTearingDown for /Game/MAPS/UEDPIE_0_MP_Lobby
[2026.04.01-19.21.09:023][993]LogSlate: Window 'Playtime_Multiplayer Preview [NetMode: Standalone]  (64-bit/Windows) ' being destroyed
[2026.04.01-19.21.09:048][993]LogWorld: UWorld::CleanupWorld for MP_Lobby, bSessionEnded=true, bCleanupResources=true
[2026.04.01-19.21.09:049][993]LogSlate: InvalidateAllWidgets triggered.  All widgets were invalidated
[2026.04.01-19.21.09:065][993]LogPlayLevel: Display: Shutting down PIE online subsystems
[2026.04.01-19.21.09:071][993]LogSlate: InvalidateAllWidgets triggered.  All widgets were invalidated
[2026.04.01-19.21.09:093][993]LogAudio: Display: Audio Device unregistered from world 'None'.
[2026.04.01-19.21.09:093][993]LogAudioMixer: FMixerPlatformXAudio2::StopAudioStream() called
[2026.04.01-19.21.09:094][993]LogAudioMixer: FMixerPlatformXAudio2::StopAudioStream() called
[2026.04.01-19.21.09:101][993]LogUObjectHash: Compacting FUObjectHashTables data took   3.70ms
[2026.04.01-19.21.09:119][994]LogPlayLevel: Display: Destroying online subsystem :Context_34
[2026.04.01-19.21.19:060][956]LogTemp: Repeating last play command: New Editor Window (PIE)
[2026.04.01-19.21.19:065][956]LogPlayLevel: PlayLevel: No blueprints needed recompiling
[2026.04.01-19.21.19:065][956]PIE: New page: PIE session: MP_Lobby (2 апр. 2026 г., 01:21:19)
[2026.04.01-19.21.19:066][956]LogPlayLevel: Creating play world package: /Game/MAPS/UEDPIE_0_MP_Lobby
[2026.04.01-19.21.19:074][956]LogPlayLevel: PIE: StaticDuplicateObject took: (0.008242s)
[2026.04.01-19.21.19:075][956]LogAIModule: Creating AISystem for world MP_Lobby
[2026.04.01-19.21.19:076][956]LogPlayLevel: PIE: World Init took: (0.001208s)
[2026.04.01-19.21.19:076][956]LogPlayLevel: PIE: Created PIE world by copying editor world from /Game/MAPS/MP_Lobby.MP_Lobby to /Game/MAPS/UEDPIE_0_MP_Lobby.MP_Lobby (0.009613s)
[2026.04.01-19.21.19:100][956]LogUObjectHash: Compacting FUObjectHashTables data took   2.19ms
[2026.04.01-19.21.19:101][956]LogAudio: Display: Creating Audio Device:                 Id: 27, Scope: Unique, Realtime: True
[2026.04.01-19.21.19:101][956]LogAudioMixer: Display: Audio Mixer Platform Settings:
[2026.04.01-19.21.19:101][956]LogAudioMixer: Display: 	Sample Rate:						  48000
[2026.04.01-19.21.19:101][956]LogAudioMixer: Display: 	Callback Buffer Frame Size Requested: 1024
[2026.04.01-19.21.19:101][956]LogAudioMixer: Display: 	Callback Buffer Frame Size To Use:	  1024
[2026.04.01-19.21.19:101][956]LogAudioMixer: Display: 	Number of buffers to queue:			  2
[2026.04.01-19.21.19:101][956]LogAudioMixer: Display: 	Max Channels (voices):				  32
[2026.04.01-19.21.19:101][956]LogAudioMixer: Display: 	Number of Async Source Workers:		  0
[2026.04.01-19.21.19:101][956]LogAudio: Display: AudioDevice MaxSources: 32
[2026.04.01-19.21.19:103][956]LogAudio: Display: Audio Spatialization Plugin: None (built-in).
[2026.04.01-19.21.19:103][956]LogAudio: Display: Audio Reverb Plugin: None (built-in).
[2026.04.01-19.21.19:103][956]LogAudio: Display: Audio Occlusion Plugin: None (built-in).
[2026.04.01-19.21.19:103][956]LogAudioMixer: Display: Initializing audio mixer.
[2026.04.01-19.21.19:107][956]LogAudioMixer: Display: 0: FrontLeft
[2026.04.01-19.21.19:107][956]LogAudioMixer: Display: 1: FrontRight
[2026.04.01-19.21.19:135][956]LogAudioMixer: Display: Using Audio Device Headphones (Realtek(R) Audio)
[2026.04.01-19.21.19:135][956]LogAudioMixer: Display: Initializing Sound Submixes...
[2026.04.01-19.21.19:135][956]LogAudioMixer: Display: Creating Master Submix 'MasterSubmixDefault'
[2026.04.01-19.21.19:135][956]LogAudioMixer: Display: Creating Master Submix 'MasterReverbSubmixDefault'
[2026.04.01-19.21.19:136][956]LogAudioMixer: Display: Creating Master Submix 'MasterEQSubmixDefault'
[2026.04.01-19.21.19:136][956]LogAudioMixer: FMixerPlatformXAudio2::StartAudioStream() called
[2026.04.01-19.21.19:136][956]LogAudioMixer: Display: Output buffers initialized: Frames=1024, Channels=2, Samples=2048
[2026.04.01-19.21.19:137][956]LogAudioMixer: Display: Starting AudioMixerPlatformInterface::RunInternal()
[2026.04.01-19.21.19:137][956]LogAudioMixer: Display: FMixerPlatformXAudio2::SubmitBuffer() called for the first time
[2026.04.01-19.21.19:137][956]LogInit: FAudioDevice initialized.
[2026.04.01-19.21.19:137][956]LogAudio: Display: Audio Device (ID: 27) registered with world 'MP_Lobby'.
[2026.04.01-19.21.19:183][956]LogSlate: Updating window title bar state: overlay mode, drag disabled, window buttons hidden, title bar hidden
[2026.04.01-19.21.19:183][956]LogLoad: Game class is 'FirstPersonGameMode_C'
[2026.04.01-19.21.19:185][956]LogWorld: Bringing World /Game/MAPS/UEDPIE_0_MP_Lobby.MP_Lobby up for play (max tick rate 0) at 2026.04.01-22.21.19
[2026.04.01-19.21.19:185][956]LogWorld: Bringing up level for play took: 0.001172
[2026.04.01-19.21.19:186][956]LogOnline: OSS: Creating online subsystem instance for: :Context_35
[2026.04.01-19.21.19:191][956]PIE: Server logged in
[2026.04.01-19.21.19:193][956]PIE: Play in editor total start time 0,128 seconds.
[2026.04.01-19.21.19:193][956]LogPlayLevel: Creating play world package: /Game/MAPS/UEDPIE_1_MP_Lobby
[2026.04.01-19.21.19:198][956]LogPlayLevel: PIE: StaticDuplicateObject took: (0.006666s)
[2026.04.01-19.21.19:200][956]LogAIModule: Creating AISystem for world MP_Lobby
[2026.04.01-19.21.19:201][956]LogPlayLevel: PIE: World Init took: (0.001464s)
[2026.04.01-19.21.19:201][956]LogPlayLevel: PIE: Created PIE world by copying editor world from /Game/MAPS/MP_Lobby.MP_Lobby to /Game/MAPS/UEDPIE_1_MP_Lobby.MP_Lobby (0.008290s)
[2026.04.01-19.21.19:225][956]LogUObjectHash: Compacting FUObjectHashTables data took   2.06ms
[2026.04.01-19.21.19:226][956]LogAudio: Display: Creating Audio Device:                 Id: 28, Scope: Unique, Realtime: True
[2026.04.01-19.21.19:226][956]LogAudioMixer: Display: Audio Mixer Platform Settings:
[2026.04.01-19.21.19:226][956]LogAudioMixer: Display: 	Sample Rate:						  48000
[2026.04.01-19.21.19:226][956]LogAudioMixer: Display: 	Callback Buffer Frame Size Requested: 1024
[2026.04.01-19.21.19:226][956]LogAudioMixer: Display: 	Callback Buffer Frame Size To Use:	  1024
[2026.04.01-19.21.19:226][956]LogAudioMixer: Display: 	Number of buffers to queue:			  2
[2026.04.01-19.21.19:226][956]LogAudioMixer: Display: 	Max Channels (voices):				  32
[2026.04.01-19.21.19:226][956]LogAudioMixer: Display: 	Number of Async Source Workers:		  0
[2026.04.01-19.21.19:226][956]LogAudio: Display: AudioDevice MaxSources: 32
[2026.04.01-19.21.19:226][956]LogAudio: Display: Audio Spatialization Plugin: None (built-in).
[2026.04.01-19.21.19:226][956]LogAudio: Display: Audio Reverb Plugin: None (built-in).
[2026.04.01-19.21.19:226][956]LogAudio: Display: Audio Occlusion Plugin: None (built-in).
[2026.04.01-19.21.19:226][956]LogAudioMixer: Display: Initializing audio mixer.
[2026.04.01-19.21.19:231][956]LogAudioMixer: Display: 0: FrontLeft
[2026.04.01-19.21.19:231][956]LogAudioMixer: Display: 1: FrontRight
[2026.04.01-19.21.19:241][956]LogAudioMixer: Display: Using Audio Device Headphones (Realtek(R) Audio)
[2026.04.01-19.21.19:241][956]LogAudioMixer: Display: Initializing Sound Submixes...
[2026.04.01-19.21.19:241][956]LogAudioMixer: Display: Creating Master Submix 'MasterSubmixDefault'
[2026.04.01-19.21.19:241][956]LogAudioMixer: Display: Creating Master Submix 'MasterReverbSubmixDefault'
[2026.04.01-19.21.19:242][956]LogAudioMixer: Display: Creating Master Submix 'MasterEQSubmixDefault'
[2026.04.01-19.21.19:242][956]LogAudioMixer: FMixerPlatformXAudio2::StartAudioStream() called
[2026.04.01-19.21.19:242][956]LogAudioMixer: Display: Output buffers initialized: Frames=1024, Channels=2, Samples=2048
[2026.04.01-19.21.19:245][956]LogAudioMixer: Display: Starting AudioMixerPlatformInterface::RunInternal()
[2026.04.01-19.21.19:245][956]LogAudioMixer: Display: FMixerPlatformXAudio2::SubmitBuffer() called for the first time
[2026.04.01-19.21.19:245][956]LogInit: FAudioDevice initialized.
[2026.04.01-19.21.19:245][956]LogAudio: Display: Audio Device (ID: 28) registered with world 'MP_Lobby'.
[2026.04.01-19.21.19:301][956]LogSlate: Updating window title bar state: overlay mode, drag disabled, window buttons hidden, title bar hidden
[2026.04.01-19.21.19:302][956]LogLoad: Game class is 'FirstPersonGameMode_C'
[2026.04.01-19.21.19:307][956]LogWorld: Bringing World /Game/MAPS/UEDPIE_1_MP_Lobby.MP_Lobby up for play (max tick rate 0) at 2026.04.01-22.21.19
[2026.04.01-19.21.19:307][956]LogWorld: Bringing up level for play took: 0.005053
[2026.04.01-19.21.19:307][956]LogOnline: OSS: Creating online subsystem instance for: :Context_36
[2026.04.01-19.21.19:318][956]PIE: Server logged in
[2026.04.01-19.21.19:321][956]PIE: Play in editor total start time 0,257 seconds.
[2026.04.01-19.21.22:531][ 38]LogSlate: Updating window title bar state: overlay mode, drag disabled, window buttons hidden, title bar hidden
[2026.04.01-19.21.22:531][ 38]LogWorld: BeginTearingDown for /Game/MAPS/UEDPIE_1_MP_Lobby
[2026.04.01-19.21.22:532][ 38]LogSlate: Window 'Playtime_Multiplayer Preview [NetMode: Standalone]  (64-bit/Windows) ' being destroyed
[2026.04.01-19.21.22:543][ 38]LogWorld: UWorld::CleanupWorld for MP_Lobby, bSessionEnded=true, bCleanupResources=true
[2026.04.01-19.21.22:545][ 38]LogSlate: InvalidateAllWidgets triggered.  All widgets were invalidated
[2026.04.01-19.21.22:556][ 38]LogWorld: BeginTearingDown for /Game/MAPS/UEDPIE_0_MP_Lobby
[2026.04.01-19.21.22:556][ 38]LogSlate: Updating window title bar state: overlay mode, drag disabled, window buttons hidden, title bar hidden
[2026.04.01-19.21.22:556][ 38]LogSlate: Window 'Playtime_Multiplayer Preview [NetMode: Standalone]  (64-bit/Windows) ' being destroyed
[2026.04.01-19.21.22:565][ 38]LogWorld: UWorld::CleanupWorld for MP_Lobby, bSessionEnded=true, bCleanupResources=true
[2026.04.01-19.21.22:565][ 38]LogSlate: InvalidateAllWidgets triggered.  All widgets were invalidated
[2026.04.01-19.21.22:578][ 38]LogPlayLevel: Display: Shutting down PIE online subsystems
[2026.04.01-19.21.22:588][ 38]LogSlate: InvalidateAllWidgets triggered.  All widgets were invalidated
[2026.04.01-19.21.22:621][ 38]LogAudioMixer: FMixerPlatformXAudio2::StopAudioStream() called
[2026.04.01-19.21.22:623][ 38]LogAudioMixer: FMixerPlatformXAudio2::StopAudioStream() called
[2026.04.01-19.21.22:626][ 38]LogAudio: Display: Audio Device unregistered from world 'None'.
[2026.04.01-19.21.22:626][ 38]LogAudioMixer: FMixerPlatformXAudio2::StopAudioStream() called
[2026.04.01-19.21.22:628][ 38]LogAudioMixer: FMixerPlatformXAudio2::StopAudioStream() called
[2026.04.01-19.21.22:640][ 38]LogUObjectHash: Compacting FUObjectHashTables data took   2.98ms
[2026.04.01-19.21.22:661][ 39]LogPlayLevel: Display: Destroying online subsystem :Context_36
[2026.04.01-19.21.22:661][ 39]LogPlayLevel: Display: Destroying online subsystem :Context_35
[2026.04.01-19.21.30:236][586]LogAssetEditorSubsystem: Opening Asset editor for Blueprint /Game/FirstPerson/FirstPersonBP/Blueprints/FirstPersonCharacter.FirstPersonCharacter
[2026.04.01-19.21.30:670][586]LogMaterial: Display: Missing cached shadermap for GridMaterial in PCD3D_SM5, Default, SM5 (DDC key hash: D79BC3B11ACE7B54CEB65FE83AE32A4D01BE12A8), compiling. 
[2026.04.01-19.21.30:709][586]LogShaderCompilers: Display: Submitted 16 shader compile jobs with 'Low' priority
[2026.04.01-19.21.30:716][586]LogShaderCompilers: Display: Worker (1/9): shaders left to compile 16
[2026.04.01-19.21.30:716][586]LogShaderCompilers: Display: Worker (2/9): shaders left to compile 13
[2026.04.01-19.21.30:716][586]LogShaderCompilers: Display: Worker (3/9): shaders left to compile 10
[2026.04.01-19.21.30:716][586]LogShaderCompilers: Display: Worker (4/9): shaders left to compile 7
[2026.04.01-19.21.30:716][586]LogShaderCompilers: Display: Worker (5/9): shaders left to compile 4
[2026.04.01-19.21.30:716][586]LogShaderCompilers: Display: Worker (6/9): shaders left to compile 1
[2026.04.01-19.21.30:716][586]LogShaderCompilers: Display: Started 16 'Local' shader compile jobs with 'Low' priority
[2026.04.01-19.21.30:716][586]LogStaticMesh: Building static mesh PhAT_FloorBox...
[2026.04.01-19.21.30:732][586]LogStaticMesh: Built static mesh [0.02s] /Engine/EditorMeshes/PhAT_FloorBox.PhAT_FloorBox
[2026.04.01-19.21.30:861][586]LogTexture: Display: Building textures: TilePatine_D (OODLE_AutoDXT, 512X512)
[2026.04.01-19.21.30:861][586]LogTexture: Display: Building textures: TilePatine_N (OODLE_BC5, 512X512)
[2026.04.01-19.21.30:861][586]LogMaterial: Display: Missing cached shadermap for PersonaFloorMat in PCD3D_SM5, Default, SM5 (DDC key hash: 8BB24A62A5BEB00423F73FDE6A78E491927A1A92), compiling. 
[2026.04.01-19.21.30:900][586]LogShaderCompilers: Display: Submitted 25 shader compile jobs with 'Low' priority
[2026.04.01-19.21.30:903][586]LogShaderCompilers: Display: Worker (7/9): shaders left to compile 25
[2026.04.01-19.21.30:903][586]LogShaderCompilers: Display: Worker (8/9): shaders left to compile 21
[2026.04.01-19.21.30:903][586]LogShaderCompilers: Display: Started 8 'Local' shader compile jobs with 'Low' priority
[2026.04.01-19.21.34:132][669]LogShaderCompilers: Display: Worker (6/9): shaders left to compile 17
[2026.04.01-19.21.34:133][669]LogShaderCompilers: Display: Started 3 'Local' shader compile jobs with 'Low' priority
[2026.04.01-19.21.34:165][669]LogShaderCompilers: Display: === FShaderJobCache stats ===
[2026.04.01-19.21.34:165][669]LogShaderCompilers: Display: Total job queries 132, among them cache hits 0 (0.00%)
[2026.04.01-19.21.34:165][669]LogShaderCompilers: Display: Tracking 92 distinct input hashes that result in 71 distinct outputs (77.17%)
[2026.04.01-19.21.34:165][669]LogShaderCompilers: Display: RAM used: 0.41 MB (0.00 GB) of 409.60 MB (0.40 GB) budget. Usage: 0.10%
[2026.04.01-19.21.34:165][669]LogShaderCompilers: Display: ================================================
[2026.04.01-19.21.35:642][701]LogShaderCompilers: Display: Worker (1/9): shaders left to compile 14
[2026.04.01-19.21.35:642][701]LogShaderCompilers: Display: Started 2 'Local' shader compile jobs with 'Low' priority
[2026.04.01-19.21.36:262][713]LogShaderCompilers: Display: Worker (5/9): shaders left to compile 12
[2026.04.01-19.21.36:262][713]LogShaderCompilers: Display: Started 2 'Local' shader compile jobs with 'Low' priority
[2026.04.01-19.21.38:441][763]LogShaderCompilers: Display: Worker (3/9): shaders left to compile 10
[2026.04.01-19.21.38:441][763]LogShaderCompilers: Display: Started 2 'Local' shader compile jobs with 'Low' priority
[2026.04.01-19.21.38:622][771]LogShaderCompilers: Display: Worker (7/9): shaders left to compile 8
[2026.04.01-19.21.38:622][771]LogShaderCompilers: Display: Started 2 'Local' shader compile jobs with 'Low' priority
[2026.04.01-19.21.38:751][777]LogShaderCompilers: Display: Worker (8/9): shaders left to compile 6
[2026.04.01-19.21.38:752][777]LogShaderCompilers: Display: Started 1 'Local' shader compile jobs with 'Low' priority
[2026.04.01-19.21.38:912][784]LogShaderCompilers: Display: Worker (4/9): shaders left to compile 5
[2026.04.01-19.21.38:912][784]LogShaderCompilers: Display: Started 1 'Local' shader compile jobs with 'Low' priority
[2026.04.01-19.21.38:969][786]LogShaderCompilers: Display: Worker (2/9): shaders left to compile 4
[2026.04.01-19.21.38:969][786]LogShaderCompilers: Display: Started 1 'Local' shader compile jobs with 'Low' priority
[2026.04.01-19.21.39:253][798]LogShaderCompilers: Display: Worker (1/9): shaders left to compile 3
[2026.04.01-19.21.39:253][798]LogShaderCompilers: Display: Started 1 'Local' shader compile jobs with 'Low' priority
[2026.04.01-19.21.39:807][820]LogShaderCompilers: Display: Worker (5/9): shaders left to compile 2
[2026.04.01-19.21.39:807][820]LogShaderCompilers: Display: Started 1 'Local' shader compile jobs with 'Low' priority
[2026.04.01-19.21.39:960][826]LogShaderCompilers: Display: Worker (6/9): shaders left to compile 1
[2026.04.01-19.21.39:960][826]LogShaderCompilers: Display: Started 1 'Local' shader compile jobs with 'Low' priority
[2026.04.01-19.21.41:389][856]LogActorFactory: Actor Factory created Cube
[2026.04.01-19.21.41:820][873]LogActorFactory: Actor Factory created Cube
[2026.04.01-19.21.42:671][899]Cmd: EDIT COPY
[2026.04.01-19.21.50:105][164]Cmd: EDIT COPY
[2026.04.01-19.21.50:337][172]Cmd: EDIT PASTE
[2026.04.01-19.21.51:291][210]LogEditorViewport: Clicking Background
[2026.04.01-19.21.51:586][222]Cmd: EDIT PASTE
[2026.04.01-19.22.05:858][832]LogPhysics: Warning: Scale for /Engine/Transient.World_17:PersistentLevel.FirstPersonCharacter_C_0.Cube has a component set to zero, which will result in a bad body instance. Scale:X=0.000 Y=1.000 Z=1.000
[2026.04.01-19.22.05:861][832]LogPhysics: Warning: Scale for /Engine/Transient.World_17:PersistentLevel.FirstPersonCharacter_C_0.Cube has a component set to zero, which will result in a bad body instance. Scale:X=0.000 Y=1.000 Z=1.000
[2026.04.01-19.22.05:888][833]LogPhysics: Warning: Scale for /Engine/Transient.World_17:PersistentLevel.FirstPersonCharacter_C_0.Cube has a component set to zero, which will result in a bad body instance. Scale:X=0.000 Y=1.000 Z=1.000
[2026.04.01-19.22.05:888][833]LogPhysics: Warning: Scale for /Engine/Transient.World_17:PersistentLevel.FirstPersonCharacter_C_0.Cube has a component set to zero, which will result in a bad body instance. Scale:X=0.000 Y=1.000 Z=1.000
[2026.04.01-19.22.05:888][833]LogPhysics: Warning: Scale for /Engine/Transient.World_17:PersistentLevel.FirstPersonCharacter_C_0.Cube has a component set to zero, which will result in a bad body instance. Scale:X=0.000 Y=1.000 Z=1.000
[2026.04.01-19.22.05:921][834]LogPhysics: Warning: Scale for /Engine/Transient.World_17:PersistentLevel.FirstPersonCharacter_C_0.Cube has a component set to zero, which will result in a bad body instance. Scale:X=0.000 Y=1.000 Z=1.000
[2026.04.01-19.22.05:921][834]LogPhysics: Warning: Scale for /Engine/Transient.World_17:PersistentLevel.FirstPersonCharacter_C_0.Cube has a component set to zero, which will result in a bad body instance. Scale:X=0.000 Y=1.000 Z=1.000
[2026.04.01-19.22.05:921][834]LogPhysics: Warning: Scale for /Engine/Transient.World_17:PersistentLevel.FirstPersonCharacter_C_0.Cube has a component set to zero, which will result in a bad body instance. Scale:X=0.000 Y=1.000 Z=1.000
[2026.04.01-19.22.05:947][835]LogPhysics: Warning: Scale for /Engine/Transient.World_17:PersistentLevel.FirstPersonCharacter_C_0.Cube has a component set to zero, which will result in a bad body instance. Scale:X=0.000 Y=1.000 Z=1.000
[2026.04.01-19.22.05:948][835]LogPhysics: Warning: Scale for /Engine/Transient.World_17:PersistentLevel.FirstPersonCharacter_C_0.Cube has a component set to zero, which will result in a bad body instance. Scale:X=0.000 Y=1.000 Z=1.000
[2026.04.01-19.22.05:948][835]LogPhysics: Warning: Scale for /Engine/Transient.World_17:PersistentLevel.FirstPersonCharacter_C_0.Cube has a component set to zero, which will result in a bad body instance. Scale:X=0.000 Y=1.000 Z=1.000
[2026.04.01-19.22.05:977][836]LogPhysics: Warning: Scale for /Engine/Transient.World_17:PersistentLevel.FirstPersonCharacter_C_0.Cube has a component set to zero, which will result in a bad body instance. Scale:X=0.000 Y=1.000 Z=1.000
[2026.04.01-19.22.05:978][836]LogPhysics: Warning: Scale for /Engine/Transient.World_17:PersistentLevel.FirstPersonCharacter_C_0.Cube has a component set to zero, which will result in a bad body instance. Scale:X=0.000 Y=1.000 Z=1.000
[2026.04.01-19.22.05:978][836]LogPhysics: Warning: Scale for /Engine/Transient.World_17:PersistentLevel.FirstPersonCharacter_C_0.Cube has a component set to zero, which will result in a bad body instance. Scale:X=0.000 Y=1.000 Z=1.000
[2026.04.01-19.22.06:009][837]LogPhysics: Warning: Scale for /Engine/Transient.World_17:PersistentLevel.FirstPersonCharacter_C_0.Cube has a component set to zero, which will result in a bad body instance. Scale:X=0.000 Y=1.000 Z=1.000
[2026.04.01-19.22.06:010][837]LogPhysics: Warning: Scale for /Engine/Transient.World_17:PersistentLevel.FirstPersonCharacter_C_0.Cube has a component set to zero, which will result in a bad body instance. Scale:X=0.000 Y=1.000 Z=1.000
[2026.04.01-19.22.06:010][837]LogPhysics: Warning: Scale for /Engine/Transient.World_17:PersistentLevel.FirstPersonCharacter_C_0.Cube has a component set to zero, which will result in a bad body instance. Scale:X=0.000 Y=1.000 Z=1.000
[2026.04.01-19.22.06:037][838]LogPhysics: Warning: Scale for /Engine/Transient.World_17:PersistentLevel.FirstPersonCharacter_C_0.Cube has a component set to zero, which will result in a bad body instance. Scale:X=0.000 Y=1.000 Z=1.000
[2026.04.01-19.22.06:037][838]LogPhysics: Warning: Scale for /Engine/Transient.World_17:PersistentLevel.FirstPersonCharacter_C_0.Cube has a component set to zero, which will result in a bad body instance. Scale:X=0.000 Y=1.000 Z=1.000
[2026.04.01-19.22.10:366][993]BlueprintLog: New page: Compile FirstPersonCharacter
[2026.04.01-19.22.10:443][993]LogUObjectHash: Compacting FUObjectHashTables data took   3.13ms
[2026.04.01-19.22.11:538][ 32]LogTemp: Repeating last play command: New Editor Window (PIE)
[2026.04.01-19.22.11:546][ 32]LogPlayLevel: PlayLevel: No blueprints needed recompiling
[2026.04.01-19.22.11:546][ 32]PIE: New page: PIE session: MP_Lobby (2 апр. 2026 г., 01:22:11)
[2026.04.01-19.22.11:547][ 32]LogPlayLevel: Creating play world package: /Game/MAPS/UEDPIE_0_MP_Lobby
[2026.04.01-19.22.11:553][ 32]LogPlayLevel: PIE: StaticDuplicateObject took: (0.006490s)
[2026.04.01-19.22.11:555][ 32]LogAIModule: Creating AISystem for world MP_Lobby
[2026.04.01-19.22.11:555][ 32]LogPlayLevel: PIE: World Init took: (0.001283s)
[2026.04.01-19.22.11:555][ 32]LogPlayLevel: PIE: Created PIE world by copying editor world from /Game/MAPS/MP_Lobby.MP_Lobby to /Game/MAPS/UEDPIE_0_MP_Lobby.MP_Lobby (0.007997s)
[2026.04.01-19.22.11:586][ 32]LogUObjectHash: Compacting FUObjectHashTables data took   3.04ms
[2026.04.01-19.22.11:587][ 32]LogAudio: Display: Creating Audio Device:                 Id: 29, Scope: Unique, Realtime: True
[2026.04.01-19.22.11:587][ 32]LogAudioMixer: Display: Audio Mixer Platform Settings:
[2026.04.01-19.22.11:587][ 32]LogAudioMixer: Display: 	Sample Rate:						  48000
[2026.04.01-19.22.11:587][ 32]LogAudioMixer: Display: 	Callback Buffer Frame Size Requested: 1024
[2026.04.01-19.22.11:587][ 32]LogAudioMixer: Display: 	Callback Buffer Frame Size To Use:	  1024
[2026.04.01-19.22.11:587][ 32]LogAudioMixer: Display: 	Number of buffers to queue:			  2
[2026.04.01-19.22.11:587][ 32]LogAudioMixer: Display: 	Max Channels (voices):				  32
[2026.04.01-19.22.11:587][ 32]LogAudioMixer: Display: 	Number of Async Source Workers:		  0
[2026.04.01-19.22.11:587][ 32]LogAudio: Display: AudioDevice MaxSources: 32
[2026.04.01-19.22.11:588][ 32]LogAudio: Display: Audio Spatialization Plugin: None (built-in).
[2026.04.01-19.22.11:588][ 32]LogAudio: Display: Audio Reverb Plugin: None (built-in).
[2026.04.01-19.22.11:588][ 32]LogAudio: Display: Audio Occlusion Plugin: None (built-in).
[2026.04.01-19.22.11:588][ 32]LogAudioMixer: Display: Initializing audio mixer.
[2026.04.01-19.22.11:592][ 32]LogAudioMixer: Display: 0: FrontLeft
[2026.04.01-19.22.11:592][ 32]LogAudioMixer: Display: 1: FrontRight
[2026.04.01-19.22.11:621][ 32]LogAudioMixer: Display: Using Audio Device Headphones (Realtek(R) Audio)
[2026.04.01-19.22.11:621][ 32]LogAudioMixer: Display: Initializing Sound Submixes...
[2026.04.01-19.22.11:621][ 32]LogAudioMixer: Display: Creating Master Submix 'MasterSubmixDefault'
[2026.04.01-19.22.11:621][ 32]LogAudioMixer: Display: Creating Master Submix 'MasterReverbSubmixDefault'
[2026.04.01-19.22.11:622][ 32]LogAudioMixer: Display: Creating Master Submix 'MasterEQSubmixDefault'
[2026.04.01-19.22.11:622][ 32]LogAudioMixer: FMixerPlatformXAudio2::StartAudioStream() called
[2026.04.01-19.22.11:622][ 32]LogAudioMixer: Display: Output buffers initialized: Frames=1024, Channels=2, Samples=2048
[2026.04.01-19.22.11:623][ 32]LogAudioMixer: Display: Starting AudioMixerPlatformInterface::RunInternal()
[2026.04.01-19.22.11:623][ 32]LogAudioMixer: Display: FMixerPlatformXAudio2::SubmitBuffer() called for the first time
[2026.04.01-19.22.11:623][ 32]LogInit: FAudioDevice initialized.
[2026.04.01-19.22.11:623][ 32]LogAudio: Display: Audio Device (ID: 29) registered with world 'MP_Lobby'.
[2026.04.01-19.22.11:682][ 32]LogSlate: Updating window title bar state: overlay mode, drag disabled, window buttons hidden, title bar hidden
[2026.04.01-19.22.11:682][ 32]LogLoad: Game class is 'FirstPersonGameMode_C'
[2026.04.01-19.22.11:684][ 32]LogWorld: Bringing World /Game/MAPS/UEDPIE_0_MP_Lobby.MP_Lobby up for play (max tick rate 0) at 2026.04.01-22.22.11
[2026.04.01-19.22.11:684][ 32]LogWorld: Bringing up level for play took: 0.001758
[2026.04.01-19.22.11:684][ 32]LogOnline: OSS: Creating online subsystem instance for: :Context_40
[2026.04.01-19.22.11:691][ 32]PIE: Server logged in
[2026.04.01-19.22.11:693][ 32]PIE: Play in editor total start time 0,15 seconds.
[2026.04.01-19.22.11:693][ 32]LogPlayLevel: Creating play world package: /Game/MAPS/UEDPIE_1_MP_Lobby
[2026.04.01-19.22.11:700][ 32]LogPlayLevel: PIE: StaticDuplicateObject took: (0.006862s)
[2026.04.01-19.22.11:702][ 32]LogAIModule: Creating AISystem for world MP_Lobby
[2026.04.01-19.22.11:702][ 32]LogPlayLevel: PIE: World Init took: (0.002272s)
[2026.04.01-19.22.11:702][ 32]LogPlayLevel: PIE: Created PIE world by copying editor world from /Game/MAPS/MP_Lobby.MP_Lobby to /Game/MAPS/UEDPIE_1_MP_Lobby.MP_Lobby (0.009340s)
[2026.04.01-19.22.11:732][ 32]LogUObjectHash: Compacting FUObjectHashTables data took   3.17ms
[2026.04.01-19.22.11:734][ 32]LogAudio: Display: Creating Audio Device:                 Id: 30, Scope: Unique, Realtime: True
[2026.04.01-19.22.11:734][ 32]LogAudioMixer: Display: Audio Mixer Platform Settings:
[2026.04.01-19.22.11:734][ 32]LogAudioMixer: Display: 	Sample Rate:						  48000
[2026.04.01-19.22.11:734][ 32]LogAudioMixer: Display: 	Callback Buffer Frame Size Requested: 1024
[2026.04.01-19.22.11:734][ 32]LogAudioMixer: Display: 	Callback Buffer Frame Size To Use:	  1024
[2026.04.01-19.22.11:734][ 32]LogAudioMixer: Display: 	Number of buffers to queue:			  2
[2026.04.01-19.22.11:734][ 32]LogAudioMixer: Display: 	Max Channels (voices):				  32
[2026.04.01-19.22.11:734][ 32]LogAudioMixer: Display: 	Number of Async Source Workers:		  0
[2026.04.01-19.22.11:734][ 32]LogAudio: Display: AudioDevice MaxSources: 32
[2026.04.01-19.22.11:735][ 32]LogAudio: Display: Audio Spatialization Plugin: None (built-in).
[2026.04.01-19.22.11:735][ 32]LogAudio: Display: Audio Reverb Plugin: None (built-in).
[2026.04.01-19.22.11:735][ 32]LogAudio: Display: Audio Occlusion Plugin: None (built-in).
[2026.04.01-19.22.11:735][ 32]LogAudioMixer: Display: Initializing audio mixer.
[2026.04.01-19.22.11:738][ 32]LogAudioMixer: Display: 0: FrontLeft
[2026.04.01-19.22.11:738][ 32]LogAudioMixer: Display: 1: FrontRight
[2026.04.01-19.22.11:748][ 32]LogAudioMixer: Display: Using Audio Device Headphones (Realtek(R) Audio)
[2026.04.01-19.22.11:748][ 32]LogAudioMixer: Display: Initializing Sound Submixes...
[2026.04.01-19.22.11:748][ 32]LogAudioMixer: Display: Creating Master Submix 'MasterSubmixDefault'
[2026.04.01-19.22.11:749][ 32]LogAudioMixer: Display: Creating Master Submix 'MasterReverbSubmixDefault'
[2026.04.01-19.22.11:749][ 32]LogAudioMixer: Display: Creating Master Submix 'MasterEQSubmixDefault'
[2026.04.01-19.22.11:749][ 32]LogAudioMixer: FMixerPlatformXAudio2::StartAudioStream() called
[2026.04.01-19.22.11:749][ 32]LogAudioMixer: Display: Output buffers initialized: Frames=1024, Channels=2, Samples=2048
[2026.04.01-19.22.11:751][ 32]LogAudioMixer: Display: Starting AudioMixerPlatformInterface::RunInternal()
[2026.04.01-19.22.11:751][ 32]LogAudioMixer: Display: FMixerPlatformXAudio2::SubmitBuffer() called for the first time
[2026.04.01-19.22.11:751][ 32]LogInit: FAudioDevice initialized.
[2026.04.01-19.22.11:751][ 32]LogAudio: Display: Audio Device (ID: 30) registered with world 'MP_Lobby'.
[2026.04.01-19.22.11:801][ 32]LogSlate: Updating window title bar state: overlay mode, drag disabled, window buttons hidden, title bar hidden
[2026.04.01-19.22.11:801][ 32]LogLoad: Game class is 'FirstPersonGameMode_C'
[2026.04.01-19.22.11:805][ 32]LogWorld: Bringing World /Game/MAPS/UEDPIE_1_MP_Lobby.MP_Lobby up for play (max tick rate 0) at 2026.04.01-22.22.11
[2026.04.01-19.22.11:806][ 32]LogWorld: Bringing up level for play took: 0.003180
[2026.04.01-19.22.11:806][ 32]LogOnline: OSS: Creating online subsystem instance for: :Context_41
[2026.04.01-19.22.11:813][ 32]PIE: Server logged in
[2026.04.01-19.22.11:815][ 32]PIE: Play in editor total start time 0,273 seconds.
[2026.04.01-19.22.37:374][732]LogSlate: Updating window title bar state: overlay mode, drag disabled, window buttons hidden, title bar hidden
[2026.04.01-19.22.37:374][732]LogWorld: BeginTearingDown for /Game/MAPS/UEDPIE_1_MP_Lobby
[2026.04.01-19.22.37:375][732]LogSlate: Window 'Playtime_Multiplayer Preview [NetMode: Standalone]  (64-bit/Windows) ' being destroyed
[2026.04.01-19.22.37:381][732]LogWorld: UWorld::CleanupWorld for MP_Lobby, bSessionEnded=true, bCleanupResources=true
[2026.04.01-19.22.37:381][732]LogSlate: InvalidateAllWidgets triggered.  All widgets were invalidated
[2026.04.01-19.22.37:394][732]LogWorld: BeginTearingDown for /Game/MAPS/UEDPIE_0_MP_Lobby
[2026.04.01-19.22.37:394][732]LogSlate: Updating window title bar state: overlay mode, drag disabled, window buttons hidden, title bar hidden
[2026.04.01-19.22.37:394][732]LogSlate: Window 'Playtime_Multiplayer Preview [NetMode: Standalone]  (64-bit/Windows) ' being destroyed
[2026.04.01-19.22.37:405][732]LogWorld: UWorld::CleanupWorld for MP_Lobby, bSessionEnded=true, bCleanupResources=true
[2026.04.01-19.22.37:405][732]LogSlate: InvalidateAllWidgets triggered.  All widgets were invalidated
[2026.04.01-19.22.37:417][732]LogPlayLevel: Display: Shutting down PIE online subsystems
[2026.04.01-19.22.37:446][732]LogSlate: InvalidateAllWidgets triggered.  All widgets were invalidated
[2026.04.01-19.22.37:480][732]LogAudio: Display: Audio Device unregistered from world 'None'.
[2026.04.01-19.22.37:481][732]LogAudio: Display: Audio Device unregistered from world 'None'.
[2026.04.01-19.22.37:481][732]LogAudioMixer: FMixerPlatformXAudio2::StopAudioStream() called
[2026.04.01-19.22.37:482][732]LogAudioMixer: FMixerPlatformXAudio2::StopAudioStream() called
[2026.04.01-19.22.37:485][732]LogAudioMixer: FMixerPlatformXAudio2::StopAudioStream() called
[2026.04.01-19.22.37:485][732]LogAudioMixer: FMixerPlatformXAudio2::StopAudioStream() called
[2026.04.01-19.22.37:495][732]LogUObjectHash: Compacting FUObjectHashTables data took   2.46ms
[2026.04.01-19.22.37:558][733]LogPlayLevel: Display: Destroying online subsystem :Context_41
[2026.04.01-19.22.37:558][733]LogPlayLevel: Display: Destroying online subsystem :Context_40
[2026.04.01-19.22.43:397][827]BlueprintLog: New page: Compile FirstPersonCharacter
[2026.04.01-19.22.43:463][827]LogUObjectHash: Compacting FUObjectHashTables data took   2.63ms
[2026.04.01-19.22.45:206][887]LogWorld: UWorld::CleanupWorld for World_17, bSessionEnded=true, bCleanupResources=true
[2026.04.01-19.22.45:206][887]LogSlate: InvalidateAllWidgets triggered.  All widgets were invalidated
[2026.04.01-19.22.56:574][572]BlueprintLog: New page: Compile multi
[2026.04.01-19.22.56:606][572]LogUObjectHash: Compacting FUObjectHashTables data took   2.87ms
[2026.04.01-19.23.45:517][223]BlueprintLog: New page: Compile multi
[2026.04.01-19.23.45:549][223]LogUObjectHash: Compacting FUObjectHashTables data took   3.93ms
[2026.04.01-19.23.47:118][323]LogTemp: Repeating last play command: New Editor Window (PIE)
[2026.04.01-19.23.47:123][323]LogPlayLevel: PlayLevel: No blueprints needed recompiling
[2026.04.01-19.23.47:123][323]PIE: New page: PIE session: MP_Lobby (2 апр. 2026 г., 01:23:47)
[2026.04.01-19.23.47:124][323]LogPlayLevel: Creating play world package: /Game/MAPS/UEDPIE_0_MP_Lobby
[2026.04.01-19.23.47:129][323]LogPlayLevel: PIE: StaticDuplicateObject took: (0.005534s)
[2026.04.01-19.23.47:130][323]LogAIModule: Creating AISystem for world MP_Lobby
[2026.04.01-19.23.47:131][323]LogPlayLevel: PIE: World Init took: (0.001583s)
[2026.04.01-19.23.47:131][323]LogPlayLevel: PIE: Created PIE world by copying editor world from /Game/MAPS/MP_Lobby.MP_Lobby to /Game/MAPS/UEDPIE_0_MP_Lobby.MP_Lobby (0.007336s)
[2026.04.01-19.23.47:157][323]LogUObjectHash: Compacting FUObjectHashTables data took   2.85ms
[2026.04.01-19.23.47:159][323]LogAudio: Display: Creating Audio Device:                 Id: 31, Scope: Unique, Realtime: True
[2026.04.01-19.23.47:160][323]LogAudioMixer: Display: Audio Mixer Platform Settings:
[2026.04.01-19.23.47:160][323]LogAudioMixer: Display: 	Sample Rate:						  48000
[2026.04.01-19.23.47:160][323]LogAudioMixer: Display: 	Callback Buffer Frame Size Requested: 1024
[2026.04.01-19.23.47:160][323]LogAudioMixer: Display: 	Callback Buffer Frame Size To Use:	  1024
[2026.04.01-19.23.47:160][323]LogAudioMixer: Display: 	Number of buffers to queue:			  2
[2026.04.01-19.23.47:160][323]LogAudioMixer: Display: 	Max Channels (voices):				  32
[2026.04.01-19.23.47:160][323]LogAudioMixer: Display: 	Number of Async Source Workers:		  0
[2026.04.01-19.23.47:160][323]LogAudio: Display: AudioDevice MaxSources: 32
[2026.04.01-19.23.47:160][323]LogAudio: Display: Audio Spatialization Plugin: None (built-in).
[2026.04.01-19.23.47:160][323]LogAudio: Display: Audio Reverb Plugin: None (built-in).
[2026.04.01-19.23.47:160][323]LogAudio: Display: Audio Occlusion Plugin: None (built-in).
[2026.04.01-19.23.47:160][323]LogAudioMixer: Display: Initializing audio mixer.
[2026.04.01-19.23.47:165][323]LogAudioMixer: Display: 0: FrontLeft
[2026.04.01-19.23.47:165][323]LogAudioMixer: Display: 1: FrontRight
[2026.04.01-19.23.47:194][323]LogAudioMixer: Display: Using Audio Device Headphones (Realtek(R) Audio)
[2026.04.01-19.23.47:194][323]LogAudioMixer: Display: Initializing Sound Submixes...
[2026.04.01-19.23.47:195][323]LogAudioMixer: Display: Creating Master Submix 'MasterSubmixDefault'
[2026.04.01-19.23.47:195][323]LogAudioMixer: Display: Creating Master Submix 'MasterReverbSubmixDefault'
[2026.04.01-19.23.47:197][323]LogAudioMixer: Display: Creating Master Submix 'MasterEQSubmixDefault'
[2026.04.01-19.23.47:197][323]LogAudioMixer: FMixerPlatformXAudio2::StartAudioStream() called
[2026.04.01-19.23.47:197][323]LogAudioMixer: Display: Output buffers initialized: Frames=1024, Channels=2, Samples=2048
[2026.04.01-19.23.47:198][323]LogAudioMixer: Display: Starting AudioMixerPlatformInterface::RunInternal()
[2026.04.01-19.23.47:198][323]LogAudioMixer: Display: FMixerPlatformXAudio2::SubmitBuffer() called for the first time
[2026.04.01-19.23.47:198][323]LogInit: FAudioDevice initialized.
[2026.04.01-19.23.47:198][323]LogAudio: Display: Audio Device (ID: 31) registered with world 'MP_Lobby'.
[2026.04.01-19.23.47:253][323]LogSlate: Updating window title bar state: overlay mode, drag disabled, window buttons hidden, title bar hidden
[2026.04.01-19.23.47:253][323]LogLoad: Game class is 'FirstPersonGameMode_C'
[2026.04.01-19.23.47:256][323]LogWorld: Bringing World /Game/MAPS/UEDPIE_0_MP_Lobby.MP_Lobby up for play (max tick rate 0) at 2026.04.01-22.23.47
[2026.04.01-19.23.47:256][323]LogWorld: Bringing up level for play took: 0.001964
[2026.04.01-19.23.47:256][323]LogOnline: OSS: Creating online subsystem instance for: :Context_42
[2026.04.01-19.23.47:263][323]PIE: Server logged in
[2026.04.01-19.23.47:266][323]PIE: Play in editor total start time 0,144 seconds.
[2026.04.01-19.23.47:266][323]LogPlayLevel: Creating play world package: /Game/MAPS/UEDPIE_1_MP_Lobby
[2026.04.01-19.23.47:272][323]LogPlayLevel: PIE: StaticDuplicateObject took: (0.005498s)
[2026.04.01-19.23.47:273][323]LogAIModule: Creating AISystem for world MP_Lobby
[2026.04.01-19.23.47:273][323]LogPlayLevel: PIE: World Init took: (0.001098s)
[2026.04.01-19.23.47:273][323]LogPlayLevel: PIE: Created PIE world by copying editor world from /Game/MAPS/MP_Lobby.MP_Lobby to /Game/MAPS/UEDPIE_1_MP_Lobby.MP_Lobby (0.006743s)
[2026.04.01-19.23.47:300][323]LogUObjectHash: Compacting FUObjectHashTables data took   3.05ms
[2026.04.01-19.23.47:300][323]LogAudio: Display: Creating Audio Device:                 Id: 32, Scope: Unique, Realtime: True
[2026.04.01-19.23.47:300][323]LogAudioMixer: Display: Audio Mixer Platform Settings:
[2026.04.01-19.23.47:300][323]LogAudioMixer: Display: 	Sample Rate:						  48000
[2026.04.01-19.23.47:300][323]LogAudioMixer: Display: 	Callback Buffer Frame Size Requested: 1024
[2026.04.01-19.23.47:300][323]LogAudioMixer: Display: 	Callback Buffer Frame Size To Use:	  1024
[2026.04.01-19.23.47:300][323]LogAudioMixer: Display: 	Number of buffers to queue:			  2
[2026.04.01-19.23.47:300][323]LogAudioMixer: Display: 	Max Channels (voices):				  32
[2026.04.01-19.23.47:300][323]LogAudioMixer: Display: 	Number of Async Source Workers:		  0
[2026.04.01-19.23.47:300][323]LogAudio: Display: AudioDevice MaxSources: 32
[2026.04.01-19.23.47:301][323]LogAudio: Display: Audio Spatialization Plugin: None (built-in).
[2026.04.01-19.23.47:301][323]LogAudio: Display: Audio Reverb Plugin: None (built-in).
[2026.04.01-19.23.47:301][323]LogAudio: Display: Audio Occlusion Plugin: None (built-in).
[2026.04.01-19.23.47:301][323]LogAudioMixer: Display: Initializing audio mixer.
[2026.04.01-19.23.47:305][323]LogAudioMixer: Display: 0: FrontLeft
[2026.04.01-19.23.47:305][323]LogAudioMixer: Display: 1: FrontRight
[2026.04.01-19.23.47:315][323]LogAudioMixer: Display: Using Audio Device Headphones (Realtek(R) Audio)
[2026.04.01-19.23.47:315][323]LogAudioMixer: Display: Initializing Sound Submixes...
[2026.04.01-19.23.47:315][323]LogAudioMixer: Display: Creating Master Submix 'MasterSubmixDefault'
[2026.04.01-19.23.47:315][323]LogAudioMixer: Display: Creating Master Submix 'MasterReverbSubmixDefault'
[2026.04.01-19.23.47:317][323]LogAudioMixer: Display: Creating Master Submix 'MasterEQSubmixDefault'
[2026.04.01-19.23.47:317][323]LogAudioMixer: FMixerPlatformXAudio2::StartAudioStream() called
[2026.04.01-19.23.47:317][323]LogAudioMixer: Display: Output buffers initialized: Frames=1024, Channels=2, Samples=2048
[2026.04.01-19.23.47:318][323]LogAudioMixer: Display: Starting AudioMixerPlatformInterface::RunInternal()
[2026.04.01-19.23.47:318][323]LogAudioMixer: Display: FMixerPlatformXAudio2::SubmitBuffer() called for the first time
[2026.04.01-19.23.47:318][323]LogInit: FAudioDevice initialized.
[2026.04.01-19.23.47:318][323]LogAudio: Display: Audio Device (ID: 32) registered with world 'MP_Lobby'.
[2026.04.01-19.23.47:367][323]LogSlate: Updating window title bar state: overlay mode, drag disabled, window buttons hidden, title bar hidden
[2026.04.01-19.23.47:368][323]LogLoad: Game class is 'FirstPersonGameMode_C'
[2026.04.01-19.23.47:372][323]LogWorld: Bringing World /Game/MAPS/UEDPIE_1_MP_Lobby.MP_Lobby up for play (max tick rate 0) at 2026.04.01-22.23.47
[2026.04.01-19.23.47:373][323]LogWorld: Bringing up level for play took: 0.002325
[2026.04.01-19.23.47:373][323]LogOnline: OSS: Creating online subsystem instance for: :Context_43
[2026.04.01-19.23.47:377][323]PIE: Server logged in
[2026.04.01-19.23.47:380][323]PIE: Play in editor total start time 0,258 seconds.
[2026.04.01-19.23.53:341][477]LogSlate: Updating window title bar state: overlay mode, drag disabled, window buttons hidden, title bar hidden
[2026.04.01-19.23.53:341][477]LogWorld: BeginTearingDown for /Game/MAPS/UEDPIE_1_MP_Lobby
[2026.04.01-19.23.53:342][477]LogSlate: Window 'Playtime_Multiplayer Preview [NetMode: Standalone]  (64-bit/Windows) ' being destroyed
[2026.04.01-19.23.53:355][477]LogWorld: UWorld::CleanupWorld for MP_Lobby, bSessionEnded=true, bCleanupResources=true
[2026.04.01-19.23.53:356][477]LogSlate: InvalidateAllWidgets triggered.  All widgets were invalidated
[2026.04.01-19.23.53:368][477]LogWorld: BeginTearingDown for /Game/MAPS/UEDPIE_0_MP_Lobby
[2026.04.01-19.23.53:369][477]LogSlate: Updating window title bar state: overlay mode, drag disabled, window buttons hidden, title bar hidden
[2026.04.01-19.23.53:369][477]LogSlate: Window 'Playtime_Multiplayer Preview [NetMode: Standalone]  (64-bit/Windows) ' being destroyed
[2026.04.01-19.23.53:379][477]LogWorld: UWorld::CleanupWorld for MP_Lobby, bSessionEnded=true, bCleanupResources=true
[2026.04.01-19.23.53:380][477]LogSlate: InvalidateAllWidgets triggered.  All widgets were invalidated
[2026.04.01-19.23.53:391][477]LogPlayLevel: Display: Shutting down PIE online subsystems
[2026.04.01-19.23.53:418][477]LogSlate: InvalidateAllWidgets triggered.  All widgets were invalidated
[2026.04.01-19.23.53:444][477]LogAudio: Display: Audio Device unregistered from world 'None'.
[2026.04.01-19.23.53:444][477]LogAudioMixer: FMixerPlatformXAudio2::StopAudioStream() called
[2026.04.01-19.23.53:446][477]LogAudioMixer: FMixerPlatformXAudio2::StopAudioStream() called
[2026.04.01-19.23.53:450][477]LogAudio: Display: Audio Device unregistered from world 'None'.
[2026.04.01-19.23.53:450][477]LogAudioMixer: FMixerPlatformXAudio2::StopAudioStream() called
[2026.04.01-19.23.53:451][477]LogAudioMixer: FMixerPlatformXAudio2::StopAudioStream() called
[2026.04.01-19.23.53:457][477]LogUObjectHash: Compacting FUObjectHashTables data took   2.56ms
[2026.04.01-19.23.53:493][478]LogPlayLevel: Display: Destroying online subsystem :Context_43
[2026.04.01-19.23.53:493][478]LogPlayLevel: Display: Destroying online subsystem :Context_42
[2026.04.01-19.24.49:585][882]BlueprintLog: New page: Compile multi
[2026.04.01-19.24.49:628][882]LogUObjectHash: Compacting FUObjectHashTables data took   4.23ms
[2026.04.01-19.24.50:543][929]LogTemp: Repeating last play command: New Editor Window (PIE)
[2026.04.01-19.24.50:548][929]LogPlayLevel: PlayLevel: No blueprints needed recompiling
[2026.04.01-19.24.50:548][929]PIE: New page: PIE session: MP_Lobby (2 апр. 2026 г., 01:24:50)
[2026.04.01-19.24.50:548][929]LogPlayLevel: Creating play world package: /Game/MAPS/UEDPIE_0_MP_Lobby
[2026.04.01-19.24.50:554][929]LogPlayLevel: PIE: StaticDuplicateObject took: (0.005574s)
[2026.04.01-19.24.50:555][929]LogAIModule: Creating AISystem for world MP_Lobby
[2026.04.01-19.24.50:555][929]LogPlayLevel: PIE: World Init took: (0.001239s)
[2026.04.01-19.24.50:556][929]LogPlayLevel: PIE: Created PIE world by copying editor world from /Game/MAPS/MP_Lobby.MP_Lobby to /Game/MAPS/UEDPIE_0_MP_Lobby.MP_Lobby (0.006953s)
[2026.04.01-19.24.50:581][929]LogUObjectHash: Compacting FUObjectHashTables data took   2.59ms
[2026.04.01-19.24.50:582][929]LogAudio: Display: Creating Audio Device:                 Id: 33, Scope: Unique, Realtime: True
[2026.04.01-19.24.50:582][929]LogAudioMixer: Display: Audio Mixer Platform Settings:
[2026.04.01-19.24.50:582][929]LogAudioMixer: Display: 	Sample Rate:						  48000
[2026.04.01-19.24.50:582][929]LogAudioMixer: Display: 	Callback Buffer Frame Size Requested: 1024
[2026.04.01-19.24.50:582][929]LogAudioMixer: Display: 	Callback Buffer Frame Size To Use:	  1024
[2026.04.01-19.24.50:582][929]LogAudioMixer: Display: 	Number of buffers to queue:			  2
[2026.04.01-19.24.50:582][929]LogAudioMixer: Display: 	Max Channels (voices):				  32
[2026.04.01-19.24.50:582][929]LogAudioMixer: Display: 	Number of Async Source Workers:		  0
[2026.04.01-19.24.50:582][929]LogAudio: Display: AudioDevice MaxSources: 32
[2026.04.01-19.24.50:582][929]LogAudio: Display: Audio Spatialization Plugin: None (built-in).
[2026.04.01-19.24.50:582][929]LogAudio: Display: Audio Reverb Plugin: None (built-in).
[2026.04.01-19.24.50:582][929]LogAudio: Display: Audio Occlusion Plugin: None (built-in).
[2026.04.01-19.24.50:582][929]LogAudioMixer: Display: Initializing audio mixer.
[2026.04.01-19.24.50:586][929]LogAudioMixer: Display: 0: FrontLeft
[2026.04.01-19.24.50:586][929]LogAudioMixer: Display: 1: FrontRight
[2026.04.01-19.24.50:618][929]LogAudioMixer: Display: Using Audio Device Headphones (Realtek(R) Audio)
[2026.04.01-19.24.50:618][929]LogAudioMixer: Display: Initializing Sound Submixes...
[2026.04.01-19.24.50:618][929]LogAudioMixer: Display: Creating Master Submix 'MasterSubmixDefault'
[2026.04.01-19.24.50:618][929]LogAudioMixer: Display: Creating Master Submix 'MasterReverbSubmixDefault'
[2026.04.01-19.24.50:620][929]LogAudioMixer: Display: Creating Master Submix 'MasterEQSubmixDefault'
[2026.04.01-19.24.50:620][929]LogAudioMixer: FMixerPlatformXAudio2::StartAudioStream() called
[2026.04.01-19.24.50:620][929]LogAudioMixer: Display: Output buffers initialized: Frames=1024, Channels=2, Samples=2048
[2026.04.01-19.24.50:621][929]LogAudioMixer: Display: Starting AudioMixerPlatformInterface::RunInternal()
[2026.04.01-19.24.50:621][929]LogAudioMixer: Display: FMixerPlatformXAudio2::SubmitBuffer() called for the first time
[2026.04.01-19.24.50:621][929]LogInit: FAudioDevice initialized.
[2026.04.01-19.24.50:621][929]LogAudio: Display: Audio Device (ID: 33) registered with world 'MP_Lobby'.
[2026.04.01-19.24.50:663][929]LogSlate: Updating window title bar state: overlay mode, drag disabled, window buttons hidden, title bar hidden
[2026.04.01-19.24.50:663][929]LogLoad: Game class is 'FirstPersonGameMode_C'
[2026.04.01-19.24.50:664][929]LogWorld: Bringing World /Game/MAPS/UEDPIE_0_MP_Lobby.MP_Lobby up for play (max tick rate 0) at 2026.04.01-22.24.50
[2026.04.01-19.24.50:665][929]LogWorld: Bringing up level for play took: 0.001544
[2026.04.01-19.24.50:665][929]LogOnline: OSS: Creating online subsystem instance for: :Context_44
[2026.04.01-19.24.50:671][929]PIE: Server logged in
[2026.04.01-19.24.50:672][929]PIE: Play in editor total start time 0,124 seconds.
[2026.04.01-19.24.50:673][929]LogPlayLevel: Creating play world package: /Game/MAPS/UEDPIE_1_MP_Lobby
[2026.04.01-19.24.50:678][929]LogPlayLevel: PIE: StaticDuplicateObject took: (0.006210s)
[2026.04.01-19.24.50:680][929]LogAIModule: Creating AISystem for world MP_Lobby
[2026.04.01-19.24.50:681][929]LogPlayLevel: PIE: World Init took: (0.001809s)
[2026.04.01-19.24.50:681][929]LogPlayLevel: PIE: Created PIE world by copying editor world from /Game/MAPS/MP_Lobby.MP_Lobby to /Game/MAPS/UEDPIE_1_MP_Lobby.MP_Lobby (0.008198s)
[2026.04.01-19.24.50:707][929]LogUObjectHash: Compacting FUObjectHashTables data took   2.19ms
[2026.04.01-19.24.50:707][929]LogAudio: Display: Creating Audio Device:                 Id: 34, Scope: Unique, Realtime: True
[2026.04.01-19.24.50:708][929]LogAudioMixer: Display: Audio Mixer Platform Settings:
[2026.04.01-19.24.50:708][929]LogAudioMixer: Display: 	Sample Rate:						  48000
[2026.04.01-19.24.50:708][929]LogAudioMixer: Display: 	Callback Buffer Frame Size Requested: 1024
[2026.04.01-19.24.50:708][929]LogAudioMixer: Display: 	Callback Buffer Frame Size To Use:	  1024
[2026.04.01-19.24.50:708][929]LogAudioMixer: Display: 	Number of buffers to queue:			  2
[2026.04.01-19.24.50:708][929]LogAudioMixer: Display: 	Max Channels (voices):				  32
[2026.04.01-19.24.50:708][929]LogAudioMixer: Display: 	Number of Async Source Workers:		  0
[2026.04.01-19.24.50:708][929]LogAudio: Display: AudioDevice MaxSources: 32
[2026.04.01-19.24.50:708][929]LogAudio: Display: Audio Spatialization Plugin: None (built-in).
[2026.04.01-19.24.50:708][929]LogAudio: Display: Audio Reverb Plugin: None (built-in).
[2026.04.01-19.24.50:708][929]LogAudio: Display: Audio Occlusion Plugin: None (built-in).
[2026.04.01-19.24.50:708][929]LogAudioMixer: Display: Initializing audio mixer.
[2026.04.01-19.24.50:713][929]LogAudioMixer: Display: 0: FrontLeft
[2026.04.01-19.24.50:713][929]LogAudioMixer: Display: 1: FrontRight
[2026.04.01-19.24.50:720][929]LogAudioMixer: Display: Using Audio Device Headphones (Realtek(R) Audio)
[2026.04.01-19.24.50:721][929]LogAudioMixer: Display: Initializing Sound Submixes...
[2026.04.01-19.24.50:721][929]LogAudioMixer: Display: Creating Master Submix 'MasterSubmixDefault'
[2026.04.01-19.24.50:721][929]LogAudioMixer: Display: Creating Master Submix 'MasterReverbSubmixDefault'
[2026.04.01-19.24.50:721][929]LogAudioMixer: Display: Creating Master Submix 'MasterEQSubmixDefault'
[2026.04.01-19.24.50:721][929]LogAudioMixer: FMixerPlatformXAudio2::StartAudioStream() called
[2026.04.01-19.24.50:721][929]LogAudioMixer: Display: Output buffers initialized: Frames=1024, Channels=2, Samples=2048
[2026.04.01-19.24.50:722][929]LogAudioMixer: Display: Starting AudioMixerPlatformInterface::RunInternal()
[2026.04.01-19.24.50:722][929]LogAudioMixer: Display: FMixerPlatformXAudio2::SubmitBuffer() called for the first time
[2026.04.01-19.24.50:722][929]LogInit: FAudioDevice initialized.
[2026.04.01-19.24.50:722][929]LogAudio: Display: Audio Device (ID: 34) registered with world 'MP_Lobby'.
[2026.04.01-19.24.50:781][929]LogSlate: Updating window title bar state: overlay mode, drag disabled, window buttons hidden, title bar hidden
[2026.04.01-19.24.50:781][929]LogLoad: Game class is 'FirstPersonGameMode_C'
[2026.04.01-19.24.50:783][929]LogWorld: Bringing World /Game/MAPS/UEDPIE_1_MP_Lobby.MP_Lobby up for play (max tick rate 0) at 2026.04.01-22.24.50
[2026.04.01-19.24.50:783][929]LogWorld: Bringing up level for play took: 0.001437
[2026.04.01-19.24.50:783][929]LogOnline: OSS: Creating online subsystem instance for: :Context_45
[2026.04.01-19.24.50:788][929]PIE: Server logged in
[2026.04.01-19.24.50:791][929]PIE: Play in editor total start time 0,243 seconds.
[2026.04.01-19.24.58:181][129]LogSlate: Updating window title bar state: overlay mode, drag disabled, window buttons hidden, title bar hidden
[2026.04.01-19.24.58:181][129]LogWorld: BeginTearingDown for /Game/MAPS/UEDPIE_1_MP_Lobby
[2026.04.01-19.24.58:182][129]LogSlate: Window 'Playtime_Multiplayer Preview [NetMode: Standalone]  (64-bit/Windows) ' being destroyed
[2026.04.01-19.24.58:187][129]LogWorld: UWorld::CleanupWorld for MP_Lobby, bSessionEnded=true, bCleanupResources=true
[2026.04.01-19.24.58:188][129]LogSlate: InvalidateAllWidgets triggered.  All widgets were invalidated
[2026.04.01-19.24.58:198][129]LogWorld: BeginTearingDown for /Game/MAPS/UEDPIE_0_MP_Lobby
[2026.04.01-19.24.58:198][129]LogSlate: Updating window title bar state: overlay mode, drag disabled, window buttons hidden, title bar hidden
[2026.04.01-19.24.58:198][129]LogSlate: Window 'Playtime_Multiplayer Preview [NetMode: Standalone]  (64-bit/Windows) ' being destroyed
[2026.04.01-19.24.58:212][129]LogWorld: UWorld::CleanupWorld for MP_Lobby, bSessionEnded=true, bCleanupResources=true
[2026.04.01-19.24.58:212][129]LogSlate: InvalidateAllWidgets triggered.  All widgets were invalidated
[2026.04.01-19.24.58:222][129]LogPlayLevel: Display: Shutting down PIE online subsystems
[2026.04.01-19.24.58:248][129]LogSlate: InvalidateAllWidgets triggered.  All widgets were invalidated
[2026.04.01-19.24.58:278][129]LogAudio: Display: Audio Device unregistered from world 'None'.
[2026.04.01-19.24.58:278][129]LogAudio: Display: Audio Device unregistered from world 'None'.
[2026.04.01-19.24.58:278][129]LogAudioMixer: FMixerPlatformXAudio2::StopAudioStream() called
[2026.04.01-19.24.58:280][129]LogAudioMixer: FMixerPlatformXAudio2::StopAudioStream() called
[2026.04.01-19.24.58:283][129]LogAudioMixer: FMixerPlatformXAudio2::StopAudioStream() called
[2026.04.01-19.24.58:283][129]LogAudioMixer: FMixerPlatformXAudio2::StopAudioStream() called
[2026.04.01-19.24.58:291][129]LogUObjectHash: Compacting FUObjectHashTables data took   3.02ms
[2026.04.01-19.24.58:327][130]LogPlayLevel: Display: Destroying online subsystem :Context_45
[2026.04.01-19.24.58:327][130]LogPlayLevel: Display: Destroying online subsystem :Context_44
[2026.04.01-19.26.21:570][269]BlueprintLog: New page: Compile multi
[2026.04.01-19.26.21:600][269]LogUObjectHash: Compacting FUObjectHashTables data took   3.89ms
[2026.04.01-19.26.22:330][308]LogTemp: Repeating last play command: New Editor Window (PIE)
[2026.04.01-19.26.22:338][308]LogPlayLevel: PlayLevel: No blueprints needed recompiling
[2026.04.01-19.26.22:338][308]PIE: New page: PIE session: MP_Lobby (2 апр. 2026 г., 01:26:22)
[2026.04.01-19.26.22:339][308]LogPlayLevel: Creating play world package: /Game/MAPS/UEDPIE_0_MP_Lobby
[2026.04.01-19.26.22:345][308]LogPlayLevel: PIE: StaticDuplicateObject took: (0.006062s)
[2026.04.01-19.26.22:347][308]LogAIModule: Creating AISystem for world MP_Lobby
[2026.04.01-19.26.22:347][308]LogPlayLevel: PIE: World Init took: (0.001738s)
[2026.04.01-19.26.22:347][308]LogPlayLevel: PIE: Created PIE world by copying editor world from /Game/MAPS/MP_Lobby.MP_Lobby to /Game/MAPS/UEDPIE_0_MP_Lobby.MP_Lobby (0.007979s)
[2026.04.01-19.26.22:374][308]LogUObjectHash: Compacting FUObjectHashTables data took   2.98ms
[2026.04.01-19.26.22:374][308]LogAudio: Display: Creating Audio Device:                 Id: 35, Scope: Unique, Realtime: True
[2026.04.01-19.26.22:374][308]LogAudioMixer: Display: Audio Mixer Platform Settings:
[2026.04.01-19.26.22:374][308]LogAudioMixer: Display: 	Sample Rate:						  48000
[2026.04.01-19.26.22:374][308]LogAudioMixer: Display: 	Callback Buffer Frame Size Requested: 1024
[2026.04.01-19.26.22:374][308]LogAudioMixer: Display: 	Callback Buffer Frame Size To Use:	  1024
[2026.04.01-19.26.22:374][308]LogAudioMixer: Display: 	Number of buffers to queue:			  2
[2026.04.01-19.26.22:374][308]LogAudioMixer: Display: 	Max Channels (voices):				  32
[2026.04.01-19.26.22:374][308]LogAudioMixer: Display: 	Number of Async Source Workers:		  0
[2026.04.01-19.26.22:374][308]LogAudio: Display: AudioDevice MaxSources: 32
[2026.04.01-19.26.22:375][308]LogAudio: Display: Audio Spatialization Plugin: None (built-in).
[2026.04.01-19.26.22:375][308]LogAudio: Display: Audio Reverb Plugin: None (built-in).
[2026.04.01-19.26.22:375][308]LogAudio: Display: Audio Occlusion Plugin: None (built-in).
[2026.04.01-19.26.22:375][308]LogAudioMixer: Display: Initializing audio mixer.
[2026.04.01-19.26.22:378][308]LogAudioMixer: Display: 0: FrontLeft
[2026.04.01-19.26.22:378][308]LogAudioMixer: Display: 1: FrontRight
[2026.04.01-19.26.22:408][308]LogAudioMixer: Display: Using Audio Device Headphones (Realtek(R) Audio)
[2026.04.01-19.26.22:408][308]LogAudioMixer: Display: Initializing Sound Submixes...
[2026.04.01-19.26.22:408][308]LogAudioMixer: Display: Creating Master Submix 'MasterSubmixDefault'
[2026.04.01-19.26.22:408][308]LogAudioMixer: Display: Creating Master Submix 'MasterReverbSubmixDefault'
[2026.04.01-19.26.22:410][308]LogAudioMixer: Display: Creating Master Submix 'MasterEQSubmixDefault'
[2026.04.01-19.26.22:410][308]LogAudioMixer: FMixerPlatformXAudio2::StartAudioStream() called
[2026.04.01-19.26.22:410][308]LogAudioMixer: Display: Output buffers initialized: Frames=1024, Channels=2, Samples=2048
[2026.04.01-19.26.22:412][308]LogAudioMixer: Display: Starting AudioMixerPlatformInterface::RunInternal()
[2026.04.01-19.26.22:412][308]LogAudioMixer: Display: FMixerPlatformXAudio2::SubmitBuffer() called for the first time
[2026.04.01-19.26.22:412][308]LogInit: FAudioDevice initialized.
[2026.04.01-19.26.22:412][308]LogAudio: Display: Audio Device (ID: 35) registered with world 'MP_Lobby'.
[2026.04.01-19.26.22:467][308]LogSlate: Updating window title bar state: overlay mode, drag disabled, window buttons hidden, title bar hidden
[2026.04.01-19.26.22:467][308]LogLoad: Game class is 'FirstPersonGameMode_C'
[2026.04.01-19.26.22:470][308]LogWorld: Bringing World /Game/MAPS/UEDPIE_0_MP_Lobby.MP_Lobby up for play (max tick rate 0) at 2026.04.01-22.26.22
[2026.04.01-19.26.22:471][308]LogWorld: Bringing up level for play took: 0.001681
[2026.04.01-19.26.22:471][308]LogOnline: OSS: Creating online subsystem instance for: :Context_46
[2026.04.01-19.26.22:476][308]PIE: Server logged in
[2026.04.01-19.26.22:478][308]PIE: Play in editor total start time 0,141 seconds.
[2026.04.01-19.26.22:478][308]LogPlayLevel: Creating play world package: /Game/MAPS/UEDPIE_1_MP_Lobby
[2026.04.01-19.26.22:485][308]LogPlayLevel: PIE: StaticDuplicateObject took: (0.006601s)
[2026.04.01-19.26.22:486][308]LogAIModule: Creating AISystem for world MP_Lobby
[2026.04.01-19.26.22:486][308]LogPlayLevel: PIE: World Init took: (0.001185s)
[2026.04.01-19.26.22:486][308]LogPlayLevel: PIE: Created PIE world by copying editor world from /Game/MAPS/MP_Lobby.MP_Lobby to /Game/MAPS/UEDPIE_1_MP_Lobby.MP_Lobby (0.007917s)
[2026.04.01-19.26.22:518][308]LogUObjectHash: Compacting FUObjectHashTables data took   2.53ms
[2026.04.01-19.26.22:518][308]LogAudio: Display: Creating Audio Device:                 Id: 36, Scope: Unique, Realtime: True
[2026.04.01-19.26.22:518][308]LogAudioMixer: Display: Audio Mixer Platform Settings:
[2026.04.01-19.26.22:518][308]LogAudioMixer: Display: 	Sample Rate:						  48000
[2026.04.01-19.26.22:518][308]LogAudioMixer: Display: 	Callback Buffer Frame Size Requested: 1024
[2026.04.01-19.26.22:518][308]LogAudioMixer: Display: 	Callback Buffer Frame Size To Use:	  1024
[2026.04.01-19.26.22:518][308]LogAudioMixer: Display: 	Number of buffers to queue:			  2
[2026.04.01-19.26.22:518][308]LogAudioMixer: Display: 	Max Channels (voices):				  32
[2026.04.01-19.26.22:518][308]LogAudioMixer: Display: 	Number of Async Source Workers:		  0
[2026.04.01-19.26.22:518][308]LogAudio: Display: AudioDevice MaxSources: 32
[2026.04.01-19.26.22:519][308]LogAudio: Display: Audio Spatialization Plugin: None (built-in).
[2026.04.01-19.26.22:519][308]LogAudio: Display: Audio Reverb Plugin: None (built-in).
[2026.04.01-19.26.22:519][308]LogAudio: Display: Audio Occlusion Plugin: None (built-in).
[2026.04.01-19.26.22:520][308]LogAudioMixer: Display: Initializing audio mixer.
[2026.04.01-19.26.22:523][308]LogAudioMixer: Display: 0: FrontLeft
[2026.04.01-19.26.22:523][308]LogAudioMixer: Display: 1: FrontRight
[2026.04.01-19.26.22:531][308]LogAudioMixer: Display: Using Audio Device Headphones (Realtek(R) Audio)
[2026.04.01-19.26.22:532][308]LogAudioMixer: Display: Initializing Sound Submixes...
[2026.04.01-19.26.22:532][308]LogAudioMixer: Display: Creating Master Submix 'MasterSubmixDefault'
[2026.04.01-19.26.22:532][308]LogAudioMixer: Display: Creating Master Submix 'MasterReverbSubmixDefault'
[2026.04.01-19.26.22:533][308]LogAudioMixer: Display: Creating Master Submix 'MasterEQSubmixDefault'
[2026.04.01-19.26.22:533][308]LogAudioMixer: FMixerPlatformXAudio2::StartAudioStream() called
[2026.04.01-19.26.22:533][308]LogAudioMixer: Display: Output buffers initialized: Frames=1024, Channels=2, Samples=2048
[2026.04.01-19.26.22:536][308]LogAudioMixer: Display: Starting AudioMixerPlatformInterface::RunInternal()
[2026.04.01-19.26.22:536][308]LogAudioMixer: Display: FMixerPlatformXAudio2::SubmitBuffer() called for the first time
[2026.04.01-19.26.22:536][308]LogInit: FAudioDevice initialized.
[2026.04.01-19.26.22:536][308]LogAudio: Display: Audio Device (ID: 36) registered with world 'MP_Lobby'.
[2026.04.01-19.26.22:584][308]LogSlate: Updating window title bar state: overlay mode, drag disabled, window buttons hidden, title bar hidden
[2026.04.01-19.26.22:584][308]LogLoad: Game class is 'FirstPersonGameMode_C'
[2026.04.01-19.26.22:587][308]LogWorld: Bringing World /Game/MAPS/UEDPIE_1_MP_Lobby.MP_Lobby up for play (max tick rate 0) at 2026.04.01-22.26.22
[2026.04.01-19.26.22:587][308]LogWorld: Bringing up level for play took: 0.001558
[2026.04.01-19.26.22:587][308]LogOnline: OSS: Creating online subsystem instance for: :Context_47
[2026.04.01-19.26.22:593][308]PIE: Server logged in
[2026.04.01-19.26.22:595][308]PIE: Play in editor total start time 0,258 seconds.
[2026.04.01-19.26.30:652][530]LogSlate: Updating window title bar state: overlay mode, drag disabled, window buttons hidden, title bar hidden
[2026.04.01-19.26.30:652][530]LogWorld: BeginTearingDown for /Game/MAPS/UEDPIE_1_MP_Lobby
[2026.04.01-19.26.30:652][530]LogSlate: Window 'Playtime_Multiplayer Preview [NetMode: Standalone]  (64-bit/Windows) ' being destroyed
[2026.04.01-19.26.30:661][530]LogWorld: UWorld::CleanupWorld for MP_Lobby, bSessionEnded=true, bCleanupResources=true
[2026.04.01-19.26.30:661][530]LogSlate: InvalidateAllWidgets triggered.  All widgets were invalidated
[2026.04.01-19.26.30:677][530]LogWorld: BeginTearingDown for /Game/MAPS/UEDPIE_0_MP_Lobby
[2026.04.01-19.26.30:677][530]LogSlate: Updating window title bar state: overlay mode, drag disabled, window buttons hidden, title bar hidden
[2026.04.01-19.26.30:677][530]LogSlate: Window 'Playtime_Multiplayer Preview [NetMode: Standalone]  (64-bit/Windows) ' being destroyed
[2026.04.01-19.26.30:687][530]LogWorld: UWorld::CleanupWorld for MP_Lobby, bSessionEnded=true, bCleanupResources=true
[2026.04.01-19.26.30:688][530]LogSlate: InvalidateAllWidgets triggered.  All widgets were invalidated
[2026.04.01-19.26.30:697][530]LogPlayLevel: Display: Shutting down PIE online subsystems
[2026.04.01-19.26.30:720][530]LogSlate: InvalidateAllWidgets triggered.  All widgets were invalidated
[2026.04.01-19.26.30:745][530]LogAudio: Display: Audio Device unregistered from world 'None'.
[2026.04.01-19.26.30:746][530]LogAudioMixer: FMixerPlatformXAudio2::StopAudioStream() called
[2026.04.01-19.26.30:747][530]LogAudioMixer: FMixerPlatformXAudio2::StopAudioStream() called
[2026.04.01-19.26.30:750][530]LogAudio: Display: Audio Device unregistered from world 'None'.
[2026.04.01-19.26.30:750][530]LogAudioMixer: FMixerPlatformXAudio2::StopAudioStream() called
[2026.04.01-19.26.30:751][530]LogAudioMixer: FMixerPlatformXAudio2::StopAudioStream() called
[2026.04.01-19.26.30:756][530]LogUObjectHash: Compacting FUObjectHashTables data took   2.07ms
[2026.04.01-19.26.30:792][531]LogPlayLevel: Display: Destroying online subsystem :Context_47
[2026.04.01-19.26.30:792][531]LogPlayLevel: Display: Destroying online subsystem :Context_46
[2026.04.01-19.29.52:354][619]LogRenderer: Reallocating scene render targets to support 1264x608 Format 9 NumSamples 1 (Frame:8122).
[2026.04.01-19.31.59:207][247]LogContentBrowser: Deferred new asset file creation: NewWidgetBlueprint
[2026.04.01-19.31.59:228][247]LogContentBrowser: Creating deferred item: NewWidgetBlueprint
[2026.04.01-19.32.15:271][330]LogContentBrowser: Attempting asset rename: NewWidgetBlueprint -> NewWidgetBlueprint
[2026.04.01-19.32.15:310][330]LogContentBrowser: End creating deferred item NewWidgetBlueprint
[2026.04.01-19.32.23:338][804]LogAssetEditorSubsystem: Opening Asset editor for WidgetBlueprint /Game/Widgets/NewWidgetBlueprint.NewWidgetBlueprint
[2026.04.01-19.32.24:183][805]LogUObjectHash: Compacting FUObjectHashTables data took   4.92ms
[2026.04.01-19.32.24:203][805]LogSavePackage: Moving '../../../../../../Users/User/Documents/Unreal Projects/Playtime_Multiplayer/Saved/MP_Lobby_Auto245D88FC0478127EA2D38958B51DC1EEC.tmp' to '../../../../../../Users/User/Documents/Unreal Projects/Playtime_Multiplayer/Saved/Autosaves/Game/MAPS/MP_Lobby_Auto2.umap'
[2026.04.01-19.32.24:205][805]LogFileHelpers: Editor autosave (incl. external actors) for '/Game/MAPS/MP_Lobby' took 0.064
[2026.04.01-19.32.24:205][805]LogFileHelpers: Editor autosave (incl. sublevels & external actors) for all levels took 0.064
[2026.04.01-19.32.24:206][805]OBJ SavePackage: Generating thumbnails for [0] asset(s) in package [/Game/MULTIPLAYER/multi] ([2] browsable assets)...
[2026.04.01-19.32.24:206][805]OBJ SavePackage: Finished generating thumbnails for package [/Game/MULTIPLAYER/multi]
[2026.04.01-19.32.24:210][805]LogSavePackage: Moving '../../../../../../Users/User/Documents/Unreal Projects/Playtime_Multiplayer/Saved/multi_Auto2FC9520A54BBDD228992926B055F5513B.tmp' to '../../../../../../Users/User/Documents/Unreal Projects/Playtime_Multiplayer/Saved/Autosaves/Game/MULTIPLAYER/multi_Auto2.uasset'
[2026.04.01-19.32.24:211][805]OBJ SavePackage: Generating thumbnails for [2] asset(s) in package [/Game/FirstPerson/FirstPersonBP/Blueprints/FirstPersonCharacter] ([2] browsable assets)...
[2026.04.01-19.32.24:231][805]OBJ SavePackage:     Rendered thumbnail for [Blueprint /Game/FirstPerson/FirstPersonBP/Blueprints/FirstPersonCharacter.FirstPersonCharacter]
[2026.04.01-19.32.24:231][805]OBJ SavePackage: Finished generating thumbnails for package [/Game/FirstPerson/FirstPersonBP/Blueprints/FirstPersonCharacter]
[2026.04.01-19.32.24:278][805]LogSavePackage: Moving '../../../../../../Users/User/Documents/Unreal Projects/Playtime_Multiplayer/Saved/FirstPersonCharacter_Auto2271AAA1D49CD77A9FF4DFCA3AA22A51D.tmp' to '../../../../../../Users/User/Documents/Unreal Projects/Playtime_Multiplayer/Saved/Autosaves/Game/FirstPerson/FirstPersonBP/Blueprints/FirstPersonCharacter_Auto2.uasset'
[2026.04.01-19.32.24:278][805]LogFileHelpers: Auto-saving content packages took 0.073
[2026.04.01-19.35.13:571][827]LogAssetEditorSubsystem: Opening Asset editor for WidgetBlueprint /Game/Widgets/CHOOSE.CHOOSE
[2026.04.01-19.35.20:350][160]LogAssetEditorSubsystem: Opening Asset editor for WidgetBlueprint /Game/Widgets/choice_mode.choice_mode
[2026.04.01-19.35.27:382][496]LogAssetEditorSubsystem: Opening Asset editor for WidgetBlueprint /DatasmithContent/Blueprints/FBXImporter/UI/AnimationSampleUI.AnimationSampleUI
[2026.04.01-19.36.58:645][229]LogWindowsTextInputMethodSystem: Display: IME system deactivated.
[2026.04.01-19.36.58:645][229]LogWindowsTextInputMethodSystem: Display: IME system deactivated.
[2026.04.01-19.37.01:946][362]LogWindowsTextInputMethodSystem: Display: IME system deactivated.
[2026.04.01-19.37.01:946][362]LogWindowsTextInputMethodSystem: Display: IME system deactivated.
[2026.04.01-19.39.33:336][111]BlueprintLog: New page: Compile multi
[2026.04.01-19.39.33:410][111]LogUObjectHash: Compacting FUObjectHashTables data took   4.89ms
[2026.04.01-19.39.34:241][155]LogTemp: Repeating last play command: New Editor Window (PIE)
[2026.04.01-19.39.34:250][155]BlueprintLog: New page: Pre-Play auto-recompile
[2026.04.01-19.39.34:251][155]LogPlayLevel: [PlayLevel] Compiling NewWidgetBlueprint before play...
[2026.04.01-19.39.34:400][155]LogUObjectHash: Compacting FUObjectHashTables data took   2.88ms
[2026.04.01-19.39.34:401][155]LogPlayLevel: PlayLevel: Blueprint regeneration took 150 ms (1 blueprints)
[2026.04.01-19.39.34:401][155]BlueprintLog: Warning: Blueprint failed to compile:  NewWidgetBlueprint
[2026.04.01-19.39.34:402][155]LogCustomDialog: Dialog displayed:
[2026.04.01-19.39.36:387][155]LogSlate: Window 'Blueprint Compilation Errors' being destroyed
[2026.04.01-19.39.36:399][155]PIE: New page: PIE session: MP_Lobby (2 апр. 2026 г., 01:39:36)
[2026.04.01-19.39.36:400][155]LogPlayLevel: Creating play world package: /Game/MAPS/UEDPIE_0_MP_Lobby
[2026.04.01-19.39.36:411][155]LogPlayLevel: PIE: StaticDuplicateObject took: (0.011233s)
[2026.04.01-19.39.36:412][155]LogAIModule: Creating AISystem for world MP_Lobby
[2026.04.01-19.39.36:413][155]LogPlayLevel: PIE: World Init took: (0.001792s)
[2026.04.01-19.39.36:413][155]LogPlayLevel: PIE: Created PIE world by copying editor world from /Game/MAPS/MP_Lobby.MP_Lobby to /Game/MAPS/UEDPIE_0_MP_Lobby.MP_Lobby (0.013277s)
[2026.04.01-19.39.36:452][155]LogUObjectHash: Compacting FUObjectHashTables data took   4.12ms
[2026.04.01-19.39.36:455][155]LogAudio: Display: Creating Audio Device:                 Id: 37, Scope: Unique, Realtime: True
[2026.04.01-19.39.36:455][155]LogAudioMixer: Display: Audio Mixer Platform Settings:
[2026.04.01-19.39.36:455][155]LogAudioMixer: Display: 	Sample Rate:						  48000
[2026.04.01-19.39.36:455][155]LogAudioMixer: Display: 	Callback Buffer Frame Size Requested: 1024
[2026.04.01-19.39.36:455][155]LogAudioMixer: Display: 	Callback Buffer Frame Size To Use:	  1024
[2026.04.01-19.39.36:455][155]LogAudioMixer: Display: 	Number of buffers to queue:			  2
[2026.04.01-19.39.36:455][155]LogAudioMixer: Display: 	Max Channels (voices):				  32
[2026.04.01-19.39.36:455][155]LogAudioMixer: Display: 	Number of Async Source Workers:		  0
[2026.04.01-19.39.36:455][155]LogAudio: Display: AudioDevice MaxSources: 32
[2026.04.01-19.39.36:456][155]LogAudio: Display: Audio Spatialization Plugin: None (built-in).
[2026.04.01-19.39.36:456][155]LogAudio: Display: Audio Reverb Plugin: None (built-in).
[2026.04.01-19.39.36:456][155]LogAudio: Display: Audio Occlusion Plugin: None (built-in).
[2026.04.01-19.39.36:456][155]LogAudioMixer: Display: Initializing audio mixer.
[2026.04.01-19.39.36:461][155]LogAudioMixer: Display: 0: FrontLeft
[2026.04.01-19.39.36:461][155]LogAudioMixer: Display: 1: FrontRight
[2026.04.01-19.39.36:492][155]LogAudioMixer: Display: Using Audio Device Headphones (Realtek(R) Audio)
[2026.04.01-19.39.36:493][155]LogAudioMixer: Display: Initializing Sound Submixes...
[2026.04.01-19.39.36:493][155]LogAudioMixer: Display: Creating Master Submix 'MasterSubmixDefault'
[2026.04.01-19.39.36:493][155]LogAudioMixer: Display: Creating Master Submix 'MasterReverbSubmixDefault'
[2026.04.01-19.39.36:495][155]LogAudioMixer: Display: Creating Master Submix 'MasterEQSubmixDefault'
[2026.04.01-19.39.36:495][155]LogAudioMixer: FMixerPlatformXAudio2::StartAudioStream() called
[2026.04.01-19.39.36:495][155]LogAudioMixer: Display: Output buffers initialized: Frames=1024, Channels=2, Samples=2048
[2026.04.01-19.39.36:497][155]LogAudioMixer: Display: Starting AudioMixerPlatformInterface::RunInternal()
[2026.04.01-19.39.36:497][155]LogAudioMixer: Display: FMixerPlatformXAudio2::SubmitBuffer() called for the first time
[2026.04.01-19.39.36:497][155]LogInit: FAudioDevice initialized.
[2026.04.01-19.39.36:497][155]LogAudio: Display: Audio Device (ID: 37) registered with world 'MP_Lobby'.
[2026.04.01-19.39.36:548][155]LogSlate: Updating window title bar state: overlay mode, drag disabled, window buttons hidden, title bar hidden
[2026.04.01-19.39.36:548][155]LogLoad: Game class is 'FirstPersonGameMode_C'
[2026.04.01-19.39.36:552][155]LogWorld: Bringing World /Game/MAPS/UEDPIE_0_MP_Lobby.MP_Lobby up for play (max tick rate 0) at 2026.04.01-22.39.36
[2026.04.01-19.39.36:552][155]LogWorld: Bringing up level for play took: 0.002364
[2026.04.01-19.39.36:553][155]LogOnline: OSS: Creating online subsystem instance for: :Context_56
[2026.04.01-19.39.36:567][155]PIE: Server logged in
[2026.04.01-19.39.36:568][155]PIE: Play in editor total start time 2,322 seconds.
[2026.04.01-19.39.36:568][155]LogPlayLevel: Creating play world package: /Game/MAPS/UEDPIE_1_MP_Lobby
[2026.04.01-19.39.36:576][155]LogPlayLevel: PIE: StaticDuplicateObject took: (0.007071s)
[2026.04.01-19.39.36:578][155]LogAIModule: Creating AISystem for world MP_Lobby
[2026.04.01-19.39.36:579][155]LogPlayLevel: PIE: World Init took: (0.002604s)
[2026.04.01-19.39.36:579][155]LogPlayLevel: PIE: Created PIE world by copying editor world from /Game/MAPS/MP_Lobby.MP_Lobby to /Game/MAPS/UEDPIE_1_MP_Lobby.MP_Lobby (0.009892s)
[2026.04.01-19.39.36:624][155]LogUObjectHash: Compacting FUObjectHashTables data took   2.31ms
[2026.04.01-19.39.36:632][155]LogAudio: Display: Creating Audio Device:                 Id: 38, Scope: Unique, Realtime: True
[2026.04.01-19.39.36:632][155]LogAudioMixer: Display: Audio Mixer Platform Settings:
[2026.04.01-19.39.36:632][155]LogAudioMixer: Display: 	Sample Rate:						  48000
[2026.04.01-19.39.36:632][155]LogAudioMixer: Display: 	Callback Buffer Frame Size Requested: 1024
[2026.04.01-19.39.36:632][155]LogAudioMixer: Display: 	Callback Buffer Frame Size To Use:	  1024
[2026.04.01-19.39.36:632][155]LogAudioMixer: Display: 	Number of buffers to queue:			  2
[2026.04.01-19.39.36:632][155]LogAudioMixer: Display: 	Max Channels (voices):				  32
[2026.04.01-19.39.36:632][155]LogAudioMixer: Display: 	Number of Async Source Workers:		  0
[2026.04.01-19.39.36:632][155]LogAudio: Display: AudioDevice MaxSources: 32
[2026.04.01-19.39.36:632][155]LogAudio: Display: Audio Spatialization Plugin: None (built-in).
[2026.04.01-19.39.36:633][155]LogAudio: Display: Audio Reverb Plugin: None (built-in).
[2026.04.01-19.39.36:633][155]LogAudio: Display: Audio Occlusion Plugin: None (built-in).
[2026.04.01-19.39.36:633][155]LogAudioMixer: Display: Initializing audio mixer.
[2026.04.01-19.39.36:635][155]LogAudioMixer: Display: 0: FrontLeft
[2026.04.01-19.39.36:635][155]LogAudioMixer: Display: 1: FrontRight
[2026.04.01-19.39.36:646][155]LogAudioMixer: Display: Using Audio Device Headphones (Realtek(R) Audio)
[2026.04.01-19.39.36:646][155]LogAudioMixer: Display: Initializing Sound Submixes...
[2026.04.01-19.39.36:647][155]LogAudioMixer: Display: Creating Master Submix 'MasterSubmixDefault'
[2026.04.01-19.39.36:647][155]LogAudioMixer: Display: Creating Master Submix 'MasterReverbSubmixDefault'
[2026.04.01-19.39.36:650][155]LogAudioMixer: Display: Creating Master Submix 'MasterEQSubmixDefault'
[2026.04.01-19.39.36:650][155]LogAudioMixer: FMixerPlatformXAudio2::StartAudioStream() called
[2026.04.01-19.39.36:650][155]LogAudioMixer: Display: Output buffers initialized: Frames=1024, Channels=2, Samples=2048
[2026.04.01-19.39.36:652][155]LogAudioMixer: Display: Starting AudioMixerPlatformInterface::RunInternal()
[2026.04.01-19.39.36:652][155]LogAudioMixer: Display: FMixerPlatformXAudio2::SubmitBuffer() called for the first time
[2026.04.01-19.39.36:652][155]LogInit: FAudioDevice initialized.
[2026.04.01-19.39.36:652][155]LogAudio: Display: Audio Device (ID: 38) registered with world 'MP_Lobby'.
[2026.04.01-19.39.36:718][155]LogSlate: Updating window title bar state: overlay mode, drag disabled, window buttons hidden, title bar hidden
[2026.04.01-19.39.36:718][155]LogLoad: Game class is 'FirstPersonGameMode_C'
[2026.04.01-19.39.36:721][155]LogWorld: Bringing World /Game/MAPS/UEDPIE_1_MP_Lobby.MP_Lobby up for play (max tick rate 0) at 2026.04.01-22.39.36
[2026.04.01-19.39.36:722][155]LogWorld: Bringing up level for play took: 0.001755
[2026.04.01-19.39.36:722][155]LogOnline: OSS: Creating online subsystem instance for: :Context_57
[2026.04.01-19.39.36:728][155]PIE: Server logged in
[2026.04.01-19.39.36:732][155]PIE: Play in editor total start time 2,484 seconds.
[2026.04.01-19.39.43:412][324]LogSlate: Updating window title bar state: overlay mode, drag disabled, window buttons hidden, title bar hidden
[2026.04.01-19.39.43:412][324]LogWorld: BeginTearingDown for /Game/MAPS/UEDPIE_1_MP_Lobby
[2026.04.01-19.39.43:413][324]LogSlate: Window 'Playtime_Multiplayer Preview [NetMode: Standalone]  (64-bit/Windows) ' being destroyed
[2026.04.01-19.39.43:417][324]LogWorld: UWorld::CleanupWorld for MP_Lobby, bSessionEnded=true, bCleanupResources=true
[2026.04.01-19.39.43:417][324]LogSlate: InvalidateAllWidgets triggered.  All widgets were invalidated
[2026.04.01-19.39.43:432][324]LogWorld: BeginTearingDown for /Game/MAPS/UEDPIE_0_MP_Lobby
[2026.04.01-19.39.43:432][324]LogSlate: Updating window title bar state: overlay mode, drag disabled, window buttons hidden, title bar hidden
[2026.04.01-19.39.43:432][324]LogSlate: Window 'Playtime_Multiplayer Preview [NetMode: Standalone]  (64-bit/Windows) ' being destroyed
[2026.04.01-19.39.43:440][324]LogWorld: UWorld::CleanupWorld for MP_Lobby, bSessionEnded=true, bCleanupResources=true
[2026.04.01-19.39.43:440][324]LogSlate: InvalidateAllWidgets triggered.  All widgets were invalidated
[2026.04.01-19.39.43:455][324]LogPlayLevel: Display: Shutting down PIE online subsystems
[2026.04.01-19.39.43:484][324]LogSlate: InvalidateAllWidgets triggered.  All widgets were invalidated
[2026.04.01-19.39.43:535][324]LogAudio: Display: Audio Device unregistered from world 'None'.
[2026.04.01-19.39.43:536][324]LogAudioMixer: FMixerPlatformXAudio2::StopAudioStream() called
[2026.04.01-19.39.43:538][324]LogAudioMixer: FMixerPlatformXAudio2::StopAudioStream() called
[2026.04.01-19.39.43:543][324]LogAudioMixer: FMixerPlatformXAudio2::StopAudioStream() called
[2026.04.01-19.39.43:545][324]LogAudioMixer: FMixerPlatformXAudio2::StopAudioStream() called
[2026.04.01-19.39.43:553][324]LogUObjectHash: Compacting FUObjectHashTables data took   2.59ms
[2026.04.01-19.39.43:608][325]LogPlayLevel: Display: Destroying online subsystem :Context_57
[2026.04.01-19.39.43:608][325]LogPlayLevel: Display: Destroying online subsystem :Context_56
[2026.04.01-19.41.22:685][677]LogWindowsTextInputMethodSystem: Display: IME system deactivated.
[2026.04.01-19.41.22:685][677]LogWindowsTextInputMethodSystem: Display: IME system deactivated.
[2026.04.01-19.41.37:774][715]LogAssetEditorSubsystem: Opening Asset editor for LevelScriptBlueprint /Game/MAPS/MP_Lobby.MP_Lobby:PersistentLevel.MP_Lobby
[2026.04.01-19.41.40:738][844]BlueprintLog: New page: Compile MP_Lobby
[2026.04.01-19.41.40:798][844]LogUObjectHash: Compacting FUObjectHashTables data took   3.60ms
[2026.04.01-19.41.41:458][877]LogTemp: Repeating last play command: New Editor Window (PIE)
[2026.04.01-19.41.41:464][877]LogPlayLevel: PlayLevel: No blueprints needed recompiling
[2026.04.01-19.41.41:464][877]PIE: New page: PIE session: MP_Lobby (2 апр. 2026 г., 01:41:41)
[2026.04.01-19.41.41:466][877]LogPlayLevel: Creating play world package: /Game/MAPS/UEDPIE_0_MP_Lobby
[2026.04.01-19.41.41:473][877]LogPlayLevel: PIE: StaticDuplicateObject took: (0.006534s)
[2026.04.01-19.41.41:474][877]LogAIModule: Creating AISystem for world MP_Lobby
[2026.04.01-19.41.41:474][877]LogPlayLevel: PIE: World Init took: (0.001089s)
[2026.04.01-19.41.41:474][877]LogPlayLevel: PIE: Created PIE world by copying editor world from /Game/MAPS/MP_Lobby.MP_Lobby to /Game/MAPS/UEDPIE_0_MP_Lobby.MP_Lobby (0.007765s)
[2026.04.01-19.41.41:513][877]LogUObjectHash: Compacting FUObjectHashTables data took   2.99ms
[2026.04.01-19.41.41:513][877]LogAudio: Display: Creating Audio Device:                 Id: 39, Scope: Unique, Realtime: True
[2026.04.01-19.41.41:513][877]LogAudioMixer: Display: Audio Mixer Platform Settings:
[2026.04.01-19.41.41:513][877]LogAudioMixer: Display: 	Sample Rate:						  48000
[2026.04.01-19.41.41:513][877]LogAudioMixer: Display: 	Callback Buffer Frame Size Requested: 1024
[2026.04.01-19.41.41:513][877]LogAudioMixer: Display: 	Callback Buffer Frame Size To Use:	  1024
[2026.04.01-19.41.41:513][877]LogAudioMixer: Display: 	Number of buffers to queue:			  2
[2026.04.01-19.41.41:513][877]LogAudioMixer: Display: 	Max Channels (voices):				  32
[2026.04.01-19.41.41:513][877]LogAudioMixer: Display: 	Number of Async Source Workers:		  0
[2026.04.01-19.41.41:513][877]LogAudio: Display: AudioDevice MaxSources: 32
[2026.04.01-19.41.41:514][877]LogAudio: Display: Audio Spatialization Plugin: None (built-in).
[2026.04.01-19.41.41:514][877]LogAudio: Display: Audio Reverb Plugin: None (built-in).
[2026.04.01-19.41.41:514][877]LogAudio: Display: Audio Occlusion Plugin: None (built-in).
[2026.04.01-19.41.41:514][877]LogAudioMixer: Display: Initializing audio mixer.
[2026.04.01-19.41.41:519][877]LogAudioMixer: Display: 0: FrontLeft
[2026.04.01-19.41.41:519][877]LogAudioMixer: Display: 1: FrontRight
[2026.04.01-19.41.41:545][877]LogAudioMixer: Display: Using Audio Device Headphones (Realtek(R) Audio)
[2026.04.01-19.41.41:546][877]LogAudioMixer: Display: Initializing Sound Submixes...
[2026.04.01-19.41.41:546][877]LogAudioMixer: Display: Creating Master Submix 'MasterSubmixDefault'
[2026.04.01-19.41.41:546][877]LogAudioMixer: Display: Creating Master Submix 'MasterReverbSubmixDefault'
[2026.04.01-19.41.41:547][877]LogAudioMixer: Display: Creating Master Submix 'MasterEQSubmixDefault'
[2026.04.01-19.41.41:547][877]LogAudioMixer: FMixerPlatformXAudio2::StartAudioStream() called
[2026.04.01-19.41.41:547][877]LogAudioMixer: Display: Output buffers initialized: Frames=1024, Channels=2, Samples=2048
[2026.04.01-19.41.41:548][877]LogAudioMixer: Display: Starting AudioMixerPlatformInterface::RunInternal()
[2026.04.01-19.41.41:548][877]LogAudioMixer: Display: FMixerPlatformXAudio2::SubmitBuffer() called for the first time
[2026.04.01-19.41.41:548][877]LogInit: FAudioDevice initialized.
[2026.04.01-19.41.41:548][877]LogAudio: Display: Audio Device (ID: 39) registered with world 'MP_Lobby'.
[2026.04.01-19.41.41:605][877]LogSlate: Updating window title bar state: overlay mode, drag disabled, window buttons hidden, title bar hidden
[2026.04.01-19.41.41:605][877]LogLoad: Game class is 'FirstPersonGameMode_C'
[2026.04.01-19.41.41:608][877]LogWorld: Bringing World /Game/MAPS/UEDPIE_0_MP_Lobby.MP_Lobby up for play (max tick rate 0) at 2026.04.01-22.41.41
[2026.04.01-19.41.41:608][877]LogWorld: Bringing up level for play took: 0.001976
[2026.04.01-19.41.41:608][877]LogOnline: OSS: Creating online subsystem instance for: :Context_59
[2026.04.01-19.41.41:614][877]PIE: Server logged in
[2026.04.01-19.41.41:616][877]PIE: Play in editor total start time 0,152 seconds.
[2026.04.01-19.41.41:616][877]LogPlayLevel: Creating play world package: /Game/MAPS/UEDPIE_1_MP_Lobby
[2026.04.01-19.41.41:625][877]LogPlayLevel: PIE: StaticDuplicateObject took: (0.008532s)
[2026.04.01-19.41.41:626][877]LogAIModule: Creating AISystem for world MP_Lobby
[2026.04.01-19.41.41:626][877]LogPlayLevel: PIE: World Init took: (0.001802s)
[2026.04.01-19.41.41:627][877]LogPlayLevel: PIE: Created PIE world by copying editor world from /Game/MAPS/MP_Lobby.MP_Lobby to /Game/MAPS/UEDPIE_1_MP_Lobby.MP_Lobby (0.010466s)
[2026.04.01-19.41.41:671][877]LogUObjectHash: Compacting FUObjectHashTables data took   3.27ms
[2026.04.01-19.41.41:676][877]LogAudio: Display: Creating Audio Device:                 Id: 40, Scope: Unique, Realtime: True
[2026.04.01-19.41.41:676][877]LogAudioMixer: Display: Audio Mixer Platform Settings:
[2026.04.01-19.41.41:676][877]LogAudioMixer: Display: 	Sample Rate:						  48000
[2026.04.01-19.41.41:676][877]LogAudioMixer: Display: 	Callback Buffer Frame Size Requested: 1024
[2026.04.01-19.41.41:676][877]LogAudioMixer: Display: 	Callback Buffer Frame Size To Use:	  1024
[2026.04.01-19.41.41:676][877]LogAudioMixer: Display: 	Number of buffers to queue:			  2
[2026.04.01-19.41.41:676][877]LogAudioMixer: Display: 	Max Channels (voices):				  32
[2026.04.01-19.41.41:676][877]LogAudioMixer: Display: 	Number of Async Source Workers:		  0
[2026.04.01-19.41.41:676][877]LogAudio: Display: AudioDevice MaxSources: 32
[2026.04.01-19.41.41:676][877]LogAudio: Display: Audio Spatialization Plugin: None (built-in).
[2026.04.01-19.41.41:676][877]LogAudio: Display: Audio Reverb Plugin: None (built-in).
[2026.04.01-19.41.41:676][877]LogAudio: Display: Audio Occlusion Plugin: None (built-in).
[2026.04.01-19.41.41:676][877]LogAudioMixer: Display: Initializing audio mixer.
[2026.04.01-19.41.41:680][877]LogAudioMixer: Display: 0: FrontLeft
[2026.04.01-19.41.41:680][877]LogAudioMixer: Display: 1: FrontRight
[2026.04.01-19.41.41:688][877]LogAudioMixer: Display: Using Audio Device Headphones (Realtek(R) Audio)
[2026.04.01-19.41.41:690][877]LogAudioMixer: Display: Initializing Sound Submixes...
[2026.04.01-19.41.41:690][877]LogAudioMixer: Display: Creating Master Submix 'MasterSubmixDefault'
[2026.04.01-19.41.41:690][877]LogAudioMixer: Display: Creating Master Submix 'MasterReverbSubmixDefault'
[2026.04.01-19.41.41:691][877]LogAudioMixer: Display: Creating Master Submix 'MasterEQSubmixDefault'
[2026.04.01-19.41.41:691][877]LogAudioMixer: FMixerPlatformXAudio2::StartAudioStream() called
[2026.04.01-19.41.41:691][877]LogAudioMixer: Display: Output buffers initialized: Frames=1024, Channels=2, Samples=2048
[2026.04.01-19.41.41:693][877]LogAudioMixer: Display: Starting AudioMixerPlatformInterface::RunInternal()
[2026.04.01-19.41.41:693][877]LogAudioMixer: Display: FMixerPlatformXAudio2::SubmitBuffer() called for the first time
[2026.04.01-19.41.41:693][877]LogInit: FAudioDevice initialized.
[2026.04.01-19.41.41:693][877]LogAudio: Display: Audio Device (ID: 40) registered with world 'MP_Lobby'.
[2026.04.01-19.41.41:738][877]LogSlate: Updating window title bar state: overlay mode, drag disabled, window buttons hidden, title bar hidden
[2026.04.01-19.41.41:738][877]LogLoad: Game class is 'FirstPersonGameMode_C'
[2026.04.01-19.41.41:742][877]LogWorld: Bringing World /Game/MAPS/UEDPIE_1_MP_Lobby.MP_Lobby up for play (max tick rate 0) at 2026.04.01-22.41.41
[2026.04.01-19.41.41:742][877]LogWorld: Bringing up level for play took: 0.001567
[2026.04.01-19.41.41:742][877]LogOnline: OSS: Creating online subsystem instance for: :Context_60
[2026.04.01-19.41.41:748][877]PIE: Server logged in
[2026.04.01-19.41.41:750][877]PIE: Play in editor total start time 0,286 seconds.
[2026.04.01-19.41.53:832][137]LogSlate: Updating window title bar state: overlay mode, drag disabled, window buttons hidden, title bar hidden
[2026.04.01-19.41.53:832][137]LogWorld: BeginTearingDown for /Game/MAPS/UEDPIE_1_MP_Lobby
[2026.04.01-19.41.53:834][137]LogSlate: Window 'Playtime_Multiplayer Preview [NetMode: Standalone]  (64-bit/Windows) ' being destroyed
[2026.04.01-19.41.53:844][137]LogWorld: UWorld::CleanupWorld for MP_Lobby, bSessionEnded=true, bCleanupResources=true
[2026.04.01-19.41.53:844][137]LogSlate: InvalidateAllWidgets triggered.  All widgets were invalidated
[2026.04.01-19.41.53:858][137]LogWorld: BeginTearingDown for /Game/MAPS/UEDPIE_0_MP_Lobby
[2026.04.01-19.41.53:858][137]LogSlate: Updating window title bar state: overlay mode, drag disabled, window buttons hidden, title bar hidden
[2026.04.01-19.41.53:858][137]LogSlate: Window 'Playtime_Multiplayer Preview [NetMode: Standalone]  (64-bit/Windows) ' being destroyed
[2026.04.01-19.41.53:868][137]LogWorld: UWorld::CleanupWorld for MP_Lobby, bSessionEnded=true, bCleanupResources=true
[2026.04.01-19.41.53:868][137]LogSlate: InvalidateAllWidgets triggered.  All widgets were invalidated
[2026.04.01-19.41.53:876][137]LogPlayLevel: Display: Shutting down PIE online subsystems
[2026.04.01-19.41.53:910][137]LogSlate: InvalidateAllWidgets triggered.  All widgets were invalidated
[2026.04.01-19.41.53:994][137]LogAudio: Display: Audio Device unregistered from world 'None'.
[2026.04.01-19.41.53:994][137]LogAudioMixer: FMixerPlatformXAudio2::StopAudioStream() called
[2026.04.01-19.41.53:995][137]LogAudioMixer: FMixerPlatformXAudio2::StopAudioStream() called
[2026.04.01-19.41.54:001][137]LogAudioMixer: FMixerPlatformXAudio2::StopAudioStream() called
[2026.04.01-19.41.54:003][137]LogAudioMixer: FMixerPlatformXAudio2::StopAudioStream() called
[2026.04.01-19.41.54:013][137]LogUObjectHash: Compacting FUObjectHashTables data took   4.06ms
[2026.04.01-19.41.54:073][138]LogPlayLevel: Display: Destroying online subsystem :Context_60
[2026.04.01-19.41.54:073][138]LogPlayLevel: Display: Destroying online subsystem :Context_59
[2026.04.01-19.42.29:784][362]BlueprintLog: New page: Compile MP_Lobby
[2026.04.01-19.42.29:853][362]LogUObjectHash: Compacting FUObjectHashTables data took   2.74ms
[2026.04.01-19.42.30:475][396]LogTemp: Repeating last play command: New Editor Window (PIE)
[2026.04.01-19.42.30:482][396]LogPlayLevel: PlayLevel: No blueprints needed recompiling
[2026.04.01-19.42.30:482][396]PIE: New page: PIE session: MP_Lobby (2 апр. 2026 г., 01:42:30)
[2026.04.01-19.42.30:490][396]LogPlayLevel: Creating play world package: /Game/MAPS/UEDPIE_0_MP_Lobby
[2026.04.01-19.42.30:496][396]LogPlayLevel: PIE: StaticDuplicateObject took: (0.005702s)
[2026.04.01-19.42.30:496][396]LogAIModule: Creating AISystem for world MP_Lobby
[2026.04.01-19.42.30:497][396]LogPlayLevel: PIE: World Init took: (0.001129s)
[2026.04.01-19.42.30:497][396]LogPlayLevel: PIE: Created PIE world by copying editor world from /Game/MAPS/MP_Lobby.MP_Lobby to /Game/MAPS/UEDPIE_0_MP_Lobby.MP_Lobby (0.006996s)
[2026.04.01-19.42.30:537][396]LogUObjectHash: Compacting FUObjectHashTables data took   2.28ms
[2026.04.01-19.42.30:537][396]LogAudio: Display: Creating Audio Device:                 Id: 41, Scope: Unique, Realtime: True
[2026.04.01-19.42.30:537][396]LogAudioMixer: Display: Audio Mixer Platform Settings:
[2026.04.01-19.42.30:537][396]LogAudioMixer: Display: 	Sample Rate:						  48000
[2026.04.01-19.42.30:537][396]LogAudioMixer: Display: 	Callback Buffer Frame Size Requested: 1024
[2026.04.01-19.42.30:537][396]LogAudioMixer: Display: 	Callback Buffer Frame Size To Use:	  1024
[2026.04.01-19.42.30:537][396]LogAudioMixer: Display: 	Number of buffers to queue:			  2
[2026.04.01-19.42.30:537][396]LogAudioMixer: Display: 	Max Channels (voices):				  32
[2026.04.01-19.42.30:537][396]LogAudioMixer: Display: 	Number of Async Source Workers:		  0
[2026.04.01-19.42.30:537][396]LogAudio: Display: AudioDevice MaxSources: 32
[2026.04.01-19.42.30:538][396]LogAudio: Display: Audio Spatialization Plugin: None (built-in).
[2026.04.01-19.42.30:538][396]LogAudio: Display: Audio Reverb Plugin: None (built-in).
[2026.04.01-19.42.30:538][396]LogAudio: Display: Audio Occlusion Plugin: None (built-in).
[2026.04.01-19.42.30:538][396]LogAudioMixer: Display: Initializing audio mixer.
[2026.04.01-19.42.30:542][396]LogAudioMixer: Display: 0: FrontLeft
[2026.04.01-19.42.30:542][396]LogAudioMixer: Display: 1: FrontRight
[2026.04.01-19.42.30:568][396]LogAudioMixer: Display: Using Audio Device Headphones (Realtek(R) Audio)
[2026.04.01-19.42.30:568][396]LogAudioMixer: Display: Initializing Sound Submixes...
[2026.04.01-19.42.30:568][396]LogAudioMixer: Display: Creating Master Submix 'MasterSubmixDefault'
[2026.04.01-19.42.30:568][396]LogAudioMixer: Display: Creating Master Submix 'MasterReverbSubmixDefault'
[2026.04.01-19.42.30:569][396]LogAudioMixer: Display: Creating Master Submix 'MasterEQSubmixDefault'
[2026.04.01-19.42.30:569][396]LogAudioMixer: FMixerPlatformXAudio2::StartAudioStream() called
[2026.04.01-19.42.30:569][396]LogAudioMixer: Display: Output buffers initialized: Frames=1024, Channels=2, Samples=2048
[2026.04.01-19.42.30:570][396]LogAudioMixer: Display: Starting AudioMixerPlatformInterface::RunInternal()
[2026.04.01-19.42.30:570][396]LogAudioMixer: Display: FMixerPlatformXAudio2::SubmitBuffer() called for the first time
[2026.04.01-19.42.30:570][396]LogInit: FAudioDevice initialized.
[2026.04.01-19.42.30:570][396]LogAudio: Display: Audio Device (ID: 41) registered with world 'MP_Lobby'.
[2026.04.01-19.42.30:623][396]LogSlate: Updating window title bar state: overlay mode, drag disabled, window buttons hidden, title bar hidden
[2026.04.01-19.42.30:624][396]LogLoad: Game class is 'FirstPersonGameMode_C'
[2026.04.01-19.42.30:625][396]LogWorld: Bringing World /Game/MAPS/UEDPIE_0_MP_Lobby.MP_Lobby up for play (max tick rate 0) at 2026.04.01-22.42.30
[2026.04.01-19.42.30:626][396]LogWorld: Bringing up level for play took: 0.001490
[2026.04.01-19.42.30:626][396]LogOnline: OSS: Creating online subsystem instance for: :Context_61
[2026.04.01-19.42.30:633][396]PIE: Server logged in
[2026.04.01-19.42.30:634][396]PIE: Play in editor total start time 0,154 seconds.
[2026.04.01-19.42.30:634][396]LogPlayLevel: Creating play world package: /Game/MAPS/UEDPIE_1_MP_Lobby
[2026.04.01-19.42.30:642][396]LogPlayLevel: PIE: StaticDuplicateObject took: (0.006705s)
[2026.04.01-19.42.30:642][396]LogAIModule: Creating AISystem for world MP_Lobby
[2026.04.01-19.42.30:643][396]LogPlayLevel: PIE: World Init took: (0.001111s)
[2026.04.01-19.42.30:643][396]LogPlayLevel: PIE: Created PIE world by copying editor world from /Game/MAPS/MP_Lobby.MP_Lobby to /Game/MAPS/UEDPIE_1_MP_Lobby.MP_Lobby (0.007951s)
[2026.04.01-19.42.30:693][396]LogUObjectHash: Compacting FUObjectHashTables data took   2.19ms
[2026.04.01-19.42.30:694][396]LogAudio: Display: Creating Audio Device:                 Id: 42, Scope: Unique, Realtime: True
[2026.04.01-19.42.30:694][396]LogAudioMixer: Display: Audio Mixer Platform Settings:
[2026.04.01-19.42.30:694][396]LogAudioMixer: Display: 	Sample Rate:						  48000
[2026.04.01-19.42.30:694][396]LogAudioMixer: Display: 	Callback Buffer Frame Size Requested: 1024
[2026.04.01-19.42.30:694][396]LogAudioMixer: Display: 	Callback Buffer Frame Size To Use:	  1024
[2026.04.01-19.42.30:694][396]LogAudioMixer: Display: 	Number of buffers to queue:			  2
[2026.04.01-19.42.30:694][396]LogAudioMixer: Display: 	Max Channels (voices):				  32
[2026.04.01-19.42.30:694][396]LogAudioMixer: Display: 	Number of Async Source Workers:		  0
[2026.04.01-19.42.30:694][396]LogAudio: Display: AudioDevice MaxSources: 32
[2026.04.01-19.42.30:695][396]LogAudio: Display: Audio Spatialization Plugin: None (built-in).
[2026.04.01-19.42.30:695][396]LogAudio: Display: Audio Reverb Plugin: None (built-in).
[2026.04.01-19.42.30:695][396]LogAudio: Display: Audio Occlusion Plugin: None (built-in).
[2026.04.01-19.42.30:695][396]LogAudioMixer: Display: Initializing audio mixer.
[2026.04.01-19.42.30:698][396]LogAudioMixer: Display: 0: FrontLeft
[2026.04.01-19.42.30:698][396]LogAudioMixer: Display: 1: FrontRight
[2026.04.01-19.42.30:708][396]LogAudioMixer: Display: Using Audio Device Headphones (Realtek(R) Audio)
[2026.04.01-19.42.30:708][396]LogAudioMixer: Display: Initializing Sound Submixes...
[2026.04.01-19.42.30:708][396]LogAudioMixer: Display: Creating Master Submix 'MasterSubmixDefault'
[2026.04.01-19.42.30:708][396]LogAudioMixer: Display: Creating Master Submix 'MasterReverbSubmixDefault'
[2026.04.01-19.42.30:710][396]LogAudioMixer: Display: Creating Master Submix 'MasterEQSubmixDefault'
[2026.04.01-19.42.30:710][396]LogAudioMixer: FMixerPlatformXAudio2::StartAudioStream() called
[2026.04.01-19.42.30:710][396]LogAudioMixer: Display: Output buffers initialized: Frames=1024, Channels=2, Samples=2048
[2026.04.01-19.42.30:711][396]LogAudioMixer: Display: Starting AudioMixerPlatformInterface::RunInternal()
[2026.04.01-19.42.30:711][396]LogAudioMixer: Display: FMixerPlatformXAudio2::SubmitBuffer() called for the first time
[2026.04.01-19.42.30:711][396]LogInit: FAudioDevice initialized.
[2026.04.01-19.42.30:711][396]LogAudio: Display: Audio Device (ID: 42) registered with world 'MP_Lobby'.
[2026.04.01-19.42.30:756][396]LogSlate: Updating window title bar state: overlay mode, drag disabled, window buttons hidden, title bar hidden
[2026.04.01-19.42.30:757][396]LogLoad: Game class is 'FirstPersonGameMode_C'
[2026.04.01-19.42.30:760][396]LogWorld: Bringing World /Game/MAPS/UEDPIE_1_MP_Lobby.MP_Lobby up for play (max tick rate 0) at 2026.04.01-22.42.30
[2026.04.01-19.42.30:760][396]LogWorld: Bringing up level for play took: 0.002016
[2026.04.01-19.42.30:760][396]LogOnline: OSS: Creating online subsystem instance for: :Context_62
[2026.04.01-19.42.30:767][396]PIE: Server logged in
[2026.04.01-19.42.30:770][396]PIE: Play in editor total start time 0,289 seconds.
[2026.04.01-19.42.34:392][495]LogSlate: Updating window title bar state: overlay mode, drag disabled, window buttons hidden, title bar hidden
[2026.04.01-19.42.34:392][495]LogWorld: BeginTearingDown for /Game/MAPS/UEDPIE_1_MP_Lobby
[2026.04.01-19.42.34:393][495]LogSlate: Window 'Playtime_Multiplayer Preview [NetMode: Standalone]  (64-bit/Windows) ' being destroyed
[2026.04.01-19.42.34:414][495]LogWorld: UWorld::CleanupWorld for MP_Lobby, bSessionEnded=true, bCleanupResources=true
[2026.04.01-19.42.34:414][495]LogSlate: InvalidateAllWidgets triggered.  All widgets were invalidated
[2026.04.01-19.42.34:426][495]LogWorld: BeginTearingDown for /Game/MAPS/UEDPIE_0_MP_Lobby
[2026.04.01-19.42.34:426][495]LogSlate: Updating window title bar state: overlay mode, drag disabled, window buttons hidden, title bar hidden
[2026.04.01-19.42.34:426][495]LogSlate: Window 'Playtime_Multiplayer Preview [NetMode: Standalone]  (64-bit/Windows) ' being destroyed
[2026.04.01-19.42.34:434][495]LogWorld: UWorld::CleanupWorld for MP_Lobby, bSessionEnded=true, bCleanupResources=true
[2026.04.01-19.42.34:434][495]LogSlate: InvalidateAllWidgets triggered.  All widgets were invalidated
[2026.04.01-19.42.34:444][495]LogPlayLevel: Display: Shutting down PIE online subsystems
[2026.04.01-19.42.34:470][495]LogSlate: InvalidateAllWidgets triggered.  All widgets were invalidated
[2026.04.01-19.42.34:513][495]LogAudio: Display: Audio Device unregistered from world 'None'.
[2026.04.01-19.42.34:513][495]LogAudioMixer: FMixerPlatformXAudio2::StopAudioStream() called
[2026.04.01-19.42.34:514][495]LogAudioMixer: FMixerPlatformXAudio2::StopAudioStream() called
[2026.04.01-19.42.34:520][495]LogAudioMixer: FMixerPlatformXAudio2::StopAudioStream() called
[2026.04.01-19.42.34:521][495]LogAudioMixer: FMixerPlatformXAudio2::StopAudioStream() called
[2026.04.01-19.42.34:528][495]LogUObjectHash: Compacting FUObjectHashTables data took   2.35ms
[2026.04.01-19.42.34:565][496]LogPlayLevel: Display: Destroying online subsystem :Context_62
[2026.04.01-19.42.34:565][496]LogPlayLevel: Display: Destroying online subsystem :Context_61
[2026.04.01-19.43.00:372][618]LogUObjectHash: Compacting FUObjectHashTables data took   2.52ms
[2026.04.01-19.43.00:397][618]LogSavePackage: Moving '../../../../../../Users/User/Documents/Unreal Projects/Playtime_Multiplayer/Saved/MP_Lobby_Auto30F99A7634950975018B3D890BBA51618.tmp' to '../../../../../../Users/User/Documents/Unreal Projects/Playtime_Multiplayer/Saved/Autosaves/Game/MAPS/MP_Lobby_Auto3.umap'
[2026.04.01-19.43.00:398][618]LogFileHelpers: Editor autosave (incl. external actors) for '/Game/MAPS/MP_Lobby' took 0.074
[2026.04.01-19.43.00:398][618]LogFileHelpers: Editor autosave (incl. sublevels & external actors) for all levels took 0.074
[2026.04.01-19.43.00:398][618]OBJ SavePackage: Generating thumbnails for [0] asset(s) in package [/Game/MULTIPLAYER/multi] ([2] browsable assets)...
[2026.04.01-19.43.00:398][618]OBJ SavePackage: Finished generating thumbnails for package [/Game/MULTIPLAYER/multi]
[2026.04.01-19.43.00:403][618]LogSavePackage: Moving '../../../../../../Users/User/Documents/Unreal Projects/Playtime_Multiplayer/Saved/multi_Auto3E9255BCE4768AF856254C480044F976D.tmp' to '../../../../../../Users/User/Documents/Unreal Projects/Playtime_Multiplayer/Saved/Autosaves/Game/MULTIPLAYER/multi_Auto3.uasset'
[2026.04.01-19.43.00:404][618]LogFileHelpers: Auto-saving content packages took 0.005
[2026.04.01-19.43.09:157][860]BlueprintLog: New page: Compile MP_Lobby
[2026.04.01-19.43.09:225][860]LogUObjectHash: Compacting FUObjectHashTables data took   2.62ms
[2026.04.01-19.43.09:763][889]LogTemp: Repeating last play command: New Editor Window (PIE)
[2026.04.01-19.43.09:768][889]LogPlayLevel: PlayLevel: No blueprints needed recompiling
[2026.04.01-19.43.09:768][889]PIE: New page: PIE session: MP_Lobby (2 апр. 2026 г., 01:43:09)
[2026.04.01-19.43.09:771][889]LogPlayLevel: Creating play world package: /Game/MAPS/UEDPIE_0_MP_Lobby
[2026.04.01-19.43.09:778][889]LogPlayLevel: PIE: StaticDuplicateObject took: (0.006353s)
[2026.04.01-19.43.09:779][889]LogAIModule: Creating AISystem for world MP_Lobby
[2026.04.01-19.43.09:780][889]LogPlayLevel: PIE: World Init took: (0.001330s)
[2026.04.01-19.43.09:780][889]LogPlayLevel: PIE: Created PIE world by copying editor world from /Game/MAPS/MP_Lobby.MP_Lobby to /Game/MAPS/UEDPIE_0_MP_Lobby.MP_Lobby (0.007854s)
[2026.04.01-19.43.09:819][889]LogUObjectHash: Compacting FUObjectHashTables data took   2.14ms
[2026.04.01-19.43.09:820][889]LogAudio: Display: Creating Audio Device:                 Id: 43, Scope: Unique, Realtime: True
[2026.04.01-19.43.09:820][889]LogAudioMixer: Display: Audio Mixer Platform Settings:
[2026.04.01-19.43.09:820][889]LogAudioMixer: Display: 	Sample Rate:						  48000
[2026.04.01-19.43.09:820][889]LogAudioMixer: Display: 	Callback Buffer Frame Size Requested: 1024
[2026.04.01-19.43.09:820][889]LogAudioMixer: Display: 	Callback Buffer Frame Size To Use:	  1024
[2026.04.01-19.43.09:820][889]LogAudioMixer: Display: 	Number of buffers to queue:			  2
[2026.04.01-19.43.09:820][889]LogAudioMixer: Display: 	Max Channels (voices):				  32
[2026.04.01-19.43.09:820][889]LogAudioMixer: Display: 	Number of Async Source Workers:		  0
[2026.04.01-19.43.09:820][889]LogAudio: Display: AudioDevice MaxSources: 32
[2026.04.01-19.43.09:821][889]LogAudio: Display: Audio Spatialization Plugin: None (built-in).
[2026.04.01-19.43.09:821][889]LogAudio: Display: Audio Reverb Plugin: None (built-in).
[2026.04.01-19.43.09:821][889]LogAudio: Display: Audio Occlusion Plugin: None (built-in).
[2026.04.01-19.43.09:821][889]LogAudioMixer: Display: Initializing audio mixer.
[2026.04.01-19.43.09:824][889]LogAudioMixer: Display: 0: FrontLeft
[2026.04.01-19.43.09:824][889]LogAudioMixer: Display: 1: FrontRight
[2026.04.01-19.43.09:852][889]LogAudioMixer: Display: Using Audio Device Headphones (Realtek(R) Audio)
[2026.04.01-19.43.09:853][889]LogAudioMixer: Display: Initializing Sound Submixes...
[2026.04.01-19.43.09:853][889]LogAudioMixer: Display: Creating Master Submix 'MasterSubmixDefault'
[2026.04.01-19.43.09:853][889]LogAudioMixer: Display: Creating Master Submix 'MasterReverbSubmixDefault'
[2026.04.01-19.43.09:853][889]LogAudioMixer: Display: Creating Master Submix 'MasterEQSubmixDefault'
[2026.04.01-19.43.09:853][889]LogAudioMixer: FMixerPlatformXAudio2::StartAudioStream() called
[2026.04.01-19.43.09:853][889]LogAudioMixer: Display: Output buffers initialized: Frames=1024, Channels=2, Samples=2048
[2026.04.01-19.43.09:855][889]LogAudioMixer: Display: Starting AudioMixerPlatformInterface::RunInternal()
[2026.04.01-19.43.09:855][889]LogAudioMixer: Display: FMixerPlatformXAudio2::SubmitBuffer() called for the first time
[2026.04.01-19.43.09:855][889]LogInit: FAudioDevice initialized.
[2026.04.01-19.43.09:855][889]LogAudio: Display: Audio Device (ID: 43) registered with world 'MP_Lobby'.
[2026.04.01-19.43.09:911][889]LogSlate: Updating window title bar state: overlay mode, drag disabled, window buttons hidden, title bar hidden
[2026.04.01-19.43.09:911][889]LogLoad: Game class is 'FirstPersonGameMode_C'
[2026.04.01-19.43.09:915][889]LogWorld: Bringing World /Game/MAPS/UEDPIE_0_MP_Lobby.MP_Lobby up for play (max tick rate 0) at 2026.04.01-22.43.09
[2026.04.01-19.43.09:915][889]LogWorld: Bringing up level for play took: 0.002351
[2026.04.01-19.43.09:916][889]LogOnline: OSS: Creating online subsystem instance for: :Context_63
[2026.04.01-19.43.09:923][889]PIE: Server logged in
[2026.04.01-19.43.09:927][889]PIE: Play in editor total start time 0,159 seconds.
[2026.04.01-19.43.09:927][889]LogPlayLevel: Creating play world package: /Game/MAPS/UEDPIE_1_MP_Lobby
[2026.04.01-19.43.09:933][889]LogPlayLevel: PIE: StaticDuplicateObject took: (0.005586s)
[2026.04.01-19.43.09:934][889]LogAIModule: Creating AISystem for world MP_Lobby
[2026.04.01-19.43.09:934][889]LogPlayLevel: PIE: World Init took: (0.001067s)
[2026.04.01-19.43.09:934][889]LogPlayLevel: PIE: Created PIE world by copying editor world from /Game/MAPS/MP_Lobby.MP_Lobby to /Game/MAPS/UEDPIE_1_MP_Lobby.MP_Lobby (0.006778s)
[2026.04.01-19.43.09:978][889]LogUObjectHash: Compacting FUObjectHashTables data took   2.55ms
[2026.04.01-19.43.09:980][889]LogAudio: Display: Creating Audio Device:                 Id: 44, Scope: Unique, Realtime: True
[2026.04.01-19.43.09:980][889]LogAudioMixer: Display: Audio Mixer Platform Settings:
[2026.04.01-19.43.09:980][889]LogAudioMixer: Display: 	Sample Rate:						  48000
[2026.04.01-19.43.09:980][889]LogAudioMixer: Display: 	Callback Buffer Frame Size Requested: 1024
[2026.04.01-19.43.09:980][889]LogAudioMixer: Display: 	Callback Buffer Frame Size To Use:	  1024
[2026.04.01-19.43.09:980][889]LogAudioMixer: Display: 	Number of buffers to queue:			  2
[2026.04.01-19.43.09:980][889]LogAudioMixer: Display: 	Max Channels (voices):				  32
[2026.04.01-19.43.09:980][889]LogAudioMixer: Display: 	Number of Async Source Workers:		  0
[2026.04.01-19.43.09:980][889]LogAudio: Display: AudioDevice MaxSources: 32
[2026.04.01-19.43.09:981][889]LogAudio: Display: Audio Spatialization Plugin: None (built-in).
[2026.04.01-19.43.09:981][889]LogAudio: Display: Audio Reverb Plugin: None (built-in).
[2026.04.01-19.43.09:981][889]LogAudio: Display: Audio Occlusion Plugin: None (built-in).
[2026.04.01-19.43.09:981][889]LogAudioMixer: Display: Initializing audio mixer.
[2026.04.01-19.43.09:984][889]LogAudioMixer: Display: 0: FrontLeft
[2026.04.01-19.43.09:984][889]LogAudioMixer: Display: 1: FrontRight
[2026.04.01-19.43.09:994][889]LogAudioMixer: Display: Using Audio Device Headphones (Realtek(R) Audio)
[2026.04.01-19.43.09:995][889]LogAudioMixer: Display: Initializing Sound Submixes...
[2026.04.01-19.43.09:995][889]LogAudioMixer: Display: Creating Master Submix 'MasterSubmixDefault'
[2026.04.01-19.43.09:995][889]LogAudioMixer: Display: Creating Master Submix 'MasterReverbSubmixDefault'
[2026.04.01-19.43.09:995][889]LogAudioMixer: Display: Creating Master Submix 'MasterEQSubmixDefault'
[2026.04.01-19.43.09:995][889]LogAudioMixer: FMixerPlatformXAudio2::StartAudioStream() called
[2026.04.01-19.43.09:995][889]LogAudioMixer: Display: Output buffers initialized: Frames=1024, Channels=2, Samples=2048
[2026.04.01-19.43.09:996][889]LogAudioMixer: Display: Starting AudioMixerPlatformInterface::RunInternal()
[2026.04.01-19.43.09:996][889]LogAudioMixer: Display: FMixerPlatformXAudio2::SubmitBuffer() called for the first time
[2026.04.01-19.43.09:996][889]LogInit: FAudioDevice initialized.
[2026.04.01-19.43.09:996][889]LogAudio: Display: Audio Device (ID: 44) registered with world 'MP_Lobby'.
[2026.04.01-19.43.10:044][889]LogSlate: Updating window title bar state: overlay mode, drag disabled, window buttons hidden, title bar hidden
[2026.04.01-19.43.10:044][889]LogLoad: Game class is 'FirstPersonGameMode_C'
[2026.04.01-19.43.10:046][889]LogWorld: Bringing World /Game/MAPS/UEDPIE_1_MP_Lobby.MP_Lobby up for play (max tick rate 0) at 2026.04.01-22.43.10
[2026.04.01-19.43.10:046][889]LogWorld: Bringing up level for play took: 0.001929
[2026.04.01-19.43.10:047][889]LogOnline: OSS: Creating online subsystem instance for: :Context_64
[2026.04.01-19.43.10:053][889]PIE: Server logged in
[2026.04.01-19.43.10:056][889]PIE: Play in editor total start time 0,288 seconds.
[2026.04.01-19.43.15:292][ 44]LogSlate: Updating window title bar state: overlay mode, drag disabled, window buttons hidden, title bar hidden
[2026.04.01-19.43.15:292][ 44]LogWorld: BeginTearingDown for /Game/MAPS/UEDPIE_1_MP_Lobby
[2026.04.01-19.43.15:293][ 44]LogSlate: Window 'Playtime_Multiplayer Preview [NetMode: Standalone]  (64-bit/Windows) ' being destroyed
[2026.04.01-19.43.15:307][ 44]LogWorld: UWorld::CleanupWorld for MP_Lobby, bSessionEnded=true, bCleanupResources=true
[2026.04.01-19.43.15:308][ 44]LogSlate: InvalidateAllWidgets triggered.  All widgets were invalidated
[2026.04.01-19.43.15:328][ 44]LogWorld: BeginTearingDown for /Game/MAPS/UEDPIE_0_MP_Lobby
[2026.04.01-19.43.15:328][ 44]LogSlate: Updating window title bar state: overlay mode, drag disabled, window buttons hidden, title bar hidden
[2026.04.01-19.43.15:328][ 44]LogSlate: Window 'Playtime_Multiplayer Preview [NetMode: Standalone]  (64-bit/Windows) ' being destroyed
[2026.04.01-19.43.15:337][ 44]LogWorld: UWorld::CleanupWorld for MP_Lobby, bSessionEnded=true, bCleanupResources=true
[2026.04.01-19.43.15:338][ 44]LogSlate: InvalidateAllWidgets triggered.  All widgets were invalidated
[2026.04.01-19.43.15:348][ 44]LogPlayLevel: Display: Shutting down PIE online subsystems
[2026.04.01-19.43.15:372][ 44]LogSlate: InvalidateAllWidgets triggered.  All widgets were invalidated
[2026.04.01-19.43.15:421][ 44]LogAudio: Display: Audio Device unregistered from world 'None'.
[2026.04.01-19.43.15:421][ 44]LogAudioMixer: FMixerPlatformXAudio2::StopAudioStream() called
[2026.04.01-19.43.15:423][ 44]LogAudioMixer: FMixerPlatformXAudio2::StopAudioStream() called
[2026.04.01-19.43.15:427][ 44]LogAudioMixer: FMixerPlatformXAudio2::StopAudioStream() called
[2026.04.01-19.43.15:428][ 44]LogAudioMixer: FMixerPlatformXAudio2::StopAudioStream() called
[2026.04.01-19.43.15:434][ 44]LogUObjectHash: Compacting FUObjectHashTables data took   2.45ms
[2026.04.01-19.43.15:473][ 45]LogPlayLevel: Display: Destroying online subsystem :Context_64
[2026.04.01-19.43.15:473][ 45]LogPlayLevel: Display: Destroying online subsystem :Context_63
[2026.04.01-19.43.30:153][926]LogEditorTransaction: Undo Delete current selection
[2026.04.01-19.43.30:884][950]LogEditorTransaction: Undo Delete current selection
[2026.04.01-19.45.18:021][847]LogSlate: Window 'MP_Lobby' being destroyed
[2026.04.01-19.45.18:031][847]LogSlate: Window 'MP_Lobby' being destroyed
[2026.04.01-19.45.18:040][847]LogWorld: UWorld::CleanupWorld for World_16, bSessionEnded=true, bCleanupResources=true
[2026.04.01-19.45.18:040][847]LogSlate: InvalidateAllWidgets triggered.  All widgets were invalidated
[2026.04.01-19.45.18:415][847]LogWorld: UWorld::CleanupWorld for World_21, bSessionEnded=true, bCleanupResources=true
[2026.04.01-19.45.18:415][847]LogSlate: InvalidateAllWidgets triggered.  All widgets were invalidated
[2026.04.01-19.45.18:422][847]LogWorld: UWorld::CleanupWorld for World_20, bSessionEnded=true, bCleanupResources=true
[2026.04.01-19.45.18:422][847]LogSlate: InvalidateAllWidgets triggered.  All widgets were invalidated
[2026.04.01-19.45.18:551][847]LogWorld: UWorld::CleanupWorld for World_23, bSessionEnded=true, bCleanupResources=true
[2026.04.01-19.45.18:551][847]LogSlate: InvalidateAllWidgets triggered.  All widgets were invalidated
[2026.04.01-19.45.18:556][847]LogWorld: UWorld::CleanupWorld for World_22, bSessionEnded=true, bCleanupResources=true
[2026.04.01-19.45.18:557][847]LogSlate: InvalidateAllWidgets triggered.  All widgets were invalidated
[2026.04.01-19.45.18:642][847]LogWorld: UWorld::CleanupWorld for World_25, bSessionEnded=true, bCleanupResources=true
[2026.04.01-19.45.18:643][847]LogSlate: InvalidateAllWidgets triggered.  All widgets were invalidated
[2026.04.01-19.45.18:648][847]LogWorld: UWorld::CleanupWorld for World_24, bSessionEnded=true, bCleanupResources=true
[2026.04.01-19.45.18:648][847]LogSlate: InvalidateAllWidgets triggered.  All widgets were invalidated
[2026.04.01-19.45.18:738][847]LogWorld: UWorld::CleanupWorld for World_27, bSessionEnded=true, bCleanupResources=true
[2026.04.01-19.45.18:738][847]LogSlate: InvalidateAllWidgets triggered.  All widgets were invalidated
[2026.04.01-19.45.18:745][847]LogWorld: UWorld::CleanupWorld for World_26, bSessionEnded=true, bCleanupResources=true
[2026.04.01-19.45.18:745][847]LogSlate: InvalidateAllWidgets triggered.  All widgets were invalidated
[2026.04.01-19.45.18:828][847]LogWorld: UWorld::CleanupWorld for World_28, bSessionEnded=true, bCleanupResources=true
[2026.04.01-19.45.18:828][847]LogSlate: InvalidateAllWidgets triggered.  All widgets were invalidated
[2026.04.01-19.45.19:327][877]LogUObjectHash: Compacting FUObjectHashTables data took   3.90ms
[2026.04.01-19.45.20:189][877]LogSlate: Window 'Save Content' being destroyed
[2026.04.01-19.45.20:262][877]LogSavePackage: Moving '../../../../../../Users/User/Documents/Unreal Projects/Playtime_Multiplayer/Saved/FirstPersonCharacterDE5ED318462871761ACE87AC5F4438FF.tmp' to '../../../../../../Users/User/Documents/Unreal Projects/Playtime_Multiplayer/Content/FirstPerson/FirstPersonBP/Blueprints/FirstPersonCharacter.uasset'
[2026.04.01-19.45.20:307][877]LogUObjectHash: Compacting FUObjectHashTables data took   2.18ms
[2026.04.01-19.45.20:328][877]LogSavePackage: Moving '../../../../../../Users/User/Documents/Unreal Projects/Playtime_Multiplayer/Saved/MP_Lobby8558A11D48A72FFDD1F2B690D77A8812.tmp' to '../../../../../../Users/User/Documents/Unreal Projects/Playtime_Multiplayer/Content/MAPS/MP_Lobby.umap'
[2026.04.01-19.45.20:383][877]LogFileHelpers: Saving map 'MP_Lobby' took 0.113
[2026.04.01-19.45.20:384][877]Cmd: OBJ SAVEPACKAGE PACKAGE="/Game/MULTIPLAYER/multi" FILE="../../../../../../Users/User/Documents/Unreal Projects/Playtime_Multiplayer/Content/MULTIPLAYER/multi.uasset" SILENT=true
[2026.04.01-19.45.20:388][877]LogSavePackage: Moving '../../../../../../Users/User/Documents/Unreal Projects/Playtime_Multiplayer/Saved/multi62C4C256428C4D263314E598B9B068FF.tmp' to '../../../../../../Users/User/Documents/Unreal Projects/Playtime_Multiplayer/Content/MULTIPLAYER/multi.uasset'
[2026.04.01-19.45.20:390][877]Cmd: OBJ SAVEPACKAGE PACKAGE="/Game/Widgets/NewWidgetBlueprint" FILE="../../../../../../Users/User/Documents/Unreal Projects/Playtime_Multiplayer/Content/Widgets/NewWidgetBlueprint.uasset" SILENT=true
[2026.04.01-19.45.20:397][877]LogSavePackage: Moving '../../../../../../Users/User/Documents/Unreal Projects/Playtime_Multiplayer/Saved/NewWidgetBlueprint9FC9E1684684D043C1754B80B8B855C4.tmp' to '../../../../../../Users/User/Documents/Unreal Projects/Playtime_Multiplayer/Content/Widgets/NewWidgetBlueprint.uasset'
[2026.04.01-19.45.20:435][877]AssetCheck: New page: Asset Save: multiple assets
[2026.04.01-19.45.20:435][877]LogContentValidation: Display: Validating Blueprint /Game/FirstPerson/FirstPersonBP/Blueprints/FirstPersonCharacter.FirstPersonCharacter
[2026.04.01-19.45.20:435][877]LogContentValidation: Display: Validating WidgetBlueprint /Game/Widgets/NewWidgetBlueprint.NewWidgetBlueprint
[2026.04.01-19.45.20:436][877]LogContentValidation: Display: Validating Blueprint /Game/MULTIPLAYER/multi.multi
[2026.04.01-19.45.20:436][877]LogContentValidation: Display: Validating World /Game/MAPS/MP_Lobby.MP_Lobby
[2026.04.01-19.45.23:631][135]Cmd: CLOSE_SLATE_MAINFRAME
[2026.04.01-19.45.23:671][135]LogUObjectHash: Compacting FUObjectHashTables data took   3.59ms
[2026.04.01-19.45.23:700][135]LogSlate: Window 'Playtime_Multiplayer - Unreal Editor' being destroyed
[2026.04.01-19.45.24:120][136]Cmd: QUIT_EDITOR
[2026.04.01-19.45.24:120][136]LogCore: Engine exit requested (reason: UUnrealEdEngine::CloseEditor())
[2026.04.01-19.45.24:130][136]LogCore: Engine exit requested (reason: EngineExit() was called; note: exit was already requested)
[2026.04.01-19.45.24:596][136]LogAudio: Display: Beginning Audio Device Manager Shutdown (Module: AudioMixerXAudio2)...
[2026.04.01-19.45.24:597][136]LogAudio: Display: Destroying 1 Remaining Audio Device(s)...
[2026.04.01-19.45.24:597][136]LogAudio: Display: Audio Device unregistered from world 'MP_Lobby'.
[2026.04.01-19.45.24:597][136]LogAudioMixer: FMixerPlatformXAudio2::StopAudioStream() called
[2026.04.01-19.45.24:602][136]LogAudioMixer: FMixerPlatformXAudio2::StopAudioStream() called
[2026.04.01-19.45.24:683][136]LogAudio: Display: Audio Device Manager Shutdown
[2026.04.01-19.45.24:685][136]LogWindowsTextInputMethodSystem: Display: IME system deactivated.
[2026.04.01-19.45.24:713][136]LogExit: Preparing to exit.
[2026.04.01-19.45.24:844][136]LogUObjectHash: Compacting FUObjectHashTables data took   2.61ms
[2026.04.01-19.45.25:559][136]LogWorld: UWorld::CleanupWorld for World_19, bSessionEnded=true, bCleanupResources=true
[2026.04.01-19.45.25:560][136]LogWorld: UWorld::CleanupWorld for World_15, bSessionEnded=true, bCleanupResources=true
[2026.04.01-19.45.25:560][136]LogWorld: UWorld::CleanupWorld for World_18, bSessionEnded=true, bCleanupResources=true
[2026.04.01-19.45.25:772][136]LogDemo: Cleaned up 0 splitscreen connections with owner deletion
[2026.04.01-19.45.25:957][136]LogExit: Editor shut down
[2026.04.01-19.45.25:970][136]LogExit: Transaction tracking system shut down
