Log file open, 04/26/26 20:43:56
LogWindows: Failed to load 'aqProf.dll' (GetLastError=126)
LogWindows: File 'aqProf.dll' does not exist
LogWindows: Failed to load 'VtuneApi.dll' (GetLastError=126)
LogWindows: File 'VtuneApi.dll' does not exist
LogWindows: Failed to load 'VtuneApi32e.dll' (GetLastError=126)
LogWindows: File 'VtuneApi32e.dll' does not exist
LogConsoleResponse: Display: Failed to find resolution value strings in scalability ini. Falling back to default.
LogConsoleResponse: Display: Failed to find resolution value strings in scalability ini. Falling back to default.
LogInit: Display: Running engine for game: Playtime_Multiplayer
LogPlatformFile: Not using cached read wrapper
LogTaskGraph: Started task graph with 5 named threads and 11 total threads with 3 sets of task threads.
LogStats: Stats thread started at 3.569087
LogICUInternationalization: ICU TimeZone Detection - Raw Offset: +2:00, Platform Override: ''
LogInit: Display: Loading text-based GConfig....
LogPluginManager: Mounting plugin MeshPainting
LogPluginManager: Mounting plugin XGEController
LogPluginManager: Mounting plugin Paper2D
LogPluginManager: Mounting plugin LightPropagationVolume
LogPluginManager: Mounting plugin GameplayCameras
LogPluginManager: Mounting plugin CameraShakePreviewer
LogPluginManager: Mounting plugin LiveLink
LogPluginManager: Mounting plugin OodleData
LogPluginManager: Mounting plugin OodleNetwork
LogPluginManager: Mounting plugin AssetManagerEditor
LogPluginManager: Mounting plugin DataValidation
LogPluginManager: Mounting plugin CurveEditorTools
LogPluginManager: Mounting plugin FacialAnimation
LogPluginManager: Mounting plugin GameplayTagsEditor
LogPluginManager: Mounting plugin GeometryMode
LogPluginManager: Mounting plugin MacGraphicsSwitching
LogPluginManager: Mounting plugin CryptoKeys
LogPluginManager: Mounting plugin MobileLauncherProfileWizard
LogPluginManager: Mounting plugin MaterialAnalyzer
LogPluginManager: Mounting plugin SpeedTreeImporter
LogPluginManager: Mounting plugin PluginBrowser
LogPluginManager: Mounting plugin AISupport
LogPluginManager: Mounting plugin EnvironmentQueryEditor
LogPluginManager: Mounting plugin AnimationSharing
LogPluginManager: Mounting plugin CodeLiteSourceCodeAccess
LogPluginManager: Mounting plugin CLionSourceCodeAccess
LogPluginManager: Mounting plugin GitSourceControl
LogPluginManager: Mounting plugin KDevelopSourceCodeAccess
LogPluginManager: Mounting plugin NullSourceCodeAccess
LogPluginManager: Mounting plugin PerforceSourceControl
LogPluginManager: Mounting plugin PixWinPlugin
LogPluginManager: Mounting plugin PlasticSourceControl
LogPluginManager: Mounting plugin PluginUtils
LogPluginManager: Mounting plugin RiderSourceCodeAccess
LogPluginManager: Mounting plugin SubversionSourceControl
LogPluginManager: Mounting plugin PropertyAccessNode
LogPluginManager: Mounting plugin TextureFormatOodle
LogPluginManager: Mounting plugin VisualStudioCodeSourceCodeAccess
LogPluginManager: Mounting plugin UObjectPlugin
LogPluginManager: Mounting plugin VisualStudioSourceCodeAccess
LogPluginManager: Mounting plugin XCodeSourceCodeAccess
LogPluginManager: Mounting plugin AlembicImporter
LogPluginManager: Mounting plugin AutomationUtils
LogPluginManager: Mounting plugin BackChannel
LogPluginManager: Mounting plugin DatasmithContent
LogPluginManager: Mounting plugin VariantManagerContent
LogPluginManager: Mounting plugin ChaosCloth
LogPluginManager: Mounting plugin ChaosEditor
LogPluginManager: Mounting plugin ChaosClothEditor
LogPluginManager: Mounting plugin ChaosNiagara
LogPluginManager: Mounting plugin CharacterAI
LogPluginManager: Mounting plugin ChaosSolverPlugin
LogPluginManager: Mounting plugin GeometryCache
LogPluginManager: Mounting plugin GeometryCollectionPlugin
LogPluginManager: Mounting plugin GeometryProcessing
LogPluginManager: Mounting plugin MotoSynth
LogPluginManager: Mounting plugin OpenImageDenoise
LogPluginManager: Mounting plugin PlatformCrypto
LogPluginManager: Mounting plugin ProxyLODPlugin
LogPluginManager: Mounting plugin PlanarCut
LogPluginManager: Mounting plugin Niagara
LogPluginManager: Mounting plugin PythonScriptPlugin
LogPluginManager: Mounting plugin SkeletalReduction
LogPluginManager: Mounting plugin LuminPlatformFeatures
LogPluginManager: Mounting plugin MagicLeap
LogPluginManager: Mounting plugin MagicLeapLightEstimation
LogPluginManager: Mounting plugin MagicLeapMedia
LogPluginManager: Mounting plugin MagicLeapPassableWorld
LogPluginManager: Mounting plugin MLSDK
LogPluginManager: Mounting plugin AndroidMedia
LogPluginManager: Mounting plugin AvfMedia
LogPluginManager: Mounting plugin ImgMedia
LogPluginManager: Mounting plugin MediaCompositing
LogPluginManager: Mounting plugin MediaPlayerEditor
LogPluginManager: Mounting plugin WebMMedia
LogPluginManager: Mounting plugin WmfMedia
LogPluginManager: Mounting plugin TcpMessaging
LogPluginManager: Mounting plugin UdpMessaging
LogPluginManager: Mounting plugin ActorSequence
LogPluginManager: Mounting plugin LevelSequenceEditor
LogPluginManager: Mounting plugin MatineeToLevelSequence
LogPluginManager: Mounting plugin TemplateSequence
LogPluginManager: Mounting plugin OnlineSubsystem
LogPluginManager: Mounting plugin OnlineSubsystemSteam
LogPluginManager: Mounting plugin OnlineSubsystemNull
LogPluginManager: Mounting plugin OnlineSubsystemUtils
LogPluginManager: Mounting plugin LauncherChunkInstaller
LogPluginManager: Mounting plugin ActorLayerUtilities
LogPluginManager: Mounting plugin AndroidMoviePlayer
LogPluginManager: Mounting plugin AndroidDeviceProfileSelector
LogPluginManager: Mounting plugin AndroidPermission
LogPluginManager: Mounting plugin AppleMoviePlayer
LogPluginManager: Mounting plugin AppleImageUtils
LogPluginManager: Mounting plugin AssetTags
LogPluginManager: Mounting plugin ArchVisCharacter
LogPluginManager: Mounting plugin AudioCapture
LogPluginManager: Mounting plugin CableComponent
LogPluginManager: Mounting plugin CustomMeshComponent
LogPluginManager: Mounting plugin AudioSynesthesia
LogPluginManager: Mounting plugin ChunkDownloader
LogPluginManager: Mounting plugin EditableMesh
LogPluginManager: Mounting plugin ExampleDeviceProfileSelector
LogPluginManager: Mounting plugin GoogleCloudMessaging
LogPluginManager: Mounting plugin GooglePAD
LogPluginManager: Mounting plugin IOSDeviceProfileSelector
LogPluginManager: Mounting plugin LinuxDeviceProfileSelector
LogPluginManager: Mounting plugin LocationServicesBPLibrary
LogPluginManager: Mounting plugin MobilePatchingUtils
LogPluginManager: Mounting plugin OpenXR
LogPluginManager: Mounting plugin OpenXRHandTracking
LogPluginManager: Mounting plugin OpenXREyeTracker
LogPluginManager: Mounting plugin PhysXVehicles
LogPluginManager: Mounting plugin PostSplashScreen
LogPluginManager: Mounting plugin ProceduralMeshComponent
LogPluginManager: Mounting plugin PropertyAccessEditor
LogPluginManager: Mounting plugin RuntimePhysXCooking
LogPluginManager: Mounting plugin SoundFields
LogPluginManager: Mounting plugin SignificanceManager
LogPluginManager: Mounting plugin Synthesis
LogPluginManager: Mounting plugin WebMMoviePlayer
LogPluginManager: Mounting plugin WindowsMoviePlayer
LogPluginManager: Mounting plugin Takes
LogPluginManager: Mounting plugin ScreenshotTools
LogPluginManager: Mounting plugin ContentBrowserAssetDataSource
LogPluginManager: Mounting plugin ContentBrowserClassDataSource
LogPluginManager: Mounting plugin ContentBrowserFileDataSource
LogPluginManager: Mounting plugin OnlineSubsystemGooglePlay
LogPluginManager: Mounting plugin OnlineSubsystemIOS
LogPluginManager: Mounting plugin OculusVR
LogPluginManager: Mounting plugin SteamShared
LogPluginManager: Mounting plugin SteamVR
LogPluginManager: Mounting plugin AdvancedSessions
LogPluginManager: Mounting plugin VaRest
LogPluginManager: Mounting plugin AdvancedSteamSessions
PixWinPlugin: PIX capture plugin failed to initialize! Check that the process is launched from PIX.
LogInit: Using libcurl 7.55.1-DEV
LogInit:  - built for x86_64-pc-win32
LogInit:  - supports SSL with OpenSSL/1.1.1
LogInit:  - supports HTTP deflate (compression) using libz 1.2.8
LogInit:  - other features:
LogInit:      CURL_VERSION_SSL
LogInit:      CURL_VERSION_LIBZ
LogInit:      CURL_VERSION_IPV6
LogInit:      CURL_VERSION_ASYNCHDNS
LogInit:      CURL_VERSION_LARGEFILE
LogInit:      CURL_VERSION_IDN
LogInit:  CurlRequestOptions (configurable via config and command line):
LogInit:  - bVerifyPeer = true  - Libcurl will verify peer certificate
LogInit:  - bUseHttpProxy = false  - Libcurl will NOT use HTTP proxy
LogInit:  - bDontReuseConnections = false  - Libcurl will reuse connections
LogInit:  - MaxHostConnections = 16  - Libcurl will limit the number of connections to a host
LogInit:  - LocalHostAddr = Default
LogInit:  - BufferSize = 65536
LogSteamShared: Display: Loading Steam SDK 1.51
LogSteamShared: Steam SDK Loaded!
LogOnline: OSS: Creating online subsystem instance for: Steam
LogOnline: STEAM: Steam User is subscribed 1
LogOnline: STEAM: [AppId: 1961460] Client API initialized 1
LogOnline: STEAM: [AppId: 1961460] Game Server API initialized 1
LogOnline: STEAM: Initializing SteamNetworking Layer
LogOnline: STEAM: Missing P2PCleanupTimeout key in OnlineSubsystemSteam of DefaultEngine.ini, using default
LogInit: WinSock: version 1.1 (2.2), MaxSocks=32767, MaxUdp=65467
LogOnline: OSS: TryLoadSubsystemAndSetDefault: Loaded subsystem for module [Steam]
LogOculusPluginWrapper: OculusPlugin initialized successfully
LogHMD: Failed initializing OVRPlugin 1.59.0
LogInit: Build: ++UE4+Release-4.27-CL-18319896
LogInit: Engine Version: 4.27.2-18319896+++UE4+Release-4.27
LogInit: Compatible Engine Version: 4.27.0-17155196+++UE4+Release-4.27
LogInit: Net CL: 17155196
LogInit: OS: Windows 10 (Release 2009) (), CPU: AMD Ryzen 3 3250U with Radeon Graphics         , GPU: AMD Radeon(TM) Graphics
LogInit: Compiled (64-bit): Nov 30 2021 07:12:08
LogInit: Compiled with Visual C++: 19.24.28315.00
LogInit: Build Configuration: Development
LogInit: Branch Name: ++UE4+Release-4.27
LogInit: Command Line:  /Game/Map/Main_Menu -game -PIEVIACONSOLE -Multiprocess GameUserSettingsINI=C:/LastStep/PROJECT-LAST-STEP/Playtime_Multiplayer/Saved/Config/Windows/PIEGameUserSettings0.ini -MultiprocessSaveConfig -forcepassthrough -messaging -SessionName="Play in Standalone Game" -windowed -WinX=320 -WinY=180 SAVEWINPOS=1 -ResX=1378 -ResY=986
LogInit: Base Directory: C:/Program Files/Epic Games/UE_4.27/Engine/Binaries/Win64/
LogInit: Allocator: TBB
LogInit: Installed Engine Build: 1
LogDevObjectVersion: Number of dev versions registered: 29
LogDevObjectVersion:   Dev-Blueprints (B0D832E4-1F89-4F0D-ACCF-7EB736FD4AA2): 10
LogDevObjectVersion:   Dev-Build (E1C64328-A22C-4D53-A36C-8E866417BD8C): 0
LogDevObjectVersion:   Dev-Core (375EC13C-06E4-48FB-B500-84F0262A717E): 4
LogDevObjectVersion:   Dev-Editor (E4B068ED-F494-42E9-A231-DA0B2E46BB41): 40
LogDevObjectVersion:   Dev-Framework (CFFC743F-43B0-4480-9391-14DF171D2073): 37
LogDevObjectVersion:   Dev-Mobile (B02B49B5-BB20-44E9-A304-32B752E40360): 3
LogDevObjectVersion:   Dev-Networking (A4E4105C-59A1-49B5-A7C5-40C4547EDFEE): 0
LogDevObjectVersion:   Dev-Online (39C831C9-5AE6-47DC-9A44-9C173E1C8E7C): 0
LogDevObjectVersion:   Dev-Physics (78F01B33-EBEA-4F98-B9B4-84EACCB95AA2): 14
LogDevObjectVersion:   Dev-Platform (6631380F-2D4D-43E0-8009-CF276956A95A): 0
LogDevObjectVersion:   Dev-Rendering (12F88B9F-8875-4AFC-A67C-D90C383ABD29): 45
LogDevObjectVersion:   Dev-Sequencer (7B5AE74C-D270-4C10-A958-57980B212A5A): 13
LogDevObjectVersion:   Dev-VR (D7296918-1DD6-4BDD-9DE2-64A83CC13884): 3
LogDevObjectVersion:   Dev-LoadTimes (C2A15278-BFE7-4AFE-6C17-90FF531DF755): 1
LogDevObjectVersion:   Private-Geometry (6EACA3D4-40EC-4CC1-B786-8BED09428FC5): 3
LogDevObjectVersion:   Dev-AnimPhys (29E575DD-E0A3-4627-9D10-D276232CDCEA): 17
LogDevObjectVersion:   Dev-Anim (AF43A65D-7FD3-4947-9873-3E8ED9C1BB05): 15
LogDevObjectVersion:   Dev-ReflectionCapture (6B266CEC-1EC7-4B8F-A30B-E4D90942FC07): 1
LogDevObjectVersion:   Dev-Automation (0DF73D61-A23F-47EA-B727-89E90C41499A): 1
LogDevObjectVersion:   FortniteMain (601D1886-AC64-4F84-AA16-D3DE0DEAC7D6): 47
LogDevObjectVersion:   FortniteRelease (E7086368-6B23-4C58-8439-1B7016265E91): 1
LogDevObjectVersion:   Dev-Enterprise (9DFFBCD6-494F-0158-E221-12823C92A888): 10
LogDevObjectVersion:   Dev-Niagara (F2AED0AC-9AFE-416F-8664-AA7FFA26D6FC): 1
LogDevObjectVersion:   Dev-Destruction (174F1F0B-B4C6-45A5-B13F-2EE8D0FB917D): 10
LogDevObjectVersion:   Dev-Physics-Ext (35F94A83-E258-406C-A318-09F59610247C): 41
LogDevObjectVersion:   Dev-PhysicsMaterial-Chaos (B68FC16E-8B1B-42E2-B453-215C058844FE): 1
LogDevObjectVersion:   Dev-CineCamera (B2E18506-4273-CFC2-A54E-F4BB758BBA07): 1
LogDevObjectVersion:   Dev-VirtualProduction (64F58936-FD1B-42BA-BA96-7289D5D0FA4E): 1
LogDevObjectVersion:   Dev-MediaFramework (6F0ED827-A609-4895-9C91-998D90180EA4): 2
LogLinker: AddRedirectList(C:/LastStep/PROJECT-LAST-STEP/Playtime_Multiplayer/Saved/Config/Windows/VaRest.ini) has substring redirect /VaRestPlugin/, these are very slow and should be resolved as soon as possible!
LogInit: Presizing for max 25165824 objects, including 0 objects not considered by GC, pre-allocating 0 bytes for permanent pool.
LogConfig: Applying CVar settings from Section [/Script/Engine.StreamingSettings] File [C:/LastStep/PROJECT-LAST-STEP/Playtime_Multiplayer/Saved/Config/Windows/Engine.ini]
LogConfig: Setting CVar [[s.MinBulkDataSizeForAsyncLoading:131072]]
LogConfig: Setting CVar [[s.AsyncLoadingThreadEnabled:0]]
LogConfig: Setting CVar [[s.EventDrivenLoaderEnabled:1]]
LogConfig: Setting CVar [[s.WarnIfTimeLimitExceeded:0]]
LogConfig: Setting CVar [[s.TimeLimitExceededMultiplier:1.5]]
LogConfig: Setting CVar [[s.TimeLimitExceededMinTime:0.005]]
LogConfig: Setting CVar [[s.UseBackgroundLevelStreaming:1]]
LogConfig: Setting CVar [[s.PriorityAsyncLoadingExtraTime:15.0]]
LogConfig: Setting CVar [[s.LevelStreamingActorsUpdateTimeLimit:5.0]]
LogConfig: Setting CVar [[s.PriorityLevelStreamingActorsUpdateExtraTime:5.0]]
LogConfig: Setting CVar [[s.LevelStreamingComponentsRegistrationGranularity:10]]
LogConfig: Setting CVar [[s.UnregisterComponentsTimeLimit:1.0]]
LogConfig: Setting CVar [[s.LevelStreamingComponentsUnregistrationGranularity:5]]
LogConfig: Setting CVar [[s.FlushStreamingOnExit:1]]
LogInit: Object subsystem initialized
LogConfig: Setting CVar [[con.DebugEarlyDefault:1]]
LogConfig: Setting CVar [[r.setres:1280x720]]
[2026.04.26-18.44.02:929][  0]LogConfig: Setting CVar [[con.DebugEarlyDefault:1]]
[2026.04.26-18.44.02:929][  0]LogConfig: Setting CVar [[r.setres:1280x720]]
[2026.04.26-18.44.02:929][  0]LogConfig: Applying CVar settings from Section [/Script/Engine.RendererSettings] File [C:/LastStep/PROJECT-LAST-STEP/Playtime_Multiplayer/Saved/Config/Windows/Engine.ini]
[2026.04.26-18.44.02:929][  0]LogConfig: Setting CVar [[r.GPUCrashDebugging:0]]
[2026.04.26-18.44.02:929][  0]LogConfig: Applying CVar settings from Section [/Script/Engine.RendererOverrideSettings] File [C:/LastStep/PROJECT-LAST-STEP/Playtime_Multiplayer/Saved/Config/Windows/Engine.ini]
[2026.04.26-18.44.02:930][  0]LogConfig: Applying CVar settings from Section [/Script/Engine.StreamingSettings] File [C:/LastStep/PROJECT-LAST-STEP/Playtime_Multiplayer/Saved/Config/Windows/Engine.ini]
[2026.04.26-18.44.02:931][  0]LogConfig: Setting CVar [[s.MinBulkDataSizeForAsyncLoading:131072]]
[2026.04.26-18.44.02:931][  0]LogConfig: Setting CVar [[s.AsyncLoadingThreadEnabled:0]]
[2026.04.26-18.44.02:931][  0]LogConfig: Setting CVar [[s.EventDrivenLoaderEnabled:1]]
[2026.04.26-18.44.02:932][  0]LogConfig: Setting CVar [[s.WarnIfTimeLimitExceeded:0]]
[2026.04.26-18.44.02:932][  0]LogConfig: Setting CVar [[s.TimeLimitExceededMultiplier:1.5]]
[2026.04.26-18.44.02:932][  0]LogConfig: Setting CVar [[s.TimeLimitExceededMinTime:0.005]]
[2026.04.26-18.44.02:932][  0]LogConfig: Setting CVar [[s.UseBackgroundLevelStreaming:1]]
[2026.04.26-18.44.02:932][  0]LogConfig: Setting CVar [[s.PriorityAsyncLoadingExtraTime:15.0]]
[2026.04.26-18.44.02:932][  0]LogConfig: Setting CVar [[s.LevelStreamingActorsUpdateTimeLimit:5.0]]
[2026.04.26-18.44.02:932][  0]LogConfig: Setting CVar [[s.PriorityLevelStreamingActorsUpdateExtraTime:5.0]]
[2026.04.26-18.44.02:932][  0]LogConfig: Setting CVar [[s.LevelStreamingComponentsRegistrationGranularity:10]]
[2026.04.26-18.44.02:932][  0]LogConfig: Setting CVar [[s.UnregisterComponentsTimeLimit:1.0]]
[2026.04.26-18.44.02:932][  0]LogConfig: Setting CVar [[s.LevelStreamingComponentsUnregistrationGranularity:5]]
[2026.04.26-18.44.02:932][  0]LogConfig: Setting CVar [[s.FlushStreamingOnExit:1]]
[2026.04.26-18.44.02:932][  0]LogConfig: Applying CVar settings from Section [/Script/Engine.GarbageCollectionSettings] File [C:/LastStep/PROJECT-LAST-STEP/Playtime_Multiplayer/Saved/Config/Windows/Engine.ini]
[2026.04.26-18.44.02:932][  0]LogConfig: Setting CVar [[gc.MaxObjectsNotConsideredByGC:1]]
[2026.04.26-18.44.02:932][  0]LogConfig: Setting CVar [[gc.SizeOfPermanentObjectPool:0]]
[2026.04.26-18.44.02:932][  0]LogConfig: Setting CVar [[gc.FlushStreamingOnGC:0]]
[2026.04.26-18.44.02:932][  0]LogConfig: Setting CVar [[gc.NumRetriesBeforeForcingGC:10]]
[2026.04.26-18.44.02:932][  0]LogConfig: Setting CVar [[gc.AllowParallelGC:1]]
[2026.04.26-18.44.02:932][  0]LogConfig: Setting CVar [[gc.TimeBetweenPurgingPendingKillObjects:61.1]]
[2026.04.26-18.44.02:932][  0]LogConfig: Setting CVar [[gc.MaxObjectsInEditor:25165824]]
[2026.04.26-18.44.02:932][  0]LogConfig: Setting CVar [[gc.IncrementalBeginDestroyEnabled:1]]
[2026.04.26-18.44.02:932][  0]LogConfig: Setting CVar [[gc.CreateGCClusters:1]]
[2026.04.26-18.44.02:932][  0]LogConfig: Setting CVar [[gc.MinGCClusterSize:5]]
[2026.04.26-18.44.02:932][  0]LogConfig: Setting CVar [[gc.ActorClusteringEnabled:0]]
[2026.04.26-18.44.02:932][  0]LogConfig: Setting CVar [[gc.BlueprintClusteringEnabled:0]]
[2026.04.26-18.44.02:932][  0]LogConfig: Setting CVar [[gc.UseDisregardForGCOnDedicatedServers:0]]
[2026.04.26-18.44.02:932][  0]LogConfig: Setting CVar [[gc.MultithreadedDestructionEnabled:1]]
[2026.04.26-18.44.02:932][  0]LogConfig: Applying CVar settings from Section [/Script/Engine.NetworkSettings] File [C:/LastStep/PROJECT-LAST-STEP/Playtime_Multiplayer/Saved/Config/Windows/Engine.ini]
[2026.04.26-18.44.02:932][  0]LogConfig: Applying CVar settings from Section [/Script/UnrealEd.CookerSettings] File [C:/LastStep/PROJECT-LAST-STEP/Playtime_Multiplayer/Saved/Config/Windows/Engine.ini]
[2026.04.26-18.44.02:933][  0]LogConfig: Setting CVar [[cook.AllowCookedDataInEditorBuilds:1]]
[2026.04.26-18.44.02:933][  0]LogConfig: Setting CVar [[s.AllowUnversionedContentInEditor:1]]
[2026.04.26-18.44.02:949][  0]LogConfig: Applying CVar settings from Section [ViewDistanceQuality@3] File [C:/LastStep/PROJECT-LAST-STEP/Playtime_Multiplayer/Saved/Config/Windows/Scalability.ini]
[2026.04.26-18.44.02:949][  0]LogConfig: Setting CVar [[r.SkeletalMeshLODBias:0]]
[2026.04.26-18.44.02:949][  0]LogConfig: Setting CVar [[r.ViewDistanceScale:1.0]]
[2026.04.26-18.44.02:949][  0]LogConfig: Applying CVar settings from Section [AntiAliasingQuality@3] File [C:/LastStep/PROJECT-LAST-STEP/Playtime_Multiplayer/Saved/Config/Windows/Scalability.ini]
[2026.04.26-18.44.02:949][  0]LogConfig: Setting CVar [[r.PostProcessAAQuality:4]]
[2026.04.26-18.44.02:949][  0]LogConfig: Applying CVar settings from Section [ShadowQuality@3] File [C:/LastStep/PROJECT-LAST-STEP/Playtime_Multiplayer/Saved/Config/Windows/Scalability.ini]
[2026.04.26-18.44.02:949][  0]LogConfig: Setting CVar [[r.LightFunctionQuality:1]]
[2026.04.26-18.44.02:949][  0]LogConfig: Setting CVar [[r.ShadowQuality:5]]
[2026.04.26-18.44.02:956][  0]LogConfig: Setting CVar [[r.Shadow.CSM.MaxCascades:10]]
[2026.04.26-18.44.02:956][  0]LogConfig: Setting CVar [[r.Shadow.MaxResolution:2048]]
[2026.04.26-18.44.02:956][  0]LogConfig: Setting CVar [[r.Shadow.MaxCSMResolution:2048]]
[2026.04.26-18.44.02:956][  0]LogConfig: Setting CVar [[r.Shadow.RadiusThreshold:0.01]]
[2026.04.26-18.44.02:956][  0]LogConfig: Setting CVar [[r.Shadow.DistanceScale:1.0]]
[2026.04.26-18.44.02:956][  0]LogConfig: Setting CVar [[r.Shadow.CSM.TransitionScale:1.0]]
[2026.04.26-18.44.02:956][  0]LogConfig: Setting CVar [[r.Shadow.PreShadowResolutionFactor:1.0]]
[2026.04.26-18.44.02:956][  0]LogConfig: Setting CVar [[r.DistanceFieldShadowing:1]]
[2026.04.26-18.44.02:956][  0]LogConfig: Setting CVar [[r.DistanceFieldAO:1]]
[2026.04.26-18.44.02:956][  0]LogConfig: Setting CVar [[r.AOQuality:2]]
[2026.04.26-18.44.02:956][  0]LogConfig: Setting CVar [[r.VolumetricFog:1]]
[2026.04.26-18.44.02:956][  0]LogConfig: Setting CVar [[r.VolumetricFog.GridPixelSize:8]]
[2026.04.26-18.44.02:956][  0]LogConfig: Setting CVar [[r.VolumetricFog.GridSizeZ:128]]
[2026.04.26-18.44.02:956][  0]LogConfig: Setting CVar [[r.VolumetricFog.HistoryMissSupersampleCount:4]]
[2026.04.26-18.44.02:957][  0]LogConfig: Setting CVar [[r.LightMaxDrawDistanceScale:1]]
[2026.04.26-18.44.02:957][  0]LogConfig: Setting CVar [[r.CapsuleShadows:1]]
[2026.04.26-18.44.02:957][  0]LogConfig: Applying CVar settings from Section [PostProcessQuality@3] File [C:/LastStep/PROJECT-LAST-STEP/Playtime_Multiplayer/Saved/Config/Windows/Scalability.ini]
[2026.04.26-18.44.02:957][  0]LogConfig: Setting CVar [[r.MotionBlurQuality:4]]
[2026.04.26-18.44.02:957][  0]LogConfig: Setting CVar [[r.AmbientOcclusionMipLevelFactor:0.4]]
[2026.04.26-18.44.02:957][  0]LogConfig: Setting CVar [[r.AmbientOcclusionMaxQuality:100]]
[2026.04.26-18.44.02:957][  0]LogConfig: Setting CVar [[r.AmbientOcclusionLevels:-1]]
[2026.04.26-18.44.02:957][  0]LogConfig: Setting CVar [[r.AmbientOcclusionRadiusScale:1.0]]
[2026.04.26-18.44.02:957][  0]LogConfig: Setting CVar [[r.DepthOfFieldQuality:2]]
[2026.04.26-18.44.02:957][  0]LogConfig: Setting CVar [[r.RenderTargetPoolMin:400]]
[2026.04.26-18.44.02:957][  0]LogConfig: Setting CVar [[r.LensFlareQuality:2]]
[2026.04.26-18.44.02:957][  0]LogConfig: Setting CVar [[r.SceneColorFringeQuality:1]]
[2026.04.26-18.44.02:957][  0]LogConfig: Setting CVar [[r.EyeAdaptationQuality:2]]
[2026.04.26-18.44.02:957][  0]LogConfig: Setting CVar [[r.BloomQuality:5]]
[2026.04.26-18.44.02:957][  0]LogConfig: Setting CVar [[r.FastBlurThreshold:100]]
[2026.04.26-18.44.02:957][  0]LogConfig: Setting CVar [[r.Upscale.Quality:3]]
[2026.04.26-18.44.02:957][  0]LogConfig: Setting CVar [[r.Tonemapper.GrainQuantization:1]]
[2026.04.26-18.44.02:957][  0]LogConfig: Setting CVar [[r.LightShaftQuality:1]]
[2026.04.26-18.44.02:957][  0]LogConfig: Setting CVar [[r.Filter.SizeScale:1]]
[2026.04.26-18.44.02:957][  0]LogConfig: Setting CVar [[r.Tonemapper.Quality:5]]
[2026.04.26-18.44.02:957][  0]LogConfig: Setting CVar [[r.DOF.Gather.AccumulatorQuality:1        ; higher gathering accumulator quality]]
[2026.04.26-18.44.02:957][  0]LogConfig: Setting CVar [[r.DOF.Gather.PostfilterMethod:1          ; Median3x3 postfilering method]]
[2026.04.26-18.44.02:957][  0]LogConfig: Setting CVar [[r.DOF.Gather.EnableBokehSettings:0       ; no bokeh simulation when gathering]]
[2026.04.26-18.44.02:957][  0]LogConfig: Setting CVar [[r.DOF.Gather.RingCount:4                 ; medium number of samples when gathering]]
[2026.04.26-18.44.02:957][  0]LogConfig: Setting CVar [[r.DOF.Scatter.ForegroundCompositing:1    ; additive foreground scattering]]
[2026.04.26-18.44.02:957][  0]LogConfig: Setting CVar [[r.DOF.Scatter.BackgroundCompositing:2    ; additive background scattering]]
[2026.04.26-18.44.02:957][  0]LogConfig: Setting CVar [[r.DOF.Scatter.EnableBokehSettings:1      ; bokeh simulation when scattering]]
[2026.04.26-18.44.02:957][  0]LogConfig: Setting CVar [[r.DOF.Scatter.MaxSpriteRatio:0.1         ; only a maximum of 10% of scattered bokeh]]
[2026.04.26-18.44.02:957][  0]LogConfig: Setting CVar [[r.DOF.Recombine.Quality:1                ; cheap slight out of focus]]
[2026.04.26-18.44.02:957][  0]LogConfig: Setting CVar [[r.DOF.Recombine.EnableBokehSettings:0    ; no bokeh simulation on slight out of focus]]
[2026.04.26-18.44.02:957][  0]LogConfig: Setting CVar [[r.DOF.TemporalAAQuality:1                ; more stable temporal accumulation]]
[2026.04.26-18.44.02:957][  0]LogConfig: Setting CVar [[r.DOF.Kernel.MaxForegroundRadius:0.025]]
[2026.04.26-18.44.02:957][  0]LogConfig: Setting CVar [[r.DOF.Kernel.MaxBackgroundRadius:0.025]]
[2026.04.26-18.44.02:957][  0]LogConfig: Applying CVar settings from Section [TextureQuality@3] File [C:/LastStep/PROJECT-LAST-STEP/Playtime_Multiplayer/Saved/Config/Windows/Scalability.ini]
[2026.04.26-18.44.02:957][  0]LogConfig: Setting CVar [[r.Streaming.MipBias:0]]
[2026.04.26-18.44.02:957][  0]LogConfig: Setting CVar [[r.Streaming.AmortizeCPUToGPUCopy:0]]
[2026.04.26-18.44.02:957][  0]LogConfig: Setting CVar [[r.Streaming.MaxNumTexturesToStreamPerFrame:0]]
[2026.04.26-18.44.02:957][  0]LogConfig: Setting CVar [[r.Streaming.Boost:1]]
[2026.04.26-18.44.02:957][  0]LogConfig: Setting CVar [[r.MaxAnisotropy:8]]
[2026.04.26-18.44.02:957][  0]LogConfig: Setting CVar [[r.VT.MaxAnisotropy:8]]
[2026.04.26-18.44.02:957][  0]LogConfig: Setting CVar [[r.Streaming.LimitPoolSizeToVRAM:0]]
[2026.04.26-18.44.02:957][  0]LogConfig: Setting CVar [[r.Streaming.PoolSize:1000]]
[2026.04.26-18.44.02:957][  0]LogConfig: Setting CVar [[r.Streaming.MaxEffectiveScreenSize:0]]
[2026.04.26-18.44.02:957][  0]LogConfig: Applying CVar settings from Section [EffectsQuality@3] File [C:/LastStep/PROJECT-LAST-STEP/Playtime_Multiplayer/Saved/Config/Windows/Scalability.ini]
[2026.04.26-18.44.02:958][  0]LogConfig: Setting CVar [[r.TranslucencyLightingVolumeDim:64]]
[2026.04.26-18.44.02:958][  0]LogConfig: Setting CVar [[r.RefractionQuality:2]]
[2026.04.26-18.44.02:958][  0]LogConfig: Setting CVar [[r.SSR.Quality:3]]
[2026.04.26-18.44.02:958][  0]LogConfig: Setting CVar [[r.SSR.HalfResSceneColor:0]]
[2026.04.26-18.44.02:958][  0]LogConfig: Setting CVar [[r.SceneColorFormat:4]]
[2026.04.26-18.44.02:958][  0]LogConfig: Setting CVar [[r.DetailMode:2]]
[2026.04.26-18.44.02:958][  0]LogConfig: Setting CVar [[r.TranslucencyVolumeBlur:1]]
[2026.04.26-18.44.02:958][  0]LogConfig: Setting CVar [[r.MaterialQualityLevel:1 ; High quality]]
[2026.04.26-18.44.02:958][  0]LogConfig: Setting CVar [[r.AnisotropicMaterials:1]]
[2026.04.26-18.44.02:958][  0]LogConfig: Setting CVar [[r.SSS.Scale:1]]
[2026.04.26-18.44.02:958][  0]LogConfig: Setting CVar [[r.SSS.SampleSet:2]]
[2026.04.26-18.44.02:958][  0]LogConfig: Setting CVar [[r.SSS.Quality:1]]
[2026.04.26-18.44.02:958][  0]LogConfig: Setting CVar [[r.SSS.HalfRes:0]]
[2026.04.26-18.44.02:958][  0]LogConfig: Setting CVar [[r.SSGI.Quality:3]]
[2026.04.26-18.44.02:958][  0]LogConfig: Setting CVar [[r.EmitterSpawnRateScale:1.0]]
[2026.04.26-18.44.02:958][  0]LogConfig: Setting CVar [[r.ParticleLightQuality:2]]
[2026.04.26-18.44.02:958][  0]LogConfig: Setting CVar [[r.SkyAtmosphere.AerialPerspectiveLUT.FastApplyOnOpaque:1 ; Always have FastSkyLUT 1 in this case to avoid wrong sky]]
[2026.04.26-18.44.02:958][  0]LogConfig: Setting CVar [[r.SkyAtmosphere.AerialPerspectiveLUT.SampleCountMaxPerSlice:4]]
[2026.04.26-18.44.02:958][  0]LogConfig: Setting CVar [[r.SkyAtmosphere.AerialPerspectiveLUT.DepthResolution:16.0]]
[2026.04.26-18.44.02:958][  0]LogConfig: Setting CVar [[r.SkyAtmosphere.FastSkyLUT:1]]
[2026.04.26-18.44.02:958][  0]LogConfig: Setting CVar [[r.SkyAtmosphere.FastSkyLUT.SampleCountMin:4.0]]
[2026.04.26-18.44.02:958][  0]LogConfig: Setting CVar [[r.SkyAtmosphere.FastSkyLUT.SampleCountMax:128.0]]
[2026.04.26-18.44.02:958][  0]LogConfig: Setting CVar [[r.SkyAtmosphere.SampleCountMin:4.0]]
[2026.04.26-18.44.02:958][  0]LogConfig: Setting CVar [[r.SkyAtmosphere.SampleCountMax:128.0]]
[2026.04.26-18.44.02:958][  0]LogConfig: Setting CVar [[r.SkyAtmosphere.TransmittanceLUT.UseSmallFormat:0]]
[2026.04.26-18.44.02:958][  0]LogConfig: Setting CVar [[r.SkyAtmosphere.TransmittanceLUT.SampleCount:10.0]]
[2026.04.26-18.44.02:958][  0]LogConfig: Setting CVar [[r.SkyAtmosphere.MultiScatteringLUT.SampleCount:15.0]]
[2026.04.26-18.44.02:958][  0]LogConfig: Setting CVar [[r.SkyLight.RealTimeReflectionCapture:1]]
[2026.04.26-18.44.02:958][  0]LogConfig: Applying CVar settings from Section [FoliageQuality@3] File [C:/LastStep/PROJECT-LAST-STEP/Playtime_Multiplayer/Saved/Config/Windows/Scalability.ini]
[2026.04.26-18.44.02:958][  0]LogConfig: Setting CVar [[foliage.DensityScale:1.0]]
[2026.04.26-18.44.02:958][  0]LogConfig: Setting CVar [[grass.DensityScale:1.0]]
[2026.04.26-18.44.02:958][  0]LogConfig: Applying CVar settings from Section [ShadingQuality@3] File [C:/LastStep/PROJECT-LAST-STEP/Playtime_Multiplayer/Saved/Config/Windows/Scalability.ini]
[2026.04.26-18.44.02:958][  0]LogConfig: Setting CVar [[r.HairStrands.SkyLighting.IntegrationType:2]]
[2026.04.26-18.44.02:958][  0]LogConfig: Setting CVar [[r.HairStrands.SkyAO.SampleCount:4]]
[2026.04.26-18.44.02:958][  0]LogConfig: Setting CVar [[r.HairStrands.Visibility.MSAA.SamplePerPixel:4]]
[2026.04.26-18.44.02:958][  0]LogInit: Selected Device Profile: [Windows]
[2026.04.26-18.44.02:958][  0]LogInit: Applying CVar settings loaded from the selected device profile: [Windows]
[2026.04.26-18.44.02:959][  0]LogHAL: Display: Platform has ~ 6 GB [6358228992 / 8589934592 / 6], which maps to Smaller [LargestMinGB=32, LargerMinGB=12, DefaultMinGB=8, SmallerMinGB=6, SmallestMinGB=0)
[2026.04.26-18.44.02:959][  0]LogInit: Going up to parent DeviceProfile []
[2026.04.26-18.44.02:959][  0]LogConfig: Applying CVar settings from Section [ViewDistanceQuality@3] File [C:/LastStep/PROJECT-LAST-STEP/Playtime_Multiplayer/Saved/Config/Windows/Scalability.ini]
[2026.04.26-18.44.02:959][  0]LogConfig: Setting CVar [[r.SkeletalMeshLODBias:0]]
[2026.04.26-18.44.02:959][  0]LogConfig: Setting CVar [[r.ViewDistanceScale:1.0]]
[2026.04.26-18.44.02:959][  0]LogConfig: Applying CVar settings from Section [AntiAliasingQuality@3] File [C:/LastStep/PROJECT-LAST-STEP/Playtime_Multiplayer/Saved/Config/Windows/Scalability.ini]
[2026.04.26-18.44.02:959][  0]LogConfig: Setting CVar [[r.PostProcessAAQuality:4]]
[2026.04.26-18.44.02:959][  0]LogConfig: Applying CVar settings from Section [ShadowQuality@3] File [C:/LastStep/PROJECT-LAST-STEP/Playtime_Multiplayer/Saved/Config/Windows/Scalability.ini]
[2026.04.26-18.44.02:959][  0]LogConfig: Setting CVar [[r.LightFunctionQuality:1]]
[2026.04.26-18.44.02:959][  0]LogConfig: Setting CVar [[r.ShadowQuality:5]]
[2026.04.26-18.44.02:959][  0]LogConfig: Setting CVar [[r.Shadow.CSM.MaxCascades:10]]
[2026.04.26-18.44.02:959][  0]LogConfig: Setting CVar [[r.Shadow.MaxResolution:2048]]
[2026.04.26-18.44.02:959][  0]LogConfig: Setting CVar [[r.Shadow.MaxCSMResolution:2048]]
[2026.04.26-18.44.02:959][  0]LogConfig: Setting CVar [[r.Shadow.RadiusThreshold:0.01]]
[2026.04.26-18.44.02:959][  0]LogConfig: Setting CVar [[r.Shadow.DistanceScale:1.0]]
[2026.04.26-18.44.02:959][  0]LogConfig: Setting CVar [[r.Shadow.CSM.TransitionScale:1.0]]
[2026.04.26-18.44.02:959][  0]LogConfig: Setting CVar [[r.Shadow.PreShadowResolutionFactor:1.0]]
[2026.04.26-18.44.02:959][  0]LogConfig: Setting CVar [[r.DistanceFieldShadowing:1]]
[2026.04.26-18.44.02:960][  0]LogConfig: Setting CVar [[r.DistanceFieldAO:1]]
[2026.04.26-18.44.02:960][  0]LogConfig: Setting CVar [[r.AOQuality:2]]
[2026.04.26-18.44.02:960][  0]LogConfig: Setting CVar [[r.VolumetricFog:1]]
[2026.04.26-18.44.02:960][  0]LogConfig: Setting CVar [[r.VolumetricFog.GridPixelSize:8]]
[2026.04.26-18.44.02:960][  0]LogConfig: Setting CVar [[r.VolumetricFog.GridSizeZ:128]]
[2026.04.26-18.44.02:960][  0]LogConfig: Setting CVar [[r.VolumetricFog.HistoryMissSupersampleCount:4]]
[2026.04.26-18.44.02:960][  0]LogConfig: Setting CVar [[r.LightMaxDrawDistanceScale:1]]
[2026.04.26-18.44.02:960][  0]LogConfig: Setting CVar [[r.CapsuleShadows:1]]
[2026.04.26-18.44.02:960][  0]LogConfig: Applying CVar settings from Section [PostProcessQuality@3] File [C:/LastStep/PROJECT-LAST-STEP/Playtime_Multiplayer/Saved/Config/Windows/Scalability.ini]
[2026.04.26-18.44.02:960][  0]LogConfig: Setting CVar [[r.MotionBlurQuality:4]]
[2026.04.26-18.44.02:960][  0]LogConfig: Setting CVar [[r.AmbientOcclusionMipLevelFactor:0.4]]
[2026.04.26-18.44.02:960][  0]LogConfig: Setting CVar [[r.AmbientOcclusionMaxQuality:100]]
[2026.04.26-18.44.02:960][  0]LogConfig: Setting CVar [[r.AmbientOcclusionLevels:-1]]
[2026.04.26-18.44.02:960][  0]LogConfig: Setting CVar [[r.AmbientOcclusionRadiusScale:1.0]]
[2026.04.26-18.44.02:960][  0]LogConfig: Setting CVar [[r.DepthOfFieldQuality:2]]
[2026.04.26-18.44.02:960][  0]LogConfig: Setting CVar [[r.RenderTargetPoolMin:400]]
[2026.04.26-18.44.02:960][  0]LogConfig: Setting CVar [[r.LensFlareQuality:2]]
[2026.04.26-18.44.02:960][  0]LogConfig: Setting CVar [[r.SceneColorFringeQuality:1]]
[2026.04.26-18.44.02:960][  0]LogConfig: Setting CVar [[r.EyeAdaptationQuality:2]]
[2026.04.26-18.44.02:960][  0]LogConfig: Setting CVar [[r.BloomQuality:5]]
[2026.04.26-18.44.02:960][  0]LogConfig: Setting CVar [[r.FastBlurThreshold:100]]
[2026.04.26-18.44.02:960][  0]LogConfig: Setting CVar [[r.Upscale.Quality:3]]
[2026.04.26-18.44.02:960][  0]LogConfig: Setting CVar [[r.Tonemapper.GrainQuantization:1]]
[2026.04.26-18.44.02:960][  0]LogConfig: Setting CVar [[r.LightShaftQuality:1]]
[2026.04.26-18.44.02:960][  0]LogConfig: Setting CVar [[r.Filter.SizeScale:1]]
[2026.04.26-18.44.02:960][  0]LogConfig: Setting CVar [[r.Tonemapper.Quality:5]]
[2026.04.26-18.44.02:960][  0]LogConfig: Setting CVar [[r.DOF.Gather.AccumulatorQuality:1        ; higher gathering accumulator quality]]
[2026.04.26-18.44.02:960][  0]LogConfig: Setting CVar [[r.DOF.Gather.PostfilterMethod:1          ; Median3x3 postfilering method]]
[2026.04.26-18.44.02:960][  0]LogConfig: Setting CVar [[r.DOF.Gather.EnableBokehSettings:0       ; no bokeh simulation when gathering]]
[2026.04.26-18.44.02:960][  0]LogConfig: Setting CVar [[r.DOF.Gather.RingCount:4                 ; medium number of samples when gathering]]
[2026.04.26-18.44.02:960][  0]LogConfig: Setting CVar [[r.DOF.Scatter.ForegroundCompositing:1    ; additive foreground scattering]]
[2026.04.26-18.44.02:960][  0]LogConfig: Setting CVar [[r.DOF.Scatter.BackgroundCompositing:2    ; additive background scattering]]
[2026.04.26-18.44.02:960][  0]LogConfig: Setting CVar [[r.DOF.Scatter.EnableBokehSettings:1      ; bokeh simulation when scattering]]
[2026.04.26-18.44.02:960][  0]LogConfig: Setting CVar [[r.DOF.Scatter.MaxSpriteRatio:0.1         ; only a maximum of 10% of scattered bokeh]]
[2026.04.26-18.44.02:960][  0]LogConfig: Setting CVar [[r.DOF.Recombine.Quality:1                ; cheap slight out of focus]]
[2026.04.26-18.44.02:960][  0]LogConfig: Setting CVar [[r.DOF.Recombine.EnableBokehSettings:0    ; no bokeh simulation on slight out of focus]]
[2026.04.26-18.44.02:960][  0]LogConfig: Setting CVar [[r.DOF.TemporalAAQuality:1                ; more stable temporal accumulation]]
[2026.04.26-18.44.02:960][  0]LogConfig: Setting CVar [[r.DOF.Kernel.MaxForegroundRadius:0.025]]
[2026.04.26-18.44.02:960][  0]LogConfig: Setting CVar [[r.DOF.Kernel.MaxBackgroundRadius:0.025]]
[2026.04.26-18.44.02:960][  0]LogConfig: Applying CVar settings from Section [TextureQuality@3] File [C:/LastStep/PROJECT-LAST-STEP/Playtime_Multiplayer/Saved/Config/Windows/Scalability.ini]
[2026.04.26-18.44.02:961][  0]LogConfig: Setting CVar [[r.Streaming.MipBias:0]]
[2026.04.26-18.44.02:961][  0]LogConfig: Setting CVar [[r.Streaming.AmortizeCPUToGPUCopy:0]]
[2026.04.26-18.44.02:961][  0]LogConfig: Setting CVar [[r.Streaming.MaxNumTexturesToStreamPerFrame:0]]
[2026.04.26-18.44.02:961][  0]LogConfig: Setting CVar [[r.Streaming.Boost:1]]
[2026.04.26-18.44.02:961][  0]LogConfig: Setting CVar [[r.MaxAnisotropy:8]]
[2026.04.26-18.44.02:961][  0]LogConfig: Setting CVar [[r.VT.MaxAnisotropy:8]]
[2026.04.26-18.44.02:961][  0]LogConfig: Setting CVar [[r.Streaming.LimitPoolSizeToVRAM:0]]
[2026.04.26-18.44.02:961][  0]LogConfig: Setting CVar [[r.Streaming.PoolSize:1000]]
[2026.04.26-18.44.02:961][  0]LogConfig: Setting CVar [[r.Streaming.MaxEffectiveScreenSize:0]]
[2026.04.26-18.44.02:961][  0]LogConfig: Applying CVar settings from Section [EffectsQuality@3] File [C:/LastStep/PROJECT-LAST-STEP/Playtime_Multiplayer/Saved/Config/Windows/Scalability.ini]
[2026.04.26-18.44.02:961][  0]LogConfig: Setting CVar [[r.TranslucencyLightingVolumeDim:64]]
[2026.04.26-18.44.02:961][  0]LogConfig: Setting CVar [[r.RefractionQuality:2]]
[2026.04.26-18.44.02:961][  0]LogConfig: Setting CVar [[r.SSR.Quality:3]]
[2026.04.26-18.44.02:961][  0]LogConfig: Setting CVar [[r.SSR.HalfResSceneColor:0]]
[2026.04.26-18.44.02:961][  0]LogConfig: Setting CVar [[r.SceneColorFormat:4]]
[2026.04.26-18.44.02:961][  0]LogConfig: Setting CVar [[r.DetailMode:2]]
[2026.04.26-18.44.02:961][  0]LogConfig: Setting CVar [[r.TranslucencyVolumeBlur:1]]
[2026.04.26-18.44.02:961][  0]LogConfig: Setting CVar [[r.MaterialQualityLevel:1 ; High quality]]
[2026.04.26-18.44.02:961][  0]LogConfig: Setting CVar [[r.AnisotropicMaterials:1]]
[2026.04.26-18.44.02:961][  0]LogConfig: Setting CVar [[r.SSS.Scale:1]]
[2026.04.26-18.44.02:961][  0]LogConfig: Setting CVar [[r.SSS.SampleSet:2]]
[2026.04.26-18.44.02:961][  0]LogConfig: Setting CVar [[r.SSS.Quality:1]]
[2026.04.26-18.44.02:961][  0]LogConfig: Setting CVar [[r.SSS.HalfRes:0]]
[2026.04.26-18.44.02:961][  0]LogConfig: Setting CVar [[r.SSGI.Quality:3]]
[2026.04.26-18.44.02:962][  0]LogConfig: Setting CVar [[r.EmitterSpawnRateScale:1.0]]
[2026.04.26-18.44.02:962][  0]LogConfig: Setting CVar [[r.ParticleLightQuality:2]]
[2026.04.26-18.44.02:963][  0]LogConfig: Setting CVar [[r.SkyAtmosphere.AerialPerspectiveLUT.FastApplyOnOpaque:1 ; Always have FastSkyLUT 1 in this case to avoid wrong sky]]
[2026.04.26-18.44.02:963][  0]LogConfig: Setting CVar [[r.SkyAtmosphere.AerialPerspectiveLUT.SampleCountMaxPerSlice:4]]
[2026.04.26-18.44.02:963][  0]LogConfig: Setting CVar [[r.SkyAtmosphere.AerialPerspectiveLUT.DepthResolution:16.0]]
[2026.04.26-18.44.02:963][  0]LogConfig: Setting CVar [[r.SkyAtmosphere.FastSkyLUT:1]]
[2026.04.26-18.44.02:963][  0]LogConfig: Setting CVar [[r.SkyAtmosphere.FastSkyLUT.SampleCountMin:4.0]]
[2026.04.26-18.44.02:963][  0]LogConfig: Setting CVar [[r.SkyAtmosphere.FastSkyLUT.SampleCountMax:128.0]]
[2026.04.26-18.44.02:963][  0]LogConfig: Setting CVar [[r.SkyAtmosphere.SampleCountMin:4.0]]
[2026.04.26-18.44.02:963][  0]LogConfig: Setting CVar [[r.SkyAtmosphere.SampleCountMax:128.0]]
[2026.04.26-18.44.02:963][  0]LogConfig: Setting CVar [[r.SkyAtmosphere.TransmittanceLUT.UseSmallFormat:0]]
[2026.04.26-18.44.02:963][  0]LogConfig: Setting CVar [[r.SkyAtmosphere.TransmittanceLUT.SampleCount:10.0]]
[2026.04.26-18.44.02:963][  0]LogConfig: Setting CVar [[r.SkyAtmosphere.MultiScatteringLUT.SampleCount:15.0]]
[2026.04.26-18.44.02:963][  0]LogConfig: Setting CVar [[r.SkyLight.RealTimeReflectionCapture:1]]
[2026.04.26-18.44.02:963][  0]LogConfig: Applying CVar settings from Section [FoliageQuality@3] File [C:/LastStep/PROJECT-LAST-STEP/Playtime_Multiplayer/Saved/Config/Windows/Scalability.ini]
[2026.04.26-18.44.02:963][  0]LogConfig: Setting CVar [[foliage.DensityScale:1.0]]
[2026.04.26-18.44.02:963][  0]LogConfig: Setting CVar [[grass.DensityScale:1.0]]
[2026.04.26-18.44.02:963][  0]LogConfig: Applying CVar settings from Section [ShadingQuality@3] File [C:/LastStep/PROJECT-LAST-STEP/Playtime_Multiplayer/Saved/Config/Windows/Scalability.ini]
[2026.04.26-18.44.02:963][  0]LogConfig: Setting CVar [[r.HairStrands.SkyLighting.IntegrationType:2]]
[2026.04.26-18.44.02:963][  0]LogConfig: Setting CVar [[r.HairStrands.SkyAO.SampleCount:4]]
[2026.04.26-18.44.02:963][  0]LogConfig: Setting CVar [[r.HairStrands.Visibility.MSAA.SamplePerPixel:4]]
[2026.04.26-18.44.02:963][  0]LogConfig: Applying CVar settings from Section [Startup] File [../../../Engine/Config/ConsoleVariables.ini]
[2026.04.26-18.44.02:964][  0]LogConfig: Setting CVar [[net.UseAdaptiveNetUpdateFrequency:0]]
[2026.04.26-18.44.02:964][  0]LogConfig: Setting CVar [[p.chaos.AllowCreatePhysxBodies:1]]
[2026.04.26-18.44.02:964][  0]LogConfig: Setting CVar [[fx.SkipVectorVMBackendOptimizations:1]]
[2026.04.26-18.44.02:964][  0]LogConfig: Applying CVar settings from Section [ConsoleVariables] File [C:/LastStep/PROJECT-LAST-STEP/Playtime_Multiplayer/Saved/Config/Windows/Engine.ini]
[2026.04.26-18.44.02:964][  0]LogConfig: Applying CVar settings from Section [ConsoleVariables] File [C:/LastStep/PROJECT-LAST-STEP/Playtime_Multiplayer/Saved/Config/Windows/Editor.ini]
[2026.04.26-18.44.02:970][  0]LogInit: Computer: SIBIDI
[2026.04.26-18.44.02:970][  0]LogInit: User: Xdox2
[2026.04.26-18.44.02:970][  0]LogInit: CPU Page size=4096, Cores=2
[2026.04.26-18.44.02:970][  0]LogInit: High frequency timer resolution =10.000000 MHz
[2026.04.26-18.44.02:971][  0]LogMemory: Memory total: Physical=5.9GB (6GB approx)
[2026.04.26-18.44.02:972][  0]LogMemory: Platform Memory Stats for Windows
[2026.04.26-18.44.02:972][  0]LogMemory: Process Physical Memory: 174.93 MB used, 178.67 MB peak
[2026.04.26-18.44.02:972][  0]LogMemory: Process Virtual Memory: 130.03 MB used, 130.03 MB peak
[2026.04.26-18.44.02:972][  0]LogMemory: Physical Memory: 5436.69 MB used,  626.99 MB free, 6063.68 MB total
[2026.04.26-18.44.02:972][  0]LogMemory: Virtual Memory: 134213248.00 MB used,  4480.33 MB free, 134217728.00 MB total
[2026.04.26-18.44.02:995][  0]LogWindows: WindowsPlatformFeatures enabled
[2026.04.26-18.44.03:297][  0]LogInit: Physics initialised using underlying interface: PhysX
[2026.04.26-18.44.03:299][  0]LogInit: Using OS detected language (ru-RU).
[2026.04.26-18.44.03:299][  0]LogInit: Using OS detected locale (ru-RU).
[2026.04.26-18.44.03:313][  0]LogTextLocalizationManager: No specific localization for 'ru-RU' exists, so the 'ru' localization will be used.
[2026.04.26-18.44.03:329][  0]LogTextLocalizationResource: LocRes '../../../Engine/Content/Localization/Editor/ru/Editor.locres' could not be opened for reading!
[2026.04.26-18.44.03:329][  0]LogTextLocalizationResource: LocRes '../../../Engine/Content/Localization/EditorTutorials/ru/EditorTutorials.locres' could not be opened for reading!
[2026.04.26-18.44.03:329][  0]LogTextLocalizationResource: LocRes '../../../Engine/Content/Localization/Keywords/ru/Keywords.locres' could not be opened for reading!
[2026.04.26-18.44.03:329][  0]LogTextLocalizationResource: LocRes '../../../Engine/Content/Localization/Category/ru/Category.locres' could not be opened for reading!
[2026.04.26-18.44.03:329][  0]LogTextLocalizationResource: LocRes '../../../Engine/Content/Localization/ToolTips/ru/ToolTips.locres' could not be opened for reading!
[2026.04.26-18.44.03:330][  0]LogTextLocalizationResource: LocRes '../../../Engine/Content/Localization/PropertyNames/ru/PropertyNames.locres' could not be opened for reading!
[2026.04.26-18.44.03:330][  0]LogTextLocalizationResource: LocRes '../../../Engine/Content/Localization/Engine/ru/Engine.locres' could not be opened for reading!
[2026.04.26-18.44.03:414][  0]LogWindowsTextInputMethodSystem: Display: IME system deactivated.
[2026.04.26-18.44.03:498][  0]LogSlate: New Slate User Created.  User Index 0, Is Virtual User: 0
[2026.04.26-18.44.03:498][  0]LogSlate: Slate User Registered.  User Index 0, Is Virtual User: 0
[2026.04.26-18.44.03:572][  0]LogD3D11RHI: Loaded GFSDK_Aftermath_Lib.x64.dll
[2026.04.26-18.44.03:578][  0]LogHMD: Failed to initialize OpenVR with code 110
[2026.04.26-18.44.03:578][  0]LogD3D11RHI: D3D11 min allowed feature level: 11_0
[2026.04.26-18.44.03:578][  0]LogD3D11RHI: D3D11 max allowed feature level: 11_0
[2026.04.26-18.44.03:578][  0]LogD3D11RHI: D3D11 adapters:
[2026.04.26-18.44.04:277][  0]LogD3D11RHI:    0. 'AMD Radeon(TM) Graphics' (Feature Level 11_0)
[2026.04.26-18.44.04:278][  0]LogD3D11RHI:       2033/0/3031 MB DedicatedVideo/DedicatedSystem/SharedSystem, Outputs:1, VendorId:0x1002
[2026.04.26-18.44.04:307][  0]LogD3D11RHI:    1. 'Microsoft Basic Render Driver' (Feature Level 11_0)
[2026.04.26-18.44.04:307][  0]LogD3D11RHI:       0/0/3031 MB DedicatedVideo/DedicatedSystem/SharedSystem, Outputs:0, VendorId:0x1414
[2026.04.26-18.44.04:307][  0]LogD3D11RHI: Chosen D3D11 Adapter:
[2026.04.26-18.44.04:307][  0]LogD3D11RHI:     Description : AMD Radeon(TM) Graphics
[2026.04.26-18.44.04:307][  0]LogD3D11RHI:     VendorId    : 1002
[2026.04.26-18.44.04:307][  0]LogD3D11RHI:     DeviceId    : 15d8
[2026.04.26-18.44.04:307][  0]LogD3D11RHI:     SubSysId    : 8706103c
[2026.04.26-18.44.04:307][  0]LogD3D11RHI:     Revision    : 00c4
[2026.04.26-18.44.04:307][  0]LogD3D11RHI:     DedicatedVideoMemory : 2132467712 bytes
[2026.04.26-18.44.04:307][  0]LogD3D11RHI:     DedicatedSystemMemory : 0 bytes
[2026.04.26-18.44.04:307][  0]LogD3D11RHI:     SharedSystemMemory : 3179114496 bytes
[2026.04.26-18.44.04:307][  0]LogD3D11RHI:     AdapterLuid : 0 69907
[2026.04.26-18.44.04:326][  0]LogD3D11RHI: Creating new Direct3DDevice
[2026.04.26-18.44.04:326][  0]LogD3D11RHI:     GPU DeviceId: 0x15d8 (for the marketing name, search the web for "GPU Device Id")
[2026.04.26-18.44.04:326][  0]LogWindows: EnumDisplayDevices:
[2026.04.26-18.44.04:330][  0]LogWindows:    0. 'AMD Radeon(TM) Graphics' (P:1 D:1)
[2026.04.26-18.44.04:331][  0]LogWindows:    1. 'AMD Radeon(TM) Graphics' (P:0 D:0)
[2026.04.26-18.44.04:333][  0]LogWindows:    2. 'AMD Radeon(TM) Graphics' (P:0 D:0)
[2026.04.26-18.44.04:339][  0]LogWindows: DebugString: FoundDriverCount:3 
[2026.04.26-18.44.04:340][  0]LogD3D11RHI:     Adapter Name: AMD Radeon(TM) Graphics
[2026.04.26-18.44.04:340][  0]LogD3D11RHI:   Driver Version: AMD Software: Adrenalin Edition 25.8.1 (internal:31.0.21923.11000, unified:31.0.21923.11000)
[2026.04.26-18.44.04:340][  0]LogD3D11RHI:      Driver Date: 7-1-2025
[2026.04.26-18.44.04:340][  0]LogRHI: Texture pool is 3191 MB (70% of 4558 MB)
[2026.04.26-18.44.05:364][  0]LogD3D11RHI: Creating D3DDevice with AMD AGS, using adapter:
[2026.04.26-18.44.05:364][  0]LogD3D11RHI:     Description : AMD Radeon(TM) Graphics
[2026.04.26-18.44.05:364][  0]LogD3D11RHI:     VendorId    : 1002
[2026.04.26-18.44.05:364][  0]LogD3D11RHI:     DeviceId    : 15d8
[2026.04.26-18.44.05:364][  0]LogD3D11RHI:     SubSysId    : 8706103c
[2026.04.26-18.44.05:364][  0]LogD3D11RHI:     Revision    : 00c4
[2026.04.26-18.44.05:364][  0]LogD3D11RHI:     DedicatedVideoMemory : 2132467712 bytes
[2026.04.26-18.44.05:364][  0]LogD3D11RHI:     DedicatedSystemMemory : 0 bytes
[2026.04.26-18.44.05:364][  0]LogD3D11RHI:     SharedSystemMemory : 3179114496 bytes
[2026.04.26-18.44.05:364][  0]LogD3D11RHI:     AdapterLuid : 0 69907
[2026.04.26-18.44.05:697][  0]LogD3D11RHI: Created device via AGS, feature level 11_0, supported extensions 1fffffbf.
[2026.04.26-18.44.05:698][  0]LogD3D11RHI: RHI has support for 64 bit atomics
[2026.04.26-18.44.05:698][  0]LogD3D11RHI: Async texture creation enabled
[2026.04.26-18.44.05:698][  0]LogD3D11RHI: Array index from any shader is supported
[2026.04.26-18.44.05:805][  0]LogD3D11RHI: GPU Timing Frequency: 25.000000 (Debug: 2 1)
[2026.04.26-18.44.08:576][  0]LogTargetPlatformManager: Display: Loaded TargetPlatform 'WindowsNoEditor'
[2026.04.26-18.44.08:596][  0]LogTargetPlatformManager: Display: Loaded TargetPlatform 'Windows'
[2026.04.26-18.44.08:620][  0]LogTargetPlatformManager: Display: Loaded TargetPlatform 'WindowsClient'
[2026.04.26-18.44.08:643][  0]LogTargetPlatformManager: Display: Loaded TargetPlatform 'WindowsServer'
[2026.04.26-18.44.08:643][  0]LogTargetPlatformManager: Display: Building Assets For Windows
[2026.04.26-18.44.08:678][  0]LogAudioDebug: Display: Lib vorbis DLL was dynamically loaded.
[2026.04.26-18.44.08:819][  0]LogTextureFormatOodle: Display: Oodle Texture 2.9.0 init RDO Off
[2026.04.26-18.44.09:110][  0]LogRendererCore: Ray tracing is disabled. Reason: r.RayTracing=0.
[2026.04.26-18.44.09:114][  0]LogShaderLibrary: Display: Running without a pakfile and did not find a monolithic library 'Global' - attempting disk search for its chunks
[2026.04.26-18.44.09:114][  0]LogShaderLibrary: Display:    ....  not found
[2026.04.26-18.44.09:120][  0]LogShaderCompilers: Guid format shader working directory is -18 characters bigger than the processId version (../../../../../../LastStep/PROJECT-LAST-STEP/Playtime_Multiplayer/Intermediate/Shaders/WorkingDirectory/292/).
[2026.04.26-18.44.09:120][  0]LogShaderCompilers: Cleaned the shader compiler working directory 'C:/Users/Xdox2/AppData/Local/Temp/UnrealShaderWorkingDir/9BCA276341B2CDE059B72690A810E8AF/'.
[2026.04.26-18.44.09:122][  0]LogXGEController: Cannot use XGE Controller as Incredibuild is not installed on this machine.
[2026.04.26-18.44.09:122][  0]LogShaderCompilers: Cannot use XGE Shader Compiler as Incredibuild is not installed on this machine.
[2026.04.26-18.44.09:122][  0]LogShaderCompilers: Display: Using Local Shader Compiler.
[2026.04.26-18.44.12:482][  0]LogDerivedDataCache: Display: Max Cache Size: 512 MB
[2026.04.26-18.44.13:205][  0]LogDerivedDataCache: Loaded boot cache 0.72s 94MB C:/Users/Xdox2/AppData/Local/UnrealEngine/4.27/DerivedDataCache/Boot.ddc.
[2026.04.26-18.44.13:206][  0]LogDerivedDataCache: Display: Loaded Boot cache: C:/Users/Xdox2/AppData/Local/UnrealEngine/4.27/DerivedDataCache/Boot.ddc
[2026.04.26-18.44.13:207][  0]LogDerivedDataCache: FDerivedDataBackendGraph:  Pak pak cache file ../../../../../../LastStep/PROJECT-LAST-STEP/Playtime_Multiplayer/DerivedDataCache/DDC.ddp not found, will not use a pak cache.
[2026.04.26-18.44.13:207][  0]LogDerivedDataCache: Unable to find inner node Pak for hierarchical cache Hierarchy.
[2026.04.26-18.44.13:207][  0]LogDerivedDataCache: FDerivedDataBackendGraph:  CompressedPak pak cache file ../../../../../../LastStep/PROJECT-LAST-STEP/Playtime_Multiplayer/DerivedDataCache/Compressed.ddp not found, will not use a pak cache.
[2026.04.26-18.44.13:207][  0]LogDerivedDataCache: Unable to find inner node CompressedPak for hierarchical cache Hierarchy.
[2026.04.26-18.44.13:268][  0]LogDerivedDataCache: Display: Pak cache opened for reading ../../../Engine/DerivedDataCache/Compressed.ddp.
[2026.04.26-18.44.13:268][  0]LogDerivedDataCache: FDerivedDataBackendGraph:  EnterprisePak pak cache file ../../../Enterprise/DerivedDataCache/Compressed.ddp not found, will not use a pak cache.
[2026.04.26-18.44.13:268][  0]LogDerivedDataCache: Unable to find inner node EnterprisePak for hierarchical cache Hierarchy.
[2026.04.26-18.44.13:354][  0]LogDerivedDataCache: Speed tests for C:/Users/Xdox2/AppData/Local/UnrealEngine/Common/DerivedDataCache took 0.08 seconds
[2026.04.26-18.44.13:354][  0]LogDerivedDataCache: Display: Performance to C:/Users/Xdox2/AppData/Local/UnrealEngine/Common/DerivedDataCache: Latency=0.14ms. RandomReadSpeed=62.70MBs, RandomWriteSpeed=15.85MBs. Assigned SpeedClass 'Local'
[2026.04.26-18.44.13:366][  0]LogDerivedDataCache: Using Local data cache path C:/Users/Xdox2/AppData/Local/UnrealEngine/Common/DerivedDataCache: Writable
[2026.04.26-18.44.13:366][  0]LogDerivedDataCache: Shared data cache path not found in *engine.ini, will not use an Shared cache.
[2026.04.26-18.44.13:366][  0]LogDerivedDataCache: Unable to find inner node Shared for hierarchical cache Hierarchy.
[2026.04.26-18.44.13:503][  0]LogSlate: Using FreeType 2.10.0
[2026.04.26-18.44.13:506][  0]LogSlate: SlateFontServices - WITH_FREETYPE: 1, WITH_HARFBUZZ: 1
[2026.04.26-18.44.14:273][  0]LogInit: Using OS detected language (ru-RU).
[2026.04.26-18.44.14:273][  0]LogInit: Using OS detected locale (ru-RU).
[2026.04.26-18.44.14:273][  0]LogTextLocalizationManager: No localization for 'ru-RU' exists, so 'en' will be used for the language.
[2026.04.26-18.44.14:274][  0]LogTextLocalizationManager: No localization for 'ru-RU' exists, so 'en' will be used for the locale.
[2026.04.26-18.44.14:275][  0]LogSlate: FontCache flush requested. Reason: Culture for localization was changed
[2026.04.26-18.44.14:275][  0]LogSlate: FontCache flush requested. Reason: Culture for localization was changed
[2026.04.26-18.44.14:292][  0]LogAssetRegistry: FAssetRegistry took 0.0091 seconds to start up
[2026.04.26-18.44.15:552][  0]LogTextLocalizationManager: Compacting localization data took   2.00ms
[2026.04.26-18.44.15:552][  0]LogPackageLocalizationCache: Processed 27 localized package path(s) for 1 prioritized culture(s) in 0.008638 seconds
[2026.04.26-18.44.15:947][  0]LogInit: Selected Device Profile: [Windows]
[2026.04.26-18.44.15:947][  0]LogInit: Active device profile: [00000293F046F600][00000293E3C77780 49] Windows
[2026.04.26-18.44.15:948][  0]LogInit: Profiles: [00000293F046F600][00000293E3C77780 49] Windows, [00000293F0424B00][00000293F0C97900 49] WindowsNoEditor, [00000293F046CB00][00000293F0C9BA80 49] WindowsServer, [00000293F0426B00][00000293E8CFDBC0 49] WindowsClient, [00000293F046EA00][00000293F0C9E180 49] IOS, [00000293F0427100][00000293F0CA22C0 49] iPadAir, [00000293F046F000][00000293F0CAA440 49] iPadAir2, [00000293F03D3500][00000293F0CB2700 49] IPadPro, [00000293F03D3600][00000293F0CAE740 49] iPadAir3, [00000293F046CF00][00000293F0CB68C0 49] iPadAir4, [00000293F03D1000][00000293F0CBAA40 49] iPadMini2, [00000293F046F900][00000293F0CBEBC0 49] iPadMini3, [00000293F03D0600][00000293F0CC2D40 49] iPadMini4, [00000293F046CA00][00000293F0CC6EC0 49] iPadMini5, [00000293F0416600][00000293F0CCF180 49] iPhone6, [00000293F0416700][00000293F0CCB1C0 49] iPodTouch6, [00000293F03D1400][00000293F0CD7480 49] iPhone7, [00000293F03D1700][00000293F0CD34C0 49] iPodTouch7, [00000293F0414F00][00000293F0CDB640 49] iPhone5S, [00000293F03D3A00][00000293F0CDF7C0 49] iPhone6Plus, [00000293F0414600][00000293F0CE3940 49] iPhone6S, [00000293F03D2800][00000293F0CE7AC0 49] iPhone6SPlus, [00000293F0415400][00000293F0CEA0C0 49] iPhone7Plus, [00000293F03D0C00][00000293F0CA6200 49] iPhoneSE, [00000293F0416200][00000293F0CEE340 49] iPhone8, [00000293F03D2B00][00000293F0CF2480 49] iPhone8Plus, [00000293F0416A00][00000293F0CF65C0 49] iPhoneX, [00000293F03D2300][00000293F0CFE740 49] iPhoneXS, [00000293F0415700][00000293F0D028C0 49] iPhoneXSMax, [00000293F03D2000][00000293F0D06A40 49] iPhoneXR, [00000293F0414700][00000293F0D0ABC0 49] iPhone11, [00000293F03D3800][00000293F0D0ED40 49] iPhone11Pro, [00000293F0417900][00000293F0D12EC0 49] iPhone11ProMax, [00000293F03D2900][00000293F0D17040 49] iPhoneSE2, [00000293F0415100][00000293F0D1B1C0 49] iPhone12Mini, [00000293F03D3000][00000293F0D1F340 49] iPhone12, [00000293F0415600][00000293F0D234C0 49] iPhone12Pro, [00000293F03D1600][00000293F0D27640 49] iPhone12ProMax, [00000293F0416400][00000293F0D2B7C0 49] iPadPro105, [00000293F03D2F00][00000293F0D2F940 49] iPadPro129, [00000293F0414D00][00000293F0D33AC0 49] iPadPro97, [00000293F03D0400][00000293F0D360C0 49] iPadPro2_129, [00000293F0415900][00000293F0D3A240 49] iPad5, [00000293F03D0A00][00000293F0CFA380 49] iPad6, [00000293F0417200][00000293F0D3E4C0 49] iPad7, [00000293F03D1900][00000293F0D42600 49] iPad8, [00000293F0417A00][00000293F0D46740 49] iPadPro11, [00000293F03D3B00][00000293F0D4E8C0 49] iPadPro2_11, [00000293F0414E00][00000293F0D52A40 49] iPadPro3_129, [00000293F03D1F00][00000293F0D56BC0 49] iPadPro4_129, [00000293F0415C00][00000293F0D5AD40 49] AppleTV, [00000293F03D3F00][00000293F0D5EEC0 49] AppleTV4K, [00000293F0425000][00000293F0D63040 49] TVOS, [00000293F0519100][00000293F0D671C0 49] Mac, [00000293F0425300][00000293F0D6B340 49] MacClient, [00000293F0519000][00000293F0D6F4C0 49] MacNoEditor, [00000293F0426A00][00000293F0D73640 49] MacServer, [00000293F0518600][00000293F0D777C0 49] Linux, [00000293F0427500][00000293F0D7B940 49] LinuxAArch64, [00000293F0518700][00000293F0D7FAC0 49] LinuxNoEditor, [00000293F0424D00][00000293F0D820C0 49] LinuxAArch64NoEditor, [00000293F0518900][00000293F0D86240 49] LinuxClient, [00000293F0426C00][00000293F0D8A3C0 49] LinuxAArch64Client, [00000293F0519600][00000293F0D8E540 49] LinuxServer, [00000293F0426600][00000293F0D4A680 49] LinuxAArch64Server, [00000293F051A900][00000293EA9A27C0 49] Android, [00000293F0425800][00000293EA9A6900 49] Android_Low, [00000293F0518F00][00000293EA9AEA80 49] Android_Mid, [00000293F0426000][00000293EA9B2C00 49] Android_High, [00000293F0519B00][00000293EA9B6D80 49] Android_Default, [00000293F0424500][00000293EA9BAF00 49] Android_Adreno4xx, [00000293F0519400][00000293EA9BF080 49] Android_Adreno5xx_Low, [00000293F0426400][00000293EA9C3200 49] Android_Adreno5xx, [00000293F0519700][00000293EA9C7380 49] Android_Adreno6xx, [00000293F0425900][00000293EA9CB500 49] Android_Adreno6xx_Vulkan, [00000293F051AA00][00000293EA9CF680 49] Android_Mali_T6xx, [00000293F03D2C00][00000293EA9D3800 49] Android_Mali_T7xx, [00000293F051AD00][00000293EA9D7980 49] Android_Mali_T8xx, [00000293F03D0D00][00000293E8A23B00 49] Android_Mali_G71, [00000293F051A000][00000293E8A26100 49] Android_Mali_G72, [00000293F03D2D00][00000293E8A2A280 49] Android_Mali_G72_Vulkan, [00000293F0518400][00000293E8A2E400 49] Android_Mali_G76, [00000293F03D1A00][00000293E8A32580 49] Android_Mali_G76_Vulkan, [00000293F051A300][00000293E8A36700 49] Android_Mali_G77, [00000293F03D2200][00000293EA9AA840 49] Android_Mali_G77_Vulkan, [00000293F051A800][00000293E8A3A980 49] Android_Mali_G78, [00000293F03D0B00][00000293E8A3EAC0 49] Android_Mali_G78_Vulkan, [00000293F0518500][00000293E8A46C40 49] Android_Mali_G710, [00000293F03D0800][00000293E8A4ADC0 49] Android_Mali_G710_Vulkan, [00000293F0519900][00000293E8A4EF40 49] Android_Vulkan_SM5, [00000293F03D3900][00000293E8A530C0 49] Android_PowerVR_G6xxx, [00000293F0519F00][00000293E8A57240 49] Android_PowerVR_GT7xxx, [00000293F03D3700][00000293E8A5B3C0 49] Android_PowerVR_GE8xxx, [00000293F051AE00][00000293E8A5F540 49] Android_PowerVR_GM9xxx, [00000293F03D1C00][00000293E8A636C0 49] Android_PowerVR_GM9xxx_Vulkan, [00000293F051AF00][00000293E8A67840 49] Android_TegraK1, [00000293F03D1D00][00000293E8A6B9C0 49] Android_Unknown_Vulkan, [00000293F0519D00][00000293F0D93B40 49] Lumin, [00000293F03D1100][00000293F0D96140 49] Lumin_Desktop, [00000293F0417C00][00000293F0D9A2C0 49] HoloLens, 
[2026.04.26-18.44.17:024][  0]LogMeshReduction: Using QuadricMeshReduction for automatic static mesh reduction
[2026.04.26-18.44.17:024][  0]LogMeshReduction: Using SimplygonMeshReduction for automatic skeletal mesh reduction
[2026.04.26-18.44.17:024][  0]LogMeshReduction: Using ProxyLODMeshReduction for automatic mesh merging
[2026.04.26-18.44.17:024][  0]LogMeshReduction: No distributed automatic mesh merging module available
[2026.04.26-18.44.17:025][  0]LogMeshMerging: No distributed automatic mesh merging module available
[2026.04.26-18.44.17:604][  0]LogNetVersion: Playtime_Multiplayer 1.0.0, NetCL: 17155196, EngineNetVer: 17, GameNetVer: 0 (Checksum: 2025055209)
[2026.04.26-18.44.19:295][  0]LogTexture: Default maximum texture size for cubemaps generated from long-lat sources has been changed from 512 to unlimited. In order to preserve old behaiour for '/Engine/MapTemplates/Sky/DaylightAmbientCubemap.DaylightAmbientCubemap', its maximum texture size has been explicitly set to 512.
[2026.04.26-18.44.19:678][  0]LogHMD: PokeAHoleMaterial loaded successfully
[2026.04.26-18.44.20:433][  0]LogMoviePlayer: Initializing movie player
[2026.04.26-18.44.21:147][  0]LogNiagaraDebuggerClient: Niagara Debugger Client Initialized | Session: B622936C43B71DCD9F93EDA29EC4D9F8 | Instance: 0C4A685E4482931BBEEC15A4EF974B69 (SIBIDI-292).
[2026.04.26-18.44.21:344][  0]LogCollectionManager: Loaded 0 collections in 0.006073 seconds
[2026.04.26-18.44.21:361][  0]LogFileCache: Scanning file cache for directory 'C:/LastStep/PROJECT-LAST-STEP/Playtime_Multiplayer/Saved/Collections/' took 0.00s
[2026.04.26-18.44.21:361][  0]LogFileCache: Scanning file cache for directory 'C:/LastStep/PROJECT-LAST-STEP/Playtime_Multiplayer/Content/Developers/Xdox2/Collections/' took 0.00s
[2026.04.26-18.44.21:361][  0]LogFileCache: Scanning file cache for directory 'C:/LastStep/PROJECT-LAST-STEP/Playtime_Multiplayer/Content/Collections/' took 0.00s
[2026.04.26-18.44.21:361][  0]LogCollectionManager: Fixed up redirectors for 0 collections in 0.000003 seconds (updated 0 objects)
[2026.04.26-18.44.21:545][  0]LogPython: Using Python 3.7.7
[2026.04.26-18.44.24:137][  0]LogTcpMessaging: Initializing TcpMessaging bridge
[2026.04.26-18.44.24:161][  0]LogUdpMessaging: Initializing bridge on interface 0.0.0.0:0 to multicast group 230.0.0.1:6666.
[2026.04.26-18.44.24:478][  0]LogVaRest: FVaRestModule::StartupModule(28): VaRest (1.1.33) module started
[2026.04.26-18.44.24:575][  0]LogPython: Warning: 'EBoxySoundSet' and 'BoxySoundSet' have the same name (BoxySoundSet) when exposed to Python. Rename one of them using 'ScriptName' meta-data.
[2026.04.26-18.44.24:585][  0]LogPython: Warning: 'EMommySoundSet' and 'MommySoundSet' have the same name (MommySoundSet) when exposed to Python. Rename one of them using 'ScriptName' meta-data.
[2026.04.26-18.44.25:349][  0]SourceControl: Source control is disabled
[2026.04.26-18.44.25:350][  0]SourceControl: Source control is disabled
[2026.04.26-18.44.25:434][  0]SourceControl: Source control is disabled
[2026.04.26-18.44.25:450][  0]LogUProjectInfo: Found projects:
[2026.04.26-18.44.25:997][  0]LogOpenImageDenoise: OIDN starting up
[2026.04.26-18.44.26:232][  0]LogAndroidPermission: UAndroidPermissionCallbackProxy::GetInstance
[2026.04.26-18.44.26:329][  0]LogAudioCaptureCore: Display: No Audio Capture implementations found. Audio input will be silent.
[2026.04.26-18.44.26:329][  0]LogAudioCaptureCore: Display: No Audio Capture implementations found. Audio input will be silent.
[2026.04.26-18.44.26:676][  0]LogOcInput: OculusInput pre-init called
[2026.04.26-18.44.26:721][  0]LogUObjectArray: 22631 objects as part of root set at end of initial load.
[2026.04.26-18.44.26:721][  0]LogUObjectAllocator: 6112856 out of 0 bytes used by permanent object pool.
[2026.04.26-18.44.26:721][  0]LogUObjectArray: CloseDisregardForGC: 0/0 objects in disregard for GC pool
[2026.04.26-18.44.27:172][  0]LogClass: Display: BoolProperty FBPSteamGroupOfficer::bIsOwner is not initialized properly. Module:AdvancedSteamSessions File:Classes/SteamRequestGroupOfficersCallbackProxy.h
[2026.04.26-18.44.27:174][  0]LogClass: Display: IntProperty FBPSteamGroupInfo::numOnline is not initialized properly. Module:AdvancedSteamSessions File:Classes/AdvancedSteamFriendsLibrary.h
[2026.04.26-18.44.27:174][  0]LogClass: Display: IntProperty FBPSteamGroupInfo::numInGame is not initialized properly. Module:AdvancedSteamSessions File:Classes/AdvancedSteamFriendsLibrary.h
[2026.04.26-18.44.27:174][  0]LogClass: Display: IntProperty FBPSteamGroupInfo::numChatting is not initialized properly. Module:AdvancedSteamSessions File:Classes/AdvancedSteamFriendsLibrary.h
[2026.04.26-18.44.27:175][  0]LogClass: Warning: StructProperty FPlaytimeEvent::StartDate is not initialized properly even though its struct probably has a custom default constructor. Module:Playtime_Multiplayer File:PlaytimeEvent.h
[2026.04.26-18.44.27:175][  0]LogClass: Warning: StructProperty FPlaytimeEvent::EndDate is not initialized properly even though its struct probably has a custom default constructor. Module:Playtime_Multiplayer File:PlaytimeEvent.h
[2026.04.26-18.44.27:175][  0]LogClass: Warning: StructProperty FShoppyItemResponseSet::StartTime is not initialized properly even though its struct probably has a custom default constructor. Module:Playtime_Multiplayer File:ShoppyItemResponseSet.h
[2026.04.26-18.44.27:175][  0]LogClass: Warning: StructProperty FShoppyItemResponseSet::EndTime is not initialized properly even though its struct probably has a custom default constructor. Module:Playtime_Multiplayer File:ShoppyItemResponseSet.h
[2026.04.26-18.44.27:175][  0]LogClass: Warning: StructProperty FShoppySaleResponse::StartTime is not initialized properly even though its struct probably has a custom default constructor. Module:Playtime_Multiplayer File:ShoppySaleResponse.h
[2026.04.26-18.44.27:175][  0]LogClass: Warning: StructProperty FShoppySaleResponse::EndTime is not initialized properly even though its struct probably has a custom default constructor. Module:Playtime_Multiplayer File:ShoppySaleResponse.h
[2026.04.26-18.44.27:175][  0]LogClass: Warning: StructProperty FToyBoxResponse::StartTime is not initialized properly even though its struct probably has a custom default constructor. Module:Playtime_Multiplayer File:ToyBoxResponse.h
[2026.04.26-18.44.27:175][  0]LogClass: Warning: StructProperty FToyBoxResponse::EndTime is not initialized properly even though its struct probably has a custom default constructor. Module:Playtime_Multiplayer File:ToyBoxResponse.h
[2026.04.26-18.44.27:177][  0]LogClass: Display: EnumProperty FVaRest_NamedType::Type is not initialized properly. Module:VaRestEditor File:Public/VaRest_BreakJson.h
[2026.04.26-18.44.27:179][  0]LogClass: Display: BoolProperty FVaRest_NamedType::bIsArray is not initialized properly. Module:VaRestEditor File:Public/VaRest_BreakJson.h
[2026.04.26-18.44.27:179][  0]LogClass: Display: 14 Uninitialized script struct members found including 0 object properties
[2026.04.26-18.44.27:190][  0]LogAutomationTest: Warning: StructProperty FPlaytimeEvent::StartDate is not initialized properly even though its struct probably has a custom default constructor. Module:Playtime_Multiplayer File:PlaytimeEvent.h
[2026.04.26-18.44.27:190][  0]LogAutomationTest: Warning: StructProperty FPlaytimeEvent::EndDate is not initialized properly even though its struct probably has a custom default constructor. Module:Playtime_Multiplayer File:PlaytimeEvent.h
[2026.04.26-18.44.27:191][  0]LogAutomationTest: Warning: StructProperty FShoppyItemResponseSet::StartTime is not initialized properly even though its struct probably has a custom default constructor. Module:Playtime_Multiplayer File:ShoppyItemResponseSet.h
[2026.04.26-18.44.27:191][  0]LogAutomationTest: Warning: StructProperty FShoppyItemResponseSet::EndTime is not initialized properly even though its struct probably has a custom default constructor. Module:Playtime_Multiplayer File:ShoppyItemResponseSet.h
[2026.04.26-18.44.27:191][  0]LogAutomationTest: Warning: StructProperty FShoppySaleResponse::StartTime is not initialized properly even though its struct probably has a custom default constructor. Module:Playtime_Multiplayer File:ShoppySaleResponse.h
[2026.04.26-18.44.27:191][  0]LogAutomationTest: Warning: StructProperty FShoppySaleResponse::EndTime is not initialized properly even though its struct probably has a custom default constructor. Module:Playtime_Multiplayer File:ShoppySaleResponse.h
[2026.04.26-18.44.27:191][  0]LogAutomationTest: Warning: StructProperty FToyBoxResponse::StartTime is not initialized properly even though its struct probably has a custom default constructor. Module:Playtime_Multiplayer File:ToyBoxResponse.h
[2026.04.26-18.44.27:191][  0]LogAutomationTest: Warning: StructProperty FToyBoxResponse::EndTime is not initialized properly even though its struct probably has a custom default constructor. Module:Playtime_Multiplayer File:ToyBoxResponse.h
[2026.04.26-18.44.27:196][  0]LogEngine: Initializing Engine...
[2026.04.26-18.44.27:205][  0]LogVaRest: UVaRestSubsystem::Initialize(24): VaRest subsystem initialized
[2026.04.26-18.44.27:252][  0]LogHMD: Failed to enumerate extensions. Please check that you have a valid OpenXR runtime installed.
[2026.04.26-18.44.27:254][  0]LogHMD: Failed to initialize OpenVR with code 110
[2026.04.26-18.44.27:254][  0]LogMagicLeap: Warning: VR disabled because ZI is not enabled.  To enable, in the editor, Edit -> Project Settings -> Plugins -> Magic Leap Plugin -> Enable Zero Iteration
[2026.04.26-18.44.27:266][  0]LogStats: UGameplayTagsManager::InitializeManager -  0.006 s
[2026.04.26-18.44.27:735][  0]LogUObjectGlobals: Warning: Failed to load '/Game/PSHOWTIMEPHASE3/UI/UI_Utility/UI_Cursor': Can't find file.
[2026.04.26-18.44.27:736][  0]LogUObjectGlobals: Warning: Failed to load '/Game/PSHOWTIMEPHASE3/UI/UI_Utility/UI_Cursor': Can't find file.
[2026.04.26-18.44.27:736][  0]LogUObjectGlobals: Warning: Failed to find object 'Object /Game/PSHOWTIMEPHASE3/UI/UI_Utility/UI_Cursor.UI_Cursor_C'
[2026.04.26-18.44.27:736][  0]LogLoad: Warning: UUserInterfaceSettings::ForceLoadResources: Failed to load cursor resource 0.
[2026.04.26-18.44.27:739][  0]LogInit: Initializing FReadOnlyCVARCache
[2026.04.26-18.44.27:739][  0]LogAudio: Display: Initializing Audio Device Manager...
[2026.04.26-18.44.27:762][  0]LogAudio: Display: Loading Default Audio Settings Objects...
[2026.04.26-18.44.27:768][  0]LogAudio: Display: No default SoundConcurrencyObject specified (or failed to load).
[2026.04.26-18.44.27:775][  0]LogAudio: Display: Audio Device Manager Initialized
[2026.04.26-18.44.27:776][  0]LogAudio: Display: Creating Audio Device:                 Id: 1, Scope: Shared, Realtime: True
[2026.04.26-18.44.27:784][  0]LogAudioMixer: Display: Audio Mixer Platform Settings:
[2026.04.26-18.44.27:785][  0]LogAudioMixer: Display: 	Sample Rate:						  48000
[2026.04.26-18.44.27:785][  0]LogAudioMixer: Display: 	Callback Buffer Frame Size Requested: 512
[2026.04.26-18.44.27:785][  0]LogAudioMixer: Display: 	Callback Buffer Frame Size To Use:	  512
[2026.04.26-18.44.27:785][  0]LogAudioMixer: Display: 	Number of buffers to queue:			  1
[2026.04.26-18.44.27:785][  0]LogAudioMixer: Display: 	Max Channels (voices):				  0
[2026.04.26-18.44.27:785][  0]LogAudioMixer: Display: 	Number of Async Source Workers:		  4
[2026.04.26-18.44.27:785][  0]LogAudio: Display: AudioDevice MaxSources: 32
[2026.04.26-18.44.27:795][  0]LogAudio: Display: Audio Spatialization Plugin: None (built-in).
[2026.04.26-18.44.27:795][  0]LogAudio: Display: Audio Reverb Plugin: None (built-in).
[2026.04.26-18.44.27:795][  0]LogAudio: Display: Audio Occlusion Plugin: None (built-in).
[2026.04.26-18.44.27:795][  0]LogAudioMixer: Display: Initializing audio mixer.
[2026.04.26-18.44.27:903][  0]LogAudioMixer: Display: 0: FrontLeft
[2026.04.26-18.44.27:904][  0]LogAudioMixer: Display: 1: FrontRight
[2026.04.26-18.44.28:016][  0]LogAudioMixer: Display: Using Audio Device Voicemeeter VAIO3 Input (VB-Audio Voicemeeter VAIO)
[2026.04.26-18.44.28:040][  0]LogAudioMixer: Display: Initializing Sound Submixes...
[2026.04.26-18.44.28:060][  0]LogAudioMixer: Display: Creating Master Submix 'MasterSubmixDefault'
[2026.04.26-18.44.28:060][  0]LogAudioMixer: Display: Creating Master Submix 'MasterReverbSubmixDefault'
[2026.04.26-18.44.28:078][  0]LogAudioMixer: Display: Creating Master Submix 'MasterEQSubmixDefault'
[2026.04.26-18.44.28:081][  0]LogAudioMixer: FMixerPlatformXAudio2::StartAudioStream() called
[2026.04.26-18.44.28:081][  0]LogAudioMixer: Display: Output buffers initialized: Frames=512, Channels=2, Samples=1024
[2026.04.26-18.44.28:085][  0]LogAudioMixer: Display: Starting AudioMixerPlatformInterface::RunInternal()
[2026.04.26-18.44.28:085][  0]LogAudioMixer: Display: FMixerPlatformXAudio2::SubmitBuffer() called for the first time
[2026.04.26-18.44.28:085][  0]LogInit: FAudioDevice initialized.
[2026.04.26-18.44.28:141][  0]LogNetVersion: Set ProjectVersion to 1.0.0.0. Version Checksum will be recalculated on next use.
[2026.04.26-18.44.28:152][  0]LogInit: Texture streaming: Enabled
[2026.04.26-18.44.28:724][  0]LogAudio: Display: Audio Device (ID: 1) registered with world 'Untitled'.
[2026.04.26-18.44.28:725][  0]PIE: Warning: UGameViewportClient::AddCursor: Could not load cursor class 'UI_Cursor_C'.
[2026.04.26-18.44.28:739][  0]LogSlate: Updating window title bar state: overlay mode, drag disabled, window buttons hidden, title bar hidden
[2026.04.26-18.44.28:746][  0]LogInit: Display: Game Engine Initialized.
[2026.04.26-18.44.28:747][  0]LogNiagaraEditor: GEditor isn't valid! Particle reset commands will not work for Niagara components!
[2026.04.26-18.44.29:305][  0]LogInit: Display: Starting Game.
[2026.04.26-18.44.29:309][  0]LogNet: Browse: /Game/Map/Main_Menu?Name=Player
[2026.04.26-18.44.29:313][  0]LogLoad: LoadMap: /Game/Map/Main_Menu?Name=Player
[2026.04.26-18.44.29:313][  0]LogWorld: BeginTearingDown for /Temp/Untitled_0
[2026.04.26-18.44.29:324][  0]LogWorld: UWorld::CleanupWorld for Untitled, bSessionEnded=true, bCleanupResources=true
[2026.04.26-18.44.29:336][  0]LogSlate: InvalidateAllWidgets triggered.  All widgets were invalidated
[2026.04.26-18.44.29:358][  0]LogAudio: Display: Audio Device unregistered from world 'None'.
[2026.04.26-18.44.29:399][  0]LogUObjectHash: Compacting FUObjectHashTables data took   2.58ms
[2026.04.26-18.44.29:441][  0]LogUObjectGlobals: Warning: [AssetLog] C:\LastStep\PROJECT-LAST-STEP\Playtime_Multiplayer\Content\Widgets\Buttons.uasset: Failed to load '/Game/Widgets/textures/выходbutton': Can't find file.
[2026.04.26-18.44.29:441][  0]LogUObjectGlobals: Warning: [AssetLog] C:\LastStep\PROJECT-LAST-STEP\Playtime_Multiplayer\Content\Widgets\Buttons.uasset: Failed to load '/Game/Widgets/textures/выходbutton': Can't find file.
[2026.04.26-18.44.29:442][  0]LogUObjectGlobals: Warning: [AssetLog] C:\LastStep\PROJECT-LAST-STEP\Playtime_Multiplayer\Content\Widgets\Buttons.uasset: Failed to load '/Game/Widgets/textures/выходbutton': Can't find file.
[2026.04.26-18.44.29:503][  0]LogUObjectGlobals: Warning: Failed to load '/Game/Widgets/textures/Снимок_экрана_2026-04-01_200059': Can't find file.
[2026.04.26-18.44.29:504][  0]LogUObjectGlobals: Warning: [AssetLog] C:\LastStep\PROJECT-LAST-STEP\Playtime_Multiplayer\Content\Widgets\CHOOSE.uasset: Failed to load '/Game/Widgets/textures/Снимок_экрана_2026-04-01_200059': Can't find file.
[2026.04.26-18.44.29:556][  0]LogUObjectGlobals: Warning: [AssetLog] C:\LastStep\PROJECT-LAST-STEP\Playtime_Multiplayer\Content\Widgets\choice_mode.uasset: Failed to load '/Game/Widgets/textures/Снимок_экрана_2026-04-01_193405': Can't find file.
[2026.04.26-18.44.29:584][  0]LogUObjectGlobals: Warning: Failed to load '/Game/Widgets/textures/Снимок_экрана_2026-04-01_193405': Can't find file.
[2026.04.26-18.44.29:586][  0]LogUObjectGlobals: Warning: [AssetLog] C:\LastStep\PROJECT-LAST-STEP\Playtime_Multiplayer\Content\Widgets\TAG_PLAY.uasset: Failed to load '/Game/Widgets/textures/Снимок_экрана_2026-04-01_193405': Can't find file.
[2026.04.26-18.44.29:588][  0]LogUObjectGlobals: Warning: Failed to load '/Game/Widgets/textures/Снимок_экрана_2026-04-01_193405': Can't find file.
[2026.04.26-18.44.29:590][  0]LogUObjectGlobals: Warning: [AssetLog] C:\LastStep\PROJECT-LAST-STEP\Playtime_Multiplayer\Content\Widgets\choice_mode.uasset: Failed to load '/Game/Widgets/textures/Снимок_экрана_2026-04-01_193405': Can't find file.
[2026.04.26-18.44.29:611][  0]LogUObjectGlobals: Warning: Failed to load '/Game/Widgets/textures/выходbutton': Can't find file.
[2026.04.26-18.44.29:613][  0]LogUObjectGlobals: Warning: [AssetLog] C:\LastStep\PROJECT-LAST-STEP\Playtime_Multiplayer\Content\Widgets\Buttons.uasset: Failed to load '/Game/Widgets/textures/выходbutton': Can't find file.
[2026.04.26-18.44.29:614][  0]LogUObjectGlobals: Warning: [AssetLog] C:\LastStep\PROJECT-LAST-STEP\Playtime_Multiplayer\Content\Widgets\Buttons.uasset: Failed to load '/Game/Widgets/textures/выходbutton': Can't find file.
[2026.04.26-18.44.29:614][  0]LogUObjectGlobals: Warning: [AssetLog] C:\LastStep\PROJECT-LAST-STEP\Playtime_Multiplayer\Content\Widgets\Buttons.uasset: Failed to load '/Game/Widgets/textures/выходbutton': Can't find file.
[2026.04.26-18.44.30:019][  0]LogBlueprint: Warning: [AssetLog] C:\LastStep\PROJECT-LAST-STEP\Playtime_Multiplayer\Content\BaseMultiplayer\GameModes\Default\BP_DefaultController.uasset: [Compiler] InputKey Event specifies axis FKey'MouseWheelAxis' for  Mouse Wheel Axis
[2026.04.26-18.44.31:019][  0]LogUObjectGlobals: Warning: [AssetLog] C:\LastStep\PROJECT-LAST-STEP\Playtime_Multiplayer\Content\Widgets\TAG_PLAY.uasset: Failed to load '/Game/Widgets/textures/Снимок_экрана_2026-04-01_193405': Can't find file.
[2026.04.26-18.44.31:028][  0]LogUObjectGlobals: Warning: [AssetLog] C:\LastStep\PROJECT-LAST-STEP\Playtime_Multiplayer\Content\Widgets\CHOOSE.uasset: Failed to load '/Game/Widgets/textures/Снимок_экрана_2026-04-01_200059': Can't find file.
[2026.04.26-18.44.32:253][  0]LogAudio: Display: Audio Device (ID: 1) registered with world 'Main_Menu'.
[2026.04.26-18.44.32:329][  0]LogAIModule: Creating AISystem for world Main_Menu
[2026.04.26-18.44.32:337][  0]LogLoad: Game class is 'FirstPersonGameMode_C'
[2026.04.26-18.44.32:436][  0]LogWorld: Bringing World /Game/Map/Main_Menu.Main_Menu up for play (max tick rate 0) at 2026.04.26-20.44.32
[2026.04.26-18.44.32:458][  0]LogWorld: Bringing up level for play took: 0.110613
[2026.04.26-18.44.32:506][  0]LogGameMode: FindPlayerStart: PATHS NOT DEFINED or NO PLAYERSTART with positive rating
[2026.04.26-18.44.32:833][  0]LogVoiceEncode: Display: EncoderVersion: libopus unknown
[2026.04.26-18.44.32:849][  0]LogOnlineVoice: OSS: StopLocalVoiceProcessing(0) returned 0xFFFFFFFF
[2026.04.26-18.44.32:849][  0]LogOnlineVoice: OSS: Stopping networked voice for user: 0
[2026.04.26-18.44.32:949][  0]LogLoad: Took 3.635862 seconds to LoadMap(/Game/Map/Main_Menu)
[2026.04.26-18.44.33:080][  0]LogSlate: Took 0.002717 seconds to synchronously load lazily loaded font '../../../Engine/Content/Slate/Fonts/Roboto-Regular.ttf' (155K)
[2026.04.26-18.44.33:228][  0]LogRenderer: Reallocating scene render targets to support 1280x720 Format 10 NumSamples 1 (Frame:1).
[2026.04.26-18.44.33:228][  0]LogInit: Display: Engine is initialized. Leaving FEngineLoop::Init()
[2026.04.26-18.44.33:228][  0]LogLoad: (Engine Initialization) Total time: 43.62 seconds
[2026.04.26-18.44.33:228][  0]LogLoad: (Engine Initialization) Total Blueprint compile time: 0.00 seconds
[2026.04.26-18.44.33:373][  0]LogContentStreaming: Texture pool size now 1000 MB
[2026.04.26-18.44.33:391][  0]LogSlate: InvalidateAllWidgets triggered.  All widgets were invalidated
[2026.04.26-18.44.34:273][  1]LogSlate: Took 0.000339 seconds to synchronously load lazily loaded font '../../../Engine/Content/Slate/Fonts/Roboto-Regular.ttf' (155K)
[2026.04.26-18.44.35:762][ 14]LogAudioMixer: Display: Audio Buffer Underrun (starvation) detected.
[2026.04.26-18.44.39:360][ 55]LogScript: Warning: Script Msg: Invalid Player controller when attempting to start a session
[2026.04.26-18.44.42:090][ 87]LogScript: Warning: Script Msg: Invalid Player controller when attempting to start a session
[2026.04.26-18.44.42:316][ 90]LogScript: Warning: Script Msg: Invalid Player controller when attempting to start a session
[2026.04.26-18.44.42:550][ 93]LogScript: Warning: Script Msg: Invalid Player controller when attempting to start a session
[2026.04.26-18.44.42:777][ 96]LogScript: Warning: Script Msg: Invalid Player controller when attempting to start a session
[2026.04.26-18.44.45:637][132]LogScript: Warning: Script Msg: Invalid Player controller when attempting to start a session
[2026.04.26-18.44.45:876][135]LogScript: Warning: Script Msg: Invalid Player controller when attempting to start a session
[2026.04.26-18.44.46:114][138]LogScript: Warning: Script Msg: Invalid Player controller when attempting to start a session
[2026.04.26-18.44.46:277][140]LogScript: Warning: Script Msg: Invalid Player controller when attempting to start a session
[2026.04.26-18.44.46:911][143]LogAudioMixer: Display: Audio Buffer Underrun (starvation) detected.
[2026.04.26-18.44.47:049][143]LogScript: Warning: Script Msg: Invalid Player controller when attempting to start a session
[2026.04.26-18.44.47:051][143]LogScript: Warning: Script Msg: Invalid Player controller when attempting to start a session
[2026.04.26-18.44.47:052][143]LogScript: Warning: Script Msg: Invalid Player controller when attempting to start a session
[2026.04.26-18.44.47:053][143]LogScript: Warning: Script Msg: Invalid Player controller when attempting to start a session
[2026.04.26-18.44.48:188][157]LogScript: Warning: Script Msg: Invalid Player controller when attempting to start a session
[2026.04.26-18.44.48:430][160]LogScript: Warning: Script Msg: Invalid Player controller when attempting to start a session
[2026.04.26-18.44.48:679][163]LogScript: Warning: Script Msg: Invalid Player controller when attempting to start a session
[2026.04.26-18.44.48:908][166]LogScript: Warning: Script Msg: Invalid Player controller when attempting to start a session
[2026.04.26-18.44.49:056][168]LogScript: Warning: Script Msg: Invalid Player controller when attempting to start a session
[2026.04.26-18.44.49:284][171]LogScript: Warning: Script Msg: Invalid Player controller when attempting to start a session
[2026.04.26-18.44.49:519][174]LogScript: Warning: Script Msg: Invalid Player controller when attempting to start a session
[2026.04.26-18.44.49:757][177]LogScript: Warning: Script Msg: Invalid Player controller when attempting to start a session
[2026.04.26-18.44.49:912][179]LogScript: Warning: Script Msg: Invalid Player controller when attempting to start a session
[2026.04.26-18.44.50:160][182]LogScript: Warning: Script Msg: Invalid Player controller when attempting to start a session
[2026.04.26-18.44.50:323][184]LogScript: Warning: Script Msg: Invalid Player controller when attempting to start a session
[2026.04.26-18.44.50:562][187]LogScript: Warning: Script Msg: Invalid Player controller when attempting to start a session
[2026.04.26-18.44.50:791][190]LogScript: Warning: Script Msg: Invalid Player controller when attempting to start a session
[2026.04.26-18.44.50:963][192]LogScript: Warning: Script Msg: Invalid Player controller when attempting to start a session
[2026.04.26-18.44.51:196][195]LogScript: Warning: Script Msg: Invalid Player controller when attempting to start a session
[2026.04.26-18.44.51:435][198]LogScript: Warning: Script Msg: Invalid Player controller when attempting to start a session
[2026.04.26-18.44.51:684][201]LogScript: Warning: Script Msg: Invalid Player controller when attempting to start a session
[2026.04.26-18.44.51:920][204]LogScript: Warning: Script Msg: Invalid Player controller when attempting to start a session
[2026.04.26-18.44.52:066][206]LogScript: Warning: Script Msg: Invalid Player controller when attempting to start a session
[2026.04.26-18.44.52:309][209]LogScript: Warning: Script Msg: Invalid Player controller when attempting to start a session
[2026.04.26-18.44.52:552][212]LogScript: Warning: Script Msg: Invalid Player controller when attempting to start a session
[2026.04.26-18.44.57:345][267]LogSlate: Window 'Playtime_Multiplayer (64-bit Development PCD3D_SM5) ' being destroyed
[2026.04.26-18.44.57:348][267]LogWindowsTextInputMethodSystem: Display: IME system deactivated.
[2026.04.26-18.44.57:440][267]LogSlate: Updating window title bar state: overlay mode, drag disabled, window buttons hidden, title bar hidden
[2026.04.26-18.44.57:440][267]LogEngine: All Windows Closed
[2026.04.26-18.44.57:440][267]LogWindows: FPlatformMisc::RequestExit(0)
[2026.04.26-18.44.57:440][267]LogWindows: FPlatformMisc::RequestExitWithStatus(0, 0)
[2026.04.26-18.44.57:440][267]LogCore: Engine exit requested (reason: Win RequestExit)
[2026.04.26-18.44.57:451][268]LogCore: Engine exit requested (reason: EngineExit() was called; note: exit was already requested)
[2026.04.26-18.44.57:454][268]LogInit: Display: PreExit Game.
[2026.04.26-18.44.57:458][268]LogWorld: BeginTearingDown for /Game/Map/Main_Menu
[2026.04.26-18.44.57:467][268]LogWorld: UWorld::CleanupWorld for Main_Menu, bSessionEnded=true, bCleanupResources=true
[2026.04.26-18.44.57:478][268]LogSlate: InvalidateAllWidgets triggered.  All widgets were invalidated
[2026.04.26-18.44.59:229][268]LogAudioMixer: Display: Audio Buffer Underrun (starvation) detected.
[2026.04.26-18.44.59:272][268]LogAudio: Display: Beginning Audio Device Manager Shutdown (Module: AudioMixerXAudio2)...
[2026.04.26-18.44.59:272][268]LogAudio: Display: Destroying 1 Remaining Audio Device(s)...
[2026.04.26-18.44.59:278][268]LogAudio: Display: Audio Device unregistered from world 'Main_Menu'.
[2026.04.26-18.45.00:308][268]LogAudioMixer: Warning: Timed out waiting to flush the source manager command queue (1).
[2026.04.26-18.45.01:312][268]LogAudioMixer: Warning: Timed out waiting to flush the source manager command queue (2).
[2026.04.26-18.45.01:314][268]LogAudioMixer: FMixerPlatformXAudio2::StopAudioStream() called
[2026.04.26-18.45.01:500][268]LogAudioMixer: FMixerPlatformXAudio2::StopAudioStream() called
[2026.04.26-18.45.01:508][268]LogAudio: Display: Audio Device Manager Shutdown
[2026.04.26-18.45.01:538][268]LogExit: Preparing to exit.
[2026.04.26-18.45.02:030][268]LogSlate: Updating window title bar state: overlay mode, drag disabled, window buttons hidden, title bar hidden
[2026.04.26-18.45.02:075][268]LogUObjectHash: Compacting FUObjectHashTables data took   2.31ms
[2026.04.26-18.45.02:163][268]LogMoviePlayer: Shutting down movie player
[2026.04.26-18.45.02:555][268]LogDemo: Cleaned up 0 splitscreen connections with owner deletion
[2026.04.26-18.45.02:595][268]LogExit: Game engine shut down
[2026.04.26-18.45.03:136][268]LogExit: Object subsystem successfully closed.
[2026.04.26-18.45.03:499][268]LogShaderCompilers: Display: === FShaderJobCache stats ===
[2026.04.26-18.45.03:500][268]LogShaderCompilers: Display: Total job queries 0, among them cache hits 0 (0.00%)
[2026.04.26-18.45.03:500][268]LogShaderCompilers: Display: Tracking 0 distinct input hashes that result in 0 distinct outputs (0.00%)
[2026.04.26-18.45.03:501][268]LogShaderCompilers: Display: RAM used: 0.00 MB (0.00 GB) of 307.20 MB (0.30 GB) budget. Usage: 0.00%
[2026.04.26-18.45.03:501][268]LogShaderCompilers: Display: ================================================
[2026.04.26-18.45.03:554][268]LogShaderCompilers: Display: Shaders left to compile 0
[2026.04.26-18.45.03:858][268]LogModuleManager: Shutting down and abandoning module SequenceRecorderSections (574)
[2026.04.26-18.45.03:858][268]LogModuleManager: Shutting down and abandoning module SequenceRecorder (572)
[2026.04.26-18.45.03:858][268]LogModuleManager: Shutting down and abandoning module AutomationController (570)
[2026.04.26-18.45.03:861][268]LogModuleManager: Shutting down and abandoning module AutomationWorker (568)
[2026.04.26-18.45.03:867][268]LogModuleManager: Shutting down and abandoning module Voice (566)
[2026.04.26-18.45.03:874][268]LogModuleManager: Shutting down and abandoning module AIModule (564)
[2026.04.26-18.45.03:877][268]LogModuleManager: Shutting down and abandoning module GameplayDebugger (563)
[2026.04.26-18.45.03:879][268]LogModuleManager: Shutting down and abandoning module AITestSuite (561)
[2026.04.26-18.45.03:879][268]LogModuleManager: Shutting down and abandoning module NavigationSystem (559)
[2026.04.26-18.45.03:880][268]LogModuleManager: Shutting down and abandoning module AnimGraph (556)
[2026.04.26-18.45.03:880][268]LogModuleManager: Shutting down and abandoning module SteamVREditor (554)
[2026.04.26-18.45.03:881][268]LogModuleManager: Shutting down and abandoning module ToolMenus (553)
[2026.04.26-18.45.03:881][268]LogModuleManager: Shutting down and abandoning module OculusMR (550)
[2026.04.26-18.45.03:881][268]LogModuleManager: Shutting down and abandoning module TakeRecorderSources (548)
[2026.04.26-18.45.03:890][268]LogModuleManager: Shutting down and abandoning module TakeRecorder (547)
[2026.04.26-18.45.03:896][268]LogModuleManager: Shutting down and abandoning module TakeTrackRecorders (544)
[2026.04.26-18.45.03:896][268]LogModuleManager: Shutting down and abandoning module TakesCore (542)
[2026.04.26-18.45.03:896][268]LogModuleManager: Shutting down and abandoning module OpenXRInput (540)
[2026.04.26-18.45.03:898][268]LogModuleManager: Shutting down and abandoning module WmfMediaFactory (538)
[2026.04.26-18.45.03:898][268]LogModuleManager: Shutting down and abandoning module WebMMediaFactory (536)
[2026.04.26-18.45.03:898][268]LogModuleManager: Shutting down and abandoning module WebMMedia (534)
[2026.04.26-18.45.03:899][268]LogModuleManager: Shutting down and abandoning module OpenExrWrapper (532)
[2026.04.26-18.45.03:899][268]LogModuleManager: Shutting down and abandoning module ImgMediaFactory (530)
[2026.04.26-18.45.03:899][268]LogModuleManager: Shutting down and abandoning module AvfMediaFactory (528)
[2026.04.26-18.45.03:899][268]LogModuleManager: Shutting down and abandoning module MagicLeapMediaCodecFactory (526)
[2026.04.26-18.45.03:899][268]LogModuleManager: Shutting down and abandoning module MagicLeapMediaFactory (524)
[2026.04.26-18.45.03:899][268]LogModuleManager: Shutting down and abandoning module PlanarCut (522)
[2026.04.26-18.45.03:901][268]LogModuleManager: Shutting down and abandoning module CharacterAI (520)
[2026.04.26-18.45.03:901][268]LogModuleManager: Shutting down and abandoning module SessionServices (518)
[2026.04.26-18.45.03:901][268]LogModuleManager: Shutting down and abandoning module MovieSceneCapture (516)
[2026.04.26-18.45.03:902][268]LogModuleManager: Shutting down and abandoning module LiveCoding (514)
[2026.04.26-18.45.03:908][268]LogModuleManager: Shutting down and abandoning module LevelSequence (512)
[2026.04.26-18.45.03:911][268]LogModuleManager: Shutting down and abandoning module MovieSceneTracks (510)
[2026.04.26-18.45.03:911][268]LogModuleManager: Shutting down and abandoning module MovieScene (508)
[2026.04.26-18.45.03:912][268]LogModuleManager: Shutting down and abandoning module StreamingPauseRendering (506)
[2026.04.26-18.45.03:913][268]LogModuleManager: Shutting down and abandoning module PortalServices (504)
[2026.04.26-18.45.03:913][268]LogModuleManager: Shutting down and abandoning module PortalRpc (502)
[2026.04.26-18.45.03:913][268]LogModuleManager: Shutting down and abandoning module MessagingRpc (500)
[2026.04.26-18.45.03:913][268]LogModuleManager: Shutting down and abandoning module AudioMixerXAudio2 (498)
[2026.04.26-18.45.03:913][268]LogModuleManager: Shutting down and abandoning module AudioMixerCore (497)
[2026.04.26-18.45.03:913][268]LogModuleManager: Shutting down and abandoning module ImageWriteQueue (494)
[2026.04.26-18.45.03:920][268]LogModuleManager: Shutting down and abandoning module ProfilerService (492)
[2026.04.26-18.45.03:954][268]LogModuleManager: Shutting down and abandoning module TaskGraph (490)
[2026.04.26-18.45.03:955][268]LogModuleManager: Shutting down and abandoning module VaRestEditor (488)
[2026.04.26-18.45.03:955][268]LogModuleManager: Shutting down and abandoning module OculusInput (486)
[2026.04.26-18.45.03:955][268]LogModuleManager: Shutting down and abandoning module TakeMovieScene (484)
[2026.04.26-18.45.03:955][268]LogModuleManager: Shutting down and abandoning module Synthesis (482)
[2026.04.26-18.45.03:956][268]LogModuleManager: Shutting down and abandoning module ProceduralMeshComponent (480)
[2026.04.26-18.45.03:956][268]LogModuleManager: Shutting down and abandoning module MobilePatchingUtils (478)
[2026.04.26-18.45.03:956][268]LogModuleManager: Shutting down and abandoning module GooglePAD (476)
[2026.04.26-18.45.03:956][268]LogModuleManager: Shutting down and abandoning module EditableMesh (474)
[2026.04.26-18.45.03:958][268]LogModuleManager: Shutting down and abandoning module CustomMeshComponent (472)
[2026.04.26-18.45.03:958][268]LogModuleManager: Shutting down and abandoning module CableComponent (470)
[2026.04.26-18.45.03:958][268]LogModuleManager: Shutting down and abandoning module AudioCapture (468)
[2026.04.26-18.45.03:958][268]LogModuleManager: Shutting down and abandoning module AudioCaptureRtAudio (467)
[2026.04.26-18.45.03:959][268]LogModuleManager: Shutting down and abandoning module ArchVisCharacter (464)
[2026.04.26-18.45.03:959][268]LogModuleManager: Shutting down and abandoning module AssetTags (462)
[2026.04.26-18.45.03:959][268]LogModuleManager: Shutting down and abandoning module AppleImageUtilsBlueprintSupport (460)
[2026.04.26-18.45.03:959][268]LogModuleManager: Shutting down and abandoning module AppleImageUtils (458)
[2026.04.26-18.45.03:960][268]LogModuleManager: Shutting down and abandoning module AndroidPermission (456)
[2026.04.26-18.45.03:960][268]LogModuleManager: Shutting down and abandoning module ActorLayerUtilities (454)
[2026.04.26-18.45.03:960][268]LogModuleManager: Shutting down and abandoning module TemplateSequence (450)
[2026.04.26-18.45.03:960][268]LogModuleManager: Shutting down and abandoning module MediaCompositing (448)
[2026.04.26-18.45.03:961][268]LogModuleManager: Shutting down and abandoning module ImgMedia (446)
[2026.04.26-18.45.03:961][268]LogModuleManager: Shutting down and abandoning module MagicLeapSharedWorld (444)
[2026.04.26-18.45.03:961][268]LogModuleManager: Shutting down and abandoning module MagicLeapLightEstimation (442)
[2026.04.26-18.45.03:961][268]LogModuleManager: Shutting down and abandoning module MagicLeapHelperVulkan (440)
[2026.04.26-18.45.03:961][268]LogModuleManager: Shutting down and abandoning module MagicLeapHelperOpenGL (438)
[2026.04.26-18.45.03:961][268]LogModuleManager: Shutting down and abandoning module MagicLeapAudio (436)
[2026.04.26-18.45.03:965][268]LogModuleManager: Shutting down and abandoning module OpenImageDenoise (434)
[2026.04.26-18.45.03:966][268]LogOpenImageDenoise: OIDN shutting down
[2026.04.26-18.45.03:966][268]LogModuleManager: Shutting down and abandoning module MotoSynth (432)
[2026.04.26-18.45.03:966][268]LogModuleManager: Shutting down and abandoning module MeshConversion (430)
[2026.04.26-18.45.03:968][268]LogModuleManager: Shutting down and abandoning module DynamicMesh (428)
[2026.04.26-18.45.03:972][268]LogModuleManager: Shutting down and abandoning module GeometryAlgorithms (426)
[2026.04.26-18.45.03:980][268]LogModuleManager: Shutting down and abandoning module GeometricObjects (424)
[2026.04.26-18.45.03:983][268]LogModuleManager: Shutting down and abandoning module GeometryCollectionTracks (422)
[2026.04.26-18.45.03:983][268]LogModuleManager: Shutting down and abandoning module GeometryCollectionSequencer (421)
[2026.04.26-18.45.03:984][268]LogModuleManager: Shutting down and abandoning module GeometryCacheTracks (418)
[2026.04.26-18.45.03:984][268]LogModuleManager: Shutting down and abandoning module GeometryCacheSequencer (417)
[2026.04.26-18.45.03:984][268]LogModuleManager: Shutting down and abandoning module GeometryCache (414)
[2026.04.26-18.45.03:984][268]LogModuleManager: Shutting down and abandoning module GeometryCacheEd (413)
[2026.04.26-18.45.03:984][268]LogModuleManager: Shutting down and abandoning module ChaosNiagara (410)
[2026.04.26-18.45.03:985][268]LogModuleManager: Shutting down and abandoning module FieldSystemEngine (409)
[2026.04.26-18.45.03:985][268]LogModuleManager: Shutting down and abandoning module BackChannel (406)
[2026.04.26-18.45.03:986][268]LogModuleManager: Shutting down and abandoning module AutomationUtils (404)
[2026.04.26-18.45.03:986][268]LogModuleManager: Shutting down and abandoning module VisualStudioSourceCodeAccess (402)
[2026.04.26-18.45.03:986][268]LogModuleManager: Shutting down and abandoning module HotReload (401)
[2026.04.26-18.45.03:988][268]LogModuleManager: Shutting down and abandoning module UObjectPlugin (398)
[2026.04.26-18.45.03:988][268]LogModuleManager: Shutting down and abandoning module VisualStudioCodeSourceCodeAccess (396)
[2026.04.26-18.45.03:988][268]LogModuleManager: Shutting down and abandoning module SubversionSourceControl (394)
[2026.04.26-18.45.03:990][268]LogModuleManager: Shutting down and abandoning module PerforceSourceControl (392)
[2026.04.26-18.45.03:997][268]LogModuleManager: Shutting down and abandoning module SourceControl (391)
[2026.04.26-18.45.03:998][268]LogModuleManager: Shutting down and abandoning module CLionSourceCodeAccess (388)
[2026.04.26-18.45.03:998][268]LogModuleManager: Shutting down and abandoning module OodleNetworkHandlerComponent (386)
[2026.04.26-18.45.03:998][268]LogModuleManager: Shutting down and abandoning module LiveLinkSequencer (384)
[2026.04.26-18.45.03:998][268]LogModuleManager: Shutting down and abandoning module LiveLinkMovieScene (382)
[2026.04.26-18.45.03:998][268]LogModuleManager: Shutting down and abandoning module LiveLinkGraphNode (380)
[2026.04.26-18.45.03:998][268]LogModuleManager: Shutting down and abandoning module LiveLinkComponents (378)
[2026.04.26-18.45.03:998][268]LogModuleManager: Shutting down and abandoning module LiveLink (376)
[2026.04.26-18.45.04:189][268]LogModuleManager: Shutting down and abandoning module Playtime_Multiplayer (374)
[2026.04.26-18.45.04:189][268]LogModuleManager: Shutting down and abandoning module AdvancedSteamSessions (372)
[2026.04.26-18.45.04:189][268]LogModuleManager: Shutting down and abandoning module VaRest (370)
[2026.04.26-18.45.04:189][268]LogModuleManager: Shutting down and abandoning module AdvancedSessions (368)
[2026.04.26-18.45.04:189][268]LogModuleManager: Shutting down and abandoning module SignificanceManager (366)
[2026.04.26-18.45.04:189][268]LogModuleManager: Shutting down and abandoning module SoundFields (364)
[2026.04.26-18.45.04:189][268]LogModuleManager: Shutting down and abandoning module RuntimePhysXCooking (362)
[2026.04.26-18.45.04:189][268]LogModuleManager: Shutting down and abandoning module PropertyAccessEditor (360)
[2026.04.26-18.45.04:191][268]LogModuleManager: Shutting down and abandoning module PhysXVehiclesEditor (358)
[2026.04.26-18.45.04:191][268]LogModuleManager: Shutting down and abandoning module LocationServicesBPLibrary (354)
[2026.04.26-18.45.04:191][268]LogModuleManager: Shutting down and abandoning module AudioSynesthesia (352)
[2026.04.26-18.45.04:195][268]LogModuleManager: Shutting down and abandoning module AudioSynesthesiaCore (350)
[2026.04.26-18.45.04:195][268]LogModuleManager: Shutting down and abandoning module ActorSequence (348)
[2026.04.26-18.45.04:195][268]LogModuleManager: Shutting down and abandoning module UdpMessaging (346)
[2026.04.26-18.45.04:296][268]LogModuleManager: Shutting down and abandoning module TcpMessaging (344)
[2026.04.26-18.45.04:399][268]LogModuleManager: Shutting down and abandoning module ImgMediaEngine (342)
[2026.04.26-18.45.04:400][268]LogModuleManager: Shutting down and abandoning module MagicLeapARPin (340)
[2026.04.26-18.45.04:400][268]LogModuleManager: Shutting down and abandoning module MagicLeapHandMeshing (338)
[2026.04.26-18.45.04:400][268]LogModuleManager: Shutting down and abandoning module MagicLeapSecureStorage (336)
[2026.04.26-18.45.04:400][268]LogModuleManager: Shutting down and abandoning module MagicLeapPrivileges (334)
[2026.04.26-18.45.04:400][268]LogModuleManager: Shutting down and abandoning module MagicLeapPlanes (332)
[2026.04.26-18.45.04:401][268]LogMagicLeapPlanes: Planes tracker already destroyed.
[2026.04.26-18.45.04:401][268]LogModuleManager: Shutting down and abandoning module MagicLeapImageTracker (330)
[2026.04.26-18.45.04:401][268]LogModuleManager: Shutting down and abandoning module MagicLeapIdentity (328)
[2026.04.26-18.45.04:401][268]LogModuleManager: Shutting down and abandoning module MagicLeapHandTracking (326)
[2026.04.26-18.45.04:403][268]LogModuleManager: Shutting down and abandoning module MagicLeapEyeTracker (324)
[2026.04.26-18.45.04:403][268]LogModuleManager: Shutting down and abandoning module MagicLeapController (322)
[2026.04.26-18.45.04:403][268]LogModuleManager: Shutting down and abandoning module MagicLeapARPinImpl (320)
[2026.04.26-18.45.04:403][268]LogModuleManager: Shutting down and abandoning module MagicLeapAR (318)
[2026.04.26-18.45.04:403][268]LogModuleManager: Shutting down and abandoning module PythonScriptPlugin (316)
[2026.04.26-18.45.04:403][268]LogModuleManager: Shutting down and abandoning module NiagaraAnimNotifies (314)
[2026.04.26-18.45.04:403][268]LogModuleManager: Shutting down and abandoning module Niagara (312)
[2026.04.26-18.45.04:405][268]LogModuleManager: Shutting down and abandoning module SignalProcessing (311)
[2026.04.26-18.45.04:406][268]LogModuleManager: Shutting down and abandoning module NiagaraEditor (309)
[2026.04.26-18.45.04:408][268]LogModuleManager: Shutting down and abandoning module ContentBrowser (308)
[2026.04.26-18.45.04:413][268]LogModuleManager: Shutting down and abandoning module CollectionManager (307)
[2026.04.26-18.45.04:415][268]LogModuleManager: Shutting down and abandoning module DirectoryWatcher (306)
[2026.04.26-18.45.04:415][268]LogModuleManager: Shutting down and abandoning module ContentBrowserData (303)
[2026.04.26-18.45.04:416][268]LogModuleManager: Shutting down and abandoning module NiagaraCore (298)
[2026.04.26-18.45.04:416][268]LogModuleManager: Shutting down and abandoning module PropertyAccessNode (296)
[2026.04.26-18.45.04:417][268]LogModuleManager: Shutting down and abandoning module AnimationSharing (294)
[2026.04.26-18.45.04:417][268]LogModuleManager: Shutting down and abandoning module EnvironmentQueryEditor (292)
[2026.04.26-18.45.04:421][268]LogModuleManager: Shutting down and abandoning module GameplayTagsEditor (290)
[2026.04.26-18.45.04:422][268]LogModuleManager: Shutting down and abandoning module FacialAnimation (288)
[2026.04.26-18.45.04:422][268]LogModuleManager: Shutting down and abandoning module AssetManagerEditor (286)
[2026.04.26-18.45.04:422][268]LogModuleManager: Shutting down and abandoning module TreeMap (285)
[2026.04.26-18.45.04:423][268]LogModuleManager: Shutting down and abandoning module GameplayCameras (282)
[2026.04.26-18.45.04:423][268]LogModuleManager: Shutting down and abandoning module LightPropagationVolumeRuntime (280)
[2026.04.26-18.45.04:423][268]LogModuleManager: Shutting down and abandoning module Paper2D (278)
[2026.04.26-18.45.04:423][268]LogModuleManager: Shutting down and abandoning module WindowsMoviePlayer (276)
[2026.04.26-18.45.04:429][268]LogModuleManager: Shutting down and abandoning module WebMMoviePlayer (274)
[2026.04.26-18.45.04:429][268]LogModuleManager: Shutting down and abandoning module NetworkReplayStreaming (272)
[2026.04.26-18.45.04:429][268]LogModuleManager: Shutting down and abandoning module PacketHandler (270)
[2026.04.26-18.45.04:429][268]LogModuleManager: Shutting down and abandoning module ClothingSystemEditor (268)
[2026.04.26-18.45.04:429][268]LogModuleManager: Shutting down and abandoning module ClothingSystemRuntimeNv (266)
[2026.04.26-18.45.04:431][268]LogModuleManager: Shutting down and abandoning module MediaAssets (264)
[2026.04.26-18.45.04:431][268]LogModuleManager: Shutting down and abandoning module Overlay (262)
[2026.04.26-18.45.04:431][268]LogModuleManager: Shutting down and abandoning module OverlayEditor (261)
[2026.04.26-18.45.04:431][268]LogModuleManager: Shutting down and abandoning module VREditor (258)
[2026.04.26-18.45.04:432][268]LogModuleManager: Shutting down and abandoning module StringTableEditor (256)
[2026.04.26-18.45.04:435][268]LogModuleManager: Shutting down and abandoning module GameplayTasksEditor (254)
[2026.04.26-18.45.04:435][268]LogModuleManager: Shutting down and abandoning module BehaviorTreeEditor (252)
[2026.04.26-18.45.04:438][268]LogModuleManager: Shutting down and abandoning module FunctionalTesting (250)
[2026.04.26-18.45.04:443][268]LogModuleManager: Shutting down and abandoning module CollisionAnalyzer (248)
[2026.04.26-18.45.04:449][268]LogModuleManager: Shutting down and abandoning module WorkspaceMenuStructure (247)
[2026.04.26-18.45.04:450][268]LogModuleManager: Shutting down and abandoning module UMG (244)
[2026.04.26-18.45.04:450][268]LogModuleManager: Shutting down and abandoning module UMGEditor (243)
[2026.04.26-18.45.04:451][268]LogModuleManager: Shutting down and abandoning module Sequencer (242)
[2026.04.26-18.45.04:453][268]LogModuleManager: Shutting down and abandoning module MessageLog (239)
[2026.04.26-18.45.04:455][268]LogModuleManager: Shutting down and abandoning module SlateReflector (234)
[2026.04.26-18.45.04:462][268]LogModuleManager: Shutting down and abandoning module Slate (232)
[2026.04.26-18.45.04:467][268]LogModuleManager: Shutting down and abandoning module SlateCore (230)
[2026.04.26-18.45.04:469][268]LogModuleManager: Shutting down and abandoning module LandscapeEditorUtilities (228)
[2026.04.26-18.45.04:469][268]LogModuleManager: Shutting down and abandoning module UnrealEd (226)
[2026.04.26-18.45.04:470][268]LogModuleManager: Shutting down and abandoning module MRMesh (224)
[2026.04.26-18.45.04:470][268]LogModuleManager: Shutting down and abandoning module Messaging (222)
[2026.04.26-18.45.04:470][268]LogModuleManager: Shutting down and abandoning module SourceCodeAccess (220)
[2026.04.26-18.45.04:470][268]LogModuleManager: Shutting down and abandoning module HeadMountedDisplay (218)
[2026.04.26-18.45.04:470][268]LogModuleManager: Shutting down and abandoning module XAudio2 (216)
[2026.04.26-18.45.04:472][268]LogModuleManager: Shutting down and abandoning module Networking (214)
[2026.04.26-18.45.04:472][268]LogModuleManager: Shutting down and abandoning module Core (212)
[2026.04.26-18.45.04:473][268]LogModuleManager: Shutting down and abandoning module MaterialEditor (210)
[2026.04.26-18.45.04:475][268]LogModuleManager: Shutting down and abandoning module MovieSceneTools (208)
[2026.04.26-18.45.04:478][268]LogModuleManager: Shutting down and abandoning module EditorStyle (207)
[2026.04.26-18.45.04:480][268]LogModuleManager: Shutting down and abandoning module KismetCompiler (204)
[2026.04.26-18.45.04:480][268]LogModuleManager: Shutting down and abandoning module MeshBuilder (202)
[2026.04.26-18.45.04:482][268]LogModuleManager: Shutting down and abandoning module MeshUtilities (200)
[2026.04.26-18.45.04:483][268]LogModuleManager: Shutting down and abandoning module MeshMergeUtilities (199)
[2026.04.26-18.45.04:484][268]LogModuleManager: Shutting down and abandoning module MeshReductionInterface (198)
[2026.04.26-18.45.04:484][268]LogModuleManager: Shutting down and abandoning module MeshBoneReduction (197)
[2026.04.26-18.45.04:488][268]LogModuleManager: Shutting down and abandoning module SkeletalMeshReduction (195)
[2026.04.26-18.45.04:490][268]LogModuleManager: Shutting down and abandoning module ProxyLODMeshReduction (193)
[2026.04.26-18.45.04:492][268]LogModuleManager: Shutting down and abandoning module QuadricMeshReduction (191)
[2026.04.26-18.45.04:495][268]LogModuleManager: Shutting down and abandoning module MaterialBaking (187)
[2026.04.26-18.45.04:498][268]LogModuleManager: Shutting down and abandoning module NullInstallBundleManager (182)
[2026.04.26-18.45.04:498][268]LogModuleManager: Shutting down and abandoning module PIEPreviewDeviceProfileSelector (180)
[2026.04.26-18.45.04:500][268]LogModuleManager: Shutting down and abandoning module DerivedDataCache (178)
[2026.04.26-18.45.04:500][268]LogModuleManager: Shutting down and abandoning module TargetPlatform (176)
[2026.04.26-18.45.04:501][268]LogModuleManager: Shutting down and abandoning module VulkanShaderFormat (175)
[2026.04.26-18.45.04:512][268]LogModuleManager: Shutting down and abandoning module ShaderFormatVectorVM (173)
[2026.04.26-18.45.04:513][268]LogModuleManager: Shutting down and abandoning module ShaderFormatOpenGL (171)
[2026.04.26-18.45.04:515][268]LogModuleManager: Shutting down and abandoning module ShaderFormatD3D (169)
[2026.04.26-18.45.04:516][268]LogModuleManager: Shutting down and abandoning module MetalShaderFormat (167)
[2026.04.26-18.45.04:517][268]LogModuleManager: Shutting down and abandoning module TextureFormatOodle (165)
[2026.04.26-18.45.04:518][268]LogModuleManager: Shutting down and abandoning module TextureFormatUncompressed (163)
[2026.04.26-18.45.04:518][268]LogModuleManager: Shutting down and abandoning module TextureFormatPVR (161)
[2026.04.26-18.45.04:518][268]LogModuleManager: Shutting down and abandoning module TextureFormatETC2 (159)
[2026.04.26-18.45.04:518][268]LogModuleManager: Shutting down and abandoning module TextureFormatDXT (157)
[2026.04.26-18.45.04:518][268]LogModuleManager: Shutting down and abandoning module TextureFormatIntelISPCTexComp (155)
[2026.04.26-18.45.04:519][268]LogModuleManager: Shutting down and abandoning module TextureFormatASTC (153)
[2026.04.26-18.45.04:520][268]LogModuleManager: Shutting down and abandoning module ImageWrapper (152)
[2026.04.26-18.45.04:520][268]LogModuleManager: Shutting down and abandoning module AudioFormatOpus (149)
[2026.04.26-18.45.04:520][268]LogModuleManager: Shutting down and abandoning module AudioFormatOgg (147)
[2026.04.26-18.45.04:520][268]LogModuleManager: Shutting down and abandoning module AudioFormatADPCM (145)
[2026.04.26-18.45.04:520][268]LogModuleManager: Shutting down and abandoning module WindowsServerTargetPlatform (143)
[2026.04.26-18.45.04:520][268]LogModuleManager: Shutting down and abandoning module WindowsClientTargetPlatform (141)
[2026.04.26-18.45.04:520][268]LogModuleManager: Shutting down and abandoning module WindowsTargetPlatform (139)
[2026.04.26-18.45.04:520][268]LogModuleManager: Shutting down and abandoning module WindowsNoEditorTargetPlatform (137)
[2026.04.26-18.45.04:520][268]LogModuleManager: Shutting down and abandoning module D3D11RHI (134)
[2026.04.26-18.45.04:520][268]LogModuleManager: Shutting down and abandoning module InputCore (132)
[2026.04.26-18.45.04:520][268]LogModuleManager: Shutting down and abandoning module Settings (130)
[2026.04.26-18.45.04:520][268]LogModuleManager: Shutting down and abandoning module PhysXCooking (128)
[2026.04.26-18.45.04:520][268]LogModuleManager: Shutting down and abandoning module Chaos (126)
[2026.04.26-18.45.04:521][268]LogModuleManager: Shutting down and abandoning module WindowsPlatformFeatures (124)
[2026.04.26-18.45.04:521][268]LogModuleManager: Shutting down and abandoning module GameplayMediaEncoder (123)
[2026.04.26-18.45.04:521][268]LogModuleManager: Shutting down and abandoning module AVEncoder (122)
[2026.04.26-18.45.04:522][268]LogModuleManager: Shutting down and abandoning module SteamVRInputDevice (118)
[2026.04.26-18.45.04:522][268]LogModuleManager: Shutting down and abandoning module SteamVRInput (116)
[2026.04.26-18.45.04:522][268]LogModuleManager: Shutting down and abandoning module SteamVR (114)
[2026.04.26-18.45.04:523][268]LogHMD: Freeing OpenVRDLLHandle.
[2026.04.26-18.45.04:523][268]LogModuleManager: Shutting down and abandoning module OculusHMD (112)
[2026.04.26-18.45.04:527][268]LogModuleManager: Shutting down and abandoning module OpenXREyeTracker (110)
[2026.04.26-18.45.04:527][268]LogModuleManager: Shutting down and abandoning module OpenXRHandTracking (108)
[2026.04.26-18.45.04:527][268]LogSlate: Slate User Destroyed.  User Index 0, Is Virtual User: 0
[2026.04.26-18.45.04:527][268]LogModuleManager: Shutting down and abandoning module OpenXRAR (106)
[2026.04.26-18.45.04:528][268]LogModuleManager: Shutting down and abandoning module AugmentedReality (105)
[2026.04.26-18.45.04:528][268]LogModuleManager: Shutting down and abandoning module OpenXRHMD (102)
[2026.04.26-18.45.04:532][268]LogModuleManager: Shutting down and abandoning module ExampleDeviceProfileSelector (100)
[2026.04.26-18.45.04:532][268]LogModuleManager: Shutting down and abandoning module ChunkDownloader (98)
[2026.04.26-18.45.04:535][268]LogModuleManager: Shutting down and abandoning module LauncherChunkInstaller (96)
[2026.04.26-18.45.04:535][268]LogModuleManager: Shutting down and abandoning module OnlineBlueprintSupport (94)
[2026.04.26-18.45.04:535][268]LogModuleManager: Shutting down and abandoning module OnlineSubsystem (90)
[2026.04.26-18.45.04:536][268]LogOnline: Display: STEAM: OnlineSubsystemSteam::Shutdown()
[2026.04.26-18.45.04:548][268]LogOnline: STEAM: AUTH: Revoking all tickets.
[2026.04.26-18.45.04:550][268]LogSteamShared: Unloading the Steam server API...
[2026.04.26-18.45.04:578][268]LogSteamShared: Unloading the Steam API...
[2026.04.26-18.45.04:787][268]LogOnline: Display: STEAM: OnlineSubsystemSteam::Shutdown()
[2026.04.26-18.45.04:788][268]LogModuleManager: Shutting down and abandoning module SteamShared (86)
[2026.04.26-18.45.04:788][268]LogSteamShared: Freeing the Steam Loaded Modules...
[2026.04.26-18.45.04:788][268]LogModuleManager: Shutting down and abandoning module XMPP (83)
[2026.04.26-18.45.04:802][268]LogModuleManager: Shutting down and abandoning module WebSockets (82)
[2026.04.26-18.45.04:857][268]LogModuleManager: Shutting down and abandoning module HTTP (79)
[2026.04.26-18.45.04:857][268]LogHttp: Display: cleaning up 0 outstanding Http requests.
[2026.04.26-18.45.04:873][268]LogModuleManager: Shutting down and abandoning module SSL (78)
[2026.04.26-18.45.04:879][268]LogModuleManager: Shutting down and abandoning module WmfMedia (74)
[2026.04.26-18.45.04:936][268]LogModuleManager: Shutting down and abandoning module Media (73)
[2026.04.26-18.45.04:939][268]LogModuleManager: Shutting down and abandoning module MediaInfo (72)
[2026.04.26-18.45.04:939][268]LogModuleManager: Shutting down and abandoning module ExrReaderGpu (68)
[2026.04.26-18.45.04:940][268]LogModuleManager: Shutting down and abandoning module MLSDK (66)
[2026.04.26-18.45.04:941][268]LogModuleManager: Shutting down and abandoning module MagicLeap (64)
[2026.04.26-18.45.04:944][268]LogModuleManager: Shutting down and abandoning module NiagaraVertexFactories (62)
[2026.04.26-18.45.04:944][268]LogModuleManager: Shutting down and abandoning module NiagaraShader (60)
[2026.04.26-18.45.04:944][268]LogModuleManager: Shutting down and abandoning module ChaosCloth (58)
[2026.04.26-18.45.04:946][268]LogModuleManager: Shutting down and abandoning module VariantManagerContent (56)
[2026.04.26-18.45.04:946][268]LogModuleManager: Shutting down and abandoning module DatasmithContent (54)
[2026.04.26-18.45.04:947][268]LogModuleManager: Shutting down and abandoning module PixWinPlugin (52)
[2026.04.26-18.45.04:948][268]LogModuleManager: Shutting down and abandoning module AISupportModule (50)
[2026.04.26-18.45.04:948][268]LogModuleManager: Shutting down and abandoning module DesktopPlatform (48)
[2026.04.26-18.45.04:948][268]LogModuleManager: Shutting down and abandoning module PythonScriptPluginPreload (46)
[2026.04.26-18.45.04:948][268]LogModuleManager: Shutting down and abandoning module PlatformCryptoOpenSSL (44)
[2026.04.26-18.45.04:949][268]LogModuleManager: Shutting down and abandoning module PlatformCryptoTypes (42)
[2026.04.26-18.45.04:949][268]LogModuleManager: Shutting down and abandoning module PlatformCrypto (40)
[2026.04.26-18.45.04:949][268]LogModuleManager: Shutting down and abandoning module OodleDataCompressionFormat (38)
[2026.04.26-18.45.04:949][268]LogModuleManager: Shutting down and abandoning module XGEController (36)
[2026.04.26-18.45.04:950][268]LogModuleManager: Shutting down and abandoning module AnimationModifiers (34)
[2026.04.26-18.45.04:957][268]LogModuleManager: Shutting down and abandoning module AudioEditor (32)
[2026.04.26-18.45.04:967][268]LogModuleManager: Shutting down and abandoning module PropertyEditor (31)
[2026.04.26-18.45.04:980][268]LogModuleManager: Shutting down and abandoning module TextureCompressor (28)
[2026.04.26-18.45.04:981][268]LogModuleManager: Shutting down and abandoning module RenderCore (26)
[2026.04.26-18.45.04:981][268]LogModuleManager: Shutting down and abandoning module Landscape (24)
[2026.04.26-18.45.04:981][268]LogModuleManager: Shutting down and abandoning module SlateRHIRenderer (22)
[2026.04.26-18.45.04:984][268]LogModuleManager: Shutting down and abandoning module AnimGraphRuntime (20)
[2026.04.26-18.45.04:987][268]LogModuleManager: Shutting down and abandoning module Renderer (18)
[2026.04.26-18.45.04:988][268]LogModuleManager: Shutting down and abandoning module Engine (16)
[2026.04.26-18.45.04:988][268]LogModuleManager: Shutting down and abandoning module CoreUObject (14)
[2026.04.26-18.45.04:988][268]LogModuleManager: Shutting down and abandoning module NetworkFile (12)
[2026.04.26-18.45.04:989][268]LogModuleManager: Shutting down and abandoning module CookedIterativeFile (10)
[2026.04.26-18.45.04:989][268]LogModuleManager: Shutting down and abandoning module StreamingFile (8)
[2026.04.26-18.45.04:990][268]LogModuleManager: Shutting down and abandoning module SandboxFile (6)
[2026.04.26-18.45.04:991][268]LogModuleManager: Shutting down and abandoning module PakFile (4)
[2026.04.26-18.45.04:995][268]LogModuleManager: Shutting down and abandoning module RSA (3)
[2026.04.26-18.45.05:499][268]LogContentStreaming: Display: There are 1 unreleased StreamingManagers
[2026.04.26-18.45.05:527][268]LogD3D11RHI: Shutdown
[2026.04.26-18.45.05:527][268]LogD3D11RHI: CleanupD3DDevice
[2026.04.26-18.45.05:546][268]LogExit: Exiting.
[2026.04.26-18.45.05:569][268]Log file closed, 04/26/26 20:45:05
