Log file open, 04/04/26 13:15:56
LogWindows: Failed to load 'aqProf.dll' (GetLastError=126)
LogWindows: File 'aqProf.dll' does not exist
LogWindows: Failed to load 'VtuneApi.dll' (GetLastError=126)
LogWindows: File 'VtuneApi.dll' does not exist
LogWindows: Failed to load 'VtuneApi32e.dll' (GetLastError=126)
LogWindows: File 'VtuneApi32e.dll' does not exist
LogConsoleResponse: Display: Failed to find resolution value strings in scalability ini. Falling back to default.
LogConsoleResponse: Display: Failed to find resolution value strings in scalability ini. Falling back to default.
LogInit: Display: Running engine for game: Playtime_Multiplayer
LogPlatformFile: Not using cached read wrapper
LogTaskGraph: Started task graph with 5 named threads and 35 total threads with 3 sets of task threads.
LogStats: Stats thread started at 0.337195
LogICUInternationalization: ICU TimeZone Detection - Raw Offset: +3:00, Platform Override: ''
LogInit: Display: Loading text-based GConfig....
LogPluginManager: Mounting plugin MeshPainting
LogPluginManager: Mounting plugin XGEController
LogPluginManager: Mounting plugin Paper2D
LogPluginManager: Mounting plugin LiveLink
LogPluginManager: Mounting plugin AISupport
LogPluginManager: Mounting plugin EnvironmentQueryEditor
LogPluginManager: Mounting plugin LightPropagationVolume
LogPluginManager: Mounting plugin OodleData
LogPluginManager: Mounting plugin AnimationSharing
LogPluginManager: Mounting plugin CLionSourceCodeAccess
LogPluginManager: Mounting plugin CodeLiteSourceCodeAccess
LogPluginManager: Mounting plugin GitSourceControl
LogPluginManager: Mounting plugin NullSourceCodeAccess
LogPluginManager: Mounting plugin KDevelopSourceCodeAccess
LogPluginManager: Mounting plugin PerforceSourceControl
LogPluginManager: Mounting plugin PixWinPlugin
LogPluginManager: Mounting plugin PropertyAccessNode
LogPluginManager: Mounting plugin RiderSourceCodeAccess
LogPluginManager: Mounting plugin PluginUtils
LogPluginManager: Mounting plugin SubversionSourceControl
LogPluginManager: Mounting plugin TextureFormatOodle
LogPluginManager: Mounting plugin VisualStudioCodeSourceCodeAccess
LogPluginManager: Mounting plugin UObjectPlugin
LogPluginManager: Mounting plugin XCodeSourceCodeAccess
LogPluginManager: Mounting plugin VisualStudioSourceCodeAccess
LogPluginManager: Mounting plugin DatasmithContent
LogPluginManager: Mounting plugin VariantManagerContent
LogPluginManager: Mounting plugin PlasticSourceControl
LogPluginManager: Mounting plugin AutomationUtils
LogPluginManager: Mounting plugin BackChannel
LogPluginManager: Mounting plugin ChaosCloth
LogPluginManager: Mounting plugin ChaosClothEditor
LogPluginManager: Mounting plugin ChaosEditor
LogPluginManager: Mounting plugin ChaosNiagara
LogPluginManager: Mounting plugin ChaosSolverPlugin
LogPluginManager: Mounting plugin CharacterAI
LogPluginManager: Mounting plugin AssetManagerEditor
LogPluginManager: Mounting plugin GeometryCollectionPlugin
LogPluginManager: Mounting plugin CryptoKeys
LogPluginManager: Mounting plugin DataValidation
LogPluginManager: Mounting plugin CurveEditorTools
LogPluginManager: Mounting plugin FacialAnimation
LogPluginManager: Mounting plugin Niagara
LogPluginManager: Mounting plugin GeometryMode
LogPluginManager: Mounting plugin MacGraphicsSwitching
LogPluginManager: Mounting plugin MaterialAnalyzer
LogPluginManager: Mounting plugin GeometryCache
LogPluginManager: Mounting plugin GameplayTagsEditor
LogPluginManager: Mounting plugin PluginBrowser
LogPluginManager: Mounting plugin MobileLauncherProfileWizard
LogPluginManager: Mounting plugin SpeedTreeImporter
LogPluginManager: Mounting plugin GeometryProcessing
LogPluginManager: Mounting plugin LuminPlatformFeatures
LogPluginManager: Mounting plugin MagicLeap
LogPluginManager: Mounting plugin MotoSynth
LogPluginManager: Mounting plugin OpenImageDenoise
LogPluginManager: Mounting plugin PlanarCut
LogPluginManager: Mounting plugin PlatformCrypto
LogPluginManager: Mounting plugin ProxyLODPlugin
LogPluginManager: Mounting plugin PythonScriptPlugin
LogPluginManager: Mounting plugin AlembicImporter
LogPluginManager: Mounting plugin MagicLeapLightEstimation
LogPluginManager: Mounting plugin MagicLeapPassableWorld
LogPluginManager: Mounting plugin MagicLeapMedia
LogPluginManager: Mounting plugin SkeletalReduction
LogPluginManager: Mounting plugin MLSDK
LogPluginManager: Mounting plugin MultiplayerShooterPlugin
LogPluginManager: Mounting plugin TcpMessaging
LogPluginManager: Mounting plugin UdpMessaging
LogPluginManager: Mounting plugin AvfMedia
LogPluginManager: Mounting plugin AndroidMedia
LogPluginManager: Mounting plugin ImgMedia
LogPluginManager: Mounting plugin MediaCompositing
LogPluginManager: Mounting plugin MediaPlayerEditor
LogPluginManager: Mounting plugin WebMMedia
LogPluginManager: Mounting plugin WmfMedia
LogPluginManager: Mounting plugin OnlineSubsystem
LogPluginManager: Mounting plugin OnlineSubsystemNull
LogPluginManager: Mounting plugin ActorSequence
LogPluginManager: Mounting plugin OnlineSubsystemUtils
LogPluginManager: Mounting plugin LevelSequenceEditor
LogPluginManager: Mounting plugin MatineeToLevelSequence
LogPluginManager: Mounting plugin LauncherChunkInstaller
LogPluginManager: Mounting plugin TemplateSequence
LogPluginManager: Mounting plugin ActorLayerUtilities
LogPluginManager: Mounting plugin AndroidDeviceProfileSelector
LogPluginManager: Mounting plugin AndroidMoviePlayer
LogPluginManager: Mounting plugin AndroidPermission
LogPluginManager: Mounting plugin ArchVisCharacter
LogPluginManager: Mounting plugin AudioCapture
LogPluginManager: Mounting plugin AppleImageUtils
LogPluginManager: Mounting plugin AssetTags
LogPluginManager: Mounting plugin ChunkDownloader
LogPluginManager: Mounting plugin AudioSynesthesia
LogPluginManager: Mounting plugin CustomMeshComponent
LogPluginManager: Mounting plugin CableComponent
LogPluginManager: Mounting plugin AppleMoviePlayer
LogPluginManager: Mounting plugin EditableMesh
LogPluginManager: Mounting plugin GooglePAD
LogPluginManager: Mounting plugin GoogleCloudMessaging
LogPluginManager: Mounting plugin ScreenshotTools
LogPluginManager: Mounting plugin ExampleDeviceProfileSelector
LogPluginManager: Mounting plugin IOSDeviceProfileSelector
LogPluginManager: Mounting plugin LocationServicesBPLibrary
LogPluginManager: Mounting plugin MobilePatchingUtils
LogPluginManager: Mounting plugin OpenXR
LogPluginManager: Mounting plugin LinuxDeviceProfileSelector
LogPluginManager: Mounting plugin OpenXRHandTracking
LogPluginManager: Mounting plugin OpenXREyeTracker
LogPluginManager: Mounting plugin PhysXVehicles
LogPluginManager: Mounting plugin PostSplashScreen
LogPluginManager: Mounting plugin Takes
LogPluginManager: Mounting plugin PropertyAccessEditor
LogPluginManager: Mounting plugin SignificanceManager
LogPluginManager: Mounting plugin RuntimePhysXCooking
LogPluginManager: Mounting plugin SoundFields
LogPluginManager: Mounting plugin ProceduralMeshComponent
LogPluginManager: Mounting plugin Synthesis
LogPluginManager: Mounting plugin WebMMoviePlayer
LogPluginManager: Mounting plugin WindowsMoviePlayer
LogPluginManager: Mounting plugin OodleNetwork
LogPluginManager: Mounting plugin CameraShakePreviewer
LogPluginManager: Mounting plugin GameplayCameras
LogPluginManager: Mounting plugin ContentBrowserAssetDataSource
LogPluginManager: Mounting plugin ContentBrowserClassDataSource
LogPluginManager: Mounting plugin ContentBrowserFileDataSource
LogPluginManager: Mounting plugin OnlineSubsystemGooglePlay
LogPluginManager: Mounting plugin OnlineSubsystemIOS
LogPluginManager: Mounting plugin OculusVR
LogPluginManager: Mounting plugin SteamVR
LogPluginManager: Mounting plugin AdvancedSessions
PixWinPlugin: PIX capture plugin failed to initialize! Check that the process is launched from PIX.
LogInit: Using libcurl 7.55.1-DEV
LogInit:  - built for x86_64-pc-win32
LogInit:  - supports SSL with OpenSSL/1.1.1
LogInit:  - supports HTTP deflate (compression) using libz 1.2.8
LogInit:  - other features:
LogInit:      CURL_VERSION_SSL
LogInit:      CURL_VERSION_LIBZ
LogInit:      CURL_VERSION_IPV6
LogInit:      CURL_VERSION_ASYNCHDNS
LogInit:      CURL_VERSION_LARGEFILE
LogInit:      CURL_VERSION_IDN
LogInit:  CurlRequestOptions (configurable via config and command line):
LogInit:  - bVerifyPeer = true  - Libcurl will verify peer certificate
LogInit:  - bUseHttpProxy = false  - Libcurl will NOT use HTTP proxy
LogInit:  - bDontReuseConnections = false  - Libcurl will reuse connections
LogInit:  - MaxHostConnections = 16  - Libcurl will limit the number of connections to a host
LogInit:  - LocalHostAddr = Default
LogInit:  - BufferSize = 65536
LogModuleManager: Warning: ModuleManager: Unable to load module 'OnlineSubsystemSteam'  - 0 instances of that module name found.
LogOnline: Warning: OSS: TryLoadSubsystemAndSetDefault: LoadSubsystemModule([Steam]) failed
LogOnline: OSS: Creating online subsystem instance for: NULL
LogInit: WinSock: version 1.1 (2.2), MaxSocks=32767, MaxUdp=65467
LogOnline: OSS: TryLoadSubsystemAndSetDefault: Loaded subsystem for module [NULL]
LogOculusPluginWrapper: OculusPlugin initialized successfully
LogHMD: Failed initializing OVRPlugin 1.59.0
LogInit: Build: ++UE4+Release-4.27-CL-18319896
LogInit: Engine Version: 4.27.2-18319896+++UE4+Release-4.27
LogInit: Compatible Engine Version: 4.27.0-17155196+++UE4+Release-4.27
LogInit: Net CL: 17155196
LogInit: OS: Windows 10 (Release 2009) (), CPU: Intel(R) Core(TM) i5-10400T CPU @ 2.00GHz, GPU: Intel(R) UHD Graphics 630
LogInit: Compiled (64-bit): Nov 30 2021 07:12:08
LogInit: Compiled with Visual C++: 19.24.28315.00
LogInit: Build Configuration: Development
LogInit: Branch Name: ++UE4+Release-4.27
LogInit: Command Line: 
LogInit: Base Directory: C:/Program Files/Epic Games/UE_4.27/Engine/Binaries/Win64/
LogInit: Allocator: TBB
LogInit: Installed Engine Build: 1
LogDevObjectVersion: Number of dev versions registered: 29
LogDevObjectVersion:   Dev-Blueprints (B0D832E4-1F89-4F0D-ACCF-7EB736FD4AA2): 10
LogDevObjectVersion:   Dev-Build (E1C64328-A22C-4D53-A36C-8E866417BD8C): 0
LogDevObjectVersion:   Dev-Core (375EC13C-06E4-48FB-B500-84F0262A717E): 4
LogDevObjectVersion:   Dev-Editor (E4B068ED-F494-42E9-A231-DA0B2E46BB41): 40
LogDevObjectVersion:   Dev-Framework (CFFC743F-43B0-4480-9391-14DF171D2073): 37
LogDevObjectVersion:   Dev-Mobile (B02B49B5-BB20-44E9-A304-32B752E40360): 3
LogDevObjectVersion:   Dev-Networking (A4E4105C-59A1-49B5-A7C5-40C4547EDFEE): 0
LogDevObjectVersion:   Dev-Online (39C831C9-5AE6-47DC-9A44-9C173E1C8E7C): 0
LogDevObjectVersion:   Dev-Physics (78F01B33-EBEA-4F98-B9B4-84EACCB95AA2): 14
LogDevObjectVersion:   Dev-Platform (6631380F-2D4D-43E0-8009-CF276956A95A): 0
LogDevObjectVersion:   Dev-Rendering (12F88B9F-8875-4AFC-A67C-D90C383ABD29): 45
LogDevObjectVersion:   Dev-Sequencer (7B5AE74C-D270-4C10-A958-57980B212A5A): 13
LogDevObjectVersion:   Dev-VR (D7296918-1DD6-4BDD-9DE2-64A83CC13884): 3
LogDevObjectVersion:   Dev-LoadTimes (C2A15278-BFE7-4AFE-6C17-90FF531DF755): 1
LogDevObjectVersion:   Private-Geometry (6EACA3D4-40EC-4CC1-B786-8BED09428FC5): 3
LogDevObjectVersion:   Dev-AnimPhys (29E575DD-E0A3-4627-9D10-D276232CDCEA): 17
LogDevObjectVersion:   Dev-Anim (AF43A65D-7FD3-4947-9873-3E8ED9C1BB05): 15
LogDevObjectVersion:   Dev-ReflectionCapture (6B266CEC-1EC7-4B8F-A30B-E4D90942FC07): 1
LogDevObjectVersion:   Dev-Automation (0DF73D61-A23F-47EA-B727-89E90C41499A): 1
LogDevObjectVersion:   FortniteMain (601D1886-AC64-4F84-AA16-D3DE0DEAC7D6): 47
LogDevObjectVersion:   FortniteRelease (E7086368-6B23-4C58-8439-1B7016265E91): 1
LogDevObjectVersion:   Dev-Enterprise (9DFFBCD6-494F-0158-E221-12823C92A888): 10
LogDevObjectVersion:   Dev-Niagara (F2AED0AC-9AFE-416F-8664-AA7FFA26D6FC): 1
LogDevObjectVersion:   Dev-Destruction (174F1F0B-B4C6-45A5-B13F-2EE8D0FB917D): 10
LogDevObjectVersion:   Dev-Physics-Ext (35F94A83-E258-406C-A318-09F59610247C): 41
LogDevObjectVersion:   Dev-PhysicsMaterial-Chaos (B68FC16E-8B1B-42E2-B453-215C058844FE): 1
LogDevObjectVersion:   Dev-CineCamera (B2E18506-4273-CFC2-A54E-F4BB758BBA07): 1
LogDevObjectVersion:   Dev-VirtualProduction (64F58936-FD1B-42BA-BA96-7289D5D0FA4E): 1
LogDevObjectVersion:   Dev-MediaFramework (6F0ED827-A609-4895-9C91-998D90180EA4): 2
LogInit: Presizing for max 25165824 objects, including 0 objects not considered by GC, pre-allocating 0 bytes for permanent pool.
LogConfig: Applying CVar settings from Section [/Script/Engine.StreamingSettings] File [C:/Users/User/Documents/Unreal Projects/Playtime_Multiplayer/Saved/Config/Windows/Engine.ini]
LogConfig: Setting CVar [[s.MinBulkDataSizeForAsyncLoading:131072]]
LogConfig: Setting CVar [[s.AsyncLoadingThreadEnabled:0]]
LogConfig: Setting CVar [[s.EventDrivenLoaderEnabled:1]]
LogConfig: Setting CVar [[s.WarnIfTimeLimitExceeded:0]]
LogConfig: Setting CVar [[s.TimeLimitExceededMultiplier:1.5]]
LogConfig: Setting CVar [[s.TimeLimitExceededMinTime:0.005]]
LogConfig: Setting CVar [[s.UseBackgroundLevelStreaming:1]]
LogConfig: Setting CVar [[s.PriorityAsyncLoadingExtraTime:15.0]]
LogConfig: Setting CVar [[s.LevelStreamingActorsUpdateTimeLimit:5.0]]
LogConfig: Setting CVar [[s.PriorityLevelStreamingActorsUpdateExtraTime:5.0]]
LogConfig: Setting CVar [[s.LevelStreamingComponentsRegistrationGranularity:10]]
LogConfig: Setting CVar [[s.UnregisterComponentsTimeLimit:1.0]]
LogConfig: Setting CVar [[s.LevelStreamingComponentsUnregistrationGranularity:5]]
LogConfig: Setting CVar [[s.FlushStreamingOnExit:1]]
LogInit: Object subsystem initialized
LogConfig: Setting CVar [[con.DebugEarlyDefault:1]]
LogConfig: Setting CVar [[r.setres:1280x720]]
[2026.04.04-10.15.57:151][  0]LogConfig: Setting CVar [[r.VSync:0]]
[2026.04.04-10.15.57:151][  0]LogConfig: Setting CVar [[r.RHICmdBypass:0]]
[2026.04.04-10.15.57:151][  0]LogConfig: Applying CVar settings from Section [/Script/Engine.RendererSettings] File [C:/Users/User/Documents/Unreal Projects/Playtime_Multiplayer/Saved/Config/Windows/Engine.ini]
[2026.04.04-10.15.57:151][  0]LogConfig: Setting CVar [[r.GPUCrashDebugging:0]]
[2026.04.04-10.15.57:151][  0]LogConfig: Applying CVar settings from Section [/Script/Engine.RendererOverrideSettings] File [C:/Users/User/Documents/Unreal Projects/Playtime_Multiplayer/Saved/Config/Windows/Engine.ini]
[2026.04.04-10.15.57:151][  0]LogConfig: Applying CVar settings from Section [/Script/Engine.StreamingSettings] File [C:/Users/User/Documents/Unreal Projects/Playtime_Multiplayer/Saved/Config/Windows/Engine.ini]
[2026.04.04-10.15.57:151][  0]LogConfig: Setting CVar [[s.MinBulkDataSizeForAsyncLoading:131072]]
[2026.04.04-10.15.57:151][  0]LogConfig: Setting CVar [[s.AsyncLoadingThreadEnabled:0]]
[2026.04.04-10.15.57:151][  0]LogConfig: Setting CVar [[s.EventDrivenLoaderEnabled:1]]
[2026.04.04-10.15.57:151][  0]LogConfig: Setting CVar [[s.WarnIfTimeLimitExceeded:0]]
[2026.04.04-10.15.57:151][  0]LogConfig: Setting CVar [[s.TimeLimitExceededMultiplier:1.5]]
[2026.04.04-10.15.57:151][  0]LogConfig: Setting CVar [[s.TimeLimitExceededMinTime:0.005]]
[2026.04.04-10.15.57:151][  0]LogConfig: Setting CVar [[s.UseBackgroundLevelStreaming:1]]
[2026.04.04-10.15.57:151][  0]LogConfig: Setting CVar [[s.PriorityAsyncLoadingExtraTime:15.0]]
[2026.04.04-10.15.57:151][  0]LogConfig: Setting CVar [[s.LevelStreamingActorsUpdateTimeLimit:5.0]]
[2026.04.04-10.15.57:151][  0]LogConfig: Setting CVar [[s.PriorityLevelStreamingActorsUpdateExtraTime:5.0]]
[2026.04.04-10.15.57:151][  0]LogConfig: Setting CVar [[s.LevelStreamingComponentsRegistrationGranularity:10]]
[2026.04.04-10.15.57:151][  0]LogConfig: Setting CVar [[s.UnregisterComponentsTimeLimit:1.0]]
[2026.04.04-10.15.57:151][  0]LogConfig: Setting CVar [[s.LevelStreamingComponentsUnregistrationGranularity:5]]
[2026.04.04-10.15.57:151][  0]LogConfig: Setting CVar [[s.FlushStreamingOnExit:1]]
[2026.04.04-10.15.57:151][  0]LogConfig: Applying CVar settings from Section [/Script/Engine.GarbageCollectionSettings] File [C:/Users/User/Documents/Unreal Projects/Playtime_Multiplayer/Saved/Config/Windows/Engine.ini]
[2026.04.04-10.15.57:151][  0]LogConfig: Setting CVar [[gc.MaxObjectsNotConsideredByGC:1]]
[2026.04.04-10.15.57:151][  0]LogConfig: Setting CVar [[gc.SizeOfPermanentObjectPool:0]]
[2026.04.04-10.15.57:151][  0]LogConfig: Setting CVar [[gc.FlushStreamingOnGC:0]]
[2026.04.04-10.15.57:151][  0]LogConfig: Setting CVar [[gc.NumRetriesBeforeForcingGC:10]]
[2026.04.04-10.15.57:151][  0]LogConfig: Setting CVar [[gc.AllowParallelGC:1]]
[2026.04.04-10.15.57:151][  0]LogConfig: Setting CVar [[gc.TimeBetweenPurgingPendingKillObjects:61.1]]
[2026.04.04-10.15.57:151][  0]LogConfig: Setting CVar [[gc.MaxObjectsInEditor:25165824]]
[2026.04.04-10.15.57:151][  0]LogConfig: Setting CVar [[gc.IncrementalBeginDestroyEnabled:1]]
[2026.04.04-10.15.57:151][  0]LogConfig: Setting CVar [[gc.CreateGCClusters:1]]
[2026.04.04-10.15.57:151][  0]LogConfig: Setting CVar [[gc.MinGCClusterSize:5]]
[2026.04.04-10.15.57:151][  0]LogConfig: Setting CVar [[gc.ActorClusteringEnabled:0]]
[2026.04.04-10.15.57:151][  0]LogConfig: Setting CVar [[gc.BlueprintClusteringEnabled:0]]
[2026.04.04-10.15.57:151][  0]LogConfig: Setting CVar [[gc.UseDisregardForGCOnDedicatedServers:0]]
[2026.04.04-10.15.57:151][  0]LogConfig: Setting CVar [[gc.MultithreadedDestructionEnabled:1]]
[2026.04.04-10.15.57:151][  0]LogConfig: Applying CVar settings from Section [/Script/Engine.NetworkSettings] File [C:/Users/User/Documents/Unreal Projects/Playtime_Multiplayer/Saved/Config/Windows/Engine.ini]
[2026.04.04-10.15.57:151][  0]LogConfig: Applying CVar settings from Section [/Script/UnrealEd.CookerSettings] File [C:/Users/User/Documents/Unreal Projects/Playtime_Multiplayer/Saved/Config/Windows/Engine.ini]
[2026.04.04-10.15.57:169][  0]LogConfig: Applying CVar settings from Section [ViewDistanceQuality@3] File [C:/Users/User/Documents/Unreal Projects/Playtime_Multiplayer/Saved/Config/Windows/Scalability.ini]
[2026.04.04-10.15.57:169][  0]LogConfig: Setting CVar [[r.SkeletalMeshLODBias:0]]
[2026.04.04-10.15.57:169][  0]LogConfig: Setting CVar [[r.ViewDistanceScale:1.0]]
[2026.04.04-10.15.57:169][  0]LogConfig: Applying CVar settings from Section [AntiAliasingQuality@3] File [C:/Users/User/Documents/Unreal Projects/Playtime_Multiplayer/Saved/Config/Windows/Scalability.ini]
[2026.04.04-10.15.57:169][  0]LogConfig: Setting CVar [[r.PostProcessAAQuality:4]]
[2026.04.04-10.15.57:169][  0]LogConfig: Applying CVar settings from Section [ShadowQuality@3] File [C:/Users/User/Documents/Unreal Projects/Playtime_Multiplayer/Saved/Config/Windows/Scalability.ini]
[2026.04.04-10.15.57:169][  0]LogConfig: Setting CVar [[r.LightFunctionQuality:1]]
[2026.04.04-10.15.57:169][  0]LogConfig: Setting CVar [[r.ShadowQuality:5]]
[2026.04.04-10.15.57:169][  0]LogConfig: Setting CVar [[r.Shadow.CSM.MaxCascades:10]]
[2026.04.04-10.15.57:169][  0]LogConfig: Setting CVar [[r.Shadow.MaxResolution:2048]]
[2026.04.04-10.15.57:169][  0]LogConfig: Setting CVar [[r.Shadow.MaxCSMResolution:2048]]
[2026.04.04-10.15.57:169][  0]LogConfig: Setting CVar [[r.Shadow.RadiusThreshold:0.01]]
[2026.04.04-10.15.57:169][  0]LogConfig: Setting CVar [[r.Shadow.DistanceScale:1.0]]
[2026.04.04-10.15.57:169][  0]LogConfig: Setting CVar [[r.Shadow.CSM.TransitionScale:1.0]]
[2026.04.04-10.15.57:169][  0]LogConfig: Setting CVar [[r.Shadow.PreShadowResolutionFactor:1.0]]
[2026.04.04-10.15.57:169][  0]LogConfig: Setting CVar [[r.DistanceFieldShadowing:1]]
[2026.04.04-10.15.57:169][  0]LogConfig: Setting CVar [[r.DistanceFieldAO:1]]
[2026.04.04-10.15.57:169][  0]LogConfig: Setting CVar [[r.AOQuality:2]]
[2026.04.04-10.15.57:169][  0]LogConfig: Setting CVar [[r.VolumetricFog:1]]
[2026.04.04-10.15.57:169][  0]LogConfig: Setting CVar [[r.VolumetricFog.GridPixelSize:8]]
[2026.04.04-10.15.57:169][  0]LogConfig: Setting CVar [[r.VolumetricFog.GridSizeZ:128]]
[2026.04.04-10.15.57:169][  0]LogConfig: Setting CVar [[r.VolumetricFog.HistoryMissSupersampleCount:4]]
[2026.04.04-10.15.57:169][  0]LogConfig: Setting CVar [[r.LightMaxDrawDistanceScale:1]]
[2026.04.04-10.15.57:169][  0]LogConfig: Setting CVar [[r.CapsuleShadows:1]]
[2026.04.04-10.15.57:169][  0]LogConfig: Applying CVar settings from Section [PostProcessQuality@3] File [C:/Users/User/Documents/Unreal Projects/Playtime_Multiplayer/Saved/Config/Windows/Scalability.ini]
[2026.04.04-10.15.57:169][  0]LogConfig: Setting CVar [[r.MotionBlurQuality:4]]
[2026.04.04-10.15.57:169][  0]LogConfig: Setting CVar [[r.AmbientOcclusionMipLevelFactor:0.4]]
[2026.04.04-10.15.57:169][  0]LogConfig: Setting CVar [[r.AmbientOcclusionMaxQuality:100]]
[2026.04.04-10.15.57:169][  0]LogConfig: Setting CVar [[r.AmbientOcclusionLevels:-1]]
[2026.04.04-10.15.57:169][  0]LogConfig: Setting CVar [[r.AmbientOcclusionRadiusScale:1.0]]
[2026.04.04-10.15.57:169][  0]LogConfig: Setting CVar [[r.DepthOfFieldQuality:2]]
[2026.04.04-10.15.57:169][  0]LogConfig: Setting CVar [[r.RenderTargetPoolMin:400]]
[2026.04.04-10.15.57:169][  0]LogConfig: Setting CVar [[r.LensFlareQuality:2]]
[2026.04.04-10.15.57:169][  0]LogConfig: Setting CVar [[r.SceneColorFringeQuality:1]]
[2026.04.04-10.15.57:169][  0]LogConfig: Setting CVar [[r.EyeAdaptationQuality:2]]
[2026.04.04-10.15.57:169][  0]LogConfig: Setting CVar [[r.BloomQuality:5]]
[2026.04.04-10.15.57:169][  0]LogConfig: Setting CVar [[r.FastBlurThreshold:100]]
[2026.04.04-10.15.57:169][  0]LogConfig: Setting CVar [[r.Upscale.Quality:3]]
[2026.04.04-10.15.57:169][  0]LogConfig: Setting CVar [[r.Tonemapper.GrainQuantization:1]]
[2026.04.04-10.15.57:169][  0]LogConfig: Setting CVar [[r.LightShaftQuality:1]]
[2026.04.04-10.15.57:169][  0]LogConfig: Setting CVar [[r.Filter.SizeScale:1]]
[2026.04.04-10.15.57:169][  0]LogConfig: Setting CVar [[r.Tonemapper.Quality:5]]
[2026.04.04-10.15.57:169][  0]LogConfig: Setting CVar [[r.DOF.Gather.AccumulatorQuality:1        ; higher gathering accumulator quality]]
[2026.04.04-10.15.57:169][  0]LogConfig: Setting CVar [[r.DOF.Gather.PostfilterMethod:1          ; Median3x3 postfilering method]]
[2026.04.04-10.15.57:169][  0]LogConfig: Setting CVar [[r.DOF.Gather.EnableBokehSettings:0       ; no bokeh simulation when gathering]]
[2026.04.04-10.15.57:169][  0]LogConfig: Setting CVar [[r.DOF.Gather.RingCount:4                 ; medium number of samples when gathering]]
[2026.04.04-10.15.57:169][  0]LogConfig: Setting CVar [[r.DOF.Scatter.ForegroundCompositing:1    ; additive foreground scattering]]
[2026.04.04-10.15.57:169][  0]LogConfig: Setting CVar [[r.DOF.Scatter.BackgroundCompositing:2    ; additive background scattering]]
[2026.04.04-10.15.57:169][  0]LogConfig: Setting CVar [[r.DOF.Scatter.EnableBokehSettings:1      ; bokeh simulation when scattering]]
[2026.04.04-10.15.57:169][  0]LogConfig: Setting CVar [[r.DOF.Scatter.MaxSpriteRatio:0.1         ; only a maximum of 10% of scattered bokeh]]
[2026.04.04-10.15.57:169][  0]LogConfig: Setting CVar [[r.DOF.Recombine.Quality:1                ; cheap slight out of focus]]
[2026.04.04-10.15.57:169][  0]LogConfig: Setting CVar [[r.DOF.Recombine.EnableBokehSettings:0    ; no bokeh simulation on slight out of focus]]
[2026.04.04-10.15.57:169][  0]LogConfig: Setting CVar [[r.DOF.TemporalAAQuality:1                ; more stable temporal accumulation]]
[2026.04.04-10.15.57:169][  0]LogConfig: Setting CVar [[r.DOF.Kernel.MaxForegroundRadius:0.025]]
[2026.04.04-10.15.57:169][  0]LogConfig: Setting CVar [[r.DOF.Kernel.MaxBackgroundRadius:0.025]]
[2026.04.04-10.15.57:169][  0]LogConfig: Applying CVar settings from Section [TextureQuality@3] File [C:/Users/User/Documents/Unreal Projects/Playtime_Multiplayer/Saved/Config/Windows/Scalability.ini]
[2026.04.04-10.15.57:169][  0]LogConfig: Setting CVar [[r.Streaming.MipBias:0]]
[2026.04.04-10.15.57:169][  0]LogConfig: Setting CVar [[r.Streaming.AmortizeCPUToGPUCopy:0]]
[2026.04.04-10.15.57:169][  0]LogConfig: Setting CVar [[r.Streaming.MaxNumTexturesToStreamPerFrame:0]]
[2026.04.04-10.15.57:169][  0]LogConfig: Setting CVar [[r.Streaming.Boost:1]]
[2026.04.04-10.15.57:169][  0]LogConfig: Setting CVar [[r.MaxAnisotropy:8]]
[2026.04.04-10.15.57:169][  0]LogConfig: Setting CVar [[r.VT.MaxAnisotropy:8]]
[2026.04.04-10.15.57:169][  0]LogConfig: Setting CVar [[r.Streaming.LimitPoolSizeToVRAM:0]]
[2026.04.04-10.15.57:169][  0]LogConfig: Setting CVar [[r.Streaming.PoolSize:1000]]
[2026.04.04-10.15.57:169][  0]LogConfig: Setting CVar [[r.Streaming.MaxEffectiveScreenSize:0]]
[2026.04.04-10.15.57:169][  0]LogConfig: Applying CVar settings from Section [EffectsQuality@3] File [C:/Users/User/Documents/Unreal Projects/Playtime_Multiplayer/Saved/Config/Windows/Scalability.ini]
[2026.04.04-10.15.57:169][  0]LogConfig: Setting CVar [[r.TranslucencyLightingVolumeDim:64]]
[2026.04.04-10.15.57:169][  0]LogConfig: Setting CVar [[r.RefractionQuality:2]]
[2026.04.04-10.15.57:169][  0]LogConfig: Setting CVar [[r.SSR.Quality:3]]
[2026.04.04-10.15.57:169][  0]LogConfig: Setting CVar [[r.SSR.HalfResSceneColor:0]]
[2026.04.04-10.15.57:169][  0]LogConfig: Setting CVar [[r.SceneColorFormat:4]]
[2026.04.04-10.15.57:169][  0]LogConfig: Setting CVar [[r.DetailMode:2]]
[2026.04.04-10.15.57:169][  0]LogConfig: Setting CVar [[r.TranslucencyVolumeBlur:1]]
[2026.04.04-10.15.57:169][  0]LogConfig: Setting CVar [[r.MaterialQualityLevel:1 ; High quality]]
[2026.04.04-10.15.57:169][  0]LogConfig: Setting CVar [[r.AnisotropicMaterials:1]]
[2026.04.04-10.15.57:169][  0]LogConfig: Setting CVar [[r.SSS.Scale:1]]
[2026.04.04-10.15.57:169][  0]LogConfig: Setting CVar [[r.SSS.SampleSet:2]]
[2026.04.04-10.15.57:169][  0]LogConfig: Setting CVar [[r.SSS.Quality:1]]
[2026.04.04-10.15.57:169][  0]LogConfig: Setting CVar [[r.SSS.HalfRes:0]]
[2026.04.04-10.15.57:169][  0]LogConfig: Setting CVar [[r.SSGI.Quality:3]]
[2026.04.04-10.15.57:169][  0]LogConfig: Setting CVar [[r.EmitterSpawnRateScale:1.0]]
[2026.04.04-10.15.57:169][  0]LogConfig: Setting CVar [[r.ParticleLightQuality:2]]
[2026.04.04-10.15.57:169][  0]LogConfig: Setting CVar [[r.SkyAtmosphere.AerialPerspectiveLUT.FastApplyOnOpaque:1 ; Always have FastSkyLUT 1 in this case to avoid wrong sky]]
[2026.04.04-10.15.57:169][  0]LogConfig: Setting CVar [[r.SkyAtmosphere.AerialPerspectiveLUT.SampleCountMaxPerSlice:4]]
[2026.04.04-10.15.57:169][  0]LogConfig: Setting CVar [[r.SkyAtmosphere.AerialPerspectiveLUT.DepthResolution:16.0]]
[2026.04.04-10.15.57:169][  0]LogConfig: Setting CVar [[r.SkyAtmosphere.FastSkyLUT:1]]
[2026.04.04-10.15.57:169][  0]LogConfig: Setting CVar [[r.SkyAtmosphere.FastSkyLUT.SampleCountMin:4.0]]
[2026.04.04-10.15.57:169][  0]LogConfig: Setting CVar [[r.SkyAtmosphere.FastSkyLUT.SampleCountMax:128.0]]
[2026.04.04-10.15.57:169][  0]LogConfig: Setting CVar [[r.SkyAtmosphere.SampleCountMin:4.0]]
[2026.04.04-10.15.57:169][  0]LogConfig: Setting CVar [[r.SkyAtmosphere.SampleCountMax:128.0]]
[2026.04.04-10.15.57:169][  0]LogConfig: Setting CVar [[r.SkyAtmosphere.TransmittanceLUT.UseSmallFormat:0]]
[2026.04.04-10.15.57:169][  0]LogConfig: Setting CVar [[r.SkyAtmosphere.TransmittanceLUT.SampleCount:10.0]]
[2026.04.04-10.15.57:169][  0]LogConfig: Setting CVar [[r.SkyAtmosphere.MultiScatteringLUT.SampleCount:15.0]]
[2026.04.04-10.15.57:169][  0]LogConfig: Setting CVar [[r.SkyLight.RealTimeReflectionCapture:1]]
[2026.04.04-10.15.57:169][  0]LogConfig: Applying CVar settings from Section [FoliageQuality@3] File [C:/Users/User/Documents/Unreal Projects/Playtime_Multiplayer/Saved/Config/Windows/Scalability.ini]
[2026.04.04-10.15.57:169][  0]LogConfig: Setting CVar [[foliage.DensityScale:1.0]]
[2026.04.04-10.15.57:169][  0]LogConfig: Setting CVar [[grass.DensityScale:1.0]]
[2026.04.04-10.15.57:169][  0]LogConfig: Applying CVar settings from Section [ShadingQuality@3] File [C:/Users/User/Documents/Unreal Projects/Playtime_Multiplayer/Saved/Config/Windows/Scalability.ini]
[2026.04.04-10.15.57:169][  0]LogConfig: Setting CVar [[r.HairStrands.SkyLighting.IntegrationType:2]]
[2026.04.04-10.15.57:169][  0]LogConfig: Setting CVar [[r.HairStrands.SkyAO.SampleCount:4]]
[2026.04.04-10.15.57:169][  0]LogConfig: Setting CVar [[r.HairStrands.Visibility.MSAA.SamplePerPixel:4]]
[2026.04.04-10.15.57:169][  0]LogInit: Selected Device Profile: [Windows]
[2026.04.04-10.15.57:169][  0]LogInit: Applying CVar settings loaded from the selected device profile: [Windows]
[2026.04.04-10.15.57:170][  0]LogHAL: Display: Platform has ~ 8 GB [8391213056 / 8589934592 / 8], which maps to Default [LargestMinGB=32, LargerMinGB=12, DefaultMinGB=8, SmallerMinGB=6, SmallestMinGB=0)
[2026.04.04-10.15.57:170][  0]LogInit: Going up to parent DeviceProfile []
[2026.04.04-10.15.57:170][  0]LogConfig: Applying CVar settings from Section [ViewDistanceQuality@2] File [C:/Users/User/Documents/Unreal Projects/Playtime_Multiplayer/Saved/Config/Windows/Scalability.ini]
[2026.04.04-10.15.57:170][  0]LogConfig: Setting CVar [[r.SkeletalMeshLODBias:0]]
[2026.04.04-10.15.57:170][  0]LogConfig: Setting CVar [[r.ViewDistanceScale:0.8]]
[2026.04.04-10.15.57:170][  0]LogConfig: Applying CVar settings from Section [AntiAliasingQuality@2] File [C:/Users/User/Documents/Unreal Projects/Playtime_Multiplayer/Saved/Config/Windows/Scalability.ini]
[2026.04.04-10.15.57:170][  0]LogConfig: Setting CVar [[r.PostProcessAAQuality:3]]
[2026.04.04-10.15.57:170][  0]LogConfig: Applying CVar settings from Section [ShadowQuality@2] File [C:/Users/User/Documents/Unreal Projects/Playtime_Multiplayer/Saved/Config/Windows/Scalability.ini]
[2026.04.04-10.15.57:170][  0]LogConfig: Setting CVar [[r.LightFunctionQuality:1]]
[2026.04.04-10.15.57:170][  0]LogConfig: Setting CVar [[r.ShadowQuality:5]]
[2026.04.04-10.15.57:170][  0]LogConfig: Setting CVar [[r.Shadow.CSM.MaxCascades:4]]
[2026.04.04-10.15.57:170][  0]LogConfig: Setting CVar [[r.Shadow.MaxResolution:1024]]
[2026.04.04-10.15.57:170][  0]LogConfig: Setting CVar [[r.Shadow.MaxCSMResolution:2048]]
[2026.04.04-10.15.57:170][  0]LogConfig: Setting CVar [[r.Shadow.RadiusThreshold:0.04]]
[2026.04.04-10.15.57:170][  0]LogConfig: Setting CVar [[r.Shadow.DistanceScale:0.85]]
[2026.04.04-10.15.57:170][  0]LogConfig: Setting CVar [[r.Shadow.CSM.TransitionScale:0.8]]
[2026.04.04-10.15.57:170][  0]LogConfig: Setting CVar [[r.Shadow.PreShadowResolutionFactor:0.5]]
[2026.04.04-10.15.57:170][  0]LogConfig: Setting CVar [[r.DistanceFieldShadowing:1]]
[2026.04.04-10.15.57:170][  0]LogConfig: Setting CVar [[r.DistanceFieldAO:1]]
[2026.04.04-10.15.57:170][  0]LogConfig: Setting CVar [[r.AOQuality:1]]
[2026.04.04-10.15.57:170][  0]LogConfig: Setting CVar [[r.VolumetricFog:1]]
[2026.04.04-10.15.57:170][  0]LogConfig: Setting CVar [[r.VolumetricFog.GridPixelSize:16]]
[2026.04.04-10.15.57:170][  0]LogConfig: Setting CVar [[r.VolumetricFog.GridSizeZ:64]]
[2026.04.04-10.15.57:170][  0]LogConfig: Setting CVar [[r.VolumetricFog.HistoryMissSupersampleCount:4]]
[2026.04.04-10.15.57:170][  0]LogConfig: Setting CVar [[r.LightMaxDrawDistanceScale:1]]
[2026.04.04-10.15.57:170][  0]LogConfig: Setting CVar [[r.CapsuleShadows:1]]
[2026.04.04-10.15.57:170][  0]LogConfig: Applying CVar settings from Section [PostProcessQuality@2] File [C:/Users/User/Documents/Unreal Projects/Playtime_Multiplayer/Saved/Config/Windows/Scalability.ini]
[2026.04.04-10.15.57:170][  0]LogConfig: Setting CVar [[r.MotionBlurQuality:3]]
[2026.04.04-10.15.57:170][  0]LogConfig: Setting CVar [[r.AmbientOcclusionMipLevelFactor:0.6]]
[2026.04.04-10.15.57:170][  0]LogConfig: Setting CVar [[r.AmbientOcclusionMaxQuality:100]]
[2026.04.04-10.15.57:170][  0]LogConfig: Setting CVar [[r.AmbientOcclusionLevels:-1]]
[2026.04.04-10.15.57:170][  0]LogConfig: Setting CVar [[r.AmbientOcclusionRadiusScale:1.5]]
[2026.04.04-10.15.57:170][  0]LogConfig: Setting CVar [[r.DepthOfFieldQuality:2]]
[2026.04.04-10.15.57:170][  0]LogConfig: Setting CVar [[r.RenderTargetPoolMin:400]]
[2026.04.04-10.15.57:170][  0]LogConfig: Setting CVar [[r.LensFlareQuality:2]]
[2026.04.04-10.15.57:170][  0]LogConfig: Setting CVar [[r.SceneColorFringeQuality:1]]
[2026.04.04-10.15.57:170][  0]LogConfig: Setting CVar [[r.EyeAdaptationQuality:2]]
[2026.04.04-10.15.57:170][  0]LogConfig: Setting CVar [[r.BloomQuality:5]]
[2026.04.04-10.15.57:170][  0]LogConfig: Setting CVar [[r.FastBlurThreshold:3]]
[2026.04.04-10.15.57:170][  0]LogConfig: Setting CVar [[r.Upscale.Quality:2]]
[2026.04.04-10.15.57:170][  0]LogConfig: Setting CVar [[r.Tonemapper.GrainQuantization:1]]
[2026.04.04-10.15.57:170][  0]LogConfig: Setting CVar [[r.LightShaftQuality:1]]
[2026.04.04-10.15.57:170][  0]LogConfig: Setting CVar [[r.Filter.SizeScale:0.8]]
[2026.04.04-10.15.57:170][  0]LogConfig: Setting CVar [[r.Tonemapper.Quality:5]]
[2026.04.04-10.15.57:170][  0]LogConfig: Setting CVar [[r.DOF.Gather.AccumulatorQuality:0        ; lower gathering accumulator quality]]
[2026.04.04-10.15.57:170][  0]LogConfig: Setting CVar [[r.DOF.Gather.PostfilterMethod:2          ; Max3x3 postfilering method]]
[2026.04.04-10.15.57:170][  0]LogConfig: Setting CVar [[r.DOF.Gather.EnableBokehSettings:0       ; no bokeh simulation when gathering]]
[2026.04.04-10.15.57:170][  0]LogConfig: Setting CVar [[r.DOF.Gather.RingCount:4                 ; medium number of samples when gathering]]
[2026.04.04-10.15.57:170][  0]LogConfig: Setting CVar [[r.DOF.Scatter.ForegroundCompositing:1    ; additive foreground scattering]]
[2026.04.04-10.15.57:170][  0]LogConfig: Setting CVar [[r.DOF.Scatter.BackgroundCompositing:1    ; no background occlusion]]
[2026.04.04-10.15.57:170][  0]LogConfig: Setting CVar [[r.DOF.Scatter.EnableBokehSettings:0      ; no bokeh simulation when scattering]]
[2026.04.04-10.15.57:171][  0]LogConfig: Setting CVar [[r.DOF.Scatter.MaxSpriteRatio:0.04        ; only a maximum of 4% of scattered bokeh]]
[2026.04.04-10.15.57:171][  0]LogConfig: Setting CVar [[r.DOF.Recombine.Quality:0                ; no slight out of focus]]
[2026.04.04-10.15.57:171][  0]LogConfig: Setting CVar [[r.DOF.TemporalAAQuality:0                ; faster temporal accumulation]]
[2026.04.04-10.15.57:171][  0]LogConfig: Setting CVar [[r.DOF.Kernel.MaxForegroundRadius:0.012   ; required because of AccumulatorQuality=0]]
[2026.04.04-10.15.57:171][  0]LogConfig: Setting CVar [[r.DOF.Kernel.MaxBackgroundRadius:0.012   ; required because of AccumulatorQuality=0]]
[2026.04.04-10.15.57:171][  0]LogConfig: Applying CVar settings from Section [TextureQuality@2] File [C:/Users/User/Documents/Unreal Projects/Playtime_Multiplayer/Saved/Config/Windows/Scalability.ini]
[2026.04.04-10.15.57:171][  0]LogConfig: Setting CVar [[r.Streaming.MipBias:0]]
[2026.04.04-10.15.57:171][  0]LogConfig: Setting CVar [[r.Streaming.AmortizeCPUToGPUCopy:0]]
[2026.04.04-10.15.57:171][  0]LogConfig: Setting CVar [[r.Streaming.MaxNumTexturesToStreamPerFrame:0]]
[2026.04.04-10.15.57:171][  0]LogConfig: Setting CVar [[r.Streaming.Boost:1]]
[2026.04.04-10.15.57:171][  0]LogConfig: Setting CVar [[r.MaxAnisotropy:4]]
[2026.04.04-10.15.57:171][  0]LogConfig: Setting CVar [[r.VT.MaxAnisotropy:8]]
[2026.04.04-10.15.57:171][  0]LogConfig: Setting CVar [[r.Streaming.LimitPoolSizeToVRAM:1]]
[2026.04.04-10.15.57:171][  0]LogConfig: Setting CVar [[r.Streaming.PoolSize:800]]
[2026.04.04-10.15.57:171][  0]LogConfig: Setting CVar [[r.Streaming.MaxEffectiveScreenSize:0]]
[2026.04.04-10.15.57:171][  0]LogConfig: Applying CVar settings from Section [EffectsQuality@2] File [C:/Users/User/Documents/Unreal Projects/Playtime_Multiplayer/Saved/Config/Windows/Scalability.ini]
[2026.04.04-10.15.57:171][  0]LogConfig: Setting CVar [[r.TranslucencyLightingVolumeDim:48]]
[2026.04.04-10.15.57:171][  0]LogConfig: Setting CVar [[r.RefractionQuality:2]]
[2026.04.04-10.15.57:171][  0]LogConfig: Setting CVar [[r.SSR.Quality:2]]
[2026.04.04-10.15.57:171][  0]LogConfig: Setting CVar [[r.SSR.HalfResSceneColor:1]]
[2026.04.04-10.15.57:171][  0]LogConfig: Setting CVar [[r.SceneColorFormat:3]]
[2026.04.04-10.15.57:171][  0]LogConfig: Setting CVar [[r.DetailMode:1]]
[2026.04.04-10.15.57:171][  0]LogConfig: Setting CVar [[r.TranslucencyVolumeBlur:1]]
[2026.04.04-10.15.57:171][  0]LogConfig: Setting CVar [[r.MaterialQualityLevel:1 ; High quality]]
[2026.04.04-10.15.57:171][  0]LogConfig: Setting CVar [[r.AnisotropicMaterials:1]]
[2026.04.04-10.15.57:171][  0]LogConfig: Setting CVar [[r.SSS.Scale:1]]
[2026.04.04-10.15.57:171][  0]LogConfig: Setting CVar [[r.SSS.SampleSet:1]]
[2026.04.04-10.15.57:171][  0]LogConfig: Setting CVar [[r.SSS.Quality:-1]]
[2026.04.04-10.15.57:171][  0]LogConfig: Setting CVar [[r.SSS.HalfRes:1]]
[2026.04.04-10.15.57:171][  0]LogConfig: Setting CVar [[r.SSGI.Quality:2]]
[2026.04.04-10.15.57:171][  0]LogConfig: Setting CVar [[r.EmitterSpawnRateScale:0.5]]
[2026.04.04-10.15.57:171][  0]LogConfig: Setting CVar [[r.ParticleLightQuality:1]]
[2026.04.04-10.15.57:171][  0]LogConfig: Setting CVar [[r.SkyAtmosphere.AerialPerspectiveLUT.FastApplyOnOpaque:1 ; Always have FastSkyLUT 1 in this case to avoid wrong sky]]
[2026.04.04-10.15.57:171][  0]LogConfig: Setting CVar [[r.SkyAtmosphere.AerialPerspectiveLUT.SampleCountMaxPerSlice:2]]
[2026.04.04-10.15.57:171][  0]LogConfig: Setting CVar [[r.SkyAtmosphere.AerialPerspectiveLUT.DepthResolution:16.0]]
[2026.04.04-10.15.57:171][  0]LogConfig: Setting CVar [[r.SkyAtmosphere.FastSkyLUT:1]]
[2026.04.04-10.15.57:171][  0]LogConfig: Setting CVar [[r.SkyAtmosphere.FastSkyLUT.SampleCountMin:4.0]]
[2026.04.04-10.15.57:171][  0]LogConfig: Setting CVar [[r.SkyAtmosphere.FastSkyLUT.SampleCountMax:64.0]]
[2026.04.04-10.15.57:171][  0]LogConfig: Setting CVar [[r.SkyAtmosphere.SampleCountMin:4.0]]
[2026.04.04-10.15.57:171][  0]LogConfig: Setting CVar [[r.SkyAtmosphere.SampleCountMax:64.0]]
[2026.04.04-10.15.57:171][  0]LogConfig: Setting CVar [[r.SkyAtmosphere.TransmittanceLUT.UseSmallFormat:0]]
[2026.04.04-10.15.57:171][  0]LogConfig: Setting CVar [[r.SkyAtmosphere.TransmittanceLUT.SampleCount:10.0]]
[2026.04.04-10.15.57:171][  0]LogConfig: Setting CVar [[r.SkyAtmosphere.MultiScatteringLUT.SampleCount:15.0]]
[2026.04.04-10.15.57:171][  0]LogConfig: Setting CVar [[r.SkyLight.RealTimeReflectionCapture:1]]
[2026.04.04-10.15.57:171][  0]LogConfig: Applying CVar settings from Section [FoliageQuality@2] File [C:/Users/User/Documents/Unreal Projects/Playtime_Multiplayer/Saved/Config/Windows/Scalability.ini]
[2026.04.04-10.15.57:171][  0]LogConfig: Setting CVar [[foliage.DensityScale:0.8]]
[2026.04.04-10.15.57:171][  0]LogConfig: Setting CVar [[grass.DensityScale:0.8]]
[2026.04.04-10.15.57:171][  0]LogConfig: Applying CVar settings from Section [ShadingQuality@2] File [C:/Users/User/Documents/Unreal Projects/Playtime_Multiplayer/Saved/Config/Windows/Scalability.ini]
[2026.04.04-10.15.57:171][  0]LogConfig: Setting CVar [[r.HairStrands.SkyLighting.IntegrationType:2]]
[2026.04.04-10.15.57:171][  0]LogConfig: Setting CVar [[r.HairStrands.SkyAO.SampleCount:4]]
[2026.04.04-10.15.57:171][  0]LogConfig: Setting CVar [[r.HairStrands.Visibility.MSAA.SamplePerPixel:4]]
[2026.04.04-10.15.57:171][  0]LogConfig: Applying CVar settings from Section [Startup] File [../../../Engine/Config/ConsoleVariables.ini]
[2026.04.04-10.15.57:172][  0]LogConfig: Setting CVar [[net.UseAdaptiveNetUpdateFrequency:0]]
[2026.04.04-10.15.57:172][  0]LogConfig: Setting CVar [[p.chaos.AllowCreatePhysxBodies:1]]
[2026.04.04-10.15.57:172][  0]LogConfig: Setting CVar [[fx.SkipVectorVMBackendOptimizations:1]]
[2026.04.04-10.15.57:172][  0]LogConfig: Applying CVar settings from Section [ConsoleVariables] File [C:/Users/User/Documents/Unreal Projects/Playtime_Multiplayer/Saved/Config/Windows/Engine.ini]
[2026.04.04-10.15.57:172][  0]LogConfig: Applying CVar settings from Section [ConsoleVariables] File [C:/Users/User/Documents/Unreal Projects/Playtime_Multiplayer/Saved/Config/Windows/Editor.ini]
[2026.04.04-10.15.57:172][  0]LogInit: Computer: WIN-O5Q6NLQMTLB
[2026.04.04-10.15.57:172][  0]LogInit: User: User
[2026.04.04-10.15.57:172][  0]LogInit: CPU Page size=4096, Cores=6
[2026.04.04-10.15.57:172][  0]LogInit: High frequency timer resolution =10.000000 MHz
[2026.04.04-10.15.57:172][  0]LogMemory: Memory total: Physical=7.8GB (8GB approx)
[2026.04.04-10.15.57:172][  0]LogMemory: Platform Memory Stats for Windows
[2026.04.04-10.15.57:172][  0]LogMemory: Process Physical Memory: 148.50 MB used, 148.50 MB peak
[2026.04.04-10.15.57:172][  0]LogMemory: Process Virtual Memory: 127.98 MB used, 127.98 MB peak
[2026.04.04-10.15.57:172][  0]LogMemory: Physical Memory: 7033.89 MB used,  968.59 MB free, 8002.48 MB total
[2026.04.04-10.15.57:172][  0]LogMemory: Virtual Memory: 134211520.00 MB used,  6205.45 MB free, 134217728.00 MB total
[2026.04.04-10.15.57:185][  0]LogWindows: WindowsPlatformFeatures enabled
[2026.04.04-10.15.57:226][  0]LogInit: Physics initialised using underlying interface: PhysX
[2026.04.04-10.15.57:228][  0]LogInit: Using OS detected language (ru-RU).
[2026.04.04-10.15.57:228][  0]LogInit: Using OS detected locale (ru-RU).
[2026.04.04-10.15.57:232][  0]LogTextLocalizationManager: No specific localization for 'ru-RU' exists, so the 'ru' localization will be used.
[2026.04.04-10.15.57:232][  0]LogTextLocalizationResource: LocRes '../../../Engine/Content/Localization/Editor/ru/Editor.locres' could not be opened for reading!
[2026.04.04-10.15.57:232][  0]LogTextLocalizationResource: LocRes '../../../Engine/Content/Localization/EditorTutorials/ru/EditorTutorials.locres' could not be opened for reading!
[2026.04.04-10.15.57:232][  0]LogTextLocalizationResource: LocRes '../../../Engine/Content/Localization/Keywords/ru/Keywords.locres' could not be opened for reading!
[2026.04.04-10.15.57:232][  0]LogTextLocalizationResource: LocRes '../../../Engine/Content/Localization/Category/ru/Category.locres' could not be opened for reading!
[2026.04.04-10.15.57:233][  0]LogTextLocalizationResource: LocRes '../../../Engine/Content/Localization/ToolTips/ru/ToolTips.locres' could not be opened for reading!
[2026.04.04-10.15.57:233][  0]LogTextLocalizationResource: LocRes '../../../Engine/Content/Localization/PropertyNames/ru/PropertyNames.locres' could not be opened for reading!
[2026.04.04-10.15.57:233][  0]LogTextLocalizationResource: LocRes '../../../Engine/Content/Localization/Engine/ru/Engine.locres' could not be opened for reading!
[2026.04.04-10.15.57:270][  0]LogWindowsTextInputMethodSystem: Display: IME system deactivated.
[2026.04.04-10.15.57:310][  0]LogSlate: New Slate User Created.  User Index 0, Is Virtual User: 0
[2026.04.04-10.15.57:310][  0]LogSlate: Slate User Registered.  User Index 0, Is Virtual User: 0
[2026.04.04-10.15.57:646][  0]LogD3D11RHI: Loaded GFSDK_Aftermath_Lib.x64.dll
[2026.04.04-10.15.57:649][  0]LogHMD: Failed to initialize OpenVR with code 110
[2026.04.04-10.15.57:649][  0]LogD3D11RHI: D3D11 min allowed feature level: 11_0
[2026.04.04-10.15.57:649][  0]LogD3D11RHI: D3D11 max allowed feature level: 11_0
[2026.04.04-10.15.57:649][  0]LogD3D11RHI: D3D11 adapters:
[2026.04.04-10.15.57:988][  0]LogD3D11RHI:    0. 'Intel(R) UHD Graphics 630' (Feature Level 11_0)
[2026.04.04-10.15.57:988][  0]LogD3D11RHI:       128/0/4001 MB DedicatedVideo/DedicatedSystem/SharedSystem, Outputs:1, VendorId:0x8086
[2026.04.04-10.15.57:993][  0]LogD3D11RHI:    1. 'Microsoft Basic Render Driver' (Feature Level 11_0)
[2026.04.04-10.15.57:993][  0]LogD3D11RHI:       0/0/4001 MB DedicatedVideo/DedicatedSystem/SharedSystem, Outputs:0, VendorId:0x1414
[2026.04.04-10.15.57:993][  0]LogD3D11RHI: Chosen D3D11 Adapter:
[2026.04.04-10.15.57:993][  0]LogD3D11RHI:     Description : Intel(R) UHD Graphics 630
[2026.04.04-10.15.57:993][  0]LogD3D11RHI:     VendorId    : 8086
[2026.04.04-10.15.57:993][  0]LogD3D11RHI:     DeviceId    : 9bc8
[2026.04.04-10.15.57:993][  0]LogD3D11RHI:     SubSysId    : 372117aa
[2026.04.04-10.15.57:993][  0]LogD3D11RHI:     Revision    : 0003
[2026.04.04-10.15.57:993][  0]LogD3D11RHI:     DedicatedVideoMemory : 134217728 bytes
[2026.04.04-10.15.57:993][  0]LogD3D11RHI:     DedicatedSystemMemory : 0 bytes
[2026.04.04-10.15.57:993][  0]LogD3D11RHI:     SharedSystemMemory : 4195606528 bytes
[2026.04.04-10.15.57:993][  0]LogD3D11RHI:     AdapterLuid : 0 69680
[2026.04.04-10.15.58:004][  0]LogD3D11RHI: Creating new Direct3DDevice
[2026.04.04-10.15.58:004][  0]LogD3D11RHI:     GPU DeviceId: 0x9bc8 (for the marketing name, search the web for "GPU Device Id")
[2026.04.04-10.15.58:004][  0]LogWindows: EnumDisplayDevices:
[2026.04.04-10.15.58:004][  0]LogWindows:    0. 'Intel(R) UHD Graphics 630' (P:1 D:1)
[2026.04.04-10.15.58:004][  0]LogWindows:    1. 'Intel(R) UHD Graphics 630' (P:0 D:0)
[2026.04.04-10.15.58:005][  0]LogWindows:    2. 'Intel(R) UHD Graphics 630' (P:0 D:0)
[2026.04.04-10.15.58:005][  0]LogWindows: DebugString: FoundDriverCount:3 
[2026.04.04-10.15.58:005][  0]LogD3D11RHI:     Adapter Name: Intel(R) UHD Graphics 630
[2026.04.04-10.15.58:005][  0]LogD3D11RHI:   Driver Version: 31.0.101.2130 (internal:31.0.101.2130, unified:31.0.101.2130)
[2026.04.04-10.15.58:005][  0]LogD3D11RHI:      Driver Date: 8-13-2024
[2026.04.04-10.15.58:005][  0]LogRHI: Texture pool is 1490 MB (70% of 2128 MB)
[2026.04.04-10.15.58:018][  0]LogD3D11RHI: Creating D3DDevice using adapter:
[2026.04.04-10.15.58:019][  0]LogD3D11RHI:     Description : Intel(R) UHD Graphics 630
[2026.04.04-10.15.58:019][  0]LogD3D11RHI:     VendorId    : 8086
[2026.04.04-10.15.58:019][  0]LogD3D11RHI:     DeviceId    : 9bc8
[2026.04.04-10.15.58:019][  0]LogD3D11RHI:     SubSysId    : 372117aa
[2026.04.04-10.15.58:019][  0]LogD3D11RHI:     Revision    : 0003
[2026.04.04-10.15.58:019][  0]LogD3D11RHI:     DedicatedVideoMemory : 134217728 bytes
[2026.04.04-10.15.58:019][  0]LogD3D11RHI:     DedicatedSystemMemory : 0 bytes
[2026.04.04-10.15.58:019][  0]LogD3D11RHI:     SharedSystemMemory : 4195606528 bytes
[2026.04.04-10.15.58:019][  0]LogD3D11RHI:     AdapterLuid : 0 69680
[2026.04.04-10.15.58:301][  0]LogD3D11RHI: RHI does not have support for 64 bit atomics
[2026.04.04-10.15.58:338][  0]LogD3D11RHI: Intel Extensions support version Full=16777216, Major=1, Minor=0, Revision=0
[2026.04.04-10.15.58:338][  0]LogD3D11RHI: Intel Extensions support version Full=16777217, Major=1, Minor=0, Revision=1
[2026.04.04-10.15.58:339][  0]LogD3D11RHI: Intel Extensions Framework enabled
[2026.04.04-10.15.58:339][  0]LogD3D11RHI: [IntelMetricsDiscovery] Started
[2026.04.04-10.15.58:340][  0]LogD3D11RHI: Async texture creation enabled
[2026.04.04-10.15.58:340][  0]LogD3D11RHI: Array index from any shader is supported
[2026.04.04-10.15.58:352][  0]LogD3D11RHI: GPU Timing Frequency: 12.000048 (Debug: 2 0)
[2026.04.04-10.16.04:234][  0]LogTargetPlatformManager: Display: Loaded TargetPlatform 'AllDesktop'
[2026.04.04-10.16.04:269][  0]LogTargetPlatformManager: Display: Loaded TargetPlatform 'Android'
[2026.04.04-10.16.04:269][  0]LogTargetPlatformManager: Display: Loaded TargetPlatform 'Android_ASTC'
[2026.04.04-10.16.04:269][  0]LogTargetPlatformManager: Display: Loaded TargetPlatform 'Android_DXT'
[2026.04.04-10.16.04:269][  0]LogTargetPlatformManager: Display: Loaded TargetPlatform 'Android_ETC2'
[2026.04.04-10.16.04:269][  0]LogTargetPlatformManager: Display: Loaded TargetPlatform 'AndroidClient'
[2026.04.04-10.16.04:269][  0]LogTargetPlatformManager: Display: Loaded TargetPlatform 'Android_ASTCClient'
[2026.04.04-10.16.04:269][  0]LogTargetPlatformManager: Display: Loaded TargetPlatform 'Android_DXTClient'
[2026.04.04-10.16.04:269][  0]LogTargetPlatformManager: Display: Loaded TargetPlatform 'Android_ETC2Client'
[2026.04.04-10.16.04:269][  0]LogTargetPlatformManager: Display: Loaded TargetPlatform 'Android_Multi'
[2026.04.04-10.16.04:269][  0]LogTargetPlatformManager: Display: Loaded TargetPlatform 'Android_MultiClient'
[2026.04.04-10.16.04:317][  0]LogTargetPlatformManager: Display: Loaded TargetPlatform 'IOSClient'
[2026.04.04-10.16.04:317][  0]LogTargetPlatformManager: Display: Loaded TargetPlatform 'IOS'
[2026.04.04-10.16.04:336][  0]LogTargetPlatformManager: Display: Loaded TargetPlatform 'Linux'
[2026.04.04-10.16.04:346][  0]LogTargetPlatformManager: Display: Loaded TargetPlatform 'LinuxNoEditor'
[2026.04.04-10.16.04:352][  0]LogTargetPlatformManager: Display: Loaded TargetPlatform 'LinuxClient'
[2026.04.04-10.16.04:360][  0]LogTargetPlatformManager: Display: Loaded TargetPlatform 'LinuxServer'
[2026.04.04-10.16.04:380][  0]LogTargetPlatformManager: Display: Loaded TargetPlatform 'LinuxAArch64NoEditor'
[2026.04.04-10.16.04:389][  0]LogTargetPlatformManager: Display: Loaded TargetPlatform 'LinuxAArch64Client'
[2026.04.04-10.16.04:418][  0]LogTargetPlatformManager: Display: Loaded TargetPlatform 'LinuxAArch64Server'
[2026.04.04-10.16.04:462][  0]LogTargetPlatformManager: Display: Loaded TargetPlatform 'Lumin'
[2026.04.04-10.16.04:462][  0]LogTargetPlatformManager: Display: Loaded TargetPlatform 'LuminClient'
[2026.04.04-10.16.04:478][  0]LogTargetPlatformManager: Display: Loaded TargetPlatform 'MacNoEditor'
[2026.04.04-10.16.04:490][  0]LogTargetPlatformManager: Display: Loaded TargetPlatform 'Mac'
[2026.04.04-10.16.04:497][  0]LogTargetPlatformManager: Display: Loaded TargetPlatform 'MacClient'
[2026.04.04-10.16.04:505][  0]LogTargetPlatformManager: Display: Loaded TargetPlatform 'MacServer'
[2026.04.04-10.16.04:521][  0]LogTargetPlatformManager: Display: Loaded TargetPlatform 'TVOSClient'
[2026.04.04-10.16.04:521][  0]LogTargetPlatformManager: Display: Loaded TargetPlatform 'TVOS'
[2026.04.04-10.16.04:535][  0]LogTargetPlatformManager: Display: Loaded TargetPlatform 'WindowsNoEditor'
[2026.04.04-10.16.04:541][  0]LogTargetPlatformManager: Display: Loaded TargetPlatform 'Windows'
[2026.04.04-10.16.04:552][  0]LogTargetPlatformManager: Display: Loaded TargetPlatform 'WindowsClient'
[2026.04.04-10.16.04:556][  0]LogTargetPlatformManager: Display: Loaded TargetPlatform 'WindowsServer'
[2026.04.04-10.16.04:557][  0]LogTargetPlatformManager: Display: Building Assets For Windows
[2026.04.04-10.16.04:580][  0]LogAudioDebug: Display: Lib vorbis DLL was dynamically loaded.
[2026.04.04-10.16.04:646][  0]LogTextureFormatOodle: Display: Oodle Texture 2.9.0 init RDO Off
[2026.04.04-10.16.04:734][  0]LogRendererCore: Ray tracing is disabled. Reason: r.RayTracing=0.
[2026.04.04-10.16.04:734][  0]LogShaderCompilers: Guid format shader working directory is -31 characters bigger than the processId version (../../../../../../Users/User/Documents/Unreal Projects/Playtime_Multiplayer/Intermediate/Shaders/WorkingDirectory/11996/).
[2026.04.04-10.16.04:736][  0]LogShaderCompilers: Cleaned the shader compiler working directory 'C:/Users/User/AppData/Local/Temp/UnrealShaderWorkingDir/7EEF9A00477F2A12BCC1678F5F3C2D52/'.
[2026.04.04-10.16.04:736][  0]LogXGEController: Cannot use XGE Controller as Incredibuild is not installed on this machine.
[2026.04.04-10.16.04:736][  0]LogShaderCompilers: Cannot use XGE Shader Compiler as Incredibuild is not installed on this machine.
[2026.04.04-10.16.04:736][  0]LogShaderCompilers: Display: Using Local Shader Compiler.
[2026.04.04-10.16.05:998][  0]LogDerivedDataCache: Display: Max Cache Size: 512 MB
[2026.04.04-10.16.06:158][  0]LogDerivedDataCache: Loaded boot cache 0.16s 94MB C:/Users/User/AppData/Local/UnrealEngine/4.27/DerivedDataCache/Boot.ddc.
[2026.04.04-10.16.06:158][  0]LogDerivedDataCache: Display: Loaded Boot cache: C:/Users/User/AppData/Local/UnrealEngine/4.27/DerivedDataCache/Boot.ddc
[2026.04.04-10.16.06:159][  0]LogDerivedDataCache: FDerivedDataBackendGraph:  Pak pak cache file ../../../../../../Users/User/Documents/Unreal Projects/Playtime_Multiplayer/DerivedDataCache/DDC.ddp not found, will not use a pak cache.
[2026.04.04-10.16.06:159][  0]LogDerivedDataCache: Unable to find inner node Pak for hierarchical cache Hierarchy.
[2026.04.04-10.16.06:159][  0]LogDerivedDataCache: FDerivedDataBackendGraph:  CompressedPak pak cache file ../../../../../../Users/User/Documents/Unreal Projects/Playtime_Multiplayer/DerivedDataCache/Compressed.ddp not found, will not use a pak cache.
[2026.04.04-10.16.06:159][  0]LogDerivedDataCache: Unable to find inner node CompressedPak for hierarchical cache Hierarchy.
[2026.04.04-10.16.06:187][  0]LogDerivedDataCache: Display: Pak cache opened for reading ../../../Engine/DerivedDataCache/Compressed.ddp.
[2026.04.04-10.16.06:187][  0]LogDerivedDataCache: FDerivedDataBackendGraph:  EnterprisePak pak cache file ../../../Enterprise/DerivedDataCache/Compressed.ddp not found, will not use a pak cache.
[2026.04.04-10.16.06:187][  0]LogDerivedDataCache: Unable to find inner node EnterprisePak for hierarchical cache Hierarchy.
[2026.04.04-10.16.06:200][  0]LogDerivedDataCache: Speed tests for C:/Users/User/AppData/Local/UnrealEngine/Common/DerivedDataCache took 0.01 seconds
[2026.04.04-10.16.06:200][  0]LogDerivedDataCache: Display: Performance to C:/Users/User/AppData/Local/UnrealEngine/Common/DerivedDataCache: Latency=0.02ms. RandomReadSpeed=106.04MBs, RandomWriteSpeed=242.56MBs. Assigned SpeedClass 'Local'
[2026.04.04-10.16.06:201][  0]LogDerivedDataCache: Using Local data cache path C:/Users/User/AppData/Local/UnrealEngine/Common/DerivedDataCache: Writable
[2026.04.04-10.16.06:201][  0]LogDerivedDataCache: Shared data cache path not found in *engine.ini, will not use an Shared cache.
[2026.04.04-10.16.06:201][  0]LogDerivedDataCache: Unable to find inner node Shared for hierarchical cache Hierarchy.
[2026.04.04-10.16.06:263][  0]LogSlate: Using FreeType 2.10.0
[2026.04.04-10.16.06:264][  0]LogSlate: SlateFontServices - WITH_FREETYPE: 1, WITH_HARFBUZZ: 1
[2026.04.04-10.16.06:307][  0]LogAssetRegistry: FAssetRegistry took 0.0033 seconds to start up
[2026.04.04-10.16.06:638][  0]LogInit: Selected Device Profile: [Windows]
[2026.04.04-10.16.06:638][  0]LogInit: Active device profile: [000001B3A421D100][000001B3A0798600 49] Windows
[2026.04.04-10.16.06:638][  0]LogInit: Profiles: [000001B3A421D100][000001B3A0798600 49] Windows, [000001B3A41FA600][000001B3A21CE780 49] WindowsNoEditor, [000001B3A421E200][000001B3A21D2900 49] WindowsServer, [000001B3A41F9800][000001B3A079CA40 49] WindowsClient, [000001B3A421D700][000001B3A21D6B80 49] IOS, [000001B3A41FA800][000001B3A21DACC0 49] iPadAir, [000001B3A421FC00][000001B3A35CEE40 49] iPadAir2, [000001B3A419D400][000001B3A35D7100 49] IPadPro, [000001B3A419D500][000001B3A35D3140 49] iPadAir3, [000001B3A41FB900][000001B3A35DB2C0 49] iPadAir4, [000001B3A419E300][000001B3A35DF440 49] iPadMini2, [000001B3A41FB000][000001B3A35E35C0 49] iPadMini3, [000001B3A419EF00][000001B3A35E7740 49] iPadMini4, [000001B3A41F9D00][000001B3A35EB8C0 49] iPadMini5, [000001B3A41BD000][000001B3A4605B80 49] iPhone6, [000001B3A41BD100][000001B3A4601BC0 49] iPodTouch6, [000001B3A421F900][000001B3A460C300 49] iPhone7, [000001B3A421E900][000001B3A4608340 49] iPodTouch7, [000001B3A419D000][000001B3A46104C0 49] iPhone5S, [000001B3A421EF00][000001B3A4614640 49] iPhone6Plus, [000001B3A419F600][000001B3A46187C0 49] iPhone6S, [000001B3A421CC00][000001B3A461C940 49] iPhone6SPlus, [000001B3A421DD00][000001B3A4620AC0 49] iPhone7Plus, [000001B3A41BC800][000001B3A35CAC00 49] iPhoneSE, [000001B3A421C400][000001B3A4624D40 49] iPhone8, [000001B3A41BC900][000001B3A4628E80 49] iPhone8Plus, [000001B3A41BEE00][000001B3A462CFC0 49] iPhoneX, [000001B3A419DD00][000001B3A4635140 49] iPhoneXS, [000001B3A41BE700][000001B3A46392C0 49] iPhoneXSMax, [000001B3A419DC00][000001B3A463D440 49] iPhoneXR, [000001B3A41BE800][000001B3A46415C0 49] iPhone11, [000001B3A419CF00][000001B3A4645740 49] iPhone11Pro, [000001B3A41BCB00][000001B3A46498C0 49] iPhone11ProMax, [000001B3A419CD00][000001B3A464DA40 49] iPhoneSE2, [000001B3A41BCE00][000001B3A4651BC0 49] iPhone12Mini, [000001B3A421F800][000001B3A46541C0 49] iPhone12, [000001B3A41BF000][000001B3A4658340 49] iPhone12Pro, [000001B3A421F700][000001B3A465C4C0 49] iPhone12ProMax, [000001B3A41BDE00][000001B3A4660640 49] iPadPro105, [000001B3A421D300][000001B3A46647C0 49] iPadPro129, [000001B3A41BFE00][000001B3A4668940 49] iPadPro97, [000001B3A421DC00][000001B3A466CAC0 49] iPadPro2_129, [000001B3A41BE000][000001B3A4670C40 49] iPad5, [000001B3A421E300][000001B3A4630D80 49] iPad6, [000001B3A41BFB00][000001B3A4674EC0 49] iPad7, [000001B3A421DE00][000001B3A4679000 49] iPad8, [000001B3A41BCA00][000001B3A467D140 49] iPadPro11, [000001B3A421E600][000001B3A46852C0 49] iPadPro2_11, [000001B3A41BCF00][000001B3A4689440 49] iPadPro3_129, [000001B3A421E800][000001B3A468D5C0 49] iPadPro4_129, [000001B3A41BFC00][000001B3A4691740 49] AppleTV, [000001B3A421DA00][000001B3A46958C0 49] AppleTV4K, [000001B3A41BE600][000001B3A4699A40 49] TVOS, [000001B3A421E100][000001B3A469DBC0 49] Mac, [000001B3A41BEF00][000001B3A46A01C0 49] MacClient, [000001B3A421EA00][000001B3A46A4340 49] MacNoEditor, [000001B3A41BEC00][000001B3A46A84C0 49] MacServer, [000001B3A421F000][000001B3A46AC640 49] Linux, [000001B3A41BC400][000001B3A46B07C0 49] LinuxAArch64, [000001B3A421C700][000001B3A46B4940 49] LinuxNoEditor, [000001B3A41BF700][000001B3A46B8AC0 49] LinuxAArch64NoEditor, [000001B3A421FB00][000001B3A46BCC40 49] LinuxClient, [000001B3A41BF400][000001B3A46C0DC0 49] LinuxAArch64Client, [000001B3A421FE00][000001B3A46C4F40 49] LinuxServer, [000001B3A41BC700][000001B3A4681080 49] LinuxAArch64Server, [000001B3A421DF00][000001B3A46C91C0 49] Android, [000001B3A41BEA00][000001B3A46CD300 49] Android_Low, [000001B3A421ED00][000001B3A46D5480 49] Android_Mid, [000001B3A41BDF00][000001B3A46D9600 49] Android_High, [000001B3A421EB00][000001B3A46DD780 49] Android_Default, [000001B3A41BC100][000001B3A46E1900 49] Android_Adreno4xx, [000001B3A421C500][000001B3A46E5A80 49] Android_Adreno5xx_Low, [000001B3A41BD400][000001B3A46E9C00 49] Android_Adreno5xx, [000001B3A421F400][000001B3A46EC200 49] Android_Adreno6xx, [000001B3A41BE300][000001B3A46F0380 49] Android_Adreno6xx_Vulkan, [000001B3A421FD00][000001B3A46F4500 49] Android_Mali_T6xx, [000001B3A41BC200][000001B3A46F8680 49] Android_Mali_T7xx, [000001B3A421F600][000001B3A46FC800 49] Android_Mali_T8xx, [000001B3A41BF200][000001B3A4700980 49] Android_Mali_G71, [000001B3A419F100][000001B3A4704B00 49] Android_Mali_G72, [000001B3A41FAE00][000001B3A4708C80 49] Android_Mali_G72_Vulkan, [000001B3A419EB00][000001B3A470CE00 49] Android_Mali_G76, [000001B3A41F8500][000001B3A4710F80 49] Android_Mali_G76_Vulkan, [000001B3A419CC00][000001B3A4715100 49] Android_Mali_G77, [000001B3A41F8600][000001B3A46D1240 49] Android_Mali_G77_Vulkan, [000001B3A419E400][000001B3A4719380 49] Android_Mali_G78, [000001B3A41F8D00][000001B3A471D4C0 49] Android_Mali_G78_Vulkan, [000001B3A419FD00][000001B3A4725640 49] Android_Mali_G710, [000001B3A41FAA00][000001B3A47297C0 49] Android_Mali_G710_Vulkan, [000001B3A419EA00][000001B3A472D940 49] Android_Vulkan_SM5, [000001B3A41F9900][000001B3A4731AC0 49] Android_PowerVR_G6xxx, [000001B3A419C500][000001B3A47340C0 49] Android_PowerVR_GT7xxx, [000001B3A41F8200][000001B3A4738240 49] Android_PowerVR_GE8xxx, [000001B3A419FB00][000001B3A473C3C0 49] Android_PowerVR_GM9xxx, [000001B3A41FA000][000001B3A4740540 49] Android_PowerVR_GM9xxx_Vulkan, [000001B3A419DF00][000001B3A47446C0 49] Android_TegraK1, [000001B3A41F8A00][000001B3A4748840 49] Android_Unknown_Vulkan, [000001B3A419F900][000001B3A474C9C0 49] Lumin, [000001B3A41F9100][000001B3A4750B40 49] Lumin_Desktop, [000001B3A419E000][000001B3A4754CC0 49] HoloLens, 
[2026.04.04-10.16.06:830][  0]LogMeshReduction: Using QuadricMeshReduction for automatic static mesh reduction
[2026.04.04-10.16.06:830][  0]LogMeshReduction: Using SimplygonMeshReduction for automatic skeletal mesh reduction
[2026.04.04-10.16.06:830][  0]LogMeshReduction: Using ProxyLODMeshReduction for automatic mesh merging
[2026.04.04-10.16.06:830][  0]LogMeshReduction: No distributed automatic mesh merging module available
[2026.04.04-10.16.06:830][  0]LogMeshMerging: No distributed automatic mesh merging module available
[2026.04.04-10.16.06:857][  0]LogNetVersion: Playtime_Multiplayer 1.0.0, NetCL: 17155196, EngineNetVer: 17, GameNetVer: 0 (Checksum: 2025055209)
[2026.04.04-10.16.07:641][  0]LogTexture: Default maximum texture size for cubemaps generated from long-lat sources has been changed from 512 to unlimited. In order to preserve old behaiour for '/Engine/MapTemplates/Sky/DaylightAmbientCubemap.DaylightAmbientCubemap', its maximum texture size has been explicitly set to 512.
[2026.04.04-10.16.07:740][  0]LogHMD: PokeAHoleMaterial loaded successfully
[2026.04.04-10.16.07:748][  0]LogUObjectArray: 17178 objects as part of root set at end of initial load.
[2026.04.04-10.16.07:748][  0]LogUObjectAllocator: 4302048 out of 0 bytes used by permanent object pool.
[2026.04.04-10.16.07:748][  0]LogUObjectArray: CloseDisregardForGC: 0/0 objects in disregard for GC pool
[2026.04.04-10.16.08:247][  0]LogNiagaraDebuggerClient: Niagara Debugger Client Initialized | Session: B9F407BC44E87010A7DF0383CACF475F | Instance: 87530AAF480846110817439911A80B66 (WIN-O5Q6NLQMTLB-11996).
[2026.04.04-10.16.08:431][  0]LogPython: Using Python 3.7.7
[2026.04.04-10.16.09:168][  0]LogTcpMessaging: Initializing TcpMessaging bridge
[2026.04.04-10.16.09:174][  0]LogUdpMessaging: Initializing bridge on interface 0.0.0.0:0 to multicast group 230.0.0.1:6666.
[2026.04.04-10.16.09:343][  0]LogLinker: Warning: Failed to load '/Game/FirstPersonBP/FirstPersonOverview': Can't find file.
[2026.04.04-10.16.09:343][  0]LogLinker: Warning: Failed to load '/Game/FirstPersonBP/FirstPersonOverview': Can't find file.
[2026.04.04-10.16.09:343][  0]LogUObjectGlobals: Warning: Failed to find object 'Class /Game/FirstPersonBP/FirstPersonOverview.FirstPersonOverview_C'
[2026.04.04-10.16.09:458][  0]SourceControl: Source control is disabled
[2026.04.04-10.16.09:458][  0]SourceControl: Source control is disabled
[2026.04.04-10.16.09:464][  0]SourceControl: Source control is disabled
[2026.04.04-10.16.09:483][  0]SourceControl: Source control is disabled
[2026.04.04-10.16.09:487][  0]LogUProjectInfo: Found projects:
[2026.04.04-10.16.09:533][  0]SourceControl: Source control is disabled
[2026.04.04-10.16.09:812][  0]LogOpenImageDenoise: OIDN starting up
[2026.04.04-10.16.09:905][  0]LogAndroidPermission: UAndroidPermissionCallbackProxy::GetInstance
[2026.04.04-10.16.09:922][  0]LogAudioCaptureCore: Display: No Audio Capture implementations found. Audio input will be silent.
[2026.04.04-10.16.09:922][  0]LogAudioCaptureCore: Display: No Audio Capture implementations found. Audio input will be silent.
[2026.04.04-10.16.10:134][  0]LogCollectionManager: Loaded 0 collections in 0.001601 seconds
[2026.04.04-10.16.10:170][  0]LogFileCache: Scanning file cache for directory 'C:/Users/User/Documents/Unreal Projects/Playtime_Multiplayer/Saved/Collections/' took 0.00s
[2026.04.04-10.16.10:170][  0]LogFileCache: Scanning file cache for directory 'C:/Users/User/Documents/Unreal Projects/Playtime_Multiplayer/Content/Developers/User/Collections/' took 0.00s
[2026.04.04-10.16.10:170][  0]LogFileCache: Scanning file cache for directory 'C:/Users/User/Documents/Unreal Projects/Playtime_Multiplayer/Content/Collections/' took 0.00s
[2026.04.04-10.16.10:170][  0]LogOcInput: OculusInput pre-init called
[2026.04.04-10.16.10:494][  0]LogEngine: Initializing Engine...
[2026.04.04-10.16.10:509][  0]LogHMD: Failed to enumerate extensions. Please check that you have a valid OpenXR runtime installed.
[2026.04.04-10.16.10:510][  0]LogHMD: Failed to initialize OpenVR with code 110
[2026.04.04-10.16.10:511][  0]LogMagicLeap: Warning: VR disabled because ZI is not enabled.  To enable, in the editor, Edit -> Project Settings -> Plugins -> Magic Leap Plugin -> Enable Zero Iteration
[2026.04.04-10.16.10:512][  0]LogStats: UGameplayTagsManager::InitializeManager -  0.000 s
[2026.04.04-10.16.10:744][  0]LogInit: Initializing FReadOnlyCVARCache
[2026.04.04-10.16.10:756][  0]LogAIModule: Creating AISystem for world Untitled
[2026.04.04-10.16.10:771][  0]LogAudio: Display: Initializing Audio Device Manager...
[2026.04.04-10.16.10:778][  0]LogAudio: Display: Loading Default Audio Settings Objects...
[2026.04.04-10.16.10:779][  0]LogAudio: Display: No default SoundConcurrencyObject specified (or failed to load).
[2026.04.04-10.16.10:780][  0]LogAudio: Display: Audio Device Manager Initialized
[2026.04.04-10.16.10:780][  0]LogAudio: Display: Creating Audio Device:                 Id: 1, Scope: Shared, Realtime: True
[2026.04.04-10.16.10:780][  0]LogAudioMixer: Display: Audio Mixer Platform Settings:
[2026.04.04-10.16.10:780][  0]LogAudioMixer: Display: 	Sample Rate:						  48000
[2026.04.04-10.16.10:780][  0]LogAudioMixer: Display: 	Callback Buffer Frame Size Requested: 1024
[2026.04.04-10.16.10:780][  0]LogAudioMixer: Display: 	Callback Buffer Frame Size To Use:	  1024
[2026.04.04-10.16.10:780][  0]LogAudioMixer: Display: 	Number of buffers to queue:			  2
[2026.04.04-10.16.10:780][  0]LogAudioMixer: Display: 	Max Channels (voices):				  32
[2026.04.04-10.16.10:780][  0]LogAudioMixer: Display: 	Number of Async Source Workers:		  0
[2026.04.04-10.16.10:780][  0]LogAudio: Display: AudioDevice MaxSources: 32
[2026.04.04-10.16.10:780][  0]LogAudio: Display: Audio Spatialization Plugin: None (built-in).
[2026.04.04-10.16.10:780][  0]LogAudio: Display: Audio Reverb Plugin: None (built-in).
[2026.04.04-10.16.10:780][  0]LogAudio: Display: Audio Occlusion Plugin: None (built-in).
[2026.04.04-10.16.10:780][  0]LogAudioMixer: Display: Initializing audio mixer.
[2026.04.04-10.16.10:812][  0]LogAudioMixer: Display: 0: FrontLeft
[2026.04.04-10.16.10:812][  0]LogAudioMixer: Display: 1: FrontRight
[2026.04.04-10.16.10:865][  0]LogAudioMixer: Display: Using Audio Device Headphones (Realtek(R) Audio)
[2026.04.04-10.16.10:869][  0]LogAudioMixer: Display: Initializing Sound Submixes...
[2026.04.04-10.16.10:872][  0]LogAudioMixer: Display: Creating Master Submix 'MasterSubmixDefault'
[2026.04.04-10.16.10:872][  0]LogAudioMixer: Display: Creating Master Submix 'MasterReverbSubmixDefault'
[2026.04.04-10.16.10:873][  0]LogAudioMixer: Display: Creating Master Submix 'MasterEQSubmixDefault'
[2026.04.04-10.16.10:873][  0]LogAudioMixer: FMixerPlatformXAudio2::StartAudioStream() called
[2026.04.04-10.16.10:873][  0]LogAudioMixer: Display: Output buffers initialized: Frames=1024, Channels=2, Samples=2048
[2026.04.04-10.16.10:876][  0]LogAudioMixer: Display: Starting AudioMixerPlatformInterface::RunInternal()
[2026.04.04-10.16.10:876][  0]LogAudioMixer: Display: FMixerPlatformXAudio2::SubmitBuffer() called for the first time
[2026.04.04-10.16.10:876][  0]LogInit: FAudioDevice initialized.
[2026.04.04-10.16.10:876][  0]LogAudio: Display: Audio Device (ID: 1) registered with world 'Untitled'.
[2026.04.04-10.16.10:876][  0]LogNetVersion: Set ProjectVersion to 1.0.0.0. Version Checksum will be recalculated on next use.
[2026.04.04-10.16.11:121][  0]LogDerivedDataCache: Saved boot cache 0.25s 94MB C:/Users/User/AppData/Local/UnrealEngine/4.27/DerivedDataCache/Boot.ddc.
[2026.04.04-10.16.11:126][  0]LogInit: Texture streaming: Enabled
[2026.04.04-10.16.11:177][  0]LogAnalytics: Display: [UEEditor.Rocket.Release] APIServer = https://datarouter.ol.epicgames.com/. AppVersion = 4.27.2-18319896+++UE4+Release-4.27
[2026.04.04-10.16.11:186][  0]LogEngineSessionManager: EngineSessionManager initialized
[2026.04.04-10.16.11:186][  0]LogEditorSessionSummary: Verbose: Initializing EditorSessionSummaryWriter for editor session tracking
[2026.04.04-10.16.11:188][  0]LogEditorSessionSummary: EditorSessionSummaryWriter initialized
[2026.04.04-10.16.11:321][  0]LogInit: Transaction tracking system initialized
[2026.04.04-10.16.11:451][  0]BlueprintLog: New page: Editor Load
[2026.04.04-10.16.11:546][  0]LocalizationService: Localization service is disabled
[2026.04.04-10.16.11:586][  0]TimingProfiler: Initialize
[2026.04.04-10.16.11:586][  0]TimingProfiler: OnSessionChanged
[2026.04.04-10.16.11:586][  0]LoadingProfiler: Initialize
[2026.04.04-10.16.11:586][  0]LoadingProfiler: OnSessionChanged
[2026.04.04-10.16.11:586][  0]NetworkingProfiler: Initialize
[2026.04.04-10.16.11:586][  0]NetworkingProfiler: OnSessionChanged
[2026.04.04-10.16.11:586][  0]MemoryProfiler: Initialize
[2026.04.04-10.16.11:586][  0]MemoryProfiler: OnSessionChanged
[2026.04.04-10.16.11:857][  0]LogCook: Display: CookSettings for Memory: MemoryMaxUsedVirtual 0MiB, MemoryMaxUsedPhysical 16384MiB, MemoryMinFreeVirtual 0MiB, MemoryMinFreePhysical 1024MiB
[2026.04.04-10.16.11:857][  0]LogCook: Display: Mobile HDR setting 1
[2026.04.04-10.16.12:134][  0]LogFileCache: Scanning file cache for directory 'C:/Users/User/Documents/Unreal Projects/Playtime_Multiplayer/Content/' took 0.01s
[2026.04.04-10.16.12:384][  0]LogInit: Display: Engine is initialized. Leaving FEngineLoop::Init()
[2026.04.04-10.16.12:388][  0]SourceControl: Source control is disabled
[2026.04.04-10.16.12:389][  0]LogUnrealEdMisc: Loading editor; pre map load, took 17.482
[2026.04.04-10.16.12:389][  0]Cmd: MAP LOAD FILE="../../../../../../Users/User/Documents/Unreal Projects/Playtime_Multiplayer/Content/StarterContent/Maps/Minimal_Default.umap" TEMPLATE=0 SHOWPROGRESS=1 FEATURELEVEL=3
[2026.04.04-10.16.12:389][  0]LogEditorServer: Warning: Can't find file '../../../../../../Users/User/Documents/Unreal Projects/Playtime_Multiplayer/Content/StarterContent/Maps/Minimal_Default.umap'
[2026.04.04-10.16.12:389][  0]Cmd: MAP CHECKDEP NOCLEARLOG
[2026.04.04-10.16.12:389][  0]MapCheck: Map check complete: 0 Error(s), 0 Warning(s), took 0,115ms to complete.
[2026.04.04-10.16.12:389][  0]LogFileHelpers: Loading map 'Minimal_Default' took 0.000
[2026.04.04-10.16.12:393][  0]LogUnrealEdMisc: Total Editor Startup Time, took 17.486
[2026.04.04-10.16.12:659][  0]LogSlate: Updating window title bar state: overlay mode, drag disabled, window buttons hidden, title bar hidden
[2026.04.04-10.16.12:669][  0]LogSlate: Updating window title bar state: overlay mode, drag disabled, window buttons hidden, title bar hidden
[2026.04.04-10.16.12:678][  0]LogSlate: Updating window title bar state: overlay mode, drag disabled, window buttons hidden, title bar hidden
[2026.04.04-10.16.12:685][  0]LogSlate: Updating window title bar state: overlay mode, drag disabled, window buttons hidden, title bar hidden
[2026.04.04-10.16.12:735][  0]LogNativeClassHierarchy: Verbose: Native class hierarchy populated in 0.0122 seconds. Added 3845 classes and 934 folders.
[2026.04.04-10.16.12:747][  0]LogNativeClassHierarchy: Verbose: Native class hierarchy updated for 'WidgetCarousel' in 0.0003 seconds. Added 0 classes and 0 folders.
[2026.04.04-10.16.12:762][  0]LogPakFile: PakFile PrimaryIndexSize=187
[2026.04.04-10.16.12:762][  0]LogPakFile: PakFile PathHashIndexSize=101
[2026.04.04-10.16.12:762][  0]LogPakFile: PakFile FullDirectoryIndexSize=148
[2026.04.04-10.16.12:763][  0]LogShaderLibrary: Display: ShaderCodeLibraryPakFileMountedCallback: PakFile 'C:/Program Files/Epic Games/UE_4.27/FeaturePacks/FP_FirstPerson.upack' (chunk index -1, root 'root:/') mounted
[2026.04.04-10.16.12:763][  0]LogShaderLibrary: Display: ShaderCodeLibraryPakFileMountedCallback: pending pak file info (ChunkID:-1 Root:root:/ File:C:/Program Files/Epic Games/UE_4.27/FeaturePacks/FP_FirstPerson.upack)
[2026.04.04-10.16.12:763][  0]LogPakFile: OnPakFileMounted2Time == 0.001318
[2026.04.04-10.16.12:768][  0]LogPakFile: PakFile PrimaryIndexSize=189
[2026.04.04-10.16.12:768][  0]LogPakFile: PakFile PathHashIndexSize=101
[2026.04.04-10.16.12:768][  0]LogPakFile: PakFile FullDirectoryIndexSize=152
[2026.04.04-10.16.12:768][  0]LogShaderLibrary: Display: ShaderCodeLibraryPakFileMountedCallback: PakFile 'C:/Program Files/Epic Games/UE_4.27/FeaturePacks/FP_FirstPersonBP.upack' (chunk index -1, root 'root:/') mounted
[2026.04.04-10.16.12:768][  0]LogShaderLibrary: Display: ShaderCodeLibraryPakFileMountedCallback: pending pak file info (ChunkID:-1 Root:root:/ File:C:/Program Files/Epic Games/UE_4.27/FeaturePacks/FP_FirstPersonBP.upack)
[2026.04.04-10.16.12:768][  0]LogPakFile: OnPakFileMounted2Time == 0.000049
[2026.04.04-10.16.12:770][  0]LogPakFile: PakFile PrimaryIndexSize=191
[2026.04.04-10.16.12:770][  0]LogPakFile: PakFile PathHashIndexSize=101
[2026.04.04-10.16.12:770][  0]LogPakFile: PakFile FullDirectoryIndexSize=160
[2026.04.04-10.16.12:770][  0]LogShaderLibrary: Display: ShaderCodeLibraryPakFileMountedCallback: PakFile 'C:/Program Files/Epic Games/UE_4.27/FeaturePacks/MobileStarterContent.upack' (chunk index -1, root 'root:/') mounted
[2026.04.04-10.16.12:770][  0]LogShaderLibrary: Display: ShaderCodeLibraryPakFileMountedCallback: pending pak file info (ChunkID:-1 Root:root:/ File:C:/Program Files/Epic Games/UE_4.27/FeaturePacks/MobileStarterContent.upack)
[2026.04.04-10.16.12:770][  0]LogPakFile: OnPakFileMounted2Time == 0.000038
[2026.04.04-10.16.12:772][  0]LogPakFile: PakFile PrimaryIndexSize=185
[2026.04.04-10.16.12:772][  0]LogPakFile: PakFile PathHashIndexSize=101
[2026.04.04-10.16.12:772][  0]LogPakFile: PakFile FullDirectoryIndexSize=148
[2026.04.04-10.16.12:772][  0]LogShaderLibrary: Display: ShaderCodeLibraryPakFileMountedCallback: PakFile 'C:/Program Files/Epic Games/UE_4.27/FeaturePacks/StarterContent.upack' (chunk index -1, root 'root:/') mounted
[2026.04.04-10.16.12:772][  0]LogShaderLibrary: Display: ShaderCodeLibraryPakFileMountedCallback: pending pak file info (ChunkID:-1 Root:root:/ File:C:/Program Files/Epic Games/UE_4.27/FeaturePacks/StarterContent.upack)
[2026.04.04-10.16.12:772][  0]LogPakFile: OnPakFileMounted2Time == 0.000039
[2026.04.04-10.16.12:774][  0]LogPakFile: PakFile PrimaryIndexSize=190
[2026.04.04-10.16.12:774][  0]LogPakFile: PakFile PathHashIndexSize=101
[2026.04.04-10.16.12:774][  0]LogPakFile: PakFile FullDirectoryIndexSize=154
[2026.04.04-10.16.12:774][  0]LogShaderLibrary: Display: ShaderCodeLibraryPakFileMountedCallback: PakFile 'C:/Program Files/Epic Games/UE_4.27/FeaturePacks/TP_2DSideScroller.upack' (chunk index -1, root 'root:/') mounted
[2026.04.04-10.16.12:774][  0]LogShaderLibrary: Display: ShaderCodeLibraryPakFileMountedCallback: pending pak file info (ChunkID:-1 Root:root:/ File:C:/Program Files/Epic Games/UE_4.27/FeaturePacks/TP_2DSideScroller.upack)
[2026.04.04-10.16.12:774][  0]LogPakFile: OnPakFileMounted2Time == 0.000076
[2026.04.04-10.16.12:776][  0]LogPakFile: PakFile PrimaryIndexSize=192
[2026.04.04-10.16.12:776][  0]LogPakFile: PakFile PathHashIndexSize=101
[2026.04.04-10.16.12:776][  0]LogPakFile: PakFile FullDirectoryIndexSize=158
[2026.04.04-10.16.12:776][  0]LogShaderLibrary: Display: ShaderCodeLibraryPakFileMountedCallback: PakFile 'C:/Program Files/Epic Games/UE_4.27/FeaturePacks/TP_2DSideScrollerBP.upack' (chunk index -1, root 'root:/') mounted
[2026.04.04-10.16.12:776][  0]LogShaderLibrary: Display: ShaderCodeLibraryPakFileMountedCallback: pending pak file info (ChunkID:-1 Root:root:/ File:C:/Program Files/Epic Games/UE_4.27/FeaturePacks/TP_2DSideScrollerBP.upack)
[2026.04.04-10.16.12:776][  0]LogPakFile: OnPakFileMounted2Time == 0.000043
[2026.04.04-10.16.12:778][  0]LogPakFile: PakFile PrimaryIndexSize=182
[2026.04.04-10.16.12:778][  0]LogPakFile: PakFile PathHashIndexSize=101
[2026.04.04-10.16.12:778][  0]LogPakFile: PakFile FullDirectoryIndexSize=138
[2026.04.04-10.16.12:778][  0]LogShaderLibrary: Display: ShaderCodeLibraryPakFileMountedCallback: PakFile 'C:/Program Files/Epic Games/UE_4.27/FeaturePacks/TP_Flying.upack' (chunk index -1, root 'root:/') mounted
[2026.04.04-10.16.12:778][  0]LogShaderLibrary: Display: ShaderCodeLibraryPakFileMountedCallback: pending pak file info (ChunkID:-1 Root:root:/ File:C:/Program Files/Epic Games/UE_4.27/FeaturePacks/TP_Flying.upack)
[2026.04.04-10.16.12:778][  0]LogPakFile: OnPakFileMounted2Time == 0.000040
[2026.04.04-10.16.12:779][  0]LogPakFile: PakFile PrimaryIndexSize=184
[2026.04.04-10.16.12:779][  0]LogPakFile: PakFile PathHashIndexSize=101
[2026.04.04-10.16.12:779][  0]LogPakFile: PakFile FullDirectoryIndexSize=142
[2026.04.04-10.16.12:779][  0]LogShaderLibrary: Display: ShaderCodeLibraryPakFileMountedCallback: PakFile 'C:/Program Files/Epic Games/UE_4.27/FeaturePacks/TP_FlyingBP.upack' (chunk index -1, root 'root:/') mounted
[2026.04.04-10.16.12:779][  0]LogShaderLibrary: Display: ShaderCodeLibraryPakFileMountedCallback: pending pak file info (ChunkID:-1 Root:root:/ File:C:/Program Files/Epic Games/UE_4.27/FeaturePacks/TP_FlyingBP.upack)
[2026.04.04-10.16.12:779][  0]LogPakFile: OnPakFileMounted2Time == 0.000041
[2026.04.04-10.16.12:781][  0]LogPakFile: PakFile PrimaryIndexSize=188
[2026.04.04-10.16.12:781][  0]LogPakFile: PakFile PathHashIndexSize=101
[2026.04.04-10.16.12:781][  0]LogPakFile: PakFile FullDirectoryIndexSize=150
[2026.04.04-10.16.12:782][  0]LogShaderLibrary: Display: ShaderCodeLibraryPakFileMountedCallback: PakFile 'C:/Program Files/Epic Games/UE_4.27/FeaturePacks/TP_HandheldARBP.upack' (chunk index -1, root 'root:/') mounted
[2026.04.04-10.16.12:782][  0]LogShaderLibrary: Display: ShaderCodeLibraryPakFileMountedCallback: pending pak file info (ChunkID:-1 Root:root:/ File:C:/Program Files/Epic Games/UE_4.27/FeaturePacks/TP_HandheldARBP.upack)
[2026.04.04-10.16.12:782][  0]LogPakFile: OnPakFileMounted2Time == 0.000055
[2026.04.04-10.16.12:784][  0]LogPakFile: PakFile PrimaryIndexSize=182
[2026.04.04-10.16.12:784][  0]LogPakFile: PakFile PathHashIndexSize=101
[2026.04.04-10.16.12:784][  0]LogPakFile: PakFile FullDirectoryIndexSize=138
[2026.04.04-10.16.12:784][  0]LogShaderLibrary: Display: ShaderCodeLibraryPakFileMountedCallback: PakFile 'C:/Program Files/Epic Games/UE_4.27/FeaturePacks/TP_Puzzle.upack' (chunk index -1, root 'root:/') mounted
[2026.04.04-10.16.12:784][  0]LogShaderLibrary: Display: ShaderCodeLibraryPakFileMountedCallback: pending pak file info (ChunkID:-1 Root:root:/ File:C:/Program Files/Epic Games/UE_4.27/FeaturePacks/TP_Puzzle.upack)
[2026.04.04-10.16.12:784][  0]LogPakFile: OnPakFileMounted2Time == 0.000038
[2026.04.04-10.16.12:786][  0]LogPakFile: PakFile PrimaryIndexSize=184
[2026.04.04-10.16.12:786][  0]LogPakFile: PakFile PathHashIndexSize=101
[2026.04.04-10.16.12:786][  0]LogPakFile: PakFile FullDirectoryIndexSize=142
[2026.04.04-10.16.12:786][  0]LogShaderLibrary: Display: ShaderCodeLibraryPakFileMountedCallback: PakFile 'C:/Program Files/Epic Games/UE_4.27/FeaturePacks/TP_PuzzleBP.upack' (chunk index -1, root 'root:/') mounted
[2026.04.04-10.16.12:786][  0]LogShaderLibrary: Display: ShaderCodeLibraryPakFileMountedCallback: pending pak file info (ChunkID:-1 Root:root:/ File:C:/Program Files/Epic Games/UE_4.27/FeaturePacks/TP_PuzzleBP.upack)
[2026.04.04-10.16.12:786][  0]LogPakFile: OnPakFileMounted2Time == 0.000042
[2026.04.04-10.16.12:788][  0]LogPakFile: PakFile PrimaryIndexSize=183
[2026.04.04-10.16.12:788][  0]LogPakFile: PakFile PathHashIndexSize=101
[2026.04.04-10.16.12:788][  0]LogPakFile: PakFile FullDirectoryIndexSize=140
[2026.04.04-10.16.12:788][  0]LogShaderLibrary: Display: ShaderCodeLibraryPakFileMountedCallback: PakFile 'C:/Program Files/Epic Games/UE_4.27/FeaturePacks/TP_Rolling.upack' (chunk index -1, root 'root:/') mounted
[2026.04.04-10.16.12:788][  0]LogShaderLibrary: Display: ShaderCodeLibraryPakFileMountedCallback: pending pak file info (ChunkID:-1 Root:root:/ File:C:/Program Files/Epic Games/UE_4.27/FeaturePacks/TP_Rolling.upack)
[2026.04.04-10.16.12:788][  0]LogPakFile: OnPakFileMounted2Time == 0.000037
[2026.04.04-10.16.12:790][  0]LogPakFile: PakFile PrimaryIndexSize=185
[2026.04.04-10.16.12:790][  0]LogPakFile: PakFile PathHashIndexSize=101
[2026.04.04-10.16.12:790][  0]LogPakFile: PakFile FullDirectoryIndexSize=144
[2026.04.04-10.16.12:790][  0]LogShaderLibrary: Display: ShaderCodeLibraryPakFileMountedCallback: PakFile 'C:/Program Files/Epic Games/UE_4.27/FeaturePacks/TP_RollingBP.upack' (chunk index -1, root 'root:/') mounted
[2026.04.04-10.16.12:790][  0]LogShaderLibrary: Display: ShaderCodeLibraryPakFileMountedCallback: pending pak file info (ChunkID:-1 Root:root:/ File:C:/Program Files/Epic Games/UE_4.27/FeaturePacks/TP_RollingBP.upack)
[2026.04.04-10.16.12:790][  0]LogPakFile: OnPakFileMounted2Time == 0.000043
[2026.04.04-10.16.12:792][  0]LogPakFile: PakFile PrimaryIndexSize=188
[2026.04.04-10.16.12:792][  0]LogPakFile: PakFile PathHashIndexSize=101
[2026.04.04-10.16.12:792][  0]LogPakFile: PakFile FullDirectoryIndexSize=150
[2026.04.04-10.16.12:792][  0]LogShaderLibrary: Display: ShaderCodeLibraryPakFileMountedCallback: PakFile 'C:/Program Files/Epic Games/UE_4.27/FeaturePacks/TP_SideScroller.upack' (chunk index -1, root 'root:/') mounted
[2026.04.04-10.16.12:792][  0]LogShaderLibrary: Display: ShaderCodeLibraryPakFileMountedCallback: pending pak file info (ChunkID:-1 Root:root:/ File:C:/Program Files/Epic Games/UE_4.27/FeaturePacks/TP_SideScroller.upack)
[2026.04.04-10.16.12:792][  0]LogPakFile: OnPakFileMounted2Time == 0.000065
[2026.04.04-10.16.12:794][  0]LogPakFile: PakFile PrimaryIndexSize=190
[2026.04.04-10.16.12:794][  0]LogPakFile: PakFile PathHashIndexSize=101
[2026.04.04-10.16.12:794][  0]LogPakFile: PakFile FullDirectoryIndexSize=154
[2026.04.04-10.16.12:794][  0]LogShaderLibrary: Display: ShaderCodeLibraryPakFileMountedCallback: PakFile 'C:/Program Files/Epic Games/UE_4.27/FeaturePacks/TP_SideScrollerBP.upack' (chunk index -1, root 'root:/') mounted
[2026.04.04-10.16.12:794][  0]LogShaderLibrary: Display: ShaderCodeLibraryPakFileMountedCallback: pending pak file info (ChunkID:-1 Root:root:/ File:C:/Program Files/Epic Games/UE_4.27/FeaturePacks/TP_SideScrollerBP.upack)
[2026.04.04-10.16.12:794][  0]LogPakFile: OnPakFileMounted2Time == 0.000045
[2026.04.04-10.16.12:796][  0]LogPakFile: PakFile PrimaryIndexSize=187
[2026.04.04-10.16.12:796][  0]LogPakFile: PakFile PathHashIndexSize=101
[2026.04.04-10.16.12:796][  0]LogPakFile: PakFile FullDirectoryIndexSize=148
[2026.04.04-10.16.12:796][  0]LogShaderLibrary: Display: ShaderCodeLibraryPakFileMountedCallback: PakFile 'C:/Program Files/Epic Games/UE_4.27/FeaturePacks/TP_ThirdPerson.upack' (chunk index -1, root 'root:/') mounted
[2026.04.04-10.16.12:796][  0]LogShaderLibrary: Display: ShaderCodeLibraryPakFileMountedCallback: pending pak file info (ChunkID:-1 Root:root:/ File:C:/Program Files/Epic Games/UE_4.27/FeaturePacks/TP_ThirdPerson.upack)
[2026.04.04-10.16.12:796][  0]LogPakFile: OnPakFileMounted2Time == 0.000041
[2026.04.04-10.16.12:798][  0]LogPakFile: PakFile PrimaryIndexSize=189
[2026.04.04-10.16.12:798][  0]LogPakFile: PakFile PathHashIndexSize=101
[2026.04.04-10.16.12:798][  0]LogPakFile: PakFile FullDirectoryIndexSize=152
[2026.04.04-10.16.12:798][  0]LogShaderLibrary: Display: ShaderCodeLibraryPakFileMountedCallback: PakFile 'C:/Program Files/Epic Games/UE_4.27/FeaturePacks/TP_ThirdPersonBP.upack' (chunk index -1, root 'root:/') mounted
[2026.04.04-10.16.12:798][  0]LogShaderLibrary: Display: ShaderCodeLibraryPakFileMountedCallback: pending pak file info (ChunkID:-1 Root:root:/ File:C:/Program Files/Epic Games/UE_4.27/FeaturePacks/TP_ThirdPersonBP.upack)
[2026.04.04-10.16.12:798][  0]LogPakFile: OnPakFileMounted2Time == 0.000038
[2026.04.04-10.16.12:800][  0]LogPakFile: PakFile PrimaryIndexSize=183
[2026.04.04-10.16.12:800][  0]LogPakFile: PakFile PathHashIndexSize=101
[2026.04.04-10.16.12:800][  0]LogPakFile: PakFile FullDirectoryIndexSize=140
[2026.04.04-10.16.12:800][  0]LogShaderLibrary: Display: ShaderCodeLibraryPakFileMountedCallback: PakFile 'C:/Program Files/Epic Games/UE_4.27/FeaturePacks/TP_TopDown.upack' (chunk index -1, root 'root:/') mounted
[2026.04.04-10.16.12:800][  0]LogShaderLibrary: Display: ShaderCodeLibraryPakFileMountedCallback: pending pak file info (ChunkID:-1 Root:root:/ File:C:/Program Files/Epic Games/UE_4.27/FeaturePacks/TP_TopDown.upack)
[2026.04.04-10.16.12:800][  0]LogPakFile: OnPakFileMounted2Time == 0.000045
[2026.04.04-10.16.12:801][  0]LogPakFile: PakFile PrimaryIndexSize=185
[2026.04.04-10.16.12:801][  0]LogPakFile: PakFile PathHashIndexSize=101
[2026.04.04-10.16.12:801][  0]LogPakFile: PakFile FullDirectoryIndexSize=144
[2026.04.04-10.16.12:801][  0]LogShaderLibrary: Display: ShaderCodeLibraryPakFileMountedCallback: PakFile 'C:/Program Files/Epic Games/UE_4.27/FeaturePacks/TP_TopDownBP.upack' (chunk index -1, root 'root:/') mounted
[2026.04.04-10.16.12:801][  0]LogShaderLibrary: Display: ShaderCodeLibraryPakFileMountedCallback: pending pak file info (ChunkID:-1 Root:root:/ File:C:/Program Files/Epic Games/UE_4.27/FeaturePacks/TP_TopDownBP.upack)
[2026.04.04-10.16.12:801][  0]LogPakFile: OnPakFileMounted2Time == 0.000041
[2026.04.04-10.16.12:803][  0]LogPakFile: PakFile PrimaryIndexSize=185
[2026.04.04-10.16.12:803][  0]LogPakFile: PakFile PathHashIndexSize=101
[2026.04.04-10.16.12:803][  0]LogPakFile: PakFile FullDirectoryIndexSize=144
[2026.04.04-10.16.12:803][  0]LogShaderLibrary: Display: ShaderCodeLibraryPakFileMountedCallback: PakFile 'C:/Program Files/Epic Games/UE_4.27/FeaturePacks/TP_TwinStick.upack' (chunk index -1, root 'root:/') mounted
[2026.04.04-10.16.12:803][  0]LogShaderLibrary: Display: ShaderCodeLibraryPakFileMountedCallback: pending pak file info (ChunkID:-1 Root:root:/ File:C:/Program Files/Epic Games/UE_4.27/FeaturePacks/TP_TwinStick.upack)
[2026.04.04-10.16.12:803][  0]LogPakFile: OnPakFileMounted2Time == 0.000035
[2026.04.04-10.16.12:804][  0]LogPakFile: PakFile PrimaryIndexSize=187
[2026.04.04-10.16.12:804][  0]LogPakFile: PakFile PathHashIndexSize=101
[2026.04.04-10.16.12:804][  0]LogPakFile: PakFile FullDirectoryIndexSize=148
[2026.04.04-10.16.12:804][  0]LogShaderLibrary: Display: ShaderCodeLibraryPakFileMountedCallback: PakFile 'C:/Program Files/Epic Games/UE_4.27/FeaturePacks/TP_TwinStickBP.upack' (chunk index -1, root 'root:/') mounted
[2026.04.04-10.16.12:804][  0]LogShaderLibrary: Display: ShaderCodeLibraryPakFileMountedCallback: pending pak file info (ChunkID:-1 Root:root:/ File:C:/Program Files/Epic Games/UE_4.27/FeaturePacks/TP_TwinStickBP.upack)
[2026.04.04-10.16.12:804][  0]LogPakFile: OnPakFileMounted2Time == 0.000036
[2026.04.04-10.16.12:805][  0]LogPakFile: PakFile PrimaryIndexSize=183
[2026.04.04-10.16.12:805][  0]LogPakFile: PakFile PathHashIndexSize=101
[2026.04.04-10.16.12:805][  0]LogPakFile: PakFile FullDirectoryIndexSize=140
[2026.04.04-10.16.12:805][  0]LogShaderLibrary: Display: ShaderCodeLibraryPakFileMountedCallback: PakFile 'C:/Program Files/Epic Games/UE_4.27/FeaturePacks/TP_Vehicle.upack' (chunk index -1, root 'root:/') mounted
[2026.04.04-10.16.12:805][  0]LogShaderLibrary: Display: ShaderCodeLibraryPakFileMountedCallback: pending pak file info (ChunkID:-1 Root:root:/ File:C:/Program Files/Epic Games/UE_4.27/FeaturePacks/TP_Vehicle.upack)
[2026.04.04-10.16.12:805][  0]LogPakFile: OnPakFileMounted2Time == 0.000035
[2026.04.04-10.16.12:808][  0]LogPakFile: PakFile PrimaryIndexSize=186
[2026.04.04-10.16.12:808][  0]LogPakFile: PakFile PathHashIndexSize=101
[2026.04.04-10.16.12:808][  0]LogPakFile: PakFile FullDirectoryIndexSize=146
[2026.04.04-10.16.12:808][  0]LogShaderLibrary: Display: ShaderCodeLibraryPakFileMountedCallback: PakFile 'C:/Program Files/Epic Games/UE_4.27/FeaturePacks/TP_VehicleAdv.upack' (chunk index -1, root 'root:/') mounted
[2026.04.04-10.16.12:809][  0]LogShaderLibrary: Display: ShaderCodeLibraryPakFileMountedCallback: pending pak file info (ChunkID:-1 Root:root:/ File:C:/Program Files/Epic Games/UE_4.27/FeaturePacks/TP_VehicleAdv.upack)
[2026.04.04-10.16.12:809][  0]LogPakFile: OnPakFileMounted2Time == 0.000102
[2026.04.04-10.16.12:812][  0]LogPakFile: PakFile PrimaryIndexSize=188
[2026.04.04-10.16.12:812][  0]LogPakFile: PakFile PathHashIndexSize=101
[2026.04.04-10.16.12:812][  0]LogPakFile: PakFile FullDirectoryIndexSize=150
[2026.04.04-10.16.12:812][  0]LogShaderLibrary: Display: ShaderCodeLibraryPakFileMountedCallback: PakFile 'C:/Program Files/Epic Games/UE_4.27/FeaturePacks/TP_VehicleAdvBP.upack' (chunk index -1, root 'root:/') mounted
[2026.04.04-10.16.12:812][  0]LogShaderLibrary: Display: ShaderCodeLibraryPakFileMountedCallback: pending pak file info (ChunkID:-1 Root:root:/ File:C:/Program Files/Epic Games/UE_4.27/FeaturePacks/TP_VehicleAdvBP.upack)
[2026.04.04-10.16.12:812][  0]LogPakFile: OnPakFileMounted2Time == 0.000044
[2026.04.04-10.16.12:815][  0]LogPakFile: PakFile PrimaryIndexSize=185
[2026.04.04-10.16.12:815][  0]LogPakFile: PakFile PathHashIndexSize=101
[2026.04.04-10.16.12:815][  0]LogPakFile: PakFile FullDirectoryIndexSize=144
[2026.04.04-10.16.12:815][  0]LogShaderLibrary: Display: ShaderCodeLibraryPakFileMountedCallback: PakFile 'C:/Program Files/Epic Games/UE_4.27/FeaturePacks/TP_VehicleBP.upack' (chunk index -1, root 'root:/') mounted
[2026.04.04-10.16.12:815][  0]LogShaderLibrary: Display: ShaderCodeLibraryPakFileMountedCallback: pending pak file info (ChunkID:-1 Root:root:/ File:C:/Program Files/Epic Games/UE_4.27/FeaturePacks/TP_VehicleBP.upack)
[2026.04.04-10.16.12:815][  0]LogPakFile: OnPakFileMounted2Time == 0.000046
[2026.04.04-10.16.12:817][  0]LogPakFile: PakFile PrimaryIndexSize=192
[2026.04.04-10.16.12:817][  0]LogPakFile: PakFile PathHashIndexSize=101
[2026.04.04-10.16.12:817][  0]LogPakFile: PakFile FullDirectoryIndexSize=158
[2026.04.04-10.16.12:817][  0]LogShaderLibrary: Display: ShaderCodeLibraryPakFileMountedCallback: PakFile 'C:/Program Files/Epic Games/UE_4.27/FeaturePacks/TP_VirtualRealityBP.upack' (chunk index -1, root 'root:/') mounted
[2026.04.04-10.16.12:817][  0]LogShaderLibrary: Display: ShaderCodeLibraryPakFileMountedCallback: pending pak file info (ChunkID:-1 Root:root:/ File:C:/Program Files/Epic Games/UE_4.27/FeaturePacks/TP_VirtualRealityBP.upack)
[2026.04.04-10.16.12:817][  0]LogPakFile: OnPakFileMounted2Time == 0.000040
[2026.04.04-10.16.13:024][  0]LogNativeClassHierarchy: Verbose: Native class hierarchy updated for 'AddContentDialog' in 0.0005 seconds. Added 0 classes and 0 folders.
[2026.04.04-10.16.13:030][  0]LogNativeClassHierarchy: Verbose: Native class hierarchy updated for 'SceneOutliner' in 0.0005 seconds. Added 2 classes and 0 folders.
[2026.04.04-10.16.13:308][  0]LogSlate: Took 0.000965 seconds to synchronously load lazily loaded font '../../../Engine/Content/Slate/Fonts/Roboto-Regular.ttf' (155K)
[2026.04.04-10.16.13:311][  0]LogSlate: Took 0.000903 seconds to synchronously load lazily loaded font '../../../Engine/Content/Editor/Slate/Fonts/FontAwesome.ttf' (139K)
[2026.04.04-10.16.13:313][  0]LogSlate: Took 0.000840 seconds to synchronously load lazily loaded font '../../../Engine/Content/Slate/Fonts/Roboto-Bold.ttf' (160K)
[2026.04.04-10.16.13:462][  0]LogRenderer: Reallocating scene render targets to support 656x404 Format 9 NumSamples 1 (Frame:1).
[2026.04.04-10.16.13:681][  0]LogNativeClassHierarchy: Verbose: Native class hierarchy updated for 'HierarchicalLODOutliner' in 0.0003 seconds. Added 0 classes and 0 folders.
[2026.04.04-10.16.13:681][  0]LogLoad: (Engine Initialization) Total time: 18.77 seconds
[2026.04.04-10.16.13:681][  0]LogLoad: (Engine Initialization) Total Blueprint compile time: 0.00 seconds
[2026.04.04-10.16.13:749][  0]LogContentStreaming: Texture pool size now 800 MB
[2026.04.04-10.16.13:754][  0]LogSlate: Took 0.000836 seconds to synchronously load lazily loaded font '../../../Engine/Content/Slate/Fonts/Roboto-Light.ttf' (167K)
[2026.04.04-10.16.13:997][  1]LogAssetRegistry: Asset discovery search completed in 7.6909 seconds
[2026.04.04-10.16.14:011][  1]LogCollectionManager: Fixed up redirectors for 0 collections in 0.000006 seconds (updated 0 objects)
[2026.04.04-10.16.14:345][  2]LogSlate: Took 0.000157 seconds to synchronously load lazily loaded font '../../../Engine/Content/Slate/Fonts/Roboto-Light.ttf' (167K)
[2026.04.04-10.17.06:803][159]LogWindowsTextInputMethodSystem: Display: IME system deactivated.
[2026.04.04-10.17.06:803][159]LogWindowsTextInputMethodSystem: Display: IME system deactivated.
[2026.04.04-10.17.15:821][744]LogUObjectHash: Compacting FUObjectHashTables data took   1.82ms
[2026.04.04-10.17.16:740][744]LogAssetEditorSubsystem: Opening Asset editor for World /Game/MAPS/Main_Menu.Main_Menu
[2026.04.04-10.17.16:741][744]Cmd: MAP LOAD FILE="../../../../../../Users/User/Documents/Unreal Projects/Playtime_Multiplayer/Content/MAPS/Main_Menu.umap" TEMPLATE=0 SHOWPROGRESS=1 FEATURELEVEL=3
[2026.04.04-10.17.16:741][744]LightingResults: New page: Lighting Build
[2026.04.04-10.17.16:750][744]LogNativeClassHierarchy: Verbose: Native class hierarchy updated for 'StatsViewer' in 0.0003 seconds. Added 6 classes and 0 folders.
[2026.04.04-10.17.16:752][744]LoadErrors: New page: Loading map: Main_Menu.umap
[2026.04.04-10.17.16:789][744]LogWorld: UWorld::CleanupWorld for Untitled, bSessionEnded=true, bCleanupResources=true
[2026.04.04-10.17.16:794][744]LogSlate: InvalidateAllWidgets triggered.  All widgets were invalidated
[2026.04.04-10.17.16:797][744]MapCheck: New page: Map Check
[2026.04.04-10.17.16:797][744]LightingResults: New page: Lighting Build
[2026.04.04-10.17.16:804][744]LogAudio: Display: Audio Device unregistered from world 'None'.
[2026.04.04-10.17.16:835][744]LogUObjectHash: Compacting FUObjectHashTables data took   1.08ms
[2026.04.04-10.17.16:837][744]LogAudio: Display: Audio Device (ID: 1) registered with world 'Main_Menu'.
[2026.04.04-10.17.16:897][744]LogEditorServer: Finished looking for orphan Actors (0.000 secs)
[2026.04.04-10.17.16:897][744]LogAIModule: Creating AISystem for world Main_Menu
[2026.04.04-10.17.16:911][744]LogUObjectHash: Compacting FUObjectHashTables data took   0.71ms
[2026.04.04-10.17.16:923][744]Cmd: MAP CHECKDEP NOCLEARLOG
[2026.04.04-10.17.16:923][744]MapCheck: Map check complete: 0 Error(s), 0 Warning(s), took 0,087ms to complete.
[2026.04.04-10.17.16:923][744]LogFileHelpers: Loading map 'Main_Menu' took 0.182
[2026.04.04-10.17.19:186][819]LogTemp: Repeating last play command: New Editor Window (PIE)
[2026.04.04-10.17.19:201][819]LogPlayLevel: PlayLevel: No blueprints needed recompiling
[2026.04.04-10.17.19:202][819]PIE: New page: PIE session: Main_Menu (4 апр. 2026 г., 16:17:19)
[2026.04.04-10.17.19:209][819]LogModuleManager: Warning: ModuleManager: Unable to load module 'OnlineSubsystemSteam'  - 0 instances of that module name found.
[2026.04.04-10.17.19:209][819]LogOnline: Warning: OSS: TryLoadSubsystemAndSetDefault: LoadSubsystemModule([Steam]) failed
[2026.04.04-10.17.19:209][819]LogOnline: OSS: Creating online subsystem instance for: NULL
[2026.04.04-10.17.19:211][819]LogOnline: OSS: TryLoadSubsystemAndSetDefault: Loaded subsystem for module [NULL]
[2026.04.04-10.17.19:212][819]LogPlayLevel: Creating play world package: /Game/MAPS/UEDPIE_0_Main_Menu
[2026.04.04-10.17.19:234][819]LogPlayLevel: PIE: StaticDuplicateObject took: (0.021770s)
[2026.04.04-10.17.19:236][819]LogAIModule: Creating AISystem for world Main_Menu
[2026.04.04-10.17.19:237][819]LogPlayLevel: PIE: World Init took: (0.002694s)
[2026.04.04-10.17.19:238][819]LogPlayLevel: PIE: Created PIE world by copying editor world from /Game/MAPS/Main_Menu.Main_Menu to /Game/MAPS/UEDPIE_0_Main_Menu.Main_Menu (0.025058s)
[2026.04.04-10.17.19:244][819]LogUObjectHash: Compacting FUObjectHashTables data took   0.75ms
[2026.04.04-10.17.19:248][819]LogAudio: Display: Creating Audio Device:                 Id: 2, Scope: Unique, Realtime: True
[2026.04.04-10.17.19:248][819]LogAudioMixer: Display: Audio Mixer Platform Settings:
[2026.04.04-10.17.19:248][819]LogAudioMixer: Display: 	Sample Rate:						  48000
[2026.04.04-10.17.19:249][819]LogAudioMixer: Display: 	Callback Buffer Frame Size Requested: 1024
[2026.04.04-10.17.19:249][819]LogAudioMixer: Display: 	Callback Buffer Frame Size To Use:	  1024
[2026.04.04-10.17.19:249][819]LogAudioMixer: Display: 	Number of buffers to queue:			  2
[2026.04.04-10.17.19:249][819]LogAudioMixer: Display: 	Max Channels (voices):				  32
[2026.04.04-10.17.19:249][819]LogAudioMixer: Display: 	Number of Async Source Workers:		  0
[2026.04.04-10.17.19:249][819]LogAudio: Display: AudioDevice MaxSources: 32
[2026.04.04-10.17.19:249][819]LogAudio: Display: Audio Spatialization Plugin: None (built-in).
[2026.04.04-10.17.19:249][819]LogAudio: Display: Audio Reverb Plugin: None (built-in).
[2026.04.04-10.17.19:249][819]LogAudio: Display: Audio Occlusion Plugin: None (built-in).
[2026.04.04-10.17.19:249][819]LogAudioMixer: Display: Initializing audio mixer.
[2026.04.04-10.17.19:254][819]LogAudioMixer: Display: 0: FrontLeft
[2026.04.04-10.17.19:254][819]LogAudioMixer: Display: 1: FrontRight
[2026.04.04-10.17.19:289][819]LogAudioMixer: Display: Using Audio Device Headphones (Realtek(R) Audio)
[2026.04.04-10.17.19:289][819]LogAudioMixer: Display: Initializing Sound Submixes...
[2026.04.04-10.17.19:289][819]LogAudioMixer: Display: Creating Master Submix 'MasterSubmixDefault'
[2026.04.04-10.17.19:289][819]LogAudioMixer: Display: Creating Master Submix 'MasterReverbSubmixDefault'
[2026.04.04-10.17.19:290][819]LogAudioMixer: Display: Creating Master Submix 'MasterEQSubmixDefault'
[2026.04.04-10.17.19:290][819]LogAudioMixer: FMixerPlatformXAudio2::StartAudioStream() called
[2026.04.04-10.17.19:290][819]LogAudioMixer: Display: Output buffers initialized: Frames=1024, Channels=2, Samples=2048
[2026.04.04-10.17.19:291][819]LogAudioMixer: Display: Starting AudioMixerPlatformInterface::RunInternal()
[2026.04.04-10.17.19:291][819]LogAudioMixer: Display: FMixerPlatformXAudio2::SubmitBuffer() called for the first time
[2026.04.04-10.17.19:291][819]LogInit: FAudioDevice initialized.
[2026.04.04-10.17.19:291][819]LogAudio: Display: Audio Device (ID: 2) registered with world 'Main_Menu'.
[2026.04.04-10.17.19:338][819]LogSlate: Updating window title bar state: overlay mode, drag disabled, window buttons hidden, title bar hidden
[2026.04.04-10.17.19:341][819]LogLoad: Game class is 'FirstPersonGameMode_C'
[2026.04.04-10.17.19:356][819]LogWorld: Bringing World /Game/MAPS/UEDPIE_0_Main_Menu.Main_Menu up for play (max tick rate 0) at 2026.04.04-13.17.19
[2026.04.04-10.17.19:362][819]LogWorld: Bringing up level for play took: 0.009278
[2026.04.04-10.17.19:363][819]LogOnline: OSS: Creating online subsystem instance for: :Context_1
[2026.04.04-10.17.19:377][819]LogNativeClassHierarchy: Verbose: Native class hierarchy updated for 'MovieSceneCapture' in 0.0004 seconds. Added 20 classes and 0 folders.
[2026.04.04-10.17.19:386][819]LogSkinnedMeshComp: Warning: GetSocketByName(torso_JNT): No SkeletalMesh for Component(CharacterMesh0) Actor(FirstPersonCharacter_C_0)
[2026.04.04-10.17.19:386][819]LogSkinnedMeshComp: Warning: GetSocketByName(torso_JNT): No SkeletalMesh for Component(CharacterMesh0) Actor(FirstPersonCharacter_C_0)
[2026.04.04-10.17.19:391][819]LogSkinnedMeshComp: Warning: GetSocketByName(torso_JNT): No SkeletalMesh for Component(CharacterMesh0) Actor(FirstPersonCharacter_C_0)
[2026.04.04-10.17.19:397][819]LogSkinnedMeshComp: Warning: GetSocketByName(torso_JNT): No SkeletalMesh for Component(CharacterMesh0) Actor(FirstPersonCharacter_C_0)
[2026.04.04-10.17.19:397][819]LogSkinnedMeshComp: Warning: GetSocketByName(torso_JNT): No SkeletalMesh for Component(CharacterMesh0) Actor(FirstPersonCharacter_C_0)
[2026.04.04-10.17.19:405][819]LogNet: ReplicationDriverClass is null! Not using ReplicationDriver.
[2026.04.04-10.17.19:406][819]LogNetCore: DDoS detection status: detection enabled: 0 analytics enabled: 0
[2026.04.04-10.17.19:406][819]LogInit: WinSock: Socket queue. Rx: 131072 (config 131072) Tx: 131072 (config 131072)
[2026.04.04-10.17.19:407][819]LogNet: Created socket for bind address: 0.0.0.0 on port 17777
[2026.04.04-10.17.19:408][819]PacketHandlerLog: Loaded PacketHandler component: Engine.EngineHandlerComponentFactory (StatelessConnectHandlerComponent)
[2026.04.04-10.17.19:408][819]LogNet: GameNetDriver IpNetDriver_0 IpNetDriver listening on port 17777
[2026.04.04-10.17.19:426][819]PIE: Server logged in
[2026.04.04-10.17.19:428][819]PIE: Play in editor total start time 0,231 seconds.
[2026.04.04-10.17.19:536][820]LogRenderer: Reallocating scene render targets to support 1000x736 Format 9 NumSamples 1 (Frame:1).
[2026.04.04-10.17.23:722][876]LogSkinnedMeshComp: Warning: GetSocketByName(torso_JNT): No SkeletalMesh for Component(CharacterMesh0) Actor(FirstPersonCharacter_C_0)
[2026.04.04-10.17.30:444][ 71]LogNet: Browse: /Game/MAPS/MP_Lobby??listen
[2026.04.04-10.17.30:445][ 71]LogLoad: LoadMap: /Game/MAPS/MP_Lobby??listen
[2026.04.04-10.17.30:445][ 71]LogWorld: BeginTearingDown for /Game/MAPS/UEDPIE_0_Main_Menu
[2026.04.04-10.17.30:445][ 71]LogNet: World NetDriver shutdown IpNetDriver_0 [GameNetDriver]
[2026.04.04-10.17.30:445][ 71]LogNet: DestroyNamedNetDriver IpNetDriver_0 [GameNetDriver]
[2026.04.04-10.17.30:448][ 71]LogExit: GameNetDriver IpNetDriver_0 shut down
[2026.04.04-10.17.30:456][ 71]LogWorld: UWorld::CleanupWorld for Main_Menu, bSessionEnded=true, bCleanupResources=true
[2026.04.04-10.17.30:456][ 71]LogSlate: InvalidateAllWidgets triggered.  All widgets were invalidated
[2026.04.04-10.17.30:501][ 71]LogAudio: Display: Audio Device unregistered from world 'None'.
[2026.04.04-10.17.30:508][ 71]LogUObjectHash: Compacting FUObjectHashTables data took   0.98ms
[2026.04.04-10.17.30:790][ 71]LogAudio: Display: Audio Device (ID: 2) registered with world 'MP_Lobby'.
[2026.04.04-10.17.30:791][ 71]LogAIModule: Creating AISystem for world MP_Lobby
[2026.04.04-10.17.30:791][ 71]LogLoad: Game class is 'FirstPersonGameMode_C'
[2026.04.04-10.17.30:791][ 71]LogNet: ReplicationDriverClass is null! Not using ReplicationDriver.
[2026.04.04-10.17.30:791][ 71]LogNetCore: DDoS detection status: detection enabled: 0 analytics enabled: 0
[2026.04.04-10.17.30:791][ 71]LogInit: WinSock: Socket queue. Rx: 131072 (config 131072) Tx: 131072 (config 131072)
[2026.04.04-10.17.30:792][ 71]LogNet: Created socket for bind address: 0.0.0.0 on port 7777
[2026.04.04-10.17.30:792][ 71]PacketHandlerLog: Loaded PacketHandler component: Engine.EngineHandlerComponentFactory (StatelessConnectHandlerComponent)
[2026.04.04-10.17.30:792][ 71]LogNet: GameNetDriver IpNetDriver_1 IpNetDriver listening on port 7777
[2026.04.04-10.17.30:795][ 71]LogSkinnedMeshComp: Warning: GetSocketByName(torso_JNT): No SkeletalMesh for Component(CharacterMesh0) Actor(FirstPersonCharacter_2)
[2026.04.04-10.17.30:795][ 71]LogSkinnedMeshComp: Warning: GetSocketByName(torso_JNT): No SkeletalMesh for Component(CharacterMesh0) Actor(FirstPersonCharacter_2)
[2026.04.04-10.17.30:795][ 71]LogSkinnedMeshComp: Warning: GetSocketByName(torso_JNT): No SkeletalMesh for Component(CharacterMesh0) Actor(FirstPersonCharacter_2)
[2026.04.04-10.17.30:795][ 71]LogSkinnedMeshComp: Warning: GetSocketByName(torso_JNT): No SkeletalMesh for Component(CharacterMesh0) Actor(FirstPersonCharacter_2)
[2026.04.04-10.17.30:799][ 71]LogSkinnedMeshComp: Warning: GetSocketByName(torso_JNT): No SkeletalMesh for Component(CharacterMesh0) Actor(FirstPersonCharacter_2)
[2026.04.04-10.17.30:800][ 71]LogSkinnedMeshComp: Warning: GetSocketByName(torso_JNT): No SkeletalMesh for Component(CharacterMesh0) Actor(FirstPersonCharacter_2)
[2026.04.04-10.17.30:800][ 71]LogSkinnedMeshComp: Warning: GetSocketByName(torso_JNT): No SkeletalMesh for Component(CharacterMesh0) Actor(FirstPersonCharacter_2)
[2026.04.04-10.17.30:801][ 71]LogWorld: Bringing World /Game/MAPS/UEDPIE_0_MP_Lobby.MP_Lobby up for play (max tick rate 0) at 2026.04.04-13.17.30
[2026.04.04-10.17.30:804][ 71]LogSkinnedMeshComp: Warning: GetSocketByName(torso_JNT): No SkeletalMesh for Component(CharacterMesh0) Actor(FirstPersonCharacter_2)
[2026.04.04-10.17.30:804][ 71]LogSkinnedMeshComp: Warning: GetSocketByName(torso_JNT): No SkeletalMesh for Component(CharacterMesh0) Actor(FirstPersonCharacter_2)
[2026.04.04-10.17.30:805][ 71]LogWorld: Bringing up level for play took: 0.012466
[2026.04.04-10.17.30:808][ 71]LogSkinnedMeshComp: Warning: GetSocketByName(torso_JNT): No SkeletalMesh for Component(CharacterMesh0) Actor(FirstPersonCharacter_C_0)
[2026.04.04-10.17.30:808][ 71]LogSkinnedMeshComp: Warning: GetSocketByName(torso_JNT): No SkeletalMesh for Component(CharacterMesh0) Actor(FirstPersonCharacter_C_0)
[2026.04.04-10.17.30:808][ 71]LogSkinnedMeshComp: Warning: GetSocketByName(torso_JNT): No SkeletalMesh for Component(CharacterMesh0) Actor(FirstPersonCharacter_C_0)
[2026.04.04-10.17.30:808][ 71]LogSkinnedMeshComp: Warning: GetSocketByName(torso_JNT): No SkeletalMesh for Component(CharacterMesh0) Actor(FirstPersonCharacter_C_0)
[2026.04.04-10.17.30:808][ 71]LogSkinnedMeshComp: Warning: GetSocketByName(torso_JNT): No SkeletalMesh for Component(CharacterMesh0) Actor(FirstPersonCharacter_C_0)
[2026.04.04-10.17.30:811][ 71]PIE: Error: SetInputMode_UIOnly expects a valid player controller as 'PlayerController' target
[2026.04.04-10.17.30:812][ 71]LogLoad: Took 0.365933 seconds to LoadMap(/Game/MAPS/MP_Lobby)
[2026.04.04-10.17.30:813][ 71]LogSkinnedMeshComp: Warning: GetSocketByName(torso_JNT): No SkeletalMesh for Component(CharacterMesh0) Actor(FirstPersonCharacter_2)
[2026.04.04-10.17.31:704][ 89]LogSkinnedMeshComp: Warning: GetSocketByName(torso_JNT): No SkeletalMesh for Component(CharacterMesh0) Actor(FirstPersonCharacter_C_0)
[2026.04.04-10.17.31:754][ 90]LogSkinnedMeshComp: Warning: GetSocketByName(torso_JNT): No SkeletalMesh for Component(CharacterMesh0) Actor(FirstPersonCharacter_C_0)
[2026.04.04-10.17.32:692][111]LogSkinnedMeshComp: Warning: GetSocketByName(torso_JNT): No SkeletalMesh for Component(CharacterMesh0) Actor(FirstPersonCharacter_C_0)
[2026.04.04-10.17.32:738][112]LogSkinnedMeshComp: Warning: GetSocketByName(torso_JNT): No SkeletalMesh for Component(CharacterMesh0) Actor(FirstPersonCharacter_C_0)
[2026.04.04-10.17.32:786][113]LogSkinnedMeshComp: Warning: GetSocketByName(torso_JNT): No SkeletalMesh for Component(CharacterMesh0) Actor(FirstPersonCharacter_C_0)
[2026.04.04-10.17.32:833][114]LogSkinnedMeshComp: Warning: GetSocketByName(torso_JNT): No SkeletalMesh for Component(CharacterMesh0) Actor(FirstPersonCharacter_C_0)
[2026.04.04-10.17.32:876][115]LogSkinnedMeshComp: Warning: GetSocketByName(torso_JNT): No SkeletalMesh for Component(CharacterMesh0) Actor(FirstPersonCharacter_C_0)
[2026.04.04-10.17.32:959][117]LogSkinnedMeshComp: Warning: GetSocketByName(torso_JNT): No SkeletalMesh for Component(CharacterMesh0) Actor(FirstPersonCharacter_C_0)
[2026.04.04-10.17.33:006][118]LogSkinnedMeshComp: Warning: GetSocketByName(torso_JNT): No SkeletalMesh for Component(CharacterMesh0) Actor(FirstPersonCharacter_C_0)
[2026.04.04-10.17.33:043][119]LogSkinnedMeshComp: Warning: GetSocketByName(torso_JNT): No SkeletalMesh for Component(CharacterMesh0) Actor(FirstPersonCharacter_C_0)
[2026.04.04-10.17.33:094][120]LogSkinnedMeshComp: Warning: GetSocketByName(torso_JNT): No SkeletalMesh for Component(CharacterMesh0) Actor(FirstPersonCharacter_C_0)
[2026.04.04-10.17.33:094][120]LogSkinnedMeshComp: Warning: GetSocketByName(torso_JNT): No SkeletalMesh for Component(CharacterMesh0) Actor(FirstPersonCharacter_C_0)
[2026.04.04-10.17.33:130][121]LogSkinnedMeshComp: Warning: GetSocketByName(torso_JNT): No SkeletalMesh for Component(CharacterMesh0) Actor(FirstPersonCharacter_C_0)
[2026.04.04-10.17.33:172][122]LogSkinnedMeshComp: Warning: GetSocketByName(torso_JNT): No SkeletalMesh for Component(CharacterMesh0) Actor(FirstPersonCharacter_C_0)
[2026.04.04-10.17.33:219][123]LogSkinnedMeshComp: Warning: GetSocketByName(torso_JNT): No SkeletalMesh for Component(CharacterMesh0) Actor(FirstPersonCharacter_C_0)
[2026.04.04-10.17.33:262][124]LogSkinnedMeshComp: Warning: GetSocketByName(torso_JNT): No SkeletalMesh for Component(CharacterMesh0) Actor(FirstPersonCharacter_C_0)
[2026.04.04-10.17.33:313][125]LogSkinnedMeshComp: Warning: GetSocketByName(torso_JNT): No SkeletalMesh for Component(CharacterMesh0) Actor(FirstPersonCharacter_C_0)
[2026.04.04-10.17.33:368][126]LogSkinnedMeshComp: Warning: GetSocketByName(torso_JNT): No SkeletalMesh for Component(CharacterMesh0) Actor(FirstPersonCharacter_C_0)
[2026.04.04-10.17.33:406][127]LogSkinnedMeshComp: Warning: GetSocketByName(torso_JNT): No SkeletalMesh for Component(CharacterMesh0) Actor(FirstPersonCharacter_C_0)
[2026.04.04-10.17.33:448][128]LogSkinnedMeshComp: Warning: GetSocketByName(torso_JNT): No SkeletalMesh for Component(CharacterMesh0) Actor(FirstPersonCharacter_C_0)
[2026.04.04-10.17.33:494][129]LogSkinnedMeshComp: Warning: GetSocketByName(torso_JNT): No SkeletalMesh for Component(CharacterMesh0) Actor(FirstPersonCharacter_C_0)
[2026.04.04-10.17.33:536][130]LogSkinnedMeshComp: Warning: GetSocketByName(torso_JNT): No SkeletalMesh for Component(CharacterMesh0) Actor(FirstPersonCharacter_C_0)
[2026.04.04-10.17.33:577][131]LogSkinnedMeshComp: Warning: GetSocketByName(torso_JNT): No SkeletalMesh for Component(CharacterMesh0) Actor(FirstPersonCharacter_C_0)
[2026.04.04-10.17.33:625][132]LogSkinnedMeshComp: Warning: GetSocketByName(torso_JNT): No SkeletalMesh for Component(CharacterMesh0) Actor(FirstPersonCharacter_C_0)
[2026.04.04-10.17.33:668][133]LogSkinnedMeshComp: Warning: GetSocketByName(torso_JNT): No SkeletalMesh for Component(CharacterMesh0) Actor(FirstPersonCharacter_C_0)
[2026.04.04-10.17.33:803][136]LogSkinnedMeshComp: Warning: GetSocketByName(torso_JNT): No SkeletalMesh for Component(CharacterMesh0) Actor(FirstPersonCharacter_C_0)
[2026.04.04-10.17.34:576][154]LogSkinnedMeshComp: Warning: GetSocketByName(torso_JNT): No SkeletalMesh for Component(CharacterMesh0) Actor(FirstPersonCharacter_C_0)
[2026.04.04-10.17.34:623][155]LogSkinnedMeshComp: Warning: GetSocketByName(torso_JNT): No SkeletalMesh for Component(CharacterMesh0) Actor(FirstPersonCharacter_C_0)
[2026.04.04-10.17.34:660][156]LogSkinnedMeshComp: Warning: GetSocketByName(torso_JNT): No SkeletalMesh for Component(CharacterMesh0) Actor(FirstPersonCharacter_C_0)
[2026.04.04-10.17.34:704][157]LogSkinnedMeshComp: Warning: GetSocketByName(torso_JNT): No SkeletalMesh for Component(CharacterMesh0) Actor(FirstPersonCharacter_C_0)
[2026.04.04-10.17.34:745][158]LogSkinnedMeshComp: Warning: GetSocketByName(torso_JNT): No SkeletalMesh for Component(CharacterMesh0) Actor(FirstPersonCharacter_C_0)
[2026.04.04-10.17.34:789][159]LogSkinnedMeshComp: Warning: GetSocketByName(torso_JNT): No SkeletalMesh for Component(CharacterMesh0) Actor(FirstPersonCharacter_C_0)
[2026.04.04-10.17.34:789][159]LogSkinnedMeshComp: Warning: GetSocketByName(torso_JNT): No SkeletalMesh for Component(CharacterMesh0) Actor(FirstPersonCharacter_C_0)
[2026.04.04-10.17.34:833][160]LogSkinnedMeshComp: Warning: GetSocketByName(torso_JNT): No SkeletalMesh for Component(CharacterMesh0) Actor(FirstPersonCharacter_C_0)
[2026.04.04-10.17.34:834][160]LogSkinnedMeshComp: Warning: GetSocketByName(torso_JNT): No SkeletalMesh for Component(CharacterMesh0) Actor(FirstPersonCharacter_C_0)
[2026.04.04-10.17.34:876][161]LogSkinnedMeshComp: Warning: GetSocketByName(torso_JNT): No SkeletalMesh for Component(CharacterMesh0) Actor(FirstPersonCharacter_C_0)
[2026.04.04-10.17.34:877][161]LogSkinnedMeshComp: Warning: GetSocketByName(torso_JNT): No SkeletalMesh for Component(CharacterMesh0) Actor(FirstPersonCharacter_C_0)
[2026.04.04-10.17.34:922][162]LogSkinnedMeshComp: Warning: GetSocketByName(torso_JNT): No SkeletalMesh for Component(CharacterMesh0) Actor(FirstPersonCharacter_C_0)
[2026.04.04-10.17.34:973][163]LogSkinnedMeshComp: Warning: GetSocketByName(torso_JNT): No SkeletalMesh for Component(CharacterMesh0) Actor(FirstPersonCharacter_C_0)
[2026.04.04-10.17.35:009][164]LogSkinnedMeshComp: Warning: GetSocketByName(torso_JNT): No SkeletalMesh for Component(CharacterMesh0) Actor(FirstPersonCharacter_C_0)
[2026.04.04-10.17.35:050][165]LogSkinnedMeshComp: Warning: GetSocketByName(torso_JNT): No SkeletalMesh for Component(CharacterMesh0) Actor(FirstPersonCharacter_C_0)
[2026.04.04-10.17.35:050][165]LogSkinnedMeshComp: Warning: GetSocketByName(torso_JNT): No SkeletalMesh for Component(CharacterMesh0) Actor(FirstPersonCharacter_C_0)
[2026.04.04-10.17.35:090][166]LogSkinnedMeshComp: Warning: GetSocketByName(torso_JNT): No SkeletalMesh for Component(CharacterMesh0) Actor(FirstPersonCharacter_C_0)
[2026.04.04-10.17.35:090][166]LogSkinnedMeshComp: Warning: GetSocketByName(torso_JNT): No SkeletalMesh for Component(CharacterMesh0) Actor(FirstPersonCharacter_C_0)
[2026.04.04-10.17.35:131][167]LogSkinnedMeshComp: Warning: GetSocketByName(torso_JNT): No SkeletalMesh for Component(CharacterMesh0) Actor(FirstPersonCharacter_C_0)
[2026.04.04-10.17.35:131][167]LogSkinnedMeshComp: Warning: GetSocketByName(torso_JNT): No SkeletalMesh for Component(CharacterMesh0) Actor(FirstPersonCharacter_C_0)
[2026.04.04-10.17.35:172][168]LogSkinnedMeshComp: Warning: GetSocketByName(torso_JNT): No SkeletalMesh for Component(CharacterMesh0) Actor(FirstPersonCharacter_C_0)
[2026.04.04-10.17.35:172][168]LogSkinnedMeshComp: Warning: GetSocketByName(torso_JNT): No SkeletalMesh for Component(CharacterMesh0) Actor(FirstPersonCharacter_C_0)
[2026.04.04-10.17.35:214][169]LogSkinnedMeshComp: Warning: GetSocketByName(torso_JNT): No SkeletalMesh for Component(CharacterMesh0) Actor(FirstPersonCharacter_C_0)
[2026.04.04-10.17.35:215][169]LogSkinnedMeshComp: Warning: GetSocketByName(torso_JNT): No SkeletalMesh for Component(CharacterMesh0) Actor(FirstPersonCharacter_C_0)
[2026.04.04-10.17.35:259][170]LogSkinnedMeshComp: Warning: GetSocketByName(torso_JNT): No SkeletalMesh for Component(CharacterMesh0) Actor(FirstPersonCharacter_C_0)
[2026.04.04-10.17.35:294][171]LogSkinnedMeshComp: Warning: GetSocketByName(torso_JNT): No SkeletalMesh for Component(CharacterMesh0) Actor(FirstPersonCharacter_C_0)
[2026.04.04-10.17.35:334][172]LogSkinnedMeshComp: Warning: GetSocketByName(torso_JNT): No SkeletalMesh for Component(CharacterMesh0) Actor(FirstPersonCharacter_C_0)
[2026.04.04-10.17.35:371][173]LogSkinnedMeshComp: Warning: GetSocketByName(torso_JNT): No SkeletalMesh for Component(CharacterMesh0) Actor(FirstPersonCharacter_C_0)
[2026.04.04-10.17.35:410][174]LogSkinnedMeshComp: Warning: GetSocketByName(torso_JNT): No SkeletalMesh for Component(CharacterMesh0) Actor(FirstPersonCharacter_C_0)
[2026.04.04-10.17.35:450][175]LogSkinnedMeshComp: Warning: GetSocketByName(torso_JNT): No SkeletalMesh for Component(CharacterMesh0) Actor(FirstPersonCharacter_C_0)
[2026.04.04-10.17.35:493][176]LogSkinnedMeshComp: Warning: GetSocketByName(torso_JNT): No SkeletalMesh for Component(CharacterMesh0) Actor(FirstPersonCharacter_C_0)
[2026.04.04-10.17.36:536][204]LogSkinnedMeshComp: Warning: GetSocketByName(torso_JNT): No SkeletalMesh for Component(CharacterMesh0) Actor(FirstPersonCharacter_C_0)
[2026.04.04-10.17.36:583][205]LogSkinnedMeshComp: Warning: GetSocketByName(torso_JNT): No SkeletalMesh for Component(CharacterMesh0) Actor(FirstPersonCharacter_C_0)
[2026.04.04-10.17.37:622][233]LogSkinnedMeshComp: Warning: GetSocketByName(torso_JNT): No SkeletalMesh for Component(CharacterMesh0) Actor(FirstPersonCharacter_C_0)
[2026.04.04-10.17.37:661][234]LogSkinnedMeshComp: Warning: GetSocketByName(torso_JNT): No SkeletalMesh for Component(CharacterMesh0) Actor(FirstPersonCharacter_C_0)
[2026.04.04-10.17.37:704][235]LogSkinnedMeshComp: Warning: GetSocketByName(torso_JNT): No SkeletalMesh for Component(CharacterMesh0) Actor(FirstPersonCharacter_C_0)
[2026.04.04-10.17.37:741][236]LogSkinnedMeshComp: Warning: GetSocketByName(torso_JNT): No SkeletalMesh for Component(CharacterMesh0) Actor(FirstPersonCharacter_C_0)
[2026.04.04-10.17.37:742][236]LogSkinnedMeshComp: Warning: GetSocketByName(torso_JNT): No SkeletalMesh for Component(CharacterMesh0) Actor(FirstPersonCharacter_C_0)
[2026.04.04-10.17.37:780][237]LogSkinnedMeshComp: Warning: GetSocketByName(torso_JNT): No SkeletalMesh for Component(CharacterMesh0) Actor(FirstPersonCharacter_C_0)
[2026.04.04-10.17.37:784][237]LogSkinnedMeshComp: Warning: GetSocketByName(torso_JNT): No SkeletalMesh for Component(CharacterMesh0) Actor(FirstPersonCharacter_C_0)
[2026.04.04-10.17.37:818][238]LogSkinnedMeshComp: Warning: GetSocketByName(torso_JNT): No SkeletalMesh for Component(CharacterMesh0) Actor(FirstPersonCharacter_C_0)
[2026.04.04-10.17.37:818][238]LogSkinnedMeshComp: Warning: GetSocketByName(torso_JNT): No SkeletalMesh for Component(CharacterMesh0) Actor(FirstPersonCharacter_C_0)
[2026.04.04-10.17.37:852][239]LogSkinnedMeshComp: Warning: GetSocketByName(torso_JNT): No SkeletalMesh for Component(CharacterMesh0) Actor(FirstPersonCharacter_C_0)
[2026.04.04-10.17.37:890][240]LogSkinnedMeshComp: Warning: GetSocketByName(torso_JNT): No SkeletalMesh for Component(CharacterMesh0) Actor(FirstPersonCharacter_C_0)
[2026.04.04-10.17.37:926][241]LogSkinnedMeshComp: Warning: GetSocketByName(torso_JNT): No SkeletalMesh for Component(CharacterMesh0) Actor(FirstPersonCharacter_C_0)
[2026.04.04-10.17.37:964][242]LogSkinnedMeshComp: Warning: GetSocketByName(torso_JNT): No SkeletalMesh for Component(CharacterMesh0) Actor(FirstPersonCharacter_C_0)
[2026.04.04-10.17.38:000][243]LogSkinnedMeshComp: Warning: GetSocketByName(torso_JNT): No SkeletalMesh for Component(CharacterMesh0) Actor(FirstPersonCharacter_C_0)
[2026.04.04-10.17.38:036][244]LogSkinnedMeshComp: Warning: GetSocketByName(torso_JNT): No SkeletalMesh for Component(CharacterMesh0) Actor(FirstPersonCharacter_C_0)
[2026.04.04-10.17.38:072][245]LogSkinnedMeshComp: Warning: GetSocketByName(torso_JNT): No SkeletalMesh for Component(CharacterMesh0) Actor(FirstPersonCharacter_C_0)
[2026.04.04-10.17.38:110][246]LogSkinnedMeshComp: Warning: GetSocketByName(torso_JNT): No SkeletalMesh for Component(CharacterMesh0) Actor(FirstPersonCharacter_C_0)
[2026.04.04-10.17.38:110][246]LogSkinnedMeshComp: Warning: GetSocketByName(torso_JNT): No SkeletalMesh for Component(CharacterMesh0) Actor(FirstPersonCharacter_C_0)
[2026.04.04-10.17.38:145][247]LogSkinnedMeshComp: Warning: GetSocketByName(torso_JNT): No SkeletalMesh for Component(CharacterMesh0) Actor(FirstPersonCharacter_C_0)
[2026.04.04-10.17.38:186][248]LogSkinnedMeshComp: Warning: GetSocketByName(torso_JNT): No SkeletalMesh for Component(CharacterMesh0) Actor(FirstPersonCharacter_C_0)
[2026.04.04-10.17.38:186][248]LogSkinnedMeshComp: Warning: GetSocketByName(torso_JNT): No SkeletalMesh for Component(CharacterMesh0) Actor(FirstPersonCharacter_C_0)
[2026.04.04-10.17.38:221][249]LogSkinnedMeshComp: Warning: GetSocketByName(torso_JNT): No SkeletalMesh for Component(CharacterMesh0) Actor(FirstPersonCharacter_C_0)
[2026.04.04-10.17.38:222][249]LogSkinnedMeshComp: Warning: GetSocketByName(torso_JNT): No SkeletalMesh for Component(CharacterMesh0) Actor(FirstPersonCharacter_C_0)
[2026.04.04-10.17.38:256][250]LogSkinnedMeshComp: Warning: GetSocketByName(torso_JNT): No SkeletalMesh for Component(CharacterMesh0) Actor(FirstPersonCharacter_C_0)
[2026.04.04-10.17.38:256][250]LogSkinnedMeshComp: Warning: GetSocketByName(torso_JNT): No SkeletalMesh for Component(CharacterMesh0) Actor(FirstPersonCharacter_C_0)
[2026.04.04-10.17.38:291][251]LogSkinnedMeshComp: Warning: GetSocketByName(torso_JNT): No SkeletalMesh for Component(CharacterMesh0) Actor(FirstPersonCharacter_C_0)
[2026.04.04-10.17.38:291][251]LogSkinnedMeshComp: Warning: GetSocketByName(torso_JNT): No SkeletalMesh for Component(CharacterMesh0) Actor(FirstPersonCharacter_C_0)
[2026.04.04-10.17.38:328][252]LogSkinnedMeshComp: Warning: GetSocketByName(torso_JNT): No SkeletalMesh for Component(CharacterMesh0) Actor(FirstPersonCharacter_C_0)
[2026.04.04-10.17.38:329][252]LogSkinnedMeshComp: Warning: GetSocketByName(torso_JNT): No SkeletalMesh for Component(CharacterMesh0) Actor(FirstPersonCharacter_C_0)
[2026.04.04-10.17.38:367][253]LogSkinnedMeshComp: Warning: GetSocketByName(torso_JNT): No SkeletalMesh for Component(CharacterMesh0) Actor(FirstPersonCharacter_C_0)
[2026.04.04-10.17.38:368][253]LogSkinnedMeshComp: Warning: GetSocketByName(torso_JNT): No SkeletalMesh for Component(CharacterMesh0) Actor(FirstPersonCharacter_C_0)
[2026.04.04-10.17.38:401][254]LogSkinnedMeshComp: Warning: GetSocketByName(torso_JNT): No SkeletalMesh for Component(CharacterMesh0) Actor(FirstPersonCharacter_C_0)
[2026.04.04-10.17.38:402][254]LogSkinnedMeshComp: Warning: GetSocketByName(torso_JNT): No SkeletalMesh for Component(CharacterMesh0) Actor(FirstPersonCharacter_C_0)
[2026.04.04-10.17.38:442][255]LogSkinnedMeshComp: Warning: GetSocketByName(torso_JNT): No SkeletalMesh for Component(CharacterMesh0) Actor(FirstPersonCharacter_C_0)
[2026.04.04-10.17.38:443][255]LogSkinnedMeshComp: Warning: GetSocketByName(torso_JNT): No SkeletalMesh for Component(CharacterMesh0) Actor(FirstPersonCharacter_C_0)
[2026.04.04-10.17.38:496][256]LogSkinnedMeshComp: Warning: GetSocketByName(torso_JNT): No SkeletalMesh for Component(CharacterMesh0) Actor(FirstPersonCharacter_C_0)
[2026.04.04-10.17.38:497][256]LogSkinnedMeshComp: Warning: GetSocketByName(torso_JNT): No SkeletalMesh for Component(CharacterMesh0) Actor(FirstPersonCharacter_C_0)
[2026.04.04-10.17.38:540][257]LogSkinnedMeshComp: Warning: GetSocketByName(torso_JNT): No SkeletalMesh for Component(CharacterMesh0) Actor(FirstPersonCharacter_C_0)
[2026.04.04-10.17.38:573][258]LogSkinnedMeshComp: Warning: GetSocketByName(torso_JNT): No SkeletalMesh for Component(CharacterMesh0) Actor(FirstPersonCharacter_C_0)
[2026.04.04-10.17.38:964][267]LogSkinnedMeshComp: Warning: GetSocketByName(torso_JNT): No SkeletalMesh for Component(CharacterMesh0) Actor(FirstPersonCharacter_C_0)
[2026.04.04-10.17.39:008][268]LogSkinnedMeshComp: Warning: GetSocketByName(torso_JNT): No SkeletalMesh for Component(CharacterMesh0) Actor(FirstPersonCharacter_C_0)
[2026.04.04-10.17.39:051][269]LogSkinnedMeshComp: Warning: GetSocketByName(torso_JNT): No SkeletalMesh for Component(CharacterMesh0) Actor(FirstPersonCharacter_C_0)
[2026.04.04-10.17.39:094][270]LogSkinnedMeshComp: Warning: GetSocketByName(torso_JNT): No SkeletalMesh for Component(CharacterMesh0) Actor(FirstPersonCharacter_C_0)
[2026.04.04-10.17.39:143][271]LogSkinnedMeshComp: Warning: GetSocketByName(torso_JNT): No SkeletalMesh for Component(CharacterMesh0) Actor(FirstPersonCharacter_C_0)
[2026.04.04-10.17.39:189][272]LogSkinnedMeshComp: Warning: GetSocketByName(torso_JNT): No SkeletalMesh for Component(CharacterMesh0) Actor(FirstPersonCharacter_C_0)
[2026.04.04-10.17.39:237][273]LogSkinnedMeshComp: Warning: GetSocketByName(torso_JNT): No SkeletalMesh for Component(CharacterMesh0) Actor(FirstPersonCharacter_C_0)
[2026.04.04-10.17.39:288][274]LogSkinnedMeshComp: Warning: GetSocketByName(torso_JNT): No SkeletalMesh for Component(CharacterMesh0) Actor(FirstPersonCharacter_C_0)
[2026.04.04-10.17.39:331][275]LogSkinnedMeshComp: Warning: GetSocketByName(torso_JNT): No SkeletalMesh for Component(CharacterMesh0) Actor(FirstPersonCharacter_C_0)
[2026.04.04-10.17.39:374][276]LogSkinnedMeshComp: Warning: GetSocketByName(torso_JNT): No SkeletalMesh for Component(CharacterMesh0) Actor(FirstPersonCharacter_C_0)
[2026.04.04-10.17.39:421][277]LogSkinnedMeshComp: Warning: GetSocketByName(torso_JNT): No SkeletalMesh for Component(CharacterMesh0) Actor(FirstPersonCharacter_C_0)
[2026.04.04-10.17.39:467][278]LogSkinnedMeshComp: Warning: GetSocketByName(torso_JNT): No SkeletalMesh for Component(CharacterMesh0) Actor(FirstPersonCharacter_C_0)
[2026.04.04-10.17.39:515][279]LogSkinnedMeshComp: Warning: GetSocketByName(torso_JNT): No SkeletalMesh for Component(CharacterMesh0) Actor(FirstPersonCharacter_C_0)
[2026.04.04-10.17.39:562][280]LogSkinnedMeshComp: Warning: GetSocketByName(torso_JNT): No SkeletalMesh for Component(CharacterMesh0) Actor(FirstPersonCharacter_C_0)
[2026.04.04-10.17.39:608][281]LogSkinnedMeshComp: Warning: GetSocketByName(torso_JNT): No SkeletalMesh for Component(CharacterMesh0) Actor(FirstPersonCharacter_C_0)
[2026.04.04-10.17.39:656][282]LogSkinnedMeshComp: Warning: GetSocketByName(torso_JNT): No SkeletalMesh for Component(CharacterMesh0) Actor(FirstPersonCharacter_C_0)
[2026.04.04-10.17.39:702][283]LogSkinnedMeshComp: Warning: GetSocketByName(torso_JNT): No SkeletalMesh for Component(CharacterMesh0) Actor(FirstPersonCharacter_C_0)
[2026.04.04-10.17.39:752][284]LogSkinnedMeshComp: Warning: GetSocketByName(torso_JNT): No SkeletalMesh for Component(CharacterMesh0) Actor(FirstPersonCharacter_C_0)
[2026.04.04-10.17.39:801][285]LogSkinnedMeshComp: Warning: GetSocketByName(torso_JNT): No SkeletalMesh for Component(CharacterMesh0) Actor(FirstPersonCharacter_C_0)
[2026.04.04-10.17.39:852][286]LogSkinnedMeshComp: Warning: GetSocketByName(torso_JNT): No SkeletalMesh for Component(CharacterMesh0) Actor(FirstPersonCharacter_C_0)
[2026.04.04-10.17.39:912][287]LogSkinnedMeshComp: Warning: GetSocketByName(torso_JNT): No SkeletalMesh for Component(CharacterMesh0) Actor(FirstPersonCharacter_C_0)
[2026.04.04-10.17.39:972][288]LogSkinnedMeshComp: Warning: GetSocketByName(torso_JNT): No SkeletalMesh for Component(CharacterMesh0) Actor(FirstPersonCharacter_C_0)
[2026.04.04-10.17.40:016][289]LogSkinnedMeshComp: Warning: GetSocketByName(torso_JNT): No SkeletalMesh for Component(CharacterMesh0) Actor(FirstPersonCharacter_C_0)
[2026.04.04-10.17.40:070][290]LogSkinnedMeshComp: Warning: GetSocketByName(torso_JNT): No SkeletalMesh for Component(CharacterMesh0) Actor(FirstPersonCharacter_C_0)
[2026.04.04-10.17.40:117][291]LogSkinnedMeshComp: Warning: GetSocketByName(torso_JNT): No SkeletalMesh for Component(CharacterMesh0) Actor(FirstPersonCharacter_C_0)
[2026.04.04-10.17.40:168][292]LogSkinnedMeshComp: Warning: GetSocketByName(torso_JNT): No SkeletalMesh for Component(CharacterMesh0) Actor(FirstPersonCharacter_C_0)
[2026.04.04-10.17.40:222][293]LogSkinnedMeshComp: Warning: GetSocketByName(torso_JNT): No SkeletalMesh for Component(CharacterMesh0) Actor(FirstPersonCharacter_C_0)
[2026.04.04-10.17.40:271][294]LogSkinnedMeshComp: Warning: GetSocketByName(torso_JNT): No SkeletalMesh for Component(CharacterMesh0) Actor(FirstPersonCharacter_C_0)
[2026.04.04-10.17.40:324][295]LogSkinnedMeshComp: Warning: GetSocketByName(torso_JNT): No SkeletalMesh for Component(CharacterMesh0) Actor(FirstPersonCharacter_C_0)
[2026.04.04-10.17.40:377][296]LogSkinnedMeshComp: Warning: GetSocketByName(torso_JNT): No SkeletalMesh for Component(CharacterMesh0) Actor(FirstPersonCharacter_C_0)
[2026.04.04-10.17.40:425][297]LogSkinnedMeshComp: Warning: GetSocketByName(torso_JNT): No SkeletalMesh for Component(CharacterMesh0) Actor(FirstPersonCharacter_C_0)
[2026.04.04-10.17.40:477][298]LogSkinnedMeshComp: Warning: GetSocketByName(torso_JNT): No SkeletalMesh for Component(CharacterMesh0) Actor(FirstPersonCharacter_C_0)
[2026.04.04-10.17.40:529][299]LogSkinnedMeshComp: Warning: GetSocketByName(torso_JNT): No SkeletalMesh for Component(CharacterMesh0) Actor(FirstPersonCharacter_C_0)
[2026.04.04-10.17.40:576][300]LogSkinnedMeshComp: Warning: GetSocketByName(torso_JNT): No SkeletalMesh for Component(CharacterMesh0) Actor(FirstPersonCharacter_C_0)
[2026.04.04-10.17.40:635][301]LogSkinnedMeshComp: Warning: GetSocketByName(torso_JNT): No SkeletalMesh for Component(CharacterMesh0) Actor(FirstPersonCharacter_C_0)
[2026.04.04-10.17.40:681][302]LogSkinnedMeshComp: Warning: GetSocketByName(torso_JNT): No SkeletalMesh for Component(CharacterMesh0) Actor(FirstPersonCharacter_C_0)
[2026.04.04-10.17.40:734][303]LogSkinnedMeshComp: Warning: GetSocketByName(torso_JNT): No SkeletalMesh for Component(CharacterMesh0) Actor(FirstPersonCharacter_C_0)
[2026.04.04-10.17.40:785][304]LogSkinnedMeshComp: Warning: GetSocketByName(torso_JNT): No SkeletalMesh for Component(CharacterMesh0) Actor(FirstPersonCharacter_C_0)
[2026.04.04-10.17.40:831][305]LogSkinnedMeshComp: Warning: GetSocketByName(torso_JNT): No SkeletalMesh for Component(CharacterMesh0) Actor(FirstPersonCharacter_C_0)
[2026.04.04-10.17.40:888][306]LogSkinnedMeshComp: Warning: GetSocketByName(torso_JNT): No SkeletalMesh for Component(CharacterMesh0) Actor(FirstPersonCharacter_C_0)
[2026.04.04-10.17.40:940][307]LogSkinnedMeshComp: Warning: GetSocketByName(torso_JNT): No SkeletalMesh for Component(CharacterMesh0) Actor(FirstPersonCharacter_C_0)
[2026.04.04-10.17.41:001][308]LogSkinnedMeshComp: Warning: GetSocketByName(torso_JNT): No SkeletalMesh for Component(CharacterMesh0) Actor(FirstPersonCharacter_C_0)
[2026.04.04-10.17.41:001][308]LogSkinnedMeshComp: Warning: GetSocketByName(torso_JNT): No SkeletalMesh for Component(CharacterMesh0) Actor(FirstPersonCharacter_C_0)
[2026.04.04-10.17.41:047][309]LogSkinnedMeshComp: Warning: GetSocketByName(torso_JNT): No SkeletalMesh for Component(CharacterMesh0) Actor(FirstPersonCharacter_C_0)
[2026.04.04-10.17.41:049][309]LogSkinnedMeshComp: Warning: GetSocketByName(torso_JNT): No SkeletalMesh for Component(CharacterMesh0) Actor(FirstPersonCharacter_C_0)
[2026.04.04-10.17.41:093][310]LogSkinnedMeshComp: Warning: GetSocketByName(torso_JNT): No SkeletalMesh for Component(CharacterMesh0) Actor(FirstPersonCharacter_C_0)
[2026.04.04-10.17.41:094][310]LogSkinnedMeshComp: Warning: GetSocketByName(torso_JNT): No SkeletalMesh for Component(CharacterMesh0) Actor(FirstPersonCharacter_C_0)
[2026.04.04-10.17.41:147][311]LogSkinnedMeshComp: Warning: GetSocketByName(torso_JNT): No SkeletalMesh for Component(CharacterMesh0) Actor(FirstPersonCharacter_C_0)
[2026.04.04-10.17.41:204][312]LogSkinnedMeshComp: Warning: GetSocketByName(torso_JNT): No SkeletalMesh for Component(CharacterMesh0) Actor(FirstPersonCharacter_C_0)
[2026.04.04-10.17.41:242][313]LogSkinnedMeshComp: Warning: GetSocketByName(torso_JNT): No SkeletalMesh for Component(CharacterMesh0) Actor(FirstPersonCharacter_C_0)
[2026.04.04-10.17.41:288][314]LogSkinnedMeshComp: Warning: GetSocketByName(torso_JNT): No SkeletalMesh for Component(CharacterMesh0) Actor(FirstPersonCharacter_C_0)
[2026.04.04-10.17.41:332][315]LogSkinnedMeshComp: Warning: GetSocketByName(torso_JNT): No SkeletalMesh for Component(CharacterMesh0) Actor(FirstPersonCharacter_C_0)
[2026.04.04-10.17.41:374][316]LogSkinnedMeshComp: Warning: GetSocketByName(torso_JNT): No SkeletalMesh for Component(CharacterMesh0) Actor(FirstPersonCharacter_C_0)
[2026.04.04-10.17.41:420][317]LogSkinnedMeshComp: Warning: GetSocketByName(torso_JNT): No SkeletalMesh for Component(CharacterMesh0) Actor(FirstPersonCharacter_C_0)
[2026.04.04-10.17.41:422][317]LogSkinnedMeshComp: Warning: GetSocketByName(torso_JNT): No SkeletalMesh for Component(CharacterMesh0) Actor(FirstPersonCharacter_C_0)
[2026.04.04-10.17.41:465][318]LogSkinnedMeshComp: Warning: GetSocketByName(torso_JNT): No SkeletalMesh for Component(CharacterMesh0) Actor(FirstPersonCharacter_C_0)
[2026.04.04-10.17.41:466][318]LogSkinnedMeshComp: Warning: GetSocketByName(torso_JNT): No SkeletalMesh for Component(CharacterMesh0) Actor(FirstPersonCharacter_C_0)
[2026.04.04-10.17.41:506][319]LogSkinnedMeshComp: Warning: GetSocketByName(torso_JNT): No SkeletalMesh for Component(CharacterMesh0) Actor(FirstPersonCharacter_C_0)
[2026.04.04-10.17.41:506][319]LogSkinnedMeshComp: Warning: GetSocketByName(torso_JNT): No SkeletalMesh for Component(CharacterMesh0) Actor(FirstPersonCharacter_C_0)
[2026.04.04-10.17.41:549][320]LogSkinnedMeshComp: Warning: GetSocketByName(torso_JNT): No SkeletalMesh for Component(CharacterMesh0) Actor(FirstPersonCharacter_C_0)
[2026.04.04-10.17.41:551][320]LogSkinnedMeshComp: Warning: GetSocketByName(torso_JNT): No SkeletalMesh for Component(CharacterMesh0) Actor(FirstPersonCharacter_C_0)
[2026.04.04-10.17.41:591][321]LogSkinnedMeshComp: Warning: GetSocketByName(torso_JNT): No SkeletalMesh for Component(CharacterMesh0) Actor(FirstPersonCharacter_C_0)
[2026.04.04-10.17.41:591][321]LogSkinnedMeshComp: Warning: GetSocketByName(torso_JNT): No SkeletalMesh for Component(CharacterMesh0) Actor(FirstPersonCharacter_C_0)
[2026.04.04-10.17.41:632][322]LogSkinnedMeshComp: Warning: GetSocketByName(torso_JNT): No SkeletalMesh for Component(CharacterMesh0) Actor(FirstPersonCharacter_C_0)
[2026.04.04-10.17.41:633][322]LogSkinnedMeshComp: Warning: GetSocketByName(torso_JNT): No SkeletalMesh for Component(CharacterMesh0) Actor(FirstPersonCharacter_C_0)
[2026.04.04-10.17.41:673][323]LogSkinnedMeshComp: Warning: GetSocketByName(torso_JNT): No SkeletalMesh for Component(CharacterMesh0) Actor(FirstPersonCharacter_C_0)
[2026.04.04-10.17.41:718][324]LogSkinnedMeshComp: Warning: GetSocketByName(torso_JNT): No SkeletalMesh for Component(CharacterMesh0) Actor(FirstPersonCharacter_C_0)
[2026.04.04-10.17.41:719][324]LogSkinnedMeshComp: Warning: GetSocketByName(torso_JNT): No SkeletalMesh for Component(CharacterMesh0) Actor(FirstPersonCharacter_C_0)
[2026.04.04-10.17.41:757][325]LogSkinnedMeshComp: Warning: GetSocketByName(torso_JNT): No SkeletalMesh for Component(CharacterMesh0) Actor(FirstPersonCharacter_C_0)
[2026.04.04-10.17.41:758][325]LogSkinnedMeshComp: Warning: GetSocketByName(torso_JNT): No SkeletalMesh for Component(CharacterMesh0) Actor(FirstPersonCharacter_C_0)
[2026.04.04-10.17.41:798][326]LogSkinnedMeshComp: Warning: GetSocketByName(torso_JNT): No SkeletalMesh for Component(CharacterMesh0) Actor(FirstPersonCharacter_C_0)
[2026.04.04-10.17.43:002][355]LogSkinnedMeshComp: Warning: GetSocketByName(torso_JNT): No SkeletalMesh for Component(CharacterMesh0) Actor(FirstPersonCharacter_C_0)
[2026.04.04-10.17.43:042][356]LogSkinnedMeshComp: Warning: GetSocketByName(torso_JNT): No SkeletalMesh for Component(CharacterMesh0) Actor(FirstPersonCharacter_C_0)
[2026.04.04-10.17.43:091][357]LogSkinnedMeshComp: Warning: GetSocketByName(torso_JNT): No SkeletalMesh for Component(CharacterMesh0) Actor(FirstPersonCharacter_C_0)
[2026.04.04-10.17.43:147][358]LogSkinnedMeshComp: Warning: GetSocketByName(torso_JNT): No SkeletalMesh for Component(CharacterMesh0) Actor(FirstPersonCharacter_C_0)
[2026.04.04-10.17.43:250][360]LogSkinnedMeshComp: Warning: GetSocketByName(torso_JNT): No SkeletalMesh for Component(CharacterMesh0) Actor(FirstPersonCharacter_C_0)
[2026.04.04-10.17.43:297][361]LogSkinnedMeshComp: Warning: GetSocketByName(torso_JNT): No SkeletalMesh for Component(CharacterMesh0) Actor(FirstPersonCharacter_C_0)
[2026.04.04-10.17.43:351][362]LogSkinnedMeshComp: Warning: GetSocketByName(torso_JNT): No SkeletalMesh for Component(CharacterMesh0) Actor(FirstPersonCharacter_C_0)
[2026.04.04-10.17.43:402][363]LogSkinnedMeshComp: Warning: GetSocketByName(torso_JNT): No SkeletalMesh for Component(CharacterMesh0) Actor(FirstPersonCharacter_C_0)
[2026.04.04-10.17.43:455][364]LogSkinnedMeshComp: Warning: GetSocketByName(torso_JNT): No SkeletalMesh for Component(CharacterMesh0) Actor(FirstPersonCharacter_C_0)
[2026.04.04-10.17.43:505][365]LogSkinnedMeshComp: Warning: GetSocketByName(torso_JNT): No SkeletalMesh for Component(CharacterMesh0) Actor(FirstPersonCharacter_C_0)
[2026.04.04-10.17.43:555][366]LogSkinnedMeshComp: Warning: GetSocketByName(torso_JNT): No SkeletalMesh for Component(CharacterMesh0) Actor(FirstPersonCharacter_C_0)
[2026.04.04-10.17.43:604][367]LogSkinnedMeshComp: Warning: GetSocketByName(torso_JNT): No SkeletalMesh for Component(CharacterMesh0) Actor(FirstPersonCharacter_C_0)
[2026.04.04-10.17.43:652][368]LogSkinnedMeshComp: Warning: GetSocketByName(torso_JNT): No SkeletalMesh for Component(CharacterMesh0) Actor(FirstPersonCharacter_C_0)
[2026.04.04-10.17.43:703][369]LogSkinnedMeshComp: Warning: GetSocketByName(torso_JNT): No SkeletalMesh for Component(CharacterMesh0) Actor(FirstPersonCharacter_C_0)
[2026.04.04-10.17.43:751][370]LogSkinnedMeshComp: Warning: GetSocketByName(torso_JNT): No SkeletalMesh for Component(CharacterMesh0) Actor(FirstPersonCharacter_C_0)
[2026.04.04-10.17.43:802][371]LogSkinnedMeshComp: Warning: GetSocketByName(torso_JNT): No SkeletalMesh for Component(CharacterMesh0) Actor(FirstPersonCharacter_C_0)
[2026.04.04-10.17.43:870][372]LogSkinnedMeshComp: Warning: GetSocketByName(torso_JNT): No SkeletalMesh for Component(CharacterMesh0) Actor(FirstPersonCharacter_C_0)
[2026.04.04-10.17.43:926][373]LogSkinnedMeshComp: Warning: GetSocketByName(torso_JNT): No SkeletalMesh for Component(CharacterMesh0) Actor(FirstPersonCharacter_C_0)
[2026.04.04-10.17.43:991][374]LogSkinnedMeshComp: Warning: GetSocketByName(torso_JNT): No SkeletalMesh for Component(CharacterMesh0) Actor(FirstPersonCharacter_C_0)
[2026.04.04-10.17.43:991][374]LogSkinnedMeshComp: Warning: GetSocketByName(torso_JNT): No SkeletalMesh for Component(CharacterMesh0) Actor(FirstPersonCharacter_C_0)
[2026.04.04-10.17.44:050][375]LogSkinnedMeshComp: Warning: GetSocketByName(torso_JNT): No SkeletalMesh for Component(CharacterMesh0) Actor(FirstPersonCharacter_C_0)
[2026.04.04-10.17.44:052][375]LogSkinnedMeshComp: Warning: GetSocketByName(torso_JNT): No SkeletalMesh for Component(CharacterMesh0) Actor(FirstPersonCharacter_C_0)
[2026.04.04-10.17.44:099][376]LogSkinnedMeshComp: Warning: GetSocketByName(torso_JNT): No SkeletalMesh for Component(CharacterMesh0) Actor(FirstPersonCharacter_C_0)
[2026.04.04-10.17.44:100][376]LogSkinnedMeshComp: Warning: GetSocketByName(torso_JNT): No SkeletalMesh for Component(CharacterMesh0) Actor(FirstPersonCharacter_C_0)
[2026.04.04-10.17.44:152][377]LogSkinnedMeshComp: Warning: GetSocketByName(torso_JNT): No SkeletalMesh for Component(CharacterMesh0) Actor(FirstPersonCharacter_C_0)
[2026.04.04-10.17.44:204][378]LogSkinnedMeshComp: Warning: GetSocketByName(torso_JNT): No SkeletalMesh for Component(CharacterMesh0) Actor(FirstPersonCharacter_C_0)
[2026.04.04-10.17.44:271][379]LogSkinnedMeshComp: Warning: GetSocketByName(torso_JNT): No SkeletalMesh for Component(CharacterMesh0) Actor(FirstPersonCharacter_C_0)
[2026.04.04-10.17.44:271][379]LogSkinnedMeshComp: Warning: GetSocketByName(torso_JNT): No SkeletalMesh for Component(CharacterMesh0) Actor(FirstPersonCharacter_C_0)
[2026.04.04-10.17.44:324][380]LogSkinnedMeshComp: Warning: GetSocketByName(torso_JNT): No SkeletalMesh for Component(CharacterMesh0) Actor(FirstPersonCharacter_C_0)
[2026.04.04-10.17.44:324][380]LogSkinnedMeshComp: Warning: GetSocketByName(torso_JNT): No SkeletalMesh for Component(CharacterMesh0) Actor(FirstPersonCharacter_C_0)
[2026.04.04-10.17.44:379][381]LogSkinnedMeshComp: Warning: GetSocketByName(torso_JNT): No SkeletalMesh for Component(CharacterMesh0) Actor(FirstPersonCharacter_C_0)
[2026.04.04-10.17.44:380][381]LogSkinnedMeshComp: Warning: GetSocketByName(torso_JNT): No SkeletalMesh for Component(CharacterMesh0) Actor(FirstPersonCharacter_C_0)
[2026.04.04-10.17.44:438][382]LogSkinnedMeshComp: Warning: GetSocketByName(torso_JNT): No SkeletalMesh for Component(CharacterMesh0) Actor(FirstPersonCharacter_C_0)
[2026.04.04-10.17.44:438][382]LogSkinnedMeshComp: Warning: GetSocketByName(torso_JNT): No SkeletalMesh for Component(CharacterMesh0) Actor(FirstPersonCharacter_C_0)
[2026.04.04-10.17.44:492][383]LogSkinnedMeshComp: Warning: GetSocketByName(torso_JNT): No SkeletalMesh for Component(CharacterMesh0) Actor(FirstPersonCharacter_C_0)
[2026.04.04-10.17.44:493][383]LogSkinnedMeshComp: Warning: GetSocketByName(torso_JNT): No SkeletalMesh for Component(CharacterMesh0) Actor(FirstPersonCharacter_C_0)
[2026.04.04-10.17.44:544][384]LogSkinnedMeshComp: Warning: GetSocketByName(torso_JNT): No SkeletalMesh for Component(CharacterMesh0) Actor(FirstPersonCharacter_C_0)
[2026.04.04-10.17.44:601][385]LogSkinnedMeshComp: Warning: GetSocketByName(torso_JNT): No SkeletalMesh for Component(CharacterMesh0) Actor(FirstPersonCharacter_C_0)
[2026.04.04-10.17.44:656][386]LogSkinnedMeshComp: Warning: GetSocketByName(torso_JNT): No SkeletalMesh for Component(CharacterMesh0) Actor(FirstPersonCharacter_C_0)
[2026.04.04-10.17.45:791][407]LogSkinnedMeshComp: Warning: GetSocketByName(torso_JNT): No SkeletalMesh for Component(CharacterMesh0) Actor(FirstPersonCharacter_C_0)
[2026.04.04-10.17.45:847][408]LogSkinnedMeshComp: Warning: GetSocketByName(torso_JNT): No SkeletalMesh for Component(CharacterMesh0) Actor(FirstPersonCharacter_C_0)
[2026.04.04-10.17.45:898][409]LogSkinnedMeshComp: Warning: GetSocketByName(torso_JNT): No SkeletalMesh for Component(CharacterMesh0) Actor(FirstPersonCharacter_C_0)
[2026.04.04-10.17.45:952][410]LogSkinnedMeshComp: Warning: GetSocketByName(torso_JNT): No SkeletalMesh for Component(CharacterMesh0) Actor(FirstPersonCharacter_C_0)
[2026.04.04-10.17.46:003][411]LogSkinnedMeshComp: Warning: GetSocketByName(torso_JNT): No SkeletalMesh for Component(CharacterMesh0) Actor(FirstPersonCharacter_C_0)
[2026.04.04-10.17.46:056][412]LogSkinnedMeshComp: Warning: GetSocketByName(torso_JNT): No SkeletalMesh for Component(CharacterMesh0) Actor(FirstPersonCharacter_C_0)
[2026.04.04-10.17.46:111][413]LogSkinnedMeshComp: Warning: GetSocketByName(torso_JNT): No SkeletalMesh for Component(CharacterMesh0) Actor(FirstPersonCharacter_C_0)
[2026.04.04-10.17.46:162][414]LogSkinnedMeshComp: Warning: GetSocketByName(torso_JNT): No SkeletalMesh for Component(CharacterMesh0) Actor(FirstPersonCharacter_C_0)
[2026.04.04-10.17.46:217][415]LogSkinnedMeshComp: Warning: GetSocketByName(torso_JNT): No SkeletalMesh for Component(CharacterMesh0) Actor(FirstPersonCharacter_C_0)
[2026.04.04-10.17.46:267][416]LogSkinnedMeshComp: Warning: GetSocketByName(torso_JNT): No SkeletalMesh for Component(CharacterMesh0) Actor(FirstPersonCharacter_C_0)
[2026.04.04-10.17.46:324][417]LogSkinnedMeshComp: Warning: GetSocketByName(torso_JNT): No SkeletalMesh for Component(CharacterMesh0) Actor(FirstPersonCharacter_C_0)
[2026.04.04-10.17.46:385][418]LogSkinnedMeshComp: Warning: GetSocketByName(torso_JNT): No SkeletalMesh for Component(CharacterMesh0) Actor(FirstPersonCharacter_C_0)
[2026.04.04-10.17.46:437][419]LogSkinnedMeshComp: Warning: GetSocketByName(torso_JNT): No SkeletalMesh for Component(CharacterMesh0) Actor(FirstPersonCharacter_C_0)
[2026.04.04-10.17.46:501][420]LogSkinnedMeshComp: Warning: GetSocketByName(torso_JNT): No SkeletalMesh for Component(CharacterMesh0) Actor(FirstPersonCharacter_C_0)
[2026.04.04-10.17.46:558][421]LogSkinnedMeshComp: Warning: GetSocketByName(torso_JNT): No SkeletalMesh for Component(CharacterMesh0) Actor(FirstPersonCharacter_C_0)
[2026.04.04-10.17.46:616][422]LogSkinnedMeshComp: Warning: GetSocketByName(torso_JNT): No SkeletalMesh for Component(CharacterMesh0) Actor(FirstPersonCharacter_C_0)
[2026.04.04-10.17.46:668][423]LogSkinnedMeshComp: Warning: GetSocketByName(torso_JNT): No SkeletalMesh for Component(CharacterMesh0) Actor(FirstPersonCharacter_C_0)
[2026.04.04-10.17.46:726][424]LogSkinnedMeshComp: Warning: GetSocketByName(torso_JNT): No SkeletalMesh for Component(CharacterMesh0) Actor(FirstPersonCharacter_C_0)
[2026.04.04-10.17.46:780][425]LogSkinnedMeshComp: Warning: GetSocketByName(torso_JNT): No SkeletalMesh for Component(CharacterMesh0) Actor(FirstPersonCharacter_C_0)
[2026.04.04-10.17.46:780][425]LogSkinnedMeshComp: Warning: GetSocketByName(torso_JNT): No SkeletalMesh for Component(CharacterMesh0) Actor(FirstPersonCharacter_C_0)
[2026.04.04-10.17.46:835][426]LogSkinnedMeshComp: Warning: GetSocketByName(torso_JNT): No SkeletalMesh for Component(CharacterMesh0) Actor(FirstPersonCharacter_C_0)
[2026.04.04-10.17.46:835][426]LogSkinnedMeshComp: Warning: GetSocketByName(torso_JNT): No SkeletalMesh for Component(CharacterMesh0) Actor(FirstPersonCharacter_C_0)
[2026.04.04-10.17.46:892][427]LogSkinnedMeshComp: Warning: GetSocketByName(torso_JNT): No SkeletalMesh for Component(CharacterMesh0) Actor(FirstPersonCharacter_C_0)
[2026.04.04-10.17.46:893][427]LogSkinnedMeshComp: Warning: GetSocketByName(torso_JNT): No SkeletalMesh for Component(CharacterMesh0) Actor(FirstPersonCharacter_C_0)
[2026.04.04-10.17.46:946][428]LogSkinnedMeshComp: Warning: GetSocketByName(torso_JNT): No SkeletalMesh for Component(CharacterMesh0) Actor(FirstPersonCharacter_C_0)
[2026.04.04-10.17.47:002][429]LogSkinnedMeshComp: Warning: GetSocketByName(torso_JNT): No SkeletalMesh for Component(CharacterMesh0) Actor(FirstPersonCharacter_C_0)
[2026.04.04-10.17.47:003][429]LogSkinnedMeshComp: Warning: GetSocketByName(torso_JNT): No SkeletalMesh for Component(CharacterMesh0) Actor(FirstPersonCharacter_C_0)
[2026.04.04-10.17.47:058][430]LogSkinnedMeshComp: Warning: GetSocketByName(torso_JNT): No SkeletalMesh for Component(CharacterMesh0) Actor(FirstPersonCharacter_C_0)
[2026.04.04-10.17.47:058][430]LogSkinnedMeshComp: Warning: GetSocketByName(torso_JNT): No SkeletalMesh for Component(CharacterMesh0) Actor(FirstPersonCharacter_C_0)
[2026.04.04-10.17.47:112][431]LogSkinnedMeshComp: Warning: GetSocketByName(torso_JNT): No SkeletalMesh for Component(CharacterMesh0) Actor(FirstPersonCharacter_C_0)
[2026.04.04-10.17.47:112][431]LogSkinnedMeshComp: Warning: GetSocketByName(torso_JNT): No SkeletalMesh for Component(CharacterMesh0) Actor(FirstPersonCharacter_C_0)
[2026.04.04-10.17.47:167][432]LogSkinnedMeshComp: Warning: GetSocketByName(torso_JNT): No SkeletalMesh for Component(CharacterMesh0) Actor(FirstPersonCharacter_C_0)
[2026.04.04-10.17.47:167][432]LogSkinnedMeshComp: Warning: GetSocketByName(torso_JNT): No SkeletalMesh for Component(CharacterMesh0) Actor(FirstPersonCharacter_C_0)
[2026.04.04-10.17.47:226][433]LogSkinnedMeshComp: Warning: GetSocketByName(torso_JNT): No SkeletalMesh for Component(CharacterMesh0) Actor(FirstPersonCharacter_C_0)
[2026.04.04-10.17.47:227][433]LogSkinnedMeshComp: Warning: GetSocketByName(torso_JNT): No SkeletalMesh for Component(CharacterMesh0) Actor(FirstPersonCharacter_C_0)
[2026.04.04-10.17.47:278][434]LogSkinnedMeshComp: Warning: GetSocketByName(torso_JNT): No SkeletalMesh for Component(CharacterMesh0) Actor(FirstPersonCharacter_C_0)
[2026.04.04-10.17.47:278][434]LogSkinnedMeshComp: Warning: GetSocketByName(torso_JNT): No SkeletalMesh for Component(CharacterMesh0) Actor(FirstPersonCharacter_C_0)
[2026.04.04-10.17.47:335][435]LogSkinnedMeshComp: Warning: GetSocketByName(torso_JNT): No SkeletalMesh for Component(CharacterMesh0) Actor(FirstPersonCharacter_C_0)
[2026.04.04-10.17.47:335][435]LogSkinnedMeshComp: Warning: GetSocketByName(torso_JNT): No SkeletalMesh for Component(CharacterMesh0) Actor(FirstPersonCharacter_C_0)
[2026.04.04-10.17.47:387][436]LogSkinnedMeshComp: Warning: GetSocketByName(torso_JNT): No SkeletalMesh for Component(CharacterMesh0) Actor(FirstPersonCharacter_C_0)
[2026.04.04-10.17.47:388][436]LogSkinnedMeshComp: Warning: GetSocketByName(torso_JNT): No SkeletalMesh for Component(CharacterMesh0) Actor(FirstPersonCharacter_C_0)
[2026.04.04-10.17.47:439][437]LogSkinnedMeshComp: Warning: GetSocketByName(torso_JNT): No SkeletalMesh for Component(CharacterMesh0) Actor(FirstPersonCharacter_C_0)
[2026.04.04-10.17.47:439][437]LogSkinnedMeshComp: Warning: GetSocketByName(torso_JNT): No SkeletalMesh for Component(CharacterMesh0) Actor(FirstPersonCharacter_C_0)
[2026.04.04-10.17.47:494][438]LogSkinnedMeshComp: Warning: GetSocketByName(torso_JNT): No SkeletalMesh for Component(CharacterMesh0) Actor(FirstPersonCharacter_C_0)
[2026.04.04-10.17.47:495][438]LogSkinnedMeshComp: Warning: GetSocketByName(torso_JNT): No SkeletalMesh for Component(CharacterMesh0) Actor(FirstPersonCharacter_C_0)
[2026.04.04-10.17.47:548][439]LogSkinnedMeshComp: Warning: GetSocketByName(torso_JNT): No SkeletalMesh for Component(CharacterMesh0) Actor(FirstPersonCharacter_C_0)
[2026.04.04-10.17.47:549][439]LogSkinnedMeshComp: Warning: GetSocketByName(torso_JNT): No SkeletalMesh for Component(CharacterMesh0) Actor(FirstPersonCharacter_C_0)
[2026.04.04-10.17.47:606][440]LogSkinnedMeshComp: Warning: GetSocketByName(torso_JNT): No SkeletalMesh for Component(CharacterMesh0) Actor(FirstPersonCharacter_C_0)
[2026.04.04-10.17.47:606][440]LogSkinnedMeshComp: Warning: GetSocketByName(torso_JNT): No SkeletalMesh for Component(CharacterMesh0) Actor(FirstPersonCharacter_C_0)
[2026.04.04-10.17.47:653][441]LogSkinnedMeshComp: Warning: GetSocketByName(torso_JNT): No SkeletalMesh for Component(CharacterMesh0) Actor(FirstPersonCharacter_C_0)
[2026.04.04-10.17.47:705][442]LogSkinnedMeshComp: Warning: GetSocketByName(torso_JNT): No SkeletalMesh for Component(CharacterMesh0) Actor(FirstPersonCharacter_C_0)
[2026.04.04-10.17.47:705][442]LogSkinnedMeshComp: Warning: GetSocketByName(torso_JNT): No SkeletalMesh for Component(CharacterMesh0) Actor(FirstPersonCharacter_C_0)
[2026.04.04-10.17.47:759][443]LogSkinnedMeshComp: Warning: GetSocketByName(torso_JNT): No SkeletalMesh for Component(CharacterMesh0) Actor(FirstPersonCharacter_C_0)
[2026.04.04-10.17.47:759][443]LogSkinnedMeshComp: Warning: GetSocketByName(torso_JNT): No SkeletalMesh for Component(CharacterMesh0) Actor(FirstPersonCharacter_C_0)
[2026.04.04-10.17.47:809][444]LogSkinnedMeshComp: Warning: GetSocketByName(torso_JNT): No SkeletalMesh for Component(CharacterMesh0) Actor(FirstPersonCharacter_C_0)
[2026.04.04-10.17.47:809][444]LogSkinnedMeshComp: Warning: GetSocketByName(torso_JNT): No SkeletalMesh for Component(CharacterMesh0) Actor(FirstPersonCharacter_C_0)
[2026.04.04-10.17.47:859][445]LogSkinnedMeshComp: Warning: GetSocketByName(torso_JNT): No SkeletalMesh for Component(CharacterMesh0) Actor(FirstPersonCharacter_C_0)
[2026.04.04-10.17.47:860][445]LogSkinnedMeshComp: Warning: GetSocketByName(torso_JNT): No SkeletalMesh for Component(CharacterMesh0) Actor(FirstPersonCharacter_C_0)
[2026.04.04-10.17.47:906][446]LogSkinnedMeshComp: Warning: GetSocketByName(torso_JNT): No SkeletalMesh for Component(CharacterMesh0) Actor(FirstPersonCharacter_C_0)
[2026.04.04-10.17.47:906][446]LogSkinnedMeshComp: Warning: GetSocketByName(torso_JNT): No SkeletalMesh for Component(CharacterMesh0) Actor(FirstPersonCharacter_C_0)
[2026.04.04-10.17.47:959][447]LogSkinnedMeshComp: Warning: GetSocketByName(torso_JNT): No SkeletalMesh for Component(CharacterMesh0) Actor(FirstPersonCharacter_C_0)
[2026.04.04-10.17.47:960][447]LogSkinnedMeshComp: Warning: GetSocketByName(torso_JNT): No SkeletalMesh for Component(CharacterMesh0) Actor(FirstPersonCharacter_C_0)
[2026.04.04-10.17.48:006][448]LogSkinnedMeshComp: Warning: GetSocketByName(torso_JNT): No SkeletalMesh for Component(CharacterMesh0) Actor(FirstPersonCharacter_C_0)
[2026.04.04-10.17.48:056][449]LogSkinnedMeshComp: Warning: GetSocketByName(torso_JNT): No SkeletalMesh for Component(CharacterMesh0) Actor(FirstPersonCharacter_C_0)
[2026.04.04-10.17.48:107][450]LogSkinnedMeshComp: Warning: GetSocketByName(torso_JNT): No SkeletalMesh for Component(CharacterMesh0) Actor(FirstPersonCharacter_C_0)
[2026.04.04-10.17.48:107][450]LogSkinnedMeshComp: Warning: GetSocketByName(torso_JNT): No SkeletalMesh for Component(CharacterMesh0) Actor(FirstPersonCharacter_C_0)
[2026.04.04-10.17.48:163][451]LogSkinnedMeshComp: Warning: GetSocketByName(torso_JNT): No SkeletalMesh for Component(CharacterMesh0) Actor(FirstPersonCharacter_C_0)
[2026.04.04-10.17.48:163][451]LogSkinnedMeshComp: Warning: GetSocketByName(torso_JNT): No SkeletalMesh for Component(CharacterMesh0) Actor(FirstPersonCharacter_C_0)
[2026.04.04-10.17.48:205][452]LogSkinnedMeshComp: Warning: GetSocketByName(torso_JNT): No SkeletalMesh for Component(CharacterMesh0) Actor(FirstPersonCharacter_C_0)
[2026.04.04-10.17.48:206][452]LogSkinnedMeshComp: Warning: GetSocketByName(torso_JNT): No SkeletalMesh for Component(CharacterMesh0) Actor(FirstPersonCharacter_C_0)
[2026.04.04-10.17.48:260][453]LogSkinnedMeshComp: Warning: GetSocketByName(torso_JNT): No SkeletalMesh for Component(CharacterMesh0) Actor(FirstPersonCharacter_C_0)
[2026.04.04-10.17.48:260][453]LogSkinnedMeshComp: Warning: GetSocketByName(torso_JNT): No SkeletalMesh for Component(CharacterMesh0) Actor(FirstPersonCharacter_C_0)
[2026.04.04-10.17.48:306][454]LogSkinnedMeshComp: Warning: GetSocketByName(torso_JNT): No SkeletalMesh for Component(CharacterMesh0) Actor(FirstPersonCharacter_C_0)
[2026.04.04-10.17.48:307][454]LogSkinnedMeshComp: Warning: GetSocketByName(torso_JNT): No SkeletalMesh for Component(CharacterMesh0) Actor(FirstPersonCharacter_C_0)
[2026.04.04-10.17.48:360][455]LogSkinnedMeshComp: Warning: GetSocketByName(torso_JNT): No SkeletalMesh for Component(CharacterMesh0) Actor(FirstPersonCharacter_C_0)
[2026.04.04-10.17.48:360][455]LogSkinnedMeshComp: Warning: GetSocketByName(torso_JNT): No SkeletalMesh for Component(CharacterMesh0) Actor(FirstPersonCharacter_C_0)
[2026.04.04-10.17.48:419][456]LogSkinnedMeshComp: Warning: GetSocketByName(torso_JNT): No SkeletalMesh for Component(CharacterMesh0) Actor(FirstPersonCharacter_C_0)
[2026.04.04-10.17.49:121][469]LogSkinnedMeshComp: Warning: GetSocketByName(torso_JNT): No SkeletalMesh for Component(CharacterMesh0) Actor(FirstPersonCharacter_C_0)
[2026.04.04-10.17.49:174][470]LogSkinnedMeshComp: Warning: GetSocketByName(torso_JNT): No SkeletalMesh for Component(CharacterMesh0) Actor(FirstPersonCharacter_C_0)
[2026.04.04-10.17.49:229][471]LogSkinnedMeshComp: Warning: GetSocketByName(torso_JNT): No SkeletalMesh for Component(CharacterMesh0) Actor(FirstPersonCharacter_C_0)
[2026.04.04-10.17.49:280][472]LogSkinnedMeshComp: Warning: GetSocketByName(torso_JNT): No SkeletalMesh for Component(CharacterMesh0) Actor(FirstPersonCharacter_C_0)
[2026.04.04-10.17.49:330][473]LogSkinnedMeshComp: Warning: GetSocketByName(torso_JNT): No SkeletalMesh for Component(CharacterMesh0) Actor(FirstPersonCharacter_C_0)
[2026.04.04-10.17.49:391][474]LogSkinnedMeshComp: Warning: GetSocketByName(torso_JNT): No SkeletalMesh for Component(CharacterMesh0) Actor(FirstPersonCharacter_C_0)
[2026.04.04-10.17.49:440][475]LogSkinnedMeshComp: Warning: GetSocketByName(torso_JNT): No SkeletalMesh for Component(CharacterMesh0) Actor(FirstPersonCharacter_C_0)
[2026.04.04-10.17.49:500][476]LogSkinnedMeshComp: Warning: GetSocketByName(torso_JNT): No SkeletalMesh for Component(CharacterMesh0) Actor(FirstPersonCharacter_C_0)
[2026.04.04-10.17.49:544][477]LogSkinnedMeshComp: Warning: GetSocketByName(torso_JNT): No SkeletalMesh for Component(CharacterMesh0) Actor(FirstPersonCharacter_C_0)
[2026.04.04-10.17.49:596][478]LogSkinnedMeshComp: Warning: GetSocketByName(torso_JNT): No SkeletalMesh for Component(CharacterMesh0) Actor(FirstPersonCharacter_C_0)
[2026.04.04-10.17.49:646][479]LogSkinnedMeshComp: Warning: GetSocketByName(torso_JNT): No SkeletalMesh for Component(CharacterMesh0) Actor(FirstPersonCharacter_C_0)
[2026.04.04-10.17.49:699][480]LogSkinnedMeshComp: Warning: GetSocketByName(torso_JNT): No SkeletalMesh for Component(CharacterMesh0) Actor(FirstPersonCharacter_C_0)
[2026.04.04-10.17.49:699][480]LogSkinnedMeshComp: Warning: GetSocketByName(torso_JNT): No SkeletalMesh for Component(CharacterMesh0) Actor(FirstPersonCharacter_C_0)
[2026.04.04-10.17.49:749][481]LogSkinnedMeshComp: Warning: GetSocketByName(torso_JNT): No SkeletalMesh for Component(CharacterMesh0) Actor(FirstPersonCharacter_C_0)
[2026.04.04-10.17.49:749][481]LogSkinnedMeshComp: Warning: GetSocketByName(torso_JNT): No SkeletalMesh for Component(CharacterMesh0) Actor(FirstPersonCharacter_C_0)
[2026.04.04-10.17.50:431][495]LogSkinnedMeshComp: Warning: GetSocketByName(torso_JNT): No SkeletalMesh for Component(CharacterMesh0) Actor(FirstPersonCharacter_C_0)
[2026.04.04-10.17.50:432][495]LogSkinnedMeshComp: Warning: GetSocketByName(torso_JNT): No SkeletalMesh for Component(CharacterMesh0) Actor(FirstPersonCharacter_C_0)
[2026.04.04-10.17.50:475][496]LogSkinnedMeshComp: Warning: GetSocketByName(torso_JNT): No SkeletalMesh for Component(CharacterMesh0) Actor(FirstPersonCharacter_C_0)
[2026.04.04-10.17.50:476][496]LogSkinnedMeshComp: Warning: GetSocketByName(torso_JNT): No SkeletalMesh for Component(CharacterMesh0) Actor(FirstPersonCharacter_C_0)
[2026.04.04-10.17.50:520][497]LogSkinnedMeshComp: Warning: GetSocketByName(torso_JNT): No SkeletalMesh for Component(CharacterMesh0) Actor(FirstPersonCharacter_C_0)
[2026.04.04-10.17.50:520][497]LogSkinnedMeshComp: Warning: GetSocketByName(torso_JNT): No SkeletalMesh for Component(CharacterMesh0) Actor(FirstPersonCharacter_C_0)
[2026.04.04-10.17.50:566][498]LogSkinnedMeshComp: Warning: GetSocketByName(torso_JNT): No SkeletalMesh for Component(CharacterMesh0) Actor(FirstPersonCharacter_C_0)
[2026.04.04-10.17.50:566][498]LogSkinnedMeshComp: Warning: GetSocketByName(torso_JNT): No SkeletalMesh for Component(CharacterMesh0) Actor(FirstPersonCharacter_C_0)
[2026.04.04-10.17.50:612][499]LogSkinnedMeshComp: Warning: GetSocketByName(torso_JNT): No SkeletalMesh for Component(CharacterMesh0) Actor(FirstPersonCharacter_C_0)
[2026.04.04-10.17.50:612][499]LogSkinnedMeshComp: Warning: GetSocketByName(torso_JNT): No SkeletalMesh for Component(CharacterMesh0) Actor(FirstPersonCharacter_C_0)
[2026.04.04-10.17.50:655][500]LogSkinnedMeshComp: Warning: GetSocketByName(torso_JNT): No SkeletalMesh for Component(CharacterMesh0) Actor(FirstPersonCharacter_C_0)
[2026.04.04-10.17.50:655][500]LogSkinnedMeshComp: Warning: GetSocketByName(torso_JNT): No SkeletalMesh for Component(CharacterMesh0) Actor(FirstPersonCharacter_C_0)
[2026.04.04-10.17.50:700][501]LogSkinnedMeshComp: Warning: GetSocketByName(torso_JNT): No SkeletalMesh for Component(CharacterMesh0) Actor(FirstPersonCharacter_C_0)
[2026.04.04-10.17.50:701][501]LogSkinnedMeshComp: Warning: GetSocketByName(torso_JNT): No SkeletalMesh for Component(CharacterMesh0) Actor(FirstPersonCharacter_C_0)
[2026.04.04-10.17.50:745][502]LogSkinnedMeshComp: Warning: GetSocketByName(torso_JNT): No SkeletalMesh for Component(CharacterMesh0) Actor(FirstPersonCharacter_C_0)
[2026.04.04-10.17.50:745][502]LogSkinnedMeshComp: Warning: GetSocketByName(torso_JNT): No SkeletalMesh for Component(CharacterMesh0) Actor(FirstPersonCharacter_C_0)
[2026.04.04-10.17.50:792][503]LogSkinnedMeshComp: Warning: GetSocketByName(torso_JNT): No SkeletalMesh for Component(CharacterMesh0) Actor(FirstPersonCharacter_C_0)
[2026.04.04-10.17.50:793][503]LogSkinnedMeshComp: Warning: GetSocketByName(torso_JNT): No SkeletalMesh for Component(CharacterMesh0) Actor(FirstPersonCharacter_C_0)
[2026.04.04-10.17.50:849][504]LogSkinnedMeshComp: Warning: GetSocketByName(torso_JNT): No SkeletalMesh for Component(CharacterMesh0) Actor(FirstPersonCharacter_C_0)
[2026.04.04-10.17.50:899][505]LogSkinnedMeshComp: Warning: GetSocketByName(torso_JNT): No SkeletalMesh for Component(CharacterMesh0) Actor(FirstPersonCharacter_C_0)
[2026.04.04-10.17.50:945][506]LogSkinnedMeshComp: Warning: GetSocketByName(torso_JNT): No SkeletalMesh for Component(CharacterMesh0) Actor(FirstPersonCharacter_C_0)
[2026.04.04-10.17.50:993][507]LogSkinnedMeshComp: Warning: GetSocketByName(torso_JNT): No SkeletalMesh for Component(CharacterMesh0) Actor(FirstPersonCharacter_C_0)
[2026.04.04-10.17.51:038][508]LogSkinnedMeshComp: Warning: GetSocketByName(torso_JNT): No SkeletalMesh for Component(CharacterMesh0) Actor(FirstPersonCharacter_C_0)
[2026.04.04-10.17.51:086][509]LogSkinnedMeshComp: Warning: GetSocketByName(torso_JNT): No SkeletalMesh for Component(CharacterMesh0) Actor(FirstPersonCharacter_C_0)
[2026.04.04-10.17.51:137][510]LogSkinnedMeshComp: Warning: GetSocketByName(torso_JNT): No SkeletalMesh for Component(CharacterMesh0) Actor(FirstPersonCharacter_C_0)
[2026.04.04-10.17.51:181][511]LogSkinnedMeshComp: Warning: GetSocketByName(torso_JNT): No SkeletalMesh for Component(CharacterMesh0) Actor(FirstPersonCharacter_C_0)
[2026.04.04-10.17.51:228][512]LogSkinnedMeshComp: Warning: GetSocketByName(torso_JNT): No SkeletalMesh for Component(CharacterMesh0) Actor(FirstPersonCharacter_C_0)
[2026.04.04-10.17.51:276][513]LogSkinnedMeshComp: Warning: GetSocketByName(torso_JNT): No SkeletalMesh for Component(CharacterMesh0) Actor(FirstPersonCharacter_C_0)
[2026.04.04-10.17.51:325][514]LogSkinnedMeshComp: Warning: GetSocketByName(torso_JNT): No SkeletalMesh for Component(CharacterMesh0) Actor(FirstPersonCharacter_C_0)
[2026.04.04-10.17.51:367][515]LogSkinnedMeshComp: Warning: GetSocketByName(torso_JNT): No SkeletalMesh for Component(CharacterMesh0) Actor(FirstPersonCharacter_C_0)
[2026.04.04-10.17.51:414][516]LogSkinnedMeshComp: Warning: GetSocketByName(torso_JNT): No SkeletalMesh for Component(CharacterMesh0) Actor(FirstPersonCharacter_C_0)
[2026.04.04-10.17.51:455][517]LogSkinnedMeshComp: Warning: GetSocketByName(torso_JNT): No SkeletalMesh for Component(CharacterMesh0) Actor(FirstPersonCharacter_C_0)
[2026.04.04-10.17.51:503][518]LogSkinnedMeshComp: Warning: GetSocketByName(torso_JNT): No SkeletalMesh for Component(CharacterMesh0) Actor(FirstPersonCharacter_C_0)
[2026.04.04-10.17.51:549][519]LogSkinnedMeshComp: Warning: GetSocketByName(torso_JNT): No SkeletalMesh for Component(CharacterMesh0) Actor(FirstPersonCharacter_C_0)
[2026.04.04-10.17.51:595][520]LogSkinnedMeshComp: Warning: GetSocketByName(torso_JNT): No SkeletalMesh for Component(CharacterMesh0) Actor(FirstPersonCharacter_C_0)
[2026.04.04-10.17.51:648][521]LogSkinnedMeshComp: Warning: GetSocketByName(torso_JNT): No SkeletalMesh for Component(CharacterMesh0) Actor(FirstPersonCharacter_C_0)
[2026.04.04-10.17.51:693][522]LogSkinnedMeshComp: Warning: GetSocketByName(torso_JNT): No SkeletalMesh for Component(CharacterMesh0) Actor(FirstPersonCharacter_C_0)
[2026.04.04-10.17.51:740][523]LogSkinnedMeshComp: Warning: GetSocketByName(torso_JNT): No SkeletalMesh for Component(CharacterMesh0) Actor(FirstPersonCharacter_C_0)
[2026.04.04-10.17.51:792][524]LogSkinnedMeshComp: Warning: GetSocketByName(torso_JNT): No SkeletalMesh for Component(CharacterMesh0) Actor(FirstPersonCharacter_C_0)
[2026.04.04-10.17.51:837][525]LogSkinnedMeshComp: Warning: GetSocketByName(torso_JNT): No SkeletalMesh for Component(CharacterMesh0) Actor(FirstPersonCharacter_C_0)
[2026.04.04-10.17.51:886][526]LogSkinnedMeshComp: Warning: GetSocketByName(torso_JNT): No SkeletalMesh for Component(CharacterMesh0) Actor(FirstPersonCharacter_C_0)
[2026.04.04-10.17.51:938][527]LogSkinnedMeshComp: Warning: GetSocketByName(torso_JNT): No SkeletalMesh for Component(CharacterMesh0) Actor(FirstPersonCharacter_C_0)
[2026.04.04-10.17.51:993][528]LogSkinnedMeshComp: Warning: GetSocketByName(torso_JNT): No SkeletalMesh for Component(CharacterMesh0) Actor(FirstPersonCharacter_C_0)
[2026.04.04-10.17.52:042][529]LogSkinnedMeshComp: Warning: GetSocketByName(torso_JNT): No SkeletalMesh for Component(CharacterMesh0) Actor(FirstPersonCharacter_C_0)
[2026.04.04-10.17.52:090][530]LogSkinnedMeshComp: Warning: GetSocketByName(torso_JNT): No SkeletalMesh for Component(CharacterMesh0) Actor(FirstPersonCharacter_C_0)
[2026.04.04-10.17.52:139][531]LogSkinnedMeshComp: Warning: GetSocketByName(torso_JNT): No SkeletalMesh for Component(CharacterMesh0) Actor(FirstPersonCharacter_C_0)
[2026.04.04-10.17.52:139][531]LogSkinnedMeshComp: Warning: GetSocketByName(torso_JNT): No SkeletalMesh for Component(CharacterMesh0) Actor(FirstPersonCharacter_C_0)
[2026.04.04-10.17.52:202][532]LogSkinnedMeshComp: Warning: GetSocketByName(torso_JNT): No SkeletalMesh for Component(CharacterMesh0) Actor(FirstPersonCharacter_C_0)
[2026.04.04-10.17.52:203][532]LogSkinnedMeshComp: Warning: GetSocketByName(torso_JNT): No SkeletalMesh for Component(CharacterMesh0) Actor(FirstPersonCharacter_C_0)
[2026.04.04-10.17.52:248][533]LogSkinnedMeshComp: Warning: GetSocketByName(torso_JNT): No SkeletalMesh for Component(CharacterMesh0) Actor(FirstPersonCharacter_C_0)
[2026.04.04-10.17.52:249][533]LogSkinnedMeshComp: Warning: GetSocketByName(torso_JNT): No SkeletalMesh for Component(CharacterMesh0) Actor(FirstPersonCharacter_C_0)
[2026.04.04-10.17.52:302][534]LogSkinnedMeshComp: Warning: GetSocketByName(torso_JNT): No SkeletalMesh for Component(CharacterMesh0) Actor(FirstPersonCharacter_C_0)
[2026.04.04-10.17.52:302][534]LogSkinnedMeshComp: Warning: GetSocketByName(torso_JNT): No SkeletalMesh for Component(CharacterMesh0) Actor(FirstPersonCharacter_C_0)
[2026.04.04-10.17.52:352][535]LogSkinnedMeshComp: Warning: GetSocketByName(torso_JNT): No SkeletalMesh for Component(CharacterMesh0) Actor(FirstPersonCharacter_C_0)
[2026.04.04-10.17.52:353][535]LogSkinnedMeshComp: Warning: GetSocketByName(torso_JNT): No SkeletalMesh for Component(CharacterMesh0) Actor(FirstPersonCharacter_C_0)
[2026.04.04-10.17.52:397][536]LogSkinnedMeshComp: Warning: GetSocketByName(torso_JNT): No SkeletalMesh for Component(CharacterMesh0) Actor(FirstPersonCharacter_C_0)
[2026.04.04-10.17.52:397][536]LogSkinnedMeshComp: Warning: GetSocketByName(torso_JNT): No SkeletalMesh for Component(CharacterMesh0) Actor(FirstPersonCharacter_C_0)
[2026.04.04-10.17.52:447][537]LogSkinnedMeshComp: Warning: GetSocketByName(torso_JNT): No SkeletalMesh for Component(CharacterMesh0) Actor(FirstPersonCharacter_C_0)
[2026.04.04-10.17.52:447][537]LogSkinnedMeshComp: Warning: GetSocketByName(torso_JNT): No SkeletalMesh for Component(CharacterMesh0) Actor(FirstPersonCharacter_C_0)
[2026.04.04-10.17.52:487][538]LogSkinnedMeshComp: Warning: GetSocketByName(torso_JNT): No SkeletalMesh for Component(CharacterMesh0) Actor(FirstPersonCharacter_C_0)
[2026.04.04-10.17.52:487][538]LogSkinnedMeshComp: Warning: GetSocketByName(torso_JNT): No SkeletalMesh for Component(CharacterMesh0) Actor(FirstPersonCharacter_C_0)
[2026.04.04-10.17.52:534][539]LogSkinnedMeshComp: Warning: GetSocketByName(torso_JNT): No SkeletalMesh for Component(CharacterMesh0) Actor(FirstPersonCharacter_C_0)
[2026.04.04-10.17.52:582][540]LogSkinnedMeshComp: Warning: GetSocketByName(torso_JNT): No SkeletalMesh for Component(CharacterMesh0) Actor(FirstPersonCharacter_C_0)
[2026.04.04-10.17.52:627][541]LogSkinnedMeshComp: Warning: GetSocketByName(torso_JNT): No SkeletalMesh for Component(CharacterMesh0) Actor(FirstPersonCharacter_C_0)
[2026.04.04-10.17.52:678][542]LogSkinnedMeshComp: Warning: GetSocketByName(torso_JNT): No SkeletalMesh for Component(CharacterMesh0) Actor(FirstPersonCharacter_C_0)
[2026.04.04-10.17.52:733][543]LogSkinnedMeshComp: Warning: GetSocketByName(torso_JNT): No SkeletalMesh for Component(CharacterMesh0) Actor(FirstPersonCharacter_C_0)
[2026.04.04-10.17.52:778][544]LogSkinnedMeshComp: Warning: GetSocketByName(torso_JNT): No SkeletalMesh for Component(CharacterMesh0) Actor(FirstPersonCharacter_C_0)
[2026.04.04-10.17.52:830][545]LogSkinnedMeshComp: Warning: GetSocketByName(torso_JNT): No SkeletalMesh for Component(CharacterMesh0) Actor(FirstPersonCharacter_C_0)
[2026.04.04-10.17.52:830][545]LogSkinnedMeshComp: Warning: GetSocketByName(torso_JNT): No SkeletalMesh for Component(CharacterMesh0) Actor(FirstPersonCharacter_C_0)
[2026.04.04-10.17.52:877][546]LogSkinnedMeshComp: Warning: GetSocketByName(torso_JNT): No SkeletalMesh for Component(CharacterMesh0) Actor(FirstPersonCharacter_C_0)
[2026.04.04-10.17.52:878][546]LogSkinnedMeshComp: Warning: GetSocketByName(torso_JNT): No SkeletalMesh for Component(CharacterMesh0) Actor(FirstPersonCharacter_C_0)
[2026.04.04-10.17.52:927][547]LogSkinnedMeshComp: Warning: GetSocketByName(torso_JNT): No SkeletalMesh for Component(CharacterMesh0) Actor(FirstPersonCharacter_C_0)
[2026.04.04-10.17.52:927][547]LogSkinnedMeshComp: Warning: GetSocketByName(torso_JNT): No SkeletalMesh for Component(CharacterMesh0) Actor(FirstPersonCharacter_C_0)
[2026.04.04-10.17.52:976][548]LogSkinnedMeshComp: Warning: GetSocketByName(torso_JNT): No SkeletalMesh for Component(CharacterMesh0) Actor(FirstPersonCharacter_C_0)
[2026.04.04-10.17.52:976][548]LogSkinnedMeshComp: Warning: GetSocketByName(torso_JNT): No SkeletalMesh for Component(CharacterMesh0) Actor(FirstPersonCharacter_C_0)
[2026.04.04-10.17.53:027][549]LogSkinnedMeshComp: Warning: GetSocketByName(torso_JNT): No SkeletalMesh for Component(CharacterMesh0) Actor(FirstPersonCharacter_C_0)
[2026.04.04-10.17.53:089][550]LogSkinnedMeshComp: Warning: GetSocketByName(torso_JNT): No SkeletalMesh for Component(CharacterMesh0) Actor(FirstPersonCharacter_C_0)
[2026.04.04-10.17.53:138][551]LogSkinnedMeshComp: Warning: GetSocketByName(torso_JNT): No SkeletalMesh for Component(CharacterMesh0) Actor(FirstPersonCharacter_C_0)
[2026.04.04-10.17.53:191][552]LogSkinnedMeshComp: Warning: GetSocketByName(torso_JNT): No SkeletalMesh for Component(CharacterMesh0) Actor(FirstPersonCharacter_C_0)
[2026.04.04-10.17.53:192][552]LogSkinnedMeshComp: Warning: GetSocketByName(torso_JNT): No SkeletalMesh for Component(CharacterMesh0) Actor(FirstPersonCharacter_C_0)
[2026.04.04-10.17.53:255][553]LogSkinnedMeshComp: Warning: GetSocketByName(torso_JNT): No SkeletalMesh for Component(CharacterMesh0) Actor(FirstPersonCharacter_C_0)
[2026.04.04-10.17.53:256][553]LogSkinnedMeshComp: Warning: GetSocketByName(torso_JNT): No SkeletalMesh for Component(CharacterMesh0) Actor(FirstPersonCharacter_C_0)
[2026.04.04-10.17.53:305][554]LogSkinnedMeshComp: Warning: GetSocketByName(torso_JNT): No SkeletalMesh for Component(CharacterMesh0) Actor(FirstPersonCharacter_C_0)
[2026.04.04-10.17.53:305][554]LogSkinnedMeshComp: Warning: GetSocketByName(torso_JNT): No SkeletalMesh for Component(CharacterMesh0) Actor(FirstPersonCharacter_C_0)
[2026.04.04-10.17.53:357][555]LogSkinnedMeshComp: Warning: GetSocketByName(torso_JNT): No SkeletalMesh for Component(CharacterMesh0) Actor(FirstPersonCharacter_C_0)
[2026.04.04-10.17.53:357][555]LogSkinnedMeshComp: Warning: GetSocketByName(torso_JNT): No SkeletalMesh for Component(CharacterMesh0) Actor(FirstPersonCharacter_C_0)
[2026.04.04-10.17.53:414][556]LogSkinnedMeshComp: Warning: GetSocketByName(torso_JNT): No SkeletalMesh for Component(CharacterMesh0) Actor(FirstPersonCharacter_C_0)
[2026.04.04-10.17.53:414][556]LogSkinnedMeshComp: Warning: GetSocketByName(torso_JNT): No SkeletalMesh for Component(CharacterMesh0) Actor(FirstPersonCharacter_C_0)
[2026.04.04-10.17.53:467][557]LogSkinnedMeshComp: Warning: GetSocketByName(torso_JNT): No SkeletalMesh for Component(CharacterMesh0) Actor(FirstPersonCharacter_C_0)
[2026.04.04-10.17.53:467][557]LogSkinnedMeshComp: Warning: GetSocketByName(torso_JNT): No SkeletalMesh for Component(CharacterMesh0) Actor(FirstPersonCharacter_C_0)
[2026.04.04-10.17.53:523][558]LogSkinnedMeshComp: Warning: GetSocketByName(torso_JNT): No SkeletalMesh for Component(CharacterMesh0) Actor(FirstPersonCharacter_C_0)
[2026.04.04-10.17.53:523][558]LogSkinnedMeshComp: Warning: GetSocketByName(torso_JNT): No SkeletalMesh for Component(CharacterMesh0) Actor(FirstPersonCharacter_C_0)
[2026.04.04-10.17.53:570][559]LogSkinnedMeshComp: Warning: GetSocketByName(torso_JNT): No SkeletalMesh for Component(CharacterMesh0) Actor(FirstPersonCharacter_C_0)
[2026.04.04-10.17.53:570][559]LogSkinnedMeshComp: Warning: GetSocketByName(torso_JNT): No SkeletalMesh for Component(CharacterMesh0) Actor(FirstPersonCharacter_C_0)
[2026.04.04-10.17.53:623][560]LogSkinnedMeshComp: Warning: GetSocketByName(torso_JNT): No SkeletalMesh for Component(CharacterMesh0) Actor(FirstPersonCharacter_C_0)
[2026.04.04-10.17.53:624][560]LogSkinnedMeshComp: Warning: GetSocketByName(torso_JNT): No SkeletalMesh for Component(CharacterMesh0) Actor(FirstPersonCharacter_C_0)
[2026.04.04-10.17.53:678][561]LogSkinnedMeshComp: Warning: GetSocketByName(torso_JNT): No SkeletalMesh for Component(CharacterMesh0) Actor(FirstPersonCharacter_C_0)
[2026.04.04-10.17.53:733][562]LogSkinnedMeshComp: Warning: GetSocketByName(torso_JNT): No SkeletalMesh for Component(CharacterMesh0) Actor(FirstPersonCharacter_C_0)
[2026.04.04-10.17.53:796][563]LogSkinnedMeshComp: Warning: GetSocketByName(torso_JNT): No SkeletalMesh for Component(CharacterMesh0) Actor(FirstPersonCharacter_C_0)
[2026.04.04-10.17.53:850][564]LogSkinnedMeshComp: Warning: GetSocketByName(torso_JNT): No SkeletalMesh for Component(CharacterMesh0) Actor(FirstPersonCharacter_C_0)
[2026.04.04-10.17.53:913][565]LogSkinnedMeshComp: Warning: GetSocketByName(torso_JNT): No SkeletalMesh for Component(CharacterMesh0) Actor(FirstPersonCharacter_C_0)
[2026.04.04-10.17.53:979][566]LogSkinnedMeshComp: Warning: GetSocketByName(torso_JNT): No SkeletalMesh for Component(CharacterMesh0) Actor(FirstPersonCharacter_C_0)
[2026.04.04-10.17.54:039][567]LogSkinnedMeshComp: Warning: GetSocketByName(torso_JNT): No SkeletalMesh for Component(CharacterMesh0) Actor(FirstPersonCharacter_C_0)
[2026.04.04-10.17.54:103][568]LogSkinnedMeshComp: Warning: GetSocketByName(torso_JNT): No SkeletalMesh for Component(CharacterMesh0) Actor(FirstPersonCharacter_C_0)
[2026.04.04-10.17.54:170][569]LogSkinnedMeshComp: Warning: GetSocketByName(torso_JNT): No SkeletalMesh for Component(CharacterMesh0) Actor(FirstPersonCharacter_C_0)
[2026.04.04-10.17.54:230][570]LogSkinnedMeshComp: Warning: GetSocketByName(torso_JNT): No SkeletalMesh for Component(CharacterMesh0) Actor(FirstPersonCharacter_C_0)
[2026.04.04-10.17.54:293][571]LogSkinnedMeshComp: Warning: GetSocketByName(torso_JNT): No SkeletalMesh for Component(CharacterMesh0) Actor(FirstPersonCharacter_C_0)
[2026.04.04-10.17.54:352][572]LogSkinnedMeshComp: Warning: GetSocketByName(torso_JNT): No SkeletalMesh for Component(CharacterMesh0) Actor(FirstPersonCharacter_C_0)
[2026.04.04-10.17.54:405][573]LogSkinnedMeshComp: Warning: GetSocketByName(torso_JNT): No SkeletalMesh for Component(CharacterMesh0) Actor(FirstPersonCharacter_C_0)
[2026.04.04-10.17.54:461][574]LogSkinnedMeshComp: Warning: GetSocketByName(torso_JNT): No SkeletalMesh for Component(CharacterMesh0) Actor(FirstPersonCharacter_C_0)
[2026.04.04-10.17.54:516][575]LogSkinnedMeshComp: Warning: GetSocketByName(torso_JNT): No SkeletalMesh for Component(CharacterMesh0) Actor(FirstPersonCharacter_C_0)
[2026.04.04-10.17.54:568][576]LogSkinnedMeshComp: Warning: GetSocketByName(torso_JNT): No SkeletalMesh for Component(CharacterMesh0) Actor(FirstPersonCharacter_C_0)
[2026.04.04-10.17.54:623][577]LogSkinnedMeshComp: Warning: GetSocketByName(torso_JNT): No SkeletalMesh for Component(CharacterMesh0) Actor(FirstPersonCharacter_C_0)
[2026.04.04-10.17.54:681][578]LogSkinnedMeshComp: Warning: GetSocketByName(torso_JNT): No SkeletalMesh for Component(CharacterMesh0) Actor(FirstPersonCharacter_C_0)
[2026.04.04-10.17.54:736][579]LogSkinnedMeshComp: Warning: GetSocketByName(torso_JNT): No SkeletalMesh for Component(CharacterMesh0) Actor(FirstPersonCharacter_C_0)
[2026.04.04-10.17.54:786][580]LogSkinnedMeshComp: Warning: GetSocketByName(torso_JNT): No SkeletalMesh for Component(CharacterMesh0) Actor(FirstPersonCharacter_C_0)
[2026.04.04-10.17.54:842][581]LogSkinnedMeshComp: Warning: GetSocketByName(torso_JNT): No SkeletalMesh for Component(CharacterMesh0) Actor(FirstPersonCharacter_C_0)
[2026.04.04-10.17.54:894][582]LogSkinnedMeshComp: Warning: GetSocketByName(torso_JNT): No SkeletalMesh for Component(CharacterMesh0) Actor(FirstPersonCharacter_C_0)
[2026.04.04-10.17.54:948][583]LogSkinnedMeshComp: Warning: GetSocketByName(torso_JNT): No SkeletalMesh for Component(CharacterMesh0) Actor(FirstPersonCharacter_C_0)
[2026.04.04-10.17.54:997][584]LogSkinnedMeshComp: Warning: GetSocketByName(torso_JNT): No SkeletalMesh for Component(CharacterMesh0) Actor(FirstPersonCharacter_C_0)
[2026.04.04-10.17.55:045][585]LogSkinnedMeshComp: Warning: GetSocketByName(torso_JNT): No SkeletalMesh for Component(CharacterMesh0) Actor(FirstPersonCharacter_C_0)
[2026.04.04-10.17.55:099][586]LogSkinnedMeshComp: Warning: GetSocketByName(torso_JNT): No SkeletalMesh for Component(CharacterMesh0) Actor(FirstPersonCharacter_C_0)
[2026.04.04-10.17.55:151][587]LogSkinnedMeshComp: Warning: GetSocketByName(torso_JNT): No SkeletalMesh for Component(CharacterMesh0) Actor(FirstPersonCharacter_C_0)
[2026.04.04-10.17.55:197][588]LogSkinnedMeshComp: Warning: GetSocketByName(torso_JNT): No SkeletalMesh for Component(CharacterMesh0) Actor(FirstPersonCharacter_C_0)
[2026.04.04-10.17.55:250][589]LogSkinnedMeshComp: Warning: GetSocketByName(torso_JNT): No SkeletalMesh for Component(CharacterMesh0) Actor(FirstPersonCharacter_C_0)
[2026.04.04-10.17.55:304][590]LogSkinnedMeshComp: Warning: GetSocketByName(torso_JNT): No SkeletalMesh for Component(CharacterMesh0) Actor(FirstPersonCharacter_C_0)
[2026.04.04-10.17.55:352][591]LogSkinnedMeshComp: Warning: GetSocketByName(torso_JNT): No SkeletalMesh for Component(CharacterMesh0) Actor(FirstPersonCharacter_C_0)
[2026.04.04-10.17.55:397][592]LogSkinnedMeshComp: Warning: GetSocketByName(torso_JNT): No SkeletalMesh for Component(CharacterMesh0) Actor(FirstPersonCharacter_C_0)
[2026.04.04-10.17.55:439][593]LogSkinnedMeshComp: Warning: GetSocketByName(torso_JNT): No SkeletalMesh for Component(CharacterMesh0) Actor(FirstPersonCharacter_C_0)
[2026.04.04-10.17.55:483][594]LogSkinnedMeshComp: Warning: GetSocketByName(torso_JNT): No SkeletalMesh for Component(CharacterMesh0) Actor(FirstPersonCharacter_C_0)
[2026.04.04-10.17.55:522][595]LogSkinnedMeshComp: Warning: GetSocketByName(torso_JNT): No SkeletalMesh for Component(CharacterMesh0) Actor(FirstPersonCharacter_C_0)
[2026.04.04-10.17.55:563][596]LogSkinnedMeshComp: Warning: GetSocketByName(torso_JNT): No SkeletalMesh for Component(CharacterMesh0) Actor(FirstPersonCharacter_C_0)
[2026.04.04-10.17.55:606][597]LogSkinnedMeshComp: Warning: GetSocketByName(torso_JNT): No SkeletalMesh for Component(CharacterMesh0) Actor(FirstPersonCharacter_C_0)
[2026.04.04-10.17.55:646][598]LogSkinnedMeshComp: Warning: GetSocketByName(torso_JNT): No SkeletalMesh for Component(CharacterMesh0) Actor(FirstPersonCharacter_C_0)
[2026.04.04-10.17.55:647][598]LogSkinnedMeshComp: Warning: GetSocketByName(torso_JNT): No SkeletalMesh for Component(CharacterMesh0) Actor(FirstPersonCharacter_C_0)
[2026.04.04-10.17.55:688][599]LogSkinnedMeshComp: Warning: GetSocketByName(torso_JNT): No SkeletalMesh for Component(CharacterMesh0) Actor(FirstPersonCharacter_C_0)
[2026.04.04-10.17.55:730][600]LogSkinnedMeshComp: Warning: GetSocketByName(torso_JNT): No SkeletalMesh for Component(CharacterMesh0) Actor(FirstPersonCharacter_C_0)
[2026.04.04-10.17.55:773][601]LogSkinnedMeshComp: Warning: GetSocketByName(torso_JNT): No SkeletalMesh for Component(CharacterMesh0) Actor(FirstPersonCharacter_C_0)
[2026.04.04-10.17.55:816][602]LogSkinnedMeshComp: Warning: GetSocketByName(torso_JNT): No SkeletalMesh for Component(CharacterMesh0) Actor(FirstPersonCharacter_C_0)
[2026.04.04-10.17.55:816][602]LogSkinnedMeshComp: Warning: GetSocketByName(torso_JNT): No SkeletalMesh for Component(CharacterMesh0) Actor(FirstPersonCharacter_C_0)
[2026.04.04-10.17.55:858][603]LogSkinnedMeshComp: Warning: GetSocketByName(torso_JNT): No SkeletalMesh for Component(CharacterMesh0) Actor(FirstPersonCharacter_C_0)
[2026.04.04-10.17.55:859][603]LogSkinnedMeshComp: Warning: GetSocketByName(torso_JNT): No SkeletalMesh for Component(CharacterMesh0) Actor(FirstPersonCharacter_C_0)
[2026.04.04-10.17.55:902][604]LogSkinnedMeshComp: Warning: GetSocketByName(torso_JNT): No SkeletalMesh for Component(CharacterMesh0) Actor(FirstPersonCharacter_C_0)
[2026.04.04-10.17.55:944][605]LogSkinnedMeshComp: Warning: GetSocketByName(torso_JNT): No SkeletalMesh for Component(CharacterMesh0) Actor(FirstPersonCharacter_C_0)
[2026.04.04-10.17.55:989][606]LogSkinnedMeshComp: Warning: GetSocketByName(torso_JNT): No SkeletalMesh for Component(CharacterMesh0) Actor(FirstPersonCharacter_C_0)
[2026.04.04-10.17.55:990][606]LogSkinnedMeshComp: Warning: GetSocketByName(torso_JNT): No SkeletalMesh for Component(CharacterMesh0) Actor(FirstPersonCharacter_C_0)
[2026.04.04-10.17.56:031][607]LogSkinnedMeshComp: Warning: GetSocketByName(torso_JNT): No SkeletalMesh for Component(CharacterMesh0) Actor(FirstPersonCharacter_C_0)
[2026.04.04-10.17.56:031][607]LogSkinnedMeshComp: Warning: GetSocketByName(torso_JNT): No SkeletalMesh for Component(CharacterMesh0) Actor(FirstPersonCharacter_C_0)
[2026.04.04-10.17.56:074][608]LogSkinnedMeshComp: Warning: GetSocketByName(torso_JNT): No SkeletalMesh for Component(CharacterMesh0) Actor(FirstPersonCharacter_C_0)
[2026.04.04-10.17.56:077][608]LogSkinnedMeshComp: Warning: GetSocketByName(torso_JNT): No SkeletalMesh for Component(CharacterMesh0) Actor(FirstPersonCharacter_C_0)
[2026.04.04-10.17.56:118][609]LogSkinnedMeshComp: Warning: GetSocketByName(torso_JNT): No SkeletalMesh for Component(CharacterMesh0) Actor(FirstPersonCharacter_C_0)
[2026.04.04-10.17.56:119][609]LogSkinnedMeshComp: Warning: GetSocketByName(torso_JNT): No SkeletalMesh for Component(CharacterMesh0) Actor(FirstPersonCharacter_C_0)
[2026.04.04-10.17.56:160][610]LogSkinnedMeshComp: Warning: GetSocketByName(torso_JNT): No SkeletalMesh for Component(CharacterMesh0) Actor(FirstPersonCharacter_C_0)
[2026.04.04-10.17.56:161][610]LogSkinnedMeshComp: Warning: GetSocketByName(torso_JNT): No SkeletalMesh for Component(CharacterMesh0) Actor(FirstPersonCharacter_C_0)
[2026.04.04-10.17.56:201][611]LogSkinnedMeshComp: Warning: GetSocketByName(torso_JNT): No SkeletalMesh for Component(CharacterMesh0) Actor(FirstPersonCharacter_C_0)
[2026.04.04-10.17.56:247][612]LogSkinnedMeshComp: Warning: GetSocketByName(torso_JNT): No SkeletalMesh for Component(CharacterMesh0) Actor(FirstPersonCharacter_C_0)
[2026.04.04-10.17.56:289][613]LogSkinnedMeshComp: Warning: GetSocketByName(torso_JNT): No SkeletalMesh for Component(CharacterMesh0) Actor(FirstPersonCharacter_C_0)
[2026.04.04-10.17.56:347][614]LogSkinnedMeshComp: Warning: GetSocketByName(torso_JNT): No SkeletalMesh for Component(CharacterMesh0) Actor(FirstPersonCharacter_C_0)
[2026.04.04-10.17.56:395][615]LogSkinnedMeshComp: Warning: GetSocketByName(torso_JNT): No SkeletalMesh for Component(CharacterMesh0) Actor(FirstPersonCharacter_C_0)
[2026.04.04-10.17.56:440][616]LogSkinnedMeshComp: Warning: GetSocketByName(torso_JNT): No SkeletalMesh for Component(CharacterMesh0) Actor(FirstPersonCharacter_C_0)
[2026.04.04-10.17.56:487][617]LogSkinnedMeshComp: Warning: GetSocketByName(torso_JNT): No SkeletalMesh for Component(CharacterMesh0) Actor(FirstPersonCharacter_C_0)
[2026.04.04-10.17.56:526][618]LogSkinnedMeshComp: Warning: GetSocketByName(torso_JNT): No SkeletalMesh for Component(CharacterMesh0) Actor(FirstPersonCharacter_C_0)
[2026.04.04-10.17.56:565][619]LogSkinnedMeshComp: Warning: GetSocketByName(torso_JNT): No SkeletalMesh for Component(CharacterMesh0) Actor(FirstPersonCharacter_C_0)
[2026.04.04-10.17.56:621][620]LogSkinnedMeshComp: Warning: GetSocketByName(torso_JNT): No SkeletalMesh for Component(CharacterMesh0) Actor(FirstPersonCharacter_C_0)
[2026.04.04-10.17.56:664][621]LogSkinnedMeshComp: Warning: GetSocketByName(torso_JNT): No SkeletalMesh for Component(CharacterMesh0) Actor(FirstPersonCharacter_C_0)
[2026.04.04-10.17.56:707][622]LogSkinnedMeshComp: Warning: GetSocketByName(torso_JNT): No SkeletalMesh for Component(CharacterMesh0) Actor(FirstPersonCharacter_C_0)
[2026.04.04-10.17.56:760][623]LogSkinnedMeshComp: Warning: GetSocketByName(torso_JNT): No SkeletalMesh for Component(CharacterMesh0) Actor(FirstPersonCharacter_C_0)
[2026.04.04-10.17.56:760][623]LogSkinnedMeshComp: Warning: GetSocketByName(torso_JNT): No SkeletalMesh for Component(CharacterMesh0) Actor(FirstPersonCharacter_C_0)
[2026.04.04-10.17.56:797][624]LogSkinnedMeshComp: Warning: GetSocketByName(torso_JNT): No SkeletalMesh for Component(CharacterMesh0) Actor(FirstPersonCharacter_C_0)
[2026.04.04-10.17.56:799][624]LogSkinnedMeshComp: Warning: GetSocketByName(torso_JNT): No SkeletalMesh for Component(CharacterMesh0) Actor(FirstPersonCharacter_C_0)
[2026.04.04-10.17.56:831][625]LogSkinnedMeshComp: Warning: GetSocketByName(torso_JNT): No SkeletalMesh for Component(CharacterMesh0) Actor(FirstPersonCharacter_C_0)
[2026.04.04-10.17.56:868][626]LogSkinnedMeshComp: Warning: GetSocketByName(torso_JNT): No SkeletalMesh for Component(CharacterMesh0) Actor(FirstPersonCharacter_C_0)
[2026.04.04-10.17.56:905][627]LogSkinnedMeshComp: Warning: GetSocketByName(torso_JNT): No SkeletalMesh for Component(CharacterMesh0) Actor(FirstPersonCharacter_C_0)
[2026.04.04-10.17.56:948][628]LogSkinnedMeshComp: Warning: GetSocketByName(torso_JNT): No SkeletalMesh for Component(CharacterMesh0) Actor(FirstPersonCharacter_C_0)
[2026.04.04-10.17.56:985][629]LogSkinnedMeshComp: Warning: GetSocketByName(torso_JNT): No SkeletalMesh for Component(CharacterMesh0) Actor(FirstPersonCharacter_C_0)
[2026.04.04-10.17.57:029][630]LogSkinnedMeshComp: Warning: GetSocketByName(torso_JNT): No SkeletalMesh for Component(CharacterMesh0) Actor(FirstPersonCharacter_C_0)
[2026.04.04-10.17.57:030][630]LogSkinnedMeshComp: Warning: GetSocketByName(torso_JNT): No SkeletalMesh for Component(CharacterMesh0) Actor(FirstPersonCharacter_C_0)
[2026.04.04-10.17.57:063][631]LogSkinnedMeshComp: Warning: GetSocketByName(torso_JNT): No SkeletalMesh for Component(CharacterMesh0) Actor(FirstPersonCharacter_C_0)
[2026.04.04-10.17.57:063][631]LogSkinnedMeshComp: Warning: GetSocketByName(torso_JNT): No SkeletalMesh for Component(CharacterMesh0) Actor(FirstPersonCharacter_C_0)
[2026.04.04-10.17.57:098][632]LogSkinnedMeshComp: Warning: GetSocketByName(torso_JNT): No SkeletalMesh for Component(CharacterMesh0) Actor(FirstPersonCharacter_C_0)
[2026.04.04-10.17.57:099][632]LogSkinnedMeshComp: Warning: GetSocketByName(torso_JNT): No SkeletalMesh for Component(CharacterMesh0) Actor(FirstPersonCharacter_C_0)
[2026.04.04-10.17.57:138][633]LogSkinnedMeshComp: Warning: GetSocketByName(torso_JNT): No SkeletalMesh for Component(CharacterMesh0) Actor(FirstPersonCharacter_C_0)
[2026.04.04-10.17.57:139][633]LogSkinnedMeshComp: Warning: GetSocketByName(torso_JNT): No SkeletalMesh for Component(CharacterMesh0) Actor(FirstPersonCharacter_C_0)
[2026.04.04-10.17.57:175][634]LogSkinnedMeshComp: Warning: GetSocketByName(torso_JNT): No SkeletalMesh for Component(CharacterMesh0) Actor(FirstPersonCharacter_C_0)
[2026.04.04-10.17.57:176][634]LogSkinnedMeshComp: Warning: GetSocketByName(torso_JNT): No SkeletalMesh for Component(CharacterMesh0) Actor(FirstPersonCharacter_C_0)
[2026.04.04-10.17.57:212][635]LogSkinnedMeshComp: Warning: GetSocketByName(torso_JNT): No SkeletalMesh for Component(CharacterMesh0) Actor(FirstPersonCharacter_C_0)
[2026.04.04-10.17.57:213][635]LogSkinnedMeshComp: Warning: GetSocketByName(torso_JNT): No SkeletalMesh for Component(CharacterMesh0) Actor(FirstPersonCharacter_C_0)
[2026.04.04-10.17.57:266][636]LogSkinnedMeshComp: Warning: GetSocketByName(torso_JNT): No SkeletalMesh for Component(CharacterMesh0) Actor(FirstPersonCharacter_C_0)
[2026.04.04-10.17.57:267][636]LogSkinnedMeshComp: Warning: GetSocketByName(torso_JNT): No SkeletalMesh for Component(CharacterMesh0) Actor(FirstPersonCharacter_C_0)
[2026.04.04-10.17.57:308][637]LogSkinnedMeshComp: Warning: GetSocketByName(torso_JNT): No SkeletalMesh for Component(CharacterMesh0) Actor(FirstPersonCharacter_C_0)
[2026.04.04-10.17.57:345][638]LogSkinnedMeshComp: Warning: GetSocketByName(torso_JNT): No SkeletalMesh for Component(CharacterMesh0) Actor(FirstPersonCharacter_C_0)
[2026.04.04-10.17.57:392][639]LogSkinnedMeshComp: Warning: GetSocketByName(torso_JNT): No SkeletalMesh for Component(CharacterMesh0) Actor(FirstPersonCharacter_C_0)
[2026.04.04-10.17.57:437][640]LogSkinnedMeshComp: Warning: GetSocketByName(torso_JNT): No SkeletalMesh for Component(CharacterMesh0) Actor(FirstPersonCharacter_C_0)
[2026.04.04-10.17.57:495][641]LogSkinnedMeshComp: Warning: GetSocketByName(torso_JNT): No SkeletalMesh for Component(CharacterMesh0) Actor(FirstPersonCharacter_C_0)
[2026.04.04-10.17.57:546][642]LogSkinnedMeshComp: Warning: GetSocketByName(torso_JNT): No SkeletalMesh for Component(CharacterMesh0) Actor(FirstPersonCharacter_C_0)
[2026.04.04-10.17.57:547][642]LogSkinnedMeshComp: Warning: GetSocketByName(torso_JNT): No SkeletalMesh for Component(CharacterMesh0) Actor(FirstPersonCharacter_C_0)
[2026.04.04-10.17.57:594][643]LogSkinnedMeshComp: Warning: GetSocketByName(torso_JNT): No SkeletalMesh for Component(CharacterMesh0) Actor(FirstPersonCharacter_C_0)
[2026.04.04-10.17.57:594][643]LogSkinnedMeshComp: Warning: GetSocketByName(torso_JNT): No SkeletalMesh for Component(CharacterMesh0) Actor(FirstPersonCharacter_C_0)
[2026.04.04-10.17.57:641][644]LogSkinnedMeshComp: Warning: GetSocketByName(torso_JNT): No SkeletalMesh for Component(CharacterMesh0) Actor(FirstPersonCharacter_C_0)
[2026.04.04-10.17.57:642][644]LogSkinnedMeshComp: Warning: GetSocketByName(torso_JNT): No SkeletalMesh for Component(CharacterMesh0) Actor(FirstPersonCharacter_C_0)
[2026.04.04-10.17.57:688][645]LogSkinnedMeshComp: Warning: GetSocketByName(torso_JNT): No SkeletalMesh for Component(CharacterMesh0) Actor(FirstPersonCharacter_C_0)
[2026.04.04-10.17.57:688][645]LogSkinnedMeshComp: Warning: GetSocketByName(torso_JNT): No SkeletalMesh for Component(CharacterMesh0) Actor(FirstPersonCharacter_C_0)
[2026.04.04-10.17.57:734][646]LogSkinnedMeshComp: Warning: GetSocketByName(torso_JNT): No SkeletalMesh for Component(CharacterMesh0) Actor(FirstPersonCharacter_C_0)
[2026.04.04-10.17.57:734][646]LogSkinnedMeshComp: Warning: GetSocketByName(torso_JNT): No SkeletalMesh for Component(CharacterMesh0) Actor(FirstPersonCharacter_C_0)
[2026.04.04-10.17.57:783][647]LogSkinnedMeshComp: Warning: GetSocketByName(torso_JNT): No SkeletalMesh for Component(CharacterMesh0) Actor(FirstPersonCharacter_C_0)
[2026.04.04-10.17.57:783][647]LogSkinnedMeshComp: Warning: GetSocketByName(torso_JNT): No SkeletalMesh for Component(CharacterMesh0) Actor(FirstPersonCharacter_C_0)
[2026.04.04-10.17.57:833][648]LogSkinnedMeshComp: Warning: GetSocketByName(torso_JNT): No SkeletalMesh for Component(CharacterMesh0) Actor(FirstPersonCharacter_C_0)
[2026.04.04-10.17.57:833][648]LogSkinnedMeshComp: Warning: GetSocketByName(torso_JNT): No SkeletalMesh for Component(CharacterMesh0) Actor(FirstPersonCharacter_C_0)
[2026.04.04-10.17.57:882][649]LogSkinnedMeshComp: Warning: GetSocketByName(torso_JNT): No SkeletalMesh for Component(CharacterMesh0) Actor(FirstPersonCharacter_C_0)
[2026.04.04-10.17.57:882][649]LogSkinnedMeshComp: Warning: GetSocketByName(torso_JNT): No SkeletalMesh for Component(CharacterMesh0) Actor(FirstPersonCharacter_C_0)
[2026.04.04-10.17.57:934][650]LogSkinnedMeshComp: Warning: GetSocketByName(torso_JNT): No SkeletalMesh for Component(CharacterMesh0) Actor(FirstPersonCharacter_C_0)
[2026.04.04-10.17.57:935][650]LogSkinnedMeshComp: Warning: GetSocketByName(torso_JNT): No SkeletalMesh for Component(CharacterMesh0) Actor(FirstPersonCharacter_C_0)
[2026.04.04-10.17.57:987][651]LogSkinnedMeshComp: Warning: GetSocketByName(torso_JNT): No SkeletalMesh for Component(CharacterMesh0) Actor(FirstPersonCharacter_C_0)
[2026.04.04-10.17.58:040][652]LogSkinnedMeshComp: Warning: GetSocketByName(torso_JNT): No SkeletalMesh for Component(CharacterMesh0) Actor(FirstPersonCharacter_C_0)
[2026.04.04-10.17.58:097][653]LogSkinnedMeshComp: Warning: GetSocketByName(torso_JNT): No SkeletalMesh for Component(CharacterMesh0) Actor(FirstPersonCharacter_C_0)
[2026.04.04-10.17.58:143][654]LogSkinnedMeshComp: Warning: GetSocketByName(torso_JNT): No SkeletalMesh for Component(CharacterMesh0) Actor(FirstPersonCharacter_C_0)
[2026.04.04-10.17.58:198][655]LogSkinnedMeshComp: Warning: GetSocketByName(torso_JNT): No SkeletalMesh for Component(CharacterMesh0) Actor(FirstPersonCharacter_C_0)
[2026.04.04-10.17.58:245][656]LogSkinnedMeshComp: Warning: GetSocketByName(torso_JNT): No SkeletalMesh for Component(CharacterMesh0) Actor(FirstPersonCharacter_C_0)
[2026.04.04-10.17.58:246][656]LogSkinnedMeshComp: Warning: GetSocketByName(torso_JNT): No SkeletalMesh for Component(CharacterMesh0) Actor(FirstPersonCharacter_C_0)
[2026.04.04-10.17.58:299][657]LogSkinnedMeshComp: Warning: GetSocketByName(torso_JNT): No SkeletalMesh for Component(CharacterMesh0) Actor(FirstPersonCharacter_C_0)
[2026.04.04-10.17.58:300][657]LogSkinnedMeshComp: Warning: GetSocketByName(torso_JNT): No SkeletalMesh for Component(CharacterMesh0) Actor(FirstPersonCharacter_C_0)
[2026.04.04-10.17.58:357][658]LogSkinnedMeshComp: Warning: GetSocketByName(torso_JNT): No SkeletalMesh for Component(CharacterMesh0) Actor(FirstPersonCharacter_C_0)
[2026.04.04-10.17.58:357][658]LogSkinnedMeshComp: Warning: GetSocketByName(torso_JNT): No SkeletalMesh for Component(CharacterMesh0) Actor(FirstPersonCharacter_C_0)
[2026.04.04-10.17.58:403][659]LogSkinnedMeshComp: Warning: GetSocketByName(torso_JNT): No SkeletalMesh for Component(CharacterMesh0) Actor(FirstPersonCharacter_C_0)
[2026.04.04-10.17.58:403][659]LogSkinnedMeshComp: Warning: GetSocketByName(torso_JNT): No SkeletalMesh for Component(CharacterMesh0) Actor(FirstPersonCharacter_C_0)
[2026.04.04-10.17.58:463][660]LogSkinnedMeshComp: Warning: GetSocketByName(torso_JNT): No SkeletalMesh for Component(CharacterMesh0) Actor(FirstPersonCharacter_C_0)
[2026.04.04-10.17.58:463][660]LogSkinnedMeshComp: Warning: GetSocketByName(torso_JNT): No SkeletalMesh for Component(CharacterMesh0) Actor(FirstPersonCharacter_C_0)
[2026.04.04-10.17.58:511][661]LogSkinnedMeshComp: Warning: GetSocketByName(torso_JNT): No SkeletalMesh for Component(CharacterMesh0) Actor(FirstPersonCharacter_C_0)
[2026.04.04-10.17.58:512][661]LogSkinnedMeshComp: Warning: GetSocketByName(torso_JNT): No SkeletalMesh for Component(CharacterMesh0) Actor(FirstPersonCharacter_C_0)
[2026.04.04-10.17.58:564][662]LogSkinnedMeshComp: Warning: GetSocketByName(torso_JNT): No SkeletalMesh for Component(CharacterMesh0) Actor(FirstPersonCharacter_C_0)
[2026.04.04-10.17.58:629][663]LogSkinnedMeshComp: Warning: GetSocketByName(torso_JNT): No SkeletalMesh for Component(CharacterMesh0) Actor(FirstPersonCharacter_C_0)
[2026.04.04-10.17.58:666][664]LogSkinnedMeshComp: Warning: GetSocketByName(torso_JNT): No SkeletalMesh for Component(CharacterMesh0) Actor(FirstPersonCharacter_C_0)
[2026.04.04-10.17.58:713][665]LogSkinnedMeshComp: Warning: GetSocketByName(torso_JNT): No SkeletalMesh for Component(CharacterMesh0) Actor(FirstPersonCharacter_C_0)
[2026.04.04-10.17.58:758][666]LogSkinnedMeshComp: Warning: GetSocketByName(torso_JNT): No SkeletalMesh for Component(CharacterMesh0) Actor(FirstPersonCharacter_C_0)
[2026.04.04-10.17.58:802][667]LogSkinnedMeshComp: Warning: GetSocketByName(torso_JNT): No SkeletalMesh for Component(CharacterMesh0) Actor(FirstPersonCharacter_C_0)
[2026.04.04-10.17.58:851][668]LogSkinnedMeshComp: Warning: GetSocketByName(torso_JNT): No SkeletalMesh for Component(CharacterMesh0) Actor(FirstPersonCharacter_C_0)
[2026.04.04-10.17.58:889][669]LogSkinnedMeshComp: Warning: GetSocketByName(torso_JNT): No SkeletalMesh for Component(CharacterMesh0) Actor(FirstPersonCharacter_C_0)
[2026.04.04-10.17.58:889][669]LogSkinnedMeshComp: Warning: GetSocketByName(torso_JNT): No SkeletalMesh for Component(CharacterMesh0) Actor(FirstPersonCharacter_C_0)
[2026.04.04-10.17.58:931][670]LogSkinnedMeshComp: Warning: GetSocketByName(torso_JNT): No SkeletalMesh for Component(CharacterMesh0) Actor(FirstPersonCharacter_C_0)
[2026.04.04-10.17.58:931][670]LogSkinnedMeshComp: Warning: GetSocketByName(torso_JNT): No SkeletalMesh for Component(CharacterMesh0) Actor(FirstPersonCharacter_C_0)
[2026.04.04-10.17.58:974][671]LogSkinnedMeshComp: Warning: GetSocketByName(torso_JNT): No SkeletalMesh for Component(CharacterMesh0) Actor(FirstPersonCharacter_C_0)
[2026.04.04-10.17.58:975][671]LogSkinnedMeshComp: Warning: GetSocketByName(torso_JNT): No SkeletalMesh for Component(CharacterMesh0) Actor(FirstPersonCharacter_C_0)
[2026.04.04-10.17.59:014][672]LogSkinnedMeshComp: Warning: GetSocketByName(torso_JNT): No SkeletalMesh for Component(CharacterMesh0) Actor(FirstPersonCharacter_C_0)
[2026.04.04-10.17.59:014][672]LogSkinnedMeshComp: Warning: GetSocketByName(torso_JNT): No SkeletalMesh for Component(CharacterMesh0) Actor(FirstPersonCharacter_C_0)
[2026.04.04-10.17.59:053][673]LogSkinnedMeshComp: Warning: GetSocketByName(torso_JNT): No SkeletalMesh for Component(CharacterMesh0) Actor(FirstPersonCharacter_C_0)
[2026.04.04-10.17.59:098][674]LogSkinnedMeshComp: Warning: GetSocketByName(torso_JNT): No SkeletalMesh for Component(CharacterMesh0) Actor(FirstPersonCharacter_C_0)
[2026.04.04-10.17.59:134][675]LogSkinnedMeshComp: Warning: GetSocketByName(torso_JNT): No SkeletalMesh for Component(CharacterMesh0) Actor(FirstPersonCharacter_C_0)
[2026.04.04-10.17.59:171][676]LogSkinnedMeshComp: Warning: GetSocketByName(torso_JNT): No SkeletalMesh for Component(CharacterMesh0) Actor(FirstPersonCharacter_C_0)
[2026.04.04-10.17.59:214][677]LogSkinnedMeshComp: Warning: GetSocketByName(torso_JNT): No SkeletalMesh for Component(CharacterMesh0) Actor(FirstPersonCharacter_C_0)
[2026.04.04-10.17.59:253][678]LogSkinnedMeshComp: Warning: GetSocketByName(torso_JNT): No SkeletalMesh for Component(CharacterMesh0) Actor(FirstPersonCharacter_C_0)
[2026.04.04-10.17.59:293][679]LogSkinnedMeshComp: Warning: GetSocketByName(torso_JNT): No SkeletalMesh for Component(CharacterMesh0) Actor(FirstPersonCharacter_C_0)
[2026.04.04-10.17.59:333][680]LogSkinnedMeshComp: Warning: GetSocketByName(torso_JNT): No SkeletalMesh for Component(CharacterMesh0) Actor(FirstPersonCharacter_C_0)
[2026.04.04-10.17.59:371][681]LogSkinnedMeshComp: Warning: GetSocketByName(torso_JNT): No SkeletalMesh for Component(CharacterMesh0) Actor(FirstPersonCharacter_C_0)
[2026.04.04-10.17.59:415][682]LogSkinnedMeshComp: Warning: GetSocketByName(torso_JNT): No SkeletalMesh for Component(CharacterMesh0) Actor(FirstPersonCharacter_C_0)
[2026.04.04-10.17.59:448][683]LogSkinnedMeshComp: Warning: GetSocketByName(torso_JNT): No SkeletalMesh for Component(CharacterMesh0) Actor(FirstPersonCharacter_C_0)
[2026.04.04-10.17.59:483][684]LogSkinnedMeshComp: Warning: GetSocketByName(torso_JNT): No SkeletalMesh for Component(CharacterMesh0) Actor(FirstPersonCharacter_C_0)
[2026.04.04-10.17.59:522][685]LogSkinnedMeshComp: Warning: GetSocketByName(torso_JNT): No SkeletalMesh for Component(CharacterMesh0) Actor(FirstPersonCharacter_C_0)
[2026.04.04-10.17.59:561][686]LogSkinnedMeshComp: Warning: GetSocketByName(torso_JNT): No SkeletalMesh for Component(CharacterMesh0) Actor(FirstPersonCharacter_C_0)
[2026.04.04-10.17.59:596][687]LogSkinnedMeshComp: Warning: GetSocketByName(torso_JNT): No SkeletalMesh for Component(CharacterMesh0) Actor(FirstPersonCharacter_C_0)
[2026.04.04-10.17.59:597][687]LogSkinnedMeshComp: Warning: GetSocketByName(torso_JNT): No SkeletalMesh for Component(CharacterMesh0) Actor(FirstPersonCharacter_C_0)
[2026.04.04-10.17.59:628][688]LogSkinnedMeshComp: Warning: GetSocketByName(torso_JNT): No SkeletalMesh for Component(CharacterMesh0) Actor(FirstPersonCharacter_C_0)
[2026.04.04-10.17.59:629][688]LogSkinnedMeshComp: Warning: GetSocketByName(torso_JNT): No SkeletalMesh for Component(CharacterMesh0) Actor(FirstPersonCharacter_C_0)
[2026.04.04-10.17.59:670][689]LogSkinnedMeshComp: Warning: GetSocketByName(torso_JNT): No SkeletalMesh for Component(CharacterMesh0) Actor(FirstPersonCharacter_C_0)
[2026.04.04-10.17.59:671][689]LogSkinnedMeshComp: Warning: GetSocketByName(torso_JNT): No SkeletalMesh for Component(CharacterMesh0) Actor(FirstPersonCharacter_C_0)
[2026.04.04-10.17.59:712][690]LogSkinnedMeshComp: Warning: GetSocketByName(torso_JNT): No SkeletalMesh for Component(CharacterMesh0) Actor(FirstPersonCharacter_C_0)
[2026.04.04-10.17.59:714][690]LogSkinnedMeshComp: Warning: GetSocketByName(torso_JNT): No SkeletalMesh for Component(CharacterMesh0) Actor(FirstPersonCharacter_C_0)
[2026.04.04-10.17.59:753][691]LogSkinnedMeshComp: Warning: GetSocketByName(torso_JNT): No SkeletalMesh for Component(CharacterMesh0) Actor(FirstPersonCharacter_C_0)
[2026.04.04-10.17.59:753][691]LogSkinnedMeshComp: Warning: GetSocketByName(torso_JNT): No SkeletalMesh for Component(CharacterMesh0) Actor(FirstPersonCharacter_C_0)
[2026.04.04-10.17.59:783][692]LogSkinnedMeshComp: Warning: GetSocketByName(torso_JNT): No SkeletalMesh for Component(CharacterMesh0) Actor(FirstPersonCharacter_C_0)
[2026.04.04-10.17.59:816][693]LogSkinnedMeshComp: Warning: GetSocketByName(torso_JNT): No SkeletalMesh for Component(CharacterMesh0) Actor(FirstPersonCharacter_C_0)
[2026.04.04-10.17.59:852][694]LogSkinnedMeshComp: Warning: GetSocketByName(torso_JNT): No SkeletalMesh for Component(CharacterMesh0) Actor(FirstPersonCharacter_C_0)
[2026.04.04-10.17.59:886][695]LogSkinnedMeshComp: Warning: GetSocketByName(torso_JNT): No SkeletalMesh for Component(CharacterMesh0) Actor(FirstPersonCharacter_C_0)
[2026.04.04-10.17.59:925][696]LogSkinnedMeshComp: Warning: GetSocketByName(torso_JNT): No SkeletalMesh for Component(CharacterMesh0) Actor(FirstPersonCharacter_C_0)
[2026.04.04-10.17.59:963][697]LogSkinnedMeshComp: Warning: GetSocketByName(torso_JNT): No SkeletalMesh for Component(CharacterMesh0) Actor(FirstPersonCharacter_C_0)
[2026.04.04-10.18.00:003][698]LogSkinnedMeshComp: Warning: GetSocketByName(torso_JNT): No SkeletalMesh for Component(CharacterMesh0) Actor(FirstPersonCharacter_C_0)
[2026.04.04-10.18.00:085][700]LogSkinnedMeshComp: Warning: GetSocketByName(torso_JNT): No SkeletalMesh for Component(CharacterMesh0) Actor(FirstPersonCharacter_C_0)
[2026.04.04-10.18.00:126][701]LogSkinnedMeshComp: Warning: GetSocketByName(torso_JNT): No SkeletalMesh for Component(CharacterMesh0) Actor(FirstPersonCharacter_C_0)
[2026.04.04-10.18.00:202][703]LogSkinnedMeshComp: Warning: GetSocketByName(torso_JNT): No SkeletalMesh for Component(CharacterMesh0) Actor(FirstPersonCharacter_C_0)
[2026.04.04-10.18.00:249][704]LogSkinnedMeshComp: Warning: GetSocketByName(torso_JNT): No SkeletalMesh for Component(CharacterMesh0) Actor(FirstPersonCharacter_C_0)
[2026.04.04-10.18.00:293][705]LogSkinnedMeshComp: Warning: GetSocketByName(torso_JNT): No SkeletalMesh for Component(CharacterMesh0) Actor(FirstPersonCharacter_C_0)
[2026.04.04-10.18.00:293][705]LogSkinnedMeshComp: Warning: GetSocketByName(torso_JNT): No SkeletalMesh for Component(CharacterMesh0) Actor(FirstPersonCharacter_C_0)
[2026.04.04-10.18.00:327][706]LogSkinnedMeshComp: Warning: GetSocketByName(torso_JNT): No SkeletalMesh for Component(CharacterMesh0) Actor(FirstPersonCharacter_C_0)
[2026.04.04-10.18.00:327][706]LogSkinnedMeshComp: Warning: GetSocketByName(torso_JNT): No SkeletalMesh for Component(CharacterMesh0) Actor(FirstPersonCharacter_C_0)
[2026.04.04-10.18.00:361][707]LogSkinnedMeshComp: Warning: GetSocketByName(torso_JNT): No SkeletalMesh for Component(CharacterMesh0) Actor(FirstPersonCharacter_C_0)
[2026.04.04-10.18.00:362][707]LogSkinnedMeshComp: Warning: GetSocketByName(torso_JNT): No SkeletalMesh for Component(CharacterMesh0) Actor(FirstPersonCharacter_C_0)
[2026.04.04-10.18.00:398][708]LogSkinnedMeshComp: Warning: GetSocketByName(torso_JNT): No SkeletalMesh for Component(CharacterMesh0) Actor(FirstPersonCharacter_C_0)
[2026.04.04-10.18.00:398][708]LogSkinnedMeshComp: Warning: GetSocketByName(torso_JNT): No SkeletalMesh for Component(CharacterMesh0) Actor(FirstPersonCharacter_C_0)
[2026.04.04-10.18.00:434][709]LogSkinnedMeshComp: Warning: GetSocketByName(torso_JNT): No SkeletalMesh for Component(CharacterMesh0) Actor(FirstPersonCharacter_C_0)
[2026.04.04-10.18.00:465][710]LogSkinnedMeshComp: Warning: GetSocketByName(torso_JNT): No SkeletalMesh for Component(CharacterMesh0) Actor(FirstPersonCharacter_C_0)
[2026.04.04-10.18.00:466][710]LogSkinnedMeshComp: Warning: GetSocketByName(torso_JNT): No SkeletalMesh for Component(CharacterMesh0) Actor(FirstPersonCharacter_C_0)
[2026.04.04-10.18.00:500][711]LogSkinnedMeshComp: Warning: GetSocketByName(torso_JNT): No SkeletalMesh for Component(CharacterMesh0) Actor(FirstPersonCharacter_C_0)
[2026.04.04-10.18.00:500][711]LogSkinnedMeshComp: Warning: GetSocketByName(torso_JNT): No SkeletalMesh for Component(CharacterMesh0) Actor(FirstPersonCharacter_C_0)
[2026.04.04-10.18.00:536][712]LogSkinnedMeshComp: Warning: GetSocketByName(torso_JNT): No SkeletalMesh for Component(CharacterMesh0) Actor(FirstPersonCharacter_C_0)
[2026.04.04-10.18.00:536][712]LogSkinnedMeshComp: Warning: GetSocketByName(torso_JNT): No SkeletalMesh for Component(CharacterMesh0) Actor(FirstPersonCharacter_C_0)
[2026.04.04-10.18.00:577][713]LogSkinnedMeshComp: Warning: GetSocketByName(torso_JNT): No SkeletalMesh for Component(CharacterMesh0) Actor(FirstPersonCharacter_C_0)
[2026.04.04-10.18.00:577][713]LogSkinnedMeshComp: Warning: GetSocketByName(torso_JNT): No SkeletalMesh for Component(CharacterMesh0) Actor(FirstPersonCharacter_C_0)
[2026.04.04-10.18.00:610][714]LogSkinnedMeshComp: Warning: GetSocketByName(torso_JNT): No SkeletalMesh for Component(CharacterMesh0) Actor(FirstPersonCharacter_C_0)
[2026.04.04-10.18.00:647][715]LogSkinnedMeshComp: Warning: GetSocketByName(torso_JNT): No SkeletalMesh for Component(CharacterMesh0) Actor(FirstPersonCharacter_C_0)
[2026.04.04-10.18.00:648][715]LogSkinnedMeshComp: Warning: GetSocketByName(torso_JNT): No SkeletalMesh for Component(CharacterMesh0) Actor(FirstPersonCharacter_C_0)
[2026.04.04-10.18.00:679][716]LogSkinnedMeshComp: Warning: GetSocketByName(torso_JNT): No SkeletalMesh for Component(CharacterMesh0) Actor(FirstPersonCharacter_C_0)
[2026.04.04-10.18.00:680][716]LogSkinnedMeshComp: Warning: GetSocketByName(torso_JNT): No SkeletalMesh for Component(CharacterMesh0) Actor(FirstPersonCharacter_C_0)
[2026.04.04-10.18.00:714][717]LogSkinnedMeshComp: Warning: GetSocketByName(torso_JNT): No SkeletalMesh for Component(CharacterMesh0) Actor(FirstPersonCharacter_C_0)
[2026.04.04-10.18.00:715][717]LogSkinnedMeshComp: Warning: GetSocketByName(torso_JNT): No SkeletalMesh for Component(CharacterMesh0) Actor(FirstPersonCharacter_C_0)
[2026.04.04-10.18.00:759][718]LogSkinnedMeshComp: Warning: GetSocketByName(torso_JNT): No SkeletalMesh for Component(CharacterMesh0) Actor(FirstPersonCharacter_C_0)
[2026.04.04-10.18.00:795][719]LogSkinnedMeshComp: Warning: GetSocketByName(torso_JNT): No SkeletalMesh for Component(CharacterMesh0) Actor(FirstPersonCharacter_C_0)
[2026.04.04-10.18.00:828][720]LogSkinnedMeshComp: Warning: GetSocketByName(torso_JNT): No SkeletalMesh for Component(CharacterMesh0) Actor(FirstPersonCharacter_C_0)
[2026.04.04-10.18.00:829][720]LogSkinnedMeshComp: Warning: GetSocketByName(torso_JNT): No SkeletalMesh for Component(CharacterMesh0) Actor(FirstPersonCharacter_C_0)
[2026.04.04-10.18.00:867][721]LogSkinnedMeshComp: Warning: GetSocketByName(torso_JNT): No SkeletalMesh for Component(CharacterMesh0) Actor(FirstPersonCharacter_C_0)
[2026.04.04-10.18.00:868][721]LogSkinnedMeshComp: Warning: GetSocketByName(torso_JNT): No SkeletalMesh for Component(CharacterMesh0) Actor(FirstPersonCharacter_C_0)
[2026.04.04-10.18.00:902][722]LogSkinnedMeshComp: Warning: GetSocketByName(torso_JNT): No SkeletalMesh for Component(CharacterMesh0) Actor(FirstPersonCharacter_C_0)
[2026.04.04-10.18.00:903][722]LogSkinnedMeshComp: Warning: GetSocketByName(torso_JNT): No SkeletalMesh for Component(CharacterMesh0) Actor(FirstPersonCharacter_C_0)
[2026.04.04-10.18.00:937][723]LogSkinnedMeshComp: Warning: GetSocketByName(torso_JNT): No SkeletalMesh for Component(CharacterMesh0) Actor(FirstPersonCharacter_C_0)
[2026.04.04-10.18.00:939][723]LogSkinnedMeshComp: Warning: GetSocketByName(torso_JNT): No SkeletalMesh for Component(CharacterMesh0) Actor(FirstPersonCharacter_C_0)
[2026.04.04-10.18.00:979][724]LogSkinnedMeshComp: Warning: GetSocketByName(torso_JNT): No SkeletalMesh for Component(CharacterMesh0) Actor(FirstPersonCharacter_C_0)
[2026.04.04-10.18.00:980][724]LogSkinnedMeshComp: Warning: GetSocketByName(torso_JNT): No SkeletalMesh for Component(CharacterMesh0) Actor(FirstPersonCharacter_C_0)
[2026.04.04-10.18.01:016][725]LogSkinnedMeshComp: Warning: GetSocketByName(torso_JNT): No SkeletalMesh for Component(CharacterMesh0) Actor(FirstPersonCharacter_C_0)
[2026.04.04-10.18.01:016][725]LogSkinnedMeshComp: Warning: GetSocketByName(torso_JNT): No SkeletalMesh for Component(CharacterMesh0) Actor(FirstPersonCharacter_C_0)
[2026.04.04-10.18.01:057][726]LogSkinnedMeshComp: Warning: GetSocketByName(torso_JNT): No SkeletalMesh for Component(CharacterMesh0) Actor(FirstPersonCharacter_C_0)
[2026.04.04-10.18.01:058][726]LogSkinnedMeshComp: Warning: GetSocketByName(torso_JNT): No SkeletalMesh for Component(CharacterMesh0) Actor(FirstPersonCharacter_C_0)
[2026.04.04-10.18.01:099][727]LogSkinnedMeshComp: Warning: GetSocketByName(torso_JNT): No SkeletalMesh for Component(CharacterMesh0) Actor(FirstPersonCharacter_C_0)
[2026.04.04-10.18.01:100][727]LogSkinnedMeshComp: Warning: GetSocketByName(torso_JNT): No SkeletalMesh for Component(CharacterMesh0) Actor(FirstPersonCharacter_C_0)
[2026.04.04-10.18.01:138][728]LogSkinnedMeshComp: Warning: GetSocketByName(torso_JNT): No SkeletalMesh for Component(CharacterMesh0) Actor(FirstPersonCharacter_C_0)
[2026.04.04-10.18.01:176][729]LogSkinnedMeshComp: Warning: GetSocketByName(torso_JNT): No SkeletalMesh for Component(CharacterMesh0) Actor(FirstPersonCharacter_C_0)
[2026.04.04-10.18.01:217][730]LogSkinnedMeshComp: Warning: GetSocketByName(torso_JNT): No SkeletalMesh for Component(CharacterMesh0) Actor(FirstPersonCharacter_C_0)
[2026.04.04-10.18.01:257][731]LogSkinnedMeshComp: Warning: GetSocketByName(torso_JNT): No SkeletalMesh for Component(CharacterMesh0) Actor(FirstPersonCharacter_C_0)
[2026.04.04-10.18.01:299][732]LogSkinnedMeshComp: Warning: GetSocketByName(torso_JNT): No SkeletalMesh for Component(CharacterMesh0) Actor(FirstPersonCharacter_C_0)
[2026.04.04-10.18.01:346][733]LogSkinnedMeshComp: Warning: GetSocketByName(torso_JNT): No SkeletalMesh for Component(CharacterMesh0) Actor(FirstPersonCharacter_C_0)
[2026.04.04-10.18.01:348][733]LogSkinnedMeshComp: Warning: GetSocketByName(torso_JNT): No SkeletalMesh for Component(CharacterMesh0) Actor(FirstPersonCharacter_C_0)
[2026.04.04-10.18.01:390][734]LogSkinnedMeshComp: Warning: GetSocketByName(torso_JNT): No SkeletalMesh for Component(CharacterMesh0) Actor(FirstPersonCharacter_C_0)
[2026.04.04-10.18.01:391][734]LogSkinnedMeshComp: Warning: GetSocketByName(torso_JNT): No SkeletalMesh for Component(CharacterMesh0) Actor(FirstPersonCharacter_C_0)
[2026.04.04-10.18.01:430][735]LogSkinnedMeshComp: Warning: GetSocketByName(torso_JNT): No SkeletalMesh for Component(CharacterMesh0) Actor(FirstPersonCharacter_C_0)
[2026.04.04-10.18.01:432][735]LogSkinnedMeshComp: Warning: GetSocketByName(torso_JNT): No SkeletalMesh for Component(CharacterMesh0) Actor(FirstPersonCharacter_C_0)
[2026.04.04-10.18.01:479][736]LogSkinnedMeshComp: Warning: GetSocketByName(torso_JNT): No SkeletalMesh for Component(CharacterMesh0) Actor(FirstPersonCharacter_C_0)
[2026.04.04-10.18.01:521][737]LogSkinnedMeshComp: Warning: GetSocketByName(torso_JNT): No SkeletalMesh for Component(CharacterMesh0) Actor(FirstPersonCharacter_C_0)
[2026.04.04-10.18.01:562][738]LogSkinnedMeshComp: Warning: GetSocketByName(torso_JNT): No SkeletalMesh for Component(CharacterMesh0) Actor(FirstPersonCharacter_C_0)
[2026.04.04-10.18.01:609][739]LogSkinnedMeshComp: Warning: GetSocketByName(torso_JNT): No SkeletalMesh for Component(CharacterMesh0) Actor(FirstPersonCharacter_C_0)
[2026.04.04-10.18.01:654][740]LogSkinnedMeshComp: Warning: GetSocketByName(torso_JNT): No SkeletalMesh for Component(CharacterMesh0) Actor(FirstPersonCharacter_C_0)
[2026.04.04-10.18.01:702][741]LogSkinnedMeshComp: Warning: GetSocketByName(torso_JNT): No SkeletalMesh for Component(CharacterMesh0) Actor(FirstPersonCharacter_C_0)
[2026.04.04-10.18.01:747][742]LogSkinnedMeshComp: Warning: GetSocketByName(torso_JNT): No SkeletalMesh for Component(CharacterMesh0) Actor(FirstPersonCharacter_C_0)
[2026.04.04-10.18.01:793][743]LogSkinnedMeshComp: Warning: GetSocketByName(torso_JNT): No SkeletalMesh for Component(CharacterMesh0) Actor(FirstPersonCharacter_C_0)
[2026.04.04-10.18.01:851][744]LogSkinnedMeshComp: Warning: GetSocketByName(torso_JNT): No SkeletalMesh for Component(CharacterMesh0) Actor(FirstPersonCharacter_C_0)
[2026.04.04-10.18.01:896][745]LogSkinnedMeshComp: Warning: GetSocketByName(torso_JNT): No SkeletalMesh for Component(CharacterMesh0) Actor(FirstPersonCharacter_C_0)
[2026.04.04-10.18.01:945][746]LogSkinnedMeshComp: Warning: GetSocketByName(torso_JNT): No SkeletalMesh for Component(CharacterMesh0) Actor(FirstPersonCharacter_C_0)
[2026.04.04-10.18.01:990][747]LogSkinnedMeshComp: Warning: GetSocketByName(torso_JNT): No SkeletalMesh for Component(CharacterMesh0) Actor(FirstPersonCharacter_C_0)
[2026.04.04-10.18.02:035][748]LogSkinnedMeshComp: Warning: GetSocketByName(torso_JNT): No SkeletalMesh for Component(CharacterMesh0) Actor(FirstPersonCharacter_C_0)
[2026.04.04-10.18.02:083][749]LogSkinnedMeshComp: Warning: GetSocketByName(torso_JNT): No SkeletalMesh for Component(CharacterMesh0) Actor(FirstPersonCharacter_C_0)
[2026.04.04-10.18.02:127][750]LogSkinnedMeshComp: Warning: GetSocketByName(torso_JNT): No SkeletalMesh for Component(CharacterMesh0) Actor(FirstPersonCharacter_C_0)
[2026.04.04-10.18.02:175][751]LogSkinnedMeshComp: Warning: GetSocketByName(torso_JNT): No SkeletalMesh for Component(CharacterMesh0) Actor(FirstPersonCharacter_C_0)
[2026.04.04-10.18.02:218][752]LogSkinnedMeshComp: Warning: GetSocketByName(torso_JNT): No SkeletalMesh for Component(CharacterMesh0) Actor(FirstPersonCharacter_C_0)
[2026.04.04-10.18.02:263][753]LogSkinnedMeshComp: Warning: GetSocketByName(torso_JNT): No SkeletalMesh for Component(CharacterMesh0) Actor(FirstPersonCharacter_C_0)
[2026.04.04-10.18.02:617][761]LogSkinnedMeshComp: Warning: GetSocketByName(torso_JNT): No SkeletalMesh for Component(CharacterMesh0) Actor(FirstPersonCharacter_C_0)
[2026.04.04-10.18.02:660][762]LogSkinnedMeshComp: Warning: GetSocketByName(torso_JNT): No SkeletalMesh for Component(CharacterMesh0) Actor(FirstPersonCharacter_C_0)
[2026.04.04-10.18.02:702][763]LogSkinnedMeshComp: Warning: GetSocketByName(torso_JNT): No SkeletalMesh for Component(CharacterMesh0) Actor(FirstPersonCharacter_C_0)
[2026.04.04-10.18.02:748][764]LogSkinnedMeshComp: Warning: GetSocketByName(torso_JNT): No SkeletalMesh for Component(CharacterMesh0) Actor(FirstPersonCharacter_C_0)
[2026.04.04-10.18.02:792][765]LogSkinnedMeshComp: Warning: GetSocketByName(torso_JNT): No SkeletalMesh for Component(CharacterMesh0) Actor(FirstPersonCharacter_C_0)
[2026.04.04-10.18.02:882][767]LogSkinnedMeshComp: Warning: GetSocketByName(torso_JNT): No SkeletalMesh for Component(CharacterMesh0) Actor(FirstPersonCharacter_C_0)
[2026.04.04-10.18.02:927][768]LogSkinnedMeshComp: Warning: GetSocketByName(torso_JNT): No SkeletalMesh for Component(CharacterMesh0) Actor(FirstPersonCharacter_C_0)
[2026.04.04-10.18.02:978][769]LogSkinnedMeshComp: Warning: GetSocketByName(torso_JNT): No SkeletalMesh for Component(CharacterMesh0) Actor(FirstPersonCharacter_C_0)
[2026.04.04-10.18.02:979][769]LogSkinnedMeshComp: Warning: GetSocketByName(torso_JNT): No SkeletalMesh for Component(CharacterMesh0) Actor(FirstPersonCharacter_C_0)
[2026.04.04-10.18.03:028][770]LogSkinnedMeshComp: Warning: GetSocketByName(torso_JNT): No SkeletalMesh for Component(CharacterMesh0) Actor(FirstPersonCharacter_C_0)
[2026.04.04-10.18.03:076][771]LogSkinnedMeshComp: Warning: GetSocketByName(torso_JNT): No SkeletalMesh for Component(CharacterMesh0) Actor(FirstPersonCharacter_C_0)
[2026.04.04-10.18.03:077][771]LogSkinnedMeshComp: Warning: GetSocketByName(torso_JNT): No SkeletalMesh for Component(CharacterMesh0) Actor(FirstPersonCharacter_C_0)
[2026.04.04-10.18.03:135][772]LogSkinnedMeshComp: Warning: GetSocketByName(torso_JNT): No SkeletalMesh for Component(CharacterMesh0) Actor(FirstPersonCharacter_C_0)
[2026.04.04-10.18.03:173][773]LogSkinnedMeshComp: Warning: GetSocketByName(torso_JNT): No SkeletalMesh for Component(CharacterMesh0) Actor(FirstPersonCharacter_C_0)
[2026.04.04-10.18.03:225][774]LogSkinnedMeshComp: Warning: GetSocketByName(torso_JNT): No SkeletalMesh for Component(CharacterMesh0) Actor(FirstPersonCharacter_C_0)
[2026.04.04-10.18.03:268][775]LogSkinnedMeshComp: Warning: GetSocketByName(torso_JNT): No SkeletalMesh for Component(CharacterMesh0) Actor(FirstPersonCharacter_C_0)
[2026.04.04-10.18.03:314][776]LogSkinnedMeshComp: Warning: GetSocketByName(torso_JNT): No SkeletalMesh for Component(CharacterMesh0) Actor(FirstPersonCharacter_C_0)
[2026.04.04-10.18.03:361][777]LogSkinnedMeshComp: Warning: GetSocketByName(torso_JNT): No SkeletalMesh for Component(CharacterMesh0) Actor(FirstPersonCharacter_C_0)
[2026.04.04-10.18.03:406][778]LogSkinnedMeshComp: Warning: GetSocketByName(torso_JNT): No SkeletalMesh for Component(CharacterMesh0) Actor(FirstPersonCharacter_C_0)
[2026.04.04-10.18.03:451][779]LogSkinnedMeshComp: Warning: GetSocketByName(torso_JNT): No SkeletalMesh for Component(CharacterMesh0) Actor(FirstPersonCharacter_C_0)
[2026.04.04-10.18.04:849][811]LogWindowsTextInputMethodSystem: Display: IME system deactivated.
[2026.04.04-10.18.04:849][811]LogWindowsTextInputMethodSystem: Display: IME system deactivated.
[2026.04.04-10.18.08:290][889]Cmd: ToggleDebugCamera
[2026.04.04-10.18.29:054][545]New view mode: Lit_DetailLighting
[2026.04.04-10.18.29:932][568]New view mode: LightingOnly
[2026.04.04-10.18.30:581][584]New view mode: LightComplexity
[2026.04.04-10.18.30:646][586]LogSlate: Took 0.001744 seconds to synchronously load lazily loaded font '../../../Engine/Content/Slate/Fonts/Roboto-Regular.ttf' (155K)
[2026.04.04-10.18.31:407][610]New view mode: 
[2026.04.04-10.18.32:056][627]New view mode: ShaderComplexity
[2026.04.04-10.18.32:736][672]New view mode: LightmapDensity
[2026.04.04-10.18.33:597][750]New view mode: LitLightmapDensity
[2026.04.04-10.18.34:263][786]New view mode: ReflectionOverride
[2026.04.04-10.18.35:076][816]New view mode: VisualizeBuffer
[2026.04.04-10.18.45:412][ 57]New view mode: 
[2026.04.04-10.18.46:516][ 86]New view mode: StationaryLightOverlap
[2026.04.04-10.18.47:343][141]New view mode: CollisionPawn
[2026.04.04-10.18.48:031][187]New view mode: CollisionVis
[2026.04.04-10.18.48:706][235]New view mode: 
[2026.04.04-10.18.49:724][263]New view mode: LODColoration
[2026.04.04-10.18.52:503][457]New view mode: QuadOverdraw
[2026.04.04-10.18.53:358][511]New view mode: PrimitiveDistanceAccuracy
[2026.04.04-10.18.54:595][597]New view mode: MeshUVDensityAccuracy
[2026.04.04-10.18.55:342][652]New view mode: ShaderComplexityWithQuadOverdraw
[2026.04.04-10.18.55:939][691]New view mode: HLODColoration
[2026.04.04-10.18.57:821][831]New view mode: 
[2026.04.04-10.18.58:896][856]New view mode: MaterialTextureScaleAccuracy
[2026.04.04-10.18.59:679][906]New view mode: RequiredTextureResolution
[2026.04.04-10.19.00:300][950]New view mode: PathTracing
[2026.04.04-10.19.04:451][ 56]Cmd: ToggleDebugCamera
[2026.04.04-10.19.04:928][ 67]LogSkinnedMeshComp: Warning: GetSocketByName(torso_JNT): No SkeletalMesh for Component(CharacterMesh0) Actor(FirstPersonCharacter_C_0)
[2026.04.04-10.19.04:970][ 68]LogSkinnedMeshComp: Warning: GetSocketByName(torso_JNT): No SkeletalMesh for Component(CharacterMesh0) Actor(FirstPersonCharacter_C_0)
[2026.04.04-10.19.04:970][ 68]LogSkinnedMeshComp: Warning: GetSocketByName(torso_JNT): No SkeletalMesh for Component(CharacterMesh0) Actor(FirstPersonCharacter_C_0)
[2026.04.04-10.19.05:008][ 69]LogSkinnedMeshComp: Warning: GetSocketByName(torso_JNT): No SkeletalMesh for Component(CharacterMesh0) Actor(FirstPersonCharacter_C_0)
[2026.04.04-10.19.05:008][ 69]LogSkinnedMeshComp: Warning: GetSocketByName(torso_JNT): No SkeletalMesh for Component(CharacterMesh0) Actor(FirstPersonCharacter_C_0)
[2026.04.04-10.19.05:051][ 70]LogSkinnedMeshComp: Warning: GetSocketByName(torso_JNT): No SkeletalMesh for Component(CharacterMesh0) Actor(FirstPersonCharacter_C_0)
[2026.04.04-10.19.05:052][ 70]LogSkinnedMeshComp: Warning: GetSocketByName(torso_JNT): No SkeletalMesh for Component(CharacterMesh0) Actor(FirstPersonCharacter_C_0)
[2026.04.04-10.19.05:110][ 71]LogSkinnedMeshComp: Warning: GetSocketByName(torso_JNT): No SkeletalMesh for Component(CharacterMesh0) Actor(FirstPersonCharacter_C_0)
[2026.04.04-10.19.05:112][ 71]LogSkinnedMeshComp: Warning: GetSocketByName(torso_JNT): No SkeletalMesh for Component(CharacterMesh0) Actor(FirstPersonCharacter_C_0)
[2026.04.04-10.19.05:154][ 72]LogSkinnedMeshComp: Warning: GetSocketByName(torso_JNT): No SkeletalMesh for Component(CharacterMesh0) Actor(FirstPersonCharacter_C_0)
[2026.04.04-10.19.05:217][ 73]LogSkinnedMeshComp: Warning: GetSocketByName(torso_JNT): No SkeletalMesh for Component(CharacterMesh0) Actor(FirstPersonCharacter_C_0)
[2026.04.04-10.19.05:260][ 74]LogSkinnedMeshComp: Warning: GetSocketByName(torso_JNT): No SkeletalMesh for Component(CharacterMesh0) Actor(FirstPersonCharacter_C_0)
[2026.04.04-10.19.05:307][ 75]LogSkinnedMeshComp: Warning: GetSocketByName(torso_JNT): No SkeletalMesh for Component(CharacterMesh0) Actor(FirstPersonCharacter_C_0)
[2026.04.04-10.19.05:358][ 76]LogSkinnedMeshComp: Warning: GetSocketByName(torso_JNT): No SkeletalMesh for Component(CharacterMesh0) Actor(FirstPersonCharacter_C_0)
[2026.04.04-10.19.05:406][ 77]LogSkinnedMeshComp: Warning: GetSocketByName(torso_JNT): No SkeletalMesh for Component(CharacterMesh0) Actor(FirstPersonCharacter_C_0)
[2026.04.04-10.19.05:407][ 77]LogSkinnedMeshComp: Warning: GetSocketByName(torso_JNT): No SkeletalMesh for Component(CharacterMesh0) Actor(FirstPersonCharacter_C_0)
[2026.04.04-10.19.05:458][ 78]LogSkinnedMeshComp: Warning: GetSocketByName(torso_JNT): No SkeletalMesh for Component(CharacterMesh0) Actor(FirstPersonCharacter_C_0)
[2026.04.04-10.19.05:458][ 78]LogSkinnedMeshComp: Warning: GetSocketByName(torso_JNT): No SkeletalMesh for Component(CharacterMesh0) Actor(FirstPersonCharacter_C_0)
[2026.04.04-10.19.05:513][ 79]LogSkinnedMeshComp: Warning: GetSocketByName(torso_JNT): No SkeletalMesh for Component(CharacterMesh0) Actor(FirstPersonCharacter_C_0)
[2026.04.04-10.19.05:513][ 79]LogSkinnedMeshComp: Warning: GetSocketByName(torso_JNT): No SkeletalMesh for Component(CharacterMesh0) Actor(FirstPersonCharacter_C_0)
[2026.04.04-10.19.05:556][ 80]LogSkinnedMeshComp: Warning: GetSocketByName(torso_JNT): No SkeletalMesh for Component(CharacterMesh0) Actor(FirstPersonCharacter_C_0)
[2026.04.04-10.19.05:556][ 80]LogSkinnedMeshComp: Warning: GetSocketByName(torso_JNT): No SkeletalMesh for Component(CharacterMesh0) Actor(FirstPersonCharacter_C_0)
[2026.04.04-10.19.05:609][ 81]LogSkinnedMeshComp: Warning: GetSocketByName(torso_JNT): No SkeletalMesh for Component(CharacterMesh0) Actor(FirstPersonCharacter_C_0)
[2026.04.04-10.19.05:609][ 81]LogSkinnedMeshComp: Warning: GetSocketByName(torso_JNT): No SkeletalMesh for Component(CharacterMesh0) Actor(FirstPersonCharacter_C_0)
[2026.04.04-10.19.05:660][ 82]LogSkinnedMeshComp: Warning: GetSocketByName(torso_JNT): No SkeletalMesh for Component(CharacterMesh0) Actor(FirstPersonCharacter_C_0)
[2026.04.04-10.19.05:660][ 82]LogSkinnedMeshComp: Warning: GetSocketByName(torso_JNT): No SkeletalMesh for Component(CharacterMesh0) Actor(FirstPersonCharacter_C_0)
[2026.04.04-10.19.05:707][ 83]LogSkinnedMeshComp: Warning: GetSocketByName(torso_JNT): No SkeletalMesh for Component(CharacterMesh0) Actor(FirstPersonCharacter_C_0)
[2026.04.04-10.19.05:760][ 84]LogSkinnedMeshComp: Warning: GetSocketByName(torso_JNT): No SkeletalMesh for Component(CharacterMesh0) Actor(FirstPersonCharacter_C_0)
[2026.04.04-10.19.05:761][ 84]LogSkinnedMeshComp: Warning: GetSocketByName(torso_JNT): No SkeletalMesh for Component(CharacterMesh0) Actor(FirstPersonCharacter_C_0)
[2026.04.04-10.19.05:816][ 85]LogSkinnedMeshComp: Warning: GetSocketByName(torso_JNT): No SkeletalMesh for Component(CharacterMesh0) Actor(FirstPersonCharacter_C_0)
[2026.04.04-10.19.05:817][ 85]LogSkinnedMeshComp: Warning: GetSocketByName(torso_JNT): No SkeletalMesh for Component(CharacterMesh0) Actor(FirstPersonCharacter_C_0)
[2026.04.04-10.19.05:864][ 86]LogSkinnedMeshComp: Warning: GetSocketByName(torso_JNT): No SkeletalMesh for Component(CharacterMesh0) Actor(FirstPersonCharacter_C_0)
[2026.04.04-10.19.05:865][ 86]LogSkinnedMeshComp: Warning: GetSocketByName(torso_JNT): No SkeletalMesh for Component(CharacterMesh0) Actor(FirstPersonCharacter_C_0)
[2026.04.04-10.19.05:908][ 87]LogSkinnedMeshComp: Warning: GetSocketByName(torso_JNT): No SkeletalMesh for Component(CharacterMesh0) Actor(FirstPersonCharacter_C_0)
[2026.04.04-10.19.05:908][ 87]LogSkinnedMeshComp: Warning: GetSocketByName(torso_JNT): No SkeletalMesh for Component(CharacterMesh0) Actor(FirstPersonCharacter_C_0)
[2026.04.04-10.19.05:956][ 88]LogSkinnedMeshComp: Warning: GetSocketByName(torso_JNT): No SkeletalMesh for Component(CharacterMesh0) Actor(FirstPersonCharacter_C_0)
[2026.04.04-10.19.05:957][ 88]LogSkinnedMeshComp: Warning: GetSocketByName(torso_JNT): No SkeletalMesh for Component(CharacterMesh0) Actor(FirstPersonCharacter_C_0)
[2026.04.04-10.19.06:008][ 89]LogSkinnedMeshComp: Warning: GetSocketByName(torso_JNT): No SkeletalMesh for Component(CharacterMesh0) Actor(FirstPersonCharacter_C_0)
[2026.04.04-10.19.06:008][ 89]LogSkinnedMeshComp: Warning: GetSocketByName(torso_JNT): No SkeletalMesh for Component(CharacterMesh0) Actor(FirstPersonCharacter_C_0)
[2026.04.04-10.19.06:046][ 90]LogSkinnedMeshComp: Warning: GetSocketByName(torso_JNT): No SkeletalMesh for Component(CharacterMesh0) Actor(FirstPersonCharacter_C_0)
[2026.04.04-10.19.06:095][ 91]LogSkinnedMeshComp: Warning: GetSocketByName(torso_JNT): No SkeletalMesh for Component(CharacterMesh0) Actor(FirstPersonCharacter_C_0)
[2026.04.04-10.19.06:230][ 94]LogSkinnedMeshComp: Warning: GetSocketByName(torso_JNT): No SkeletalMesh for Component(CharacterMesh0) Actor(FirstPersonCharacter_C_0)
[2026.04.04-10.19.06:275][ 95]LogSkinnedMeshComp: Warning: GetSocketByName(torso_JNT): No SkeletalMesh for Component(CharacterMesh0) Actor(FirstPersonCharacter_C_0)
[2026.04.04-10.19.06:316][ 96]LogSkinnedMeshComp: Warning: GetSocketByName(torso_JNT): No SkeletalMesh for Component(CharacterMesh0) Actor(FirstPersonCharacter_C_0)
[2026.04.04-10.19.06:371][ 97]LogSkinnedMeshComp: Warning: GetSocketByName(torso_JNT): No SkeletalMesh for Component(CharacterMesh0) Actor(FirstPersonCharacter_C_0)
[2026.04.04-10.19.06:413][ 98]LogSkinnedMeshComp: Warning: GetSocketByName(torso_JNT): No SkeletalMesh for Component(CharacterMesh0) Actor(FirstPersonCharacter_C_0)
[2026.04.04-10.19.06:470][ 99]LogSkinnedMeshComp: Warning: GetSocketByName(torso_JNT): No SkeletalMesh for Component(CharacterMesh0) Actor(FirstPersonCharacter_C_0)
[2026.04.04-10.19.06:527][100]LogSkinnedMeshComp: Warning: GetSocketByName(torso_JNT): No SkeletalMesh for Component(CharacterMesh0) Actor(FirstPersonCharacter_C_0)
[2026.04.04-10.19.06:527][100]LogSkinnedMeshComp: Warning: GetSocketByName(torso_JNT): No SkeletalMesh for Component(CharacterMesh0) Actor(FirstPersonCharacter_C_0)
[2026.04.04-10.19.06:576][101]LogSkinnedMeshComp: Warning: GetSocketByName(torso_JNT): No SkeletalMesh for Component(CharacterMesh0) Actor(FirstPersonCharacter_C_0)
[2026.04.04-10.19.06:576][101]LogSkinnedMeshComp: Warning: GetSocketByName(torso_JNT): No SkeletalMesh for Component(CharacterMesh0) Actor(FirstPersonCharacter_C_0)
[2026.04.04-10.19.06:630][102]LogSkinnedMeshComp: Warning: GetSocketByName(torso_JNT): No SkeletalMesh for Component(CharacterMesh0) Actor(FirstPersonCharacter_C_0)
[2026.04.04-10.19.06:680][103]LogSkinnedMeshComp: Warning: GetSocketByName(torso_JNT): No SkeletalMesh for Component(CharacterMesh0) Actor(FirstPersonCharacter_C_0)
[2026.04.04-10.19.06:737][104]LogSkinnedMeshComp: Warning: GetSocketByName(torso_JNT): No SkeletalMesh for Component(CharacterMesh0) Actor(FirstPersonCharacter_C_0)
[2026.04.04-10.19.06:738][104]LogSkinnedMeshComp: Warning: GetSocketByName(torso_JNT): No SkeletalMesh for Component(CharacterMesh0) Actor(FirstPersonCharacter_C_0)
[2026.04.04-10.19.06:789][105]LogSkinnedMeshComp: Warning: GetSocketByName(torso_JNT): No SkeletalMesh for Component(CharacterMesh0) Actor(FirstPersonCharacter_C_0)
[2026.04.04-10.19.06:841][106]LogSkinnedMeshComp: Warning: GetSocketByName(torso_JNT): No SkeletalMesh for Component(CharacterMesh0) Actor(FirstPersonCharacter_C_0)
[2026.04.04-10.19.06:843][106]LogSkinnedMeshComp: Warning: GetSocketByName(torso_JNT): No SkeletalMesh for Component(CharacterMesh0) Actor(FirstPersonCharacter_C_0)
[2026.04.04-10.19.06:904][107]LogSkinnedMeshComp: Warning: GetSocketByName(torso_JNT): No SkeletalMesh for Component(CharacterMesh0) Actor(FirstPersonCharacter_C_0)
[2026.04.04-10.19.06:904][107]LogSkinnedMeshComp: Warning: GetSocketByName(torso_JNT): No SkeletalMesh for Component(CharacterMesh0) Actor(FirstPersonCharacter_C_0)
[2026.04.04-10.19.06:949][108]LogSkinnedMeshComp: Warning: GetSocketByName(torso_JNT): No SkeletalMesh for Component(CharacterMesh0) Actor(FirstPersonCharacter_C_0)
[2026.04.04-10.19.07:000][109]LogSkinnedMeshComp: Warning: GetSocketByName(torso_JNT): No SkeletalMesh for Component(CharacterMesh0) Actor(FirstPersonCharacter_C_0)
[2026.04.04-10.19.07:001][109]LogSkinnedMeshComp: Warning: GetSocketByName(torso_JNT): No SkeletalMesh for Component(CharacterMesh0) Actor(FirstPersonCharacter_C_0)
[2026.04.04-10.19.07:046][110]LogSkinnedMeshComp: Warning: GetSocketByName(torso_JNT): No SkeletalMesh for Component(CharacterMesh0) Actor(FirstPersonCharacter_C_0)
[2026.04.04-10.19.07:046][110]LogSkinnedMeshComp: Warning: GetSocketByName(torso_JNT): No SkeletalMesh for Component(CharacterMesh0) Actor(FirstPersonCharacter_C_0)
[2026.04.04-10.19.07:097][111]LogSkinnedMeshComp: Warning: GetSocketByName(torso_JNT): No SkeletalMesh for Component(CharacterMesh0) Actor(FirstPersonCharacter_C_0)
[2026.04.04-10.19.07:099][111]LogSkinnedMeshComp: Warning: GetSocketByName(torso_JNT): No SkeletalMesh for Component(CharacterMesh0) Actor(FirstPersonCharacter_C_0)
[2026.04.04-10.19.07:143][112]LogSkinnedMeshComp: Warning: GetSocketByName(torso_JNT): No SkeletalMesh for Component(CharacterMesh0) Actor(FirstPersonCharacter_C_0)
[2026.04.04-10.19.07:143][112]LogSkinnedMeshComp: Warning: GetSocketByName(torso_JNT): No SkeletalMesh for Component(CharacterMesh0) Actor(FirstPersonCharacter_C_0)
[2026.04.04-10.19.07:196][113]LogSkinnedMeshComp: Warning: GetSocketByName(torso_JNT): No SkeletalMesh for Component(CharacterMesh0) Actor(FirstPersonCharacter_C_0)
[2026.04.04-10.19.07:197][113]LogSkinnedMeshComp: Warning: GetSocketByName(torso_JNT): No SkeletalMesh for Component(CharacterMesh0) Actor(FirstPersonCharacter_C_0)
[2026.04.04-10.19.07:238][114]LogSkinnedMeshComp: Warning: GetSocketByName(torso_JNT): No SkeletalMesh for Component(CharacterMesh0) Actor(FirstPersonCharacter_C_0)
[2026.04.04-10.19.07:239][114]LogSkinnedMeshComp: Warning: GetSocketByName(torso_JNT): No SkeletalMesh for Component(CharacterMesh0) Actor(FirstPersonCharacter_C_0)
[2026.04.04-10.19.07:669][123]LogSkinnedMeshComp: Warning: GetSocketByName(torso_JNT): No SkeletalMesh for Component(CharacterMesh0) Actor(FirstPersonCharacter_C_0)
[2026.04.04-10.19.07:714][124]LogSkinnedMeshComp: Warning: GetSocketByName(torso_JNT): No SkeletalMesh for Component(CharacterMesh0) Actor(FirstPersonCharacter_C_0)
[2026.04.04-10.19.07:760][125]LogSkinnedMeshComp: Warning: GetSocketByName(torso_JNT): No SkeletalMesh for Component(CharacterMesh0) Actor(FirstPersonCharacter_C_0)
[2026.04.04-10.19.07:804][126]LogSkinnedMeshComp: Warning: GetSocketByName(torso_JNT): No SkeletalMesh for Component(CharacterMesh0) Actor(FirstPersonCharacter_C_0)
[2026.04.04-10.19.07:856][127]LogSkinnedMeshComp: Warning: GetSocketByName(torso_JNT): No SkeletalMesh for Component(CharacterMesh0) Actor(FirstPersonCharacter_C_0)
[2026.04.04-10.19.07:896][128]LogSkinnedMeshComp: Warning: GetSocketByName(torso_JNT): No SkeletalMesh for Component(CharacterMesh0) Actor(FirstPersonCharacter_C_0)
[2026.04.04-10.19.07:957][129]LogSkinnedMeshComp: Warning: GetSocketByName(torso_JNT): No SkeletalMesh for Component(CharacterMesh0) Actor(FirstPersonCharacter_C_0)
[2026.04.04-10.19.07:958][129]LogSkinnedMeshComp: Warning: GetSocketByName(torso_JNT): No SkeletalMesh for Component(CharacterMesh0) Actor(FirstPersonCharacter_C_0)
[2026.04.04-10.19.08:009][130]LogSkinnedMeshComp: Warning: GetSocketByName(torso_JNT): No SkeletalMesh for Component(CharacterMesh0) Actor(FirstPersonCharacter_C_0)
[2026.04.04-10.19.08:009][130]LogSkinnedMeshComp: Warning: GetSocketByName(torso_JNT): No SkeletalMesh for Component(CharacterMesh0) Actor(FirstPersonCharacter_C_0)
[2026.04.04-10.19.08:059][131]LogSkinnedMeshComp: Warning: GetSocketByName(torso_JNT): No SkeletalMesh for Component(CharacterMesh0) Actor(FirstPersonCharacter_C_0)
[2026.04.04-10.19.08:059][131]LogSkinnedMeshComp: Warning: GetSocketByName(torso_JNT): No SkeletalMesh for Component(CharacterMesh0) Actor(FirstPersonCharacter_C_0)
[2026.04.04-10.19.08:103][132]LogSkinnedMeshComp: Warning: GetSocketByName(torso_JNT): No SkeletalMesh for Component(CharacterMesh0) Actor(FirstPersonCharacter_C_0)
[2026.04.04-10.19.08:103][132]LogSkinnedMeshComp: Warning: GetSocketByName(torso_JNT): No SkeletalMesh for Component(CharacterMesh0) Actor(FirstPersonCharacter_C_0)
[2026.04.04-10.19.08:149][133]LogSkinnedMeshComp: Warning: GetSocketByName(torso_JNT): No SkeletalMesh for Component(CharacterMesh0) Actor(FirstPersonCharacter_C_0)
[2026.04.04-10.19.08:150][133]LogSkinnedMeshComp: Warning: GetSocketByName(torso_JNT): No SkeletalMesh for Component(CharacterMesh0) Actor(FirstPersonCharacter_C_0)
[2026.04.04-10.19.08:202][134]LogSkinnedMeshComp: Warning: GetSocketByName(torso_JNT): No SkeletalMesh for Component(CharacterMesh0) Actor(FirstPersonCharacter_C_0)
[2026.04.04-10.19.08:203][134]LogSkinnedMeshComp: Warning: GetSocketByName(torso_JNT): No SkeletalMesh for Component(CharacterMesh0) Actor(FirstPersonCharacter_C_0)
[2026.04.04-10.19.08:243][135]LogSkinnedMeshComp: Warning: GetSocketByName(torso_JNT): No SkeletalMesh for Component(CharacterMesh0) Actor(FirstPersonCharacter_C_0)
[2026.04.04-10.19.08:245][135]LogSkinnedMeshComp: Warning: GetSocketByName(torso_JNT): No SkeletalMesh for Component(CharacterMesh0) Actor(FirstPersonCharacter_C_0)
[2026.04.04-10.19.08:291][136]LogSkinnedMeshComp: Warning: GetSocketByName(torso_JNT): No SkeletalMesh for Component(CharacterMesh0) Actor(FirstPersonCharacter_C_0)
[2026.04.04-10.19.08:292][136]LogSkinnedMeshComp: Warning: GetSocketByName(torso_JNT): No SkeletalMesh for Component(CharacterMesh0) Actor(FirstPersonCharacter_C_0)
[2026.04.04-10.19.08:333][137]LogSkinnedMeshComp: Warning: GetSocketByName(torso_JNT): No SkeletalMesh for Component(CharacterMesh0) Actor(FirstPersonCharacter_C_0)
[2026.04.04-10.19.08:335][137]LogSkinnedMeshComp: Warning: GetSocketByName(torso_JNT): No SkeletalMesh for Component(CharacterMesh0) Actor(FirstPersonCharacter_C_0)
[2026.04.04-10.19.08:380][138]LogSkinnedMeshComp: Warning: GetSocketByName(torso_JNT): No SkeletalMesh for Component(CharacterMesh0) Actor(FirstPersonCharacter_C_0)
[2026.04.04-10.19.08:421][139]LogSkinnedMeshComp: Warning: GetSocketByName(torso_JNT): No SkeletalMesh for Component(CharacterMesh0) Actor(FirstPersonCharacter_C_0)
[2026.04.04-10.19.08:469][140]LogSkinnedMeshComp: Warning: GetSocketByName(torso_JNT): No SkeletalMesh for Component(CharacterMesh0) Actor(FirstPersonCharacter_C_0)
[2026.04.04-10.19.08:508][141]LogSkinnedMeshComp: Warning: GetSocketByName(torso_JNT): No SkeletalMesh for Component(CharacterMesh0) Actor(FirstPersonCharacter_C_0)
[2026.04.04-10.19.08:509][141]LogSkinnedMeshComp: Warning: GetSocketByName(torso_JNT): No SkeletalMesh for Component(CharacterMesh0) Actor(FirstPersonCharacter_C_0)
[2026.04.04-10.19.08:550][142]LogSkinnedMeshComp: Warning: GetSocketByName(torso_JNT): No SkeletalMesh for Component(CharacterMesh0) Actor(FirstPersonCharacter_C_0)
[2026.04.04-10.19.08:552][142]LogSkinnedMeshComp: Warning: GetSocketByName(torso_JNT): No SkeletalMesh for Component(CharacterMesh0) Actor(FirstPersonCharacter_C_0)
[2026.04.04-10.19.08:596][143]LogSkinnedMeshComp: Warning: GetSocketByName(torso_JNT): No SkeletalMesh for Component(CharacterMesh0) Actor(FirstPersonCharacter_C_0)
[2026.04.04-10.19.08:633][144]LogSkinnedMeshComp: Warning: GetSocketByName(torso_JNT): No SkeletalMesh for Component(CharacterMesh0) Actor(FirstPersonCharacter_C_0)
[2026.04.04-10.19.08:634][144]LogSkinnedMeshComp: Warning: GetSocketByName(torso_JNT): No SkeletalMesh for Component(CharacterMesh0) Actor(FirstPersonCharacter_C_0)
[2026.04.04-10.19.08:676][145]LogSkinnedMeshComp: Warning: GetSocketByName(torso_JNT): No SkeletalMesh for Component(CharacterMesh0) Actor(FirstPersonCharacter_C_0)
[2026.04.04-10.19.08:677][145]LogSkinnedMeshComp: Warning: GetSocketByName(torso_JNT): No SkeletalMesh for Component(CharacterMesh0) Actor(FirstPersonCharacter_C_0)
[2026.04.04-10.19.08:721][146]LogSkinnedMeshComp: Warning: GetSocketByName(torso_JNT): No SkeletalMesh for Component(CharacterMesh0) Actor(FirstPersonCharacter_C_0)
[2026.04.04-10.19.08:722][146]LogSkinnedMeshComp: Warning: GetSocketByName(torso_JNT): No SkeletalMesh for Component(CharacterMesh0) Actor(FirstPersonCharacter_C_0)
[2026.04.04-10.19.08:759][147]LogSkinnedMeshComp: Warning: GetSocketByName(torso_JNT): No SkeletalMesh for Component(CharacterMesh0) Actor(FirstPersonCharacter_C_0)
[2026.04.04-10.19.08:759][147]LogSkinnedMeshComp: Warning: GetSocketByName(torso_JNT): No SkeletalMesh for Component(CharacterMesh0) Actor(FirstPersonCharacter_C_0)
[2026.04.04-10.19.08:797][148]LogSkinnedMeshComp: Warning: GetSocketByName(torso_JNT): No SkeletalMesh for Component(CharacterMesh0) Actor(FirstPersonCharacter_C_0)
[2026.04.04-10.19.08:797][148]LogSkinnedMeshComp: Warning: GetSocketByName(torso_JNT): No SkeletalMesh for Component(CharacterMesh0) Actor(FirstPersonCharacter_C_0)
[2026.04.04-10.19.08:833][149]LogSkinnedMeshComp: Warning: GetSocketByName(torso_JNT): No SkeletalMesh for Component(CharacterMesh0) Actor(FirstPersonCharacter_C_0)
[2026.04.04-10.19.08:835][149]LogSkinnedMeshComp: Warning: GetSocketByName(torso_JNT): No SkeletalMesh for Component(CharacterMesh0) Actor(FirstPersonCharacter_C_0)
[2026.04.04-10.19.08:874][150]LogSkinnedMeshComp: Warning: GetSocketByName(torso_JNT): No SkeletalMesh for Component(CharacterMesh0) Actor(FirstPersonCharacter_C_0)
[2026.04.04-10.19.08:874][150]LogSkinnedMeshComp: Warning: GetSocketByName(torso_JNT): No SkeletalMesh for Component(CharacterMesh0) Actor(FirstPersonCharacter_C_0)
[2026.04.04-10.19.08:908][151]LogSkinnedMeshComp: Warning: GetSocketByName(torso_JNT): No SkeletalMesh for Component(CharacterMesh0) Actor(FirstPersonCharacter_C_0)
[2026.04.04-10.19.08:908][151]LogSkinnedMeshComp: Warning: GetSocketByName(torso_JNT): No SkeletalMesh for Component(CharacterMesh0) Actor(FirstPersonCharacter_C_0)
[2026.04.04-10.19.08:944][152]LogSkinnedMeshComp: Warning: GetSocketByName(torso_JNT): No SkeletalMesh for Component(CharacterMesh0) Actor(FirstPersonCharacter_C_0)
[2026.04.04-10.19.08:981][153]LogSkinnedMeshComp: Warning: GetSocketByName(torso_JNT): No SkeletalMesh for Component(CharacterMesh0) Actor(FirstPersonCharacter_C_0)
[2026.04.04-10.19.09:014][154]LogSkinnedMeshComp: Warning: GetSocketByName(torso_JNT): No SkeletalMesh for Component(CharacterMesh0) Actor(FirstPersonCharacter_C_0)
[2026.04.04-10.19.09:060][155]LogSkinnedMeshComp: Warning: GetSocketByName(torso_JNT): No SkeletalMesh for Component(CharacterMesh0) Actor(FirstPersonCharacter_C_0)
[2026.04.04-10.19.09:096][156]LogSkinnedMeshComp: Warning: GetSocketByName(torso_JNT): No SkeletalMesh for Component(CharacterMesh0) Actor(FirstPersonCharacter_C_0)
[2026.04.04-10.19.09:132][157]LogSkinnedMeshComp: Warning: GetSocketByName(torso_JNT): No SkeletalMesh for Component(CharacterMesh0) Actor(FirstPersonCharacter_C_0)
[2026.04.04-10.19.09:164][158]LogSkinnedMeshComp: Warning: GetSocketByName(torso_JNT): No SkeletalMesh for Component(CharacterMesh0) Actor(FirstPersonCharacter_C_0)
[2026.04.04-10.19.09:197][159]LogSkinnedMeshComp: Warning: GetSocketByName(torso_JNT): No SkeletalMesh for Component(CharacterMesh0) Actor(FirstPersonCharacter_C_0)
[2026.04.04-10.19.09:230][160]LogSkinnedMeshComp: Warning: GetSocketByName(torso_JNT): No SkeletalMesh for Component(CharacterMesh0) Actor(FirstPersonCharacter_C_0)
[2026.04.04-10.19.09:261][161]LogSkinnedMeshComp: Warning: GetSocketByName(torso_JNT): No SkeletalMesh for Component(CharacterMesh0) Actor(FirstPersonCharacter_C_0)
[2026.04.04-10.19.09:601][162]LogSkinnedMeshComp: Warning: GetSocketByName(torso_JNT): No SkeletalMesh for Component(CharacterMesh0) Actor(FirstPersonCharacter_C_0)
[2026.04.04-10.19.09:940][163]LogSkinnedMeshComp: Warning: GetSocketByName(torso_JNT): No SkeletalMesh for Component(CharacterMesh0) Actor(FirstPersonCharacter_C_0)
[2026.04.04-10.19.11:603][168]LogSkinnedMeshComp: Warning: GetSocketByName(torso_JNT): No SkeletalMesh for Component(CharacterMesh0) Actor(FirstPersonCharacter_C_0)
[2026.04.04-10.19.11:603][168]LogSkinnedMeshComp: Warning: GetSocketByName(torso_JNT): No SkeletalMesh for Component(CharacterMesh0) Actor(FirstPersonCharacter_C_0)
[2026.04.04-10.19.11:610][169]LogSkinnedMeshComp: Warning: GetSocketByName(torso_JNT): No SkeletalMesh for Component(CharacterMesh0) Actor(FirstPersonCharacter_C_0)
[2026.04.04-10.19.11:610][169]LogSkinnedMeshComp: Warning: GetSocketByName(torso_JNT): No SkeletalMesh for Component(CharacterMesh0) Actor(FirstPersonCharacter_C_0)
[2026.04.04-10.19.11:624][170]LogSkinnedMeshComp: Warning: GetSocketByName(torso_JNT): No SkeletalMesh for Component(CharacterMesh0) Actor(FirstPersonCharacter_C_0)
[2026.04.04-10.19.11:624][170]LogSkinnedMeshComp: Warning: GetSocketByName(torso_JNT): No SkeletalMesh for Component(CharacterMesh0) Actor(FirstPersonCharacter_C_0)
[2026.04.04-10.19.11:652][171]LogSkinnedMeshComp: Warning: GetSocketByName(torso_JNT): No SkeletalMesh for Component(CharacterMesh0) Actor(FirstPersonCharacter_C_0)
[2026.04.04-10.19.11:652][171]LogSkinnedMeshComp: Warning: GetSocketByName(torso_JNT): No SkeletalMesh for Component(CharacterMesh0) Actor(FirstPersonCharacter_C_0)
[2026.04.04-10.19.11:690][172]LogSkinnedMeshComp: Warning: GetSocketByName(torso_JNT): No SkeletalMesh for Component(CharacterMesh0) Actor(FirstPersonCharacter_C_0)
[2026.04.04-10.19.11:690][172]LogSkinnedMeshComp: Warning: GetSocketByName(torso_JNT): No SkeletalMesh for Component(CharacterMesh0) Actor(FirstPersonCharacter_C_0)
[2026.04.04-10.19.11:732][173]LogSkinnedMeshComp: Warning: GetSocketByName(torso_JNT): No SkeletalMesh for Component(CharacterMesh0) Actor(FirstPersonCharacter_C_0)
[2026.04.04-10.19.11:732][173]LogSkinnedMeshComp: Warning: GetSocketByName(torso_JNT): No SkeletalMesh for Component(CharacterMesh0) Actor(FirstPersonCharacter_C_0)
[2026.04.04-10.19.11:771][174]LogSkinnedMeshComp: Warning: GetSocketByName(torso_JNT): No SkeletalMesh for Component(CharacterMesh0) Actor(FirstPersonCharacter_C_0)
[2026.04.04-10.19.11:771][174]LogSkinnedMeshComp: Warning: GetSocketByName(torso_JNT): No SkeletalMesh for Component(CharacterMesh0) Actor(FirstPersonCharacter_C_0)
[2026.04.04-10.19.11:809][175]LogSkinnedMeshComp: Warning: GetSocketByName(torso_JNT): No SkeletalMesh for Component(CharacterMesh0) Actor(FirstPersonCharacter_C_0)
[2026.04.04-10.19.11:809][175]LogSkinnedMeshComp: Warning: GetSocketByName(torso_JNT): No SkeletalMesh for Component(CharacterMesh0) Actor(FirstPersonCharacter_C_0)
[2026.04.04-10.19.11:850][176]LogSkinnedMeshComp: Warning: GetSocketByName(torso_JNT): No SkeletalMesh for Component(CharacterMesh0) Actor(FirstPersonCharacter_C_0)
[2026.04.04-10.19.11:886][177]LogSkinnedMeshComp: Warning: GetSocketByName(torso_JNT): No SkeletalMesh for Component(CharacterMesh0) Actor(FirstPersonCharacter_C_0)
[2026.04.04-10.19.11:923][178]LogSkinnedMeshComp: Warning: GetSocketByName(torso_JNT): No SkeletalMesh for Component(CharacterMesh0) Actor(FirstPersonCharacter_C_0)
[2026.04.04-10.19.11:923][178]LogSkinnedMeshComp: Warning: GetSocketByName(torso_JNT): No SkeletalMesh for Component(CharacterMesh0) Actor(FirstPersonCharacter_C_0)
[2026.04.04-10.19.11:968][179]LogSkinnedMeshComp: Warning: GetSocketByName(torso_JNT): No SkeletalMesh for Component(CharacterMesh0) Actor(FirstPersonCharacter_C_0)
[2026.04.04-10.19.11:969][179]LogSkinnedMeshComp: Warning: GetSocketByName(torso_JNT): No SkeletalMesh for Component(CharacterMesh0) Actor(FirstPersonCharacter_C_0)
[2026.04.04-10.19.12:003][180]LogSkinnedMeshComp: Warning: GetSocketByName(torso_JNT): No SkeletalMesh for Component(CharacterMesh0) Actor(FirstPersonCharacter_C_0)
[2026.04.04-10.19.12:003][180]LogSkinnedMeshComp: Warning: GetSocketByName(torso_JNT): No SkeletalMesh for Component(CharacterMesh0) Actor(FirstPersonCharacter_C_0)
[2026.04.04-10.19.12:040][181]LogSkinnedMeshComp: Warning: GetSocketByName(torso_JNT): No SkeletalMesh for Component(CharacterMesh0) Actor(FirstPersonCharacter_C_0)
[2026.04.04-10.19.12:040][181]LogSkinnedMeshComp: Warning: GetSocketByName(torso_JNT): No SkeletalMesh for Component(CharacterMesh0) Actor(FirstPersonCharacter_C_0)
[2026.04.04-10.19.12:079][182]LogSkinnedMeshComp: Warning: GetSocketByName(torso_JNT): No SkeletalMesh for Component(CharacterMesh0) Actor(FirstPersonCharacter_C_0)
[2026.04.04-10.19.12:079][182]LogSkinnedMeshComp: Warning: GetSocketByName(torso_JNT): No SkeletalMesh for Component(CharacterMesh0) Actor(FirstPersonCharacter_C_0)
[2026.04.04-10.19.12:119][183]LogSkinnedMeshComp: Warning: GetSocketByName(torso_JNT): No SkeletalMesh for Component(CharacterMesh0) Actor(FirstPersonCharacter_C_0)
[2026.04.04-10.19.12:120][183]LogSkinnedMeshComp: Warning: GetSocketByName(torso_JNT): No SkeletalMesh for Component(CharacterMesh0) Actor(FirstPersonCharacter_C_0)
[2026.04.04-10.19.12:158][184]LogSkinnedMeshComp: Warning: GetSocketByName(torso_JNT): No SkeletalMesh for Component(CharacterMesh0) Actor(FirstPersonCharacter_C_0)
[2026.04.04-10.19.12:158][184]LogSkinnedMeshComp: Warning: GetSocketByName(torso_JNT): No SkeletalMesh for Component(CharacterMesh0) Actor(FirstPersonCharacter_C_0)
[2026.04.04-10.19.12:205][185]LogSkinnedMeshComp: Warning: GetSocketByName(torso_JNT): No SkeletalMesh for Component(CharacterMesh0) Actor(FirstPersonCharacter_C_0)
[2026.04.04-10.19.12:205][185]LogSkinnedMeshComp: Warning: GetSocketByName(torso_JNT): No SkeletalMesh for Component(CharacterMesh0) Actor(FirstPersonCharacter_C_0)
[2026.04.04-10.19.12:245][186]LogSkinnedMeshComp: Warning: GetSocketByName(torso_JNT): No SkeletalMesh for Component(CharacterMesh0) Actor(FirstPersonCharacter_C_0)
[2026.04.04-10.19.12:245][186]LogSkinnedMeshComp: Warning: GetSocketByName(torso_JNT): No SkeletalMesh for Component(CharacterMesh0) Actor(FirstPersonCharacter_C_0)
[2026.04.04-10.19.12:295][187]LogSkinnedMeshComp: Warning: GetSocketByName(torso_JNT): No SkeletalMesh for Component(CharacterMesh0) Actor(FirstPersonCharacter_C_0)
[2026.04.04-10.19.12:350][188]LogSkinnedMeshComp: Warning: GetSocketByName(torso_JNT): No SkeletalMesh for Component(CharacterMesh0) Actor(FirstPersonCharacter_C_0)
[2026.04.04-10.19.12:392][189]LogSkinnedMeshComp: Warning: GetSocketByName(torso_JNT): No SkeletalMesh for Component(CharacterMesh0) Actor(FirstPersonCharacter_C_0)
[2026.04.04-10.19.12:438][190]LogSkinnedMeshComp: Warning: GetSocketByName(torso_JNT): No SkeletalMesh for Component(CharacterMesh0) Actor(FirstPersonCharacter_C_0)
[2026.04.04-10.19.12:482][191]LogSkinnedMeshComp: Warning: GetSocketByName(torso_JNT): No SkeletalMesh for Component(CharacterMesh0) Actor(FirstPersonCharacter_C_0)
[2026.04.04-10.19.12:529][192]LogSkinnedMeshComp: Warning: GetSocketByName(torso_JNT): No SkeletalMesh for Component(CharacterMesh0) Actor(FirstPersonCharacter_C_0)
[2026.04.04-10.19.12:574][193]LogSkinnedMeshComp: Warning: GetSocketByName(torso_JNT): No SkeletalMesh for Component(CharacterMesh0) Actor(FirstPersonCharacter_C_0)
[2026.04.04-10.19.12:575][193]LogSkinnedMeshComp: Warning: GetSocketByName(torso_JNT): No SkeletalMesh for Component(CharacterMesh0) Actor(FirstPersonCharacter_C_0)
[2026.04.04-10.19.12:623][194]LogSkinnedMeshComp: Warning: GetSocketByName(torso_JNT): No SkeletalMesh for Component(CharacterMesh0) Actor(FirstPersonCharacter_C_0)
[2026.04.04-10.19.12:623][194]LogSkinnedMeshComp: Warning: GetSocketByName(torso_JNT): No SkeletalMesh for Component(CharacterMesh0) Actor(FirstPersonCharacter_C_0)
[2026.04.04-10.19.12:668][195]LogSkinnedMeshComp: Warning: GetSocketByName(torso_JNT): No SkeletalMesh for Component(CharacterMesh0) Actor(FirstPersonCharacter_C_0)
[2026.04.04-10.19.12:668][195]LogSkinnedMeshComp: Warning: GetSocketByName(torso_JNT): No SkeletalMesh for Component(CharacterMesh0) Actor(FirstPersonCharacter_C_0)
[2026.04.04-10.19.12:724][196]LogSkinnedMeshComp: Warning: GetSocketByName(torso_JNT): No SkeletalMesh for Component(CharacterMesh0) Actor(FirstPersonCharacter_C_0)
[2026.04.04-10.19.12:724][196]LogSkinnedMeshComp: Warning: GetSocketByName(torso_JNT): No SkeletalMesh for Component(CharacterMesh0) Actor(FirstPersonCharacter_C_0)
[2026.04.04-10.19.12:770][197]LogSkinnedMeshComp: Warning: GetSocketByName(torso_JNT): No SkeletalMesh for Component(CharacterMesh0) Actor(FirstPersonCharacter_C_0)
[2026.04.04-10.19.12:772][197]LogSkinnedMeshComp: Warning: GetSocketByName(torso_JNT): No SkeletalMesh for Component(CharacterMesh0) Actor(FirstPersonCharacter_C_0)
[2026.04.04-10.19.12:820][198]LogSkinnedMeshComp: Warning: GetSocketByName(torso_JNT): No SkeletalMesh for Component(CharacterMesh0) Actor(FirstPersonCharacter_C_0)
[2026.04.04-10.19.12:821][198]LogSkinnedMeshComp: Warning: GetSocketByName(torso_JNT): No SkeletalMesh for Component(CharacterMesh0) Actor(FirstPersonCharacter_C_0)
[2026.04.04-10.19.12:871][199]LogSkinnedMeshComp: Warning: GetSocketByName(torso_JNT): No SkeletalMesh for Component(CharacterMesh0) Actor(FirstPersonCharacter_C_0)
[2026.04.04-10.19.12:872][199]LogSkinnedMeshComp: Warning: GetSocketByName(torso_JNT): No SkeletalMesh for Component(CharacterMesh0) Actor(FirstPersonCharacter_C_0)
[2026.04.04-10.19.12:913][200]LogSkinnedMeshComp: Warning: GetSocketByName(torso_JNT): No SkeletalMesh for Component(CharacterMesh0) Actor(FirstPersonCharacter_C_0)
[2026.04.04-10.19.12:914][200]LogSkinnedMeshComp: Warning: GetSocketByName(torso_JNT): No SkeletalMesh for Component(CharacterMesh0) Actor(FirstPersonCharacter_C_0)
[2026.04.04-10.19.12:961][201]LogSkinnedMeshComp: Warning: GetSocketByName(torso_JNT): No SkeletalMesh for Component(CharacterMesh0) Actor(FirstPersonCharacter_C_0)
[2026.04.04-10.19.12:962][201]LogSkinnedMeshComp: Warning: GetSocketByName(torso_JNT): No SkeletalMesh for Component(CharacterMesh0) Actor(FirstPersonCharacter_C_0)
[2026.04.04-10.19.13:012][202]LogSkinnedMeshComp: Warning: GetSocketByName(torso_JNT): No SkeletalMesh for Component(CharacterMesh0) Actor(FirstPersonCharacter_C_0)
[2026.04.04-10.19.13:012][202]LogSkinnedMeshComp: Warning: GetSocketByName(torso_JNT): No SkeletalMesh for Component(CharacterMesh0) Actor(FirstPersonCharacter_C_0)
[2026.04.04-10.19.13:057][203]LogSkinnedMeshComp: Warning: GetSocketByName(torso_JNT): No SkeletalMesh for Component(CharacterMesh0) Actor(FirstPersonCharacter_C_0)
[2026.04.04-10.19.13:058][203]LogSkinnedMeshComp: Warning: GetSocketByName(torso_JNT): No SkeletalMesh for Component(CharacterMesh0) Actor(FirstPersonCharacter_C_0)
[2026.04.04-10.19.13:097][204]LogSkinnedMeshComp: Warning: GetSocketByName(torso_JNT): No SkeletalMesh for Component(CharacterMesh0) Actor(FirstPersonCharacter_C_0)
[2026.04.04-10.19.13:097][204]LogSkinnedMeshComp: Warning: GetSocketByName(torso_JNT): No SkeletalMesh for Component(CharacterMesh0) Actor(FirstPersonCharacter_C_0)
[2026.04.04-10.19.13:150][205]LogSkinnedMeshComp: Warning: GetSocketByName(torso_JNT): No SkeletalMesh for Component(CharacterMesh0) Actor(FirstPersonCharacter_C_0)
[2026.04.04-10.19.13:193][206]LogSkinnedMeshComp: Warning: GetSocketByName(torso_JNT): No SkeletalMesh for Component(CharacterMesh0) Actor(FirstPersonCharacter_C_0)
[2026.04.04-10.19.13:242][207]LogSkinnedMeshComp: Warning: GetSocketByName(torso_JNT): No SkeletalMesh for Component(CharacterMesh0) Actor(FirstPersonCharacter_C_0)
[2026.04.04-10.19.13:287][208]LogSkinnedMeshComp: Warning: GetSocketByName(torso_JNT): No SkeletalMesh for Component(CharacterMesh0) Actor(FirstPersonCharacter_C_0)
[2026.04.04-10.19.13:332][209]LogSkinnedMeshComp: Warning: GetSocketByName(torso_JNT): No SkeletalMesh for Component(CharacterMesh0) Actor(FirstPersonCharacter_C_0)
[2026.04.04-10.19.13:382][210]LogSkinnedMeshComp: Warning: GetSocketByName(torso_JNT): No SkeletalMesh for Component(CharacterMesh0) Actor(FirstPersonCharacter_C_0)
[2026.04.04-10.19.13:439][211]LogSkinnedMeshComp: Warning: GetSocketByName(torso_JNT): No SkeletalMesh for Component(CharacterMesh0) Actor(FirstPersonCharacter_C_0)
[2026.04.04-10.19.13:482][212]LogSkinnedMeshComp: Warning: GetSocketByName(torso_JNT): No SkeletalMesh for Component(CharacterMesh0) Actor(FirstPersonCharacter_C_0)
[2026.04.04-10.19.13:534][213]LogSkinnedMeshComp: Warning: GetSocketByName(torso_JNT): No SkeletalMesh for Component(CharacterMesh0) Actor(FirstPersonCharacter_C_0)
[2026.04.04-10.19.13:534][213]LogSkinnedMeshComp: Warning: GetSocketByName(torso_JNT): No SkeletalMesh for Component(CharacterMesh0) Actor(FirstPersonCharacter_C_0)
[2026.04.04-10.19.13:580][214]LogSkinnedMeshComp: Warning: GetSocketByName(torso_JNT): No SkeletalMesh for Component(CharacterMesh0) Actor(FirstPersonCharacter_C_0)
[2026.04.04-10.19.13:581][214]LogSkinnedMeshComp: Warning: GetSocketByName(torso_JNT): No SkeletalMesh for Component(CharacterMesh0) Actor(FirstPersonCharacter_C_0)
[2026.04.04-10.19.13:624][215]LogSkinnedMeshComp: Warning: GetSocketByName(torso_JNT): No SkeletalMesh for Component(CharacterMesh0) Actor(FirstPersonCharacter_C_0)
[2026.04.04-10.19.13:624][215]LogSkinnedMeshComp: Warning: GetSocketByName(torso_JNT): No SkeletalMesh for Component(CharacterMesh0) Actor(FirstPersonCharacter_C_0)
[2026.04.04-10.19.13:673][216]LogSkinnedMeshComp: Warning: GetSocketByName(torso_JNT): No SkeletalMesh for Component(CharacterMesh0) Actor(FirstPersonCharacter_C_0)
[2026.04.04-10.19.13:673][216]LogSkinnedMeshComp: Warning: GetSocketByName(torso_JNT): No SkeletalMesh for Component(CharacterMesh0) Actor(FirstPersonCharacter_C_0)
[2026.04.04-10.19.13:718][217]LogSkinnedMeshComp: Warning: GetSocketByName(torso_JNT): No SkeletalMesh for Component(CharacterMesh0) Actor(FirstPersonCharacter_C_0)
[2026.04.04-10.19.13:768][218]LogSkinnedMeshComp: Warning: GetSocketByName(torso_JNT): No SkeletalMesh for Component(CharacterMesh0) Actor(FirstPersonCharacter_C_0)
[2026.04.04-10.19.13:811][219]LogSkinnedMeshComp: Warning: GetSocketByName(torso_JNT): No SkeletalMesh for Component(CharacterMesh0) Actor(FirstPersonCharacter_C_0)
[2026.04.04-10.19.13:857][220]LogSkinnedMeshComp: Warning: GetSocketByName(torso_JNT): No SkeletalMesh for Component(CharacterMesh0) Actor(FirstPersonCharacter_C_0)
[2026.04.04-10.19.13:906][221]LogSkinnedMeshComp: Warning: GetSocketByName(torso_JNT): No SkeletalMesh for Component(CharacterMesh0) Actor(FirstPersonCharacter_C_0)
[2026.04.04-10.19.13:955][222]LogSkinnedMeshComp: Warning: GetSocketByName(torso_JNT): No SkeletalMesh for Component(CharacterMesh0) Actor(FirstPersonCharacter_C_0)
[2026.04.04-10.19.13:998][223]LogSkinnedMeshComp: Warning: GetSocketByName(torso_JNT): No SkeletalMesh for Component(CharacterMesh0) Actor(FirstPersonCharacter_C_0)
[2026.04.04-10.19.14:048][224]LogSkinnedMeshComp: Warning: GetSocketByName(torso_JNT): No SkeletalMesh for Component(CharacterMesh0) Actor(FirstPersonCharacter_C_0)
[2026.04.04-10.19.14:139][226]LogSkinnedMeshComp: Warning: GetSocketByName(torso_JNT): No SkeletalMesh for Component(CharacterMesh0) Actor(FirstPersonCharacter_C_0)
[2026.04.04-10.19.14:190][227]LogSkinnedMeshComp: Warning: GetSocketByName(torso_JNT): No SkeletalMesh for Component(CharacterMesh0) Actor(FirstPersonCharacter_C_0)
[2026.04.04-10.19.14:233][228]LogSkinnedMeshComp: Warning: GetSocketByName(torso_JNT): No SkeletalMesh for Component(CharacterMesh0) Actor(FirstPersonCharacter_C_0)
[2026.04.04-10.19.14:282][229]LogSkinnedMeshComp: Warning: GetSocketByName(torso_JNT): No SkeletalMesh for Component(CharacterMesh0) Actor(FirstPersonCharacter_C_0)
[2026.04.04-10.19.14:325][230]LogSkinnedMeshComp: Warning: GetSocketByName(torso_JNT): No SkeletalMesh for Component(CharacterMesh0) Actor(FirstPersonCharacter_C_0)
[2026.04.04-10.19.14:377][231]LogSkinnedMeshComp: Warning: GetSocketByName(torso_JNT): No SkeletalMesh for Component(CharacterMesh0) Actor(FirstPersonCharacter_C_0)
[2026.04.04-10.19.14:422][232]LogSkinnedMeshComp: Warning: GetSocketByName(torso_JNT): No SkeletalMesh for Component(CharacterMesh0) Actor(FirstPersonCharacter_C_0)
[2026.04.04-10.19.14:473][233]LogSkinnedMeshComp: Warning: GetSocketByName(torso_JNT): No SkeletalMesh for Component(CharacterMesh0) Actor(FirstPersonCharacter_C_0)
[2026.04.04-10.19.14:530][234]LogSkinnedMeshComp: Warning: GetSocketByName(torso_JNT): No SkeletalMesh for Component(CharacterMesh0) Actor(FirstPersonCharacter_C_0)
[2026.04.04-10.19.14:582][235]LogSkinnedMeshComp: Warning: GetSocketByName(torso_JNT): No SkeletalMesh for Component(CharacterMesh0) Actor(FirstPersonCharacter_C_0)
[2026.04.04-10.19.14:624][236]LogSkinnedMeshComp: Warning: GetSocketByName(torso_JNT): No SkeletalMesh for Component(CharacterMesh0) Actor(FirstPersonCharacter_C_0)
[2026.04.04-10.19.14:675][237]LogSkinnedMeshComp: Warning: GetSocketByName(torso_JNT): No SkeletalMesh for Component(CharacterMesh0) Actor(FirstPersonCharacter_C_0)
[2026.04.04-10.19.14:718][238]LogSkinnedMeshComp: Warning: GetSocketByName(torso_JNT): No SkeletalMesh for Component(CharacterMesh0) Actor(FirstPersonCharacter_C_0)
[2026.04.04-10.19.14:768][239]LogSkinnedMeshComp: Warning: GetSocketByName(torso_JNT): No SkeletalMesh for Component(CharacterMesh0) Actor(FirstPersonCharacter_C_0)
[2026.04.04-10.19.14:818][240]LogSkinnedMeshComp: Warning: GetSocketByName(torso_JNT): No SkeletalMesh for Component(CharacterMesh0) Actor(FirstPersonCharacter_C_0)
[2026.04.04-10.19.14:859][241]LogSkinnedMeshComp: Warning: GetSocketByName(torso_JNT): No SkeletalMesh for Component(CharacterMesh0) Actor(FirstPersonCharacter_C_0)
[2026.04.04-10.19.14:912][242]LogSkinnedMeshComp: Warning: GetSocketByName(torso_JNT): No SkeletalMesh for Component(CharacterMesh0) Actor(FirstPersonCharacter_C_0)
[2026.04.04-10.19.14:957][243]LogSkinnedMeshComp: Warning: GetSocketByName(torso_JNT): No SkeletalMesh for Component(CharacterMesh0) Actor(FirstPersonCharacter_C_0)
[2026.04.04-10.19.15:004][244]LogSkinnedMeshComp: Warning: GetSocketByName(torso_JNT): No SkeletalMesh for Component(CharacterMesh0) Actor(FirstPersonCharacter_C_0)
[2026.04.04-10.19.15:048][245]LogSkinnedMeshComp: Warning: GetSocketByName(torso_JNT): No SkeletalMesh for Component(CharacterMesh0) Actor(FirstPersonCharacter_C_0)
[2026.04.04-10.19.15:096][246]LogSkinnedMeshComp: Warning: GetSocketByName(torso_JNT): No SkeletalMesh for Component(CharacterMesh0) Actor(FirstPersonCharacter_C_0)
[2026.04.04-10.19.15:144][247]LogSkinnedMeshComp: Warning: GetSocketByName(torso_JNT): No SkeletalMesh for Component(CharacterMesh0) Actor(FirstPersonCharacter_C_0)
[2026.04.04-10.19.15:286][250]LogSkinnedMeshComp: Warning: GetSocketByName(torso_JNT): No SkeletalMesh for Component(CharacterMesh0) Actor(FirstPersonCharacter_C_0)
[2026.04.04-10.19.15:330][251]LogSkinnedMeshComp: Warning: GetSocketByName(torso_JNT): No SkeletalMesh for Component(CharacterMesh0) Actor(FirstPersonCharacter_C_0)
[2026.04.04-10.19.15:477][254]LogSkinnedMeshComp: Warning: GetSocketByName(torso_JNT): No SkeletalMesh for Component(CharacterMesh0) Actor(FirstPersonCharacter_C_0)
[2026.04.04-10.19.15:478][254]LogSkinnedMeshComp: Warning: GetSocketByName(torso_JNT): No SkeletalMesh for Component(CharacterMesh0) Actor(FirstPersonCharacter_C_0)
[2026.04.04-10.19.15:524][255]LogSkinnedMeshComp: Warning: GetSocketByName(torso_JNT): No SkeletalMesh for Component(CharacterMesh0) Actor(FirstPersonCharacter_C_0)
[2026.04.04-10.19.15:524][255]LogSkinnedMeshComp: Warning: GetSocketByName(torso_JNT): No SkeletalMesh for Component(CharacterMesh0) Actor(FirstPersonCharacter_C_0)
[2026.04.04-10.19.15:574][256]LogSkinnedMeshComp: Warning: GetSocketByName(torso_JNT): No SkeletalMesh for Component(CharacterMesh0) Actor(FirstPersonCharacter_C_0)
[2026.04.04-10.19.15:575][256]LogSkinnedMeshComp: Warning: GetSocketByName(torso_JNT): No SkeletalMesh for Component(CharacterMesh0) Actor(FirstPersonCharacter_C_0)
[2026.04.04-10.19.15:629][257]LogSkinnedMeshComp: Warning: GetSocketByName(torso_JNT): No SkeletalMesh for Component(CharacterMesh0) Actor(FirstPersonCharacter_C_0)
[2026.04.04-10.19.15:629][257]LogSkinnedMeshComp: Warning: GetSocketByName(torso_JNT): No SkeletalMesh for Component(CharacterMesh0) Actor(FirstPersonCharacter_C_0)
[2026.04.04-10.19.15:675][258]LogSkinnedMeshComp: Warning: GetSocketByName(torso_JNT): No SkeletalMesh for Component(CharacterMesh0) Actor(FirstPersonCharacter_C_0)
[2026.04.04-10.19.15:675][258]LogSkinnedMeshComp: Warning: GetSocketByName(torso_JNT): No SkeletalMesh for Component(CharacterMesh0) Actor(FirstPersonCharacter_C_0)
[2026.04.04-10.19.15:722][259]LogSkinnedMeshComp: Warning: GetSocketByName(torso_JNT): No SkeletalMesh for Component(CharacterMesh0) Actor(FirstPersonCharacter_C_0)
[2026.04.04-10.19.15:723][259]LogSkinnedMeshComp: Warning: GetSocketByName(torso_JNT): No SkeletalMesh for Component(CharacterMesh0) Actor(FirstPersonCharacter_C_0)
[2026.04.04-10.19.15:757][260]LogSkinnedMeshComp: Warning: GetSocketByName(torso_JNT): No SkeletalMesh for Component(CharacterMesh0) Actor(FirstPersonCharacter_C_0)
[2026.04.04-10.19.15:758][260]LogSkinnedMeshComp: Warning: GetSocketByName(torso_JNT): No SkeletalMesh for Component(CharacterMesh0) Actor(FirstPersonCharacter_C_0)
[2026.04.04-10.19.15:792][261]LogSkinnedMeshComp: Warning: GetSocketByName(torso_JNT): No SkeletalMesh for Component(CharacterMesh0) Actor(FirstPersonCharacter_C_0)
[2026.04.04-10.19.15:792][261]LogSkinnedMeshComp: Warning: GetSocketByName(torso_JNT): No SkeletalMesh for Component(CharacterMesh0) Actor(FirstPersonCharacter_C_0)
[2026.04.04-10.19.15:832][262]LogSkinnedMeshComp: Warning: GetSocketByName(torso_JNT): No SkeletalMesh for Component(CharacterMesh0) Actor(FirstPersonCharacter_C_0)
[2026.04.04-10.19.15:835][262]LogSkinnedMeshComp: Warning: GetSocketByName(torso_JNT): No SkeletalMesh for Component(CharacterMesh0) Actor(FirstPersonCharacter_C_0)
[2026.04.04-10.19.15:870][263]LogSkinnedMeshComp: Warning: GetSocketByName(torso_JNT): No SkeletalMesh for Component(CharacterMesh0) Actor(FirstPersonCharacter_C_0)
[2026.04.04-10.19.15:870][263]LogSkinnedMeshComp: Warning: GetSocketByName(torso_JNT): No SkeletalMesh for Component(CharacterMesh0) Actor(FirstPersonCharacter_C_0)
[2026.04.04-10.19.15:911][264]LogSkinnedMeshComp: Warning: GetSocketByName(torso_JNT): No SkeletalMesh for Component(CharacterMesh0) Actor(FirstPersonCharacter_C_0)
[2026.04.04-10.19.15:912][264]LogSkinnedMeshComp: Warning: GetSocketByName(torso_JNT): No SkeletalMesh for Component(CharacterMesh0) Actor(FirstPersonCharacter_C_0)
[2026.04.04-10.19.15:950][265]LogSkinnedMeshComp: Warning: GetSocketByName(torso_JNT): No SkeletalMesh for Component(CharacterMesh0) Actor(FirstPersonCharacter_C_0)
[2026.04.04-10.19.15:990][266]LogSkinnedMeshComp: Warning: GetSocketByName(torso_JNT): No SkeletalMesh for Component(CharacterMesh0) Actor(FirstPersonCharacter_C_0)
[2026.04.04-10.19.16:026][267]LogSkinnedMeshComp: Warning: GetSocketByName(torso_JNT): No SkeletalMesh for Component(CharacterMesh0) Actor(FirstPersonCharacter_C_0)
[2026.04.04-10.19.16:072][268]LogSkinnedMeshComp: Warning: GetSocketByName(torso_JNT): No SkeletalMesh for Component(CharacterMesh0) Actor(FirstPersonCharacter_C_0)
[2026.04.04-10.19.16:110][269]LogSkinnedMeshComp: Warning: GetSocketByName(torso_JNT): No SkeletalMesh for Component(CharacterMesh0) Actor(FirstPersonCharacter_C_0)
[2026.04.04-10.19.16:149][270]LogSkinnedMeshComp: Warning: GetSocketByName(torso_JNT): No SkeletalMesh for Component(CharacterMesh0) Actor(FirstPersonCharacter_C_0)
[2026.04.04-10.19.16:150][270]LogSkinnedMeshComp: Warning: GetSocketByName(torso_JNT): No SkeletalMesh for Component(CharacterMesh0) Actor(FirstPersonCharacter_C_0)
[2026.04.04-10.19.16:186][271]LogSkinnedMeshComp: Warning: GetSocketByName(torso_JNT): No SkeletalMesh for Component(CharacterMesh0) Actor(FirstPersonCharacter_C_0)
[2026.04.04-10.19.16:187][271]LogSkinnedMeshComp: Warning: GetSocketByName(torso_JNT): No SkeletalMesh for Component(CharacterMesh0) Actor(FirstPersonCharacter_C_0)
[2026.04.04-10.19.16:227][272]LogSkinnedMeshComp: Warning: GetSocketByName(torso_JNT): No SkeletalMesh for Component(CharacterMesh0) Actor(FirstPersonCharacter_C_0)
[2026.04.04-10.19.16:228][272]LogSkinnedMeshComp: Warning: GetSocketByName(torso_JNT): No SkeletalMesh for Component(CharacterMesh0) Actor(FirstPersonCharacter_C_0)
[2026.04.04-10.19.16:267][273]LogSkinnedMeshComp: Warning: GetSocketByName(torso_JNT): No SkeletalMesh for Component(CharacterMesh0) Actor(FirstPersonCharacter_C_0)
[2026.04.04-10.19.16:268][273]LogSkinnedMeshComp: Warning: GetSocketByName(torso_JNT): No SkeletalMesh for Component(CharacterMesh0) Actor(FirstPersonCharacter_C_0)
[2026.04.04-10.19.16:304][274]LogSkinnedMeshComp: Warning: GetSocketByName(torso_JNT): No SkeletalMesh for Component(CharacterMesh0) Actor(FirstPersonCharacter_C_0)
[2026.04.04-10.19.16:305][274]LogSkinnedMeshComp: Warning: GetSocketByName(torso_JNT): No SkeletalMesh for Component(CharacterMesh0) Actor(FirstPersonCharacter_C_0)
[2026.04.04-10.19.16:344][275]LogSkinnedMeshComp: Warning: GetSocketByName(torso_JNT): No SkeletalMesh for Component(CharacterMesh0) Actor(FirstPersonCharacter_C_0)
[2026.04.04-10.19.16:383][276]LogSkinnedMeshComp: Warning: GetSocketByName(torso_JNT): No SkeletalMesh for Component(CharacterMesh0) Actor(FirstPersonCharacter_C_0)
[2026.04.04-10.19.16:420][277]LogSkinnedMeshComp: Warning: GetSocketByName(torso_JNT): No SkeletalMesh for Component(CharacterMesh0) Actor(FirstPersonCharacter_C_0)
[2026.04.04-10.19.16:456][278]LogSkinnedMeshComp: Warning: GetSocketByName(torso_JNT): No SkeletalMesh for Component(CharacterMesh0) Actor(FirstPersonCharacter_C_0)
[2026.04.04-10.19.16:494][279]LogSkinnedMeshComp: Warning: GetSocketByName(torso_JNT): No SkeletalMesh for Component(CharacterMesh0) Actor(FirstPersonCharacter_C_0)
[2026.04.04-10.19.16:532][280]LogSkinnedMeshComp: Warning: GetSocketByName(torso_JNT): No SkeletalMesh for Component(CharacterMesh0) Actor(FirstPersonCharacter_C_0)
[2026.04.04-10.19.16:566][281]LogSkinnedMeshComp: Warning: GetSocketByName(torso_JNT): No SkeletalMesh for Component(CharacterMesh0) Actor(FirstPersonCharacter_C_0)
[2026.04.04-10.19.16:567][281]LogSkinnedMeshComp: Warning: GetSocketByName(torso_JNT): No SkeletalMesh for Component(CharacterMesh0) Actor(FirstPersonCharacter_C_0)
[2026.04.04-10.19.16:605][282]LogSkinnedMeshComp: Warning: GetSocketByName(torso_JNT): No SkeletalMesh for Component(CharacterMesh0) Actor(FirstPersonCharacter_C_0)
[2026.04.04-10.19.16:606][282]LogSkinnedMeshComp: Warning: GetSocketByName(torso_JNT): No SkeletalMesh for Component(CharacterMesh0) Actor(FirstPersonCharacter_C_0)
[2026.04.04-10.19.16:640][283]LogSkinnedMeshComp: Warning: GetSocketByName(torso_JNT): No SkeletalMesh for Component(CharacterMesh0) Actor(FirstPersonCharacter_C_0)
[2026.04.04-10.19.16:641][283]LogSkinnedMeshComp: Warning: GetSocketByName(torso_JNT): No SkeletalMesh for Component(CharacterMesh0) Actor(FirstPersonCharacter_C_0)
[2026.04.04-10.19.16:682][284]LogSkinnedMeshComp: Warning: GetSocketByName(torso_JNT): No SkeletalMesh for Component(CharacterMesh0) Actor(FirstPersonCharacter_C_0)
[2026.04.04-10.19.16:683][284]LogSkinnedMeshComp: Warning: GetSocketByName(torso_JNT): No SkeletalMesh for Component(CharacterMesh0) Actor(FirstPersonCharacter_C_0)
[2026.04.04-10.19.16:719][285]LogSkinnedMeshComp: Warning: GetSocketByName(torso_JNT): No SkeletalMesh for Component(CharacterMesh0) Actor(FirstPersonCharacter_C_0)
[2026.04.04-10.19.16:720][285]LogSkinnedMeshComp: Warning: GetSocketByName(torso_JNT): No SkeletalMesh for Component(CharacterMesh0) Actor(FirstPersonCharacter_C_0)
[2026.04.04-10.19.16:758][286]LogSkinnedMeshComp: Warning: GetSocketByName(torso_JNT): No SkeletalMesh for Component(CharacterMesh0) Actor(FirstPersonCharacter_C_0)
[2026.04.04-10.19.16:759][286]LogSkinnedMeshComp: Warning: GetSocketByName(torso_JNT): No SkeletalMesh for Component(CharacterMesh0) Actor(FirstPersonCharacter_C_0)
[2026.04.04-10.19.16:796][287]LogSkinnedMeshComp: Warning: GetSocketByName(torso_JNT): No SkeletalMesh for Component(CharacterMesh0) Actor(FirstPersonCharacter_C_0)
[2026.04.04-10.19.16:799][287]LogSkinnedMeshComp: Warning: GetSocketByName(torso_JNT): No SkeletalMesh for Component(CharacterMesh0) Actor(FirstPersonCharacter_C_0)
[2026.04.04-10.19.16:829][288]LogSkinnedMeshComp: Warning: GetSocketByName(torso_JNT): No SkeletalMesh for Component(CharacterMesh0) Actor(FirstPersonCharacter_C_0)
[2026.04.04-10.19.16:830][288]LogSkinnedMeshComp: Warning: GetSocketByName(torso_JNT): No SkeletalMesh for Component(CharacterMesh0) Actor(FirstPersonCharacter_C_0)
[2026.04.04-10.19.16:869][289]LogSkinnedMeshComp: Warning: GetSocketByName(torso_JNT): No SkeletalMesh for Component(CharacterMesh0) Actor(FirstPersonCharacter_C_0)
[2026.04.04-10.19.16:870][289]LogSkinnedMeshComp: Warning: GetSocketByName(torso_JNT): No SkeletalMesh for Component(CharacterMesh0) Actor(FirstPersonCharacter_C_0)
[2026.04.04-10.19.16:918][290]LogSkinnedMeshComp: Warning: GetSocketByName(torso_JNT): No SkeletalMesh for Component(CharacterMesh0) Actor(FirstPersonCharacter_C_0)
[2026.04.04-10.19.16:918][290]LogSkinnedMeshComp: Warning: GetSocketByName(torso_JNT): No SkeletalMesh for Component(CharacterMesh0) Actor(FirstPersonCharacter_C_0)
[2026.04.04-10.19.16:957][291]LogSkinnedMeshComp: Warning: GetSocketByName(torso_JNT): No SkeletalMesh for Component(CharacterMesh0) Actor(FirstPersonCharacter_C_0)
[2026.04.04-10.19.16:957][291]LogSkinnedMeshComp: Warning: GetSocketByName(torso_JNT): No SkeletalMesh for Component(CharacterMesh0) Actor(FirstPersonCharacter_C_0)
[2026.04.04-10.19.17:008][292]LogSkinnedMeshComp: Warning: GetSocketByName(torso_JNT): No SkeletalMesh for Component(CharacterMesh0) Actor(FirstPersonCharacter_C_0)
[2026.04.04-10.19.17:008][292]LogSkinnedMeshComp: Warning: GetSocketByName(torso_JNT): No SkeletalMesh for Component(CharacterMesh0) Actor(FirstPersonCharacter_C_0)
[2026.04.04-10.19.17:051][293]LogSkinnedMeshComp: Warning: GetSocketByName(torso_JNT): No SkeletalMesh for Component(CharacterMesh0) Actor(FirstPersonCharacter_C_0)
[2026.04.04-10.19.17:051][293]LogSkinnedMeshComp: Warning: GetSocketByName(torso_JNT): No SkeletalMesh for Component(CharacterMesh0) Actor(FirstPersonCharacter_C_0)
[2026.04.04-10.19.17:092][294]LogSkinnedMeshComp: Warning: GetSocketByName(torso_JNT): No SkeletalMesh for Component(CharacterMesh0) Actor(FirstPersonCharacter_C_0)
[2026.04.04-10.19.17:139][295]LogSkinnedMeshComp: Warning: GetSocketByName(torso_JNT): No SkeletalMesh for Component(CharacterMesh0) Actor(FirstPersonCharacter_C_0)
[2026.04.04-10.19.17:183][296]LogSkinnedMeshComp: Warning: GetSocketByName(torso_JNT): No SkeletalMesh for Component(CharacterMesh0) Actor(FirstPersonCharacter_C_0)
[2026.04.04-10.19.17:183][296]LogSkinnedMeshComp: Warning: GetSocketByName(torso_JNT): No SkeletalMesh for Component(CharacterMesh0) Actor(FirstPersonCharacter_C_0)
[2026.04.04-10.19.17:226][297]LogSkinnedMeshComp: Warning: GetSocketByName(torso_JNT): No SkeletalMesh for Component(CharacterMesh0) Actor(FirstPersonCharacter_C_0)
[2026.04.04-10.19.17:226][297]LogSkinnedMeshComp: Warning: GetSocketByName(torso_JNT): No SkeletalMesh for Component(CharacterMesh0) Actor(FirstPersonCharacter_C_0)
[2026.04.04-10.19.17:272][298]LogSkinnedMeshComp: Warning: GetSocketByName(torso_JNT): No SkeletalMesh for Component(CharacterMesh0) Actor(FirstPersonCharacter_C_0)
[2026.04.04-10.19.17:273][298]LogSkinnedMeshComp: Warning: GetSocketByName(torso_JNT): No SkeletalMesh for Component(CharacterMesh0) Actor(FirstPersonCharacter_C_0)
[2026.04.04-10.19.17:316][299]LogSkinnedMeshComp: Warning: GetSocketByName(torso_JNT): No SkeletalMesh for Component(CharacterMesh0) Actor(FirstPersonCharacter_C_0)
[2026.04.04-10.19.17:316][299]LogSkinnedMeshComp: Warning: GetSocketByName(torso_JNT): No SkeletalMesh for Component(CharacterMesh0) Actor(FirstPersonCharacter_C_0)
[2026.04.04-10.19.17:356][300]LogSkinnedMeshComp: Warning: GetSocketByName(torso_JNT): No SkeletalMesh for Component(CharacterMesh0) Actor(FirstPersonCharacter_C_0)
[2026.04.04-10.19.17:397][301]LogSkinnedMeshComp: Warning: GetSocketByName(torso_JNT): No SkeletalMesh for Component(CharacterMesh0) Actor(FirstPersonCharacter_C_0)
[2026.04.04-10.19.17:437][302]LogSkinnedMeshComp: Warning: GetSocketByName(torso_JNT): No SkeletalMesh for Component(CharacterMesh0) Actor(FirstPersonCharacter_C_0)
[2026.04.04-10.19.17:476][303]LogSkinnedMeshComp: Warning: GetSocketByName(torso_JNT): No SkeletalMesh for Component(CharacterMesh0) Actor(FirstPersonCharacter_C_0)
[2026.04.04-10.19.17:520][304]LogSkinnedMeshComp: Warning: GetSocketByName(torso_JNT): No SkeletalMesh for Component(CharacterMesh0) Actor(FirstPersonCharacter_C_0)
[2026.04.04-10.19.17:561][305]LogSkinnedMeshComp: Warning: GetSocketByName(torso_JNT): No SkeletalMesh for Component(CharacterMesh0) Actor(FirstPersonCharacter_C_0)
[2026.04.04-10.19.17:600][306]LogSkinnedMeshComp: Warning: GetSocketByName(torso_JNT): No SkeletalMesh for Component(CharacterMesh0) Actor(FirstPersonCharacter_C_0)
[2026.04.04-10.19.17:642][307]LogSkinnedMeshComp: Warning: GetSocketByName(torso_JNT): No SkeletalMesh for Component(CharacterMesh0) Actor(FirstPersonCharacter_C_0)
[2026.04.04-10.19.17:643][307]LogSkinnedMeshComp: Warning: GetSocketByName(torso_JNT): No SkeletalMesh for Component(CharacterMesh0) Actor(FirstPersonCharacter_C_0)
[2026.04.04-10.19.17:683][308]LogSkinnedMeshComp: Warning: GetSocketByName(torso_JNT): No SkeletalMesh for Component(CharacterMesh0) Actor(FirstPersonCharacter_C_0)
[2026.04.04-10.19.17:683][308]LogSkinnedMeshComp: Warning: GetSocketByName(torso_JNT): No SkeletalMesh for Component(CharacterMesh0) Actor(FirstPersonCharacter_C_0)
[2026.04.04-10.19.17:723][309]LogSkinnedMeshComp: Warning: GetSocketByName(torso_JNT): No SkeletalMesh for Component(CharacterMesh0) Actor(FirstPersonCharacter_C_0)
[2026.04.04-10.19.17:723][309]LogSkinnedMeshComp: Warning: GetSocketByName(torso_JNT): No SkeletalMesh for Component(CharacterMesh0) Actor(FirstPersonCharacter_C_0)
[2026.04.04-10.19.17:768][310]LogSkinnedMeshComp: Warning: GetSocketByName(torso_JNT): No SkeletalMesh for Component(CharacterMesh0) Actor(FirstPersonCharacter_C_0)
[2026.04.04-10.19.17:769][310]LogSkinnedMeshComp: Warning: GetSocketByName(torso_JNT): No SkeletalMesh for Component(CharacterMesh0) Actor(FirstPersonCharacter_C_0)
[2026.04.04-10.19.17:821][311]LogSkinnedMeshComp: Warning: GetSocketByName(torso_JNT): No SkeletalMesh for Component(CharacterMesh0) Actor(FirstPersonCharacter_C_0)
[2026.04.04-10.19.17:860][312]LogSkinnedMeshComp: Warning: GetSocketByName(torso_JNT): No SkeletalMesh for Component(CharacterMesh0) Actor(FirstPersonCharacter_C_0)
[2026.04.04-10.19.17:906][313]LogSkinnedMeshComp: Warning: GetSocketByName(torso_JNT): No SkeletalMesh for Component(CharacterMesh0) Actor(FirstPersonCharacter_C_0)
[2026.04.04-10.19.17:950][314]LogSkinnedMeshComp: Warning: GetSocketByName(torso_JNT): No SkeletalMesh for Component(CharacterMesh0) Actor(FirstPersonCharacter_C_0)
[2026.04.04-10.19.17:992][315]LogSkinnedMeshComp: Warning: GetSocketByName(torso_JNT): No SkeletalMesh for Component(CharacterMesh0) Actor(FirstPersonCharacter_C_0)
[2026.04.04-10.19.18:037][316]LogSkinnedMeshComp: Warning: GetSocketByName(torso_JNT): No SkeletalMesh for Component(CharacterMesh0) Actor(FirstPersonCharacter_C_0)
[2026.04.04-10.19.18:038][316]LogSkinnedMeshComp: Warning: GetSocketByName(torso_JNT): No SkeletalMesh for Component(CharacterMesh0) Actor(FirstPersonCharacter_C_0)
[2026.04.04-10.19.18:085][317]LogSkinnedMeshComp: Warning: GetSocketByName(torso_JNT): No SkeletalMesh for Component(CharacterMesh0) Actor(FirstPersonCharacter_C_0)
[2026.04.04-10.19.18:085][317]LogSkinnedMeshComp: Warning: GetSocketByName(torso_JNT): No SkeletalMesh for Component(CharacterMesh0) Actor(FirstPersonCharacter_C_0)
[2026.04.04-10.19.18:127][318]LogSkinnedMeshComp: Warning: GetSocketByName(torso_JNT): No SkeletalMesh for Component(CharacterMesh0) Actor(FirstPersonCharacter_C_0)
[2026.04.04-10.19.18:127][318]LogSkinnedMeshComp: Warning: GetSocketByName(torso_JNT): No SkeletalMesh for Component(CharacterMesh0) Actor(FirstPersonCharacter_C_0)
[2026.04.04-10.19.18:170][319]LogSkinnedMeshComp: Warning: GetSocketByName(torso_JNT): No SkeletalMesh for Component(CharacterMesh0) Actor(FirstPersonCharacter_C_0)
[2026.04.04-10.19.18:172][319]LogSkinnedMeshComp: Warning: GetSocketByName(torso_JNT): No SkeletalMesh for Component(CharacterMesh0) Actor(FirstPersonCharacter_C_0)
[2026.04.04-10.19.18:218][320]LogSkinnedMeshComp: Warning: GetSocketByName(torso_JNT): No SkeletalMesh for Component(CharacterMesh0) Actor(FirstPersonCharacter_C_0)
[2026.04.04-10.19.18:218][320]LogSkinnedMeshComp: Warning: GetSocketByName(torso_JNT): No SkeletalMesh for Component(CharacterMesh0) Actor(FirstPersonCharacter_C_0)
[2026.04.04-10.19.18:261][321]LogSkinnedMeshComp: Warning: GetSocketByName(torso_JNT): No SkeletalMesh for Component(CharacterMesh0) Actor(FirstPersonCharacter_C_0)
[2026.04.04-10.19.18:261][321]LogSkinnedMeshComp: Warning: GetSocketByName(torso_JNT): No SkeletalMesh for Component(CharacterMesh0) Actor(FirstPersonCharacter_C_0)
[2026.04.04-10.19.18:302][322]LogSkinnedMeshComp: Warning: GetSocketByName(torso_JNT): No SkeletalMesh for Component(CharacterMesh0) Actor(FirstPersonCharacter_C_0)
[2026.04.04-10.19.18:342][323]LogSkinnedMeshComp: Warning: GetSocketByName(torso_JNT): No SkeletalMesh for Component(CharacterMesh0) Actor(FirstPersonCharacter_C_0)
[2026.04.04-10.19.18:384][324]LogSkinnedMeshComp: Warning: GetSocketByName(torso_JNT): No SkeletalMesh for Component(CharacterMesh0) Actor(FirstPersonCharacter_C_0)
[2026.04.04-10.19.18:422][325]LogSkinnedMeshComp: Warning: GetSocketByName(torso_JNT): No SkeletalMesh for Component(CharacterMesh0) Actor(FirstPersonCharacter_C_0)
[2026.04.04-10.19.18:423][325]LogSkinnedMeshComp: Warning: GetSocketByName(torso_JNT): No SkeletalMesh for Component(CharacterMesh0) Actor(FirstPersonCharacter_C_0)
[2026.04.04-10.19.18:469][326]LogSkinnedMeshComp: Warning: GetSocketByName(torso_JNT): No SkeletalMesh for Component(CharacterMesh0) Actor(FirstPersonCharacter_C_0)
[2026.04.04-10.19.18:470][326]LogSkinnedMeshComp: Warning: GetSocketByName(torso_JNT): No SkeletalMesh for Component(CharacterMesh0) Actor(FirstPersonCharacter_C_0)
[2026.04.04-10.19.18:514][327]LogSkinnedMeshComp: Warning: GetSocketByName(torso_JNT): No SkeletalMesh for Component(CharacterMesh0) Actor(FirstPersonCharacter_C_0)
[2026.04.04-10.19.18:515][327]LogSkinnedMeshComp: Warning: GetSocketByName(torso_JNT): No SkeletalMesh for Component(CharacterMesh0) Actor(FirstPersonCharacter_C_0)
[2026.04.04-10.19.18:554][328]LogSkinnedMeshComp: Warning: GetSocketByName(torso_JNT): No SkeletalMesh for Component(CharacterMesh0) Actor(FirstPersonCharacter_C_0)
[2026.04.04-10.19.18:555][328]LogSkinnedMeshComp: Warning: GetSocketByName(torso_JNT): No SkeletalMesh for Component(CharacterMesh0) Actor(FirstPersonCharacter_C_0)
[2026.04.04-10.19.18:589][329]LogSkinnedMeshComp: Warning: GetSocketByName(torso_JNT): No SkeletalMesh for Component(CharacterMesh0) Actor(FirstPersonCharacter_C_0)
[2026.04.04-10.19.18:589][329]LogSkinnedMeshComp: Warning: GetSocketByName(torso_JNT): No SkeletalMesh for Component(CharacterMesh0) Actor(FirstPersonCharacter_C_0)
[2026.04.04-10.19.18:626][330]LogSkinnedMeshComp: Warning: GetSocketByName(torso_JNT): No SkeletalMesh for Component(CharacterMesh0) Actor(FirstPersonCharacter_C_0)
[2026.04.04-10.19.18:627][330]LogSkinnedMeshComp: Warning: GetSocketByName(torso_JNT): No SkeletalMesh for Component(CharacterMesh0) Actor(FirstPersonCharacter_C_0)
[2026.04.04-10.19.18:665][331]LogSkinnedMeshComp: Warning: GetSocketByName(torso_JNT): No SkeletalMesh for Component(CharacterMesh0) Actor(FirstPersonCharacter_C_0)
[2026.04.04-10.19.18:666][331]LogSkinnedMeshComp: Warning: GetSocketByName(torso_JNT): No SkeletalMesh for Component(CharacterMesh0) Actor(FirstPersonCharacter_C_0)
[2026.04.04-10.19.18:703][332]LogSkinnedMeshComp: Warning: GetSocketByName(torso_JNT): No SkeletalMesh for Component(CharacterMesh0) Actor(FirstPersonCharacter_C_0)
[2026.04.04-10.19.18:703][332]LogSkinnedMeshComp: Warning: GetSocketByName(torso_JNT): No SkeletalMesh for Component(CharacterMesh0) Actor(FirstPersonCharacter_C_0)
[2026.04.04-10.19.18:740][333]LogSkinnedMeshComp: Warning: GetSocketByName(torso_JNT): No SkeletalMesh for Component(CharacterMesh0) Actor(FirstPersonCharacter_C_0)
[2026.04.04-10.19.18:740][333]LogSkinnedMeshComp: Warning: GetSocketByName(torso_JNT): No SkeletalMesh for Component(CharacterMesh0) Actor(FirstPersonCharacter_C_0)
[2026.04.04-10.19.18:779][334]LogSkinnedMeshComp: Warning: GetSocketByName(torso_JNT): No SkeletalMesh for Component(CharacterMesh0) Actor(FirstPersonCharacter_C_0)
[2026.04.04-10.19.18:779][334]LogSkinnedMeshComp: Warning: GetSocketByName(torso_JNT): No SkeletalMesh for Component(CharacterMesh0) Actor(FirstPersonCharacter_C_0)
[2026.04.04-10.19.18:809][335]LogSkinnedMeshComp: Warning: GetSocketByName(torso_JNT): No SkeletalMesh for Component(CharacterMesh0) Actor(FirstPersonCharacter_C_0)
[2026.04.04-10.19.18:810][335]LogSkinnedMeshComp: Warning: GetSocketByName(torso_JNT): No SkeletalMesh for Component(CharacterMesh0) Actor(FirstPersonCharacter_C_0)
[2026.04.04-10.19.18:844][336]LogSkinnedMeshComp: Warning: GetSocketByName(torso_JNT): No SkeletalMesh for Component(CharacterMesh0) Actor(FirstPersonCharacter_C_0)
[2026.04.04-10.19.18:844][336]LogSkinnedMeshComp: Warning: GetSocketByName(torso_JNT): No SkeletalMesh for Component(CharacterMesh0) Actor(FirstPersonCharacter_C_0)
[2026.04.04-10.19.18:890][337]LogSkinnedMeshComp: Warning: GetSocketByName(torso_JNT): No SkeletalMesh for Component(CharacterMesh0) Actor(FirstPersonCharacter_C_0)
[2026.04.04-10.19.18:890][337]LogSkinnedMeshComp: Warning: GetSocketByName(torso_JNT): No SkeletalMesh for Component(CharacterMesh0) Actor(FirstPersonCharacter_C_0)
[2026.04.04-10.19.18:929][338]LogSkinnedMeshComp: Warning: GetSocketByName(torso_JNT): No SkeletalMesh for Component(CharacterMesh0) Actor(FirstPersonCharacter_C_0)
[2026.04.04-10.19.18:929][338]LogSkinnedMeshComp: Warning: GetSocketByName(torso_JNT): No SkeletalMesh for Component(CharacterMesh0) Actor(FirstPersonCharacter_C_0)
[2026.04.04-10.19.18:967][339]LogSkinnedMeshComp: Warning: GetSocketByName(torso_JNT): No SkeletalMesh for Component(CharacterMesh0) Actor(FirstPersonCharacter_C_0)
[2026.04.04-10.19.18:969][339]LogSkinnedMeshComp: Warning: GetSocketByName(torso_JNT): No SkeletalMesh for Component(CharacterMesh0) Actor(FirstPersonCharacter_C_0)
[2026.04.04-10.19.19:006][340]LogSkinnedMeshComp: Warning: GetSocketByName(torso_JNT): No SkeletalMesh for Component(CharacterMesh0) Actor(FirstPersonCharacter_C_0)
[2026.04.04-10.19.19:048][341]LogSkinnedMeshComp: Warning: GetSocketByName(torso_JNT): No SkeletalMesh for Component(CharacterMesh0) Actor(FirstPersonCharacter_C_0)
[2026.04.04-10.19.19:084][342]LogSkinnedMeshComp: Warning: GetSocketByName(torso_JNT): No SkeletalMesh for Component(CharacterMesh0) Actor(FirstPersonCharacter_C_0)
[2026.04.04-10.19.19:123][343]LogSkinnedMeshComp: Warning: GetSocketByName(torso_JNT): No SkeletalMesh for Component(CharacterMesh0) Actor(FirstPersonCharacter_C_0)
[2026.04.04-10.19.19:170][344]LogSkinnedMeshComp: Warning: GetSocketByName(torso_JNT): No SkeletalMesh for Component(CharacterMesh0) Actor(FirstPersonCharacter_C_0)
[2026.04.04-10.19.19:170][344]LogSkinnedMeshComp: Warning: GetSocketByName(torso_JNT): No SkeletalMesh for Component(CharacterMesh0) Actor(FirstPersonCharacter_C_0)
[2026.04.04-10.19.19:208][345]LogSkinnedMeshComp: Warning: GetSocketByName(torso_JNT): No SkeletalMesh for Component(CharacterMesh0) Actor(FirstPersonCharacter_C_0)
[2026.04.04-10.19.19:208][345]LogSkinnedMeshComp: Warning: GetSocketByName(torso_JNT): No SkeletalMesh for Component(CharacterMesh0) Actor(FirstPersonCharacter_C_0)
[2026.04.04-10.19.19:248][346]LogSkinnedMeshComp: Warning: GetSocketByName(torso_JNT): No SkeletalMesh for Component(CharacterMesh0) Actor(FirstPersonCharacter_C_0)
[2026.04.04-10.19.19:249][346]LogSkinnedMeshComp: Warning: GetSocketByName(torso_JNT): No SkeletalMesh for Component(CharacterMesh0) Actor(FirstPersonCharacter_C_0)
[2026.04.04-10.19.19:288][347]LogSkinnedMeshComp: Warning: GetSocketByName(torso_JNT): No SkeletalMesh for Component(CharacterMesh0) Actor(FirstPersonCharacter_C_0)
[2026.04.04-10.19.19:290][347]LogSkinnedMeshComp: Warning: GetSocketByName(torso_JNT): No SkeletalMesh for Component(CharacterMesh0) Actor(FirstPersonCharacter_C_0)
[2026.04.04-10.19.19:339][348]LogSkinnedMeshComp: Warning: GetSocketByName(torso_JNT): No SkeletalMesh for Component(CharacterMesh0) Actor(FirstPersonCharacter_C_0)
[2026.04.04-10.19.19:385][349]LogSkinnedMeshComp: Warning: GetSocketByName(torso_JNT): No SkeletalMesh for Component(CharacterMesh0) Actor(FirstPersonCharacter_C_0)
[2026.04.04-10.19.19:430][350]LogSkinnedMeshComp: Warning: GetSocketByName(torso_JNT): No SkeletalMesh for Component(CharacterMesh0) Actor(FirstPersonCharacter_C_0)
[2026.04.04-10.19.19:476][351]LogSkinnedMeshComp: Warning: GetSocketByName(torso_JNT): No SkeletalMesh for Component(CharacterMesh0) Actor(FirstPersonCharacter_C_0)
[2026.04.04-10.19.19:523][352]LogSkinnedMeshComp: Warning: GetSocketByName(torso_JNT): No SkeletalMesh for Component(CharacterMesh0) Actor(FirstPersonCharacter_C_0)
[2026.04.04-10.19.19:565][353]LogSkinnedMeshComp: Warning: GetSocketByName(torso_JNT): No SkeletalMesh for Component(CharacterMesh0) Actor(FirstPersonCharacter_C_0)
[2026.04.04-10.19.19:606][354]LogSkinnedMeshComp: Warning: GetSocketByName(torso_JNT): No SkeletalMesh for Component(CharacterMesh0) Actor(FirstPersonCharacter_C_0)
[2026.04.04-10.19.19:656][355]LogSkinnedMeshComp: Warning: GetSocketByName(torso_JNT): No SkeletalMesh for Component(CharacterMesh0) Actor(FirstPersonCharacter_C_0)
[2026.04.04-10.19.19:699][356]LogSkinnedMeshComp: Warning: GetSocketByName(torso_JNT): No SkeletalMesh for Component(CharacterMesh0) Actor(FirstPersonCharacter_C_0)
[2026.04.04-10.19.19:753][357]LogSkinnedMeshComp: Warning: GetSocketByName(torso_JNT): No SkeletalMesh for Component(CharacterMesh0) Actor(FirstPersonCharacter_C_0)
[2026.04.04-10.19.19:793][358]LogSkinnedMeshComp: Warning: GetSocketByName(torso_JNT): No SkeletalMesh for Component(CharacterMesh0) Actor(FirstPersonCharacter_C_0)
[2026.04.04-10.19.19:834][359]LogSkinnedMeshComp: Warning: GetSocketByName(torso_JNT): No SkeletalMesh for Component(CharacterMesh0) Actor(FirstPersonCharacter_C_0)
[2026.04.04-10.19.19:882][360]LogSkinnedMeshComp: Warning: GetSocketByName(torso_JNT): No SkeletalMesh for Component(CharacterMesh0) Actor(FirstPersonCharacter_C_0)
[2026.04.04-10.19.19:918][361]LogSkinnedMeshComp: Warning: GetSocketByName(torso_JNT): No SkeletalMesh for Component(CharacterMesh0) Actor(FirstPersonCharacter_C_0)
[2026.04.04-10.19.19:957][362]LogSkinnedMeshComp: Warning: GetSocketByName(torso_JNT): No SkeletalMesh for Component(CharacterMesh0) Actor(FirstPersonCharacter_C_0)
[2026.04.04-10.19.20:007][363]LogSkinnedMeshComp: Warning: GetSocketByName(torso_JNT): No SkeletalMesh for Component(CharacterMesh0) Actor(FirstPersonCharacter_C_0)
[2026.04.04-10.19.20:053][364]LogSkinnedMeshComp: Warning: GetSocketByName(torso_JNT): No SkeletalMesh for Component(CharacterMesh0) Actor(FirstPersonCharacter_C_0)
[2026.04.04-10.19.20:087][365]LogSkinnedMeshComp: Warning: GetSocketByName(torso_JNT): No SkeletalMesh for Component(CharacterMesh0) Actor(FirstPersonCharacter_C_0)
[2026.04.04-10.19.20:127][366]LogSkinnedMeshComp: Warning: GetSocketByName(torso_JNT): No SkeletalMesh for Component(CharacterMesh0) Actor(FirstPersonCharacter_C_0)
[2026.04.04-10.19.20:167][367]LogSkinnedMeshComp: Warning: GetSocketByName(torso_JNT): No SkeletalMesh for Component(CharacterMesh0) Actor(FirstPersonCharacter_C_0)
[2026.04.04-10.19.20:205][368]LogSkinnedMeshComp: Warning: GetSocketByName(torso_JNT): No SkeletalMesh for Component(CharacterMesh0) Actor(FirstPersonCharacter_C_0)
[2026.04.04-10.19.20:247][369]LogSkinnedMeshComp: Warning: GetSocketByName(torso_JNT): No SkeletalMesh for Component(CharacterMesh0) Actor(FirstPersonCharacter_C_0)
[2026.04.04-10.19.20:286][370]LogSkinnedMeshComp: Warning: GetSocketByName(torso_JNT): No SkeletalMesh for Component(CharacterMesh0) Actor(FirstPersonCharacter_C_0)
[2026.04.04-10.19.20:324][371]LogSkinnedMeshComp: Warning: GetSocketByName(torso_JNT): No SkeletalMesh for Component(CharacterMesh0) Actor(FirstPersonCharacter_C_0)
[2026.04.04-10.19.20:359][372]LogSkinnedMeshComp: Warning: GetSocketByName(torso_JNT): No SkeletalMesh for Component(CharacterMesh0) Actor(FirstPersonCharacter_C_0)
[2026.04.04-10.19.20:401][373]LogSkinnedMeshComp: Warning: GetSocketByName(torso_JNT): No SkeletalMesh for Component(CharacterMesh0) Actor(FirstPersonCharacter_C_0)
[2026.04.04-10.19.20:438][374]LogSkinnedMeshComp: Warning: GetSocketByName(torso_JNT): No SkeletalMesh for Component(CharacterMesh0) Actor(FirstPersonCharacter_C_0)
[2026.04.04-10.19.20:477][375]LogSkinnedMeshComp: Warning: GetSocketByName(torso_JNT): No SkeletalMesh for Component(CharacterMesh0) Actor(FirstPersonCharacter_C_0)
[2026.04.04-10.19.20:517][376]LogSkinnedMeshComp: Warning: GetSocketByName(torso_JNT): No SkeletalMesh for Component(CharacterMesh0) Actor(FirstPersonCharacter_C_0)
[2026.04.04-10.19.20:557][377]LogSkinnedMeshComp: Warning: GetSocketByName(torso_JNT): No SkeletalMesh for Component(CharacterMesh0) Actor(FirstPersonCharacter_C_0)
[2026.04.04-10.19.20:558][377]LogSkinnedMeshComp: Warning: GetSocketByName(torso_JNT): No SkeletalMesh for Component(CharacterMesh0) Actor(FirstPersonCharacter_C_0)
[2026.04.04-10.19.20:595][378]LogSkinnedMeshComp: Warning: GetSocketByName(torso_JNT): No SkeletalMesh for Component(CharacterMesh0) Actor(FirstPersonCharacter_C_0)
[2026.04.04-10.19.20:596][378]LogSkinnedMeshComp: Warning: GetSocketByName(torso_JNT): No SkeletalMesh for Component(CharacterMesh0) Actor(FirstPersonCharacter_C_0)
[2026.04.04-10.19.20:640][379]LogSkinnedMeshComp: Warning: GetSocketByName(torso_JNT): No SkeletalMesh for Component(CharacterMesh0) Actor(FirstPersonCharacter_C_0)
[2026.04.04-10.19.20:640][379]LogSkinnedMeshComp: Warning: GetSocketByName(torso_JNT): No SkeletalMesh for Component(CharacterMesh0) Actor(FirstPersonCharacter_C_0)
[2026.04.04-10.19.20:683][380]LogSkinnedMeshComp: Warning: GetSocketByName(torso_JNT): No SkeletalMesh for Component(CharacterMesh0) Actor(FirstPersonCharacter_C_0)
[2026.04.04-10.19.20:683][380]LogSkinnedMeshComp: Warning: GetSocketByName(torso_JNT): No SkeletalMesh for Component(CharacterMesh0) Actor(FirstPersonCharacter_C_0)
[2026.04.04-10.19.20:724][381]LogSkinnedMeshComp: Warning: GetSocketByName(torso_JNT): No SkeletalMesh for Component(CharacterMesh0) Actor(FirstPersonCharacter_C_0)
[2026.04.04-10.19.20:724][381]LogSkinnedMeshComp: Warning: GetSocketByName(torso_JNT): No SkeletalMesh for Component(CharacterMesh0) Actor(FirstPersonCharacter_C_0)
[2026.04.04-10.19.20:786][382]LogSkinnedMeshComp: Warning: GetSocketByName(torso_JNT): No SkeletalMesh for Component(CharacterMesh0) Actor(FirstPersonCharacter_C_0)
[2026.04.04-10.19.20:786][382]LogSkinnedMeshComp: Warning: GetSocketByName(torso_JNT): No SkeletalMesh for Component(CharacterMesh0) Actor(FirstPersonCharacter_C_0)
[2026.04.04-10.19.20:826][383]LogSkinnedMeshComp: Warning: GetSocketByName(torso_JNT): No SkeletalMesh for Component(CharacterMesh0) Actor(FirstPersonCharacter_C_0)
[2026.04.04-10.19.20:865][384]LogSkinnedMeshComp: Warning: GetSocketByName(torso_JNT): No SkeletalMesh for Component(CharacterMesh0) Actor(FirstPersonCharacter_C_0)
[2026.04.04-10.19.20:911][385]LogSkinnedMeshComp: Warning: GetSocketByName(torso_JNT): No SkeletalMesh for Component(CharacterMesh0) Actor(FirstPersonCharacter_C_0)
[2026.04.04-10.19.20:956][386]LogSkinnedMeshComp: Warning: GetSocketByName(torso_JNT): No SkeletalMesh for Component(CharacterMesh0) Actor(FirstPersonCharacter_C_0)
[2026.04.04-10.19.21:004][387]LogSkinnedMeshComp: Warning: GetSocketByName(torso_JNT): No SkeletalMesh for Component(CharacterMesh0) Actor(FirstPersonCharacter_C_0)
[2026.04.04-10.19.21:047][388]LogSkinnedMeshComp: Warning: GetSocketByName(torso_JNT): No SkeletalMesh for Component(CharacterMesh0) Actor(FirstPersonCharacter_C_0)
[2026.04.04-10.19.21:095][389]LogSkinnedMeshComp: Warning: GetSocketByName(torso_JNT): No SkeletalMesh for Component(CharacterMesh0) Actor(FirstPersonCharacter_C_0)
[2026.04.04-10.19.21:098][389]LogSkinnedMeshComp: Warning: GetSocketByName(torso_JNT): No SkeletalMesh for Component(CharacterMesh0) Actor(FirstPersonCharacter_C_0)
[2026.04.04-10.19.21:151][390]LogSkinnedMeshComp: Warning: GetSocketByName(torso_JNT): No SkeletalMesh for Component(CharacterMesh0) Actor(FirstPersonCharacter_C_0)
[2026.04.04-10.19.21:151][390]LogSkinnedMeshComp: Warning: GetSocketByName(torso_JNT): No SkeletalMesh for Component(CharacterMesh0) Actor(FirstPersonCharacter_C_0)
[2026.04.04-10.19.21:199][391]LogSkinnedMeshComp: Warning: GetSocketByName(torso_JNT): No SkeletalMesh for Component(CharacterMesh0) Actor(FirstPersonCharacter_C_0)
[2026.04.04-10.19.21:199][391]LogSkinnedMeshComp: Warning: GetSocketByName(torso_JNT): No SkeletalMesh for Component(CharacterMesh0) Actor(FirstPersonCharacter_C_0)
[2026.04.04-10.19.21:243][392]LogSkinnedMeshComp: Warning: GetSocketByName(torso_JNT): No SkeletalMesh for Component(CharacterMesh0) Actor(FirstPersonCharacter_C_0)
[2026.04.04-10.19.21:244][392]LogSkinnedMeshComp: Warning: GetSocketByName(torso_JNT): No SkeletalMesh for Component(CharacterMesh0) Actor(FirstPersonCharacter_C_0)
[2026.04.04-10.19.21:291][393]LogSkinnedMeshComp: Warning: GetSocketByName(torso_JNT): No SkeletalMesh for Component(CharacterMesh0) Actor(FirstPersonCharacter_C_0)
[2026.04.04-10.19.21:291][393]LogSkinnedMeshComp: Warning: GetSocketByName(torso_JNT): No SkeletalMesh for Component(CharacterMesh0) Actor(FirstPersonCharacter_C_0)
[2026.04.04-10.19.21:342][394]LogSkinnedMeshComp: Warning: GetSocketByName(torso_JNT): No SkeletalMesh for Component(CharacterMesh0) Actor(FirstPersonCharacter_C_0)
[2026.04.04-10.19.21:382][395]LogSkinnedMeshComp: Warning: GetSocketByName(torso_JNT): No SkeletalMesh for Component(CharacterMesh0) Actor(FirstPersonCharacter_C_0)
[2026.04.04-10.19.21:474][396]LogSkinnedMeshComp: Warning: GetSocketByName(torso_JNT): No SkeletalMesh for Component(CharacterMesh0) Actor(FirstPersonCharacter_C_0)
[2026.04.04-10.19.21:512][397]LogSkinnedMeshComp: Warning: GetSocketByName(torso_JNT): No SkeletalMesh for Component(CharacterMesh0) Actor(FirstPersonCharacter_C_0)
[2026.04.04-10.19.21:537][398]LogSkinnedMeshComp: Warning: GetSocketByName(torso_JNT): No SkeletalMesh for Component(CharacterMesh0) Actor(FirstPersonCharacter_C_0)
[2026.04.04-10.19.21:574][399]LogSkinnedMeshComp: Warning: GetSocketByName(torso_JNT): No SkeletalMesh for Component(CharacterMesh0) Actor(FirstPersonCharacter_C_0)
[2026.04.04-10.19.21:630][400]LogSkinnedMeshComp: Warning: GetSocketByName(torso_JNT): No SkeletalMesh for Component(CharacterMesh0) Actor(FirstPersonCharacter_C_0)
[2026.04.04-10.19.21:675][401]LogSkinnedMeshComp: Warning: GetSocketByName(torso_JNT): No SkeletalMesh for Component(CharacterMesh0) Actor(FirstPersonCharacter_C_0)
[2026.04.04-10.19.21:720][402]LogSkinnedMeshComp: Warning: GetSocketByName(torso_JNT): No SkeletalMesh for Component(CharacterMesh0) Actor(FirstPersonCharacter_C_0)
[2026.04.04-10.19.21:766][403]LogSkinnedMeshComp: Warning: GetSocketByName(torso_JNT): No SkeletalMesh for Component(CharacterMesh0) Actor(FirstPersonCharacter_C_0)
[2026.04.04-10.19.21:812][404]LogSkinnedMeshComp: Warning: GetSocketByName(torso_JNT): No SkeletalMesh for Component(CharacterMesh0) Actor(FirstPersonCharacter_C_0)
[2026.04.04-10.19.21:854][405]LogSkinnedMeshComp: Warning: GetSocketByName(torso_JNT): No SkeletalMesh for Component(CharacterMesh0) Actor(FirstPersonCharacter_C_0)
[2026.04.04-10.19.21:898][406]LogSkinnedMeshComp: Warning: GetSocketByName(torso_JNT): No SkeletalMesh for Component(CharacterMesh0) Actor(FirstPersonCharacter_C_0)
[2026.04.04-10.19.21:942][407]LogSkinnedMeshComp: Warning: GetSocketByName(torso_JNT): No SkeletalMesh for Component(CharacterMesh0) Actor(FirstPersonCharacter_C_0)
[2026.04.04-10.19.21:983][408]LogSkinnedMeshComp: Warning: GetSocketByName(torso_JNT): No SkeletalMesh for Component(CharacterMesh0) Actor(FirstPersonCharacter_C_0)
[2026.04.04-10.19.22:026][409]LogSkinnedMeshComp: Warning: GetSocketByName(torso_JNT): No SkeletalMesh for Component(CharacterMesh0) Actor(FirstPersonCharacter_C_0)
[2026.04.04-10.19.22:069][410]LogSkinnedMeshComp: Warning: GetSocketByName(torso_JNT): No SkeletalMesh for Component(CharacterMesh0) Actor(FirstPersonCharacter_C_0)
[2026.04.04-10.19.22:116][411]LogSkinnedMeshComp: Warning: GetSocketByName(torso_JNT): No SkeletalMesh for Component(CharacterMesh0) Actor(FirstPersonCharacter_C_0)
[2026.04.04-10.19.22:117][411]LogSkinnedMeshComp: Warning: GetSocketByName(torso_JNT): No SkeletalMesh for Component(CharacterMesh0) Actor(FirstPersonCharacter_C_0)
[2026.04.04-10.19.22:159][412]LogSkinnedMeshComp: Warning: GetSocketByName(torso_JNT): No SkeletalMesh for Component(CharacterMesh0) Actor(FirstPersonCharacter_C_0)
[2026.04.04-10.19.22:159][412]LogSkinnedMeshComp: Warning: GetSocketByName(torso_JNT): No SkeletalMesh for Component(CharacterMesh0) Actor(FirstPersonCharacter_C_0)
[2026.04.04-10.19.22:214][413]LogSkinnedMeshComp: Warning: GetSocketByName(torso_JNT): No SkeletalMesh for Component(CharacterMesh0) Actor(FirstPersonCharacter_C_0)
[2026.04.04-10.19.22:263][414]LogSkinnedMeshComp: Warning: GetSocketByName(torso_JNT): No SkeletalMesh for Component(CharacterMesh0) Actor(FirstPersonCharacter_C_0)
[2026.04.04-10.19.22:313][415]LogSkinnedMeshComp: Warning: GetSocketByName(torso_JNT): No SkeletalMesh for Component(CharacterMesh0) Actor(FirstPersonCharacter_C_0)
[2026.04.04-10.19.22:357][416]LogSkinnedMeshComp: Warning: GetSocketByName(torso_JNT): No SkeletalMesh for Component(CharacterMesh0) Actor(FirstPersonCharacter_C_0)
[2026.04.04-10.19.22:359][416]LogSkinnedMeshComp: Warning: GetSocketByName(torso_JNT): No SkeletalMesh for Component(CharacterMesh0) Actor(FirstPersonCharacter_C_0)
[2026.04.04-10.19.22:404][417]LogSkinnedMeshComp: Warning: GetSocketByName(torso_JNT): No SkeletalMesh for Component(CharacterMesh0) Actor(FirstPersonCharacter_C_0)
[2026.04.04-10.19.22:405][417]LogSkinnedMeshComp: Warning: GetSocketByName(torso_JNT): No SkeletalMesh for Component(CharacterMesh0) Actor(FirstPersonCharacter_C_0)
[2026.04.04-10.19.22:451][418]LogSkinnedMeshComp: Warning: GetSocketByName(torso_JNT): No SkeletalMesh for Component(CharacterMesh0) Actor(FirstPersonCharacter_C_0)
[2026.04.04-10.19.22:451][418]LogSkinnedMeshComp: Warning: GetSocketByName(torso_JNT): No SkeletalMesh for Component(CharacterMesh0) Actor(FirstPersonCharacter_C_0)
[2026.04.04-10.19.22:499][419]LogSkinnedMeshComp: Warning: GetSocketByName(torso_JNT): No SkeletalMesh for Component(CharacterMesh0) Actor(FirstPersonCharacter_C_0)
[2026.04.04-10.19.22:500][419]LogSkinnedMeshComp: Warning: GetSocketByName(torso_JNT): No SkeletalMesh for Component(CharacterMesh0) Actor(FirstPersonCharacter_C_0)
[2026.04.04-10.19.22:548][420]LogSkinnedMeshComp: Warning: GetSocketByName(torso_JNT): No SkeletalMesh for Component(CharacterMesh0) Actor(FirstPersonCharacter_C_0)
[2026.04.04-10.19.22:592][421]LogSkinnedMeshComp: Warning: GetSocketByName(torso_JNT): No SkeletalMesh for Component(CharacterMesh0) Actor(FirstPersonCharacter_C_0)
[2026.04.04-10.19.22:635][422]LogSkinnedMeshComp: Warning: GetSocketByName(torso_JNT): No SkeletalMesh for Component(CharacterMesh0) Actor(FirstPersonCharacter_C_0)
[2026.04.04-10.19.22:684][423]LogSkinnedMeshComp: Warning: GetSocketByName(torso_JNT): No SkeletalMesh for Component(CharacterMesh0) Actor(FirstPersonCharacter_C_0)
[2026.04.04-10.19.22:723][424]LogSkinnedMeshComp: Warning: GetSocketByName(torso_JNT): No SkeletalMesh for Component(CharacterMesh0) Actor(FirstPersonCharacter_C_0)
[2026.04.04-10.19.22:771][425]LogSkinnedMeshComp: Warning: GetSocketByName(torso_JNT): No SkeletalMesh for Component(CharacterMesh0) Actor(FirstPersonCharacter_C_0)
[2026.04.04-10.19.22:814][426]LogSkinnedMeshComp: Warning: GetSocketByName(torso_JNT): No SkeletalMesh for Component(CharacterMesh0) Actor(FirstPersonCharacter_C_0)
[2026.04.04-10.19.22:862][427]LogSkinnedMeshComp: Warning: GetSocketByName(torso_JNT): No SkeletalMesh for Component(CharacterMesh0) Actor(FirstPersonCharacter_C_0)
[2026.04.04-10.19.22:908][428]LogSkinnedMeshComp: Warning: GetSocketByName(torso_JNT): No SkeletalMesh for Component(CharacterMesh0) Actor(FirstPersonCharacter_C_0)
[2026.04.04-10.19.22:955][429]LogSkinnedMeshComp: Warning: GetSocketByName(torso_JNT): No SkeletalMesh for Component(CharacterMesh0) Actor(FirstPersonCharacter_C_0)
[2026.04.04-10.19.22:990][430]LogSkinnedMeshComp: Warning: GetSocketByName(torso_JNT): No SkeletalMesh for Component(CharacterMesh0) Actor(FirstPersonCharacter_C_0)
[2026.04.04-10.19.23:029][431]LogSkinnedMeshComp: Warning: GetSocketByName(torso_JNT): No SkeletalMesh for Component(CharacterMesh0) Actor(FirstPersonCharacter_C_0)
[2026.04.04-10.19.23:072][432]LogSkinnedMeshComp: Warning: GetSocketByName(torso_JNT): No SkeletalMesh for Component(CharacterMesh0) Actor(FirstPersonCharacter_C_0)
[2026.04.04-10.19.23:114][433]LogSkinnedMeshComp: Warning: GetSocketByName(torso_JNT): No SkeletalMesh for Component(CharacterMesh0) Actor(FirstPersonCharacter_C_0)
[2026.04.04-10.19.23:151][434]LogSkinnedMeshComp: Warning: GetSocketByName(torso_JNT): No SkeletalMesh for Component(CharacterMesh0) Actor(FirstPersonCharacter_C_0)
[2026.04.04-10.19.23:192][435]LogSkinnedMeshComp: Warning: GetSocketByName(torso_JNT): No SkeletalMesh for Component(CharacterMesh0) Actor(FirstPersonCharacter_C_0)
[2026.04.04-10.19.23:227][436]LogSkinnedMeshComp: Warning: GetSocketByName(torso_JNT): No SkeletalMesh for Component(CharacterMesh0) Actor(FirstPersonCharacter_C_0)
[2026.04.04-10.19.23:272][437]LogSkinnedMeshComp: Warning: GetSocketByName(torso_JNT): No SkeletalMesh for Component(CharacterMesh0) Actor(FirstPersonCharacter_C_0)
[2026.04.04-10.19.23:311][438]LogSkinnedMeshComp: Warning: GetSocketByName(torso_JNT): No SkeletalMesh for Component(CharacterMesh0) Actor(FirstPersonCharacter_C_0)
[2026.04.04-10.19.23:354][439]LogSkinnedMeshComp: Warning: GetSocketByName(torso_JNT): No SkeletalMesh for Component(CharacterMesh0) Actor(FirstPersonCharacter_C_0)
[2026.04.04-10.19.23:394][440]LogSkinnedMeshComp: Warning: GetSocketByName(torso_JNT): No SkeletalMesh for Component(CharacterMesh0) Actor(FirstPersonCharacter_C_0)
[2026.04.04-10.19.23:430][441]LogSkinnedMeshComp: Warning: GetSocketByName(torso_JNT): No SkeletalMesh for Component(CharacterMesh0) Actor(FirstPersonCharacter_C_0)
[2026.04.04-10.19.23:475][442]LogSkinnedMeshComp: Warning: GetSocketByName(torso_JNT): No SkeletalMesh for Component(CharacterMesh0) Actor(FirstPersonCharacter_C_0)
[2026.04.04-10.19.23:476][442]LogSkinnedMeshComp: Warning: GetSocketByName(torso_JNT): No SkeletalMesh for Component(CharacterMesh0) Actor(FirstPersonCharacter_C_0)
[2026.04.04-10.19.23:511][443]LogSkinnedMeshComp: Warning: GetSocketByName(torso_JNT): No SkeletalMesh for Component(CharacterMesh0) Actor(FirstPersonCharacter_C_0)
[2026.04.04-10.19.23:512][443]LogSkinnedMeshComp: Warning: GetSocketByName(torso_JNT): No SkeletalMesh for Component(CharacterMesh0) Actor(FirstPersonCharacter_C_0)
[2026.04.04-10.19.23:548][444]LogSkinnedMeshComp: Warning: GetSocketByName(torso_JNT): No SkeletalMesh for Component(CharacterMesh0) Actor(FirstPersonCharacter_C_0)
[2026.04.04-10.19.23:548][444]LogSkinnedMeshComp: Warning: GetSocketByName(torso_JNT): No SkeletalMesh for Component(CharacterMesh0) Actor(FirstPersonCharacter_C_0)
[2026.04.04-10.19.23:580][445]LogSkinnedMeshComp: Warning: GetSocketByName(torso_JNT): No SkeletalMesh for Component(CharacterMesh0) Actor(FirstPersonCharacter_C_0)
[2026.04.04-10.19.23:580][445]LogSkinnedMeshComp: Warning: GetSocketByName(torso_JNT): No SkeletalMesh for Component(CharacterMesh0) Actor(FirstPersonCharacter_C_0)
[2026.04.04-10.19.23:609][446]LogSkinnedMeshComp: Warning: GetSocketByName(torso_JNT): No SkeletalMesh for Component(CharacterMesh0) Actor(FirstPersonCharacter_C_0)
[2026.04.04-10.19.23:609][446]LogSkinnedMeshComp: Warning: GetSocketByName(torso_JNT): No SkeletalMesh for Component(CharacterMesh0) Actor(FirstPersonCharacter_C_0)
[2026.04.04-10.19.23:635][447]LogSkinnedMeshComp: Warning: GetSocketByName(torso_JNT): No SkeletalMesh for Component(CharacterMesh0) Actor(FirstPersonCharacter_C_0)
[2026.04.04-10.19.23:636][447]LogSkinnedMeshComp: Warning: GetSocketByName(torso_JNT): No SkeletalMesh for Component(CharacterMesh0) Actor(FirstPersonCharacter_C_0)
[2026.04.04-10.19.23:663][448]LogSkinnedMeshComp: Warning: GetSocketByName(torso_JNT): No SkeletalMesh for Component(CharacterMesh0) Actor(FirstPersonCharacter_C_0)
[2026.04.04-10.19.23:665][448]LogSkinnedMeshComp: Warning: GetSocketByName(torso_JNT): No SkeletalMesh for Component(CharacterMesh0) Actor(FirstPersonCharacter_C_0)
[2026.04.04-10.19.23:690][449]LogSkinnedMeshComp: Warning: GetSocketByName(torso_JNT): No SkeletalMesh for Component(CharacterMesh0) Actor(FirstPersonCharacter_C_0)
[2026.04.04-10.19.23:715][450]LogSkinnedMeshComp: Warning: GetSocketByName(torso_JNT): No SkeletalMesh for Component(CharacterMesh0) Actor(FirstPersonCharacter_C_0)
[2026.04.04-10.19.23:741][451]LogSkinnedMeshComp: Warning: GetSocketByName(torso_JNT): No SkeletalMesh for Component(CharacterMesh0) Actor(FirstPersonCharacter_C_0)
[2026.04.04-10.19.23:770][452]LogSkinnedMeshComp: Warning: GetSocketByName(torso_JNT): No SkeletalMesh for Component(CharacterMesh0) Actor(FirstPersonCharacter_C_0)
[2026.04.04-10.19.23:794][453]LogSkinnedMeshComp: Warning: GetSocketByName(torso_JNT): No SkeletalMesh for Component(CharacterMesh0) Actor(FirstPersonCharacter_C_0)
[2026.04.04-10.19.23:821][454]LogSkinnedMeshComp: Warning: GetSocketByName(torso_JNT): No SkeletalMesh for Component(CharacterMesh0) Actor(FirstPersonCharacter_C_0)
[2026.04.04-10.19.23:848][455]LogSkinnedMeshComp: Warning: GetSocketByName(torso_JNT): No SkeletalMesh for Component(CharacterMesh0) Actor(FirstPersonCharacter_C_0)
[2026.04.04-10.19.23:876][456]LogSkinnedMeshComp: Warning: GetSocketByName(torso_JNT): No SkeletalMesh for Component(CharacterMesh0) Actor(FirstPersonCharacter_C_0)
[2026.04.04-10.19.23:920][456]LogSlate: Updating window title bar state: overlay mode, drag disabled, window buttons hidden, title bar hidden
[2026.04.04-10.19.23:920][456]LogWorld: BeginTearingDown for /Game/MAPS/UEDPIE_0_MP_Lobby
[2026.04.04-10.19.23:921][456]LogSlate: Window 'Playtime_Multiplayer Preview [NetMode: Server]  (64-bit/Windows) ' being destroyed
[2026.04.04-10.19.23:963][456]LogWorld: UWorld::CleanupWorld for MP_Lobby, bSessionEnded=true, bCleanupResources=true
[2026.04.04-10.19.23:966][456]LogSlate: InvalidateAllWidgets triggered.  All widgets were invalidated
[2026.04.04-10.19.23:979][456]LogNet: World NetDriver shutdown IpNetDriver_1 [GameNetDriver]
[2026.04.04-10.19.23:979][456]LogNet: DestroyNamedNetDriver IpNetDriver_1 [GameNetDriver]
[2026.04.04-10.19.23:979][456]LogExit: GameNetDriver IpNetDriver_1 shut down
[2026.04.04-10.19.23:981][456]LogPlayLevel: Display: Shutting down PIE online subsystems
[2026.04.04-10.19.23:983][456]LogSlate: InvalidateAllWidgets triggered.  All widgets were invalidated
[2026.04.04-10.19.23:989][456]LogAudio: Display: Audio Device unregistered from world 'None'.
[2026.04.04-10.19.23:992][456]LogAudioMixer: FMixerPlatformXAudio2::StopAudioStream() called
[2026.04.04-10.19.23:994][456]LogAudioMixer: FMixerPlatformXAudio2::StopAudioStream() called
[2026.04.04-10.19.24:010][456]LogUObjectHash: Compacting FUObjectHashTables data took   1.40ms
[2026.04.04-10.19.24:106][456]LogSlate: Took 0.001123 seconds to synchronously load lazily loaded font '../../../Engine/Content/Slate/Fonts/DroidSansMono.ttf' (77K)
[2026.04.04-10.19.24:122][457]LogPlayLevel: Display: Destroying online subsystem :Context_1
[2026.04.04-10.19.27:866][627]LogSlate: Window 'Message Log' being destroyed
[2026.04.04-10.19.27:877][627]LogSlate: Window 'Message Log' being destroyed
[2026.04.04-10.19.29:216][685]LogUObjectHash: Compacting FUObjectHashTables data took   1.24ms
[2026.04.04-10.19.29:280][685]LogSkinnedMeshComp: Warning: GetSocketByName(torso_JNT): No SkeletalMesh for Component(CharacterMesh0) Actor(FirstPersonCharacter_2)
[2026.04.04-10.19.29:280][685]LogSkinnedMeshComp: Warning: GetSocketByName(torso_JNT): No SkeletalMesh for Component(CharacterMesh0) Actor(FirstPersonCharacter_2)
[2026.04.04-10.19.29:280][685]LogSkinnedMeshComp: Warning: GetSocketByName(torso_JNT): No SkeletalMesh for Component(CharacterMesh0) Actor(FirstPersonCharacter_2)
[2026.04.04-10.19.29:280][685]LogSkinnedMeshComp: Warning: GetSocketByName(torso_JNT): No SkeletalMesh for Component(CharacterMesh0) Actor(FirstPersonCharacter_2)
[2026.04.04-10.19.29:282][685]LogSkinnedMeshComp: Warning: GetSocketByName(torso_JNT): No SkeletalMesh for Component(CharacterMesh0) Actor(FirstPersonCharacter_2)
[2026.04.04-10.19.29:282][685]LogSkinnedMeshComp: Warning: GetSocketByName(torso_JNT): No SkeletalMesh for Component(CharacterMesh0) Actor(FirstPersonCharacter_2)
[2026.04.04-10.19.29:282][685]LogSkinnedMeshComp: Warning: GetSocketByName(torso_JNT): No SkeletalMesh for Component(CharacterMesh0) Actor(FirstPersonCharacter_2)
[2026.04.04-10.19.29:283][685]LogAssetEditorSubsystem: Opening Asset editor for World /Game/MAPS/MP_Lobby.MP_Lobby
[2026.04.04-10.19.29:283][685]Cmd: MAP LOAD FILE="../../../../../../Users/User/Documents/Unreal Projects/Playtime_Multiplayer/Content/MAPS/MP_Lobby.umap" TEMPLATE=0 SHOWPROGRESS=1 FEATURELEVEL=3
[2026.04.04-10.19.29:283][685]LightingResults: New page: Lighting Build
[2026.04.04-10.19.29:283][685]LoadErrors: New page: Loading map: MP_Lobby.umap
[2026.04.04-10.19.29:285][685]LogWorld: UWorld::CleanupWorld for Main_Menu, bSessionEnded=true, bCleanupResources=true
[2026.04.04-10.19.29:286][685]LogSlate: InvalidateAllWidgets triggered.  All widgets were invalidated
[2026.04.04-10.19.29:286][685]MapCheck: New page: Map Check
[2026.04.04-10.19.29:286][685]LightingResults: New page: Lighting Build
[2026.04.04-10.19.29:295][685]LogAudio: Display: Audio Device unregistered from world 'None'.
[2026.04.04-10.19.29:327][685]LogUObjectHash: Compacting FUObjectHashTables data took   1.40ms
[2026.04.04-10.19.29:328][685]LogAudio: Display: Audio Device (ID: 1) registered with world 'MP_Lobby'.
[2026.04.04-10.19.29:333][685]LogSkinnedMeshComp: Warning: GetSocketByName(torso_JNT): No SkeletalMesh for Component(CharacterMesh0) Actor(FirstPersonCharacter_2)
[2026.04.04-10.19.29:333][685]LogSkinnedMeshComp: Warning: GetSocketByName(torso_JNT): No SkeletalMesh for Component(CharacterMesh0) Actor(FirstPersonCharacter_2)
[2026.04.04-10.19.29:333][685]LogSkinnedMeshComp: Warning: GetSocketByName(torso_JNT): No SkeletalMesh for Component(CharacterMesh0) Actor(FirstPersonCharacter_2)
[2026.04.04-10.19.29:335][685]LogSkinnedMeshComp: Warning: GetSocketByName(torso_JNT): No SkeletalMesh for Component(CharacterMesh0) Actor(FirstPersonCharacter_2)
[2026.04.04-10.19.29:336][685]LogSkinnedMeshComp: Warning: GetSocketByName(torso_JNT): No SkeletalMesh for Component(CharacterMesh0) Actor(FirstPersonCharacter_2)
[2026.04.04-10.19.29:337][685]LogSkinnedMeshComp: Warning: GetSocketByName(torso_JNT): No SkeletalMesh for Component(CharacterMesh0) Actor(FirstPersonCharacter_2)
[2026.04.04-10.19.29:366][685]LogEditorServer: Finished looking for orphan Actors (0.000 secs)
[2026.04.04-10.19.29:366][685]LogAIModule: Creating AISystem for world MP_Lobby
[2026.04.04-10.19.29:417][685]LogUObjectHash: Compacting FUObjectHashTables data took   0.77ms
[2026.04.04-10.19.29:422][685]Cmd: MAP CHECKDEP NOCLEARLOG
[2026.04.04-10.19.29:423][685]MapCheck: Map check complete: 0 Error(s), 0 Warning(s), took 0,092ms to complete.
[2026.04.04-10.19.29:423][685]LogFileHelpers: Loading map 'MP_Lobby' took 0.140
[2026.04.04-10.19.56:809][309]LogPlayLevel: PlayLevel: No blueprints needed recompiling
[2026.04.04-10.19.56:809][309]PIE: New page: SIE session: MP_Lobby (4 апр. 2026 г., 16:19:56)
[2026.04.04-10.19.56:809][309]LogPlayLevel: Creating play world package: /Game/MAPS/UEDPIE_0_MP_Lobby
[2026.04.04-10.19.56:821][309]LogPlayLevel: PIE: StaticDuplicateObject took: (0.012714s)
[2026.04.04-10.19.56:822][309]LogAIModule: Creating AISystem for world MP_Lobby
[2026.04.04-10.19.56:822][309]LogPlayLevel: PIE: World Init took: (0.001108s)
[2026.04.04-10.19.56:822][309]LogPlayLevel: PIE: Created PIE world by copying editor world from /Game/MAPS/MP_Lobby.MP_Lobby to /Game/MAPS/UEDPIE_0_MP_Lobby.MP_Lobby (0.013983s)
[2026.04.04-10.19.56:831][309]LogUObjectHash: Compacting FUObjectHashTables data took   0.76ms
[2026.04.04-10.19.56:832][309]LogAudio: Display: Creating Audio Device:                 Id: 3, Scope: Unique, Realtime: True
[2026.04.04-10.19.56:832][309]LogAudioMixer: Display: Audio Mixer Platform Settings:
[2026.04.04-10.19.56:832][309]LogAudioMixer: Display: 	Sample Rate:						  48000
[2026.04.04-10.19.56:832][309]LogAudioMixer: Display: 	Callback Buffer Frame Size Requested: 1024
[2026.04.04-10.19.56:832][309]LogAudioMixer: Display: 	Callback Buffer Frame Size To Use:	  1024
[2026.04.04-10.19.56:832][309]LogAudioMixer: Display: 	Number of buffers to queue:			  2
[2026.04.04-10.19.56:832][309]LogAudioMixer: Display: 	Max Channels (voices):				  32
[2026.04.04-10.19.56:833][309]LogAudioMixer: Display: 	Number of Async Source Workers:		  0
[2026.04.04-10.19.56:833][309]LogAudio: Display: AudioDevice MaxSources: 32
[2026.04.04-10.19.56:833][309]LogAudio: Display: Audio Spatialization Plugin: None (built-in).
[2026.04.04-10.19.56:833][309]LogAudio: Display: Audio Reverb Plugin: None (built-in).
[2026.04.04-10.19.56:833][309]LogAudio: Display: Audio Occlusion Plugin: None (built-in).
[2026.04.04-10.19.56:833][309]LogAudioMixer: Display: Initializing audio mixer.
[2026.04.04-10.19.56:836][309]LogAudioMixer: Display: 0: FrontLeft
[2026.04.04-10.19.56:836][309]LogAudioMixer: Display: 1: FrontRight
[2026.04.04-10.19.56:863][309]LogAudioMixer: Display: Using Audio Device Headphones (Realtek(R) Audio)
[2026.04.04-10.19.56:863][309]LogAudioMixer: Display: Initializing Sound Submixes...
[2026.04.04-10.19.56:863][309]LogAudioMixer: Display: Creating Master Submix 'MasterSubmixDefault'
[2026.04.04-10.19.56:864][309]LogAudioMixer: Display: Creating Master Submix 'MasterReverbSubmixDefault'
[2026.04.04-10.19.56:864][309]LogAudioMixer: Display: Creating Master Submix 'MasterEQSubmixDefault'
[2026.04.04-10.19.56:864][309]LogAudioMixer: FMixerPlatformXAudio2::StartAudioStream() called
[2026.04.04-10.19.56:864][309]LogAudioMixer: Display: Output buffers initialized: Frames=1024, Channels=2, Samples=2048
[2026.04.04-10.19.56:866][309]LogAudioMixer: Display: Starting AudioMixerPlatformInterface::RunInternal()
[2026.04.04-10.19.56:866][309]LogAudioMixer: Display: FMixerPlatformXAudio2::SubmitBuffer() called for the first time
[2026.04.04-10.19.56:866][309]LogInit: FAudioDevice initialized.
[2026.04.04-10.19.56:866][309]LogAudio: Display: Audio Device (ID: 3) registered with world 'MP_Lobby'.
[2026.04.04-10.19.56:877][309]LogLoad: Game class is 'FirstPersonGameMode_C'
[2026.04.04-10.19.56:881][309]LogSkinnedMeshComp: Warning: GetSocketByName(torso_JNT): No SkeletalMesh for Component(CharacterMesh0) Actor(FirstPersonCharacter_2)
[2026.04.04-10.19.56:881][309]LogSkinnedMeshComp: Warning: GetSocketByName(torso_JNT): No SkeletalMesh for Component(CharacterMesh0) Actor(FirstPersonCharacter_2)
[2026.04.04-10.19.56:881][309]LogSkinnedMeshComp: Warning: GetSocketByName(torso_JNT): No SkeletalMesh for Component(CharacterMesh0) Actor(FirstPersonCharacter_2)
[2026.04.04-10.19.56:881][309]LogSkinnedMeshComp: Warning: GetSocketByName(torso_JNT): No SkeletalMesh for Component(CharacterMesh0) Actor(FirstPersonCharacter_2)
[2026.04.04-10.19.56:882][309]LogWorld: Bringing World /Game/MAPS/UEDPIE_0_MP_Lobby.MP_Lobby up for play (max tick rate 0) at 2026.04.04-13.19.56
[2026.04.04-10.19.56:883][309]LogSkinnedMeshComp: Warning: GetSocketByName(torso_JNT): No SkeletalMesh for Component(CharacterMesh0) Actor(FirstPersonCharacter_2)
[2026.04.04-10.19.56:883][309]LogSkinnedMeshComp: Warning: GetSocketByName(torso_JNT): No SkeletalMesh for Component(CharacterMesh0) Actor(FirstPersonCharacter_2)
[2026.04.04-10.19.56:884][309]LogWorld: Bringing up level for play took: 0.004879
[2026.04.04-10.19.56:884][309]LogOnline: OSS: Creating online subsystem instance for: :Context_2
[2026.04.04-10.19.56:889][309]PIE: Error: SetInputMode_UIOnly expects a valid player controller as 'PlayerController' target
[2026.04.04-10.19.56:890][309]PIE: Server logged in
[2026.04.04-10.19.56:890][309]PIE: Play in editor total start time 0,082 seconds.
[2026.04.04-10.19.56:893][309]LogSkinnedMeshComp: Warning: GetSocketByName(torso_JNT): No SkeletalMesh for Component(CharacterMesh0) Actor(FirstPersonCharacter_2)
[2026.04.04-10.20.01:795][534]LogConfig: Applying CVar settings from Section [ViewDistanceQuality@2] File [C:/Users/User/Documents/Unreal Projects/Playtime_Multiplayer/Saved/Config/Windows/Scalability.ini]
[2026.04.04-10.20.01:795][534]LogConfig: Setting CVar [[r.SkeletalMeshLODBias:0]]
[2026.04.04-10.20.01:795][534]LogConfig: Setting CVar [[r.ViewDistanceScale:0.8]]
[2026.04.04-10.20.01:795][534]LogConfig: Applying CVar settings from Section [AntiAliasingQuality@2] File [C:/Users/User/Documents/Unreal Projects/Playtime_Multiplayer/Saved/Config/Windows/Scalability.ini]
[2026.04.04-10.20.01:795][534]LogConfig: Setting CVar [[r.PostProcessAAQuality:3]]
[2026.04.04-10.20.01:795][534]LogConfig: Applying CVar settings from Section [ShadowQuality@2] File [C:/Users/User/Documents/Unreal Projects/Playtime_Multiplayer/Saved/Config/Windows/Scalability.ini]
[2026.04.04-10.20.01:795][534]LogConfig: Setting CVar [[r.LightFunctionQuality:1]]
[2026.04.04-10.20.01:795][534]LogConfig: Setting CVar [[r.ShadowQuality:5]]
[2026.04.04-10.20.01:795][534]LogConfig: Setting CVar [[r.Shadow.CSM.MaxCascades:4]]
[2026.04.04-10.20.01:795][534]LogConfig: Setting CVar [[r.Shadow.MaxResolution:1024]]
[2026.04.04-10.20.01:795][534]LogConfig: Setting CVar [[r.Shadow.MaxCSMResolution:2048]]
[2026.04.04-10.20.01:795][534]LogConfig: Setting CVar [[r.Shadow.RadiusThreshold:0.04]]
[2026.04.04-10.20.01:795][534]LogConfig: Setting CVar [[r.Shadow.DistanceScale:0.85]]
[2026.04.04-10.20.01:795][534]LogConfig: Setting CVar [[r.Shadow.CSM.TransitionScale:0.8]]
[2026.04.04-10.20.01:795][534]LogConfig: Setting CVar [[r.Shadow.PreShadowResolutionFactor:0.5]]
[2026.04.04-10.20.01:795][534]LogConfig: Setting CVar [[r.DistanceFieldShadowing:1]]
[2026.04.04-10.20.01:796][534]LogConfig: Setting CVar [[r.DistanceFieldAO:1]]
[2026.04.04-10.20.01:796][534]LogConfig: Setting CVar [[r.AOQuality:1]]
[2026.04.04-10.20.01:796][534]LogConfig: Setting CVar [[r.VolumetricFog:1]]
[2026.04.04-10.20.01:796][534]LogConfig: Setting CVar [[r.VolumetricFog.GridPixelSize:16]]
[2026.04.04-10.20.01:796][534]LogConfig: Setting CVar [[r.VolumetricFog.GridSizeZ:64]]
[2026.04.04-10.20.01:796][534]LogConfig: Setting CVar [[r.VolumetricFog.HistoryMissSupersampleCount:4]]
[2026.04.04-10.20.01:796][534]LogConfig: Setting CVar [[r.LightMaxDrawDistanceScale:1]]
[2026.04.04-10.20.01:796][534]LogConfig: Setting CVar [[r.CapsuleShadows:1]]
[2026.04.04-10.20.01:796][534]LogConfig: Applying CVar settings from Section [PostProcessQuality@2] File [C:/Users/User/Documents/Unreal Projects/Playtime_Multiplayer/Saved/Config/Windows/Scalability.ini]
[2026.04.04-10.20.01:796][534]LogConfig: Setting CVar [[r.MotionBlurQuality:3]]
[2026.04.04-10.20.01:796][534]LogConfig: Setting CVar [[r.AmbientOcclusionMipLevelFactor:0.6]]
[2026.04.04-10.20.01:796][534]LogConfig: Setting CVar [[r.AmbientOcclusionMaxQuality:100]]
[2026.04.04-10.20.01:796][534]LogConfig: Setting CVar [[r.AmbientOcclusionLevels:-1]]
[2026.04.04-10.20.01:796][534]LogConfig: Setting CVar [[r.AmbientOcclusionRadiusScale:1.5]]
[2026.04.04-10.20.01:796][534]LogConfig: Setting CVar [[r.DepthOfFieldQuality:2]]
[2026.04.04-10.20.01:796][534]LogConfig: Setting CVar [[r.RenderTargetPoolMin:400]]
[2026.04.04-10.20.01:796][534]LogConfig: Setting CVar [[r.LensFlareQuality:2]]
[2026.04.04-10.20.01:796][534]LogConfig: Setting CVar [[r.SceneColorFringeQuality:1]]
[2026.04.04-10.20.01:796][534]LogConfig: Setting CVar [[r.EyeAdaptationQuality:2]]
[2026.04.04-10.20.01:796][534]LogConfig: Setting CVar [[r.BloomQuality:5]]
[2026.04.04-10.20.01:796][534]LogConfig: Setting CVar [[r.FastBlurThreshold:3]]
[2026.04.04-10.20.01:796][534]LogConfig: Setting CVar [[r.Upscale.Quality:2]]
[2026.04.04-10.20.01:796][534]LogConfig: Setting CVar [[r.Tonemapper.GrainQuantization:1]]
[2026.04.04-10.20.01:796][534]LogConfig: Setting CVar [[r.LightShaftQuality:1]]
[2026.04.04-10.20.01:796][534]LogConfig: Setting CVar [[r.Filter.SizeScale:0.8]]
[2026.04.04-10.20.01:796][534]LogConfig: Setting CVar [[r.Tonemapper.Quality:5]]
[2026.04.04-10.20.01:796][534]LogConfig: Setting CVar [[r.DOF.Gather.AccumulatorQuality:0        ; lower gathering accumulator quality]]
[2026.04.04-10.20.01:796][534]LogConfig: Setting CVar [[r.DOF.Gather.PostfilterMethod:2          ; Max3x3 postfilering method]]
[2026.04.04-10.20.01:796][534]LogConfig: Setting CVar [[r.DOF.Gather.EnableBokehSettings:0       ; no bokeh simulation when gathering]]
[2026.04.04-10.20.01:796][534]LogConfig: Setting CVar [[r.DOF.Gather.RingCount:4                 ; medium number of samples when gathering]]
[2026.04.04-10.20.01:796][534]LogConfig: Setting CVar [[r.DOF.Scatter.ForegroundCompositing:1    ; additive foreground scattering]]
[2026.04.04-10.20.01:796][534]LogConfig: Setting CVar [[r.DOF.Scatter.BackgroundCompositing:1    ; no background occlusion]]
[2026.04.04-10.20.01:796][534]LogConfig: Setting CVar [[r.DOF.Scatter.EnableBokehSettings:0      ; no bokeh simulation when scattering]]
[2026.04.04-10.20.01:796][534]LogConfig: Setting CVar [[r.DOF.Scatter.MaxSpriteRatio:0.04        ; only a maximum of 4% of scattered bokeh]]
[2026.04.04-10.20.01:796][534]LogConfig: Setting CVar [[r.DOF.Recombine.Quality:0                ; no slight out of focus]]
[2026.04.04-10.20.01:796][534]LogConfig: Setting CVar [[r.DOF.TemporalAAQuality:0                ; faster temporal accumulation]]
[2026.04.04-10.20.01:796][534]LogConfig: Setting CVar [[r.DOF.Kernel.MaxForegroundRadius:0.012   ; required because of AccumulatorQuality=0]]
[2026.04.04-10.20.01:796][534]LogConfig: Setting CVar [[r.DOF.Kernel.MaxBackgroundRadius:0.012   ; required because of AccumulatorQuality=0]]
[2026.04.04-10.20.01:796][534]LogConfig: Applying CVar settings from Section [TextureQuality@2] File [C:/Users/User/Documents/Unreal Projects/Playtime_Multiplayer/Saved/Config/Windows/Scalability.ini]
[2026.04.04-10.20.01:796][534]LogConfig: Setting CVar [[r.Streaming.MipBias:0]]
[2026.04.04-10.20.01:796][534]LogConfig: Setting CVar [[r.Streaming.AmortizeCPUToGPUCopy:0]]
[2026.04.04-10.20.01:796][534]LogConfig: Setting CVar [[r.Streaming.MaxNumTexturesToStreamPerFrame:0]]
[2026.04.04-10.20.01:796][534]LogConfig: Setting CVar [[r.Streaming.Boost:1]]
[2026.04.04-10.20.01:796][534]LogConfig: Setting CVar [[r.MaxAnisotropy:4]]
[2026.04.04-10.20.01:796][534]LogConfig: Setting CVar [[r.VT.MaxAnisotropy:8]]
[2026.04.04-10.20.01:796][534]LogConfig: Setting CVar [[r.Streaming.LimitPoolSizeToVRAM:1]]
[2026.04.04-10.20.01:797][534]LogConfig: Setting CVar [[r.Streaming.PoolSize:800]]
[2026.04.04-10.20.01:797][534]LogConfig: Setting CVar [[r.Streaming.MaxEffectiveScreenSize:0]]
[2026.04.04-10.20.01:797][534]LogConfig: Applying CVar settings from Section [EffectsQuality@2] File [C:/Users/User/Documents/Unreal Projects/Playtime_Multiplayer/Saved/Config/Windows/Scalability.ini]
[2026.04.04-10.20.01:797][534]LogConfig: Setting CVar [[r.TranslucencyLightingVolumeDim:48]]
[2026.04.04-10.20.01:797][534]LogConfig: Setting CVar [[r.RefractionQuality:2]]
[2026.04.04-10.20.01:797][534]LogConfig: Setting CVar [[r.SSR.Quality:2]]
[2026.04.04-10.20.01:797][534]LogConfig: Setting CVar [[r.SSR.HalfResSceneColor:1]]
[2026.04.04-10.20.01:797][534]LogConfig: Setting CVar [[r.SceneColorFormat:3]]
[2026.04.04-10.20.01:797][534]LogConfig: Setting CVar [[r.DetailMode:1]]
[2026.04.04-10.20.01:797][534]LogConfig: Setting CVar [[r.TranslucencyVolumeBlur:1]]
[2026.04.04-10.20.01:797][534]LogConfig: Setting CVar [[r.MaterialQualityLevel:1 ; High quality]]
[2026.04.04-10.20.01:797][534]LogConfig: Setting CVar [[r.AnisotropicMaterials:1]]
[2026.04.04-10.20.01:797][534]LogConfig: Setting CVar [[r.SSS.Scale:1]]
[2026.04.04-10.20.01:797][534]LogConfig: Setting CVar [[r.SSS.SampleSet:1]]
[2026.04.04-10.20.01:797][534]LogConfig: Setting CVar [[r.SSS.Quality:-1]]
[2026.04.04-10.20.01:797][534]LogConfig: Setting CVar [[r.SSS.HalfRes:1]]
[2026.04.04-10.20.01:797][534]LogConfig: Setting CVar [[r.SSGI.Quality:2]]
[2026.04.04-10.20.01:797][534]LogConfig: Setting CVar [[r.EmitterSpawnRateScale:0.5]]
[2026.04.04-10.20.01:797][534]LogConfig: Setting CVar [[r.ParticleLightQuality:1]]
[2026.04.04-10.20.01:797][534]LogConfig: Setting CVar [[r.SkyAtmosphere.AerialPerspectiveLUT.FastApplyOnOpaque:1 ; Always have FastSkyLUT 1 in this case to avoid wrong sky]]
[2026.04.04-10.20.01:797][534]LogConfig: Setting CVar [[r.SkyAtmosphere.AerialPerspectiveLUT.SampleCountMaxPerSlice:2]]
[2026.04.04-10.20.01:797][534]LogConfig: Setting CVar [[r.SkyAtmosphere.AerialPerspectiveLUT.DepthResolution:16.0]]
[2026.04.04-10.20.01:797][534]LogConfig: Setting CVar [[r.SkyAtmosphere.FastSkyLUT:1]]
[2026.04.04-10.20.01:797][534]LogConfig: Setting CVar [[r.SkyAtmosphere.FastSkyLUT.SampleCountMin:4.0]]
[2026.04.04-10.20.01:797][534]LogConfig: Setting CVar [[r.SkyAtmosphere.FastSkyLUT.SampleCountMax:64.0]]
[2026.04.04-10.20.01:797][534]LogConfig: Setting CVar [[r.SkyAtmosphere.SampleCountMin:4.0]]
[2026.04.04-10.20.01:797][534]LogConfig: Setting CVar [[r.SkyAtmosphere.SampleCountMax:64.0]]
[2026.04.04-10.20.01:797][534]LogConfig: Setting CVar [[r.SkyAtmosphere.TransmittanceLUT.UseSmallFormat:0]]
[2026.04.04-10.20.01:797][534]LogConfig: Setting CVar [[r.SkyAtmosphere.TransmittanceLUT.SampleCount:10.0]]
[2026.04.04-10.20.01:797][534]LogConfig: Setting CVar [[r.SkyAtmosphere.MultiScatteringLUT.SampleCount:15.0]]
[2026.04.04-10.20.01:797][534]LogConfig: Setting CVar [[r.SkyLight.RealTimeReflectionCapture:1]]
[2026.04.04-10.20.01:797][534]LogConfig: Setting CVar [[fx.Niagara.QualityLevel:2]]
[2026.04.04-10.20.01:797][534]LogConfig: Applying CVar settings from Section [FoliageQuality@2] File [C:/Users/User/Documents/Unreal Projects/Playtime_Multiplayer/Saved/Config/Windows/Scalability.ini]
[2026.04.04-10.20.01:797][534]LogConfig: Setting CVar [[foliage.DensityScale:0.8]]
[2026.04.04-10.20.01:797][534]LogConfig: Setting CVar [[grass.DensityScale:0.8]]
[2026.04.04-10.20.01:797][534]LogConfig: Applying CVar settings from Section [ShadingQuality@2] File [C:/Users/User/Documents/Unreal Projects/Playtime_Multiplayer/Saved/Config/Windows/Scalability.ini]
[2026.04.04-10.20.01:797][534]LogConfig: Setting CVar [[r.HairStrands.SkyLighting.IntegrationType:2]]
[2026.04.04-10.20.01:797][534]LogConfig: Setting CVar [[r.HairStrands.SkyAO.SampleCount:4]]
[2026.04.04-10.20.01:797][534]LogConfig: Setting CVar [[r.HairStrands.Visibility.MSAA.SamplePerPixel:4]]
[2026.04.04-10.20.01:920][544]LogConfig: Applying CVar settings from Section [ViewDistanceQuality@2] File [C:/Users/User/Documents/Unreal Projects/Playtime_Multiplayer/Saved/Config/Windows/Scalability.ini]
[2026.04.04-10.20.01:920][544]LogConfig: Setting CVar [[r.SkeletalMeshLODBias:0]]
[2026.04.04-10.20.01:920][544]LogConfig: Setting CVar [[r.ViewDistanceScale:0.8]]
[2026.04.04-10.20.01:920][544]LogConfig: Applying CVar settings from Section [AntiAliasingQuality@2] File [C:/Users/User/Documents/Unreal Projects/Playtime_Multiplayer/Saved/Config/Windows/Scalability.ini]
[2026.04.04-10.20.01:920][544]LogConfig: Setting CVar [[r.PostProcessAAQuality:3]]
[2026.04.04-10.20.01:920][544]LogConfig: Applying CVar settings from Section [ShadowQuality@2] File [C:/Users/User/Documents/Unreal Projects/Playtime_Multiplayer/Saved/Config/Windows/Scalability.ini]
[2026.04.04-10.20.01:920][544]LogConfig: Setting CVar [[r.LightFunctionQuality:1]]
[2026.04.04-10.20.01:920][544]LogConfig: Setting CVar [[r.ShadowQuality:5]]
[2026.04.04-10.20.01:920][544]LogConfig: Setting CVar [[r.Shadow.CSM.MaxCascades:4]]
[2026.04.04-10.20.01:920][544]LogConfig: Setting CVar [[r.Shadow.MaxResolution:1024]]
[2026.04.04-10.20.01:920][544]LogConfig: Setting CVar [[r.Shadow.MaxCSMResolution:2048]]
[2026.04.04-10.20.01:920][544]LogConfig: Setting CVar [[r.Shadow.RadiusThreshold:0.04]]
[2026.04.04-10.20.01:920][544]LogConfig: Setting CVar [[r.Shadow.DistanceScale:0.85]]
[2026.04.04-10.20.01:920][544]LogConfig: Setting CVar [[r.Shadow.CSM.TransitionScale:0.8]]
[2026.04.04-10.20.01:920][544]LogConfig: Setting CVar [[r.Shadow.PreShadowResolutionFactor:0.5]]
[2026.04.04-10.20.01:920][544]LogConfig: Setting CVar [[r.DistanceFieldShadowing:1]]
[2026.04.04-10.20.01:920][544]LogConfig: Setting CVar [[r.DistanceFieldAO:1]]
[2026.04.04-10.20.01:920][544]LogConfig: Setting CVar [[r.AOQuality:1]]
[2026.04.04-10.20.01:920][544]LogConfig: Setting CVar [[r.VolumetricFog:1]]
[2026.04.04-10.20.01:920][544]LogConfig: Setting CVar [[r.VolumetricFog.GridPixelSize:16]]
[2026.04.04-10.20.01:921][544]LogConfig: Setting CVar [[r.VolumetricFog.GridSizeZ:64]]
[2026.04.04-10.20.01:921][544]LogConfig: Setting CVar [[r.VolumetricFog.HistoryMissSupersampleCount:4]]
[2026.04.04-10.20.01:921][544]LogConfig: Setting CVar [[r.LightMaxDrawDistanceScale:1]]
[2026.04.04-10.20.01:921][544]LogConfig: Setting CVar [[r.CapsuleShadows:1]]
[2026.04.04-10.20.01:921][544]LogConfig: Applying CVar settings from Section [PostProcessQuality@2] File [C:/Users/User/Documents/Unreal Projects/Playtime_Multiplayer/Saved/Config/Windows/Scalability.ini]
[2026.04.04-10.20.01:921][544]LogConfig: Setting CVar [[r.MotionBlurQuality:3]]
[2026.04.04-10.20.01:921][544]LogConfig: Setting CVar [[r.AmbientOcclusionMipLevelFactor:0.6]]
[2026.04.04-10.20.01:921][544]LogConfig: Setting CVar [[r.AmbientOcclusionMaxQuality:100]]
[2026.04.04-10.20.01:921][544]LogConfig: Setting CVar [[r.AmbientOcclusionLevels:-1]]
[2026.04.04-10.20.01:921][544]LogConfig: Setting CVar [[r.AmbientOcclusionRadiusScale:1.5]]
[2026.04.04-10.20.01:921][544]LogConfig: Setting CVar [[r.DepthOfFieldQuality:2]]
[2026.04.04-10.20.01:921][544]LogConfig: Setting CVar [[r.RenderTargetPoolMin:400]]
[2026.04.04-10.20.01:921][544]LogConfig: Setting CVar [[r.LensFlareQuality:2]]
[2026.04.04-10.20.01:921][544]LogConfig: Setting CVar [[r.SceneColorFringeQuality:1]]
[2026.04.04-10.20.01:921][544]LogConfig: Setting CVar [[r.EyeAdaptationQuality:2]]
[2026.04.04-10.20.01:921][544]LogConfig: Setting CVar [[r.BloomQuality:5]]
[2026.04.04-10.20.01:921][544]LogConfig: Setting CVar [[r.FastBlurThreshold:3]]
[2026.04.04-10.20.01:921][544]LogConfig: Setting CVar [[r.Upscale.Quality:2]]
[2026.04.04-10.20.01:921][544]LogConfig: Setting CVar [[r.Tonemapper.GrainQuantization:1]]
[2026.04.04-10.20.01:921][544]LogConfig: Setting CVar [[r.LightShaftQuality:1]]
[2026.04.04-10.20.01:921][544]LogConfig: Setting CVar [[r.Filter.SizeScale:0.8]]
[2026.04.04-10.20.01:921][544]LogConfig: Setting CVar [[r.Tonemapper.Quality:5]]
[2026.04.04-10.20.01:921][544]LogConfig: Setting CVar [[r.DOF.Gather.AccumulatorQuality:0        ; lower gathering accumulator quality]]
[2026.04.04-10.20.01:921][544]LogConfig: Setting CVar [[r.DOF.Gather.PostfilterMethod:2          ; Max3x3 postfilering method]]
[2026.04.04-10.20.01:921][544]LogConfig: Setting CVar [[r.DOF.Gather.EnableBokehSettings:0       ; no bokeh simulation when gathering]]
[2026.04.04-10.20.01:921][544]LogConfig: Setting CVar [[r.DOF.Gather.RingCount:4                 ; medium number of samples when gathering]]
[2026.04.04-10.20.01:921][544]LogConfig: Setting CVar [[r.DOF.Scatter.ForegroundCompositing:1    ; additive foreground scattering]]
[2026.04.04-10.20.01:921][544]LogConfig: Setting CVar [[r.DOF.Scatter.BackgroundCompositing:1    ; no background occlusion]]
[2026.04.04-10.20.01:921][544]LogConfig: Setting CVar [[r.DOF.Scatter.EnableBokehSettings:0      ; no bokeh simulation when scattering]]
[2026.04.04-10.20.01:921][544]LogConfig: Setting CVar [[r.DOF.Scatter.MaxSpriteRatio:0.04        ; only a maximum of 4% of scattered bokeh]]
[2026.04.04-10.20.01:921][544]LogConfig: Setting CVar [[r.DOF.Recombine.Quality:0                ; no slight out of focus]]
[2026.04.04-10.20.01:921][544]LogConfig: Setting CVar [[r.DOF.TemporalAAQuality:0                ; faster temporal accumulation]]
[2026.04.04-10.20.01:921][544]LogConfig: Setting CVar [[r.DOF.Kernel.MaxForegroundRadius:0.012   ; required because of AccumulatorQuality=0]]
[2026.04.04-10.20.01:921][544]LogConfig: Setting CVar [[r.DOF.Kernel.MaxBackgroundRadius:0.012   ; required because of AccumulatorQuality=0]]
[2026.04.04-10.20.01:921][544]LogConfig: Applying CVar settings from Section [TextureQuality@2] File [C:/Users/User/Documents/Unreal Projects/Playtime_Multiplayer/Saved/Config/Windows/Scalability.ini]
[2026.04.04-10.20.01:921][544]LogConfig: Setting CVar [[r.Streaming.MipBias:0]]
[2026.04.04-10.20.01:921][544]LogConfig: Setting CVar [[r.Streaming.AmortizeCPUToGPUCopy:0]]
[2026.04.04-10.20.01:921][544]LogConfig: Setting CVar [[r.Streaming.MaxNumTexturesToStreamPerFrame:0]]
[2026.04.04-10.20.01:921][544]LogConfig: Setting CVar [[r.Streaming.Boost:1]]
[2026.04.04-10.20.01:921][544]LogConfig: Setting CVar [[r.MaxAnisotropy:4]]
[2026.04.04-10.20.01:921][544]LogConfig: Setting CVar [[r.VT.MaxAnisotropy:8]]
[2026.04.04-10.20.01:921][544]LogConfig: Setting CVar [[r.Streaming.LimitPoolSizeToVRAM:1]]
[2026.04.04-10.20.01:921][544]LogConfig: Setting CVar [[r.Streaming.PoolSize:800]]
[2026.04.04-10.20.01:921][544]LogConfig: Setting CVar [[r.Streaming.MaxEffectiveScreenSize:0]]
[2026.04.04-10.20.01:921][544]LogConfig: Applying CVar settings from Section [EffectsQuality@2] File [C:/Users/User/Documents/Unreal Projects/Playtime_Multiplayer/Saved/Config/Windows/Scalability.ini]
[2026.04.04-10.20.01:921][544]LogConfig: Setting CVar [[r.TranslucencyLightingVolumeDim:48]]
[2026.04.04-10.20.01:921][544]LogConfig: Setting CVar [[r.RefractionQuality:2]]
[2026.04.04-10.20.01:921][544]LogConfig: Setting CVar [[r.SSR.Quality:2]]
[2026.04.04-10.20.01:921][544]LogConfig: Setting CVar [[r.SSR.HalfResSceneColor:1]]
[2026.04.04-10.20.01:921][544]LogConfig: Setting CVar [[r.SceneColorFormat:3]]
[2026.04.04-10.20.01:921][544]LogConfig: Setting CVar [[r.DetailMode:1]]
[2026.04.04-10.20.01:922][544]LogConfig: Setting CVar [[r.TranslucencyVolumeBlur:1]]
[2026.04.04-10.20.01:922][544]LogConfig: Setting CVar [[r.MaterialQualityLevel:1 ; High quality]]
[2026.04.04-10.20.01:922][544]LogConfig: Setting CVar [[r.AnisotropicMaterials:1]]
[2026.04.04-10.20.01:922][544]LogConfig: Setting CVar [[r.SSS.Scale:1]]
[2026.04.04-10.20.01:922][544]LogConfig: Setting CVar [[r.SSS.SampleSet:1]]
[2026.04.04-10.20.01:922][544]LogConfig: Setting CVar [[r.SSS.Quality:-1]]
[2026.04.04-10.20.01:922][544]LogConfig: Setting CVar [[r.SSS.HalfRes:1]]
[2026.04.04-10.20.01:922][544]LogConfig: Setting CVar [[r.SSGI.Quality:2]]
[2026.04.04-10.20.01:922][544]LogConfig: Setting CVar [[r.EmitterSpawnRateScale:0.5]]
[2026.04.04-10.20.01:922][544]LogConfig: Setting CVar [[r.ParticleLightQuality:1]]
[2026.04.04-10.20.01:922][544]LogConfig: Setting CVar [[r.SkyAtmosphere.AerialPerspectiveLUT.FastApplyOnOpaque:1 ; Always have FastSkyLUT 1 in this case to avoid wrong sky]]
[2026.04.04-10.20.01:922][544]LogConfig: Setting CVar [[r.SkyAtmosphere.AerialPerspectiveLUT.SampleCountMaxPerSlice:2]]
[2026.04.04-10.20.01:922][544]LogConfig: Setting CVar [[r.SkyAtmosphere.AerialPerspectiveLUT.DepthResolution:16.0]]
[2026.04.04-10.20.01:922][544]LogConfig: Setting CVar [[r.SkyAtmosphere.FastSkyLUT:1]]
[2026.04.04-10.20.01:922][544]LogConfig: Setting CVar [[r.SkyAtmosphere.FastSkyLUT.SampleCountMin:4.0]]
[2026.04.04-10.20.01:922][544]LogConfig: Setting CVar [[r.SkyAtmosphere.FastSkyLUT.SampleCountMax:64.0]]
[2026.04.04-10.20.01:922][544]LogConfig: Setting CVar [[r.SkyAtmosphere.SampleCountMin:4.0]]
[2026.04.04-10.20.01:922][544]LogConfig: Setting CVar [[r.SkyAtmosphere.SampleCountMax:64.0]]
[2026.04.04-10.20.01:922][544]LogConfig: Setting CVar [[r.SkyAtmosphere.TransmittanceLUT.UseSmallFormat:0]]
[2026.04.04-10.20.01:922][544]LogConfig: Setting CVar [[r.SkyAtmosphere.TransmittanceLUT.SampleCount:10.0]]
[2026.04.04-10.20.01:922][544]LogConfig: Setting CVar [[r.SkyAtmosphere.MultiScatteringLUT.SampleCount:15.0]]
[2026.04.04-10.20.01:922][544]LogConfig: Setting CVar [[r.SkyLight.RealTimeReflectionCapture:1]]
[2026.04.04-10.20.01:922][544]LogConfig: Setting CVar [[fx.Niagara.QualityLevel:2]]
[2026.04.04-10.20.01:922][544]LogConfig: Applying CVar settings from Section [FoliageQuality@2] File [C:/Users/User/Documents/Unreal Projects/Playtime_Multiplayer/Saved/Config/Windows/Scalability.ini]
[2026.04.04-10.20.01:922][544]LogConfig: Setting CVar [[foliage.DensityScale:0.8]]
[2026.04.04-10.20.01:922][544]LogConfig: Setting CVar [[grass.DensityScale:0.8]]
[2026.04.04-10.20.01:922][544]LogConfig: Applying CVar settings from Section [ShadingQuality@2] File [C:/Users/User/Documents/Unreal Projects/Playtime_Multiplayer/Saved/Config/Windows/Scalability.ini]
[2026.04.04-10.20.01:922][544]LogConfig: Setting CVar [[r.HairStrands.SkyLighting.IntegrationType:2]]
[2026.04.04-10.20.01:922][544]LogConfig: Setting CVar [[r.HairStrands.SkyAO.SampleCount:4]]
[2026.04.04-10.20.01:922][544]LogConfig: Setting CVar [[r.HairStrands.Visibility.MSAA.SamplePerPixel:4]]
[2026.04.04-10.20.01:922][544]LogConfig: Applying CVar settings from Section [ViewDistanceQuality@2] File [C:/Users/User/Documents/Unreal Projects/Playtime_Multiplayer/Saved/Config/Windows/Scalability.ini]
[2026.04.04-10.20.01:922][544]LogConfig: Setting CVar [[r.SkeletalMeshLODBias:0]]
[2026.04.04-10.20.01:922][544]LogConfig: Setting CVar [[r.ViewDistanceScale:0.8]]
[2026.04.04-10.20.01:922][544]LogConfig: Applying CVar settings from Section [AntiAliasingQuality@2] File [C:/Users/User/Documents/Unreal Projects/Playtime_Multiplayer/Saved/Config/Windows/Scalability.ini]
[2026.04.04-10.20.01:922][544]LogConfig: Setting CVar [[r.PostProcessAAQuality:3]]
[2026.04.04-10.20.01:923][544]LogConfig: Applying CVar settings from Section [ShadowQuality@2] File [C:/Users/User/Documents/Unreal Projects/Playtime_Multiplayer/Saved/Config/Windows/Scalability.ini]
[2026.04.04-10.20.01:923][544]LogConfig: Setting CVar [[r.LightFunctionQuality:1]]
[2026.04.04-10.20.01:923][544]LogConfig: Setting CVar [[r.ShadowQuality:5]]
[2026.04.04-10.20.01:923][544]LogConfig: Setting CVar [[r.Shadow.CSM.MaxCascades:4]]
[2026.04.04-10.20.01:923][544]LogConfig: Setting CVar [[r.Shadow.MaxResolution:1024]]
[2026.04.04-10.20.01:923][544]LogConfig: Setting CVar [[r.Shadow.MaxCSMResolution:2048]]
[2026.04.04-10.20.01:923][544]LogConfig: Setting CVar [[r.Shadow.RadiusThreshold:0.04]]
[2026.04.04-10.20.01:923][544]LogConfig: Setting CVar [[r.Shadow.DistanceScale:0.85]]
[2026.04.04-10.20.01:923][544]LogConfig: Setting CVar [[r.Shadow.CSM.TransitionScale:0.8]]
[2026.04.04-10.20.01:923][544]LogConfig: Setting CVar [[r.Shadow.PreShadowResolutionFactor:0.5]]
[2026.04.04-10.20.01:923][544]LogConfig: Setting CVar [[r.DistanceFieldShadowing:1]]
[2026.04.04-10.20.01:923][544]LogConfig: Setting CVar [[r.DistanceFieldAO:1]]
[2026.04.04-10.20.01:923][544]LogConfig: Setting CVar [[r.AOQuality:1]]
[2026.04.04-10.20.01:923][544]LogConfig: Setting CVar [[r.VolumetricFog:1]]
[2026.04.04-10.20.01:923][544]LogConfig: Setting CVar [[r.VolumetricFog.GridPixelSize:16]]
[2026.04.04-10.20.01:923][544]LogConfig: Setting CVar [[r.VolumetricFog.GridSizeZ:64]]
[2026.04.04-10.20.01:923][544]LogConfig: Setting CVar [[r.VolumetricFog.HistoryMissSupersampleCount:4]]
[2026.04.04-10.20.01:923][544]LogConfig: Setting CVar [[r.LightMaxDrawDistanceScale:1]]
[2026.04.04-10.20.01:923][544]LogConfig: Setting CVar [[r.CapsuleShadows:1]]
[2026.04.04-10.20.01:923][544]LogConfig: Applying CVar settings from Section [PostProcessQuality@2] File [C:/Users/User/Documents/Unreal Projects/Playtime_Multiplayer/Saved/Config/Windows/Scalability.ini]
[2026.04.04-10.20.01:923][544]LogConfig: Setting CVar [[r.MotionBlurQuality:3]]
[2026.04.04-10.20.01:923][544]LogConfig: Setting CVar [[r.AmbientOcclusionMipLevelFactor:0.6]]
[2026.04.04-10.20.01:923][544]LogConfig: Setting CVar [[r.AmbientOcclusionMaxQuality:100]]
[2026.04.04-10.20.01:923][544]LogConfig: Setting CVar [[r.AmbientOcclusionLevels:-1]]
[2026.04.04-10.20.01:923][544]LogConfig: Setting CVar [[r.AmbientOcclusionRadiusScale:1.5]]
[2026.04.04-10.20.01:923][544]LogConfig: Setting CVar [[r.DepthOfFieldQuality:2]]
[2026.04.04-10.20.01:923][544]LogConfig: Setting CVar [[r.RenderTargetPoolMin:400]]
[2026.04.04-10.20.01:923][544]LogConfig: Setting CVar [[r.LensFlareQuality:2]]
[2026.04.04-10.20.01:923][544]LogConfig: Setting CVar [[r.SceneColorFringeQuality:1]]
[2026.04.04-10.20.01:923][544]LogConfig: Setting CVar [[r.EyeAdaptationQuality:2]]
[2026.04.04-10.20.01:923][544]LogConfig: Setting CVar [[r.BloomQuality:5]]
[2026.04.04-10.20.01:923][544]LogConfig: Setting CVar [[r.FastBlurThreshold:3]]
[2026.04.04-10.20.01:923][544]LogConfig: Setting CVar [[r.Upscale.Quality:2]]
[2026.04.04-10.20.01:923][544]LogConfig: Setting CVar [[r.Tonemapper.GrainQuantization:1]]
[2026.04.04-10.20.01:923][544]LogConfig: Setting CVar [[r.LightShaftQuality:1]]
[2026.04.04-10.20.01:923][544]LogConfig: Setting CVar [[r.Filter.SizeScale:0.8]]
[2026.04.04-10.20.01:923][544]LogConfig: Setting CVar [[r.Tonemapper.Quality:5]]
[2026.04.04-10.20.01:923][544]LogConfig: Setting CVar [[r.DOF.Gather.AccumulatorQuality:0        ; lower gathering accumulator quality]]
[2026.04.04-10.20.01:923][544]LogConfig: Setting CVar [[r.DOF.Gather.PostfilterMethod:2          ; Max3x3 postfilering method]]
[2026.04.04-10.20.01:923][544]LogConfig: Setting CVar [[r.DOF.Gather.EnableBokehSettings:0       ; no bokeh simulation when gathering]]
[2026.04.04-10.20.01:923][544]LogConfig: Setting CVar [[r.DOF.Gather.RingCount:4                 ; medium number of samples when gathering]]
[2026.04.04-10.20.01:923][544]LogConfig: Setting CVar [[r.DOF.Scatter.ForegroundCompositing:1    ; additive foreground scattering]]
[2026.04.04-10.20.01:924][544]LogConfig: Setting CVar [[r.DOF.Scatter.BackgroundCompositing:1    ; no background occlusion]]
[2026.04.04-10.20.01:924][544]LogConfig: Setting CVar [[r.DOF.Scatter.EnableBokehSettings:0      ; no bokeh simulation when scattering]]
[2026.04.04-10.20.01:924][544]LogConfig: Setting CVar [[r.DOF.Scatter.MaxSpriteRatio:0.04        ; only a maximum of 4% of scattered bokeh]]
[2026.04.04-10.20.01:924][544]LogConfig: Setting CVar [[r.DOF.Recombine.Quality:0                ; no slight out of focus]]
[2026.04.04-10.20.01:924][544]LogConfig: Setting CVar [[r.DOF.TemporalAAQuality:0                ; faster temporal accumulation]]
[2026.04.04-10.20.01:924][544]LogConfig: Setting CVar [[r.DOF.Kernel.MaxForegroundRadius:0.012   ; required because of AccumulatorQuality=0]]
[2026.04.04-10.20.01:924][544]LogConfig: Setting CVar [[r.DOF.Kernel.MaxBackgroundRadius:0.012   ; required because of AccumulatorQuality=0]]
[2026.04.04-10.20.01:924][544]LogConfig: Applying CVar settings from Section [TextureQuality@2] File [C:/Users/User/Documents/Unreal Projects/Playtime_Multiplayer/Saved/Config/Windows/Scalability.ini]
[2026.04.04-10.20.01:924][544]LogConfig: Setting CVar [[r.Streaming.MipBias:0]]
[2026.04.04-10.20.01:924][544]LogConfig: Setting CVar [[r.Streaming.AmortizeCPUToGPUCopy:0]]
[2026.04.04-10.20.01:924][544]LogConfig: Setting CVar [[r.Streaming.MaxNumTexturesToStreamPerFrame:0]]
[2026.04.04-10.20.01:924][544]LogConfig: Setting CVar [[r.Streaming.Boost:1]]
[2026.04.04-10.20.01:924][544]LogConfig: Setting CVar [[r.MaxAnisotropy:4]]
[2026.04.04-10.20.01:924][544]LogConfig: Setting CVar [[r.VT.MaxAnisotropy:8]]
[2026.04.04-10.20.01:924][544]LogConfig: Setting CVar [[r.Streaming.LimitPoolSizeToVRAM:1]]
[2026.04.04-10.20.01:924][544]LogConfig: Setting CVar [[r.Streaming.PoolSize:800]]
[2026.04.04-10.20.01:924][544]LogConfig: Setting CVar [[r.Streaming.MaxEffectiveScreenSize:0]]
[2026.04.04-10.20.01:924][544]LogConfig: Applying CVar settings from Section [EffectsQuality@2] File [C:/Users/User/Documents/Unreal Projects/Playtime_Multiplayer/Saved/Config/Windows/Scalability.ini]
[2026.04.04-10.20.01:924][544]LogConfig: Setting CVar [[r.TranslucencyLightingVolumeDim:48]]
[2026.04.04-10.20.01:924][544]LogConfig: Setting CVar [[r.RefractionQuality:2]]
[2026.04.04-10.20.01:924][544]LogConfig: Setting CVar [[r.SSR.Quality:2]]
[2026.04.04-10.20.01:924][544]LogConfig: Setting CVar [[r.SSR.HalfResSceneColor:1]]
[2026.04.04-10.20.01:924][544]LogConfig: Setting CVar [[r.SceneColorFormat:3]]
[2026.04.04-10.20.01:924][544]LogConfig: Setting CVar [[r.DetailMode:1]]
[2026.04.04-10.20.01:924][544]LogConfig: Setting CVar [[r.TranslucencyVolumeBlur:1]]
[2026.04.04-10.20.01:924][544]LogConfig: Setting CVar [[r.MaterialQualityLevel:1 ; High quality]]
[2026.04.04-10.20.01:924][544]LogConfig: Setting CVar [[r.AnisotropicMaterials:1]]
[2026.04.04-10.20.01:924][544]LogConfig: Setting CVar [[r.SSS.Scale:1]]
[2026.04.04-10.20.01:924][544]LogConfig: Setting CVar [[r.SSS.SampleSet:1]]
[2026.04.04-10.20.01:924][544]LogConfig: Setting CVar [[r.SSS.Quality:-1]]
[2026.04.04-10.20.01:924][544]LogConfig: Setting CVar [[r.SSS.HalfRes:1]]
[2026.04.04-10.20.01:924][544]LogConfig: Setting CVar [[r.SSGI.Quality:2]]
[2026.04.04-10.20.01:924][544]LogConfig: Setting CVar [[r.EmitterSpawnRateScale:0.5]]
[2026.04.04-10.20.01:924][544]LogConfig: Setting CVar [[r.ParticleLightQuality:1]]
[2026.04.04-10.20.01:924][544]LogConfig: Setting CVar [[r.SkyAtmosphere.AerialPerspectiveLUT.FastApplyOnOpaque:1 ; Always have FastSkyLUT 1 in this case to avoid wrong sky]]
[2026.04.04-10.20.01:924][544]LogConfig: Setting CVar [[r.SkyAtmosphere.AerialPerspectiveLUT.SampleCountMaxPerSlice:2]]
[2026.04.04-10.20.01:924][544]LogConfig: Setting CVar [[r.SkyAtmosphere.AerialPerspectiveLUT.DepthResolution:16.0]]
[2026.04.04-10.20.01:924][544]LogConfig: Setting CVar [[r.SkyAtmosphere.FastSkyLUT:1]]
[2026.04.04-10.20.01:924][544]LogConfig: Setting CVar [[r.SkyAtmosphere.FastSkyLUT.SampleCountMin:4.0]]
[2026.04.04-10.20.01:924][544]LogConfig: Setting CVar [[r.SkyAtmosphere.FastSkyLUT.SampleCountMax:64.0]]
[2026.04.04-10.20.01:924][544]LogConfig: Setting CVar [[r.SkyAtmosphere.SampleCountMin:4.0]]
[2026.04.04-10.20.01:924][544]LogConfig: Setting CVar [[r.SkyAtmosphere.SampleCountMax:64.0]]
[2026.04.04-10.20.01:924][544]LogConfig: Setting CVar [[r.SkyAtmosphere.TransmittanceLUT.UseSmallFormat:0]]
[2026.04.04-10.20.01:924][544]LogConfig: Setting CVar [[r.SkyAtmosphere.TransmittanceLUT.SampleCount:10.0]]
[2026.04.04-10.20.01:925][544]LogConfig: Setting CVar [[r.SkyAtmosphere.MultiScatteringLUT.SampleCount:15.0]]
[2026.04.04-10.20.01:925][544]LogConfig: Setting CVar [[r.SkyLight.RealTimeReflectionCapture:1]]
[2026.04.04-10.20.01:925][544]LogConfig: Setting CVar [[fx.Niagara.QualityLevel:2]]
[2026.04.04-10.20.01:925][544]LogConfig: Applying CVar settings from Section [FoliageQuality@2] File [C:/Users/User/Documents/Unreal Projects/Playtime_Multiplayer/Saved/Config/Windows/Scalability.ini]
[2026.04.04-10.20.01:925][544]LogConfig: Setting CVar [[foliage.DensityScale:0.8]]
[2026.04.04-10.20.01:925][544]LogConfig: Setting CVar [[grass.DensityScale:0.8]]
[2026.04.04-10.20.01:925][544]LogConfig: Applying CVar settings from Section [ShadingQuality@2] File [C:/Users/User/Documents/Unreal Projects/Playtime_Multiplayer/Saved/Config/Windows/Scalability.ini]
[2026.04.04-10.20.01:925][544]LogConfig: Setting CVar [[r.HairStrands.SkyLighting.IntegrationType:2]]
[2026.04.04-10.20.01:925][544]LogConfig: Setting CVar [[r.HairStrands.SkyAO.SampleCount:4]]
[2026.04.04-10.20.01:925][544]LogConfig: Setting CVar [[r.HairStrands.Visibility.MSAA.SamplePerPixel:4]]
[2026.04.04-10.20.01:964][546]LogConfig: Applying CVar settings from Section [ViewDistanceQuality@2] File [C:/Users/User/Documents/Unreal Projects/Playtime_Multiplayer/Saved/Config/Windows/Scalability.ini]
[2026.04.04-10.20.01:964][546]LogConfig: Setting CVar [[r.SkeletalMeshLODBias:0]]
[2026.04.04-10.20.01:964][546]LogConfig: Setting CVar [[r.ViewDistanceScale:0.8]]
[2026.04.04-10.20.01:964][546]LogConfig: Applying CVar settings from Section [AntiAliasingQuality@2] File [C:/Users/User/Documents/Unreal Projects/Playtime_Multiplayer/Saved/Config/Windows/Scalability.ini]
[2026.04.04-10.20.01:964][546]LogConfig: Setting CVar [[r.PostProcessAAQuality:3]]
[2026.04.04-10.20.01:964][546]LogConfig: Applying CVar settings from Section [ShadowQuality@2] File [C:/Users/User/Documents/Unreal Projects/Playtime_Multiplayer/Saved/Config/Windows/Scalability.ini]
[2026.04.04-10.20.01:964][546]LogConfig: Setting CVar [[r.LightFunctionQuality:1]]
[2026.04.04-10.20.01:964][546]LogConfig: Setting CVar [[r.ShadowQuality:5]]
[2026.04.04-10.20.01:964][546]LogConfig: Setting CVar [[r.Shadow.CSM.MaxCascades:4]]
[2026.04.04-10.20.01:964][546]LogConfig: Setting CVar [[r.Shadow.MaxResolution:1024]]
[2026.04.04-10.20.01:964][546]LogConfig: Setting CVar [[r.Shadow.MaxCSMResolution:2048]]
[2026.04.04-10.20.01:964][546]LogConfig: Setting CVar [[r.Shadow.RadiusThreshold:0.04]]
[2026.04.04-10.20.01:964][546]LogConfig: Setting CVar [[r.Shadow.DistanceScale:0.85]]
[2026.04.04-10.20.01:964][546]LogConfig: Setting CVar [[r.Shadow.CSM.TransitionScale:0.8]]
[2026.04.04-10.20.01:964][546]LogConfig: Setting CVar [[r.Shadow.PreShadowResolutionFactor:0.5]]
[2026.04.04-10.20.01:964][546]LogConfig: Setting CVar [[r.DistanceFieldShadowing:1]]
[2026.04.04-10.20.01:965][546]LogConfig: Setting CVar [[r.DistanceFieldAO:1]]
[2026.04.04-10.20.01:965][546]LogConfig: Setting CVar [[r.AOQuality:1]]
[2026.04.04-10.20.01:965][546]LogConfig: Setting CVar [[r.VolumetricFog:1]]
[2026.04.04-10.20.01:965][546]LogConfig: Setting CVar [[r.VolumetricFog.GridPixelSize:16]]
[2026.04.04-10.20.01:965][546]LogConfig: Setting CVar [[r.VolumetricFog.GridSizeZ:64]]
[2026.04.04-10.20.01:965][546]LogConfig: Setting CVar [[r.VolumetricFog.HistoryMissSupersampleCount:4]]
[2026.04.04-10.20.01:965][546]LogConfig: Setting CVar [[r.LightMaxDrawDistanceScale:1]]
[2026.04.04-10.20.01:965][546]LogConfig: Setting CVar [[r.CapsuleShadows:1]]
[2026.04.04-10.20.01:965][546]LogConfig: Applying CVar settings from Section [PostProcessQuality@2] File [C:/Users/User/Documents/Unreal Projects/Playtime_Multiplayer/Saved/Config/Windows/Scalability.ini]
[2026.04.04-10.20.01:965][546]LogConfig: Setting CVar [[r.MotionBlurQuality:3]]
[2026.04.04-10.20.01:965][546]LogConfig: Setting CVar [[r.AmbientOcclusionMipLevelFactor:0.6]]
[2026.04.04-10.20.01:965][546]LogConfig: Setting CVar [[r.AmbientOcclusionMaxQuality:100]]
[2026.04.04-10.20.01:965][546]LogConfig: Setting CVar [[r.AmbientOcclusionLevels:-1]]
[2026.04.04-10.20.01:965][546]LogConfig: Setting CVar [[r.AmbientOcclusionRadiusScale:1.5]]
[2026.04.04-10.20.01:965][546]LogConfig: Setting CVar [[r.DepthOfFieldQuality:2]]
[2026.04.04-10.20.01:965][546]LogConfig: Setting CVar [[r.RenderTargetPoolMin:400]]
[2026.04.04-10.20.01:965][546]LogConfig: Setting CVar [[r.LensFlareQuality:2]]
[2026.04.04-10.20.01:965][546]LogConfig: Setting CVar [[r.SceneColorFringeQuality:1]]
[2026.04.04-10.20.01:965][546]LogConfig: Setting CVar [[r.EyeAdaptationQuality:2]]
[2026.04.04-10.20.01:965][546]LogConfig: Setting CVar [[r.BloomQuality:5]]
[2026.04.04-10.20.01:965][546]LogConfig: Setting CVar [[r.FastBlurThreshold:3]]
[2026.04.04-10.20.01:965][546]LogConfig: Setting CVar [[r.Upscale.Quality:2]]
[2026.04.04-10.20.01:965][546]LogConfig: Setting CVar [[r.Tonemapper.GrainQuantization:1]]
[2026.04.04-10.20.01:965][546]LogConfig: Setting CVar [[r.LightShaftQuality:1]]
[2026.04.04-10.20.01:965][546]LogConfig: Setting CVar [[r.Filter.SizeScale:0.8]]
[2026.04.04-10.20.01:965][546]LogConfig: Setting CVar [[r.Tonemapper.Quality:5]]
[2026.04.04-10.20.01:965][546]LogConfig: Setting CVar [[r.DOF.Gather.AccumulatorQuality:0        ; lower gathering accumulator quality]]
[2026.04.04-10.20.01:965][546]LogConfig: Setting CVar [[r.DOF.Gather.PostfilterMethod:2          ; Max3x3 postfilering method]]
[2026.04.04-10.20.01:966][546]LogConfig: Setting CVar [[r.DOF.Gather.EnableBokehSettings:0       ; no bokeh simulation when gathering]]
[2026.04.04-10.20.01:966][546]LogConfig: Setting CVar [[r.DOF.Gather.RingCount:4                 ; medium number of samples when gathering]]
[2026.04.04-10.20.01:966][546]LogConfig: Setting CVar [[r.DOF.Scatter.ForegroundCompositing:1    ; additive foreground scattering]]
[2026.04.04-10.20.01:966][546]LogConfig: Setting CVar [[r.DOF.Scatter.BackgroundCompositing:1    ; no background occlusion]]
[2026.04.04-10.20.01:966][546]LogConfig: Setting CVar [[r.DOF.Scatter.EnableBokehSettings:0      ; no bokeh simulation when scattering]]
[2026.04.04-10.20.01:966][546]LogConfig: Setting CVar [[r.DOF.Scatter.MaxSpriteRatio:0.04        ; only a maximum of 4% of scattered bokeh]]
[2026.04.04-10.20.01:966][546]LogConfig: Setting CVar [[r.DOF.Recombine.Quality:0                ; no slight out of focus]]
[2026.04.04-10.20.01:966][546]LogConfig: Setting CVar [[r.DOF.TemporalAAQuality:0                ; faster temporal accumulation]]
[2026.04.04-10.20.01:966][546]LogConfig: Setting CVar [[r.DOF.Kernel.MaxForegroundRadius:0.012   ; required because of AccumulatorQuality=0]]
[2026.04.04-10.20.01:966][546]LogConfig: Setting CVar [[r.DOF.Kernel.MaxBackgroundRadius:0.012   ; required because of AccumulatorQuality=0]]
[2026.04.04-10.20.01:966][546]LogConfig: Applying CVar settings from Section [TextureQuality@2] File [C:/Users/User/Documents/Unreal Projects/Playtime_Multiplayer/Saved/Config/Windows/Scalability.ini]
[2026.04.04-10.20.01:966][546]LogConfig: Setting CVar [[r.Streaming.MipBias:0]]
[2026.04.04-10.20.01:966][546]LogConfig: Setting CVar [[r.Streaming.AmortizeCPUToGPUCopy:0]]
[2026.04.04-10.20.01:966][546]LogConfig: Setting CVar [[r.Streaming.MaxNumTexturesToStreamPerFrame:0]]
[2026.04.04-10.20.01:966][546]LogConfig: Setting CVar [[r.Streaming.Boost:1]]
[2026.04.04-10.20.01:966][546]LogConfig: Setting CVar [[r.MaxAnisotropy:4]]
[2026.04.04-10.20.01:966][546]LogConfig: Setting CVar [[r.VT.MaxAnisotropy:8]]
[2026.04.04-10.20.01:966][546]LogConfig: Setting CVar [[r.Streaming.LimitPoolSizeToVRAM:1]]
[2026.04.04-10.20.01:966][546]LogConfig: Setting CVar [[r.Streaming.PoolSize:800]]
[2026.04.04-10.20.01:966][546]LogConfig: Setting CVar [[r.Streaming.MaxEffectiveScreenSize:0]]
[2026.04.04-10.20.01:966][546]LogConfig: Applying CVar settings from Section [EffectsQuality@2] File [C:/Users/User/Documents/Unreal Projects/Playtime_Multiplayer/Saved/Config/Windows/Scalability.ini]
[2026.04.04-10.20.01:966][546]LogConfig: Setting CVar [[r.TranslucencyLightingVolumeDim:48]]
[2026.04.04-10.20.01:966][546]LogConfig: Setting CVar [[r.RefractionQuality:2]]
[2026.04.04-10.20.01:966][546]LogConfig: Setting CVar [[r.SSR.Quality:2]]
[2026.04.04-10.20.01:967][546]LogConfig: Setting CVar [[r.SSR.HalfResSceneColor:1]]
[2026.04.04-10.20.01:967][546]LogConfig: Setting CVar [[r.SceneColorFormat:3]]
[2026.04.04-10.20.01:967][546]LogConfig: Setting CVar [[r.DetailMode:1]]
[2026.04.04-10.20.01:967][546]LogConfig: Setting CVar [[r.TranslucencyVolumeBlur:1]]
[2026.04.04-10.20.01:967][546]LogConfig: Setting CVar [[r.MaterialQualityLevel:1 ; High quality]]
[2026.04.04-10.20.01:967][546]LogConfig: Setting CVar [[r.AnisotropicMaterials:1]]
[2026.04.04-10.20.01:967][546]LogConfig: Setting CVar [[r.SSS.Scale:1]]
[2026.04.04-10.20.01:967][546]LogConfig: Setting CVar [[r.SSS.SampleSet:1]]
[2026.04.04-10.20.01:967][546]LogConfig: Setting CVar [[r.SSS.Quality:-1]]
[2026.04.04-10.20.01:967][546]LogConfig: Setting CVar [[r.SSS.HalfRes:1]]
[2026.04.04-10.20.01:967][546]LogConfig: Setting CVar [[r.SSGI.Quality:2]]
[2026.04.04-10.20.01:967][546]LogConfig: Setting CVar [[r.EmitterSpawnRateScale:0.5]]
[2026.04.04-10.20.01:967][546]LogConfig: Setting CVar [[r.ParticleLightQuality:1]]
[2026.04.04-10.20.01:967][546]LogConfig: Setting CVar [[r.SkyAtmosphere.AerialPerspectiveLUT.FastApplyOnOpaque:1 ; Always have FastSkyLUT 1 in this case to avoid wrong sky]]
[2026.04.04-10.20.01:967][546]LogConfig: Setting CVar [[r.SkyAtmosphere.AerialPerspectiveLUT.SampleCountMaxPerSlice:2]]
[2026.04.04-10.20.01:967][546]LogConfig: Setting CVar [[r.SkyAtmosphere.AerialPerspectiveLUT.DepthResolution:16.0]]
[2026.04.04-10.20.01:967][546]LogConfig: Setting CVar [[r.SkyAtmosphere.FastSkyLUT:1]]
[2026.04.04-10.20.01:967][546]LogConfig: Setting CVar [[r.SkyAtmosphere.FastSkyLUT.SampleCountMin:4.0]]
[2026.04.04-10.20.01:967][546]LogConfig: Setting CVar [[r.SkyAtmosphere.FastSkyLUT.SampleCountMax:64.0]]
[2026.04.04-10.20.01:967][546]LogConfig: Setting CVar [[r.SkyAtmosphere.SampleCountMin:4.0]]
[2026.04.04-10.20.01:967][546]LogConfig: Setting CVar [[r.SkyAtmosphere.SampleCountMax:64.0]]
[2026.04.04-10.20.01:967][546]LogConfig: Setting CVar [[r.SkyAtmosphere.TransmittanceLUT.UseSmallFormat:0]]
[2026.04.04-10.20.01:967][546]LogConfig: Setting CVar [[r.SkyAtmosphere.TransmittanceLUT.SampleCount:10.0]]
[2026.04.04-10.20.01:967][546]LogConfig: Setting CVar [[r.SkyAtmosphere.MultiScatteringLUT.SampleCount:15.0]]
[2026.04.04-10.20.01:967][546]LogConfig: Setting CVar [[r.SkyLight.RealTimeReflectionCapture:1]]
[2026.04.04-10.20.01:967][546]LogConfig: Setting CVar [[fx.Niagara.QualityLevel:2]]
[2026.04.04-10.20.01:967][546]LogConfig: Applying CVar settings from Section [FoliageQuality@2] File [C:/Users/User/Documents/Unreal Projects/Playtime_Multiplayer/Saved/Config/Windows/Scalability.ini]
[2026.04.04-10.20.01:968][546]LogConfig: Setting CVar [[foliage.DensityScale:0.8]]
[2026.04.04-10.20.01:968][546]LogConfig: Setting CVar [[grass.DensityScale:0.8]]
[2026.04.04-10.20.01:968][546]LogConfig: Applying CVar settings from Section [ShadingQuality@2] File [C:/Users/User/Documents/Unreal Projects/Playtime_Multiplayer/Saved/Config/Windows/Scalability.ini]
[2026.04.04-10.20.01:968][546]LogConfig: Setting CVar [[r.HairStrands.SkyLighting.IntegrationType:2]]
[2026.04.04-10.20.01:968][546]LogConfig: Setting CVar [[r.HairStrands.SkyAO.SampleCount:4]]
[2026.04.04-10.20.01:968][546]LogConfig: Setting CVar [[r.HairStrands.Visibility.MSAA.SamplePerPixel:4]]
[2026.04.04-10.20.02:033][551]LogConfig: Applying CVar settings from Section [ViewDistanceQuality@2] File [C:/Users/User/Documents/Unreal Projects/Playtime_Multiplayer/Saved/Config/Windows/Scalability.ini]
[2026.04.04-10.20.02:033][551]LogConfig: Setting CVar [[r.SkeletalMeshLODBias:0]]
[2026.04.04-10.20.02:033][551]LogConfig: Setting CVar [[r.ViewDistanceScale:0.8]]
[2026.04.04-10.20.02:033][551]LogConfig: Applying CVar settings from Section [AntiAliasingQuality@2] File [C:/Users/User/Documents/Unreal Projects/Playtime_Multiplayer/Saved/Config/Windows/Scalability.ini]
[2026.04.04-10.20.02:033][551]LogConfig: Setting CVar [[r.PostProcessAAQuality:3]]
[2026.04.04-10.20.02:033][551]LogConfig: Applying CVar settings from Section [ShadowQuality@2] File [C:/Users/User/Documents/Unreal Projects/Playtime_Multiplayer/Saved/Config/Windows/Scalability.ini]
[2026.04.04-10.20.02:033][551]LogConfig: Setting CVar [[r.LightFunctionQuality:1]]
[2026.04.04-10.20.02:033][551]LogConfig: Setting CVar [[r.ShadowQuality:5]]
[2026.04.04-10.20.02:033][551]LogConfig: Setting CVar [[r.Shadow.CSM.MaxCascades:4]]
[2026.04.04-10.20.02:033][551]LogConfig: Setting CVar [[r.Shadow.MaxResolution:1024]]
[2026.04.04-10.20.02:033][551]LogConfig: Setting CVar [[r.Shadow.MaxCSMResolution:2048]]
[2026.04.04-10.20.02:033][551]LogConfig: Setting CVar [[r.Shadow.RadiusThreshold:0.04]]
[2026.04.04-10.20.02:033][551]LogConfig: Setting CVar [[r.Shadow.DistanceScale:0.85]]
[2026.04.04-10.20.02:034][551]LogConfig: Setting CVar [[r.Shadow.CSM.TransitionScale:0.8]]
[2026.04.04-10.20.02:034][551]LogConfig: Setting CVar [[r.Shadow.PreShadowResolutionFactor:0.5]]
[2026.04.04-10.20.02:034][551]LogConfig: Setting CVar [[r.DistanceFieldShadowing:1]]
[2026.04.04-10.20.02:034][551]LogConfig: Setting CVar [[r.DistanceFieldAO:1]]
[2026.04.04-10.20.02:034][551]LogConfig: Setting CVar [[r.AOQuality:1]]
[2026.04.04-10.20.02:034][551]LogConfig: Setting CVar [[r.VolumetricFog:1]]
[2026.04.04-10.20.02:034][551]LogConfig: Setting CVar [[r.VolumetricFog.GridPixelSize:16]]
[2026.04.04-10.20.02:034][551]LogConfig: Setting CVar [[r.VolumetricFog.GridSizeZ:64]]
[2026.04.04-10.20.02:034][551]LogConfig: Setting CVar [[r.VolumetricFog.HistoryMissSupersampleCount:4]]
[2026.04.04-10.20.02:034][551]LogConfig: Setting CVar [[r.LightMaxDrawDistanceScale:1]]
[2026.04.04-10.20.02:034][551]LogConfig: Setting CVar [[r.CapsuleShadows:1]]
[2026.04.04-10.20.02:034][551]LogConfig: Applying CVar settings from Section [PostProcessQuality@2] File [C:/Users/User/Documents/Unreal Projects/Playtime_Multiplayer/Saved/Config/Windows/Scalability.ini]
[2026.04.04-10.20.02:034][551]LogConfig: Setting CVar [[r.MotionBlurQuality:3]]
[2026.04.04-10.20.02:034][551]LogConfig: Setting CVar [[r.AmbientOcclusionMipLevelFactor:0.6]]
[2026.04.04-10.20.02:035][551]LogConfig: Setting CVar [[r.AmbientOcclusionMaxQuality:100]]
[2026.04.04-10.20.02:035][551]LogConfig: Setting CVar [[r.AmbientOcclusionLevels:-1]]
[2026.04.04-10.20.02:035][551]LogConfig: Setting CVar [[r.AmbientOcclusionRadiusScale:1.5]]
[2026.04.04-10.20.02:035][551]LogConfig: Setting CVar [[r.DepthOfFieldQuality:2]]
[2026.04.04-10.20.02:035][551]LogConfig: Setting CVar [[r.RenderTargetPoolMin:400]]
[2026.04.04-10.20.02:035][551]LogConfig: Setting CVar [[r.LensFlareQuality:2]]
[2026.04.04-10.20.02:035][551]LogConfig: Setting CVar [[r.SceneColorFringeQuality:1]]
[2026.04.04-10.20.02:035][551]LogConfig: Setting CVar [[r.EyeAdaptationQuality:2]]
[2026.04.04-10.20.02:035][551]LogConfig: Setting CVar [[r.BloomQuality:5]]
[2026.04.04-10.20.02:035][551]LogConfig: Setting CVar [[r.FastBlurThreshold:3]]
[2026.04.04-10.20.02:035][551]LogConfig: Setting CVar [[r.Upscale.Quality:2]]
[2026.04.04-10.20.02:035][551]LogConfig: Setting CVar [[r.Tonemapper.GrainQuantization:1]]
[2026.04.04-10.20.02:035][551]LogConfig: Setting CVar [[r.LightShaftQuality:1]]
[2026.04.04-10.20.02:035][551]LogConfig: Setting CVar [[r.Filter.SizeScale:0.8]]
[2026.04.04-10.20.02:035][551]LogConfig: Setting CVar [[r.Tonemapper.Quality:5]]
[2026.04.04-10.20.02:035][551]LogConfig: Setting CVar [[r.DOF.Gather.AccumulatorQuality:0        ; lower gathering accumulator quality]]
[2026.04.04-10.20.02:035][551]LogConfig: Setting CVar [[r.DOF.Gather.PostfilterMethod:2          ; Max3x3 postfilering method]]
[2026.04.04-10.20.02:035][551]LogConfig: Setting CVar [[r.DOF.Gather.EnableBokehSettings:0       ; no bokeh simulation when gathering]]
[2026.04.04-10.20.02:035][551]LogConfig: Setting CVar [[r.DOF.Gather.RingCount:4                 ; medium number of samples when gathering]]
[2026.04.04-10.20.02:035][551]LogConfig: Setting CVar [[r.DOF.Scatter.ForegroundCompositing:1    ; additive foreground scattering]]
[2026.04.04-10.20.02:035][551]LogConfig: Setting CVar [[r.DOF.Scatter.BackgroundCompositing:1    ; no background occlusion]]
[2026.04.04-10.20.02:035][551]LogConfig: Setting CVar [[r.DOF.Scatter.EnableBokehSettings:0      ; no bokeh simulation when scattering]]
[2026.04.04-10.20.02:035][551]LogConfig: Setting CVar [[r.DOF.Scatter.MaxSpriteRatio:0.04        ; only a maximum of 4% of scattered bokeh]]
[2026.04.04-10.20.02:035][551]LogConfig: Setting CVar [[r.DOF.Recombine.Quality:0                ; no slight out of focus]]
[2026.04.04-10.20.02:035][551]LogConfig: Setting CVar [[r.DOF.TemporalAAQuality:0                ; faster temporal accumulation]]
[2026.04.04-10.20.02:035][551]LogConfig: Setting CVar [[r.DOF.Kernel.MaxForegroundRadius:0.012   ; required because of AccumulatorQuality=0]]
[2026.04.04-10.20.02:035][551]LogConfig: Setting CVar [[r.DOF.Kernel.MaxBackgroundRadius:0.012   ; required because of AccumulatorQuality=0]]
[2026.04.04-10.20.02:035][551]LogConfig: Applying CVar settings from Section [TextureQuality@2] File [C:/Users/User/Documents/Unreal Projects/Playtime_Multiplayer/Saved/Config/Windows/Scalability.ini]
[2026.04.04-10.20.02:035][551]LogConfig: Setting CVar [[r.Streaming.MipBias:0]]
[2026.04.04-10.20.02:035][551]LogConfig: Setting CVar [[r.Streaming.AmortizeCPUToGPUCopy:0]]
[2026.04.04-10.20.02:035][551]LogConfig: Setting CVar [[r.Streaming.MaxNumTexturesToStreamPerFrame:0]]
[2026.04.04-10.20.02:035][551]LogConfig: Setting CVar [[r.Streaming.Boost:1]]
[2026.04.04-10.20.02:035][551]LogConfig: Setting CVar [[r.MaxAnisotropy:4]]
[2026.04.04-10.20.02:035][551]LogConfig: Setting CVar [[r.VT.MaxAnisotropy:8]]
[2026.04.04-10.20.02:035][551]LogConfig: Setting CVar [[r.Streaming.LimitPoolSizeToVRAM:1]]
[2026.04.04-10.20.02:035][551]LogConfig: Setting CVar [[r.Streaming.PoolSize:800]]
[2026.04.04-10.20.02:035][551]LogConfig: Setting CVar [[r.Streaming.MaxEffectiveScreenSize:0]]
[2026.04.04-10.20.02:035][551]LogConfig: Applying CVar settings from Section [EffectsQuality@2] File [C:/Users/User/Documents/Unreal Projects/Playtime_Multiplayer/Saved/Config/Windows/Scalability.ini]
[2026.04.04-10.20.02:036][551]LogConfig: Setting CVar [[r.TranslucencyLightingVolumeDim:48]]
[2026.04.04-10.20.02:036][551]LogConfig: Setting CVar [[r.RefractionQuality:2]]
[2026.04.04-10.20.02:036][551]LogConfig: Setting CVar [[r.SSR.Quality:2]]
[2026.04.04-10.20.02:036][551]LogConfig: Setting CVar [[r.SSR.HalfResSceneColor:1]]
[2026.04.04-10.20.02:036][551]LogConfig: Setting CVar [[r.SceneColorFormat:3]]
[2026.04.04-10.20.02:036][551]LogConfig: Setting CVar [[r.DetailMode:1]]
[2026.04.04-10.20.02:036][551]LogConfig: Setting CVar [[r.TranslucencyVolumeBlur:1]]
[2026.04.04-10.20.02:036][551]LogConfig: Setting CVar [[r.MaterialQualityLevel:1 ; High quality]]
[2026.04.04-10.20.02:036][551]LogConfig: Setting CVar [[r.AnisotropicMaterials:1]]
[2026.04.04-10.20.02:036][551]LogConfig: Setting CVar [[r.SSS.Scale:1]]
[2026.04.04-10.20.02:036][551]LogConfig: Setting CVar [[r.SSS.SampleSet:1]]
[2026.04.04-10.20.02:036][551]LogConfig: Setting CVar [[r.SSS.Quality:-1]]
[2026.04.04-10.20.02:036][551]LogConfig: Setting CVar [[r.SSS.HalfRes:1]]
[2026.04.04-10.20.02:036][551]LogConfig: Setting CVar [[r.SSGI.Quality:2]]
[2026.04.04-10.20.02:036][551]LogConfig: Setting CVar [[r.EmitterSpawnRateScale:0.5]]
[2026.04.04-10.20.02:036][551]LogConfig: Setting CVar [[r.ParticleLightQuality:1]]
[2026.04.04-10.20.02:036][551]LogConfig: Setting CVar [[r.SkyAtmosphere.AerialPerspectiveLUT.FastApplyOnOpaque:1 ; Always have FastSkyLUT 1 in this case to avoid wrong sky]]
[2026.04.04-10.20.02:036][551]LogConfig: Setting CVar [[r.SkyAtmosphere.AerialPerspectiveLUT.SampleCountMaxPerSlice:2]]
[2026.04.04-10.20.02:036][551]LogConfig: Setting CVar [[r.SkyAtmosphere.AerialPerspectiveLUT.DepthResolution:16.0]]
[2026.04.04-10.20.02:036][551]LogConfig: Setting CVar [[r.SkyAtmosphere.FastSkyLUT:1]]
[2026.04.04-10.20.02:036][551]LogConfig: Setting CVar [[r.SkyAtmosphere.FastSkyLUT.SampleCountMin:4.0]]
[2026.04.04-10.20.02:036][551]LogConfig: Setting CVar [[r.SkyAtmosphere.FastSkyLUT.SampleCountMax:64.0]]
[2026.04.04-10.20.02:037][551]LogConfig: Setting CVar [[r.SkyAtmosphere.SampleCountMin:4.0]]
[2026.04.04-10.20.02:037][551]LogConfig: Setting CVar [[r.SkyAtmosphere.SampleCountMax:64.0]]
[2026.04.04-10.20.02:037][551]LogConfig: Setting CVar [[r.SkyAtmosphere.TransmittanceLUT.UseSmallFormat:0]]
[2026.04.04-10.20.02:037][551]LogConfig: Setting CVar [[r.SkyAtmosphere.TransmittanceLUT.SampleCount:10.0]]
[2026.04.04-10.20.02:037][551]LogConfig: Setting CVar [[r.SkyAtmosphere.MultiScatteringLUT.SampleCount:15.0]]
[2026.04.04-10.20.02:037][551]LogConfig: Setting CVar [[r.SkyLight.RealTimeReflectionCapture:1]]
[2026.04.04-10.20.02:037][551]LogConfig: Setting CVar [[fx.Niagara.QualityLevel:2]]
[2026.04.04-10.20.02:037][551]LogConfig: Applying CVar settings from Section [FoliageQuality@2] File [C:/Users/User/Documents/Unreal Projects/Playtime_Multiplayer/Saved/Config/Windows/Scalability.ini]
[2026.04.04-10.20.02:037][551]LogConfig: Setting CVar [[foliage.DensityScale:0.8]]
[2026.04.04-10.20.02:037][551]LogConfig: Setting CVar [[grass.DensityScale:0.8]]
[2026.04.04-10.20.02:037][551]LogConfig: Applying CVar settings from Section [ShadingQuality@2] File [C:/Users/User/Documents/Unreal Projects/Playtime_Multiplayer/Saved/Config/Windows/Scalability.ini]
[2026.04.04-10.20.02:037][551]LogConfig: Setting CVar [[r.HairStrands.SkyLighting.IntegrationType:2]]
[2026.04.04-10.20.02:037][551]LogConfig: Setting CVar [[r.HairStrands.SkyAO.SampleCount:4]]
[2026.04.04-10.20.02:037][551]LogConfig: Setting CVar [[r.HairStrands.Visibility.MSAA.SamplePerPixel:4]]
[2026.04.04-10.20.02:037][551]LogConfig: Applying CVar settings from Section [ViewDistanceQuality@2] File [C:/Users/User/Documents/Unreal Projects/Playtime_Multiplayer/Saved/Config/Windows/Scalability.ini]
[2026.04.04-10.20.02:037][551]LogConfig: Setting CVar [[r.SkeletalMeshLODBias:0]]
[2026.04.04-10.20.02:037][551]LogConfig: Setting CVar [[r.ViewDistanceScale:0.8]]
[2026.04.04-10.20.02:037][551]LogConfig: Applying CVar settings from Section [AntiAliasingQuality@2] File [C:/Users/User/Documents/Unreal Projects/Playtime_Multiplayer/Saved/Config/Windows/Scalability.ini]
[2026.04.04-10.20.02:037][551]LogConfig: Setting CVar [[r.PostProcessAAQuality:3]]
[2026.04.04-10.20.02:037][551]LogConfig: Applying CVar settings from Section [ShadowQuality@2] File [C:/Users/User/Documents/Unreal Projects/Playtime_Multiplayer/Saved/Config/Windows/Scalability.ini]
[2026.04.04-10.20.02:037][551]LogConfig: Setting CVar [[r.LightFunctionQuality:1]]
[2026.04.04-10.20.02:037][551]LogConfig: Setting CVar [[r.ShadowQuality:5]]
[2026.04.04-10.20.02:037][551]LogConfig: Setting CVar [[r.Shadow.CSM.MaxCascades:4]]
[2026.04.04-10.20.02:037][551]LogConfig: Setting CVar [[r.Shadow.MaxResolution:1024]]
[2026.04.04-10.20.02:037][551]LogConfig: Setting CVar [[r.Shadow.MaxCSMResolution:2048]]
[2026.04.04-10.20.02:037][551]LogConfig: Setting CVar [[r.Shadow.RadiusThreshold:0.04]]
[2026.04.04-10.20.02:037][551]LogConfig: Setting CVar [[r.Shadow.DistanceScale:0.85]]
[2026.04.04-10.20.02:037][551]LogConfig: Setting CVar [[r.Shadow.CSM.TransitionScale:0.8]]
[2026.04.04-10.20.02:037][551]LogConfig: Setting CVar [[r.Shadow.PreShadowResolutionFactor:0.5]]
[2026.04.04-10.20.02:037][551]LogConfig: Setting CVar [[r.DistanceFieldShadowing:1]]
[2026.04.04-10.20.02:037][551]LogConfig: Setting CVar [[r.DistanceFieldAO:1]]
[2026.04.04-10.20.02:037][551]LogConfig: Setting CVar [[r.AOQuality:1]]
[2026.04.04-10.20.02:037][551]LogConfig: Setting CVar [[r.VolumetricFog:1]]
[2026.04.04-10.20.02:037][551]LogConfig: Setting CVar [[r.VolumetricFog.GridPixelSize:16]]
[2026.04.04-10.20.02:037][551]LogConfig: Setting CVar [[r.VolumetricFog.GridSizeZ:64]]
[2026.04.04-10.20.02:037][551]LogConfig: Setting CVar [[r.VolumetricFog.HistoryMissSupersampleCount:4]]
[2026.04.04-10.20.02:037][551]LogConfig: Setting CVar [[r.LightMaxDrawDistanceScale:1]]
[2026.04.04-10.20.02:038][551]LogConfig: Setting CVar [[r.CapsuleShadows:1]]
[2026.04.04-10.20.02:038][551]LogConfig: Applying CVar settings from Section [PostProcessQuality@2] File [C:/Users/User/Documents/Unreal Projects/Playtime_Multiplayer/Saved/Config/Windows/Scalability.ini]
[2026.04.04-10.20.02:038][551]LogConfig: Setting CVar [[r.MotionBlurQuality:3]]
[2026.04.04-10.20.02:038][551]LogConfig: Setting CVar [[r.AmbientOcclusionMipLevelFactor:0.6]]
[2026.04.04-10.20.02:038][551]LogConfig: Setting CVar [[r.AmbientOcclusionMaxQuality:100]]
[2026.04.04-10.20.02:038][551]LogConfig: Setting CVar [[r.AmbientOcclusionLevels:-1]]
[2026.04.04-10.20.02:038][551]LogConfig: Setting CVar [[r.AmbientOcclusionRadiusScale:1.5]]
[2026.04.04-10.20.02:038][551]LogConfig: Setting CVar [[r.DepthOfFieldQuality:2]]
[2026.04.04-10.20.02:038][551]LogConfig: Setting CVar [[r.RenderTargetPoolMin:400]]
[2026.04.04-10.20.02:038][551]LogConfig: Setting CVar [[r.LensFlareQuality:2]]
[2026.04.04-10.20.02:038][551]LogConfig: Setting CVar [[r.SceneColorFringeQuality:1]]
[2026.04.04-10.20.02:038][551]LogConfig: Setting CVar [[r.EyeAdaptationQuality:2]]
[2026.04.04-10.20.02:038][551]LogConfig: Setting CVar [[r.BloomQuality:5]]
[2026.04.04-10.20.02:038][551]LogConfig: Setting CVar [[r.FastBlurThreshold:3]]
[2026.04.04-10.20.02:038][551]LogConfig: Setting CVar [[r.Upscale.Quality:2]]
[2026.04.04-10.20.02:038][551]LogConfig: Setting CVar [[r.Tonemapper.GrainQuantization:1]]
[2026.04.04-10.20.02:038][551]LogConfig: Setting CVar [[r.LightShaftQuality:1]]
[2026.04.04-10.20.02:038][551]LogConfig: Setting CVar [[r.Filter.SizeScale:0.8]]
[2026.04.04-10.20.02:038][551]LogConfig: Setting CVar [[r.Tonemapper.Quality:5]]
[2026.04.04-10.20.02:038][551]LogConfig: Setting CVar [[r.DOF.Gather.AccumulatorQuality:0        ; lower gathering accumulator quality]]
[2026.04.04-10.20.02:038][551]LogConfig: Setting CVar [[r.DOF.Gather.PostfilterMethod:2          ; Max3x3 postfilering method]]
[2026.04.04-10.20.02:038][551]LogConfig: Setting CVar [[r.DOF.Gather.EnableBokehSettings:0       ; no bokeh simulation when gathering]]
[2026.04.04-10.20.02:038][551]LogConfig: Setting CVar [[r.DOF.Gather.RingCount:4                 ; medium number of samples when gathering]]
[2026.04.04-10.20.02:038][551]LogConfig: Setting CVar [[r.DOF.Scatter.ForegroundCompositing:1    ; additive foreground scattering]]
[2026.04.04-10.20.02:038][551]LogConfig: Setting CVar [[r.DOF.Scatter.BackgroundCompositing:1    ; no background occlusion]]
[2026.04.04-10.20.02:038][551]LogConfig: Setting CVar [[r.DOF.Scatter.EnableBokehSettings:0      ; no bokeh simulation when scattering]]
[2026.04.04-10.20.02:038][551]LogConfig: Setting CVar [[r.DOF.Scatter.MaxSpriteRatio:0.04        ; only a maximum of 4% of scattered bokeh]]
[2026.04.04-10.20.02:038][551]LogConfig: Setting CVar [[r.DOF.Recombine.Quality:0                ; no slight out of focus]]
[2026.04.04-10.20.02:038][551]LogConfig: Setting CVar [[r.DOF.TemporalAAQuality:0                ; faster temporal accumulation]]
[2026.04.04-10.20.02:038][551]LogConfig: Setting CVar [[r.DOF.Kernel.MaxForegroundRadius:0.012   ; required because of AccumulatorQuality=0]]
[2026.04.04-10.20.02:038][551]LogConfig: Setting CVar [[r.DOF.Kernel.MaxBackgroundRadius:0.012   ; required because of AccumulatorQuality=0]]
[2026.04.04-10.20.02:038][551]LogConfig: Applying CVar settings from Section [TextureQuality@2] File [C:/Users/User/Documents/Unreal Projects/Playtime_Multiplayer/Saved/Config/Windows/Scalability.ini]
[2026.04.04-10.20.02:038][551]LogConfig: Setting CVar [[r.Streaming.MipBias:0]]
[2026.04.04-10.20.02:038][551]LogConfig: Setting CVar [[r.Streaming.AmortizeCPUToGPUCopy:0]]
[2026.04.04-10.20.02:038][551]LogConfig: Setting CVar [[r.Streaming.MaxNumTexturesToStreamPerFrame:0]]
[2026.04.04-10.20.02:038][551]LogConfig: Setting CVar [[r.Streaming.Boost:1]]
[2026.04.04-10.20.02:038][551]LogConfig: Setting CVar [[r.MaxAnisotropy:4]]
[2026.04.04-10.20.02:038][551]LogConfig: Setting CVar [[r.VT.MaxAnisotropy:8]]
[2026.04.04-10.20.02:038][551]LogConfig: Setting CVar [[r.Streaming.LimitPoolSizeToVRAM:1]]
[2026.04.04-10.20.02:038][551]LogConfig: Setting CVar [[r.Streaming.PoolSize:800]]
[2026.04.04-10.20.02:038][551]LogConfig: Setting CVar [[r.Streaming.MaxEffectiveScreenSize:0]]
[2026.04.04-10.20.02:038][551]LogConfig: Applying CVar settings from Section [EffectsQuality@2] File [C:/Users/User/Documents/Unreal Projects/Playtime_Multiplayer/Saved/Config/Windows/Scalability.ini]
[2026.04.04-10.20.02:038][551]LogConfig: Setting CVar [[r.TranslucencyLightingVolumeDim:48]]
[2026.04.04-10.20.02:038][551]LogConfig: Setting CVar [[r.RefractionQuality:2]]
[2026.04.04-10.20.02:039][551]LogConfig: Setting CVar [[r.SSR.Quality:2]]
[2026.04.04-10.20.02:039][551]LogConfig: Setting CVar [[r.SSR.HalfResSceneColor:1]]
[2026.04.04-10.20.02:039][551]LogConfig: Setting CVar [[r.SceneColorFormat:3]]
[2026.04.04-10.20.02:039][551]LogConfig: Setting CVar [[r.DetailMode:1]]
[2026.04.04-10.20.02:039][551]LogConfig: Setting CVar [[r.TranslucencyVolumeBlur:1]]
[2026.04.04-10.20.02:039][551]LogConfig: Setting CVar [[r.MaterialQualityLevel:1 ; High quality]]
[2026.04.04-10.20.02:039][551]LogConfig: Setting CVar [[r.AnisotropicMaterials:1]]
[2026.04.04-10.20.02:039][551]LogConfig: Setting CVar [[r.SSS.Scale:1]]
[2026.04.04-10.20.02:039][551]LogConfig: Setting CVar [[r.SSS.SampleSet:1]]
[2026.04.04-10.20.02:039][551]LogConfig: Setting CVar [[r.SSS.Quality:-1]]
[2026.04.04-10.20.02:039][551]LogConfig: Setting CVar [[r.SSS.HalfRes:1]]
[2026.04.04-10.20.02:039][551]LogConfig: Setting CVar [[r.SSGI.Quality:2]]
[2026.04.04-10.20.02:039][551]LogConfig: Setting CVar [[r.EmitterSpawnRateScale:0.5]]
[2026.04.04-10.20.02:039][551]LogConfig: Setting CVar [[r.ParticleLightQuality:1]]
[2026.04.04-10.20.02:039][551]LogConfig: Setting CVar [[r.SkyAtmosphere.AerialPerspectiveLUT.FastApplyOnOpaque:1 ; Always have FastSkyLUT 1 in this case to avoid wrong sky]]
[2026.04.04-10.20.02:039][551]LogConfig: Setting CVar [[r.SkyAtmosphere.AerialPerspectiveLUT.SampleCountMaxPerSlice:2]]
[2026.04.04-10.20.02:039][551]LogConfig: Setting CVar [[r.SkyAtmosphere.AerialPerspectiveLUT.DepthResolution:16.0]]
[2026.04.04-10.20.02:039][551]LogConfig: Setting CVar [[r.SkyAtmosphere.FastSkyLUT:1]]
[2026.04.04-10.20.02:039][551]LogConfig: Setting CVar [[r.SkyAtmosphere.FastSkyLUT.SampleCountMin:4.0]]
[2026.04.04-10.20.02:039][551]LogConfig: Setting CVar [[r.SkyAtmosphere.FastSkyLUT.SampleCountMax:64.0]]
[2026.04.04-10.20.02:039][551]LogConfig: Setting CVar [[r.SkyAtmosphere.SampleCountMin:4.0]]
[2026.04.04-10.20.02:039][551]LogConfig: Setting CVar [[r.SkyAtmosphere.SampleCountMax:64.0]]
[2026.04.04-10.20.02:039][551]LogConfig: Setting CVar [[r.SkyAtmosphere.TransmittanceLUT.UseSmallFormat:0]]
[2026.04.04-10.20.02:039][551]LogConfig: Setting CVar [[r.SkyAtmosphere.TransmittanceLUT.SampleCount:10.0]]
[2026.04.04-10.20.02:039][551]LogConfig: Setting CVar [[r.SkyAtmosphere.MultiScatteringLUT.SampleCount:15.0]]
[2026.04.04-10.20.02:039][551]LogConfig: Setting CVar [[r.SkyLight.RealTimeReflectionCapture:1]]
[2026.04.04-10.20.02:039][551]LogConfig: Setting CVar [[fx.Niagara.QualityLevel:2]]
[2026.04.04-10.20.02:039][551]LogConfig: Applying CVar settings from Section [FoliageQuality@2] File [C:/Users/User/Documents/Unreal Projects/Playtime_Multiplayer/Saved/Config/Windows/Scalability.ini]
[2026.04.04-10.20.02:039][551]LogConfig: Setting CVar [[foliage.DensityScale:0.8]]
[2026.04.04-10.20.02:039][551]LogConfig: Setting CVar [[grass.DensityScale:0.8]]
[2026.04.04-10.20.02:039][551]LogConfig: Applying CVar settings from Section [ShadingQuality@2] File [C:/Users/User/Documents/Unreal Projects/Playtime_Multiplayer/Saved/Config/Windows/Scalability.ini]
[2026.04.04-10.20.02:039][551]LogConfig: Setting CVar [[r.HairStrands.SkyLighting.IntegrationType:2]]
[2026.04.04-10.20.02:039][551]LogConfig: Setting CVar [[r.HairStrands.SkyAO.SampleCount:4]]
[2026.04.04-10.20.02:039][551]LogConfig: Setting CVar [[r.HairStrands.Visibility.MSAA.SamplePerPixel:4]]
[2026.04.04-10.20.02:094][555]LogConfig: Applying CVar settings from Section [ViewDistanceQuality@2] File [C:/Users/User/Documents/Unreal Projects/Playtime_Multiplayer/Saved/Config/Windows/Scalability.ini]
[2026.04.04-10.20.02:094][555]LogConfig: Setting CVar [[r.SkeletalMeshLODBias:0]]
[2026.04.04-10.20.02:094][555]LogConfig: Setting CVar [[r.ViewDistanceScale:0.8]]
[2026.04.04-10.20.02:094][555]LogConfig: Applying CVar settings from Section [AntiAliasingQuality@2] File [C:/Users/User/Documents/Unreal Projects/Playtime_Multiplayer/Saved/Config/Windows/Scalability.ini]
[2026.04.04-10.20.02:094][555]LogConfig: Setting CVar [[r.PostProcessAAQuality:3]]
[2026.04.04-10.20.02:094][555]LogConfig: Applying CVar settings from Section [ShadowQuality@2] File [C:/Users/User/Documents/Unreal Projects/Playtime_Multiplayer/Saved/Config/Windows/Scalability.ini]
[2026.04.04-10.20.02:094][555]LogConfig: Setting CVar [[r.LightFunctionQuality:1]]
[2026.04.04-10.20.02:095][555]LogConfig: Setting CVar [[r.ShadowQuality:5]]
[2026.04.04-10.20.02:095][555]LogConfig: Setting CVar [[r.Shadow.CSM.MaxCascades:4]]
[2026.04.04-10.20.02:095][555]LogConfig: Setting CVar [[r.Shadow.MaxResolution:1024]]
[2026.04.04-10.20.02:095][555]LogConfig: Setting CVar [[r.Shadow.MaxCSMResolution:2048]]
[2026.04.04-10.20.02:095][555]LogConfig: Setting CVar [[r.Shadow.RadiusThreshold:0.04]]
[2026.04.04-10.20.02:095][555]LogConfig: Setting CVar [[r.Shadow.DistanceScale:0.85]]
[2026.04.04-10.20.02:095][555]LogConfig: Setting CVar [[r.Shadow.CSM.TransitionScale:0.8]]
[2026.04.04-10.20.02:095][555]LogConfig: Setting CVar [[r.Shadow.PreShadowResolutionFactor:0.5]]
[2026.04.04-10.20.02:095][555]LogConfig: Setting CVar [[r.DistanceFieldShadowing:1]]
[2026.04.04-10.20.02:095][555]LogConfig: Setting CVar [[r.DistanceFieldAO:1]]
[2026.04.04-10.20.02:095][555]LogConfig: Setting CVar [[r.AOQuality:1]]
[2026.04.04-10.20.02:095][555]LogConfig: Setting CVar [[r.VolumetricFog:1]]
[2026.04.04-10.20.02:095][555]LogConfig: Setting CVar [[r.VolumetricFog.GridPixelSize:16]]
[2026.04.04-10.20.02:095][555]LogConfig: Setting CVar [[r.VolumetricFog.GridSizeZ:64]]
[2026.04.04-10.20.02:095][555]LogConfig: Setting CVar [[r.VolumetricFog.HistoryMissSupersampleCount:4]]
[2026.04.04-10.20.02:095][555]LogConfig: Setting CVar [[r.LightMaxDrawDistanceScale:1]]
[2026.04.04-10.20.02:095][555]LogConfig: Setting CVar [[r.CapsuleShadows:1]]
[2026.04.04-10.20.02:095][555]LogConfig: Applying CVar settings from Section [PostProcessQuality@2] File [C:/Users/User/Documents/Unreal Projects/Playtime_Multiplayer/Saved/Config/Windows/Scalability.ini]
[2026.04.04-10.20.02:095][555]LogConfig: Setting CVar [[r.MotionBlurQuality:3]]
[2026.04.04-10.20.02:095][555]LogConfig: Setting CVar [[r.AmbientOcclusionMipLevelFactor:0.6]]
[2026.04.04-10.20.02:095][555]LogConfig: Setting CVar [[r.AmbientOcclusionMaxQuality:100]]
[2026.04.04-10.20.02:095][555]LogConfig: Setting CVar [[r.AmbientOcclusionLevels:-1]]
[2026.04.04-10.20.02:095][555]LogConfig: Setting CVar [[r.AmbientOcclusionRadiusScale:1.5]]
[2026.04.04-10.20.02:095][555]LogConfig: Setting CVar [[r.DepthOfFieldQuality:2]]
[2026.04.04-10.20.02:095][555]LogConfig: Setting CVar [[r.RenderTargetPoolMin:400]]
[2026.04.04-10.20.02:095][555]LogConfig: Setting CVar [[r.LensFlareQuality:2]]
[2026.04.04-10.20.02:095][555]LogConfig: Setting CVar [[r.SceneColorFringeQuality:1]]
[2026.04.04-10.20.02:095][555]LogConfig: Setting CVar [[r.EyeAdaptationQuality:2]]
[2026.04.04-10.20.02:095][555]LogConfig: Setting CVar [[r.BloomQuality:5]]
[2026.04.04-10.20.02:095][555]LogConfig: Setting CVar [[r.FastBlurThreshold:3]]
[2026.04.04-10.20.02:095][555]LogConfig: Setting CVar [[r.Upscale.Quality:2]]
[2026.04.04-10.20.02:095][555]LogConfig: Setting CVar [[r.Tonemapper.GrainQuantization:1]]
[2026.04.04-10.20.02:095][555]LogConfig: Setting CVar [[r.LightShaftQuality:1]]
[2026.04.04-10.20.02:095][555]LogConfig: Setting CVar [[r.Filter.SizeScale:0.8]]
[2026.04.04-10.20.02:095][555]LogConfig: Setting CVar [[r.Tonemapper.Quality:5]]
[2026.04.04-10.20.02:095][555]LogConfig: Setting CVar [[r.DOF.Gather.AccumulatorQuality:0        ; lower gathering accumulator quality]]
[2026.04.04-10.20.02:095][555]LogConfig: Setting CVar [[r.DOF.Gather.PostfilterMethod:2          ; Max3x3 postfilering method]]
[2026.04.04-10.20.02:095][555]LogConfig: Setting CVar [[r.DOF.Gather.EnableBokehSettings:0       ; no bokeh simulation when gathering]]
[2026.04.04-10.20.02:095][555]LogConfig: Setting CVar [[r.DOF.Gather.RingCount:4                 ; medium number of samples when gathering]]
[2026.04.04-10.20.02:095][555]LogConfig: Setting CVar [[r.DOF.Scatter.ForegroundCompositing:1    ; additive foreground scattering]]
[2026.04.04-10.20.02:095][555]LogConfig: Setting CVar [[r.DOF.Scatter.BackgroundCompositing:1    ; no background occlusion]]
[2026.04.04-10.20.02:095][555]LogConfig: Setting CVar [[r.DOF.Scatter.EnableBokehSettings:0      ; no bokeh simulation when scattering]]
[2026.04.04-10.20.02:095][555]LogConfig: Setting CVar [[r.DOF.Scatter.MaxSpriteRatio:0.04        ; only a maximum of 4% of scattered bokeh]]
[2026.04.04-10.20.02:095][555]LogConfig: Setting CVar [[r.DOF.Recombine.Quality:0                ; no slight out of focus]]
[2026.04.04-10.20.02:095][555]LogConfig: Setting CVar [[r.DOF.TemporalAAQuality:0                ; faster temporal accumulation]]
[2026.04.04-10.20.02:095][555]LogConfig: Setting CVar [[r.DOF.Kernel.MaxForegroundRadius:0.012   ; required because of AccumulatorQuality=0]]
[2026.04.04-10.20.02:095][555]LogConfig: Setting CVar [[r.DOF.Kernel.MaxBackgroundRadius:0.012   ; required because of AccumulatorQuality=0]]
[2026.04.04-10.20.02:095][555]LogConfig: Applying CVar settings from Section [TextureQuality@2] File [C:/Users/User/Documents/Unreal Projects/Playtime_Multiplayer/Saved/Config/Windows/Scalability.ini]
[2026.04.04-10.20.02:095][555]LogConfig: Setting CVar [[r.Streaming.MipBias:0]]
[2026.04.04-10.20.02:096][555]LogConfig: Setting CVar [[r.Streaming.AmortizeCPUToGPUCopy:0]]
[2026.04.04-10.20.02:096][555]LogConfig: Setting CVar [[r.Streaming.MaxNumTexturesToStreamPerFrame:0]]
[2026.04.04-10.20.02:096][555]LogConfig: Setting CVar [[r.Streaming.Boost:1]]
[2026.04.04-10.20.02:096][555]LogConfig: Setting CVar [[r.MaxAnisotropy:4]]
[2026.04.04-10.20.02:096][555]LogConfig: Setting CVar [[r.VT.MaxAnisotropy:8]]
[2026.04.04-10.20.02:096][555]LogConfig: Setting CVar [[r.Streaming.LimitPoolSizeToVRAM:1]]
[2026.04.04-10.20.02:096][555]LogConfig: Setting CVar [[r.Streaming.PoolSize:800]]
[2026.04.04-10.20.02:096][555]LogConfig: Setting CVar [[r.Streaming.MaxEffectiveScreenSize:0]]
[2026.04.04-10.20.02:096][555]LogConfig: Applying CVar settings from Section [EffectsQuality@2] File [C:/Users/User/Documents/Unreal Projects/Playtime_Multiplayer/Saved/Config/Windows/Scalability.ini]
[2026.04.04-10.20.02:096][555]LogConfig: Setting CVar [[r.TranslucencyLightingVolumeDim:48]]
[2026.04.04-10.20.02:096][555]LogConfig: Setting CVar [[r.RefractionQuality:2]]
[2026.04.04-10.20.02:096][555]LogConfig: Setting CVar [[r.SSR.Quality:2]]
[2026.04.04-10.20.02:096][555]LogConfig: Setting CVar [[r.SSR.HalfResSceneColor:1]]
[2026.04.04-10.20.02:096][555]LogConfig: Setting CVar [[r.SceneColorFormat:3]]
[2026.04.04-10.20.02:096][555]LogConfig: Setting CVar [[r.DetailMode:1]]
[2026.04.04-10.20.02:096][555]LogConfig: Setting CVar [[r.TranslucencyVolumeBlur:1]]
[2026.04.04-10.20.02:096][555]LogConfig: Setting CVar [[r.MaterialQualityLevel:1 ; High quality]]
[2026.04.04-10.20.02:096][555]LogConfig: Setting CVar [[r.AnisotropicMaterials:1]]
[2026.04.04-10.20.02:096][555]LogConfig: Setting CVar [[r.SSS.Scale:1]]
[2026.04.04-10.20.02:096][555]LogConfig: Setting CVar [[r.SSS.SampleSet:1]]
[2026.04.04-10.20.02:096][555]LogConfig: Setting CVar [[r.SSS.Quality:-1]]
[2026.04.04-10.20.02:096][555]LogConfig: Setting CVar [[r.SSS.HalfRes:1]]
[2026.04.04-10.20.02:096][555]LogConfig: Setting CVar [[r.SSGI.Quality:2]]
[2026.04.04-10.20.02:096][555]LogConfig: Setting CVar [[r.EmitterSpawnRateScale:0.5]]
[2026.04.04-10.20.02:096][555]LogConfig: Setting CVar [[r.ParticleLightQuality:1]]
[2026.04.04-10.20.02:096][555]LogConfig: Setting CVar [[r.SkyAtmosphere.AerialPerspectiveLUT.FastApplyOnOpaque:1 ; Always have FastSkyLUT 1 in this case to avoid wrong sky]]
[2026.04.04-10.20.02:096][555]LogConfig: Setting CVar [[r.SkyAtmosphere.AerialPerspectiveLUT.SampleCountMaxPerSlice:2]]
[2026.04.04-10.20.02:096][555]LogConfig: Setting CVar [[r.SkyAtmosphere.AerialPerspectiveLUT.DepthResolution:16.0]]
[2026.04.04-10.20.02:096][555]LogConfig: Setting CVar [[r.SkyAtmosphere.FastSkyLUT:1]]
[2026.04.04-10.20.02:096][555]LogConfig: Setting CVar [[r.SkyAtmosphere.FastSkyLUT.SampleCountMin:4.0]]
[2026.04.04-10.20.02:096][555]LogConfig: Setting CVar [[r.SkyAtmosphere.FastSkyLUT.SampleCountMax:64.0]]
[2026.04.04-10.20.02:096][555]LogConfig: Setting CVar [[r.SkyAtmosphere.SampleCountMin:4.0]]
[2026.04.04-10.20.02:096][555]LogConfig: Setting CVar [[r.SkyAtmosphere.SampleCountMax:64.0]]
[2026.04.04-10.20.02:096][555]LogConfig: Setting CVar [[r.SkyAtmosphere.TransmittanceLUT.UseSmallFormat:0]]
[2026.04.04-10.20.02:096][555]LogConfig: Setting CVar [[r.SkyAtmosphere.TransmittanceLUT.SampleCount:10.0]]
[2026.04.04-10.20.02:096][555]LogConfig: Setting CVar [[r.SkyAtmosphere.MultiScatteringLUT.SampleCount:15.0]]
[2026.04.04-10.20.02:096][555]LogConfig: Setting CVar [[r.SkyLight.RealTimeReflectionCapture:1]]
[2026.04.04-10.20.02:096][555]LogConfig: Setting CVar [[fx.Niagara.QualityLevel:2]]
[2026.04.04-10.20.02:096][555]LogConfig: Applying CVar settings from Section [FoliageQuality@2] File [C:/Users/User/Documents/Unreal Projects/Playtime_Multiplayer/Saved/Config/Windows/Scalability.ini]
[2026.04.04-10.20.02:096][555]LogConfig: Setting CVar [[foliage.DensityScale:0.8]]
[2026.04.04-10.20.02:096][555]LogConfig: Setting CVar [[grass.DensityScale:0.8]]
[2026.04.04-10.20.02:096][555]LogConfig: Applying CVar settings from Section [ShadingQuality@2] File [C:/Users/User/Documents/Unreal Projects/Playtime_Multiplayer/Saved/Config/Windows/Scalability.ini]
[2026.04.04-10.20.02:096][555]LogConfig: Setting CVar [[r.HairStrands.SkyLighting.IntegrationType:2]]
[2026.04.04-10.20.02:096][555]LogConfig: Setting CVar [[r.HairStrands.SkyAO.SampleCount:4]]
[2026.04.04-10.20.02:097][555]LogConfig: Setting CVar [[r.HairStrands.Visibility.MSAA.SamplePerPixel:4]]
[2026.04.04-10.20.02:139][557]LogConfig: Applying CVar settings from Section [ViewDistanceQuality@2] File [C:/Users/User/Documents/Unreal Projects/Playtime_Multiplayer/Saved/Config/Windows/Scalability.ini]
[2026.04.04-10.20.02:139][557]LogConfig: Setting CVar [[r.SkeletalMeshLODBias:0]]
[2026.04.04-10.20.02:139][557]LogConfig: Setting CVar [[r.ViewDistanceScale:0.8]]
[2026.04.04-10.20.02:139][557]LogConfig: Applying CVar settings from Section [AntiAliasingQuality@2] File [C:/Users/User/Documents/Unreal Projects/Playtime_Multiplayer/Saved/Config/Windows/Scalability.ini]
[2026.04.04-10.20.02:139][557]LogConfig: Setting CVar [[r.PostProcessAAQuality:3]]
[2026.04.04-10.20.02:139][557]LogConfig: Applying CVar settings from Section [ShadowQuality@2] File [C:/Users/User/Documents/Unreal Projects/Playtime_Multiplayer/Saved/Config/Windows/Scalability.ini]
[2026.04.04-10.20.02:139][557]LogConfig: Setting CVar [[r.LightFunctionQuality:1]]
[2026.04.04-10.20.02:139][557]LogConfig: Setting CVar [[r.ShadowQuality:5]]
[2026.04.04-10.20.02:139][557]LogConfig: Setting CVar [[r.Shadow.CSM.MaxCascades:4]]
[2026.04.04-10.20.02:139][557]LogConfig: Setting CVar [[r.Shadow.MaxResolution:1024]]
[2026.04.04-10.20.02:139][557]LogConfig: Setting CVar [[r.Shadow.MaxCSMResolution:2048]]
[2026.04.04-10.20.02:139][557]LogConfig: Setting CVar [[r.Shadow.RadiusThreshold:0.04]]
[2026.04.04-10.20.02:139][557]LogConfig: Setting CVar [[r.Shadow.DistanceScale:0.85]]
[2026.04.04-10.20.02:139][557]LogConfig: Setting CVar [[r.Shadow.CSM.TransitionScale:0.8]]
[2026.04.04-10.20.02:139][557]LogConfig: Setting CVar [[r.Shadow.PreShadowResolutionFactor:0.5]]
[2026.04.04-10.20.02:139][557]LogConfig: Setting CVar [[r.DistanceFieldShadowing:1]]
[2026.04.04-10.20.02:139][557]LogConfig: Setting CVar [[r.DistanceFieldAO:1]]
[2026.04.04-10.20.02:139][557]LogConfig: Setting CVar [[r.AOQuality:1]]
[2026.04.04-10.20.02:139][557]LogConfig: Setting CVar [[r.VolumetricFog:1]]
[2026.04.04-10.20.02:139][557]LogConfig: Setting CVar [[r.VolumetricFog.GridPixelSize:16]]
[2026.04.04-10.20.02:139][557]LogConfig: Setting CVar [[r.VolumetricFog.GridSizeZ:64]]
[2026.04.04-10.20.02:139][557]LogConfig: Setting CVar [[r.VolumetricFog.HistoryMissSupersampleCount:4]]
[2026.04.04-10.20.02:139][557]LogConfig: Setting CVar [[r.LightMaxDrawDistanceScale:1]]
[2026.04.04-10.20.02:139][557]LogConfig: Setting CVar [[r.CapsuleShadows:1]]
[2026.04.04-10.20.02:139][557]LogConfig: Applying CVar settings from Section [PostProcessQuality@2] File [C:/Users/User/Documents/Unreal Projects/Playtime_Multiplayer/Saved/Config/Windows/Scalability.ini]
[2026.04.04-10.20.02:139][557]LogConfig: Setting CVar [[r.MotionBlurQuality:3]]
[2026.04.04-10.20.02:140][557]LogConfig: Setting CVar [[r.AmbientOcclusionMipLevelFactor:0.6]]
[2026.04.04-10.20.02:140][557]LogConfig: Setting CVar [[r.AmbientOcclusionMaxQuality:100]]
[2026.04.04-10.20.02:140][557]LogConfig: Setting CVar [[r.AmbientOcclusionLevels:-1]]
[2026.04.04-10.20.02:140][557]LogConfig: Setting CVar [[r.AmbientOcclusionRadiusScale:1.5]]
[2026.04.04-10.20.02:140][557]LogConfig: Setting CVar [[r.DepthOfFieldQuality:2]]
[2026.04.04-10.20.02:140][557]LogConfig: Setting CVar [[r.RenderTargetPoolMin:400]]
[2026.04.04-10.20.02:140][557]LogConfig: Setting CVar [[r.LensFlareQuality:2]]
[2026.04.04-10.20.02:140][557]LogConfig: Setting CVar [[r.SceneColorFringeQuality:1]]
[2026.04.04-10.20.02:140][557]LogConfig: Setting CVar [[r.EyeAdaptationQuality:2]]
[2026.04.04-10.20.02:140][557]LogConfig: Setting CVar [[r.BloomQuality:5]]
[2026.04.04-10.20.02:140][557]LogConfig: Setting CVar [[r.FastBlurThreshold:3]]
[2026.04.04-10.20.02:140][557]LogConfig: Setting CVar [[r.Upscale.Quality:2]]
[2026.04.04-10.20.02:140][557]LogConfig: Setting CVar [[r.Tonemapper.GrainQuantization:1]]
[2026.04.04-10.20.02:140][557]LogConfig: Setting CVar [[r.LightShaftQuality:1]]
[2026.04.04-10.20.02:140][557]LogConfig: Setting CVar [[r.Filter.SizeScale:0.8]]
[2026.04.04-10.20.02:140][557]LogConfig: Setting CVar [[r.Tonemapper.Quality:5]]
[2026.04.04-10.20.02:140][557]LogConfig: Setting CVar [[r.DOF.Gather.AccumulatorQuality:0        ; lower gathering accumulator quality]]
[2026.04.04-10.20.02:140][557]LogConfig: Setting CVar [[r.DOF.Gather.PostfilterMethod:2          ; Max3x3 postfilering method]]
[2026.04.04-10.20.02:140][557]LogConfig: Setting CVar [[r.DOF.Gather.EnableBokehSettings:0       ; no bokeh simulation when gathering]]
[2026.04.04-10.20.02:140][557]LogConfig: Setting CVar [[r.DOF.Gather.RingCount:4                 ; medium number of samples when gathering]]
[2026.04.04-10.20.02:140][557]LogConfig: Setting CVar [[r.DOF.Scatter.ForegroundCompositing:1    ; additive foreground scattering]]
[2026.04.04-10.20.02:140][557]LogConfig: Setting CVar [[r.DOF.Scatter.BackgroundCompositing:1    ; no background occlusion]]
[2026.04.04-10.20.02:140][557]LogConfig: Setting CVar [[r.DOF.Scatter.EnableBokehSettings:0      ; no bokeh simulation when scattering]]
[2026.04.04-10.20.02:140][557]LogConfig: Setting CVar [[r.DOF.Scatter.MaxSpriteRatio:0.04        ; only a maximum of 4% of scattered bokeh]]
[2026.04.04-10.20.02:140][557]LogConfig: Setting CVar [[r.DOF.Recombine.Quality:0                ; no slight out of focus]]
[2026.04.04-10.20.02:140][557]LogConfig: Setting CVar [[r.DOF.TemporalAAQuality:0                ; faster temporal accumulation]]
[2026.04.04-10.20.02:140][557]LogConfig: Setting CVar [[r.DOF.Kernel.MaxForegroundRadius:0.012   ; required because of AccumulatorQuality=0]]
[2026.04.04-10.20.02:140][557]LogConfig: Setting CVar [[r.DOF.Kernel.MaxBackgroundRadius:0.012   ; required because of AccumulatorQuality=0]]
[2026.04.04-10.20.02:140][557]LogConfig: Applying CVar settings from Section [TextureQuality@2] File [C:/Users/User/Documents/Unreal Projects/Playtime_Multiplayer/Saved/Config/Windows/Scalability.ini]
[2026.04.04-10.20.02:140][557]LogConfig: Setting CVar [[r.Streaming.MipBias:0]]
[2026.04.04-10.20.02:140][557]LogConfig: Setting CVar [[r.Streaming.AmortizeCPUToGPUCopy:0]]
[2026.04.04-10.20.02:140][557]LogConfig: Setting CVar [[r.Streaming.MaxNumTexturesToStreamPerFrame:0]]
[2026.04.04-10.20.02:140][557]LogConfig: Setting CVar [[r.Streaming.Boost:1]]
[2026.04.04-10.20.02:140][557]LogConfig: Setting CVar [[r.MaxAnisotropy:4]]
[2026.04.04-10.20.02:140][557]LogConfig: Setting CVar [[r.VT.MaxAnisotropy:8]]
[2026.04.04-10.20.02:140][557]LogConfig: Setting CVar [[r.Streaming.LimitPoolSizeToVRAM:1]]
[2026.04.04-10.20.02:140][557]LogConfig: Setting CVar [[r.Streaming.PoolSize:800]]
[2026.04.04-10.20.02:140][557]LogConfig: Setting CVar [[r.Streaming.MaxEffectiveScreenSize:0]]
[2026.04.04-10.20.02:140][557]LogConfig: Applying CVar settings from Section [EffectsQuality@2] File [C:/Users/User/Documents/Unreal Projects/Playtime_Multiplayer/Saved/Config/Windows/Scalability.ini]
[2026.04.04-10.20.02:140][557]LogConfig: Setting CVar [[r.TranslucencyLightingVolumeDim:48]]
[2026.04.04-10.20.02:140][557]LogConfig: Setting CVar [[r.RefractionQuality:2]]
[2026.04.04-10.20.02:140][557]LogConfig: Setting CVar [[r.SSR.Quality:2]]
[2026.04.04-10.20.02:140][557]LogConfig: Setting CVar [[r.SSR.HalfResSceneColor:1]]
[2026.04.04-10.20.02:140][557]LogConfig: Setting CVar [[r.SceneColorFormat:3]]
[2026.04.04-10.20.02:140][557]LogConfig: Setting CVar [[r.DetailMode:1]]
[2026.04.04-10.20.02:140][557]LogConfig: Setting CVar [[r.TranslucencyVolumeBlur:1]]
[2026.04.04-10.20.02:140][557]LogConfig: Setting CVar [[r.MaterialQualityLevel:1 ; High quality]]
[2026.04.04-10.20.02:140][557]LogConfig: Setting CVar [[r.AnisotropicMaterials:1]]
[2026.04.04-10.20.02:140][557]LogConfig: Setting CVar [[r.SSS.Scale:1]]
[2026.04.04-10.20.02:141][557]LogConfig: Setting CVar [[r.SSS.SampleSet:1]]
[2026.04.04-10.20.02:141][557]LogConfig: Setting CVar [[r.SSS.Quality:-1]]
[2026.04.04-10.20.02:141][557]LogConfig: Setting CVar [[r.SSS.HalfRes:1]]
[2026.04.04-10.20.02:141][557]LogConfig: Setting CVar [[r.SSGI.Quality:2]]
[2026.04.04-10.20.02:141][557]LogConfig: Setting CVar [[r.EmitterSpawnRateScale:0.5]]
[2026.04.04-10.20.02:141][557]LogConfig: Setting CVar [[r.ParticleLightQuality:1]]
[2026.04.04-10.20.02:141][557]LogConfig: Setting CVar [[r.SkyAtmosphere.AerialPerspectiveLUT.FastApplyOnOpaque:1 ; Always have FastSkyLUT 1 in this case to avoid wrong sky]]
[2026.04.04-10.20.02:141][557]LogConfig: Setting CVar [[r.SkyAtmosphere.AerialPerspectiveLUT.SampleCountMaxPerSlice:2]]
[2026.04.04-10.20.02:141][557]LogConfig: Setting CVar [[r.SkyAtmosphere.AerialPerspectiveLUT.DepthResolution:16.0]]
[2026.04.04-10.20.02:141][557]LogConfig: Setting CVar [[r.SkyAtmosphere.FastSkyLUT:1]]
[2026.04.04-10.20.02:141][557]LogConfig: Setting CVar [[r.SkyAtmosphere.FastSkyLUT.SampleCountMin:4.0]]
[2026.04.04-10.20.02:141][557]LogConfig: Setting CVar [[r.SkyAtmosphere.FastSkyLUT.SampleCountMax:64.0]]
[2026.04.04-10.20.02:141][557]LogConfig: Setting CVar [[r.SkyAtmosphere.SampleCountMin:4.0]]
[2026.04.04-10.20.02:141][557]LogConfig: Setting CVar [[r.SkyAtmosphere.SampleCountMax:64.0]]
[2026.04.04-10.20.02:141][557]LogConfig: Setting CVar [[r.SkyAtmosphere.TransmittanceLUT.UseSmallFormat:0]]
[2026.04.04-10.20.02:141][557]LogConfig: Setting CVar [[r.SkyAtmosphere.TransmittanceLUT.SampleCount:10.0]]
[2026.04.04-10.20.02:141][557]LogConfig: Setting CVar [[r.SkyAtmosphere.MultiScatteringLUT.SampleCount:15.0]]
[2026.04.04-10.20.02:141][557]LogConfig: Setting CVar [[r.SkyLight.RealTimeReflectionCapture:1]]
[2026.04.04-10.20.02:141][557]LogConfig: Setting CVar [[fx.Niagara.QualityLevel:2]]
[2026.04.04-10.20.02:141][557]LogConfig: Applying CVar settings from Section [FoliageQuality@2] File [C:/Users/User/Documents/Unreal Projects/Playtime_Multiplayer/Saved/Config/Windows/Scalability.ini]
[2026.04.04-10.20.02:141][557]LogConfig: Setting CVar [[foliage.DensityScale:0.8]]
[2026.04.04-10.20.02:141][557]LogConfig: Setting CVar [[grass.DensityScale:0.8]]
[2026.04.04-10.20.02:141][557]LogConfig: Applying CVar settings from Section [ShadingQuality@2] File [C:/Users/User/Documents/Unreal Projects/Playtime_Multiplayer/Saved/Config/Windows/Scalability.ini]
[2026.04.04-10.20.02:141][557]LogConfig: Setting CVar [[r.HairStrands.SkyLighting.IntegrationType:2]]
[2026.04.04-10.20.02:142][557]LogConfig: Setting CVar [[r.HairStrands.SkyAO.SampleCount:4]]
[2026.04.04-10.20.02:142][557]LogConfig: Setting CVar [[r.HairStrands.Visibility.MSAA.SamplePerPixel:4]]
[2026.04.04-10.20.02:148][558]LogConfig: Applying CVar settings from Section [ViewDistanceQuality@2] File [C:/Users/User/Documents/Unreal Projects/Playtime_Multiplayer/Saved/Config/Windows/Scalability.ini]
[2026.04.04-10.20.02:148][558]LogConfig: Setting CVar [[r.SkeletalMeshLODBias:0]]
[2026.04.04-10.20.02:148][558]LogConfig: Setting CVar [[r.ViewDistanceScale:0.8]]
[2026.04.04-10.20.02:148][558]LogConfig: Applying CVar settings from Section [AntiAliasingQuality@2] File [C:/Users/User/Documents/Unreal Projects/Playtime_Multiplayer/Saved/Config/Windows/Scalability.ini]
[2026.04.04-10.20.02:148][558]LogConfig: Setting CVar [[r.PostProcessAAQuality:3]]
[2026.04.04-10.20.02:149][558]LogConfig: Applying CVar settings from Section [ShadowQuality@2] File [C:/Users/User/Documents/Unreal Projects/Playtime_Multiplayer/Saved/Config/Windows/Scalability.ini]
[2026.04.04-10.20.02:149][558]LogConfig: Setting CVar [[r.LightFunctionQuality:1]]
[2026.04.04-10.20.02:149][558]LogConfig: Setting CVar [[r.ShadowQuality:5]]
[2026.04.04-10.20.02:149][558]LogConfig: Setting CVar [[r.Shadow.CSM.MaxCascades:4]]
[2026.04.04-10.20.02:149][558]LogConfig: Setting CVar [[r.Shadow.MaxResolution:1024]]
[2026.04.04-10.20.02:149][558]LogConfig: Setting CVar [[r.Shadow.MaxCSMResolution:2048]]
[2026.04.04-10.20.02:149][558]LogConfig: Setting CVar [[r.Shadow.RadiusThreshold:0.04]]
[2026.04.04-10.20.02:149][558]LogConfig: Setting CVar [[r.Shadow.DistanceScale:0.85]]
[2026.04.04-10.20.02:149][558]LogConfig: Setting CVar [[r.Shadow.CSM.TransitionScale:0.8]]
[2026.04.04-10.20.02:149][558]LogConfig: Setting CVar [[r.Shadow.PreShadowResolutionFactor:0.5]]
[2026.04.04-10.20.02:149][558]LogConfig: Setting CVar [[r.DistanceFieldShadowing:1]]
[2026.04.04-10.20.02:149][558]LogConfig: Setting CVar [[r.DistanceFieldAO:1]]
[2026.04.04-10.20.02:149][558]LogConfig: Setting CVar [[r.AOQuality:1]]
[2026.04.04-10.20.02:149][558]LogConfig: Setting CVar [[r.VolumetricFog:1]]
[2026.04.04-10.20.02:149][558]LogConfig: Setting CVar [[r.VolumetricFog.GridPixelSize:16]]
[2026.04.04-10.20.02:149][558]LogConfig: Setting CVar [[r.VolumetricFog.GridSizeZ:64]]
[2026.04.04-10.20.02:149][558]LogConfig: Setting CVar [[r.VolumetricFog.HistoryMissSupersampleCount:4]]
[2026.04.04-10.20.02:149][558]LogConfig: Setting CVar [[r.LightMaxDrawDistanceScale:1]]
[2026.04.04-10.20.02:149][558]LogConfig: Setting CVar [[r.CapsuleShadows:1]]
[2026.04.04-10.20.02:149][558]LogConfig: Applying CVar settings from Section [PostProcessQuality@2] File [C:/Users/User/Documents/Unreal Projects/Playtime_Multiplayer/Saved/Config/Windows/Scalability.ini]
[2026.04.04-10.20.02:149][558]LogConfig: Setting CVar [[r.MotionBlurQuality:3]]
[2026.04.04-10.20.02:149][558]LogConfig: Setting CVar [[r.AmbientOcclusionMipLevelFactor:0.6]]
[2026.04.04-10.20.02:149][558]LogConfig: Setting CVar [[r.AmbientOcclusionMaxQuality:100]]
[2026.04.04-10.20.02:149][558]LogConfig: Setting CVar [[r.AmbientOcclusionLevels:-1]]
[2026.04.04-10.20.02:149][558]LogConfig: Setting CVar [[r.AmbientOcclusionRadiusScale:1.5]]
[2026.04.04-10.20.02:149][558]LogConfig: Setting CVar [[r.DepthOfFieldQuality:2]]
[2026.04.04-10.20.02:149][558]LogConfig: Setting CVar [[r.RenderTargetPoolMin:400]]
[2026.04.04-10.20.02:149][558]LogConfig: Setting CVar [[r.LensFlareQuality:2]]
[2026.04.04-10.20.02:149][558]LogConfig: Setting CVar [[r.SceneColorFringeQuality:1]]
[2026.04.04-10.20.02:149][558]LogConfig: Setting CVar [[r.EyeAdaptationQuality:2]]
[2026.04.04-10.20.02:149][558]LogConfig: Setting CVar [[r.BloomQuality:5]]
[2026.04.04-10.20.02:149][558]LogConfig: Setting CVar [[r.FastBlurThreshold:3]]
[2026.04.04-10.20.02:149][558]LogConfig: Setting CVar [[r.Upscale.Quality:2]]
[2026.04.04-10.20.02:149][558]LogConfig: Setting CVar [[r.Tonemapper.GrainQuantization:1]]
[2026.04.04-10.20.02:149][558]LogConfig: Setting CVar [[r.LightShaftQuality:1]]
[2026.04.04-10.20.02:149][558]LogConfig: Setting CVar [[r.Filter.SizeScale:0.8]]
[2026.04.04-10.20.02:149][558]LogConfig: Setting CVar [[r.Tonemapper.Quality:5]]
[2026.04.04-10.20.02:149][558]LogConfig: Setting CVar [[r.DOF.Gather.AccumulatorQuality:0        ; lower gathering accumulator quality]]
[2026.04.04-10.20.02:149][558]LogConfig: Setting CVar [[r.DOF.Gather.PostfilterMethod:2          ; Max3x3 postfilering method]]
[2026.04.04-10.20.02:149][558]LogConfig: Setting CVar [[r.DOF.Gather.EnableBokehSettings:0       ; no bokeh simulation when gathering]]
[2026.04.04-10.20.02:149][558]LogConfig: Setting CVar [[r.DOF.Gather.RingCount:4                 ; medium number of samples when gathering]]
[2026.04.04-10.20.02:149][558]LogConfig: Setting CVar [[r.DOF.Scatter.ForegroundCompositing:1    ; additive foreground scattering]]
[2026.04.04-10.20.02:150][558]LogConfig: Setting CVar [[r.DOF.Scatter.BackgroundCompositing:1    ; no background occlusion]]
[2026.04.04-10.20.02:150][558]LogConfig: Setting CVar [[r.DOF.Scatter.EnableBokehSettings:0      ; no bokeh simulation when scattering]]
[2026.04.04-10.20.02:150][558]LogConfig: Setting CVar [[r.DOF.Scatter.MaxSpriteRatio:0.04        ; only a maximum of 4% of scattered bokeh]]
[2026.04.04-10.20.02:150][558]LogConfig: Setting CVar [[r.DOF.Recombine.Quality:0                ; no slight out of focus]]
[2026.04.04-10.20.02:150][558]LogConfig: Setting CVar [[r.DOF.TemporalAAQuality:0                ; faster temporal accumulation]]
[2026.04.04-10.20.02:150][558]LogConfig: Setting CVar [[r.DOF.Kernel.MaxForegroundRadius:0.012   ; required because of AccumulatorQuality=0]]
[2026.04.04-10.20.02:150][558]LogConfig: Setting CVar [[r.DOF.Kernel.MaxBackgroundRadius:0.012   ; required because of AccumulatorQuality=0]]
[2026.04.04-10.20.02:150][558]LogConfig: Applying CVar settings from Section [TextureQuality@2] File [C:/Users/User/Documents/Unreal Projects/Playtime_Multiplayer/Saved/Config/Windows/Scalability.ini]
[2026.04.04-10.20.02:150][558]LogConfig: Setting CVar [[r.Streaming.MipBias:0]]
[2026.04.04-10.20.02:150][558]LogConfig: Setting CVar [[r.Streaming.AmortizeCPUToGPUCopy:0]]
[2026.04.04-10.20.02:150][558]LogConfig: Setting CVar [[r.Streaming.MaxNumTexturesToStreamPerFrame:0]]
[2026.04.04-10.20.02:150][558]LogConfig: Setting CVar [[r.Streaming.Boost:1]]
[2026.04.04-10.20.02:150][558]LogConfig: Setting CVar [[r.MaxAnisotropy:4]]
[2026.04.04-10.20.02:150][558]LogConfig: Setting CVar [[r.VT.MaxAnisotropy:8]]
[2026.04.04-10.20.02:150][558]LogConfig: Setting CVar [[r.Streaming.LimitPoolSizeToVRAM:1]]
[2026.04.04-10.20.02:150][558]LogConfig: Setting CVar [[r.Streaming.PoolSize:800]]
[2026.04.04-10.20.02:150][558]LogConfig: Setting CVar [[r.Streaming.MaxEffectiveScreenSize:0]]
[2026.04.04-10.20.02:150][558]LogConfig: Applying CVar settings from Section [EffectsQuality@2] File [C:/Users/User/Documents/Unreal Projects/Playtime_Multiplayer/Saved/Config/Windows/Scalability.ini]
[2026.04.04-10.20.02:150][558]LogConfig: Setting CVar [[r.TranslucencyLightingVolumeDim:48]]
[2026.04.04-10.20.02:150][558]LogConfig: Setting CVar [[r.RefractionQuality:2]]
[2026.04.04-10.20.02:150][558]LogConfig: Setting CVar [[r.SSR.Quality:2]]
[2026.04.04-10.20.02:150][558]LogConfig: Setting CVar [[r.SSR.HalfResSceneColor:1]]
[2026.04.04-10.20.02:150][558]LogConfig: Setting CVar [[r.SceneColorFormat:3]]
[2026.04.04-10.20.02:150][558]LogConfig: Setting CVar [[r.DetailMode:1]]
[2026.04.04-10.20.02:150][558]LogConfig: Setting CVar [[r.TranslucencyVolumeBlur:1]]
[2026.04.04-10.20.02:150][558]LogConfig: Setting CVar [[r.MaterialQualityLevel:1 ; High quality]]
[2026.04.04-10.20.02:150][558]LogConfig: Setting CVar [[r.AnisotropicMaterials:1]]
[2026.04.04-10.20.02:150][558]LogConfig: Setting CVar [[r.SSS.Scale:1]]
[2026.04.04-10.20.02:150][558]LogConfig: Setting CVar [[r.SSS.SampleSet:1]]
[2026.04.04-10.20.02:151][558]LogConfig: Setting CVar [[r.SSS.Quality:-1]]
[2026.04.04-10.20.02:151][558]LogConfig: Setting CVar [[r.SSS.HalfRes:1]]
[2026.04.04-10.20.02:151][558]LogConfig: Setting CVar [[r.SSGI.Quality:2]]
[2026.04.04-10.20.02:151][558]LogConfig: Setting CVar [[r.EmitterSpawnRateScale:0.5]]
[2026.04.04-10.20.02:151][558]LogConfig: Setting CVar [[r.ParticleLightQuality:1]]
[2026.04.04-10.20.02:151][558]LogConfig: Setting CVar [[r.SkyAtmosphere.AerialPerspectiveLUT.FastApplyOnOpaque:1 ; Always have FastSkyLUT 1 in this case to avoid wrong sky]]
[2026.04.04-10.20.02:151][558]LogConfig: Setting CVar [[r.SkyAtmosphere.AerialPerspectiveLUT.SampleCountMaxPerSlice:2]]
[2026.04.04-10.20.02:151][558]LogConfig: Setting CVar [[r.SkyAtmosphere.AerialPerspectiveLUT.DepthResolution:16.0]]
[2026.04.04-10.20.02:151][558]LogConfig: Setting CVar [[r.SkyAtmosphere.FastSkyLUT:1]]
[2026.04.04-10.20.02:151][558]LogConfig: Setting CVar [[r.SkyAtmosphere.FastSkyLUT.SampleCountMin:4.0]]
[2026.04.04-10.20.02:151][558]LogConfig: Setting CVar [[r.SkyAtmosphere.FastSkyLUT.SampleCountMax:64.0]]
[2026.04.04-10.20.02:151][558]LogConfig: Setting CVar [[r.SkyAtmosphere.SampleCountMin:4.0]]
[2026.04.04-10.20.02:151][558]LogConfig: Setting CVar [[r.SkyAtmosphere.SampleCountMax:64.0]]
[2026.04.04-10.20.02:151][558]LogConfig: Setting CVar [[r.SkyAtmosphere.TransmittanceLUT.UseSmallFormat:0]]
[2026.04.04-10.20.02:151][558]LogConfig: Setting CVar [[r.SkyAtmosphere.TransmittanceLUT.SampleCount:10.0]]
[2026.04.04-10.20.02:151][558]LogConfig: Setting CVar [[r.SkyAtmosphere.MultiScatteringLUT.SampleCount:15.0]]
[2026.04.04-10.20.02:151][558]LogConfig: Setting CVar [[r.SkyLight.RealTimeReflectionCapture:1]]
[2026.04.04-10.20.02:151][558]LogConfig: Setting CVar [[fx.Niagara.QualityLevel:2]]
[2026.04.04-10.20.02:151][558]LogConfig: Applying CVar settings from Section [FoliageQuality@2] File [C:/Users/User/Documents/Unreal Projects/Playtime_Multiplayer/Saved/Config/Windows/Scalability.ini]
[2026.04.04-10.20.02:151][558]LogConfig: Setting CVar [[foliage.DensityScale:0.8]]
[2026.04.04-10.20.02:151][558]LogConfig: Setting CVar [[grass.DensityScale:0.8]]
[2026.04.04-10.20.02:151][558]LogConfig: Applying CVar settings from Section [ShadingQuality@2] File [C:/Users/User/Documents/Unreal Projects/Playtime_Multiplayer/Saved/Config/Windows/Scalability.ini]
[2026.04.04-10.20.02:151][558]LogConfig: Setting CVar [[r.HairStrands.SkyLighting.IntegrationType:2]]
[2026.04.04-10.20.02:151][558]LogConfig: Setting CVar [[r.HairStrands.SkyAO.SampleCount:4]]
[2026.04.04-10.20.02:151][558]LogConfig: Setting CVar [[r.HairStrands.Visibility.MSAA.SamplePerPixel:4]]
[2026.04.04-10.20.02:182][559]LogConfig: Applying CVar settings from Section [ViewDistanceQuality@2] File [C:/Users/User/Documents/Unreal Projects/Playtime_Multiplayer/Saved/Config/Windows/Scalability.ini]
[2026.04.04-10.20.02:182][559]LogConfig: Setting CVar [[r.SkeletalMeshLODBias:0]]
[2026.04.04-10.20.02:182][559]LogConfig: Setting CVar [[r.ViewDistanceScale:0.8]]
[2026.04.04-10.20.02:182][559]LogConfig: Applying CVar settings from Section [AntiAliasingQuality@2] File [C:/Users/User/Documents/Unreal Projects/Playtime_Multiplayer/Saved/Config/Windows/Scalability.ini]
[2026.04.04-10.20.02:182][559]LogConfig: Setting CVar [[r.PostProcessAAQuality:3]]
[2026.04.04-10.20.02:182][559]LogConfig: Applying CVar settings from Section [ShadowQuality@2] File [C:/Users/User/Documents/Unreal Projects/Playtime_Multiplayer/Saved/Config/Windows/Scalability.ini]
[2026.04.04-10.20.02:182][559]LogConfig: Setting CVar [[r.LightFunctionQuality:1]]
[2026.04.04-10.20.02:182][559]LogConfig: Setting CVar [[r.ShadowQuality:5]]
[2026.04.04-10.20.02:182][559]LogConfig: Setting CVar [[r.Shadow.CSM.MaxCascades:4]]
[2026.04.04-10.20.02:182][559]LogConfig: Setting CVar [[r.Shadow.MaxResolution:1024]]
[2026.04.04-10.20.02:182][559]LogConfig: Setting CVar [[r.Shadow.MaxCSMResolution:2048]]
[2026.04.04-10.20.02:182][559]LogConfig: Setting CVar [[r.Shadow.RadiusThreshold:0.04]]
[2026.04.04-10.20.02:183][559]LogConfig: Setting CVar [[r.Shadow.DistanceScale:0.85]]
[2026.04.04-10.20.02:183][559]LogConfig: Setting CVar [[r.Shadow.CSM.TransitionScale:0.8]]
[2026.04.04-10.20.02:183][559]LogConfig: Setting CVar [[r.Shadow.PreShadowResolutionFactor:0.5]]
[2026.04.04-10.20.02:183][559]LogConfig: Setting CVar [[r.DistanceFieldShadowing:1]]
[2026.04.04-10.20.02:183][559]LogConfig: Setting CVar [[r.DistanceFieldAO:1]]
[2026.04.04-10.20.02:183][559]LogConfig: Setting CVar [[r.AOQuality:1]]
[2026.04.04-10.20.02:183][559]LogConfig: Setting CVar [[r.VolumetricFog:1]]
[2026.04.04-10.20.02:183][559]LogConfig: Setting CVar [[r.VolumetricFog.GridPixelSize:16]]
[2026.04.04-10.20.02:183][559]LogConfig: Setting CVar [[r.VolumetricFog.GridSizeZ:64]]
[2026.04.04-10.20.02:183][559]LogConfig: Setting CVar [[r.VolumetricFog.HistoryMissSupersampleCount:4]]
[2026.04.04-10.20.02:183][559]LogConfig: Setting CVar [[r.LightMaxDrawDistanceScale:1]]
[2026.04.04-10.20.02:183][559]LogConfig: Setting CVar [[r.CapsuleShadows:1]]
[2026.04.04-10.20.02:183][559]LogConfig: Applying CVar settings from Section [PostProcessQuality@2] File [C:/Users/User/Documents/Unreal Projects/Playtime_Multiplayer/Saved/Config/Windows/Scalability.ini]
[2026.04.04-10.20.02:183][559]LogConfig: Setting CVar [[r.MotionBlurQuality:3]]
[2026.04.04-10.20.02:183][559]LogConfig: Setting CVar [[r.AmbientOcclusionMipLevelFactor:0.6]]
[2026.04.04-10.20.02:183][559]LogConfig: Setting CVar [[r.AmbientOcclusionMaxQuality:100]]
[2026.04.04-10.20.02:183][559]LogConfig: Setting CVar [[r.AmbientOcclusionLevels:-1]]
[2026.04.04-10.20.02:183][559]LogConfig: Setting CVar [[r.AmbientOcclusionRadiusScale:1.5]]
[2026.04.04-10.20.02:183][559]LogConfig: Setting CVar [[r.DepthOfFieldQuality:2]]
[2026.04.04-10.20.02:183][559]LogConfig: Setting CVar [[r.RenderTargetPoolMin:400]]
[2026.04.04-10.20.02:183][559]LogConfig: Setting CVar [[r.LensFlareQuality:2]]
[2026.04.04-10.20.02:183][559]LogConfig: Setting CVar [[r.SceneColorFringeQuality:1]]
[2026.04.04-10.20.02:183][559]LogConfig: Setting CVar [[r.EyeAdaptationQuality:2]]
[2026.04.04-10.20.02:183][559]LogConfig: Setting CVar [[r.BloomQuality:5]]
[2026.04.04-10.20.02:183][559]LogConfig: Setting CVar [[r.FastBlurThreshold:3]]
[2026.04.04-10.20.02:183][559]LogConfig: Setting CVar [[r.Upscale.Quality:2]]
[2026.04.04-10.20.02:183][559]LogConfig: Setting CVar [[r.Tonemapper.GrainQuantization:1]]
[2026.04.04-10.20.02:183][559]LogConfig: Setting CVar [[r.LightShaftQuality:1]]
[2026.04.04-10.20.02:183][559]LogConfig: Setting CVar [[r.Filter.SizeScale:0.8]]
[2026.04.04-10.20.02:183][559]LogConfig: Setting CVar [[r.Tonemapper.Quality:5]]
[2026.04.04-10.20.02:183][559]LogConfig: Setting CVar [[r.DOF.Gather.AccumulatorQuality:0        ; lower gathering accumulator quality]]
[2026.04.04-10.20.02:183][559]LogConfig: Setting CVar [[r.DOF.Gather.PostfilterMethod:2          ; Max3x3 postfilering method]]
[2026.04.04-10.20.02:183][559]LogConfig: Setting CVar [[r.DOF.Gather.EnableBokehSettings:0       ; no bokeh simulation when gathering]]
[2026.04.04-10.20.02:184][559]LogConfig: Setting CVar [[r.DOF.Gather.RingCount:4                 ; medium number of samples when gathering]]
[2026.04.04-10.20.02:184][559]LogConfig: Setting CVar [[r.DOF.Scatter.ForegroundCompositing:1    ; additive foreground scattering]]
[2026.04.04-10.20.02:184][559]LogConfig: Setting CVar [[r.DOF.Scatter.BackgroundCompositing:1    ; no background occlusion]]
[2026.04.04-10.20.02:184][559]LogConfig: Setting CVar [[r.DOF.Scatter.EnableBokehSettings:0      ; no bokeh simulation when scattering]]
[2026.04.04-10.20.02:184][559]LogConfig: Setting CVar [[r.DOF.Scatter.MaxSpriteRatio:0.04        ; only a maximum of 4% of scattered bokeh]]
[2026.04.04-10.20.02:184][559]LogConfig: Setting CVar [[r.DOF.Recombine.Quality:0                ; no slight out of focus]]
[2026.04.04-10.20.02:184][559]LogConfig: Setting CVar [[r.DOF.TemporalAAQuality:0                ; faster temporal accumulation]]
[2026.04.04-10.20.02:184][559]LogConfig: Setting CVar [[r.DOF.Kernel.MaxForegroundRadius:0.012   ; required because of AccumulatorQuality=0]]
[2026.04.04-10.20.02:184][559]LogConfig: Setting CVar [[r.DOF.Kernel.MaxBackgroundRadius:0.012   ; required because of AccumulatorQuality=0]]
[2026.04.04-10.20.02:184][559]LogConfig: Applying CVar settings from Section [TextureQuality@2] File [C:/Users/User/Documents/Unreal Projects/Playtime_Multiplayer/Saved/Config/Windows/Scalability.ini]
[2026.04.04-10.20.02:184][559]LogConfig: Setting CVar [[r.Streaming.MipBias:0]]
[2026.04.04-10.20.02:184][559]LogConfig: Setting CVar [[r.Streaming.AmortizeCPUToGPUCopy:0]]
[2026.04.04-10.20.02:184][559]LogConfig: Setting CVar [[r.Streaming.MaxNumTexturesToStreamPerFrame:0]]
[2026.04.04-10.20.02:184][559]LogConfig: Setting CVar [[r.Streaming.Boost:1]]
[2026.04.04-10.20.02:184][559]LogConfig: Setting CVar [[r.MaxAnisotropy:4]]
[2026.04.04-10.20.02:184][559]LogConfig: Setting CVar [[r.VT.MaxAnisotropy:8]]
[2026.04.04-10.20.02:184][559]LogConfig: Setting CVar [[r.Streaming.LimitPoolSizeToVRAM:1]]
[2026.04.04-10.20.02:184][559]LogConfig: Setting CVar [[r.Streaming.PoolSize:800]]
[2026.04.04-10.20.02:184][559]LogConfig: Setting CVar [[r.Streaming.MaxEffectiveScreenSize:0]]
[2026.04.04-10.20.02:184][559]LogConfig: Applying CVar settings from Section [EffectsQuality@2] File [C:/Users/User/Documents/Unreal Projects/Playtime_Multiplayer/Saved/Config/Windows/Scalability.ini]
[2026.04.04-10.20.02:184][559]LogConfig: Setting CVar [[r.TranslucencyLightingVolumeDim:48]]
[2026.04.04-10.20.02:184][559]LogConfig: Setting CVar [[r.RefractionQuality:2]]
[2026.04.04-10.20.02:184][559]LogConfig: Setting CVar [[r.SSR.Quality:2]]
[2026.04.04-10.20.02:184][559]LogConfig: Setting CVar [[r.SSR.HalfResSceneColor:1]]
[2026.04.04-10.20.02:184][559]LogConfig: Setting CVar [[r.SceneColorFormat:3]]
[2026.04.04-10.20.02:184][559]LogConfig: Setting CVar [[r.DetailMode:1]]
[2026.04.04-10.20.02:184][559]LogConfig: Setting CVar [[r.TranslucencyVolumeBlur:1]]
[2026.04.04-10.20.02:184][559]LogConfig: Setting CVar [[r.MaterialQualityLevel:1 ; High quality]]
[2026.04.04-10.20.02:184][559]LogConfig: Setting CVar [[r.AnisotropicMaterials:1]]
[2026.04.04-10.20.02:184][559]LogConfig: Setting CVar [[r.SSS.Scale:1]]
[2026.04.04-10.20.02:184][559]LogConfig: Setting CVar [[r.SSS.SampleSet:1]]
[2026.04.04-10.20.02:184][559]LogConfig: Setting CVar [[r.SSS.Quality:-1]]
[2026.04.04-10.20.02:184][559]LogConfig: Setting CVar [[r.SSS.HalfRes:1]]
[2026.04.04-10.20.02:184][559]LogConfig: Setting CVar [[r.SSGI.Quality:2]]
[2026.04.04-10.20.02:185][559]LogConfig: Setting CVar [[r.EmitterSpawnRateScale:0.5]]
[2026.04.04-10.20.02:185][559]LogConfig: Setting CVar [[r.ParticleLightQuality:1]]
[2026.04.04-10.20.02:185][559]LogConfig: Setting CVar [[r.SkyAtmosphere.AerialPerspectiveLUT.FastApplyOnOpaque:1 ; Always have FastSkyLUT 1 in this case to avoid wrong sky]]
[2026.04.04-10.20.02:185][559]LogConfig: Setting CVar [[r.SkyAtmosphere.AerialPerspectiveLUT.SampleCountMaxPerSlice:2]]
[2026.04.04-10.20.02:185][559]LogConfig: Setting CVar [[r.SkyAtmosphere.AerialPerspectiveLUT.DepthResolution:16.0]]
[2026.04.04-10.20.02:185][559]LogConfig: Setting CVar [[r.SkyAtmosphere.FastSkyLUT:1]]
[2026.04.04-10.20.02:185][559]LogConfig: Setting CVar [[r.SkyAtmosphere.FastSkyLUT.SampleCountMin:4.0]]
[2026.04.04-10.20.02:185][559]LogConfig: Setting CVar [[r.SkyAtmosphere.FastSkyLUT.SampleCountMax:64.0]]
[2026.04.04-10.20.02:185][559]LogConfig: Setting CVar [[r.SkyAtmosphere.SampleCountMin:4.0]]
[2026.04.04-10.20.02:185][559]LogConfig: Setting CVar [[r.SkyAtmosphere.SampleCountMax:64.0]]
[2026.04.04-10.20.02:185][559]LogConfig: Setting CVar [[r.SkyAtmosphere.TransmittanceLUT.UseSmallFormat:0]]
[2026.04.04-10.20.02:185][559]LogConfig: Setting CVar [[r.SkyAtmosphere.TransmittanceLUT.SampleCount:10.0]]
[2026.04.04-10.20.02:185][559]LogConfig: Setting CVar [[r.SkyAtmosphere.MultiScatteringLUT.SampleCount:15.0]]
[2026.04.04-10.20.02:185][559]LogConfig: Setting CVar [[r.SkyLight.RealTimeReflectionCapture:1]]
[2026.04.04-10.20.02:185][559]LogConfig: Setting CVar [[fx.Niagara.QualityLevel:2]]
[2026.04.04-10.20.02:185][559]LogConfig: Applying CVar settings from Section [FoliageQuality@2] File [C:/Users/User/Documents/Unreal Projects/Playtime_Multiplayer/Saved/Config/Windows/Scalability.ini]
[2026.04.04-10.20.02:185][559]LogConfig: Setting CVar [[foliage.DensityScale:0.8]]
[2026.04.04-10.20.02:185][559]LogConfig: Setting CVar [[grass.DensityScale:0.8]]
[2026.04.04-10.20.02:185][559]LogConfig: Applying CVar settings from Section [ShadingQuality@2] File [C:/Users/User/Documents/Unreal Projects/Playtime_Multiplayer/Saved/Config/Windows/Scalability.ini]
[2026.04.04-10.20.02:185][559]LogConfig: Setting CVar [[r.HairStrands.SkyLighting.IntegrationType:2]]
[2026.04.04-10.20.02:185][559]LogConfig: Setting CVar [[r.HairStrands.SkyAO.SampleCount:4]]
[2026.04.04-10.20.02:185][559]LogConfig: Setting CVar [[r.HairStrands.Visibility.MSAA.SamplePerPixel:4]]
[2026.04.04-10.20.02:185][559]LogConfig: Applying CVar settings from Section [ViewDistanceQuality@2] File [C:/Users/User/Documents/Unreal Projects/Playtime_Multiplayer/Saved/Config/Windows/Scalability.ini]
[2026.04.04-10.20.02:185][559]LogConfig: Setting CVar [[r.SkeletalMeshLODBias:0]]
[2026.04.04-10.20.02:185][559]LogConfig: Setting CVar [[r.ViewDistanceScale:0.8]]
[2026.04.04-10.20.02:185][559]LogConfig: Applying CVar settings from Section [AntiAliasingQuality@2] File [C:/Users/User/Documents/Unreal Projects/Playtime_Multiplayer/Saved/Config/Windows/Scalability.ini]
[2026.04.04-10.20.02:185][559]LogConfig: Setting CVar [[r.PostProcessAAQuality:3]]
[2026.04.04-10.20.02:185][559]LogConfig: Applying CVar settings from Section [ShadowQuality@2] File [C:/Users/User/Documents/Unreal Projects/Playtime_Multiplayer/Saved/Config/Windows/Scalability.ini]
[2026.04.04-10.20.02:185][559]LogConfig: Setting CVar [[r.LightFunctionQuality:1]]
[2026.04.04-10.20.02:185][559]LogConfig: Setting CVar [[r.ShadowQuality:5]]
[2026.04.04-10.20.02:185][559]LogConfig: Setting CVar [[r.Shadow.CSM.MaxCascades:4]]
[2026.04.04-10.20.02:185][559]LogConfig: Setting CVar [[r.Shadow.MaxResolution:1024]]
[2026.04.04-10.20.02:185][559]LogConfig: Setting CVar [[r.Shadow.MaxCSMResolution:2048]]
[2026.04.04-10.20.02:185][559]LogConfig: Setting CVar [[r.Shadow.RadiusThreshold:0.04]]
[2026.04.04-10.20.02:185][559]LogConfig: Setting CVar [[r.Shadow.DistanceScale:0.85]]
[2026.04.04-10.20.02:185][559]LogConfig: Setting CVar [[r.Shadow.CSM.TransitionScale:0.8]]
[2026.04.04-10.20.02:186][559]LogConfig: Setting CVar [[r.Shadow.PreShadowResolutionFactor:0.5]]
[2026.04.04-10.20.02:186][559]LogConfig: Setting CVar [[r.DistanceFieldShadowing:1]]
[2026.04.04-10.20.02:186][559]LogConfig: Setting CVar [[r.DistanceFieldAO:1]]
[2026.04.04-10.20.02:186][559]LogConfig: Setting CVar [[r.AOQuality:1]]
[2026.04.04-10.20.02:186][559]LogConfig: Setting CVar [[r.VolumetricFog:1]]
[2026.04.04-10.20.02:186][559]LogConfig: Setting CVar [[r.VolumetricFog.GridPixelSize:16]]
[2026.04.04-10.20.02:186][559]LogConfig: Setting CVar [[r.VolumetricFog.GridSizeZ:64]]
[2026.04.04-10.20.02:186][559]LogConfig: Setting CVar [[r.VolumetricFog.HistoryMissSupersampleCount:4]]
[2026.04.04-10.20.02:186][559]LogConfig: Setting CVar [[r.LightMaxDrawDistanceScale:1]]
[2026.04.04-10.20.02:186][559]LogConfig: Setting CVar [[r.CapsuleShadows:1]]
[2026.04.04-10.20.02:186][559]LogConfig: Applying CVar settings from Section [PostProcessQuality@2] File [C:/Users/User/Documents/Unreal Projects/Playtime_Multiplayer/Saved/Config/Windows/Scalability.ini]
[2026.04.04-10.20.02:186][559]LogConfig: Setting CVar [[r.MotionBlurQuality:3]]
[2026.04.04-10.20.02:186][559]LogConfig: Setting CVar [[r.AmbientOcclusionMipLevelFactor:0.6]]
[2026.04.04-10.20.02:186][559]LogConfig: Setting CVar [[r.AmbientOcclusionMaxQuality:100]]
[2026.04.04-10.20.02:186][559]LogConfig: Setting CVar [[r.AmbientOcclusionLevels:-1]]
[2026.04.04-10.20.02:186][559]LogConfig: Setting CVar [[r.AmbientOcclusionRadiusScale:1.5]]
[2026.04.04-10.20.02:186][559]LogConfig: Setting CVar [[r.DepthOfFieldQuality:2]]
[2026.04.04-10.20.02:186][559]LogConfig: Setting CVar [[r.RenderTargetPoolMin:400]]
[2026.04.04-10.20.02:186][559]LogConfig: Setting CVar [[r.LensFlareQuality:2]]
[2026.04.04-10.20.02:186][559]LogConfig: Setting CVar [[r.SceneColorFringeQuality:1]]
[2026.04.04-10.20.02:186][559]LogConfig: Setting CVar [[r.EyeAdaptationQuality:2]]
[2026.04.04-10.20.02:186][559]LogConfig: Setting CVar [[r.BloomQuality:5]]
[2026.04.04-10.20.02:186][559]LogConfig: Setting CVar [[r.FastBlurThreshold:3]]
[2026.04.04-10.20.02:186][559]LogConfig: Setting CVar [[r.Upscale.Quality:2]]
[2026.04.04-10.20.02:186][559]LogConfig: Setting CVar [[r.Tonemapper.GrainQuantization:1]]
[2026.04.04-10.20.02:186][559]LogConfig: Setting CVar [[r.LightShaftQuality:1]]
[2026.04.04-10.20.02:186][559]LogConfig: Setting CVar [[r.Filter.SizeScale:0.8]]
[2026.04.04-10.20.02:186][559]LogConfig: Setting CVar [[r.Tonemapper.Quality:5]]
[2026.04.04-10.20.02:186][559]LogConfig: Setting CVar [[r.DOF.Gather.AccumulatorQuality:0        ; lower gathering accumulator quality]]
[2026.04.04-10.20.02:186][559]LogConfig: Setting CVar [[r.DOF.Gather.PostfilterMethod:2          ; Max3x3 postfilering method]]
[2026.04.04-10.20.02:186][559]LogConfig: Setting CVar [[r.DOF.Gather.EnableBokehSettings:0       ; no bokeh simulation when gathering]]
[2026.04.04-10.20.02:186][559]LogConfig: Setting CVar [[r.DOF.Gather.RingCount:4                 ; medium number of samples when gathering]]
[2026.04.04-10.20.02:186][559]LogConfig: Setting CVar [[r.DOF.Scatter.ForegroundCompositing:1    ; additive foreground scattering]]
[2026.04.04-10.20.02:186][559]LogConfig: Setting CVar [[r.DOF.Scatter.BackgroundCompositing:1    ; no background occlusion]]
[2026.04.04-10.20.02:186][559]LogConfig: Setting CVar [[r.DOF.Scatter.EnableBokehSettings:0      ; no bokeh simulation when scattering]]
[2026.04.04-10.20.02:186][559]LogConfig: Setting CVar [[r.DOF.Scatter.MaxSpriteRatio:0.04        ; only a maximum of 4% of scattered bokeh]]
[2026.04.04-10.20.02:186][559]LogConfig: Setting CVar [[r.DOF.Recombine.Quality:0                ; no slight out of focus]]
[2026.04.04-10.20.02:186][559]LogConfig: Setting CVar [[r.DOF.TemporalAAQuality:0                ; faster temporal accumulation]]
[2026.04.04-10.20.02:186][559]LogConfig: Setting CVar [[r.DOF.Kernel.MaxForegroundRadius:0.012   ; required because of AccumulatorQuality=0]]
[2026.04.04-10.20.02:186][559]LogConfig: Setting CVar [[r.DOF.Kernel.MaxBackgroundRadius:0.012   ; required because of AccumulatorQuality=0]]
[2026.04.04-10.20.02:186][559]LogConfig: Applying CVar settings from Section [TextureQuality@2] File [C:/Users/User/Documents/Unreal Projects/Playtime_Multiplayer/Saved/Config/Windows/Scalability.ini]
[2026.04.04-10.20.02:186][559]LogConfig: Setting CVar [[r.Streaming.MipBias:0]]
[2026.04.04-10.20.02:186][559]LogConfig: Setting CVar [[r.Streaming.AmortizeCPUToGPUCopy:0]]
[2026.04.04-10.20.02:186][559]LogConfig: Setting CVar [[r.Streaming.MaxNumTexturesToStreamPerFrame:0]]
[2026.04.04-10.20.02:186][559]LogConfig: Setting CVar [[r.Streaming.Boost:1]]
[2026.04.04-10.20.02:186][559]LogConfig: Setting CVar [[r.MaxAnisotropy:4]]
[2026.04.04-10.20.02:186][559]LogConfig: Setting CVar [[r.VT.MaxAnisotropy:8]]
[2026.04.04-10.20.02:186][559]LogConfig: Setting CVar [[r.Streaming.LimitPoolSizeToVRAM:1]]
[2026.04.04-10.20.02:186][559]LogConfig: Setting CVar [[r.Streaming.PoolSize:800]]
[2026.04.04-10.20.02:186][559]LogConfig: Setting CVar [[r.Streaming.MaxEffectiveScreenSize:0]]
[2026.04.04-10.20.02:186][559]LogConfig: Applying CVar settings from Section [EffectsQuality@2] File [C:/Users/User/Documents/Unreal Projects/Playtime_Multiplayer/Saved/Config/Windows/Scalability.ini]
[2026.04.04-10.20.02:186][559]LogConfig: Setting CVar [[r.TranslucencyLightingVolumeDim:48]]
[2026.04.04-10.20.02:186][559]LogConfig: Setting CVar [[r.RefractionQuality:2]]
[2026.04.04-10.20.02:186][559]LogConfig: Setting CVar [[r.SSR.Quality:2]]
[2026.04.04-10.20.02:186][559]LogConfig: Setting CVar [[r.SSR.HalfResSceneColor:1]]
[2026.04.04-10.20.02:186][559]LogConfig: Setting CVar [[r.SceneColorFormat:3]]
[2026.04.04-10.20.02:186][559]LogConfig: Setting CVar [[r.DetailMode:1]]
[2026.04.04-10.20.02:186][559]LogConfig: Setting CVar [[r.TranslucencyVolumeBlur:1]]
[2026.04.04-10.20.02:186][559]LogConfig: Setting CVar [[r.MaterialQualityLevel:1 ; High quality]]
[2026.04.04-10.20.02:186][559]LogConfig: Setting CVar [[r.AnisotropicMaterials:1]]
[2026.04.04-10.20.02:186][559]LogConfig: Setting CVar [[r.SSS.Scale:1]]
[2026.04.04-10.20.02:186][559]LogConfig: Setting CVar [[r.SSS.SampleSet:1]]
[2026.04.04-10.20.02:188][559]LogConfig: Setting CVar [[r.SSS.Quality:-1]]
[2026.04.04-10.20.02:188][559]LogConfig: Setting CVar [[r.SSS.HalfRes:1]]
[2026.04.04-10.20.02:188][559]LogConfig: Setting CVar [[r.SSGI.Quality:2]]
[2026.04.04-10.20.02:188][559]LogConfig: Setting CVar [[r.EmitterSpawnRateScale:0.5]]
[2026.04.04-10.20.02:188][559]LogConfig: Setting CVar [[r.ParticleLightQuality:1]]
[2026.04.04-10.20.02:188][559]LogConfig: Setting CVar [[r.SkyAtmosphere.AerialPerspectiveLUT.FastApplyOnOpaque:1 ; Always have FastSkyLUT 1 in this case to avoid wrong sky]]
[2026.04.04-10.20.02:188][559]LogConfig: Setting CVar [[r.SkyAtmosphere.AerialPerspectiveLUT.SampleCountMaxPerSlice:2]]
[2026.04.04-10.20.02:188][559]LogConfig: Setting CVar [[r.SkyAtmosphere.AerialPerspectiveLUT.DepthResolution:16.0]]
[2026.04.04-10.20.02:188][559]LogConfig: Setting CVar [[r.SkyAtmosphere.FastSkyLUT:1]]
[2026.04.04-10.20.02:188][559]LogConfig: Setting CVar [[r.SkyAtmosphere.FastSkyLUT.SampleCountMin:4.0]]
[2026.04.04-10.20.02:188][559]LogConfig: Setting CVar [[r.SkyAtmosphere.FastSkyLUT.SampleCountMax:64.0]]
[2026.04.04-10.20.02:188][559]LogConfig: Setting CVar [[r.SkyAtmosphere.SampleCountMin:4.0]]
[2026.04.04-10.20.02:188][559]LogConfig: Setting CVar [[r.SkyAtmosphere.SampleCountMax:64.0]]
[2026.04.04-10.20.02:188][559]LogConfig: Setting CVar [[r.SkyAtmosphere.TransmittanceLUT.UseSmallFormat:0]]
[2026.04.04-10.20.02:188][559]LogConfig: Setting CVar [[r.SkyAtmosphere.TransmittanceLUT.SampleCount:10.0]]
[2026.04.04-10.20.02:188][559]LogConfig: Setting CVar [[r.SkyAtmosphere.MultiScatteringLUT.SampleCount:15.0]]
[2026.04.04-10.20.02:188][559]LogConfig: Setting CVar [[r.SkyLight.RealTimeReflectionCapture:1]]
[2026.04.04-10.20.02:188][559]LogConfig: Setting CVar [[fx.Niagara.QualityLevel:2]]
[2026.04.04-10.20.02:188][559]LogConfig: Applying CVar settings from Section [FoliageQuality@2] File [C:/Users/User/Documents/Unreal Projects/Playtime_Multiplayer/Saved/Config/Windows/Scalability.ini]
[2026.04.04-10.20.02:188][559]LogConfig: Setting CVar [[foliage.DensityScale:0.8]]
[2026.04.04-10.20.02:188][559]LogConfig: Setting CVar [[grass.DensityScale:0.8]]
[2026.04.04-10.20.02:188][559]LogConfig: Applying CVar settings from Section [ShadingQuality@2] File [C:/Users/User/Documents/Unreal Projects/Playtime_Multiplayer/Saved/Config/Windows/Scalability.ini]
[2026.04.04-10.20.02:188][559]LogConfig: Setting CVar [[r.HairStrands.SkyLighting.IntegrationType:2]]
[2026.04.04-10.20.02:188][559]LogConfig: Setting CVar [[r.HairStrands.SkyAO.SampleCount:4]]
[2026.04.04-10.20.02:188][559]LogConfig: Setting CVar [[r.HairStrands.Visibility.MSAA.SamplePerPixel:4]]
[2026.04.04-10.20.02:234][560]LogConfig: Applying CVar settings from Section [ViewDistanceQuality@2] File [C:/Users/User/Documents/Unreal Projects/Playtime_Multiplayer/Saved/Config/Windows/Scalability.ini]
[2026.04.04-10.20.02:234][560]LogConfig: Setting CVar [[r.SkeletalMeshLODBias:0]]
[2026.04.04-10.20.02:234][560]LogConfig: Setting CVar [[r.ViewDistanceScale:0.8]]
[2026.04.04-10.20.02:235][560]LogConfig: Applying CVar settings from Section [AntiAliasingQuality@2] File [C:/Users/User/Documents/Unreal Projects/Playtime_Multiplayer/Saved/Config/Windows/Scalability.ini]
[2026.04.04-10.20.02:235][560]LogConfig: Setting CVar [[r.PostProcessAAQuality:3]]
[2026.04.04-10.20.02:235][560]LogConfig: Applying CVar settings from Section [ShadowQuality@2] File [C:/Users/User/Documents/Unreal Projects/Playtime_Multiplayer/Saved/Config/Windows/Scalability.ini]
[2026.04.04-10.20.02:235][560]LogConfig: Setting CVar [[r.LightFunctionQuality:1]]
[2026.04.04-10.20.02:235][560]LogConfig: Setting CVar [[r.ShadowQuality:5]]
[2026.04.04-10.20.02:235][560]LogConfig: Setting CVar [[r.Shadow.CSM.MaxCascades:4]]
[2026.04.04-10.20.02:235][560]LogConfig: Setting CVar [[r.Shadow.MaxResolution:1024]]
[2026.04.04-10.20.02:235][560]LogConfig: Setting CVar [[r.Shadow.MaxCSMResolution:2048]]
[2026.04.04-10.20.02:235][560]LogConfig: Setting CVar [[r.Shadow.RadiusThreshold:0.04]]
[2026.04.04-10.20.02:235][560]LogConfig: Setting CVar [[r.Shadow.DistanceScale:0.85]]
[2026.04.04-10.20.02:235][560]LogConfig: Setting CVar [[r.Shadow.CSM.TransitionScale:0.8]]
[2026.04.04-10.20.02:235][560]LogConfig: Setting CVar [[r.Shadow.PreShadowResolutionFactor:0.5]]
[2026.04.04-10.20.02:235][560]LogConfig: Setting CVar [[r.DistanceFieldShadowing:1]]
[2026.04.04-10.20.02:235][560]LogConfig: Setting CVar [[r.DistanceFieldAO:1]]
[2026.04.04-10.20.02:235][560]LogConfig: Setting CVar [[r.AOQuality:1]]
[2026.04.04-10.20.02:235][560]LogConfig: Setting CVar [[r.VolumetricFog:1]]
[2026.04.04-10.20.02:235][560]LogConfig: Setting CVar [[r.VolumetricFog.GridPixelSize:16]]
[2026.04.04-10.20.02:235][560]LogConfig: Setting CVar [[r.VolumetricFog.GridSizeZ:64]]
[2026.04.04-10.20.02:235][560]LogConfig: Setting CVar [[r.VolumetricFog.HistoryMissSupersampleCount:4]]
[2026.04.04-10.20.02:235][560]LogConfig: Setting CVar [[r.LightMaxDrawDistanceScale:1]]
[2026.04.04-10.20.02:235][560]LogConfig: Setting CVar [[r.CapsuleShadows:1]]
[2026.04.04-10.20.02:235][560]LogConfig: Applying CVar settings from Section [PostProcessQuality@2] File [C:/Users/User/Documents/Unreal Projects/Playtime_Multiplayer/Saved/Config/Windows/Scalability.ini]
[2026.04.04-10.20.02:235][560]LogConfig: Setting CVar [[r.MotionBlurQuality:3]]
[2026.04.04-10.20.02:235][560]LogConfig: Setting CVar [[r.AmbientOcclusionMipLevelFactor:0.6]]
[2026.04.04-10.20.02:235][560]LogConfig: Setting CVar [[r.AmbientOcclusionMaxQuality:100]]
[2026.04.04-10.20.02:235][560]LogConfig: Setting CVar [[r.AmbientOcclusionLevels:-1]]
[2026.04.04-10.20.02:235][560]LogConfig: Setting CVar [[r.AmbientOcclusionRadiusScale:1.5]]
[2026.04.04-10.20.02:235][560]LogConfig: Setting CVar [[r.DepthOfFieldQuality:2]]
[2026.04.04-10.20.02:235][560]LogConfig: Setting CVar [[r.RenderTargetPoolMin:400]]
[2026.04.04-10.20.02:235][560]LogConfig: Setting CVar [[r.LensFlareQuality:2]]
[2026.04.04-10.20.02:235][560]LogConfig: Setting CVar [[r.SceneColorFringeQuality:1]]
[2026.04.04-10.20.02:235][560]LogConfig: Setting CVar [[r.EyeAdaptationQuality:2]]
[2026.04.04-10.20.02:235][560]LogConfig: Setting CVar [[r.BloomQuality:5]]
[2026.04.04-10.20.02:235][560]LogConfig: Setting CVar [[r.FastBlurThreshold:3]]
[2026.04.04-10.20.02:235][560]LogConfig: Setting CVar [[r.Upscale.Quality:2]]
[2026.04.04-10.20.02:235][560]LogConfig: Setting CVar [[r.Tonemapper.GrainQuantization:1]]
[2026.04.04-10.20.02:235][560]LogConfig: Setting CVar [[r.LightShaftQuality:1]]
[2026.04.04-10.20.02:235][560]LogConfig: Setting CVar [[r.Filter.SizeScale:0.8]]
[2026.04.04-10.20.02:235][560]LogConfig: Setting CVar [[r.Tonemapper.Quality:5]]
[2026.04.04-10.20.02:235][560]LogConfig: Setting CVar [[r.DOF.Gather.AccumulatorQuality:0        ; lower gathering accumulator quality]]
[2026.04.04-10.20.02:235][560]LogConfig: Setting CVar [[r.DOF.Gather.PostfilterMethod:2          ; Max3x3 postfilering method]]
[2026.04.04-10.20.02:235][560]LogConfig: Setting CVar [[r.DOF.Gather.EnableBokehSettings:0       ; no bokeh simulation when gathering]]
[2026.04.04-10.20.02:235][560]LogConfig: Setting CVar [[r.DOF.Gather.RingCount:4                 ; medium number of samples when gathering]]
[2026.04.04-10.20.02:235][560]LogConfig: Setting CVar [[r.DOF.Scatter.ForegroundCompositing:1    ; additive foreground scattering]]
[2026.04.04-10.20.02:235][560]LogConfig: Setting CVar [[r.DOF.Scatter.BackgroundCompositing:1    ; no background occlusion]]
[2026.04.04-10.20.02:235][560]LogConfig: Setting CVar [[r.DOF.Scatter.EnableBokehSettings:0      ; no bokeh simulation when scattering]]
[2026.04.04-10.20.02:235][560]LogConfig: Setting CVar [[r.DOF.Scatter.MaxSpriteRatio:0.04        ; only a maximum of 4% of scattered bokeh]]
[2026.04.04-10.20.02:235][560]LogConfig: Setting CVar [[r.DOF.Recombine.Quality:0                ; no slight out of focus]]
[2026.04.04-10.20.02:235][560]LogConfig: Setting CVar [[r.DOF.TemporalAAQuality:0                ; faster temporal accumulation]]
[2026.04.04-10.20.02:235][560]LogConfig: Setting CVar [[r.DOF.Kernel.MaxForegroundRadius:0.012   ; required because of AccumulatorQuality=0]]
[2026.04.04-10.20.02:235][560]LogConfig: Setting CVar [[r.DOF.Kernel.MaxBackgroundRadius:0.012   ; required because of AccumulatorQuality=0]]
[2026.04.04-10.20.02:235][560]LogConfig: Applying CVar settings from Section [TextureQuality@2] File [C:/Users/User/Documents/Unreal Projects/Playtime_Multiplayer/Saved/Config/Windows/Scalability.ini]
[2026.04.04-10.20.02:235][560]LogConfig: Setting CVar [[r.Streaming.MipBias:0]]
[2026.04.04-10.20.02:235][560]LogConfig: Setting CVar [[r.Streaming.AmortizeCPUToGPUCopy:0]]
[2026.04.04-10.20.02:235][560]LogConfig: Setting CVar [[r.Streaming.MaxNumTexturesToStreamPerFrame:0]]
[2026.04.04-10.20.02:235][560]LogConfig: Setting CVar [[r.Streaming.Boost:1]]
[2026.04.04-10.20.02:235][560]LogConfig: Setting CVar [[r.MaxAnisotropy:4]]
[2026.04.04-10.20.02:235][560]LogConfig: Setting CVar [[r.VT.MaxAnisotropy:8]]
[2026.04.04-10.20.02:235][560]LogConfig: Setting CVar [[r.Streaming.LimitPoolSizeToVRAM:1]]
[2026.04.04-10.20.02:235][560]LogConfig: Setting CVar [[r.Streaming.PoolSize:800]]
[2026.04.04-10.20.02:235][560]LogConfig: Setting CVar [[r.Streaming.MaxEffectiveScreenSize:0]]
[2026.04.04-10.20.02:235][560]LogConfig: Applying CVar settings from Section [EffectsQuality@2] File [C:/Users/User/Documents/Unreal Projects/Playtime_Multiplayer/Saved/Config/Windows/Scalability.ini]
[2026.04.04-10.20.02:235][560]LogConfig: Setting CVar [[r.TranslucencyLightingVolumeDim:48]]
[2026.04.04-10.20.02:235][560]LogConfig: Setting CVar [[r.RefractionQuality:2]]
[2026.04.04-10.20.02:235][560]LogConfig: Setting CVar [[r.SSR.Quality:2]]
[2026.04.04-10.20.02:236][560]LogConfig: Setting CVar [[r.SSR.HalfResSceneColor:1]]
[2026.04.04-10.20.02:236][560]LogConfig: Setting CVar [[r.SceneColorFormat:3]]
[2026.04.04-10.20.02:236][560]LogConfig: Setting CVar [[r.DetailMode:1]]
[2026.04.04-10.20.02:236][560]LogConfig: Setting CVar [[r.TranslucencyVolumeBlur:1]]
[2026.04.04-10.20.02:236][560]LogConfig: Setting CVar [[r.MaterialQualityLevel:1 ; High quality]]
[2026.04.04-10.20.02:236][560]LogConfig: Setting CVar [[r.AnisotropicMaterials:1]]
[2026.04.04-10.20.02:236][560]LogConfig: Setting CVar [[r.SSS.Scale:1]]
[2026.04.04-10.20.02:236][560]LogConfig: Setting CVar [[r.SSS.SampleSet:1]]
[2026.04.04-10.20.02:236][560]LogConfig: Setting CVar [[r.SSS.Quality:-1]]
[2026.04.04-10.20.02:236][560]LogConfig: Setting CVar [[r.SSS.HalfRes:1]]
[2026.04.04-10.20.02:236][560]LogConfig: Setting CVar [[r.SSGI.Quality:2]]
[2026.04.04-10.20.02:236][560]LogConfig: Setting CVar [[r.EmitterSpawnRateScale:0.5]]
[2026.04.04-10.20.02:236][560]LogConfig: Setting CVar [[r.ParticleLightQuality:1]]
[2026.04.04-10.20.02:236][560]LogConfig: Setting CVar [[r.SkyAtmosphere.AerialPerspectiveLUT.FastApplyOnOpaque:1 ; Always have FastSkyLUT 1 in this case to avoid wrong sky]]
[2026.04.04-10.20.02:236][560]LogConfig: Setting CVar [[r.SkyAtmosphere.AerialPerspectiveLUT.SampleCountMaxPerSlice:2]]
[2026.04.04-10.20.02:236][560]LogConfig: Setting CVar [[r.SkyAtmosphere.AerialPerspectiveLUT.DepthResolution:16.0]]
[2026.04.04-10.20.02:236][560]LogConfig: Setting CVar [[r.SkyAtmosphere.FastSkyLUT:1]]
[2026.04.04-10.20.02:236][560]LogConfig: Setting CVar [[r.SkyAtmosphere.FastSkyLUT.SampleCountMin:4.0]]
[2026.04.04-10.20.02:236][560]LogConfig: Setting CVar [[r.SkyAtmosphere.FastSkyLUT.SampleCountMax:64.0]]
[2026.04.04-10.20.02:236][560]LogConfig: Setting CVar [[r.SkyAtmosphere.SampleCountMin:4.0]]
[2026.04.04-10.20.02:236][560]LogConfig: Setting CVar [[r.SkyAtmosphere.SampleCountMax:64.0]]
[2026.04.04-10.20.02:236][560]LogConfig: Setting CVar [[r.SkyAtmosphere.TransmittanceLUT.UseSmallFormat:0]]
[2026.04.04-10.20.02:236][560]LogConfig: Setting CVar [[r.SkyAtmosphere.TransmittanceLUT.SampleCount:10.0]]
[2026.04.04-10.20.02:236][560]LogConfig: Setting CVar [[r.SkyAtmosphere.MultiScatteringLUT.SampleCount:15.0]]
[2026.04.04-10.20.02:236][560]LogConfig: Setting CVar [[r.SkyLight.RealTimeReflectionCapture:1]]
[2026.04.04-10.20.02:236][560]LogConfig: Setting CVar [[fx.Niagara.QualityLevel:2]]
[2026.04.04-10.20.02:236][560]LogConfig: Applying CVar settings from Section [FoliageQuality@2] File [C:/Users/User/Documents/Unreal Projects/Playtime_Multiplayer/Saved/Config/Windows/Scalability.ini]
[2026.04.04-10.20.02:236][560]LogConfig: Setting CVar [[foliage.DensityScale:0.8]]
[2026.04.04-10.20.02:236][560]LogConfig: Setting CVar [[grass.DensityScale:0.8]]
[2026.04.04-10.20.02:236][560]LogConfig: Applying CVar settings from Section [ShadingQuality@2] File [C:/Users/User/Documents/Unreal Projects/Playtime_Multiplayer/Saved/Config/Windows/Scalability.ini]
[2026.04.04-10.20.02:236][560]LogConfig: Setting CVar [[r.HairStrands.SkyLighting.IntegrationType:2]]
[2026.04.04-10.20.02:236][560]LogConfig: Setting CVar [[r.HairStrands.SkyAO.SampleCount:4]]
[2026.04.04-10.20.02:236][560]LogConfig: Setting CVar [[r.HairStrands.Visibility.MSAA.SamplePerPixel:4]]
[2026.04.04-10.20.02:273][561]LogConfig: Applying CVar settings from Section [ViewDistanceQuality@2] File [C:/Users/User/Documents/Unreal Projects/Playtime_Multiplayer/Saved/Config/Windows/Scalability.ini]
[2026.04.04-10.20.02:273][561]LogConfig: Setting CVar [[r.SkeletalMeshLODBias:0]]
[2026.04.04-10.20.02:273][561]LogConfig: Setting CVar [[r.ViewDistanceScale:0.8]]
[2026.04.04-10.20.02:273][561]LogConfig: Applying CVar settings from Section [AntiAliasingQuality@2] File [C:/Users/User/Documents/Unreal Projects/Playtime_Multiplayer/Saved/Config/Windows/Scalability.ini]
[2026.04.04-10.20.02:273][561]LogConfig: Setting CVar [[r.PostProcessAAQuality:3]]
[2026.04.04-10.20.02:273][561]LogConfig: Applying CVar settings from Section [ShadowQuality@2] File [C:/Users/User/Documents/Unreal Projects/Playtime_Multiplayer/Saved/Config/Windows/Scalability.ini]
[2026.04.04-10.20.02:273][561]LogConfig: Setting CVar [[r.LightFunctionQuality:1]]
[2026.04.04-10.20.02:273][561]LogConfig: Setting CVar [[r.ShadowQuality:5]]
[2026.04.04-10.20.02:273][561]LogConfig: Setting CVar [[r.Shadow.CSM.MaxCascades:4]]
[2026.04.04-10.20.02:273][561]LogConfig: Setting CVar [[r.Shadow.MaxResolution:1024]]
[2026.04.04-10.20.02:274][561]LogConfig: Setting CVar [[r.Shadow.MaxCSMResolution:2048]]
[2026.04.04-10.20.02:274][561]LogConfig: Setting CVar [[r.Shadow.RadiusThreshold:0.04]]
[2026.04.04-10.20.02:274][561]LogConfig: Setting CVar [[r.Shadow.DistanceScale:0.85]]
[2026.04.04-10.20.02:274][561]LogConfig: Setting CVar [[r.Shadow.CSM.TransitionScale:0.8]]
[2026.04.04-10.20.02:274][561]LogConfig: Setting CVar [[r.Shadow.PreShadowResolutionFactor:0.5]]
[2026.04.04-10.20.02:274][561]LogConfig: Setting CVar [[r.DistanceFieldShadowing:1]]
[2026.04.04-10.20.02:274][561]LogConfig: Setting CVar [[r.DistanceFieldAO:1]]
[2026.04.04-10.20.02:274][561]LogConfig: Setting CVar [[r.AOQuality:1]]
[2026.04.04-10.20.02:274][561]LogConfig: Setting CVar [[r.VolumetricFog:1]]
[2026.04.04-10.20.02:274][561]LogConfig: Setting CVar [[r.VolumetricFog.GridPixelSize:16]]
[2026.04.04-10.20.02:274][561]LogConfig: Setting CVar [[r.VolumetricFog.GridSizeZ:64]]
[2026.04.04-10.20.02:274][561]LogConfig: Setting CVar [[r.VolumetricFog.HistoryMissSupersampleCount:4]]
[2026.04.04-10.20.02:274][561]LogConfig: Setting CVar [[r.LightMaxDrawDistanceScale:1]]
[2026.04.04-10.20.02:274][561]LogConfig: Setting CVar [[r.CapsuleShadows:1]]
[2026.04.04-10.20.02:274][561]LogConfig: Applying CVar settings from Section [PostProcessQuality@2] File [C:/Users/User/Documents/Unreal Projects/Playtime_Multiplayer/Saved/Config/Windows/Scalability.ini]
[2026.04.04-10.20.02:274][561]LogConfig: Setting CVar [[r.MotionBlurQuality:3]]
[2026.04.04-10.20.02:274][561]LogConfig: Setting CVar [[r.AmbientOcclusionMipLevelFactor:0.6]]
[2026.04.04-10.20.02:274][561]LogConfig: Setting CVar [[r.AmbientOcclusionMaxQuality:100]]
[2026.04.04-10.20.02:274][561]LogConfig: Setting CVar [[r.AmbientOcclusionLevels:-1]]
[2026.04.04-10.20.02:274][561]LogConfig: Setting CVar [[r.AmbientOcclusionRadiusScale:1.5]]
[2026.04.04-10.20.02:274][561]LogConfig: Setting CVar [[r.DepthOfFieldQuality:2]]
[2026.04.04-10.20.02:274][561]LogConfig: Setting CVar [[r.RenderTargetPoolMin:400]]
[2026.04.04-10.20.02:274][561]LogConfig: Setting CVar [[r.LensFlareQuality:2]]
[2026.04.04-10.20.02:274][561]LogConfig: Setting CVar [[r.SceneColorFringeQuality:1]]
[2026.04.04-10.20.02:274][561]LogConfig: Setting CVar [[r.EyeAdaptationQuality:2]]
[2026.04.04-10.20.02:274][561]LogConfig: Setting CVar [[r.BloomQuality:5]]
[2026.04.04-10.20.02:274][561]LogConfig: Setting CVar [[r.FastBlurThreshold:3]]
[2026.04.04-10.20.02:274][561]LogConfig: Setting CVar [[r.Upscale.Quality:2]]
[2026.04.04-10.20.02:274][561]LogConfig: Setting CVar [[r.Tonemapper.GrainQuantization:1]]
[2026.04.04-10.20.02:274][561]LogConfig: Setting CVar [[r.LightShaftQuality:1]]
[2026.04.04-10.20.02:274][561]LogConfig: Setting CVar [[r.Filter.SizeScale:0.8]]
[2026.04.04-10.20.02:274][561]LogConfig: Setting CVar [[r.Tonemapper.Quality:5]]
[2026.04.04-10.20.02:274][561]LogConfig: Setting CVar [[r.DOF.Gather.AccumulatorQuality:0        ; lower gathering accumulator quality]]
[2026.04.04-10.20.02:274][561]LogConfig: Setting CVar [[r.DOF.Gather.PostfilterMethod:2          ; Max3x3 postfilering method]]
[2026.04.04-10.20.02:274][561]LogConfig: Setting CVar [[r.DOF.Gather.EnableBokehSettings:0       ; no bokeh simulation when gathering]]
[2026.04.04-10.20.02:274][561]LogConfig: Setting CVar [[r.DOF.Gather.RingCount:4                 ; medium number of samples when gathering]]
[2026.04.04-10.20.02:274][561]LogConfig: Setting CVar [[r.DOF.Scatter.ForegroundCompositing:1    ; additive foreground scattering]]
[2026.04.04-10.20.02:274][561]LogConfig: Setting CVar [[r.DOF.Scatter.BackgroundCompositing:1    ; no background occlusion]]
[2026.04.04-10.20.02:274][561]LogConfig: Setting CVar [[r.DOF.Scatter.EnableBokehSettings:0      ; no bokeh simulation when scattering]]
[2026.04.04-10.20.02:274][561]LogConfig: Setting CVar [[r.DOF.Scatter.MaxSpriteRatio:0.04        ; only a maximum of 4% of scattered bokeh]]
[2026.04.04-10.20.02:274][561]LogConfig: Setting CVar [[r.DOF.Recombine.Quality:0                ; no slight out of focus]]
[2026.04.04-10.20.02:274][561]LogConfig: Setting CVar [[r.DOF.TemporalAAQuality:0                ; faster temporal accumulation]]
[2026.04.04-10.20.02:275][561]LogConfig: Setting CVar [[r.DOF.Kernel.MaxForegroundRadius:0.012   ; required because of AccumulatorQuality=0]]
[2026.04.04-10.20.02:275][561]LogConfig: Setting CVar [[r.DOF.Kernel.MaxBackgroundRadius:0.012   ; required because of AccumulatorQuality=0]]
[2026.04.04-10.20.02:275][561]LogConfig: Applying CVar settings from Section [TextureQuality@2] File [C:/Users/User/Documents/Unreal Projects/Playtime_Multiplayer/Saved/Config/Windows/Scalability.ini]
[2026.04.04-10.20.02:275][561]LogConfig: Setting CVar [[r.Streaming.MipBias:0]]
[2026.04.04-10.20.02:275][561]LogConfig: Setting CVar [[r.Streaming.AmortizeCPUToGPUCopy:0]]
[2026.04.04-10.20.02:275][561]LogConfig: Setting CVar [[r.Streaming.MaxNumTexturesToStreamPerFrame:0]]
[2026.04.04-10.20.02:275][561]LogConfig: Setting CVar [[r.Streaming.Boost:1]]
[2026.04.04-10.20.02:275][561]LogConfig: Setting CVar [[r.MaxAnisotropy:4]]
[2026.04.04-10.20.02:275][561]LogConfig: Setting CVar [[r.VT.MaxAnisotropy:8]]
[2026.04.04-10.20.02:275][561]LogConfig: Setting CVar [[r.Streaming.LimitPoolSizeToVRAM:1]]
[2026.04.04-10.20.02:275][561]LogConfig: Setting CVar [[r.Streaming.PoolSize:800]]
[2026.04.04-10.20.02:275][561]LogConfig: Setting CVar [[r.Streaming.MaxEffectiveScreenSize:0]]
[2026.04.04-10.20.02:275][561]LogConfig: Applying CVar settings from Section [EffectsQuality@2] File [C:/Users/User/Documents/Unreal Projects/Playtime_Multiplayer/Saved/Config/Windows/Scalability.ini]
[2026.04.04-10.20.02:275][561]LogConfig: Setting CVar [[r.TranslucencyLightingVolumeDim:48]]
[2026.04.04-10.20.02:275][561]LogConfig: Setting CVar [[r.RefractionQuality:2]]
[2026.04.04-10.20.02:275][561]LogConfig: Setting CVar [[r.SSR.Quality:2]]
[2026.04.04-10.20.02:275][561]LogConfig: Setting CVar [[r.SSR.HalfResSceneColor:1]]
[2026.04.04-10.20.02:275][561]LogConfig: Setting CVar [[r.SceneColorFormat:3]]
[2026.04.04-10.20.02:275][561]LogConfig: Setting CVar [[r.DetailMode:1]]
[2026.04.04-10.20.02:275][561]LogConfig: Setting CVar [[r.TranslucencyVolumeBlur:1]]
[2026.04.04-10.20.02:275][561]LogConfig: Setting CVar [[r.MaterialQualityLevel:1 ; High quality]]
[2026.04.04-10.20.02:275][561]LogConfig: Setting CVar [[r.AnisotropicMaterials:1]]
[2026.04.04-10.20.02:275][561]LogConfig: Setting CVar [[r.SSS.Scale:1]]
[2026.04.04-10.20.02:275][561]LogConfig: Setting CVar [[r.SSS.SampleSet:1]]
[2026.04.04-10.20.02:275][561]LogConfig: Setting CVar [[r.SSS.Quality:-1]]
[2026.04.04-10.20.02:275][561]LogConfig: Setting CVar [[r.SSS.HalfRes:1]]
[2026.04.04-10.20.02:275][561]LogConfig: Setting CVar [[r.SSGI.Quality:2]]
[2026.04.04-10.20.02:275][561]LogConfig: Setting CVar [[r.EmitterSpawnRateScale:0.5]]
[2026.04.04-10.20.02:275][561]LogConfig: Setting CVar [[r.ParticleLightQuality:1]]
[2026.04.04-10.20.02:275][561]LogConfig: Setting CVar [[r.SkyAtmosphere.AerialPerspectiveLUT.FastApplyOnOpaque:1 ; Always have FastSkyLUT 1 in this case to avoid wrong sky]]
[2026.04.04-10.20.02:275][561]LogConfig: Setting CVar [[r.SkyAtmosphere.AerialPerspectiveLUT.SampleCountMaxPerSlice:2]]
[2026.04.04-10.20.02:275][561]LogConfig: Setting CVar [[r.SkyAtmosphere.AerialPerspectiveLUT.DepthResolution:16.0]]
[2026.04.04-10.20.02:275][561]LogConfig: Setting CVar [[r.SkyAtmosphere.FastSkyLUT:1]]
[2026.04.04-10.20.02:275][561]LogConfig: Setting CVar [[r.SkyAtmosphere.FastSkyLUT.SampleCountMin:4.0]]
[2026.04.04-10.20.02:275][561]LogConfig: Setting CVar [[r.SkyAtmosphere.FastSkyLUT.SampleCountMax:64.0]]
[2026.04.04-10.20.02:275][561]LogConfig: Setting CVar [[r.SkyAtmosphere.SampleCountMin:4.0]]
[2026.04.04-10.20.02:276][561]LogConfig: Setting CVar [[r.SkyAtmosphere.SampleCountMax:64.0]]
[2026.04.04-10.20.02:276][561]LogConfig: Setting CVar [[r.SkyAtmosphere.TransmittanceLUT.UseSmallFormat:0]]
[2026.04.04-10.20.02:276][561]LogConfig: Setting CVar [[r.SkyAtmosphere.TransmittanceLUT.SampleCount:10.0]]
[2026.04.04-10.20.02:276][561]LogConfig: Setting CVar [[r.SkyAtmosphere.MultiScatteringLUT.SampleCount:15.0]]
[2026.04.04-10.20.02:276][561]LogConfig: Setting CVar [[r.SkyLight.RealTimeReflectionCapture:1]]
[2026.04.04-10.20.02:276][561]LogConfig: Setting CVar [[fx.Niagara.QualityLevel:2]]
[2026.04.04-10.20.02:276][561]LogConfig: Applying CVar settings from Section [FoliageQuality@2] File [C:/Users/User/Documents/Unreal Projects/Playtime_Multiplayer/Saved/Config/Windows/Scalability.ini]
[2026.04.04-10.20.02:276][561]LogConfig: Setting CVar [[foliage.DensityScale:0.8]]
[2026.04.04-10.20.02:276][561]LogConfig: Setting CVar [[grass.DensityScale:0.8]]
[2026.04.04-10.20.02:276][561]LogConfig: Applying CVar settings from Section [ShadingQuality@2] File [C:/Users/User/Documents/Unreal Projects/Playtime_Multiplayer/Saved/Config/Windows/Scalability.ini]
[2026.04.04-10.20.02:276][561]LogConfig: Setting CVar [[r.HairStrands.SkyLighting.IntegrationType:2]]
[2026.04.04-10.20.02:276][561]LogConfig: Setting CVar [[r.HairStrands.SkyAO.SampleCount:4]]
[2026.04.04-10.20.02:276][561]LogConfig: Setting CVar [[r.HairStrands.Visibility.MSAA.SamplePerPixel:4]]
[2026.04.04-10.20.02:276][561]LogConfig: Applying CVar settings from Section [ViewDistanceQuality@2] File [C:/Users/User/Documents/Unreal Projects/Playtime_Multiplayer/Saved/Config/Windows/Scalability.ini]
[2026.04.04-10.20.02:276][561]LogConfig: Setting CVar [[r.SkeletalMeshLODBias:0]]
[2026.04.04-10.20.02:276][561]LogConfig: Setting CVar [[r.ViewDistanceScale:0.8]]
[2026.04.04-10.20.02:276][561]LogConfig: Applying CVar settings from Section [AntiAliasingQuality@2] File [C:/Users/User/Documents/Unreal Projects/Playtime_Multiplayer/Saved/Config/Windows/Scalability.ini]
[2026.04.04-10.20.02:276][561]LogConfig: Setting CVar [[r.PostProcessAAQuality:3]]
[2026.04.04-10.20.02:276][561]LogConfig: Applying CVar settings from Section [ShadowQuality@2] File [C:/Users/User/Documents/Unreal Projects/Playtime_Multiplayer/Saved/Config/Windows/Scalability.ini]
[2026.04.04-10.20.02:276][561]LogConfig: Setting CVar [[r.LightFunctionQuality:1]]
[2026.04.04-10.20.02:276][561]LogConfig: Setting CVar [[r.ShadowQuality:5]]
[2026.04.04-10.20.02:276][561]LogConfig: Setting CVar [[r.Shadow.CSM.MaxCascades:4]]
[2026.04.04-10.20.02:276][561]LogConfig: Setting CVar [[r.Shadow.MaxResolution:1024]]
[2026.04.04-10.20.02:276][561]LogConfig: Setting CVar [[r.Shadow.MaxCSMResolution:2048]]
[2026.04.04-10.20.02:276][561]LogConfig: Setting CVar [[r.Shadow.RadiusThreshold:0.04]]
[2026.04.04-10.20.02:276][561]LogConfig: Setting CVar [[r.Shadow.DistanceScale:0.85]]
[2026.04.04-10.20.02:276][561]LogConfig: Setting CVar [[r.Shadow.CSM.TransitionScale:0.8]]
[2026.04.04-10.20.02:276][561]LogConfig: Setting CVar [[r.Shadow.PreShadowResolutionFactor:0.5]]
[2026.04.04-10.20.02:276][561]LogConfig: Setting CVar [[r.DistanceFieldShadowing:1]]
[2026.04.04-10.20.02:276][561]LogConfig: Setting CVar [[r.DistanceFieldAO:1]]
[2026.04.04-10.20.02:276][561]LogConfig: Setting CVar [[r.AOQuality:1]]
[2026.04.04-10.20.02:276][561]LogConfig: Setting CVar [[r.VolumetricFog:1]]
[2026.04.04-10.20.02:276][561]LogConfig: Setting CVar [[r.VolumetricFog.GridPixelSize:16]]
[2026.04.04-10.20.02:276][561]LogConfig: Setting CVar [[r.VolumetricFog.GridSizeZ:64]]
[2026.04.04-10.20.02:276][561]LogConfig: Setting CVar [[r.VolumetricFog.HistoryMissSupersampleCount:4]]
[2026.04.04-10.20.02:276][561]LogConfig: Setting CVar [[r.LightMaxDrawDistanceScale:1]]
[2026.04.04-10.20.02:276][561]LogConfig: Setting CVar [[r.CapsuleShadows:1]]
[2026.04.04-10.20.02:276][561]LogConfig: Applying CVar settings from Section [PostProcessQuality@2] File [C:/Users/User/Documents/Unreal Projects/Playtime_Multiplayer/Saved/Config/Windows/Scalability.ini]
[2026.04.04-10.20.02:276][561]LogConfig: Setting CVar [[r.MotionBlurQuality:3]]
[2026.04.04-10.20.02:276][561]LogConfig: Setting CVar [[r.AmbientOcclusionMipLevelFactor:0.6]]
[2026.04.04-10.20.02:276][561]LogConfig: Setting CVar [[r.AmbientOcclusionMaxQuality:100]]
[2026.04.04-10.20.02:276][561]LogConfig: Setting CVar [[r.AmbientOcclusionLevels:-1]]
[2026.04.04-10.20.02:276][561]LogConfig: Setting CVar [[r.AmbientOcclusionRadiusScale:1.5]]
[2026.04.04-10.20.02:276][561]LogConfig: Setting CVar [[r.DepthOfFieldQuality:2]]
[2026.04.04-10.20.02:276][561]LogConfig: Setting CVar [[r.RenderTargetPoolMin:400]]
[2026.04.04-10.20.02:276][561]LogConfig: Setting CVar [[r.LensFlareQuality:2]]
[2026.04.04-10.20.02:276][561]LogConfig: Setting CVar [[r.SceneColorFringeQuality:1]]
[2026.04.04-10.20.02:276][561]LogConfig: Setting CVar [[r.EyeAdaptationQuality:2]]
[2026.04.04-10.20.02:276][561]LogConfig: Setting CVar [[r.BloomQuality:5]]
[2026.04.04-10.20.02:276][561]LogConfig: Setting CVar [[r.FastBlurThreshold:3]]
[2026.04.04-10.20.02:276][561]LogConfig: Setting CVar [[r.Upscale.Quality:2]]
[2026.04.04-10.20.02:276][561]LogConfig: Setting CVar [[r.Tonemapper.GrainQuantization:1]]
[2026.04.04-10.20.02:276][561]LogConfig: Setting CVar [[r.LightShaftQuality:1]]
[2026.04.04-10.20.02:276][561]LogConfig: Setting CVar [[r.Filter.SizeScale:0.8]]
[2026.04.04-10.20.02:276][561]LogConfig: Setting CVar [[r.Tonemapper.Quality:5]]
[2026.04.04-10.20.02:276][561]LogConfig: Setting CVar [[r.DOF.Gather.AccumulatorQuality:0        ; lower gathering accumulator quality]]
[2026.04.04-10.20.02:276][561]LogConfig: Setting CVar [[r.DOF.Gather.PostfilterMethod:2          ; Max3x3 postfilering method]]
[2026.04.04-10.20.02:276][561]LogConfig: Setting CVar [[r.DOF.Gather.EnableBokehSettings:0       ; no bokeh simulation when gathering]]
[2026.04.04-10.20.02:276][561]LogConfig: Setting CVar [[r.DOF.Gather.RingCount:4                 ; medium number of samples when gathering]]
[2026.04.04-10.20.02:276][561]LogConfig: Setting CVar [[r.DOF.Scatter.ForegroundCompositing:1    ; additive foreground scattering]]
[2026.04.04-10.20.02:276][561]LogConfig: Setting CVar [[r.DOF.Scatter.BackgroundCompositing:1    ; no background occlusion]]
[2026.04.04-10.20.02:276][561]LogConfig: Setting CVar [[r.DOF.Scatter.EnableBokehSettings:0      ; no bokeh simulation when scattering]]
[2026.04.04-10.20.02:276][561]LogConfig: Setting CVar [[r.DOF.Scatter.MaxSpriteRatio:0.04        ; only a maximum of 4% of scattered bokeh]]
[2026.04.04-10.20.02:276][561]LogConfig: Setting CVar [[r.DOF.Recombine.Quality:0                ; no slight out of focus]]
[2026.04.04-10.20.02:277][561]LogConfig: Setting CVar [[r.DOF.TemporalAAQuality:0                ; faster temporal accumulation]]
[2026.04.04-10.20.02:277][561]LogConfig: Setting CVar [[r.DOF.Kernel.MaxForegroundRadius:0.012   ; required because of AccumulatorQuality=0]]
[2026.04.04-10.20.02:277][561]LogConfig: Setting CVar [[r.DOF.Kernel.MaxBackgroundRadius:0.012   ; required because of AccumulatorQuality=0]]
[2026.04.04-10.20.02:277][561]LogConfig: Applying CVar settings from Section [TextureQuality@2] File [C:/Users/User/Documents/Unreal Projects/Playtime_Multiplayer/Saved/Config/Windows/Scalability.ini]
[2026.04.04-10.20.02:277][561]LogConfig: Setting CVar [[r.Streaming.MipBias:0]]
[2026.04.04-10.20.02:277][561]LogConfig: Setting CVar [[r.Streaming.AmortizeCPUToGPUCopy:0]]
[2026.04.04-10.20.02:277][561]LogConfig: Setting CVar [[r.Streaming.MaxNumTexturesToStreamPerFrame:0]]
[2026.04.04-10.20.02:277][561]LogConfig: Setting CVar [[r.Streaming.Boost:1]]
[2026.04.04-10.20.02:277][561]LogConfig: Setting CVar [[r.MaxAnisotropy:4]]
[2026.04.04-10.20.02:277][561]LogConfig: Setting CVar [[r.VT.MaxAnisotropy:8]]
[2026.04.04-10.20.02:277][561]LogConfig: Setting CVar [[r.Streaming.LimitPoolSizeToVRAM:1]]
[2026.04.04-10.20.02:277][561]LogConfig: Setting CVar [[r.Streaming.PoolSize:800]]
[2026.04.04-10.20.02:277][561]LogConfig: Setting CVar [[r.Streaming.MaxEffectiveScreenSize:0]]
[2026.04.04-10.20.02:277][561]LogConfig: Applying CVar settings from Section [EffectsQuality@2] File [C:/Users/User/Documents/Unreal Projects/Playtime_Multiplayer/Saved/Config/Windows/Scalability.ini]
[2026.04.04-10.20.02:277][561]LogConfig: Setting CVar [[r.TranslucencyLightingVolumeDim:48]]
[2026.04.04-10.20.02:277][561]LogConfig: Setting CVar [[r.RefractionQuality:2]]
[2026.04.04-10.20.02:277][561]LogConfig: Setting CVar [[r.SSR.Quality:2]]
[2026.04.04-10.20.02:277][561]LogConfig: Setting CVar [[r.SSR.HalfResSceneColor:1]]
[2026.04.04-10.20.02:277][561]LogConfig: Setting CVar [[r.SceneColorFormat:3]]
[2026.04.04-10.20.02:277][561]LogConfig: Setting CVar [[r.DetailMode:1]]
[2026.04.04-10.20.02:277][561]LogConfig: Setting CVar [[r.TranslucencyVolumeBlur:1]]
[2026.04.04-10.20.02:277][561]LogConfig: Setting CVar [[r.MaterialQualityLevel:1 ; High quality]]
[2026.04.04-10.20.02:277][561]LogConfig: Setting CVar [[r.AnisotropicMaterials:1]]
[2026.04.04-10.20.02:277][561]LogConfig: Setting CVar [[r.SSS.Scale:1]]
[2026.04.04-10.20.02:277][561]LogConfig: Setting CVar [[r.SSS.SampleSet:1]]
[2026.04.04-10.20.02:277][561]LogConfig: Setting CVar [[r.SSS.Quality:-1]]
[2026.04.04-10.20.02:277][561]LogConfig: Setting CVar [[r.SSS.HalfRes:1]]
[2026.04.04-10.20.02:277][561]LogConfig: Setting CVar [[r.SSGI.Quality:2]]
[2026.04.04-10.20.02:278][561]LogConfig: Setting CVar [[r.EmitterSpawnRateScale:0.5]]
[2026.04.04-10.20.02:278][561]LogConfig: Setting CVar [[r.ParticleLightQuality:1]]
[2026.04.04-10.20.02:278][561]LogConfig: Setting CVar [[r.SkyAtmosphere.AerialPerspectiveLUT.FastApplyOnOpaque:1 ; Always have FastSkyLUT 1 in this case to avoid wrong sky]]
[2026.04.04-10.20.02:278][561]LogConfig: Setting CVar [[r.SkyAtmosphere.AerialPerspectiveLUT.SampleCountMaxPerSlice:2]]
[2026.04.04-10.20.02:278][561]LogConfig: Setting CVar [[r.SkyAtmosphere.AerialPerspectiveLUT.DepthResolution:16.0]]
[2026.04.04-10.20.02:278][561]LogConfig: Setting CVar [[r.SkyAtmosphere.FastSkyLUT:1]]
[2026.04.04-10.20.02:278][561]LogConfig: Setting CVar [[r.SkyAtmosphere.FastSkyLUT.SampleCountMin:4.0]]
[2026.04.04-10.20.02:278][561]LogConfig: Setting CVar [[r.SkyAtmosphere.FastSkyLUT.SampleCountMax:64.0]]
[2026.04.04-10.20.02:278][561]LogConfig: Setting CVar [[r.SkyAtmosphere.SampleCountMin:4.0]]
[2026.04.04-10.20.02:278][561]LogConfig: Setting CVar [[r.SkyAtmosphere.SampleCountMax:64.0]]
[2026.04.04-10.20.02:278][561]LogConfig: Setting CVar [[r.SkyAtmosphere.TransmittanceLUT.UseSmallFormat:0]]
[2026.04.04-10.20.02:278][561]LogConfig: Setting CVar [[r.SkyAtmosphere.TransmittanceLUT.SampleCount:10.0]]
[2026.04.04-10.20.02:278][561]LogConfig: Setting CVar [[r.SkyAtmosphere.MultiScatteringLUT.SampleCount:15.0]]
[2026.04.04-10.20.02:278][561]LogConfig: Setting CVar [[r.SkyLight.RealTimeReflectionCapture:1]]
[2026.04.04-10.20.02:278][561]LogConfig: Setting CVar [[fx.Niagara.QualityLevel:2]]
[2026.04.04-10.20.02:278][561]LogConfig: Applying CVar settings from Section [FoliageQuality@2] File [C:/Users/User/Documents/Unreal Projects/Playtime_Multiplayer/Saved/Config/Windows/Scalability.ini]
[2026.04.04-10.20.02:278][561]LogConfig: Setting CVar [[foliage.DensityScale:0.8]]
[2026.04.04-10.20.02:278][561]LogConfig: Setting CVar [[grass.DensityScale:0.8]]
[2026.04.04-10.20.02:278][561]LogConfig: Applying CVar settings from Section [ShadingQuality@2] File [C:/Users/User/Documents/Unreal Projects/Playtime_Multiplayer/Saved/Config/Windows/Scalability.ini]
[2026.04.04-10.20.02:278][561]LogConfig: Setting CVar [[r.HairStrands.SkyLighting.IntegrationType:2]]
[2026.04.04-10.20.02:278][561]LogConfig: Setting CVar [[r.HairStrands.SkyAO.SampleCount:4]]
[2026.04.04-10.20.02:278][561]LogConfig: Setting CVar [[r.HairStrands.Visibility.MSAA.SamplePerPixel:4]]
[2026.04.04-10.20.02:312][562]LogConfig: Applying CVar settings from Section [ViewDistanceQuality@2] File [C:/Users/User/Documents/Unreal Projects/Playtime_Multiplayer/Saved/Config/Windows/Scalability.ini]
[2026.04.04-10.20.02:312][562]LogConfig: Setting CVar [[r.SkeletalMeshLODBias:0]]
[2026.04.04-10.20.02:312][562]LogConfig: Setting CVar [[r.ViewDistanceScale:0.8]]
[2026.04.04-10.20.02:312][562]LogConfig: Applying CVar settings from Section [AntiAliasingQuality@2] File [C:/Users/User/Documents/Unreal Projects/Playtime_Multiplayer/Saved/Config/Windows/Scalability.ini]
[2026.04.04-10.20.02:312][562]LogConfig: Setting CVar [[r.PostProcessAAQuality:3]]
[2026.04.04-10.20.02:312][562]LogConfig: Applying CVar settings from Section [ShadowQuality@2] File [C:/Users/User/Documents/Unreal Projects/Playtime_Multiplayer/Saved/Config/Windows/Scalability.ini]
[2026.04.04-10.20.02:312][562]LogConfig: Setting CVar [[r.LightFunctionQuality:1]]
[2026.04.04-10.20.02:312][562]LogConfig: Setting CVar [[r.ShadowQuality:5]]
[2026.04.04-10.20.02:312][562]LogConfig: Setting CVar [[r.Shadow.CSM.MaxCascades:4]]
[2026.04.04-10.20.02:312][562]LogConfig: Setting CVar [[r.Shadow.MaxResolution:1024]]
[2026.04.04-10.20.02:312][562]LogConfig: Setting CVar [[r.Shadow.MaxCSMResolution:2048]]
[2026.04.04-10.20.02:312][562]LogConfig: Setting CVar [[r.Shadow.RadiusThreshold:0.04]]
[2026.04.04-10.20.02:312][562]LogConfig: Setting CVar [[r.Shadow.DistanceScale:0.85]]
[2026.04.04-10.20.02:312][562]LogConfig: Setting CVar [[r.Shadow.CSM.TransitionScale:0.8]]
[2026.04.04-10.20.02:312][562]LogConfig: Setting CVar [[r.Shadow.PreShadowResolutionFactor:0.5]]
[2026.04.04-10.20.02:312][562]LogConfig: Setting CVar [[r.DistanceFieldShadowing:1]]
[2026.04.04-10.20.02:312][562]LogConfig: Setting CVar [[r.DistanceFieldAO:1]]
[2026.04.04-10.20.02:312][562]LogConfig: Setting CVar [[r.AOQuality:1]]
[2026.04.04-10.20.02:312][562]LogConfig: Setting CVar [[r.VolumetricFog:1]]
[2026.04.04-10.20.02:312][562]LogConfig: Setting CVar [[r.VolumetricFog.GridPixelSize:16]]
[2026.04.04-10.20.02:312][562]LogConfig: Setting CVar [[r.VolumetricFog.GridSizeZ:64]]
[2026.04.04-10.20.02:312][562]LogConfig: Setting CVar [[r.VolumetricFog.HistoryMissSupersampleCount:4]]
[2026.04.04-10.20.02:312][562]LogConfig: Setting CVar [[r.LightMaxDrawDistanceScale:1]]
[2026.04.04-10.20.02:312][562]LogConfig: Setting CVar [[r.CapsuleShadows:1]]
[2026.04.04-10.20.02:312][562]LogConfig: Applying CVar settings from Section [PostProcessQuality@2] File [C:/Users/User/Documents/Unreal Projects/Playtime_Multiplayer/Saved/Config/Windows/Scalability.ini]
[2026.04.04-10.20.02:312][562]LogConfig: Setting CVar [[r.MotionBlurQuality:3]]
[2026.04.04-10.20.02:312][562]LogConfig: Setting CVar [[r.AmbientOcclusionMipLevelFactor:0.6]]
[2026.04.04-10.20.02:312][562]LogConfig: Setting CVar [[r.AmbientOcclusionMaxQuality:100]]
[2026.04.04-10.20.02:312][562]LogConfig: Setting CVar [[r.AmbientOcclusionLevels:-1]]
[2026.04.04-10.20.02:312][562]LogConfig: Setting CVar [[r.AmbientOcclusionRadiusScale:1.5]]
[2026.04.04-10.20.02:312][562]LogConfig: Setting CVar [[r.DepthOfFieldQuality:2]]
[2026.04.04-10.20.02:312][562]LogConfig: Setting CVar [[r.RenderTargetPoolMin:400]]
[2026.04.04-10.20.02:312][562]LogConfig: Setting CVar [[r.LensFlareQuality:2]]
[2026.04.04-10.20.02:312][562]LogConfig: Setting CVar [[r.SceneColorFringeQuality:1]]
[2026.04.04-10.20.02:312][562]LogConfig: Setting CVar [[r.EyeAdaptationQuality:2]]
[2026.04.04-10.20.02:312][562]LogConfig: Setting CVar [[r.BloomQuality:5]]
[2026.04.04-10.20.02:312][562]LogConfig: Setting CVar [[r.FastBlurThreshold:3]]
[2026.04.04-10.20.02:313][562]LogConfig: Setting CVar [[r.Upscale.Quality:2]]
[2026.04.04-10.20.02:313][562]LogConfig: Setting CVar [[r.Tonemapper.GrainQuantization:1]]
[2026.04.04-10.20.02:313][562]LogConfig: Setting CVar [[r.LightShaftQuality:1]]
[2026.04.04-10.20.02:313][562]LogConfig: Setting CVar [[r.Filter.SizeScale:0.8]]
[2026.04.04-10.20.02:313][562]LogConfig: Setting CVar [[r.Tonemapper.Quality:5]]
[2026.04.04-10.20.02:313][562]LogConfig: Setting CVar [[r.DOF.Gather.AccumulatorQuality:0        ; lower gathering accumulator quality]]
[2026.04.04-10.20.02:313][562]LogConfig: Setting CVar [[r.DOF.Gather.PostfilterMethod:2          ; Max3x3 postfilering method]]
[2026.04.04-10.20.02:313][562]LogConfig: Setting CVar [[r.DOF.Gather.EnableBokehSettings:0       ; no bokeh simulation when gathering]]
[2026.04.04-10.20.02:313][562]LogConfig: Setting CVar [[r.DOF.Gather.RingCount:4                 ; medium number of samples when gathering]]
[2026.04.04-10.20.02:313][562]LogConfig: Setting CVar [[r.DOF.Scatter.ForegroundCompositing:1    ; additive foreground scattering]]
[2026.04.04-10.20.02:313][562]LogConfig: Setting CVar [[r.DOF.Scatter.BackgroundCompositing:1    ; no background occlusion]]
[2026.04.04-10.20.02:313][562]LogConfig: Setting CVar [[r.DOF.Scatter.EnableBokehSettings:0      ; no bokeh simulation when scattering]]
[2026.04.04-10.20.02:313][562]LogConfig: Setting CVar [[r.DOF.Scatter.MaxSpriteRatio:0.04        ; only a maximum of 4% of scattered bokeh]]
[2026.04.04-10.20.02:313][562]LogConfig: Setting CVar [[r.DOF.Recombine.Quality:0                ; no slight out of focus]]
[2026.04.04-10.20.02:313][562]LogConfig: Setting CVar [[r.DOF.TemporalAAQuality:0                ; faster temporal accumulation]]
[2026.04.04-10.20.02:313][562]LogConfig: Setting CVar [[r.DOF.Kernel.MaxForegroundRadius:0.012   ; required because of AccumulatorQuality=0]]
[2026.04.04-10.20.02:313][562]LogConfig: Setting CVar [[r.DOF.Kernel.MaxBackgroundRadius:0.012   ; required because of AccumulatorQuality=0]]
[2026.04.04-10.20.02:313][562]LogConfig: Applying CVar settings from Section [TextureQuality@2] File [C:/Users/User/Documents/Unreal Projects/Playtime_Multiplayer/Saved/Config/Windows/Scalability.ini]
[2026.04.04-10.20.02:313][562]LogConfig: Setting CVar [[r.Streaming.MipBias:0]]
[2026.04.04-10.20.02:313][562]LogConfig: Setting CVar [[r.Streaming.AmortizeCPUToGPUCopy:0]]
[2026.04.04-10.20.02:313][562]LogConfig: Setting CVar [[r.Streaming.MaxNumTexturesToStreamPerFrame:0]]
[2026.04.04-10.20.02:313][562]LogConfig: Setting CVar [[r.Streaming.Boost:1]]
[2026.04.04-10.20.02:313][562]LogConfig: Setting CVar [[r.MaxAnisotropy:4]]
[2026.04.04-10.20.02:313][562]LogConfig: Setting CVar [[r.VT.MaxAnisotropy:8]]
[2026.04.04-10.20.02:313][562]LogConfig: Setting CVar [[r.Streaming.LimitPoolSizeToVRAM:1]]
[2026.04.04-10.20.02:313][562]LogConfig: Setting CVar [[r.Streaming.PoolSize:800]]
[2026.04.04-10.20.02:313][562]LogConfig: Setting CVar [[r.Streaming.MaxEffectiveScreenSize:0]]
[2026.04.04-10.20.02:313][562]LogConfig: Applying CVar settings from Section [EffectsQuality@2] File [C:/Users/User/Documents/Unreal Projects/Playtime_Multiplayer/Saved/Config/Windows/Scalability.ini]
[2026.04.04-10.20.02:313][562]LogConfig: Setting CVar [[r.TranslucencyLightingVolumeDim:48]]
[2026.04.04-10.20.02:313][562]LogConfig: Setting CVar [[r.RefractionQuality:2]]
[2026.04.04-10.20.02:313][562]LogConfig: Setting CVar [[r.SSR.Quality:2]]
[2026.04.04-10.20.02:313][562]LogConfig: Setting CVar [[r.SSR.HalfResSceneColor:1]]
[2026.04.04-10.20.02:313][562]LogConfig: Setting CVar [[r.SceneColorFormat:3]]
[2026.04.04-10.20.02:313][562]LogConfig: Setting CVar [[r.DetailMode:1]]
[2026.04.04-10.20.02:313][562]LogConfig: Setting CVar [[r.TranslucencyVolumeBlur:1]]
[2026.04.04-10.20.02:313][562]LogConfig: Setting CVar [[r.MaterialQualityLevel:1 ; High quality]]
[2026.04.04-10.20.02:313][562]LogConfig: Setting CVar [[r.AnisotropicMaterials:1]]
[2026.04.04-10.20.02:313][562]LogConfig: Setting CVar [[r.SSS.Scale:1]]
[2026.04.04-10.20.02:313][562]LogConfig: Setting CVar [[r.SSS.SampleSet:1]]
[2026.04.04-10.20.02:313][562]LogConfig: Setting CVar [[r.SSS.Quality:-1]]
[2026.04.04-10.20.02:313][562]LogConfig: Setting CVar [[r.SSS.HalfRes:1]]
[2026.04.04-10.20.02:313][562]LogConfig: Setting CVar [[r.SSGI.Quality:2]]
[2026.04.04-10.20.02:313][562]LogConfig: Setting CVar [[r.EmitterSpawnRateScale:0.5]]
[2026.04.04-10.20.02:313][562]LogConfig: Setting CVar [[r.ParticleLightQuality:1]]
[2026.04.04-10.20.02:313][562]LogConfig: Setting CVar [[r.SkyAtmosphere.AerialPerspectiveLUT.FastApplyOnOpaque:1 ; Always have FastSkyLUT 1 in this case to avoid wrong sky]]
[2026.04.04-10.20.02:313][562]LogConfig: Setting CVar [[r.SkyAtmosphere.AerialPerspectiveLUT.SampleCountMaxPerSlice:2]]
[2026.04.04-10.20.02:313][562]LogConfig: Setting CVar [[r.SkyAtmosphere.AerialPerspectiveLUT.DepthResolution:16.0]]
[2026.04.04-10.20.02:313][562]LogConfig: Setting CVar [[r.SkyAtmosphere.FastSkyLUT:1]]
[2026.04.04-10.20.02:314][562]LogConfig: Setting CVar [[r.SkyAtmosphere.FastSkyLUT.SampleCountMin:4.0]]
[2026.04.04-10.20.02:314][562]LogConfig: Setting CVar [[r.SkyAtmosphere.FastSkyLUT.SampleCountMax:64.0]]
[2026.04.04-10.20.02:314][562]LogConfig: Setting CVar [[r.SkyAtmosphere.SampleCountMin:4.0]]
[2026.04.04-10.20.02:314][562]LogConfig: Setting CVar [[r.SkyAtmosphere.SampleCountMax:64.0]]
[2026.04.04-10.20.02:314][562]LogConfig: Setting CVar [[r.SkyAtmosphere.TransmittanceLUT.UseSmallFormat:0]]
[2026.04.04-10.20.02:314][562]LogConfig: Setting CVar [[r.SkyAtmosphere.TransmittanceLUT.SampleCount:10.0]]
[2026.04.04-10.20.02:314][562]LogConfig: Setting CVar [[r.SkyAtmosphere.MultiScatteringLUT.SampleCount:15.0]]
[2026.04.04-10.20.02:314][562]LogConfig: Setting CVar [[r.SkyLight.RealTimeReflectionCapture:1]]
[2026.04.04-10.20.02:314][562]LogConfig: Setting CVar [[fx.Niagara.QualityLevel:2]]
[2026.04.04-10.20.02:314][562]LogConfig: Applying CVar settings from Section [FoliageQuality@2] File [C:/Users/User/Documents/Unreal Projects/Playtime_Multiplayer/Saved/Config/Windows/Scalability.ini]
[2026.04.04-10.20.02:314][562]LogConfig: Setting CVar [[foliage.DensityScale:0.8]]
[2026.04.04-10.20.02:314][562]LogConfig: Setting CVar [[grass.DensityScale:0.8]]
[2026.04.04-10.20.02:314][562]LogConfig: Applying CVar settings from Section [ShadingQuality@2] File [C:/Users/User/Documents/Unreal Projects/Playtime_Multiplayer/Saved/Config/Windows/Scalability.ini]
[2026.04.04-10.20.02:314][562]LogConfig: Setting CVar [[r.HairStrands.SkyLighting.IntegrationType:2]]
[2026.04.04-10.20.02:314][562]LogConfig: Setting CVar [[r.HairStrands.SkyAO.SampleCount:4]]
[2026.04.04-10.20.02:314][562]LogConfig: Setting CVar [[r.HairStrands.Visibility.MSAA.SamplePerPixel:4]]
[2026.04.04-10.20.02:314][562]LogConfig: Applying CVar settings from Section [ViewDistanceQuality@2] File [C:/Users/User/Documents/Unreal Projects/Playtime_Multiplayer/Saved/Config/Windows/Scalability.ini]
[2026.04.04-10.20.02:314][562]LogConfig: Setting CVar [[r.SkeletalMeshLODBias:0]]
[2026.04.04-10.20.02:314][562]LogConfig: Setting CVar [[r.ViewDistanceScale:0.8]]
[2026.04.04-10.20.02:314][562]LogConfig: Applying CVar settings from Section [AntiAliasingQuality@2] File [C:/Users/User/Documents/Unreal Projects/Playtime_Multiplayer/Saved/Config/Windows/Scalability.ini]
[2026.04.04-10.20.02:314][562]LogConfig: Setting CVar [[r.PostProcessAAQuality:3]]
[2026.04.04-10.20.02:314][562]LogConfig: Applying CVar settings from Section [ShadowQuality@2] File [C:/Users/User/Documents/Unreal Projects/Playtime_Multiplayer/Saved/Config/Windows/Scalability.ini]
[2026.04.04-10.20.02:314][562]LogConfig: Setting CVar [[r.LightFunctionQuality:1]]
[2026.04.04-10.20.02:314][562]LogConfig: Setting CVar [[r.ShadowQuality:5]]
[2026.04.04-10.20.02:314][562]LogConfig: Setting CVar [[r.Shadow.CSM.MaxCascades:4]]
[2026.04.04-10.20.02:314][562]LogConfig: Setting CVar [[r.Shadow.MaxResolution:1024]]
[2026.04.04-10.20.02:314][562]LogConfig: Setting CVar [[r.Shadow.MaxCSMResolution:2048]]
[2026.04.04-10.20.02:314][562]LogConfig: Setting CVar [[r.Shadow.RadiusThreshold:0.04]]
[2026.04.04-10.20.02:315][562]LogConfig: Setting CVar [[r.Shadow.DistanceScale:0.85]]
[2026.04.04-10.20.02:315][562]LogConfig: Setting CVar [[r.Shadow.CSM.TransitionScale:0.8]]
[2026.04.04-10.20.02:315][562]LogConfig: Setting CVar [[r.Shadow.PreShadowResolutionFactor:0.5]]
[2026.04.04-10.20.02:315][562]LogConfig: Setting CVar [[r.DistanceFieldShadowing:1]]
[2026.04.04-10.20.02:315][562]LogConfig: Setting CVar [[r.DistanceFieldAO:1]]
[2026.04.04-10.20.02:315][562]LogConfig: Setting CVar [[r.AOQuality:1]]
[2026.04.04-10.20.02:315][562]LogConfig: Setting CVar [[r.VolumetricFog:1]]
[2026.04.04-10.20.02:315][562]LogConfig: Setting CVar [[r.VolumetricFog.GridPixelSize:16]]
[2026.04.04-10.20.02:315][562]LogConfig: Setting CVar [[r.VolumetricFog.GridSizeZ:64]]
[2026.04.04-10.20.02:315][562]LogConfig: Setting CVar [[r.VolumetricFog.HistoryMissSupersampleCount:4]]
[2026.04.04-10.20.02:315][562]LogConfig: Setting CVar [[r.LightMaxDrawDistanceScale:1]]
[2026.04.04-10.20.02:315][562]LogConfig: Setting CVar [[r.CapsuleShadows:1]]
[2026.04.04-10.20.02:315][562]LogConfig: Applying CVar settings from Section [PostProcessQuality@2] File [C:/Users/User/Documents/Unreal Projects/Playtime_Multiplayer/Saved/Config/Windows/Scalability.ini]
[2026.04.04-10.20.02:315][562]LogConfig: Setting CVar [[r.MotionBlurQuality:3]]
[2026.04.04-10.20.02:315][562]LogConfig: Setting CVar [[r.AmbientOcclusionMipLevelFactor:0.6]]
[2026.04.04-10.20.02:315][562]LogConfig: Setting CVar [[r.AmbientOcclusionMaxQuality:100]]
[2026.04.04-10.20.02:315][562]LogConfig: Setting CVar [[r.AmbientOcclusionLevels:-1]]
[2026.04.04-10.20.02:315][562]LogConfig: Setting CVar [[r.AmbientOcclusionRadiusScale:1.5]]
[2026.04.04-10.20.02:315][562]LogConfig: Setting CVar [[r.DepthOfFieldQuality:2]]
[2026.04.04-10.20.02:315][562]LogConfig: Setting CVar [[r.RenderTargetPoolMin:400]]
[2026.04.04-10.20.02:315][562]LogConfig: Setting CVar [[r.LensFlareQuality:2]]
[2026.04.04-10.20.02:315][562]LogConfig: Setting CVar [[r.SceneColorFringeQuality:1]]
[2026.04.04-10.20.02:315][562]LogConfig: Setting CVar [[r.EyeAdaptationQuality:2]]
[2026.04.04-10.20.02:315][562]LogConfig: Setting CVar [[r.BloomQuality:5]]
[2026.04.04-10.20.02:315][562]LogConfig: Setting CVar [[r.FastBlurThreshold:3]]
[2026.04.04-10.20.02:315][562]LogConfig: Setting CVar [[r.Upscale.Quality:2]]
[2026.04.04-10.20.02:315][562]LogConfig: Setting CVar [[r.Tonemapper.GrainQuantization:1]]
[2026.04.04-10.20.02:315][562]LogConfig: Setting CVar [[r.LightShaftQuality:1]]
[2026.04.04-10.20.02:315][562]LogConfig: Setting CVar [[r.Filter.SizeScale:0.8]]
[2026.04.04-10.20.02:315][562]LogConfig: Setting CVar [[r.Tonemapper.Quality:5]]
[2026.04.04-10.20.02:315][562]LogConfig: Setting CVar [[r.DOF.Gather.AccumulatorQuality:0        ; lower gathering accumulator quality]]
[2026.04.04-10.20.02:315][562]LogConfig: Setting CVar [[r.DOF.Gather.PostfilterMethod:2          ; Max3x3 postfilering method]]
[2026.04.04-10.20.02:315][562]LogConfig: Setting CVar [[r.DOF.Gather.EnableBokehSettings:0       ; no bokeh simulation when gathering]]
[2026.04.04-10.20.02:315][562]LogConfig: Setting CVar [[r.DOF.Gather.RingCount:4                 ; medium number of samples when gathering]]
[2026.04.04-10.20.02:315][562]LogConfig: Setting CVar [[r.DOF.Scatter.ForegroundCompositing:1    ; additive foreground scattering]]
[2026.04.04-10.20.02:315][562]LogConfig: Setting CVar [[r.DOF.Scatter.BackgroundCompositing:1    ; no background occlusion]]
[2026.04.04-10.20.02:315][562]LogConfig: Setting CVar [[r.DOF.Scatter.EnableBokehSettings:0      ; no bokeh simulation when scattering]]
[2026.04.04-10.20.02:315][562]LogConfig: Setting CVar [[r.DOF.Scatter.MaxSpriteRatio:0.04        ; only a maximum of 4% of scattered bokeh]]
[2026.04.04-10.20.02:315][562]LogConfig: Setting CVar [[r.DOF.Recombine.Quality:0                ; no slight out of focus]]
[2026.04.04-10.20.02:315][562]LogConfig: Setting CVar [[r.DOF.TemporalAAQuality:0                ; faster temporal accumulation]]
[2026.04.04-10.20.02:315][562]LogConfig: Setting CVar [[r.DOF.Kernel.MaxForegroundRadius:0.012   ; required because of AccumulatorQuality=0]]
[2026.04.04-10.20.02:315][562]LogConfig: Setting CVar [[r.DOF.Kernel.MaxBackgroundRadius:0.012   ; required because of AccumulatorQuality=0]]
[2026.04.04-10.20.02:315][562]LogConfig: Applying CVar settings from Section [TextureQuality@2] File [C:/Users/User/Documents/Unreal Projects/Playtime_Multiplayer/Saved/Config/Windows/Scalability.ini]
[2026.04.04-10.20.02:315][562]LogConfig: Setting CVar [[r.Streaming.MipBias:0]]
[2026.04.04-10.20.02:315][562]LogConfig: Setting CVar [[r.Streaming.AmortizeCPUToGPUCopy:0]]
[2026.04.04-10.20.02:315][562]LogConfig: Setting CVar [[r.Streaming.MaxNumTexturesToStreamPerFrame:0]]
[2026.04.04-10.20.02:316][562]LogConfig: Setting CVar [[r.Streaming.Boost:1]]
[2026.04.04-10.20.02:316][562]LogConfig: Setting CVar [[r.MaxAnisotropy:4]]
[2026.04.04-10.20.02:316][562]LogConfig: Setting CVar [[r.VT.MaxAnisotropy:8]]
[2026.04.04-10.20.02:316][562]LogConfig: Setting CVar [[r.Streaming.LimitPoolSizeToVRAM:1]]
[2026.04.04-10.20.02:316][562]LogConfig: Setting CVar [[r.Streaming.PoolSize:800]]
[2026.04.04-10.20.02:316][562]LogConfig: Setting CVar [[r.Streaming.MaxEffectiveScreenSize:0]]
[2026.04.04-10.20.02:316][562]LogConfig: Applying CVar settings from Section [EffectsQuality@2] File [C:/Users/User/Documents/Unreal Projects/Playtime_Multiplayer/Saved/Config/Windows/Scalability.ini]
[2026.04.04-10.20.02:316][562]LogConfig: Setting CVar [[r.TranslucencyLightingVolumeDim:48]]
[2026.04.04-10.20.02:316][562]LogConfig: Setting CVar [[r.RefractionQuality:2]]
[2026.04.04-10.20.02:316][562]LogConfig: Setting CVar [[r.SSR.Quality:2]]
[2026.04.04-10.20.02:316][562]LogConfig: Setting CVar [[r.SSR.HalfResSceneColor:1]]
[2026.04.04-10.20.02:316][562]LogConfig: Setting CVar [[r.SceneColorFormat:3]]
[2026.04.04-10.20.02:316][562]LogConfig: Setting CVar [[r.DetailMode:1]]
[2026.04.04-10.20.02:316][562]LogConfig: Setting CVar [[r.TranslucencyVolumeBlur:1]]
[2026.04.04-10.20.02:316][562]LogConfig: Setting CVar [[r.MaterialQualityLevel:1 ; High quality]]
[2026.04.04-10.20.02:316][562]LogConfig: Setting CVar [[r.AnisotropicMaterials:1]]
[2026.04.04-10.20.02:316][562]LogConfig: Setting CVar [[r.SSS.Scale:1]]
[2026.04.04-10.20.02:316][562]LogConfig: Setting CVar [[r.SSS.SampleSet:1]]
[2026.04.04-10.20.02:316][562]LogConfig: Setting CVar [[r.SSS.Quality:-1]]
[2026.04.04-10.20.02:317][562]LogConfig: Setting CVar [[r.SSS.HalfRes:1]]
[2026.04.04-10.20.02:317][562]LogConfig: Setting CVar [[r.SSGI.Quality:2]]
[2026.04.04-10.20.02:317][562]LogConfig: Setting CVar [[r.EmitterSpawnRateScale:0.5]]
[2026.04.04-10.20.02:317][562]LogConfig: Setting CVar [[r.ParticleLightQuality:1]]
[2026.04.04-10.20.02:317][562]LogConfig: Setting CVar [[r.SkyAtmosphere.AerialPerspectiveLUT.FastApplyOnOpaque:1 ; Always have FastSkyLUT 1 in this case to avoid wrong sky]]
[2026.04.04-10.20.02:317][562]LogConfig: Setting CVar [[r.SkyAtmosphere.AerialPerspectiveLUT.SampleCountMaxPerSlice:2]]
[2026.04.04-10.20.02:317][562]LogConfig: Setting CVar [[r.SkyAtmosphere.AerialPerspectiveLUT.DepthResolution:16.0]]
[2026.04.04-10.20.02:317][562]LogConfig: Setting CVar [[r.SkyAtmosphere.FastSkyLUT:1]]
[2026.04.04-10.20.02:317][562]LogConfig: Setting CVar [[r.SkyAtmosphere.FastSkyLUT.SampleCountMin:4.0]]
[2026.04.04-10.20.02:317][562]LogConfig: Setting CVar [[r.SkyAtmosphere.FastSkyLUT.SampleCountMax:64.0]]
[2026.04.04-10.20.02:317][562]LogConfig: Setting CVar [[r.SkyAtmosphere.SampleCountMin:4.0]]
[2026.04.04-10.20.02:317][562]LogConfig: Setting CVar [[r.SkyAtmosphere.SampleCountMax:64.0]]
[2026.04.04-10.20.02:317][562]LogConfig: Setting CVar [[r.SkyAtmosphere.TransmittanceLUT.UseSmallFormat:0]]
[2026.04.04-10.20.02:317][562]LogConfig: Setting CVar [[r.SkyAtmosphere.TransmittanceLUT.SampleCount:10.0]]
[2026.04.04-10.20.02:317][562]LogConfig: Setting CVar [[r.SkyAtmosphere.MultiScatteringLUT.SampleCount:15.0]]
[2026.04.04-10.20.02:317][562]LogConfig: Setting CVar [[r.SkyLight.RealTimeReflectionCapture:1]]
[2026.04.04-10.20.02:317][562]LogConfig: Setting CVar [[fx.Niagara.QualityLevel:2]]
[2026.04.04-10.20.02:317][562]LogConfig: Applying CVar settings from Section [FoliageQuality@2] File [C:/Users/User/Documents/Unreal Projects/Playtime_Multiplayer/Saved/Config/Windows/Scalability.ini]
[2026.04.04-10.20.02:317][562]LogConfig: Setting CVar [[foliage.DensityScale:0.8]]
[2026.04.04-10.20.02:317][562]LogConfig: Setting CVar [[grass.DensityScale:0.8]]
[2026.04.04-10.20.02:317][562]LogConfig: Applying CVar settings from Section [ShadingQuality@2] File [C:/Users/User/Documents/Unreal Projects/Playtime_Multiplayer/Saved/Config/Windows/Scalability.ini]
[2026.04.04-10.20.02:317][562]LogConfig: Setting CVar [[r.HairStrands.SkyLighting.IntegrationType:2]]
[2026.04.04-10.20.02:317][562]LogConfig: Setting CVar [[r.HairStrands.SkyAO.SampleCount:4]]
[2026.04.04-10.20.02:317][562]LogConfig: Setting CVar [[r.HairStrands.Visibility.MSAA.SamplePerPixel:4]]
[2026.04.04-10.20.02:350][563]LogConfig: Applying CVar settings from Section [ViewDistanceQuality@2] File [C:/Users/User/Documents/Unreal Projects/Playtime_Multiplayer/Saved/Config/Windows/Scalability.ini]
[2026.04.04-10.20.02:350][563]LogConfig: Setting CVar [[r.SkeletalMeshLODBias:0]]
[2026.04.04-10.20.02:350][563]LogConfig: Setting CVar [[r.ViewDistanceScale:0.8]]
[2026.04.04-10.20.02:350][563]LogConfig: Applying CVar settings from Section [AntiAliasingQuality@2] File [C:/Users/User/Documents/Unreal Projects/Playtime_Multiplayer/Saved/Config/Windows/Scalability.ini]
[2026.04.04-10.20.02:350][563]LogConfig: Setting CVar [[r.PostProcessAAQuality:3]]
[2026.04.04-10.20.02:350][563]LogConfig: Applying CVar settings from Section [ShadowQuality@2] File [C:/Users/User/Documents/Unreal Projects/Playtime_Multiplayer/Saved/Config/Windows/Scalability.ini]
[2026.04.04-10.20.02:350][563]LogConfig: Setting CVar [[r.LightFunctionQuality:1]]
[2026.04.04-10.20.02:350][563]LogConfig: Setting CVar [[r.ShadowQuality:5]]
[2026.04.04-10.20.02:350][563]LogConfig: Setting CVar [[r.Shadow.CSM.MaxCascades:4]]
[2026.04.04-10.20.02:350][563]LogConfig: Setting CVar [[r.Shadow.MaxResolution:1024]]
[2026.04.04-10.20.02:350][563]LogConfig: Setting CVar [[r.Shadow.MaxCSMResolution:2048]]
[2026.04.04-10.20.02:350][563]LogConfig: Setting CVar [[r.Shadow.RadiusThreshold:0.04]]
[2026.04.04-10.20.02:350][563]LogConfig: Setting CVar [[r.Shadow.DistanceScale:0.85]]
[2026.04.04-10.20.02:350][563]LogConfig: Setting CVar [[r.Shadow.CSM.TransitionScale:0.8]]
[2026.04.04-10.20.02:350][563]LogConfig: Setting CVar [[r.Shadow.PreShadowResolutionFactor:0.5]]
[2026.04.04-10.20.02:350][563]LogConfig: Setting CVar [[r.DistanceFieldShadowing:1]]
[2026.04.04-10.20.02:350][563]LogConfig: Setting CVar [[r.DistanceFieldAO:1]]
[2026.04.04-10.20.02:350][563]LogConfig: Setting CVar [[r.AOQuality:1]]
[2026.04.04-10.20.02:350][563]LogConfig: Setting CVar [[r.VolumetricFog:1]]
[2026.04.04-10.20.02:350][563]LogConfig: Setting CVar [[r.VolumetricFog.GridPixelSize:16]]
[2026.04.04-10.20.02:350][563]LogConfig: Setting CVar [[r.VolumetricFog.GridSizeZ:64]]
[2026.04.04-10.20.02:350][563]LogConfig: Setting CVar [[r.VolumetricFog.HistoryMissSupersampleCount:4]]
[2026.04.04-10.20.02:350][563]LogConfig: Setting CVar [[r.LightMaxDrawDistanceScale:1]]
[2026.04.04-10.20.02:350][563]LogConfig: Setting CVar [[r.CapsuleShadows:1]]
[2026.04.04-10.20.02:350][563]LogConfig: Applying CVar settings from Section [PostProcessQuality@2] File [C:/Users/User/Documents/Unreal Projects/Playtime_Multiplayer/Saved/Config/Windows/Scalability.ini]
[2026.04.04-10.20.02:350][563]LogConfig: Setting CVar [[r.MotionBlurQuality:3]]
[2026.04.04-10.20.02:350][563]LogConfig: Setting CVar [[r.AmbientOcclusionMipLevelFactor:0.6]]
[2026.04.04-10.20.02:350][563]LogConfig: Setting CVar [[r.AmbientOcclusionMaxQuality:100]]
[2026.04.04-10.20.02:350][563]LogConfig: Setting CVar [[r.AmbientOcclusionLevels:-1]]
[2026.04.04-10.20.02:350][563]LogConfig: Setting CVar [[r.AmbientOcclusionRadiusScale:1.5]]
[2026.04.04-10.20.02:350][563]LogConfig: Setting CVar [[r.DepthOfFieldQuality:2]]
[2026.04.04-10.20.02:350][563]LogConfig: Setting CVar [[r.RenderTargetPoolMin:400]]
[2026.04.04-10.20.02:350][563]LogConfig: Setting CVar [[r.LensFlareQuality:2]]
[2026.04.04-10.20.02:350][563]LogConfig: Setting CVar [[r.SceneColorFringeQuality:1]]
[2026.04.04-10.20.02:350][563]LogConfig: Setting CVar [[r.EyeAdaptationQuality:2]]
[2026.04.04-10.20.02:350][563]LogConfig: Setting CVar [[r.BloomQuality:5]]
[2026.04.04-10.20.02:350][563]LogConfig: Setting CVar [[r.FastBlurThreshold:3]]
[2026.04.04-10.20.02:350][563]LogConfig: Setting CVar [[r.Upscale.Quality:2]]
[2026.04.04-10.20.02:351][563]LogConfig: Setting CVar [[r.Tonemapper.GrainQuantization:1]]
[2026.04.04-10.20.02:351][563]LogConfig: Setting CVar [[r.LightShaftQuality:1]]
[2026.04.04-10.20.02:351][563]LogConfig: Setting CVar [[r.Filter.SizeScale:0.8]]
[2026.04.04-10.20.02:351][563]LogConfig: Setting CVar [[r.Tonemapper.Quality:5]]
[2026.04.04-10.20.02:351][563]LogConfig: Setting CVar [[r.DOF.Gather.AccumulatorQuality:0        ; lower gathering accumulator quality]]
[2026.04.04-10.20.02:351][563]LogConfig: Setting CVar [[r.DOF.Gather.PostfilterMethod:2          ; Max3x3 postfilering method]]
[2026.04.04-10.20.02:351][563]LogConfig: Setting CVar [[r.DOF.Gather.EnableBokehSettings:0       ; no bokeh simulation when gathering]]
[2026.04.04-10.20.02:351][563]LogConfig: Setting CVar [[r.DOF.Gather.RingCount:4                 ; medium number of samples when gathering]]
[2026.04.04-10.20.02:351][563]LogConfig: Setting CVar [[r.DOF.Scatter.ForegroundCompositing:1    ; additive foreground scattering]]
[2026.04.04-10.20.02:351][563]LogConfig: Setting CVar [[r.DOF.Scatter.BackgroundCompositing:1    ; no background occlusion]]
[2026.04.04-10.20.02:351][563]LogConfig: Setting CVar [[r.DOF.Scatter.EnableBokehSettings:0      ; no bokeh simulation when scattering]]
[2026.04.04-10.20.02:351][563]LogConfig: Setting CVar [[r.DOF.Scatter.MaxSpriteRatio:0.04        ; only a maximum of 4% of scattered bokeh]]
[2026.04.04-10.20.02:351][563]LogConfig: Setting CVar [[r.DOF.Recombine.Quality:0                ; no slight out of focus]]
[2026.04.04-10.20.02:351][563]LogConfig: Setting CVar [[r.DOF.TemporalAAQuality:0                ; faster temporal accumulation]]
[2026.04.04-10.20.02:351][563]LogConfig: Setting CVar [[r.DOF.Kernel.MaxForegroundRadius:0.012   ; required because of AccumulatorQuality=0]]
[2026.04.04-10.20.02:351][563]LogConfig: Setting CVar [[r.DOF.Kernel.MaxBackgroundRadius:0.012   ; required because of AccumulatorQuality=0]]
[2026.04.04-10.20.02:351][563]LogConfig: Applying CVar settings from Section [TextureQuality@2] File [C:/Users/User/Documents/Unreal Projects/Playtime_Multiplayer/Saved/Config/Windows/Scalability.ini]
[2026.04.04-10.20.02:351][563]LogConfig: Setting CVar [[r.Streaming.MipBias:0]]
[2026.04.04-10.20.02:351][563]LogConfig: Setting CVar [[r.Streaming.AmortizeCPUToGPUCopy:0]]
[2026.04.04-10.20.02:351][563]LogConfig: Setting CVar [[r.Streaming.MaxNumTexturesToStreamPerFrame:0]]
[2026.04.04-10.20.02:351][563]LogConfig: Setting CVar [[r.Streaming.Boost:1]]
[2026.04.04-10.20.02:351][563]LogConfig: Setting CVar [[r.MaxAnisotropy:4]]
[2026.04.04-10.20.02:351][563]LogConfig: Setting CVar [[r.VT.MaxAnisotropy:8]]
[2026.04.04-10.20.02:351][563]LogConfig: Setting CVar [[r.Streaming.LimitPoolSizeToVRAM:1]]
[2026.04.04-10.20.02:351][563]LogConfig: Setting CVar [[r.Streaming.PoolSize:800]]
[2026.04.04-10.20.02:351][563]LogConfig: Setting CVar [[r.Streaming.MaxEffectiveScreenSize:0]]
[2026.04.04-10.20.02:351][563]LogConfig: Applying CVar settings from Section [EffectsQuality@2] File [C:/Users/User/Documents/Unreal Projects/Playtime_Multiplayer/Saved/Config/Windows/Scalability.ini]
[2026.04.04-10.20.02:351][563]LogConfig: Setting CVar [[r.TranslucencyLightingVolumeDim:48]]
[2026.04.04-10.20.02:351][563]LogConfig: Setting CVar [[r.RefractionQuality:2]]
[2026.04.04-10.20.02:351][563]LogConfig: Setting CVar [[r.SSR.Quality:2]]
[2026.04.04-10.20.02:351][563]LogConfig: Setting CVar [[r.SSR.HalfResSceneColor:1]]
[2026.04.04-10.20.02:351][563]LogConfig: Setting CVar [[r.SceneColorFormat:3]]
[2026.04.04-10.20.02:351][563]LogConfig: Setting CVar [[r.DetailMode:1]]
[2026.04.04-10.20.02:351][563]LogConfig: Setting CVar [[r.TranslucencyVolumeBlur:1]]
[2026.04.04-10.20.02:351][563]LogConfig: Setting CVar [[r.MaterialQualityLevel:1 ; High quality]]
[2026.04.04-10.20.02:351][563]LogConfig: Setting CVar [[r.AnisotropicMaterials:1]]
[2026.04.04-10.20.02:351][563]LogConfig: Setting CVar [[r.SSS.Scale:1]]
[2026.04.04-10.20.02:351][563]LogConfig: Setting CVar [[r.SSS.SampleSet:1]]
[2026.04.04-10.20.02:351][563]LogConfig: Setting CVar [[r.SSS.Quality:-1]]
[2026.04.04-10.20.02:351][563]LogConfig: Setting CVar [[r.SSS.HalfRes:1]]
[2026.04.04-10.20.02:351][563]LogConfig: Setting CVar [[r.SSGI.Quality:2]]
[2026.04.04-10.20.02:352][563]LogConfig: Setting CVar [[r.EmitterSpawnRateScale:0.5]]
[2026.04.04-10.20.02:352][563]LogConfig: Setting CVar [[r.ParticleLightQuality:1]]
[2026.04.04-10.20.02:352][563]LogConfig: Setting CVar [[r.SkyAtmosphere.AerialPerspectiveLUT.FastApplyOnOpaque:1 ; Always have FastSkyLUT 1 in this case to avoid wrong sky]]
[2026.04.04-10.20.02:352][563]LogConfig: Setting CVar [[r.SkyAtmosphere.AerialPerspectiveLUT.SampleCountMaxPerSlice:2]]
[2026.04.04-10.20.02:352][563]LogConfig: Setting CVar [[r.SkyAtmosphere.AerialPerspectiveLUT.DepthResolution:16.0]]
[2026.04.04-10.20.02:352][563]LogConfig: Setting CVar [[r.SkyAtmosphere.FastSkyLUT:1]]
[2026.04.04-10.20.02:352][563]LogConfig: Setting CVar [[r.SkyAtmosphere.FastSkyLUT.SampleCountMin:4.0]]
[2026.04.04-10.20.02:352][563]LogConfig: Setting CVar [[r.SkyAtmosphere.FastSkyLUT.SampleCountMax:64.0]]
[2026.04.04-10.20.02:352][563]LogConfig: Setting CVar [[r.SkyAtmosphere.SampleCountMin:4.0]]
[2026.04.04-10.20.02:352][563]LogConfig: Setting CVar [[r.SkyAtmosphere.SampleCountMax:64.0]]
[2026.04.04-10.20.02:352][563]LogConfig: Setting CVar [[r.SkyAtmosphere.TransmittanceLUT.UseSmallFormat:0]]
[2026.04.04-10.20.02:352][563]LogConfig: Setting CVar [[r.SkyAtmosphere.TransmittanceLUT.SampleCount:10.0]]
[2026.04.04-10.20.02:352][563]LogConfig: Setting CVar [[r.SkyAtmosphere.MultiScatteringLUT.SampleCount:15.0]]
[2026.04.04-10.20.02:352][563]LogConfig: Setting CVar [[r.SkyLight.RealTimeReflectionCapture:1]]
[2026.04.04-10.20.02:352][563]LogConfig: Setting CVar [[fx.Niagara.QualityLevel:2]]
[2026.04.04-10.20.02:352][563]LogConfig: Applying CVar settings from Section [FoliageQuality@2] File [C:/Users/User/Documents/Unreal Projects/Playtime_Multiplayer/Saved/Config/Windows/Scalability.ini]
[2026.04.04-10.20.02:352][563]LogConfig: Setting CVar [[foliage.DensityScale:0.8]]
[2026.04.04-10.20.02:352][563]LogConfig: Setting CVar [[grass.DensityScale:0.8]]
[2026.04.04-10.20.02:352][563]LogConfig: Applying CVar settings from Section [ShadingQuality@2] File [C:/Users/User/Documents/Unreal Projects/Playtime_Multiplayer/Saved/Config/Windows/Scalability.ini]
[2026.04.04-10.20.02:352][563]LogConfig: Setting CVar [[r.HairStrands.SkyLighting.IntegrationType:2]]
[2026.04.04-10.20.02:352][563]LogConfig: Setting CVar [[r.HairStrands.SkyAO.SampleCount:4]]
[2026.04.04-10.20.02:352][563]LogConfig: Setting CVar [[r.HairStrands.Visibility.MSAA.SamplePerPixel:4]]
[2026.04.04-10.20.02:387][564]LogConfig: Applying CVar settings from Section [ViewDistanceQuality@2] File [C:/Users/User/Documents/Unreal Projects/Playtime_Multiplayer/Saved/Config/Windows/Scalability.ini]
[2026.04.04-10.20.02:387][564]LogConfig: Setting CVar [[r.SkeletalMeshLODBias:0]]
[2026.04.04-10.20.02:387][564]LogConfig: Setting CVar [[r.ViewDistanceScale:0.8]]
[2026.04.04-10.20.02:387][564]LogConfig: Applying CVar settings from Section [AntiAliasingQuality@2] File [C:/Users/User/Documents/Unreal Projects/Playtime_Multiplayer/Saved/Config/Windows/Scalability.ini]
[2026.04.04-10.20.02:387][564]LogConfig: Setting CVar [[r.PostProcessAAQuality:3]]
[2026.04.04-10.20.02:387][564]LogConfig: Applying CVar settings from Section [ShadowQuality@2] File [C:/Users/User/Documents/Unreal Projects/Playtime_Multiplayer/Saved/Config/Windows/Scalability.ini]
[2026.04.04-10.20.02:387][564]LogConfig: Setting CVar [[r.LightFunctionQuality:1]]
[2026.04.04-10.20.02:387][564]LogConfig: Setting CVar [[r.ShadowQuality:5]]
[2026.04.04-10.20.02:387][564]LogConfig: Setting CVar [[r.Shadow.CSM.MaxCascades:4]]
[2026.04.04-10.20.02:387][564]LogConfig: Setting CVar [[r.Shadow.MaxResolution:1024]]
[2026.04.04-10.20.02:387][564]LogConfig: Setting CVar [[r.Shadow.MaxCSMResolution:2048]]
[2026.04.04-10.20.02:387][564]LogConfig: Setting CVar [[r.Shadow.RadiusThreshold:0.04]]
[2026.04.04-10.20.02:387][564]LogConfig: Setting CVar [[r.Shadow.DistanceScale:0.85]]
[2026.04.04-10.20.02:387][564]LogConfig: Setting CVar [[r.Shadow.CSM.TransitionScale:0.8]]
[2026.04.04-10.20.02:387][564]LogConfig: Setting CVar [[r.Shadow.PreShadowResolutionFactor:0.5]]
[2026.04.04-10.20.02:387][564]LogConfig: Setting CVar [[r.DistanceFieldShadowing:1]]
[2026.04.04-10.20.02:387][564]LogConfig: Setting CVar [[r.DistanceFieldAO:1]]
[2026.04.04-10.20.02:387][564]LogConfig: Setting CVar [[r.AOQuality:1]]
[2026.04.04-10.20.02:387][564]LogConfig: Setting CVar [[r.VolumetricFog:1]]
[2026.04.04-10.20.02:387][564]LogConfig: Setting CVar [[r.VolumetricFog.GridPixelSize:16]]
[2026.04.04-10.20.02:387][564]LogConfig: Setting CVar [[r.VolumetricFog.GridSizeZ:64]]
[2026.04.04-10.20.02:387][564]LogConfig: Setting CVar [[r.VolumetricFog.HistoryMissSupersampleCount:4]]
[2026.04.04-10.20.02:387][564]LogConfig: Setting CVar [[r.LightMaxDrawDistanceScale:1]]
[2026.04.04-10.20.02:387][564]LogConfig: Setting CVar [[r.CapsuleShadows:1]]
[2026.04.04-10.20.02:387][564]LogConfig: Applying CVar settings from Section [PostProcessQuality@2] File [C:/Users/User/Documents/Unreal Projects/Playtime_Multiplayer/Saved/Config/Windows/Scalability.ini]
[2026.04.04-10.20.02:387][564]LogConfig: Setting CVar [[r.MotionBlurQuality:3]]
[2026.04.04-10.20.02:387][564]LogConfig: Setting CVar [[r.AmbientOcclusionMipLevelFactor:0.6]]
[2026.04.04-10.20.02:387][564]LogConfig: Setting CVar [[r.AmbientOcclusionMaxQuality:100]]
[2026.04.04-10.20.02:387][564]LogConfig: Setting CVar [[r.AmbientOcclusionLevels:-1]]
[2026.04.04-10.20.02:387][564]LogConfig: Setting CVar [[r.AmbientOcclusionRadiusScale:1.5]]
[2026.04.04-10.20.02:387][564]LogConfig: Setting CVar [[r.DepthOfFieldQuality:2]]
[2026.04.04-10.20.02:387][564]LogConfig: Setting CVar [[r.RenderTargetPoolMin:400]]
[2026.04.04-10.20.02:387][564]LogConfig: Setting CVar [[r.LensFlareQuality:2]]
[2026.04.04-10.20.02:387][564]LogConfig: Setting CVar [[r.SceneColorFringeQuality:1]]
[2026.04.04-10.20.02:387][564]LogConfig: Setting CVar [[r.EyeAdaptationQuality:2]]
[2026.04.04-10.20.02:387][564]LogConfig: Setting CVar [[r.BloomQuality:5]]
[2026.04.04-10.20.02:388][564]LogConfig: Setting CVar [[r.FastBlurThreshold:3]]
[2026.04.04-10.20.02:388][564]LogConfig: Setting CVar [[r.Upscale.Quality:2]]
[2026.04.04-10.20.02:388][564]LogConfig: Setting CVar [[r.Tonemapper.GrainQuantization:1]]
[2026.04.04-10.20.02:388][564]LogConfig: Setting CVar [[r.LightShaftQuality:1]]
[2026.04.04-10.20.02:388][564]LogConfig: Setting CVar [[r.Filter.SizeScale:0.8]]
[2026.04.04-10.20.02:388][564]LogConfig: Setting CVar [[r.Tonemapper.Quality:5]]
[2026.04.04-10.20.02:388][564]LogConfig: Setting CVar [[r.DOF.Gather.AccumulatorQuality:0        ; lower gathering accumulator quality]]
[2026.04.04-10.20.02:388][564]LogConfig: Setting CVar [[r.DOF.Gather.PostfilterMethod:2          ; Max3x3 postfilering method]]
[2026.04.04-10.20.02:388][564]LogConfig: Setting CVar [[r.DOF.Gather.EnableBokehSettings:0       ; no bokeh simulation when gathering]]
[2026.04.04-10.20.02:388][564]LogConfig: Setting CVar [[r.DOF.Gather.RingCount:4                 ; medium number of samples when gathering]]
[2026.04.04-10.20.02:388][564]LogConfig: Setting CVar [[r.DOF.Scatter.ForegroundCompositing:1    ; additive foreground scattering]]
[2026.04.04-10.20.02:388][564]LogConfig: Setting CVar [[r.DOF.Scatter.BackgroundCompositing:1    ; no background occlusion]]
[2026.04.04-10.20.02:388][564]LogConfig: Setting CVar [[r.DOF.Scatter.EnableBokehSettings:0      ; no bokeh simulation when scattering]]
[2026.04.04-10.20.02:388][564]LogConfig: Setting CVar [[r.DOF.Scatter.MaxSpriteRatio:0.04        ; only a maximum of 4% of scattered bokeh]]
[2026.04.04-10.20.02:388][564]LogConfig: Setting CVar [[r.DOF.Recombine.Quality:0                ; no slight out of focus]]
[2026.04.04-10.20.02:388][564]LogConfig: Setting CVar [[r.DOF.TemporalAAQuality:0                ; faster temporal accumulation]]
[2026.04.04-10.20.02:388][564]LogConfig: Setting CVar [[r.DOF.Kernel.MaxForegroundRadius:0.012   ; required because of AccumulatorQuality=0]]
[2026.04.04-10.20.02:388][564]LogConfig: Setting CVar [[r.DOF.Kernel.MaxBackgroundRadius:0.012   ; required because of AccumulatorQuality=0]]
[2026.04.04-10.20.02:388][564]LogConfig: Applying CVar settings from Section [TextureQuality@2] File [C:/Users/User/Documents/Unreal Projects/Playtime_Multiplayer/Saved/Config/Windows/Scalability.ini]
[2026.04.04-10.20.02:388][564]LogConfig: Setting CVar [[r.Streaming.MipBias:0]]
[2026.04.04-10.20.02:388][564]LogConfig: Setting CVar [[r.Streaming.AmortizeCPUToGPUCopy:0]]
[2026.04.04-10.20.02:388][564]LogConfig: Setting CVar [[r.Streaming.MaxNumTexturesToStreamPerFrame:0]]
[2026.04.04-10.20.02:388][564]LogConfig: Setting CVar [[r.Streaming.Boost:1]]
[2026.04.04-10.20.02:388][564]LogConfig: Setting CVar [[r.MaxAnisotropy:4]]
[2026.04.04-10.20.02:388][564]LogConfig: Setting CVar [[r.VT.MaxAnisotropy:8]]
[2026.04.04-10.20.02:388][564]LogConfig: Setting CVar [[r.Streaming.LimitPoolSizeToVRAM:1]]
[2026.04.04-10.20.02:388][564]LogConfig: Setting CVar [[r.Streaming.PoolSize:800]]
[2026.04.04-10.20.02:388][564]LogConfig: Setting CVar [[r.Streaming.MaxEffectiveScreenSize:0]]
[2026.04.04-10.20.02:388][564]LogConfig: Applying CVar settings from Section [EffectsQuality@2] File [C:/Users/User/Documents/Unreal Projects/Playtime_Multiplayer/Saved/Config/Windows/Scalability.ini]
[2026.04.04-10.20.02:388][564]LogConfig: Setting CVar [[r.TranslucencyLightingVolumeDim:48]]
[2026.04.04-10.20.02:388][564]LogConfig: Setting CVar [[r.RefractionQuality:2]]
[2026.04.04-10.20.02:388][564]LogConfig: Setting CVar [[r.SSR.Quality:2]]
[2026.04.04-10.20.02:388][564]LogConfig: Setting CVar [[r.SSR.HalfResSceneColor:1]]
[2026.04.04-10.20.02:388][564]LogConfig: Setting CVar [[r.SceneColorFormat:3]]
[2026.04.04-10.20.02:388][564]LogConfig: Setting CVar [[r.DetailMode:1]]
[2026.04.04-10.20.02:388][564]LogConfig: Setting CVar [[r.TranslucencyVolumeBlur:1]]
[2026.04.04-10.20.02:388][564]LogConfig: Setting CVar [[r.MaterialQualityLevel:1 ; High quality]]
[2026.04.04-10.20.02:388][564]LogConfig: Setting CVar [[r.AnisotropicMaterials:1]]
[2026.04.04-10.20.02:388][564]LogConfig: Setting CVar [[r.SSS.Scale:1]]
[2026.04.04-10.20.02:388][564]LogConfig: Setting CVar [[r.SSS.SampleSet:1]]
[2026.04.04-10.20.02:388][564]LogConfig: Setting CVar [[r.SSS.Quality:-1]]
[2026.04.04-10.20.02:388][564]LogConfig: Setting CVar [[r.SSS.HalfRes:1]]
[2026.04.04-10.20.02:388][564]LogConfig: Setting CVar [[r.SSGI.Quality:2]]
[2026.04.04-10.20.02:388][564]LogConfig: Setting CVar [[r.EmitterSpawnRateScale:0.5]]
[2026.04.04-10.20.02:388][564]LogConfig: Setting CVar [[r.ParticleLightQuality:1]]
[2026.04.04-10.20.02:389][564]LogConfig: Setting CVar [[r.SkyAtmosphere.AerialPerspectiveLUT.FastApplyOnOpaque:1 ; Always have FastSkyLUT 1 in this case to avoid wrong sky]]
[2026.04.04-10.20.02:389][564]LogConfig: Setting CVar [[r.SkyAtmosphere.AerialPerspectiveLUT.SampleCountMaxPerSlice:2]]
[2026.04.04-10.20.02:389][564]LogConfig: Setting CVar [[r.SkyAtmosphere.AerialPerspectiveLUT.DepthResolution:16.0]]
[2026.04.04-10.20.02:389][564]LogConfig: Setting CVar [[r.SkyAtmosphere.FastSkyLUT:1]]
[2026.04.04-10.20.02:389][564]LogConfig: Setting CVar [[r.SkyAtmosphere.FastSkyLUT.SampleCountMin:4.0]]
[2026.04.04-10.20.02:389][564]LogConfig: Setting CVar [[r.SkyAtmosphere.FastSkyLUT.SampleCountMax:64.0]]
[2026.04.04-10.20.02:389][564]LogConfig: Setting CVar [[r.SkyAtmosphere.SampleCountMin:4.0]]
[2026.04.04-10.20.02:389][564]LogConfig: Setting CVar [[r.SkyAtmosphere.SampleCountMax:64.0]]
[2026.04.04-10.20.02:389][564]LogConfig: Setting CVar [[r.SkyAtmosphere.TransmittanceLUT.UseSmallFormat:0]]
[2026.04.04-10.20.02:389][564]LogConfig: Setting CVar [[r.SkyAtmosphere.TransmittanceLUT.SampleCount:10.0]]
[2026.04.04-10.20.02:389][564]LogConfig: Setting CVar [[r.SkyAtmosphere.MultiScatteringLUT.SampleCount:15.0]]
[2026.04.04-10.20.02:389][564]LogConfig: Setting CVar [[r.SkyLight.RealTimeReflectionCapture:1]]
[2026.04.04-10.20.02:389][564]LogConfig: Setting CVar [[fx.Niagara.QualityLevel:2]]
[2026.04.04-10.20.02:389][564]LogConfig: Applying CVar settings from Section [FoliageQuality@2] File [C:/Users/User/Documents/Unreal Projects/Playtime_Multiplayer/Saved/Config/Windows/Scalability.ini]
[2026.04.04-10.20.02:389][564]LogConfig: Setting CVar [[foliage.DensityScale:0.8]]
[2026.04.04-10.20.02:389][564]LogConfig: Setting CVar [[grass.DensityScale:0.8]]
[2026.04.04-10.20.02:389][564]LogConfig: Applying CVar settings from Section [ShadingQuality@2] File [C:/Users/User/Documents/Unreal Projects/Playtime_Multiplayer/Saved/Config/Windows/Scalability.ini]
[2026.04.04-10.20.02:389][564]LogConfig: Setting CVar [[r.HairStrands.SkyLighting.IntegrationType:2]]
[2026.04.04-10.20.02:389][564]LogConfig: Setting CVar [[r.HairStrands.SkyAO.SampleCount:4]]
[2026.04.04-10.20.02:389][564]LogConfig: Setting CVar [[r.HairStrands.Visibility.MSAA.SamplePerPixel:4]]
[2026.04.04-10.20.02:424][565]LogConfig: Applying CVar settings from Section [ViewDistanceQuality@2] File [C:/Users/User/Documents/Unreal Projects/Playtime_Multiplayer/Saved/Config/Windows/Scalability.ini]
[2026.04.04-10.20.02:424][565]LogConfig: Setting CVar [[r.SkeletalMeshLODBias:0]]
[2026.04.04-10.20.02:424][565]LogConfig: Setting CVar [[r.ViewDistanceScale:0.8]]
[2026.04.04-10.20.02:424][565]LogConfig: Applying CVar settings from Section [AntiAliasingQuality@2] File [C:/Users/User/Documents/Unreal Projects/Playtime_Multiplayer/Saved/Config/Windows/Scalability.ini]
[2026.04.04-10.20.02:424][565]LogConfig: Setting CVar [[r.PostProcessAAQuality:3]]
[2026.04.04-10.20.02:424][565]LogConfig: Applying CVar settings from Section [ShadowQuality@2] File [C:/Users/User/Documents/Unreal Projects/Playtime_Multiplayer/Saved/Config/Windows/Scalability.ini]
[2026.04.04-10.20.02:424][565]LogConfig: Setting CVar [[r.LightFunctionQuality:1]]
[2026.04.04-10.20.02:424][565]LogConfig: Setting CVar [[r.ShadowQuality:5]]
[2026.04.04-10.20.02:424][565]LogConfig: Setting CVar [[r.Shadow.CSM.MaxCascades:4]]
[2026.04.04-10.20.02:424][565]LogConfig: Setting CVar [[r.Shadow.MaxResolution:1024]]
[2026.04.04-10.20.02:424][565]LogConfig: Setting CVar [[r.Shadow.MaxCSMResolution:2048]]
[2026.04.04-10.20.02:424][565]LogConfig: Setting CVar [[r.Shadow.RadiusThreshold:0.04]]
[2026.04.04-10.20.02:424][565]LogConfig: Setting CVar [[r.Shadow.DistanceScale:0.85]]
[2026.04.04-10.20.02:424][565]LogConfig: Setting CVar [[r.Shadow.CSM.TransitionScale:0.8]]
[2026.04.04-10.20.02:424][565]LogConfig: Setting CVar [[r.Shadow.PreShadowResolutionFactor:0.5]]
[2026.04.04-10.20.02:424][565]LogConfig: Setting CVar [[r.DistanceFieldShadowing:1]]
[2026.04.04-10.20.02:424][565]LogConfig: Setting CVar [[r.DistanceFieldAO:1]]
[2026.04.04-10.20.02:424][565]LogConfig: Setting CVar [[r.AOQuality:1]]
[2026.04.04-10.20.02:424][565]LogConfig: Setting CVar [[r.VolumetricFog:1]]
[2026.04.04-10.20.02:424][565]LogConfig: Setting CVar [[r.VolumetricFog.GridPixelSize:16]]
[2026.04.04-10.20.02:424][565]LogConfig: Setting CVar [[r.VolumetricFog.GridSizeZ:64]]
[2026.04.04-10.20.02:424][565]LogConfig: Setting CVar [[r.VolumetricFog.HistoryMissSupersampleCount:4]]
[2026.04.04-10.20.02:424][565]LogConfig: Setting CVar [[r.LightMaxDrawDistanceScale:1]]
[2026.04.04-10.20.02:425][565]LogConfig: Setting CVar [[r.CapsuleShadows:1]]
[2026.04.04-10.20.02:425][565]LogConfig: Applying CVar settings from Section [PostProcessQuality@2] File [C:/Users/User/Documents/Unreal Projects/Playtime_Multiplayer/Saved/Config/Windows/Scalability.ini]
[2026.04.04-10.20.02:425][565]LogConfig: Setting CVar [[r.MotionBlurQuality:3]]
[2026.04.04-10.20.02:425][565]LogConfig: Setting CVar [[r.AmbientOcclusionMipLevelFactor:0.6]]
[2026.04.04-10.20.02:425][565]LogConfig: Setting CVar [[r.AmbientOcclusionMaxQuality:100]]
[2026.04.04-10.20.02:425][565]LogConfig: Setting CVar [[r.AmbientOcclusionLevels:-1]]
[2026.04.04-10.20.02:425][565]LogConfig: Setting CVar [[r.AmbientOcclusionRadiusScale:1.5]]
[2026.04.04-10.20.02:425][565]LogConfig: Setting CVar [[r.DepthOfFieldQuality:2]]
[2026.04.04-10.20.02:425][565]LogConfig: Setting CVar [[r.RenderTargetPoolMin:400]]
[2026.04.04-10.20.02:425][565]LogConfig: Setting CVar [[r.LensFlareQuality:2]]
[2026.04.04-10.20.02:425][565]LogConfig: Setting CVar [[r.SceneColorFringeQuality:1]]
[2026.04.04-10.20.02:425][565]LogConfig: Setting CVar [[r.EyeAdaptationQuality:2]]
[2026.04.04-10.20.02:425][565]LogConfig: Setting CVar [[r.BloomQuality:5]]
[2026.04.04-10.20.02:425][565]LogConfig: Setting CVar [[r.FastBlurThreshold:3]]
[2026.04.04-10.20.02:425][565]LogConfig: Setting CVar [[r.Upscale.Quality:2]]
[2026.04.04-10.20.02:425][565]LogConfig: Setting CVar [[r.Tonemapper.GrainQuantization:1]]
[2026.04.04-10.20.02:425][565]LogConfig: Setting CVar [[r.LightShaftQuality:1]]
[2026.04.04-10.20.02:425][565]LogConfig: Setting CVar [[r.Filter.SizeScale:0.8]]
[2026.04.04-10.20.02:425][565]LogConfig: Setting CVar [[r.Tonemapper.Quality:5]]
[2026.04.04-10.20.02:425][565]LogConfig: Setting CVar [[r.DOF.Gather.AccumulatorQuality:0        ; lower gathering accumulator quality]]
[2026.04.04-10.20.02:425][565]LogConfig: Setting CVar [[r.DOF.Gather.PostfilterMethod:2          ; Max3x3 postfilering method]]
[2026.04.04-10.20.02:425][565]LogConfig: Setting CVar [[r.DOF.Gather.EnableBokehSettings:0       ; no bokeh simulation when gathering]]
[2026.04.04-10.20.02:425][565]LogConfig: Setting CVar [[r.DOF.Gather.RingCount:4                 ; medium number of samples when gathering]]
[2026.04.04-10.20.02:425][565]LogConfig: Setting CVar [[r.DOF.Scatter.ForegroundCompositing:1    ; additive foreground scattering]]
[2026.04.04-10.20.02:425][565]LogConfig: Setting CVar [[r.DOF.Scatter.BackgroundCompositing:1    ; no background occlusion]]
[2026.04.04-10.20.02:425][565]LogConfig: Setting CVar [[r.DOF.Scatter.EnableBokehSettings:0      ; no bokeh simulation when scattering]]
[2026.04.04-10.20.02:425][565]LogConfig: Setting CVar [[r.DOF.Scatter.MaxSpriteRatio:0.04        ; only a maximum of 4% of scattered bokeh]]
[2026.04.04-10.20.02:425][565]LogConfig: Setting CVar [[r.DOF.Recombine.Quality:0                ; no slight out of focus]]
[2026.04.04-10.20.02:425][565]LogConfig: Setting CVar [[r.DOF.TemporalAAQuality:0                ; faster temporal accumulation]]
[2026.04.04-10.20.02:425][565]LogConfig: Setting CVar [[r.DOF.Kernel.MaxForegroundRadius:0.012   ; required because of AccumulatorQuality=0]]
[2026.04.04-10.20.02:425][565]LogConfig: Setting CVar [[r.DOF.Kernel.MaxBackgroundRadius:0.012   ; required because of AccumulatorQuality=0]]
[2026.04.04-10.20.02:425][565]LogConfig: Applying CVar settings from Section [TextureQuality@2] File [C:/Users/User/Documents/Unreal Projects/Playtime_Multiplayer/Saved/Config/Windows/Scalability.ini]
[2026.04.04-10.20.02:425][565]LogConfig: Setting CVar [[r.Streaming.MipBias:0]]
[2026.04.04-10.20.02:425][565]LogConfig: Setting CVar [[r.Streaming.AmortizeCPUToGPUCopy:0]]
[2026.04.04-10.20.02:425][565]LogConfig: Setting CVar [[r.Streaming.MaxNumTexturesToStreamPerFrame:0]]
[2026.04.04-10.20.02:425][565]LogConfig: Setting CVar [[r.Streaming.Boost:1]]
[2026.04.04-10.20.02:425][565]LogConfig: Setting CVar [[r.MaxAnisotropy:4]]
[2026.04.04-10.20.02:425][565]LogConfig: Setting CVar [[r.VT.MaxAnisotropy:8]]
[2026.04.04-10.20.02:425][565]LogConfig: Setting CVar [[r.Streaming.LimitPoolSizeToVRAM:1]]
[2026.04.04-10.20.02:425][565]LogConfig: Setting CVar [[r.Streaming.PoolSize:800]]
[2026.04.04-10.20.02:425][565]LogConfig: Setting CVar [[r.Streaming.MaxEffectiveScreenSize:0]]
[2026.04.04-10.20.02:425][565]LogConfig: Applying CVar settings from Section [EffectsQuality@2] File [C:/Users/User/Documents/Unreal Projects/Playtime_Multiplayer/Saved/Config/Windows/Scalability.ini]
[2026.04.04-10.20.02:425][565]LogConfig: Setting CVar [[r.TranslucencyLightingVolumeDim:48]]
[2026.04.04-10.20.02:425][565]LogConfig: Setting CVar [[r.RefractionQuality:2]]
[2026.04.04-10.20.02:425][565]LogConfig: Setting CVar [[r.SSR.Quality:2]]
[2026.04.04-10.20.02:425][565]LogConfig: Setting CVar [[r.SSR.HalfResSceneColor:1]]
[2026.04.04-10.20.02:425][565]LogConfig: Setting CVar [[r.SceneColorFormat:3]]
[2026.04.04-10.20.02:425][565]LogConfig: Setting CVar [[r.DetailMode:1]]
[2026.04.04-10.20.02:425][565]LogConfig: Setting CVar [[r.TranslucencyVolumeBlur:1]]
[2026.04.04-10.20.02:426][565]LogConfig: Setting CVar [[r.MaterialQualityLevel:1 ; High quality]]
[2026.04.04-10.20.02:426][565]LogConfig: Setting CVar [[r.AnisotropicMaterials:1]]
[2026.04.04-10.20.02:426][565]LogConfig: Setting CVar [[r.SSS.Scale:1]]
[2026.04.04-10.20.02:426][565]LogConfig: Setting CVar [[r.SSS.SampleSet:1]]
[2026.04.04-10.20.02:426][565]LogConfig: Setting CVar [[r.SSS.Quality:-1]]
[2026.04.04-10.20.02:426][565]LogConfig: Setting CVar [[r.SSS.HalfRes:1]]
[2026.04.04-10.20.02:426][565]LogConfig: Setting CVar [[r.SSGI.Quality:2]]
[2026.04.04-10.20.02:426][565]LogConfig: Setting CVar [[r.EmitterSpawnRateScale:0.5]]
[2026.04.04-10.20.02:426][565]LogConfig: Setting CVar [[r.ParticleLightQuality:1]]
[2026.04.04-10.20.02:426][565]LogConfig: Setting CVar [[r.SkyAtmosphere.AerialPerspectiveLUT.FastApplyOnOpaque:1 ; Always have FastSkyLUT 1 in this case to avoid wrong sky]]
[2026.04.04-10.20.02:426][565]LogConfig: Setting CVar [[r.SkyAtmosphere.AerialPerspectiveLUT.SampleCountMaxPerSlice:2]]
[2026.04.04-10.20.02:426][565]LogConfig: Setting CVar [[r.SkyAtmosphere.AerialPerspectiveLUT.DepthResolution:16.0]]
[2026.04.04-10.20.02:426][565]LogConfig: Setting CVar [[r.SkyAtmosphere.FastSkyLUT:1]]
[2026.04.04-10.20.02:426][565]LogConfig: Setting CVar [[r.SkyAtmosphere.FastSkyLUT.SampleCountMin:4.0]]
[2026.04.04-10.20.02:426][565]LogConfig: Setting CVar [[r.SkyAtmosphere.FastSkyLUT.SampleCountMax:64.0]]
[2026.04.04-10.20.02:426][565]LogConfig: Setting CVar [[r.SkyAtmosphere.SampleCountMin:4.0]]
[2026.04.04-10.20.02:426][565]LogConfig: Setting CVar [[r.SkyAtmosphere.SampleCountMax:64.0]]
[2026.04.04-10.20.02:426][565]LogConfig: Setting CVar [[r.SkyAtmosphere.TransmittanceLUT.UseSmallFormat:0]]
[2026.04.04-10.20.02:426][565]LogConfig: Setting CVar [[r.SkyAtmosphere.TransmittanceLUT.SampleCount:10.0]]
[2026.04.04-10.20.02:426][565]LogConfig: Setting CVar [[r.SkyAtmosphere.MultiScatteringLUT.SampleCount:15.0]]
[2026.04.04-10.20.02:426][565]LogConfig: Setting CVar [[r.SkyLight.RealTimeReflectionCapture:1]]
[2026.04.04-10.20.02:426][565]LogConfig: Setting CVar [[fx.Niagara.QualityLevel:2]]
[2026.04.04-10.20.02:426][565]LogConfig: Applying CVar settings from Section [FoliageQuality@2] File [C:/Users/User/Documents/Unreal Projects/Playtime_Multiplayer/Saved/Config/Windows/Scalability.ini]
[2026.04.04-10.20.02:426][565]LogConfig: Setting CVar [[foliage.DensityScale:0.8]]
[2026.04.04-10.20.02:426][565]LogConfig: Setting CVar [[grass.DensityScale:0.8]]
[2026.04.04-10.20.02:426][565]LogConfig: Applying CVar settings from Section [ShadingQuality@2] File [C:/Users/User/Documents/Unreal Projects/Playtime_Multiplayer/Saved/Config/Windows/Scalability.ini]
[2026.04.04-10.20.02:426][565]LogConfig: Setting CVar [[r.HairStrands.SkyLighting.IntegrationType:2]]
[2026.04.04-10.20.02:426][565]LogConfig: Setting CVar [[r.HairStrands.SkyAO.SampleCount:4]]
[2026.04.04-10.20.02:426][565]LogConfig: Setting CVar [[r.HairStrands.Visibility.MSAA.SamplePerPixel:4]]
[2026.04.04-10.20.02:426][565]LogConfig: Applying CVar settings from Section [ViewDistanceQuality@2] File [C:/Users/User/Documents/Unreal Projects/Playtime_Multiplayer/Saved/Config/Windows/Scalability.ini]
[2026.04.04-10.20.02:427][565]LogConfig: Setting CVar [[r.SkeletalMeshLODBias:0]]
[2026.04.04-10.20.02:427][565]LogConfig: Setting CVar [[r.ViewDistanceScale:0.8]]
[2026.04.04-10.20.02:427][565]LogConfig: Applying CVar settings from Section [AntiAliasingQuality@2] File [C:/Users/User/Documents/Unreal Projects/Playtime_Multiplayer/Saved/Config/Windows/Scalability.ini]
[2026.04.04-10.20.02:427][565]LogConfig: Setting CVar [[r.PostProcessAAQuality:3]]
[2026.04.04-10.20.02:427][565]LogConfig: Applying CVar settings from Section [ShadowQuality@2] File [C:/Users/User/Documents/Unreal Projects/Playtime_Multiplayer/Saved/Config/Windows/Scalability.ini]
[2026.04.04-10.20.02:427][565]LogConfig: Setting CVar [[r.LightFunctionQuality:1]]
[2026.04.04-10.20.02:427][565]LogConfig: Setting CVar [[r.ShadowQuality:5]]
[2026.04.04-10.20.02:427][565]LogConfig: Setting CVar [[r.Shadow.CSM.MaxCascades:4]]
[2026.04.04-10.20.02:427][565]LogConfig: Setting CVar [[r.Shadow.MaxResolution:1024]]
[2026.04.04-10.20.02:427][565]LogConfig: Setting CVar [[r.Shadow.MaxCSMResolution:2048]]
[2026.04.04-10.20.02:427][565]LogConfig: Setting CVar [[r.Shadow.RadiusThreshold:0.04]]
[2026.04.04-10.20.02:427][565]LogConfig: Setting CVar [[r.Shadow.DistanceScale:0.85]]
[2026.04.04-10.20.02:427][565]LogConfig: Setting CVar [[r.Shadow.CSM.TransitionScale:0.8]]
[2026.04.04-10.20.02:427][565]LogConfig: Setting CVar [[r.Shadow.PreShadowResolutionFactor:0.5]]
[2026.04.04-10.20.02:427][565]LogConfig: Setting CVar [[r.DistanceFieldShadowing:1]]
[2026.04.04-10.20.02:427][565]LogConfig: Setting CVar [[r.DistanceFieldAO:1]]
[2026.04.04-10.20.02:427][565]LogConfig: Setting CVar [[r.AOQuality:1]]
[2026.04.04-10.20.02:427][565]LogConfig: Setting CVar [[r.VolumetricFog:1]]
[2026.04.04-10.20.02:427][565]LogConfig: Setting CVar [[r.VolumetricFog.GridPixelSize:16]]
[2026.04.04-10.20.02:427][565]LogConfig: Setting CVar [[r.VolumetricFog.GridSizeZ:64]]
[2026.04.04-10.20.02:427][565]LogConfig: Setting CVar [[r.VolumetricFog.HistoryMissSupersampleCount:4]]
[2026.04.04-10.20.02:427][565]LogConfig: Setting CVar [[r.LightMaxDrawDistanceScale:1]]
[2026.04.04-10.20.02:427][565]LogConfig: Setting CVar [[r.CapsuleShadows:1]]
[2026.04.04-10.20.02:427][565]LogConfig: Applying CVar settings from Section [PostProcessQuality@2] File [C:/Users/User/Documents/Unreal Projects/Playtime_Multiplayer/Saved/Config/Windows/Scalability.ini]
[2026.04.04-10.20.02:427][565]LogConfig: Setting CVar [[r.MotionBlurQuality:3]]
[2026.04.04-10.20.02:427][565]LogConfig: Setting CVar [[r.AmbientOcclusionMipLevelFactor:0.6]]
[2026.04.04-10.20.02:427][565]LogConfig: Setting CVar [[r.AmbientOcclusionMaxQuality:100]]
[2026.04.04-10.20.02:427][565]LogConfig: Setting CVar [[r.AmbientOcclusionLevels:-1]]
[2026.04.04-10.20.02:427][565]LogConfig: Setting CVar [[r.AmbientOcclusionRadiusScale:1.5]]
[2026.04.04-10.20.02:427][565]LogConfig: Setting CVar [[r.DepthOfFieldQuality:2]]
[2026.04.04-10.20.02:427][565]LogConfig: Setting CVar [[r.RenderTargetPoolMin:400]]
[2026.04.04-10.20.02:427][565]LogConfig: Setting CVar [[r.LensFlareQuality:2]]
[2026.04.04-10.20.02:427][565]LogConfig: Setting CVar [[r.SceneColorFringeQuality:1]]
[2026.04.04-10.20.02:427][565]LogConfig: Setting CVar [[r.EyeAdaptationQuality:2]]
[2026.04.04-10.20.02:427][565]LogConfig: Setting CVar [[r.BloomQuality:5]]
[2026.04.04-10.20.02:427][565]LogConfig: Setting CVar [[r.FastBlurThreshold:3]]
[2026.04.04-10.20.02:427][565]LogConfig: Setting CVar [[r.Upscale.Quality:2]]
[2026.04.04-10.20.02:427][565]LogConfig: Setting CVar [[r.Tonemapper.GrainQuantization:1]]
[2026.04.04-10.20.02:427][565]LogConfig: Setting CVar [[r.LightShaftQuality:1]]
[2026.04.04-10.20.02:427][565]LogConfig: Setting CVar [[r.Filter.SizeScale:0.8]]
[2026.04.04-10.20.02:427][565]LogConfig: Setting CVar [[r.Tonemapper.Quality:5]]
[2026.04.04-10.20.02:427][565]LogConfig: Setting CVar [[r.DOF.Gather.AccumulatorQuality:0        ; lower gathering accumulator quality]]
[2026.04.04-10.20.02:427][565]LogConfig: Setting CVar [[r.DOF.Gather.PostfilterMethod:2          ; Max3x3 postfilering method]]
[2026.04.04-10.20.02:427][565]LogConfig: Setting CVar [[r.DOF.Gather.EnableBokehSettings:0       ; no bokeh simulation when gathering]]
[2026.04.04-10.20.02:427][565]LogConfig: Setting CVar [[r.DOF.Gather.RingCount:4                 ; medium number of samples when gathering]]
[2026.04.04-10.20.02:427][565]LogConfig: Setting CVar [[r.DOF.Scatter.ForegroundCompositing:1    ; additive foreground scattering]]
[2026.04.04-10.20.02:427][565]LogConfig: Setting CVar [[r.DOF.Scatter.BackgroundCompositing:1    ; no background occlusion]]
[2026.04.04-10.20.02:427][565]LogConfig: Setting CVar [[r.DOF.Scatter.EnableBokehSettings:0      ; no bokeh simulation when scattering]]
[2026.04.04-10.20.02:427][565]LogConfig: Setting CVar [[r.DOF.Scatter.MaxSpriteRatio:0.04        ; only a maximum of 4% of scattered bokeh]]
[2026.04.04-10.20.02:428][565]LogConfig: Setting CVar [[r.DOF.Recombine.Quality:0                ; no slight out of focus]]
[2026.04.04-10.20.02:428][565]LogConfig: Setting CVar [[r.DOF.TemporalAAQuality:0                ; faster temporal accumulation]]
[2026.04.04-10.20.02:428][565]LogConfig: Setting CVar [[r.DOF.Kernel.MaxForegroundRadius:0.012   ; required because of AccumulatorQuality=0]]
[2026.04.04-10.20.02:428][565]LogConfig: Setting CVar [[r.DOF.Kernel.MaxBackgroundRadius:0.012   ; required because of AccumulatorQuality=0]]
[2026.04.04-10.20.02:428][565]LogConfig: Applying CVar settings from Section [TextureQuality@2] File [C:/Users/User/Documents/Unreal Projects/Playtime_Multiplayer/Saved/Config/Windows/Scalability.ini]
[2026.04.04-10.20.02:428][565]LogConfig: Setting CVar [[r.Streaming.MipBias:0]]
[2026.04.04-10.20.02:428][565]LogConfig: Setting CVar [[r.Streaming.AmortizeCPUToGPUCopy:0]]
[2026.04.04-10.20.02:428][565]LogConfig: Setting CVar [[r.Streaming.MaxNumTexturesToStreamPerFrame:0]]
[2026.04.04-10.20.02:428][565]LogConfig: Setting CVar [[r.Streaming.Boost:1]]
[2026.04.04-10.20.02:428][565]LogConfig: Setting CVar [[r.MaxAnisotropy:4]]
[2026.04.04-10.20.02:428][565]LogConfig: Setting CVar [[r.VT.MaxAnisotropy:8]]
[2026.04.04-10.20.02:428][565]LogConfig: Setting CVar [[r.Streaming.LimitPoolSizeToVRAM:1]]
[2026.04.04-10.20.02:428][565]LogConfig: Setting CVar [[r.Streaming.PoolSize:800]]
[2026.04.04-10.20.02:428][565]LogConfig: Setting CVar [[r.Streaming.MaxEffectiveScreenSize:0]]
[2026.04.04-10.20.02:428][565]LogConfig: Applying CVar settings from Section [EffectsQuality@2] File [C:/Users/User/Documents/Unreal Projects/Playtime_Multiplayer/Saved/Config/Windows/Scalability.ini]
[2026.04.04-10.20.02:428][565]LogConfig: Setting CVar [[r.TranslucencyLightingVolumeDim:48]]
[2026.04.04-10.20.02:428][565]LogConfig: Setting CVar [[r.RefractionQuality:2]]
[2026.04.04-10.20.02:428][565]LogConfig: Setting CVar [[r.SSR.Quality:2]]
[2026.04.04-10.20.02:428][565]LogConfig: Setting CVar [[r.SSR.HalfResSceneColor:1]]
[2026.04.04-10.20.02:428][565]LogConfig: Setting CVar [[r.SceneColorFormat:3]]
[2026.04.04-10.20.02:428][565]LogConfig: Setting CVar [[r.DetailMode:1]]
[2026.04.04-10.20.02:428][565]LogConfig: Setting CVar [[r.TranslucencyVolumeBlur:1]]
[2026.04.04-10.20.02:428][565]LogConfig: Setting CVar [[r.MaterialQualityLevel:1 ; High quality]]
[2026.04.04-10.20.02:428][565]LogConfig: Setting CVar [[r.AnisotropicMaterials:1]]
[2026.04.04-10.20.02:428][565]LogConfig: Setting CVar [[r.SSS.Scale:1]]
[2026.04.04-10.20.02:428][565]LogConfig: Setting CVar [[r.SSS.SampleSet:1]]
[2026.04.04-10.20.02:428][565]LogConfig: Setting CVar [[r.SSS.Quality:-1]]
[2026.04.04-10.20.02:428][565]LogConfig: Setting CVar [[r.SSS.HalfRes:1]]
[2026.04.04-10.20.02:428][565]LogConfig: Setting CVar [[r.SSGI.Quality:2]]
[2026.04.04-10.20.02:428][565]LogConfig: Setting CVar [[r.EmitterSpawnRateScale:0.5]]
[2026.04.04-10.20.02:428][565]LogConfig: Setting CVar [[r.ParticleLightQuality:1]]
[2026.04.04-10.20.02:428][565]LogConfig: Setting CVar [[r.SkyAtmosphere.AerialPerspectiveLUT.FastApplyOnOpaque:1 ; Always have FastSkyLUT 1 in this case to avoid wrong sky]]
[2026.04.04-10.20.02:428][565]LogConfig: Setting CVar [[r.SkyAtmosphere.AerialPerspectiveLUT.SampleCountMaxPerSlice:2]]
[2026.04.04-10.20.02:428][565]LogConfig: Setting CVar [[r.SkyAtmosphere.AerialPerspectiveLUT.DepthResolution:16.0]]
[2026.04.04-10.20.02:428][565]LogConfig: Setting CVar [[r.SkyAtmosphere.FastSkyLUT:1]]
[2026.04.04-10.20.02:428][565]LogConfig: Setting CVar [[r.SkyAtmosphere.FastSkyLUT.SampleCountMin:4.0]]
[2026.04.04-10.20.02:428][565]LogConfig: Setting CVar [[r.SkyAtmosphere.FastSkyLUT.SampleCountMax:64.0]]
[2026.04.04-10.20.02:428][565]LogConfig: Setting CVar [[r.SkyAtmosphere.SampleCountMin:4.0]]
[2026.04.04-10.20.02:428][565]LogConfig: Setting CVar [[r.SkyAtmosphere.SampleCountMax:64.0]]
[2026.04.04-10.20.02:428][565]LogConfig: Setting CVar [[r.SkyAtmosphere.TransmittanceLUT.UseSmallFormat:0]]
[2026.04.04-10.20.02:428][565]LogConfig: Setting CVar [[r.SkyAtmosphere.TransmittanceLUT.SampleCount:10.0]]
[2026.04.04-10.20.02:428][565]LogConfig: Setting CVar [[r.SkyAtmosphere.MultiScatteringLUT.SampleCount:15.0]]
[2026.04.04-10.20.02:428][565]LogConfig: Setting CVar [[r.SkyLight.RealTimeReflectionCapture:1]]
[2026.04.04-10.20.02:428][565]LogConfig: Setting CVar [[fx.Niagara.QualityLevel:2]]
[2026.04.04-10.20.02:428][565]LogConfig: Applying CVar settings from Section [FoliageQuality@2] File [C:/Users/User/Documents/Unreal Projects/Playtime_Multiplayer/Saved/Config/Windows/Scalability.ini]
[2026.04.04-10.20.02:428][565]LogConfig: Setting CVar [[foliage.DensityScale:0.8]]
[2026.04.04-10.20.02:428][565]LogConfig: Setting CVar [[grass.DensityScale:0.8]]
[2026.04.04-10.20.02:428][565]LogConfig: Applying CVar settings from Section [ShadingQuality@2] File [C:/Users/User/Documents/Unreal Projects/Playtime_Multiplayer/Saved/Config/Windows/Scalability.ini]
[2026.04.04-10.20.02:428][565]LogConfig: Setting CVar [[r.HairStrands.SkyLighting.IntegrationType:2]]
[2026.04.04-10.20.02:428][565]LogConfig: Setting CVar [[r.HairStrands.SkyAO.SampleCount:4]]
[2026.04.04-10.20.02:428][565]LogConfig: Setting CVar [[r.HairStrands.Visibility.MSAA.SamplePerPixel:4]]
[2026.04.04-10.20.02:463][566]LogConfig: Applying CVar settings from Section [ViewDistanceQuality@2] File [C:/Users/User/Documents/Unreal Projects/Playtime_Multiplayer/Saved/Config/Windows/Scalability.ini]
[2026.04.04-10.20.02:463][566]LogConfig: Setting CVar [[r.SkeletalMeshLODBias:0]]
[2026.04.04-10.20.02:463][566]LogConfig: Setting CVar [[r.ViewDistanceScale:0.8]]
[2026.04.04-10.20.02:463][566]LogConfig: Applying CVar settings from Section [AntiAliasingQuality@2] File [C:/Users/User/Documents/Unreal Projects/Playtime_Multiplayer/Saved/Config/Windows/Scalability.ini]
[2026.04.04-10.20.02:463][566]LogConfig: Setting CVar [[r.PostProcessAAQuality:3]]
[2026.04.04-10.20.02:463][566]LogConfig: Applying CVar settings from Section [ShadowQuality@2] File [C:/Users/User/Documents/Unreal Projects/Playtime_Multiplayer/Saved/Config/Windows/Scalability.ini]
[2026.04.04-10.20.02:463][566]LogConfig: Setting CVar [[r.LightFunctionQuality:1]]
[2026.04.04-10.20.02:463][566]LogConfig: Setting CVar [[r.ShadowQuality:5]]
[2026.04.04-10.20.02:463][566]LogConfig: Setting CVar [[r.Shadow.CSM.MaxCascades:4]]
[2026.04.04-10.20.02:463][566]LogConfig: Setting CVar [[r.Shadow.MaxResolution:1024]]
[2026.04.04-10.20.02:463][566]LogConfig: Setting CVar [[r.Shadow.MaxCSMResolution:2048]]
[2026.04.04-10.20.02:463][566]LogConfig: Setting CVar [[r.Shadow.RadiusThreshold:0.04]]
[2026.04.04-10.20.02:463][566]LogConfig: Setting CVar [[r.Shadow.DistanceScale:0.85]]
[2026.04.04-10.20.02:463][566]LogConfig: Setting CVar [[r.Shadow.CSM.TransitionScale:0.8]]
[2026.04.04-10.20.02:463][566]LogConfig: Setting CVar [[r.Shadow.PreShadowResolutionFactor:0.5]]
[2026.04.04-10.20.02:463][566]LogConfig: Setting CVar [[r.DistanceFieldShadowing:1]]
[2026.04.04-10.20.02:463][566]LogConfig: Setting CVar [[r.DistanceFieldAO:1]]
[2026.04.04-10.20.02:463][566]LogConfig: Setting CVar [[r.AOQuality:1]]
[2026.04.04-10.20.02:463][566]LogConfig: Setting CVar [[r.VolumetricFog:1]]
[2026.04.04-10.20.02:463][566]LogConfig: Setting CVar [[r.VolumetricFog.GridPixelSize:16]]
[2026.04.04-10.20.02:463][566]LogConfig: Setting CVar [[r.VolumetricFog.GridSizeZ:64]]
[2026.04.04-10.20.02:463][566]LogConfig: Setting CVar [[r.VolumetricFog.HistoryMissSupersampleCount:4]]
[2026.04.04-10.20.02:463][566]LogConfig: Setting CVar [[r.LightMaxDrawDistanceScale:1]]
[2026.04.04-10.20.02:463][566]LogConfig: Setting CVar [[r.CapsuleShadows:1]]
[2026.04.04-10.20.02:463][566]LogConfig: Applying CVar settings from Section [PostProcessQuality@2] File [C:/Users/User/Documents/Unreal Projects/Playtime_Multiplayer/Saved/Config/Windows/Scalability.ini]
[2026.04.04-10.20.02:464][566]LogConfig: Setting CVar [[r.MotionBlurQuality:3]]
[2026.04.04-10.20.02:464][566]LogConfig: Setting CVar [[r.AmbientOcclusionMipLevelFactor:0.6]]
[2026.04.04-10.20.02:464][566]LogConfig: Setting CVar [[r.AmbientOcclusionMaxQuality:100]]
[2026.04.04-10.20.02:464][566]LogConfig: Setting CVar [[r.AmbientOcclusionLevels:-1]]
[2026.04.04-10.20.02:464][566]LogConfig: Setting CVar [[r.AmbientOcclusionRadiusScale:1.5]]
[2026.04.04-10.20.02:464][566]LogConfig: Setting CVar [[r.DepthOfFieldQuality:2]]
[2026.04.04-10.20.02:464][566]LogConfig: Setting CVar [[r.RenderTargetPoolMin:400]]
[2026.04.04-10.20.02:464][566]LogConfig: Setting CVar [[r.LensFlareQuality:2]]
[2026.04.04-10.20.02:464][566]LogConfig: Setting CVar [[r.SceneColorFringeQuality:1]]
[2026.04.04-10.20.02:464][566]LogConfig: Setting CVar [[r.EyeAdaptationQuality:2]]
[2026.04.04-10.20.02:464][566]LogConfig: Setting CVar [[r.BloomQuality:5]]
[2026.04.04-10.20.02:464][566]LogConfig: Setting CVar [[r.FastBlurThreshold:3]]
[2026.04.04-10.20.02:464][566]LogConfig: Setting CVar [[r.Upscale.Quality:2]]
[2026.04.04-10.20.02:464][566]LogConfig: Setting CVar [[r.Tonemapper.GrainQuantization:1]]
[2026.04.04-10.20.02:464][566]LogConfig: Setting CVar [[r.LightShaftQuality:1]]
[2026.04.04-10.20.02:464][566]LogConfig: Setting CVar [[r.Filter.SizeScale:0.8]]
[2026.04.04-10.20.02:464][566]LogConfig: Setting CVar [[r.Tonemapper.Quality:5]]
[2026.04.04-10.20.02:464][566]LogConfig: Setting CVar [[r.DOF.Gather.AccumulatorQuality:0        ; lower gathering accumulator quality]]
[2026.04.04-10.20.02:464][566]LogConfig: Setting CVar [[r.DOF.Gather.PostfilterMethod:2          ; Max3x3 postfilering method]]
[2026.04.04-10.20.02:464][566]LogConfig: Setting CVar [[r.DOF.Gather.EnableBokehSettings:0       ; no bokeh simulation when gathering]]
[2026.04.04-10.20.02:464][566]LogConfig: Setting CVar [[r.DOF.Gather.RingCount:4                 ; medium number of samples when gathering]]
[2026.04.04-10.20.02:464][566]LogConfig: Setting CVar [[r.DOF.Scatter.ForegroundCompositing:1    ; additive foreground scattering]]
[2026.04.04-10.20.02:464][566]LogConfig: Setting CVar [[r.DOF.Scatter.BackgroundCompositing:1    ; no background occlusion]]
[2026.04.04-10.20.02:464][566]LogConfig: Setting CVar [[r.DOF.Scatter.EnableBokehSettings:0      ; no bokeh simulation when scattering]]
[2026.04.04-10.20.02:464][566]LogConfig: Setting CVar [[r.DOF.Scatter.MaxSpriteRatio:0.04        ; only a maximum of 4% of scattered bokeh]]
[2026.04.04-10.20.02:464][566]LogConfig: Setting CVar [[r.DOF.Recombine.Quality:0                ; no slight out of focus]]
[2026.04.04-10.20.02:464][566]LogConfig: Setting CVar [[r.DOF.TemporalAAQuality:0                ; faster temporal accumulation]]
[2026.04.04-10.20.02:464][566]LogConfig: Setting CVar [[r.DOF.Kernel.MaxForegroundRadius:0.012   ; required because of AccumulatorQuality=0]]
[2026.04.04-10.20.02:464][566]LogConfig: Setting CVar [[r.DOF.Kernel.MaxBackgroundRadius:0.012   ; required because of AccumulatorQuality=0]]
[2026.04.04-10.20.02:464][566]LogConfig: Applying CVar settings from Section [TextureQuality@2] File [C:/Users/User/Documents/Unreal Projects/Playtime_Multiplayer/Saved/Config/Windows/Scalability.ini]
[2026.04.04-10.20.02:464][566]LogConfig: Setting CVar [[r.Streaming.MipBias:0]]
[2026.04.04-10.20.02:464][566]LogConfig: Setting CVar [[r.Streaming.AmortizeCPUToGPUCopy:0]]
[2026.04.04-10.20.02:464][566]LogConfig: Setting CVar [[r.Streaming.MaxNumTexturesToStreamPerFrame:0]]
[2026.04.04-10.20.02:464][566]LogConfig: Setting CVar [[r.Streaming.Boost:1]]
[2026.04.04-10.20.02:464][566]LogConfig: Setting CVar [[r.MaxAnisotropy:4]]
[2026.04.04-10.20.02:464][566]LogConfig: Setting CVar [[r.VT.MaxAnisotropy:8]]
[2026.04.04-10.20.02:464][566]LogConfig: Setting CVar [[r.Streaming.LimitPoolSizeToVRAM:1]]
[2026.04.04-10.20.02:465][566]LogConfig: Setting CVar [[r.Streaming.PoolSize:800]]
[2026.04.04-10.20.02:465][566]LogConfig: Setting CVar [[r.Streaming.MaxEffectiveScreenSize:0]]
[2026.04.04-10.20.02:465][566]LogConfig: Applying CVar settings from Section [EffectsQuality@2] File [C:/Users/User/Documents/Unreal Projects/Playtime_Multiplayer/Saved/Config/Windows/Scalability.ini]
[2026.04.04-10.20.02:465][566]LogConfig: Setting CVar [[r.TranslucencyLightingVolumeDim:48]]
[2026.04.04-10.20.02:465][566]LogConfig: Setting CVar [[r.RefractionQuality:2]]
[2026.04.04-10.20.02:465][566]LogConfig: Setting CVar [[r.SSR.Quality:2]]
[2026.04.04-10.20.02:465][566]LogConfig: Setting CVar [[r.SSR.HalfResSceneColor:1]]
[2026.04.04-10.20.02:465][566]LogConfig: Setting CVar [[r.SceneColorFormat:3]]
[2026.04.04-10.20.02:465][566]LogConfig: Setting CVar [[r.DetailMode:1]]
[2026.04.04-10.20.02:465][566]LogConfig: Setting CVar [[r.TranslucencyVolumeBlur:1]]
[2026.04.04-10.20.02:465][566]LogConfig: Setting CVar [[r.MaterialQualityLevel:1 ; High quality]]
[2026.04.04-10.20.02:465][566]LogConfig: Setting CVar [[r.AnisotropicMaterials:1]]
[2026.04.04-10.20.02:465][566]LogConfig: Setting CVar [[r.SSS.Scale:1]]
[2026.04.04-10.20.02:465][566]LogConfig: Setting CVar [[r.SSS.SampleSet:1]]
[2026.04.04-10.20.02:465][566]LogConfig: Setting CVar [[r.SSS.Quality:-1]]
[2026.04.04-10.20.02:465][566]LogConfig: Setting CVar [[r.SSS.HalfRes:1]]
[2026.04.04-10.20.02:465][566]LogConfig: Setting CVar [[r.SSGI.Quality:2]]
[2026.04.04-10.20.02:465][566]LogConfig: Setting CVar [[r.EmitterSpawnRateScale:0.5]]
[2026.04.04-10.20.02:465][566]LogConfig: Setting CVar [[r.ParticleLightQuality:1]]
[2026.04.04-10.20.02:465][566]LogConfig: Setting CVar [[r.SkyAtmosphere.AerialPerspectiveLUT.FastApplyOnOpaque:1 ; Always have FastSkyLUT 1 in this case to avoid wrong sky]]
[2026.04.04-10.20.02:465][566]LogConfig: Setting CVar [[r.SkyAtmosphere.AerialPerspectiveLUT.SampleCountMaxPerSlice:2]]
[2026.04.04-10.20.02:465][566]LogConfig: Setting CVar [[r.SkyAtmosphere.AerialPerspectiveLUT.DepthResolution:16.0]]
[2026.04.04-10.20.02:465][566]LogConfig: Setting CVar [[r.SkyAtmosphere.FastSkyLUT:1]]
[2026.04.04-10.20.02:465][566]LogConfig: Setting CVar [[r.SkyAtmosphere.FastSkyLUT.SampleCountMin:4.0]]
[2026.04.04-10.20.02:465][566]LogConfig: Setting CVar [[r.SkyAtmosphere.FastSkyLUT.SampleCountMax:64.0]]
[2026.04.04-10.20.02:465][566]LogConfig: Setting CVar [[r.SkyAtmosphere.SampleCountMin:4.0]]
[2026.04.04-10.20.02:466][566]LogConfig: Setting CVar [[r.SkyAtmosphere.SampleCountMax:64.0]]
[2026.04.04-10.20.02:466][566]LogConfig: Setting CVar [[r.SkyAtmosphere.TransmittanceLUT.UseSmallFormat:0]]
[2026.04.04-10.20.02:466][566]LogConfig: Setting CVar [[r.SkyAtmosphere.TransmittanceLUT.SampleCount:10.0]]
[2026.04.04-10.20.02:466][566]LogConfig: Setting CVar [[r.SkyAtmosphere.MultiScatteringLUT.SampleCount:15.0]]
[2026.04.04-10.20.02:466][566]LogConfig: Setting CVar [[r.SkyLight.RealTimeReflectionCapture:1]]
[2026.04.04-10.20.02:466][566]LogConfig: Setting CVar [[fx.Niagara.QualityLevel:2]]
[2026.04.04-10.20.02:466][566]LogConfig: Applying CVar settings from Section [FoliageQuality@2] File [C:/Users/User/Documents/Unreal Projects/Playtime_Multiplayer/Saved/Config/Windows/Scalability.ini]
[2026.04.04-10.20.02:466][566]LogConfig: Setting CVar [[foliage.DensityScale:0.8]]
[2026.04.04-10.20.02:466][566]LogConfig: Setting CVar [[grass.DensityScale:0.8]]
[2026.04.04-10.20.02:466][566]LogConfig: Applying CVar settings from Section [ShadingQuality@2] File [C:/Users/User/Documents/Unreal Projects/Playtime_Multiplayer/Saved/Config/Windows/Scalability.ini]
[2026.04.04-10.20.02:466][566]LogConfig: Setting CVar [[r.HairStrands.SkyLighting.IntegrationType:2]]
[2026.04.04-10.20.02:466][566]LogConfig: Setting CVar [[r.HairStrands.SkyAO.SampleCount:4]]
[2026.04.04-10.20.02:466][566]LogConfig: Setting CVar [[r.HairStrands.Visibility.MSAA.SamplePerPixel:4]]
[2026.04.04-10.20.03:141][637]LogConfig: Applying CVar settings from Section [ViewDistanceQuality@3] File [C:/Users/User/Documents/Unreal Projects/Playtime_Multiplayer/Saved/Config/Windows/Scalability.ini]
[2026.04.04-10.20.03:141][637]LogConfig: Setting CVar [[r.SkeletalMeshLODBias:0]]
[2026.04.04-10.20.03:141][637]LogConfig: Setting CVar [[r.ViewDistanceScale:1.0]]
[2026.04.04-10.20.03:141][637]LogConfig: Applying CVar settings from Section [AntiAliasingQuality@3] File [C:/Users/User/Documents/Unreal Projects/Playtime_Multiplayer/Saved/Config/Windows/Scalability.ini]
[2026.04.04-10.20.03:141][637]LogConfig: Setting CVar [[r.PostProcessAAQuality:4]]
[2026.04.04-10.20.03:141][637]LogConfig: Applying CVar settings from Section [ShadowQuality@3] File [C:/Users/User/Documents/Unreal Projects/Playtime_Multiplayer/Saved/Config/Windows/Scalability.ini]
[2026.04.04-10.20.03:141][637]LogConfig: Setting CVar [[r.LightFunctionQuality:1]]
[2026.04.04-10.20.03:141][637]LogConfig: Setting CVar [[r.ShadowQuality:5]]
[2026.04.04-10.20.03:142][637]LogConfig: Setting CVar [[r.Shadow.CSM.MaxCascades:10]]
[2026.04.04-10.20.03:142][637]LogConfig: Setting CVar [[r.Shadow.MaxResolution:2048]]
[2026.04.04-10.20.03:142][637]LogConfig: Setting CVar [[r.Shadow.MaxCSMResolution:2048]]
[2026.04.04-10.20.03:142][637]LogConfig: Setting CVar [[r.Shadow.RadiusThreshold:0.01]]
[2026.04.04-10.20.03:142][637]LogConfig: Setting CVar [[r.Shadow.DistanceScale:1.0]]
[2026.04.04-10.20.03:142][637]LogConfig: Setting CVar [[r.Shadow.CSM.TransitionScale:1.0]]
[2026.04.04-10.20.03:142][637]LogConfig: Setting CVar [[r.Shadow.PreShadowResolutionFactor:1.0]]
[2026.04.04-10.20.03:142][637]LogConfig: Setting CVar [[r.DistanceFieldShadowing:1]]
[2026.04.04-10.20.03:142][637]LogConfig: Setting CVar [[r.DistanceFieldAO:1]]
[2026.04.04-10.20.03:142][637]LogConfig: Setting CVar [[r.AOQuality:2]]
[2026.04.04-10.20.03:142][637]LogConfig: Setting CVar [[r.VolumetricFog:1]]
[2026.04.04-10.20.03:142][637]LogConfig: Setting CVar [[r.VolumetricFog.GridPixelSize:8]]
[2026.04.04-10.20.03:142][637]LogConfig: Setting CVar [[r.VolumetricFog.GridSizeZ:128]]
[2026.04.04-10.20.03:142][637]LogConfig: Setting CVar [[r.VolumetricFog.HistoryMissSupersampleCount:4]]
[2026.04.04-10.20.03:142][637]LogConfig: Setting CVar [[r.LightMaxDrawDistanceScale:1]]
[2026.04.04-10.20.03:142][637]LogConfig: Setting CVar [[r.CapsuleShadows:1]]
[2026.04.04-10.20.03:142][637]LogConfig: Applying CVar settings from Section [PostProcessQuality@3] File [C:/Users/User/Documents/Unreal Projects/Playtime_Multiplayer/Saved/Config/Windows/Scalability.ini]
[2026.04.04-10.20.03:142][637]LogConfig: Setting CVar [[r.MotionBlurQuality:4]]
[2026.04.04-10.20.03:142][637]LogConfig: Setting CVar [[r.AmbientOcclusionMipLevelFactor:0.4]]
[2026.04.04-10.20.03:142][637]LogConfig: Setting CVar [[r.AmbientOcclusionMaxQuality:100]]
[2026.04.04-10.20.03:142][637]LogConfig: Setting CVar [[r.AmbientOcclusionLevels:-1]]
[2026.04.04-10.20.03:142][637]LogConfig: Setting CVar [[r.AmbientOcclusionRadiusScale:1.0]]
[2026.04.04-10.20.03:142][637]LogConfig: Setting CVar [[r.DepthOfFieldQuality:2]]
[2026.04.04-10.20.03:142][637]LogConfig: Setting CVar [[r.RenderTargetPoolMin:400]]
[2026.04.04-10.20.03:142][637]LogConfig: Setting CVar [[r.LensFlareQuality:2]]
[2026.04.04-10.20.03:142][637]LogConfig: Setting CVar [[r.SceneColorFringeQuality:1]]
[2026.04.04-10.20.03:142][637]LogConfig: Setting CVar [[r.EyeAdaptationQuality:2]]
[2026.04.04-10.20.03:142][637]LogConfig: Setting CVar [[r.BloomQuality:5]]
[2026.04.04-10.20.03:142][637]LogConfig: Setting CVar [[r.FastBlurThreshold:100]]
[2026.04.04-10.20.03:142][637]LogConfig: Setting CVar [[r.Upscale.Quality:3]]
[2026.04.04-10.20.03:143][637]LogConfig: Setting CVar [[r.Tonemapper.GrainQuantization:1]]
[2026.04.04-10.20.03:143][637]LogConfig: Setting CVar [[r.LightShaftQuality:1]]
[2026.04.04-10.20.03:143][637]LogConfig: Setting CVar [[r.Filter.SizeScale:1]]
[2026.04.04-10.20.03:143][637]LogConfig: Setting CVar [[r.Tonemapper.Quality:5]]
[2026.04.04-10.20.03:143][637]LogConfig: Setting CVar [[r.DOF.Gather.AccumulatorQuality:1        ; higher gathering accumulator quality]]
[2026.04.04-10.20.03:143][637]LogConfig: Setting CVar [[r.DOF.Gather.PostfilterMethod:1          ; Median3x3 postfilering method]]
[2026.04.04-10.20.03:143][637]LogConfig: Setting CVar [[r.DOF.Gather.EnableBokehSettings:0       ; no bokeh simulation when gathering]]
[2026.04.04-10.20.03:143][637]LogConfig: Setting CVar [[r.DOF.Gather.RingCount:4                 ; medium number of samples when gathering]]
[2026.04.04-10.20.03:143][637]LogConfig: Setting CVar [[r.DOF.Scatter.ForegroundCompositing:1    ; additive foreground scattering]]
[2026.04.04-10.20.03:143][637]LogConfig: Setting CVar [[r.DOF.Scatter.BackgroundCompositing:2    ; additive background scattering]]
[2026.04.04-10.20.03:143][637]LogConfig: Setting CVar [[r.DOF.Scatter.EnableBokehSettings:1      ; bokeh simulation when scattering]]
[2026.04.04-10.20.03:143][637]LogConfig: Setting CVar [[r.DOF.Scatter.MaxSpriteRatio:0.1         ; only a maximum of 10% of scattered bokeh]]
[2026.04.04-10.20.03:143][637]LogConfig: Setting CVar [[r.DOF.Recombine.Quality:1                ; cheap slight out of focus]]
[2026.04.04-10.20.03:143][637]LogConfig: Setting CVar [[r.DOF.Recombine.EnableBokehSettings:0    ; no bokeh simulation on slight out of focus]]
[2026.04.04-10.20.03:143][637]LogConfig: Setting CVar [[r.DOF.TemporalAAQuality:1                ; more stable temporal accumulation]]
[2026.04.04-10.20.03:143][637]LogConfig: Setting CVar [[r.DOF.Kernel.MaxForegroundRadius:0.025]]
[2026.04.04-10.20.03:143][637]LogConfig: Setting CVar [[r.DOF.Kernel.MaxBackgroundRadius:0.025]]
[2026.04.04-10.20.03:143][637]LogConfig: Applying CVar settings from Section [TextureQuality@3] File [C:/Users/User/Documents/Unreal Projects/Playtime_Multiplayer/Saved/Config/Windows/Scalability.ini]
[2026.04.04-10.20.03:143][637]LogConfig: Setting CVar [[r.Streaming.MipBias:0]]
[2026.04.04-10.20.03:143][637]LogConfig: Setting CVar [[r.Streaming.AmortizeCPUToGPUCopy:0]]
[2026.04.04-10.20.03:143][637]LogConfig: Setting CVar [[r.Streaming.MaxNumTexturesToStreamPerFrame:0]]
[2026.04.04-10.20.03:143][637]LogConfig: Setting CVar [[r.Streaming.Boost:1]]
[2026.04.04-10.20.03:143][637]LogConfig: Setting CVar [[r.MaxAnisotropy:8]]
[2026.04.04-10.20.03:143][637]LogConfig: Setting CVar [[r.VT.MaxAnisotropy:8]]
[2026.04.04-10.20.03:143][637]LogConfig: Setting CVar [[r.Streaming.LimitPoolSizeToVRAM:0]]
[2026.04.04-10.20.03:143][637]LogConfig: Setting CVar [[r.Streaming.PoolSize:1000]]
[2026.04.04-10.20.03:143][637]LogConfig: Setting CVar [[r.Streaming.MaxEffectiveScreenSize:0]]
[2026.04.04-10.20.03:143][637]LogConfig: Applying CVar settings from Section [EffectsQuality@3] File [C:/Users/User/Documents/Unreal Projects/Playtime_Multiplayer/Saved/Config/Windows/Scalability.ini]
[2026.04.04-10.20.03:144][637]LogConfig: Setting CVar [[r.TranslucencyLightingVolumeDim:64]]
[2026.04.04-10.20.03:144][637]LogConfig: Setting CVar [[r.RefractionQuality:2]]
[2026.04.04-10.20.03:144][637]LogConfig: Setting CVar [[r.SSR.Quality:3]]
[2026.04.04-10.20.03:144][637]LogConfig: Setting CVar [[r.SSR.HalfResSceneColor:0]]
[2026.04.04-10.20.03:144][637]LogConfig: Setting CVar [[r.SceneColorFormat:4]]
[2026.04.04-10.20.03:144][637]LogConfig: Setting CVar [[r.DetailMode:2]]
[2026.04.04-10.20.03:144][637]LogConfig: Setting CVar [[r.TranslucencyVolumeBlur:1]]
[2026.04.04-10.20.03:144][637]LogConfig: Setting CVar [[r.MaterialQualityLevel:1 ; High quality]]
[2026.04.04-10.20.03:144][637]LogConfig: Setting CVar [[r.AnisotropicMaterials:1]]
[2026.04.04-10.20.03:144][637]LogConfig: Setting CVar [[r.SSS.Scale:1]]
[2026.04.04-10.20.03:144][637]LogConfig: Setting CVar [[r.SSS.SampleSet:2]]
[2026.04.04-10.20.03:144][637]LogConfig: Setting CVar [[r.SSS.Quality:1]]
[2026.04.04-10.20.03:144][637]LogConfig: Setting CVar [[r.SSS.HalfRes:0]]
[2026.04.04-10.20.03:144][637]LogConfig: Setting CVar [[r.SSGI.Quality:3]]
[2026.04.04-10.20.03:144][637]LogConfig: Setting CVar [[r.EmitterSpawnRateScale:1.0]]
[2026.04.04-10.20.03:144][637]LogConfig: Setting CVar [[r.ParticleLightQuality:2]]
[2026.04.04-10.20.03:144][637]LogConfig: Setting CVar [[r.SkyAtmosphere.AerialPerspectiveLUT.FastApplyOnOpaque:1 ; Always have FastSkyLUT 1 in this case to avoid wrong sky]]
[2026.04.04-10.20.03:144][637]LogConfig: Setting CVar [[r.SkyAtmosphere.AerialPerspectiveLUT.SampleCountMaxPerSlice:4]]
[2026.04.04-10.20.03:144][637]LogConfig: Setting CVar [[r.SkyAtmosphere.AerialPerspectiveLUT.DepthResolution:16.0]]
[2026.04.04-10.20.03:144][637]LogConfig: Setting CVar [[r.SkyAtmosphere.FastSkyLUT:1]]
[2026.04.04-10.20.03:144][637]LogConfig: Setting CVar [[r.SkyAtmosphere.FastSkyLUT.SampleCountMin:4.0]]
[2026.04.04-10.20.03:144][637]LogConfig: Setting CVar [[r.SkyAtmosphere.FastSkyLUT.SampleCountMax:128.0]]
[2026.04.04-10.20.03:144][637]LogConfig: Setting CVar [[r.SkyAtmosphere.SampleCountMin:4.0]]
[2026.04.04-10.20.03:144][637]LogConfig: Setting CVar [[r.SkyAtmosphere.SampleCountMax:128.0]]
[2026.04.04-10.20.03:144][637]LogConfig: Setting CVar [[r.SkyAtmosphere.TransmittanceLUT.UseSmallFormat:0]]
[2026.04.04-10.20.03:144][637]LogConfig: Setting CVar [[r.SkyAtmosphere.TransmittanceLUT.SampleCount:10.0]]
[2026.04.04-10.20.03:144][637]LogConfig: Setting CVar [[r.SkyAtmosphere.MultiScatteringLUT.SampleCount:15.0]]
[2026.04.04-10.20.03:144][637]LogConfig: Setting CVar [[r.SkyLight.RealTimeReflectionCapture:1]]
[2026.04.04-10.20.03:144][637]LogConfig: Setting CVar [[fx.Niagara.QualityLevel:3]]
[2026.04.04-10.20.03:144][637]LogConfig: Applying CVar settings from Section [FoliageQuality@3] File [C:/Users/User/Documents/Unreal Projects/Playtime_Multiplayer/Saved/Config/Windows/Scalability.ini]
[2026.04.04-10.20.03:145][637]LogConfig: Setting CVar [[foliage.DensityScale:1.0]]
[2026.04.04-10.20.03:145][637]LogConfig: Setting CVar [[grass.DensityScale:1.0]]
[2026.04.04-10.20.03:145][637]LogConfig: Applying CVar settings from Section [ShadingQuality@3] File [C:/Users/User/Documents/Unreal Projects/Playtime_Multiplayer/Saved/Config/Windows/Scalability.ini]
[2026.04.04-10.20.03:145][637]LogConfig: Setting CVar [[r.HairStrands.SkyLighting.IntegrationType:2]]
[2026.04.04-10.20.03:145][637]LogConfig: Setting CVar [[r.HairStrands.SkyAO.SampleCount:4]]
[2026.04.04-10.20.03:145][637]LogConfig: Setting CVar [[r.HairStrands.Visibility.MSAA.SamplePerPixel:4]]
[2026.04.04-10.20.03:195][639]LogRenderer: Reallocating scene render targets to support 1000x736 Format 10 NumSamples 1 (Frame:141).
[2026.04.04-10.20.03:386][643]LogContentStreaming: Texture pool size now 1000 MB
[2026.04.04-10.20.08:536][847]LogRenderer: Reallocating scene render targets to support 1068x800 Format 10 NumSamples 1 (Frame:322).
[2026.04.04-10.20.08:642][848]LogRenderer: Reallocating scene render targets to support 1164x884 Format 10 NumSamples 1 (Frame:324).
[2026.04.04-10.20.45:799][250]LogSlate: Updating window title bar state: overlay mode, drag disabled, window buttons hidden, title bar hidden
[2026.04.04-10.20.45:799][250]LogWorld: BeginTearingDown for /Game/MAPS/UEDPIE_0_MP_Lobby
[2026.04.04-10.20.45:801][250]LogWorld: UWorld::CleanupWorld for MP_Lobby, bSessionEnded=true, bCleanupResources=true
[2026.04.04-10.20.45:804][250]LogSlate: InvalidateAllWidgets triggered.  All widgets were invalidated
[2026.04.04-10.20.45:812][250]LogPlayLevel: Display: Shutting down PIE online subsystems
[2026.04.04-10.20.45:815][250]LogSlate: InvalidateAllWidgets triggered.  All widgets were invalidated
[2026.04.04-10.20.45:823][250]LogAudio: Display: Audio Device unregistered from world 'None'.
[2026.04.04-10.20.45:823][250]LogSkinnedMeshComp: Warning: GetSocketByName(torso_JNT): No SkeletalMesh for Component(CharacterMesh0) Actor(None)
[2026.04.04-10.20.45:823][250]LogAudioMixer: FMixerPlatformXAudio2::StopAudioStream() called
[2026.04.04-10.20.45:824][250]LogAudioMixer: FMixerPlatformXAudio2::StopAudioStream() called
[2026.04.04-10.20.45:827][250]LogSlate: Updating window title bar state: overlay mode, drag disabled, window buttons hidden, title bar hidden
[2026.04.04-10.20.45:830][250]LogUObjectHash: Compacting FUObjectHashTables data took   0.95ms
[2026.04.04-10.20.45:945][251]LogPlayLevel: Display: Destroying online subsystem :Context_2
[2026.04.04-10.20.50:149][372]LogSlate: Window 'Message Log' being destroyed
[2026.04.04-10.20.50:159][372]LogSlate: Window 'Message Log' being destroyed
[2026.04.04-10.20.53:741][475]LogEditorViewport: Clicking on Actor (LMB): StaticMeshActor (Cube5)
[2026.04.04-10.20.56:959][555]LogEditorViewport: Clicking on Actor (LMB): StaticMeshActor (Cube2)
[2026.04.04-10.21.02:690][719]LogEditorViewport: Clicking on Actor (LMB): FirstPersonCharacter_C (FirstPersonCharacter)
[2026.04.04-10.21.03:989][743]LogEditorViewport: Clicking on Actor (LMB): FirstPersonCharacter_C (FirstPersonCharacter)
[2026.04.04-10.21.04:108][744]LogEditorViewport: Clicking on Component (LMB): CameraComponent (FirstPersonCamera)
[2026.04.04-10.21.05:354][770]LogSkinnedMeshComp: Warning: GetSocketByName(torso_JNT): No SkeletalMesh for Component(CharacterMesh0) Actor(FirstPersonCharacter_2)
[2026.04.04-10.21.05:354][770]LogSkinnedMeshComp: Warning: GetSocketByName(torso_JNT): No SkeletalMesh for Component(CharacterMesh0) Actor(FirstPersonCharacter_2)
[2026.04.04-10.21.05:354][770]LogSkinnedMeshComp: Warning: GetSocketByName(torso_JNT): No SkeletalMesh for Component(CharacterMesh0) Actor(FirstPersonCharacter_2)
[2026.04.04-10.21.05:354][770]LogSkinnedMeshComp: Warning: GetSocketByName(torso_JNT): No SkeletalMesh for Component(CharacterMesh0) Actor(FirstPersonCharacter_2)
[2026.04.04-10.21.05:379][771]LogSkinnedMeshComp: Warning: GetSocketByName(torso_JNT): No SkeletalMesh for Component(CharacterMesh0) Actor(FirstPersonCharacter_2)
[2026.04.04-10.21.05:379][771]LogSkinnedMeshComp: Warning: GetSocketByName(torso_JNT): No SkeletalMesh for Component(CharacterMesh0) Actor(FirstPersonCharacter_2)
[2026.04.04-10.21.05:379][771]LogSkinnedMeshComp: Warning: GetSocketByName(torso_JNT): No SkeletalMesh for Component(CharacterMesh0) Actor(FirstPersonCharacter_2)
[2026.04.04-10.21.05:379][771]LogSkinnedMeshComp: Warning: GetSocketByName(torso_JNT): No SkeletalMesh for Component(CharacterMesh0) Actor(FirstPersonCharacter_2)
[2026.04.04-10.21.05:440][772]LogSkinnedMeshComp: Warning: GetSocketByName(torso_JNT): No SkeletalMesh for Component(CharacterMesh0) Actor(FirstPersonCharacter_2)
[2026.04.04-10.21.05:440][772]LogSkinnedMeshComp: Warning: GetSocketByName(torso_JNT): No SkeletalMesh for Component(CharacterMesh0) Actor(FirstPersonCharacter_2)
[2026.04.04-10.21.05:440][772]LogSkinnedMeshComp: Warning: GetSocketByName(torso_JNT): No SkeletalMesh for Component(CharacterMesh0) Actor(FirstPersonCharacter_2)
[2026.04.04-10.21.05:440][772]LogSkinnedMeshComp: Warning: GetSocketByName(torso_JNT): No SkeletalMesh for Component(CharacterMesh0) Actor(FirstPersonCharacter_2)
[2026.04.04-10.21.05:469][773]LogSkinnedMeshComp: Warning: GetSocketByName(torso_JNT): No SkeletalMesh for Component(CharacterMesh0) Actor(FirstPersonCharacter_2)
[2026.04.04-10.21.05:469][773]LogSkinnedMeshComp: Warning: GetSocketByName(torso_JNT): No SkeletalMesh for Component(CharacterMesh0) Actor(FirstPersonCharacter_2)
[2026.04.04-10.21.05:469][773]LogSkinnedMeshComp: Warning: GetSocketByName(torso_JNT): No SkeletalMesh for Component(CharacterMesh0) Actor(FirstPersonCharacter_2)
[2026.04.04-10.21.05:469][773]LogSkinnedMeshComp: Warning: GetSocketByName(torso_JNT): No SkeletalMesh for Component(CharacterMesh0) Actor(FirstPersonCharacter_2)
[2026.04.04-10.21.05:502][774]LogSkinnedMeshComp: Warning: GetSocketByName(torso_JNT): No SkeletalMesh for Component(CharacterMesh0) Actor(FirstPersonCharacter_2)
[2026.04.04-10.21.05:502][774]LogSkinnedMeshComp: Warning: GetSocketByName(torso_JNT): No SkeletalMesh for Component(CharacterMesh0) Actor(FirstPersonCharacter_2)
[2026.04.04-10.21.05:502][774]LogSkinnedMeshComp: Warning: GetSocketByName(torso_JNT): No SkeletalMesh for Component(CharacterMesh0) Actor(FirstPersonCharacter_2)
[2026.04.04-10.21.05:502][774]LogSkinnedMeshComp: Warning: GetSocketByName(torso_JNT): No SkeletalMesh for Component(CharacterMesh0) Actor(FirstPersonCharacter_2)
[2026.04.04-10.21.05:569][775]LogSkinnedMeshComp: Warning: GetSocketByName(torso_JNT): No SkeletalMesh for Component(CharacterMesh0) Actor(FirstPersonCharacter_2)
[2026.04.04-10.21.05:569][775]LogSkinnedMeshComp: Warning: GetSocketByName(torso_JNT): No SkeletalMesh for Component(CharacterMesh0) Actor(FirstPersonCharacter_2)
[2026.04.04-10.21.05:569][775]LogSkinnedMeshComp: Warning: GetSocketByName(torso_JNT): No SkeletalMesh for Component(CharacterMesh0) Actor(FirstPersonCharacter_2)
[2026.04.04-10.21.05:569][775]LogSkinnedMeshComp: Warning: GetSocketByName(torso_JNT): No SkeletalMesh for Component(CharacterMesh0) Actor(FirstPersonCharacter_2)
[2026.04.04-10.21.05:594][776]LogSkinnedMeshComp: Warning: GetSocketByName(torso_JNT): No SkeletalMesh for Component(CharacterMesh0) Actor(FirstPersonCharacter_2)
[2026.04.04-10.21.05:594][776]LogSkinnedMeshComp: Warning: GetSocketByName(torso_JNT): No SkeletalMesh for Component(CharacterMesh0) Actor(FirstPersonCharacter_2)
[2026.04.04-10.21.05:594][776]LogSkinnedMeshComp: Warning: GetSocketByName(torso_JNT): No SkeletalMesh for Component(CharacterMesh0) Actor(FirstPersonCharacter_2)
[2026.04.04-10.21.05:594][776]LogSkinnedMeshComp: Warning: GetSocketByName(torso_JNT): No SkeletalMesh for Component(CharacterMesh0) Actor(FirstPersonCharacter_2)
[2026.04.04-10.21.05:631][777]LogSkinnedMeshComp: Warning: GetSocketByName(torso_JNT): No SkeletalMesh for Component(CharacterMesh0) Actor(FirstPersonCharacter_2)
[2026.04.04-10.21.05:631][777]LogSkinnedMeshComp: Warning: GetSocketByName(torso_JNT): No SkeletalMesh for Component(CharacterMesh0) Actor(FirstPersonCharacter_2)
[2026.04.04-10.21.05:631][777]LogSkinnedMeshComp: Warning: GetSocketByName(torso_JNT): No SkeletalMesh for Component(CharacterMesh0) Actor(FirstPersonCharacter_2)
[2026.04.04-10.21.05:631][777]LogSkinnedMeshComp: Warning: GetSocketByName(torso_JNT): No SkeletalMesh for Component(CharacterMesh0) Actor(FirstPersonCharacter_2)
[2026.04.04-10.21.05:698][778]LogSkinnedMeshComp: Warning: GetSocketByName(torso_JNT): No SkeletalMesh for Component(CharacterMesh0) Actor(FirstPersonCharacter_2)
[2026.04.04-10.21.05:698][778]LogSkinnedMeshComp: Warning: GetSocketByName(torso_JNT): No SkeletalMesh for Component(CharacterMesh0) Actor(FirstPersonCharacter_2)
[2026.04.04-10.21.05:698][778]LogSkinnedMeshComp: Warning: GetSocketByName(torso_JNT): No SkeletalMesh for Component(CharacterMesh0) Actor(FirstPersonCharacter_2)
[2026.04.04-10.21.05:698][778]LogSkinnedMeshComp: Warning: GetSocketByName(torso_JNT): No SkeletalMesh for Component(CharacterMesh0) Actor(FirstPersonCharacter_2)
[2026.04.04-10.21.05:726][779]LogSkinnedMeshComp: Warning: GetSocketByName(torso_JNT): No SkeletalMesh for Component(CharacterMesh0) Actor(FirstPersonCharacter_2)
[2026.04.04-10.21.05:726][779]LogSkinnedMeshComp: Warning: GetSocketByName(torso_JNT): No SkeletalMesh for Component(CharacterMesh0) Actor(FirstPersonCharacter_2)
[2026.04.04-10.21.05:726][779]LogSkinnedMeshComp: Warning: GetSocketByName(torso_JNT): No SkeletalMesh for Component(CharacterMesh0) Actor(FirstPersonCharacter_2)
[2026.04.04-10.21.05:726][779]LogSkinnedMeshComp: Warning: GetSocketByName(torso_JNT): No SkeletalMesh for Component(CharacterMesh0) Actor(FirstPersonCharacter_2)
[2026.04.04-10.21.05:761][780]LogSkinnedMeshComp: Warning: GetSocketByName(torso_JNT): No SkeletalMesh for Component(CharacterMesh0) Actor(FirstPersonCharacter_2)
[2026.04.04-10.21.05:761][780]LogSkinnedMeshComp: Warning: GetSocketByName(torso_JNT): No SkeletalMesh for Component(CharacterMesh0) Actor(FirstPersonCharacter_2)
[2026.04.04-10.21.05:761][780]LogSkinnedMeshComp: Warning: GetSocketByName(torso_JNT): No SkeletalMesh for Component(CharacterMesh0) Actor(FirstPersonCharacter_2)
[2026.04.04-10.21.05:761][780]LogSkinnedMeshComp: Warning: GetSocketByName(torso_JNT): No SkeletalMesh for Component(CharacterMesh0) Actor(FirstPersonCharacter_2)
[2026.04.04-10.21.05:834][781]LogSkinnedMeshComp: Warning: GetSocketByName(torso_JNT): No SkeletalMesh for Component(CharacterMesh0) Actor(FirstPersonCharacter_2)
[2026.04.04-10.21.05:834][781]LogSkinnedMeshComp: Warning: GetSocketByName(torso_JNT): No SkeletalMesh for Component(CharacterMesh0) Actor(FirstPersonCharacter_2)
[2026.04.04-10.21.05:834][781]LogSkinnedMeshComp: Warning: GetSocketByName(torso_JNT): No SkeletalMesh for Component(CharacterMesh0) Actor(FirstPersonCharacter_2)
[2026.04.04-10.21.05:834][781]LogSkinnedMeshComp: Warning: GetSocketByName(torso_JNT): No SkeletalMesh for Component(CharacterMesh0) Actor(FirstPersonCharacter_2)
[2026.04.04-10.21.05:997][785]LogSkinnedMeshComp: Warning: GetSocketByName(torso_JNT): No SkeletalMesh for Component(CharacterMesh0) Actor(FirstPersonCharacter_2)
[2026.04.04-10.21.05:997][785]LogSkinnedMeshComp: Warning: GetSocketByName(torso_JNT): No SkeletalMesh for Component(CharacterMesh0) Actor(FirstPersonCharacter_2)
[2026.04.04-10.21.05:997][785]LogSkinnedMeshComp: Warning: GetSocketByName(torso_JNT): No SkeletalMesh for Component(CharacterMesh0) Actor(FirstPersonCharacter_2)
[2026.04.04-10.21.05:997][785]LogSkinnedMeshComp: Warning: GetSocketByName(torso_JNT): No SkeletalMesh for Component(CharacterMesh0) Actor(FirstPersonCharacter_2)
[2026.04.04-10.21.06:033][786]LogSkinnedMeshComp: Warning: GetSocketByName(torso_JNT): No SkeletalMesh for Component(CharacterMesh0) Actor(FirstPersonCharacter_2)
[2026.04.04-10.21.06:033][786]LogSkinnedMeshComp: Warning: GetSocketByName(torso_JNT): No SkeletalMesh for Component(CharacterMesh0) Actor(FirstPersonCharacter_2)
[2026.04.04-10.21.06:033][786]LogSkinnedMeshComp: Warning: GetSocketByName(torso_JNT): No SkeletalMesh for Component(CharacterMesh0) Actor(FirstPersonCharacter_2)
[2026.04.04-10.21.06:033][786]LogSkinnedMeshComp: Warning: GetSocketByName(torso_JNT): No SkeletalMesh for Component(CharacterMesh0) Actor(FirstPersonCharacter_2)
[2026.04.04-10.21.06:099][787]LogSkinnedMeshComp: Warning: GetSocketByName(torso_JNT): No SkeletalMesh for Component(CharacterMesh0) Actor(FirstPersonCharacter_2)
[2026.04.04-10.21.06:099][787]LogSkinnedMeshComp: Warning: GetSocketByName(torso_JNT): No SkeletalMesh for Component(CharacterMesh0) Actor(FirstPersonCharacter_2)
[2026.04.04-10.21.06:099][787]LogSkinnedMeshComp: Warning: GetSocketByName(torso_JNT): No SkeletalMesh for Component(CharacterMesh0) Actor(FirstPersonCharacter_2)
[2026.04.04-10.21.06:099][787]LogSkinnedMeshComp: Warning: GetSocketByName(torso_JNT): No SkeletalMesh for Component(CharacterMesh0) Actor(FirstPersonCharacter_2)
[2026.04.04-10.21.06:124][788]LogSkinnedMeshComp: Warning: GetSocketByName(torso_JNT): No SkeletalMesh for Component(CharacterMesh0) Actor(FirstPersonCharacter_2)
[2026.04.04-10.21.06:124][788]LogSkinnedMeshComp: Warning: GetSocketByName(torso_JNT): No SkeletalMesh for Component(CharacterMesh0) Actor(FirstPersonCharacter_2)
[2026.04.04-10.21.06:124][788]LogSkinnedMeshComp: Warning: GetSocketByName(torso_JNT): No SkeletalMesh for Component(CharacterMesh0) Actor(FirstPersonCharacter_2)
[2026.04.04-10.21.06:124][788]LogSkinnedMeshComp: Warning: GetSocketByName(torso_JNT): No SkeletalMesh for Component(CharacterMesh0) Actor(FirstPersonCharacter_2)
[2026.04.04-10.21.06:190][789]LogSkinnedMeshComp: Warning: GetSocketByName(torso_JNT): No SkeletalMesh for Component(CharacterMesh0) Actor(FirstPersonCharacter_2)
[2026.04.04-10.21.06:192][789]LogSkinnedMeshComp: Warning: GetSocketByName(torso_JNT): No SkeletalMesh for Component(CharacterMesh0) Actor(FirstPersonCharacter_2)
[2026.04.04-10.21.06:192][789]LogSkinnedMeshComp: Warning: GetSocketByName(torso_JNT): No SkeletalMesh for Component(CharacterMesh0) Actor(FirstPersonCharacter_2)
[2026.04.04-10.21.06:192][789]LogSkinnedMeshComp: Warning: GetSocketByName(torso_JNT): No SkeletalMesh for Component(CharacterMesh0) Actor(FirstPersonCharacter_2)
[2026.04.04-10.21.07:852][823]LogUObjectHash: Compacting FUObjectHashTables data took   0.98ms
[2026.04.04-10.21.07:933][823]LogSavePackage: Moving '../../../../../../Users/User/Documents/Unreal Projects/Playtime_Multiplayer/Saved/MP_Lobby94E648A04ECAFC3B67AF70B73014538F.tmp' to '../../../../../../Users/User/Documents/Unreal Projects/Playtime_Multiplayer/Content/MAPS/MP_Lobby.umap'
[2026.04.04-10.21.07:960][823]AssetCheck: New page: Asset Save: MP_Lobby
[2026.04.04-10.21.07:960][823]LogContentValidation: Display: Validating World /Game/MAPS/MP_Lobby.MP_Lobby
[2026.04.04-10.21.09:177][886]LogTemp: Repeating last play command: Simulate
[2026.04.04-10.21.09:187][886]LogPlayLevel: PlayLevel: No blueprints needed recompiling
[2026.04.04-10.21.09:187][886]PIE: New page: SIE session: MP_Lobby (4 апр. 2026 г., 16:21:09)
[2026.04.04-10.21.09:187][886]LogPlayLevel: Creating play world package: /Game/MAPS/UEDPIE_0_MP_Lobby
[2026.04.04-10.21.09:199][886]LogPlayLevel: PIE: StaticDuplicateObject took: (0.013249s)
[2026.04.04-10.21.09:200][886]LogAIModule: Creating AISystem for world MP_Lobby
[2026.04.04-10.21.09:201][886]LogPlayLevel: PIE: World Init took: (0.001224s)
[2026.04.04-10.21.09:201][886]LogPlayLevel: PIE: Created PIE world by copying editor world from /Game/MAPS/MP_Lobby.MP_Lobby to /Game/MAPS/UEDPIE_0_MP_Lobby.MP_Lobby (0.014647s)
[2026.04.04-10.21.09:208][886]LogUObjectHash: Compacting FUObjectHashTables data took   0.89ms
[2026.04.04-10.21.09:209][886]LogAudio: Display: Creating Audio Device:                 Id: 4, Scope: Unique, Realtime: True
[2026.04.04-10.21.09:209][886]LogAudioMixer: Display: Audio Mixer Platform Settings:
[2026.04.04-10.21.09:209][886]LogAudioMixer: Display: 	Sample Rate:						  48000
[2026.04.04-10.21.09:209][886]LogAudioMixer: Display: 	Callback Buffer Frame Size Requested: 1024
[2026.04.04-10.21.09:209][886]LogAudioMixer: Display: 	Callback Buffer Frame Size To Use:	  1024
[2026.04.04-10.21.09:209][886]LogAudioMixer: Display: 	Number of buffers to queue:			  2
[2026.04.04-10.21.09:209][886]LogAudioMixer: Display: 	Max Channels (voices):				  32
[2026.04.04-10.21.09:209][886]LogAudioMixer: Display: 	Number of Async Source Workers:		  0
[2026.04.04-10.21.09:209][886]LogAudio: Display: AudioDevice MaxSources: 32
[2026.04.04-10.21.09:210][886]LogAudio: Display: Audio Spatialization Plugin: None (built-in).
[2026.04.04-10.21.09:210][886]LogAudio: Display: Audio Reverb Plugin: None (built-in).
[2026.04.04-10.21.09:210][886]LogAudio: Display: Audio Occlusion Plugin: None (built-in).
[2026.04.04-10.21.09:210][886]LogAudioMixer: Display: Initializing audio mixer.
[2026.04.04-10.21.09:214][886]LogAudioMixer: Display: 0: FrontLeft
[2026.04.04-10.21.09:214][886]LogAudioMixer: Display: 1: FrontRight
[2026.04.04-10.21.09:242][886]LogAudioMixer: Display: Using Audio Device Headphones (Realtek(R) Audio)
[2026.04.04-10.21.09:242][886]LogAudioMixer: Display: Initializing Sound Submixes...
[2026.04.04-10.21.09:242][886]LogAudioMixer: Display: Creating Master Submix 'MasterSubmixDefault'
[2026.04.04-10.21.09:242][886]LogAudioMixer: Display: Creating Master Submix 'MasterReverbSubmixDefault'
[2026.04.04-10.21.09:243][886]LogAudioMixer: Display: Creating Master Submix 'MasterEQSubmixDefault'
[2026.04.04-10.21.09:244][886]LogAudioMixer: FMixerPlatformXAudio2::StartAudioStream() called
[2026.04.04-10.21.09:244][886]LogAudioMixer: Display: Output buffers initialized: Frames=1024, Channels=2, Samples=2048
[2026.04.04-10.21.09:246][886]LogAudioMixer: Display: Starting AudioMixerPlatformInterface::RunInternal()
[2026.04.04-10.21.09:246][886]LogAudioMixer: Display: FMixerPlatformXAudio2::SubmitBuffer() called for the first time
[2026.04.04-10.21.09:246][886]LogInit: FAudioDevice initialized.
[2026.04.04-10.21.09:246][886]LogAudio: Display: Audio Device (ID: 4) registered with world 'MP_Lobby'.
[2026.04.04-10.21.09:255][886]LogLoad: Game class is 'FirstPersonGameMode_C'
[2026.04.04-10.21.09:259][886]LogSkinnedMeshComp: Warning: GetSocketByName(torso_JNT): No SkeletalMesh for Component(CharacterMesh0) Actor(FirstPersonCharacter_2)
[2026.04.04-10.21.09:259][886]LogSkinnedMeshComp: Warning: GetSocketByName(torso_JNT): No SkeletalMesh for Component(CharacterMesh0) Actor(FirstPersonCharacter_2)
[2026.04.04-10.21.09:259][886]LogSkinnedMeshComp: Warning: GetSocketByName(torso_JNT): No SkeletalMesh for Component(CharacterMesh0) Actor(FirstPersonCharacter_2)
[2026.04.04-10.21.09:259][886]LogSkinnedMeshComp: Warning: GetSocketByName(torso_JNT): No SkeletalMesh for Component(CharacterMesh0) Actor(FirstPersonCharacter_2)
[2026.04.04-10.21.09:260][886]LogWorld: Bringing World /Game/MAPS/UEDPIE_0_MP_Lobby.MP_Lobby up for play (max tick rate 0) at 2026.04.04-13.21.09
[2026.04.04-10.21.09:261][886]LogSkinnedMeshComp: Warning: GetSocketByName(torso_JNT): No SkeletalMesh for Component(CharacterMesh0) Actor(FirstPersonCharacter_2)
[2026.04.04-10.21.09:261][886]LogSkinnedMeshComp: Warning: GetSocketByName(torso_JNT): No SkeletalMesh for Component(CharacterMesh0) Actor(FirstPersonCharacter_2)
[2026.04.04-10.21.09:261][886]LogWorld: Bringing up level for play took: 0.005068
[2026.04.04-10.21.09:261][886]LogOnline: OSS: Creating online subsystem instance for: :Context_5
[2026.04.04-10.21.09:264][886]PIE: Error: SetInputMode_UIOnly expects a valid player controller as 'PlayerController' target
[2026.04.04-10.21.09:264][886]PIE: Server logged in
[2026.04.04-10.21.09:264][886]PIE: Play in editor total start time 0,082 seconds.
[2026.04.04-10.21.09:313][886]LogSkinnedMeshComp: Warning: GetSocketByName(torso_JNT): No SkeletalMesh for Component(CharacterMesh0) Actor(FirstPersonCharacter_2)
[2026.04.04-10.21.09:896][894]LogEditorViewport: Clicking on Actor (LMB): StaticMeshActor (Cube12)
[2026.04.04-10.21.11:912][982]LogSlate: Updating window title bar state: overlay mode, drag disabled, window buttons hidden, title bar hidden
[2026.04.04-10.21.11:913][982]LogWorld: BeginTearingDown for /Game/MAPS/UEDPIE_0_MP_Lobby
[2026.04.04-10.21.11:917][982]LogWorld: UWorld::CleanupWorld for MP_Lobby, bSessionEnded=true, bCleanupResources=true
[2026.04.04-10.21.11:919][982]LogSlate: InvalidateAllWidgets triggered.  All widgets were invalidated
[2026.04.04-10.21.11:928][982]LogPlayLevel: Display: Shutting down PIE online subsystems
[2026.04.04-10.21.11:945][982]LogSlate: InvalidateAllWidgets triggered.  All widgets were invalidated
[2026.04.04-10.21.11:951][982]LogSlate: Updating window title bar state: overlay mode, drag disabled, window buttons hidden, title bar hidden
[2026.04.04-10.21.11:951][982]LogAudioMixer: FMixerPlatformXAudio2::StopAudioStream() called
[2026.04.04-10.21.11:952][982]LogAudioMixer: FMixerPlatformXAudio2::StopAudioStream() called
[2026.04.04-10.21.11:961][982]LogUObjectHash: Compacting FUObjectHashTables data took   0.90ms
[2026.04.04-10.21.12:068][983]LogPlayLevel: Display: Destroying online subsystem :Context_5
[2026.04.04-10.21.14:581][190]LogPlayLevel: PlayLevel: No blueprints needed recompiling
[2026.04.04-10.21.14:581][190]PIE: New page: PIE session: MP_Lobby (4 апр. 2026 г., 16:21:14)
[2026.04.04-10.21.14:581][190]LogPlayLevel: Creating play world package: /Game/MAPS/UEDPIE_0_MP_Lobby
[2026.04.04-10.21.14:594][190]LogPlayLevel: PIE: StaticDuplicateObject took: (0.012586s)
[2026.04.04-10.21.14:595][190]LogAIModule: Creating AISystem for world MP_Lobby
[2026.04.04-10.21.14:595][190]LogPlayLevel: PIE: World Init took: (0.001041s)
[2026.04.04-10.21.14:595][190]LogPlayLevel: PIE: Created PIE world by copying editor world from /Game/MAPS/MP_Lobby.MP_Lobby to /Game/MAPS/UEDPIE_0_MP_Lobby.MP_Lobby (0.013795s)
[2026.04.04-10.21.14:601][190]LogUObjectHash: Compacting FUObjectHashTables data took   0.73ms
[2026.04.04-10.21.14:602][190]LogAudio: Display: Creating Audio Device:                 Id: 5, Scope: Unique, Realtime: True
[2026.04.04-10.21.14:602][190]LogAudioMixer: Display: Audio Mixer Platform Settings:
[2026.04.04-10.21.14:602][190]LogAudioMixer: Display: 	Sample Rate:						  48000
[2026.04.04-10.21.14:602][190]LogAudioMixer: Display: 	Callback Buffer Frame Size Requested: 1024
[2026.04.04-10.21.14:602][190]LogAudioMixer: Display: 	Callback Buffer Frame Size To Use:	  1024
[2026.04.04-10.21.14:602][190]LogAudioMixer: Display: 	Number of buffers to queue:			  2
[2026.04.04-10.21.14:602][190]LogAudioMixer: Display: 	Max Channels (voices):				  32
[2026.04.04-10.21.14:602][190]LogAudioMixer: Display: 	Number of Async Source Workers:		  0
[2026.04.04-10.21.14:602][190]LogAudio: Display: AudioDevice MaxSources: 32
[2026.04.04-10.21.14:602][190]LogAudio: Display: Audio Spatialization Plugin: None (built-in).
[2026.04.04-10.21.14:602][190]LogAudio: Display: Audio Reverb Plugin: None (built-in).
[2026.04.04-10.21.14:602][190]LogAudio: Display: Audio Occlusion Plugin: None (built-in).
[2026.04.04-10.21.14:602][190]LogAudioMixer: Display: Initializing audio mixer.
[2026.04.04-10.21.14:606][190]LogAudioMixer: Display: 0: FrontLeft
[2026.04.04-10.21.14:606][190]LogAudioMixer: Display: 1: FrontRight
[2026.04.04-10.21.14:632][190]LogAudioMixer: Display: Using Audio Device Headphones (Realtek(R) Audio)
[2026.04.04-10.21.14:632][190]LogAudioMixer: Display: Initializing Sound Submixes...
[2026.04.04-10.21.14:632][190]LogAudioMixer: Display: Creating Master Submix 'MasterSubmixDefault'
[2026.04.04-10.21.14:632][190]LogAudioMixer: Display: Creating Master Submix 'MasterReverbSubmixDefault'
[2026.04.04-10.21.14:633][190]LogAudioMixer: Display: Creating Master Submix 'MasterEQSubmixDefault'
[2026.04.04-10.21.14:633][190]LogAudioMixer: FMixerPlatformXAudio2::StartAudioStream() called
[2026.04.04-10.21.14:633][190]LogAudioMixer: Display: Output buffers initialized: Frames=1024, Channels=2, Samples=2048
[2026.04.04-10.21.14:634][190]LogAudioMixer: Display: Starting AudioMixerPlatformInterface::RunInternal()
[2026.04.04-10.21.14:634][190]LogAudioMixer: Display: FMixerPlatformXAudio2::SubmitBuffer() called for the first time
[2026.04.04-10.21.14:634][190]LogInit: FAudioDevice initialized.
[2026.04.04-10.21.14:634][190]LogAudio: Display: Audio Device (ID: 5) registered with world 'MP_Lobby'.
[2026.04.04-10.21.14:679][190]LogSlate: Updating window title bar state: overlay mode, drag disabled, window buttons hidden, title bar hidden
[2026.04.04-10.21.14:679][190]LogLoad: Game class is 'FirstPersonGameMode_C'
[2026.04.04-10.21.14:684][190]LogSkinnedMeshComp: Warning: GetSocketByName(torso_JNT): No SkeletalMesh for Component(CharacterMesh0) Actor(FirstPersonCharacter_2)
[2026.04.04-10.21.14:684][190]LogSkinnedMeshComp: Warning: GetSocketByName(torso_JNT): No SkeletalMesh for Component(CharacterMesh0) Actor(FirstPersonCharacter_2)
[2026.04.04-10.21.14:684][190]LogSkinnedMeshComp: Warning: GetSocketByName(torso_JNT): No SkeletalMesh for Component(CharacterMesh0) Actor(FirstPersonCharacter_2)
[2026.04.04-10.21.14:684][190]LogSkinnedMeshComp: Warning: GetSocketByName(torso_JNT): No SkeletalMesh for Component(CharacterMesh0) Actor(FirstPersonCharacter_2)
[2026.04.04-10.21.14:684][190]LogWorld: Bringing World /Game/MAPS/UEDPIE_0_MP_Lobby.MP_Lobby up for play (max tick rate 0) at 2026.04.04-13.21.14
[2026.04.04-10.21.14:686][190]LogSkinnedMeshComp: Warning: GetSocketByName(torso_JNT): No SkeletalMesh for Component(CharacterMesh0) Actor(FirstPersonCharacter_2)
[2026.04.04-10.21.14:686][190]LogSkinnedMeshComp: Warning: GetSocketByName(torso_JNT): No SkeletalMesh for Component(CharacterMesh0) Actor(FirstPersonCharacter_2)
[2026.04.04-10.21.14:686][190]LogWorld: Bringing up level for play took: 0.005568
[2026.04.04-10.21.14:686][190]LogOnline: OSS: Creating online subsystem instance for: :Context_6
[2026.04.04-10.21.14:689][190]LogSkinnedMeshComp: Warning: GetSocketByName(torso_JNT): No SkeletalMesh for Component(CharacterMesh0) Actor(FirstPersonCharacter_C_0)
[2026.04.04-10.21.14:689][190]LogSkinnedMeshComp: Warning: GetSocketByName(torso_JNT): No SkeletalMesh for Component(CharacterMesh0) Actor(FirstPersonCharacter_C_0)
[2026.04.04-10.21.14:689][190]LogSkinnedMeshComp: Warning: GetSocketByName(torso_JNT): No SkeletalMesh for Component(CharacterMesh0) Actor(FirstPersonCharacter_C_0)
[2026.04.04-10.21.14:689][190]LogSkinnedMeshComp: Warning: GetSocketByName(torso_JNT): No SkeletalMesh for Component(CharacterMesh0) Actor(FirstPersonCharacter_C_0)
[2026.04.04-10.21.14:689][190]LogSkinnedMeshComp: Warning: GetSocketByName(torso_JNT): No SkeletalMesh for Component(CharacterMesh0) Actor(FirstPersonCharacter_C_0)
[2026.04.04-10.21.14:690][190]LogNet: ReplicationDriverClass is null! Not using ReplicationDriver.
[2026.04.04-10.21.14:690][190]LogNetCore: DDoS detection status: detection enabled: 0 analytics enabled: 0
[2026.04.04-10.21.14:690][190]LogInit: WinSock: Socket queue. Rx: 131072 (config 131072) Tx: 131072 (config 131072)
[2026.04.04-10.21.14:690][190]LogNet: Created socket for bind address: 0.0.0.0 on port 17777
[2026.04.04-10.21.14:690][190]PacketHandlerLog: Loaded PacketHandler component: Engine.EngineHandlerComponentFactory (StatelessConnectHandlerComponent)
[2026.04.04-10.21.14:690][190]LogNet: GameNetDriver IpNetDriver_2 IpNetDriver listening on port 17777
[2026.04.04-10.21.14:691][190]PIE: Error: SetInputMode_UIOnly expects a valid player controller as 'PlayerController' target
[2026.04.04-10.21.14:694][190]PIE: Server logged in
[2026.04.04-10.21.14:696][190]PIE: Play in editor total start time 0,115 seconds.
[2026.04.04-10.21.14:697][190]LogSkinnedMeshComp: Warning: GetSocketByName(torso_JNT): No SkeletalMesh for Component(CharacterMesh0) Actor(FirstPersonCharacter_2)
[2026.04.04-10.21.15:455][199]LogSkinnedMeshComp: Warning: GetSocketByName(torso_JNT): No SkeletalMesh for Component(CharacterMesh0) Actor(FirstPersonCharacter_C_0)
[2026.04.04-10.21.15:528][200]LogSkinnedMeshComp: Warning: GetSocketByName(torso_JNT): No SkeletalMesh for Component(CharacterMesh0) Actor(FirstPersonCharacter_C_0)
[2026.04.04-10.21.15:598][201]LogSkinnedMeshComp: Warning: GetSocketByName(torso_JNT): No SkeletalMesh for Component(CharacterMesh0) Actor(FirstPersonCharacter_C_0)
[2026.04.04-10.21.15:676][202]LogSkinnedMeshComp: Warning: GetSocketByName(torso_JNT): No SkeletalMesh for Component(CharacterMesh0) Actor(FirstPersonCharacter_C_0)
[2026.04.04-10.21.15:835][204]LogSkinnedMeshComp: Warning: GetSocketByName(torso_JNT): No SkeletalMesh for Component(CharacterMesh0) Actor(FirstPersonCharacter_C_0)
[2026.04.04-10.21.15:918][205]LogSkinnedMeshComp: Warning: GetSocketByName(torso_JNT): No SkeletalMesh for Component(CharacterMesh0) Actor(FirstPersonCharacter_C_0)
[2026.04.04-10.21.15:918][205]LogSkinnedMeshComp: Warning: GetSocketByName(torso_JNT): No SkeletalMesh for Component(CharacterMesh0) Actor(FirstPersonCharacter_C_0)
[2026.04.04-10.21.15:998][206]LogSkinnedMeshComp: Warning: GetSocketByName(torso_JNT): No SkeletalMesh for Component(CharacterMesh0) Actor(FirstPersonCharacter_C_0)
[2026.04.04-10.21.15:998][206]LogSkinnedMeshComp: Warning: GetSocketByName(torso_JNT): No SkeletalMesh for Component(CharacterMesh0) Actor(FirstPersonCharacter_C_0)
[2026.04.04-10.21.16:077][207]LogSkinnedMeshComp: Warning: GetSocketByName(torso_JNT): No SkeletalMesh for Component(CharacterMesh0) Actor(FirstPersonCharacter_C_0)
[2026.04.04-10.21.16:078][207]LogSkinnedMeshComp: Warning: GetSocketByName(torso_JNT): No SkeletalMesh for Component(CharacterMesh0) Actor(FirstPersonCharacter_C_0)
[2026.04.04-10.21.16:150][208]LogSkinnedMeshComp: Warning: GetSocketByName(torso_JNT): No SkeletalMesh for Component(CharacterMesh0) Actor(FirstPersonCharacter_C_0)
[2026.04.04-10.21.16:232][209]LogSkinnedMeshComp: Warning: GetSocketByName(torso_JNT): No SkeletalMesh for Component(CharacterMesh0) Actor(FirstPersonCharacter_C_0)
[2026.04.04-10.21.16:311][210]LogSkinnedMeshComp: Warning: GetSocketByName(torso_JNT): No SkeletalMesh for Component(CharacterMesh0) Actor(FirstPersonCharacter_C_0)
[2026.04.04-10.21.16:384][211]LogSkinnedMeshComp: Warning: GetSocketByName(torso_JNT): No SkeletalMesh for Component(CharacterMesh0) Actor(FirstPersonCharacter_C_0)
[2026.04.04-10.21.16:460][212]LogSkinnedMeshComp: Warning: GetSocketByName(torso_JNT): No SkeletalMesh for Component(CharacterMesh0) Actor(FirstPersonCharacter_C_0)
[2026.04.04-10.21.16:460][212]LogSkinnedMeshComp: Warning: GetSocketByName(torso_JNT): No SkeletalMesh for Component(CharacterMesh0) Actor(FirstPersonCharacter_C_0)
[2026.04.04-10.21.16:522][213]LogSkinnedMeshComp: Warning: GetSocketByName(torso_JNT): No SkeletalMesh for Component(CharacterMesh0) Actor(FirstPersonCharacter_C_0)
[2026.04.04-10.21.16:522][213]LogSkinnedMeshComp: Warning: GetSocketByName(torso_JNT): No SkeletalMesh for Component(CharacterMesh0) Actor(FirstPersonCharacter_C_0)
[2026.04.04-10.21.16:585][214]LogSkinnedMeshComp: Warning: GetSocketByName(torso_JNT): No SkeletalMesh for Component(CharacterMesh0) Actor(FirstPersonCharacter_C_0)
[2026.04.04-10.21.16:643][215]LogSkinnedMeshComp: Warning: GetSocketByName(torso_JNT): No SkeletalMesh for Component(CharacterMesh0) Actor(FirstPersonCharacter_C_0)
[2026.04.04-10.21.16:703][216]LogSkinnedMeshComp: Warning: GetSocketByName(torso_JNT): No SkeletalMesh for Component(CharacterMesh0) Actor(FirstPersonCharacter_C_0)
[2026.04.04-10.21.16:762][217]LogSkinnedMeshComp: Warning: GetSocketByName(torso_JNT): No SkeletalMesh for Component(CharacterMesh0) Actor(FirstPersonCharacter_C_0)
[2026.04.04-10.21.16:820][218]LogSkinnedMeshComp: Warning: GetSocketByName(torso_JNT): No SkeletalMesh for Component(CharacterMesh0) Actor(FirstPersonCharacter_C_0)
[2026.04.04-10.21.16:879][219]LogSkinnedMeshComp: Warning: GetSocketByName(torso_JNT): No SkeletalMesh for Component(CharacterMesh0) Actor(FirstPersonCharacter_C_0)
[2026.04.04-10.21.16:880][219]LogSkinnedMeshComp: Warning: GetSocketByName(torso_JNT): No SkeletalMesh for Component(CharacterMesh0) Actor(FirstPersonCharacter_C_0)
[2026.04.04-10.21.16:935][220]LogSkinnedMeshComp: Warning: GetSocketByName(torso_JNT): No SkeletalMesh for Component(CharacterMesh0) Actor(FirstPersonCharacter_C_0)
[2026.04.04-10.21.16:935][220]LogSkinnedMeshComp: Warning: GetSocketByName(torso_JNT): No SkeletalMesh for Component(CharacterMesh0) Actor(FirstPersonCharacter_C_0)
[2026.04.04-10.21.16:996][221]LogSkinnedMeshComp: Warning: GetSocketByName(torso_JNT): No SkeletalMesh for Component(CharacterMesh0) Actor(FirstPersonCharacter_C_0)
[2026.04.04-10.21.16:997][221]LogSkinnedMeshComp: Warning: GetSocketByName(torso_JNT): No SkeletalMesh for Component(CharacterMesh0) Actor(FirstPersonCharacter_C_0)
[2026.04.04-10.21.17:050][222]LogSkinnedMeshComp: Warning: GetSocketByName(torso_JNT): No SkeletalMesh for Component(CharacterMesh0) Actor(FirstPersonCharacter_C_0)
[2026.04.04-10.21.17:051][222]LogSkinnedMeshComp: Warning: GetSocketByName(torso_JNT): No SkeletalMesh for Component(CharacterMesh0) Actor(FirstPersonCharacter_C_0)
[2026.04.04-10.21.17:110][223]LogSkinnedMeshComp: Warning: GetSocketByName(torso_JNT): No SkeletalMesh for Component(CharacterMesh0) Actor(FirstPersonCharacter_C_0)
[2026.04.04-10.21.17:111][223]LogSkinnedMeshComp: Warning: GetSocketByName(torso_JNT): No SkeletalMesh for Component(CharacterMesh0) Actor(FirstPersonCharacter_C_0)
[2026.04.04-10.21.17:166][224]LogSkinnedMeshComp: Warning: GetSocketByName(torso_JNT): No SkeletalMesh for Component(CharacterMesh0) Actor(FirstPersonCharacter_C_0)
[2026.04.04-10.21.17:167][224]LogSkinnedMeshComp: Warning: GetSocketByName(torso_JNT): No SkeletalMesh for Component(CharacterMesh0) Actor(FirstPersonCharacter_C_0)
[2026.04.04-10.21.17:226][225]LogSkinnedMeshComp: Warning: GetSocketByName(torso_JNT): No SkeletalMesh for Component(CharacterMesh0) Actor(FirstPersonCharacter_C_0)
[2026.04.04-10.21.17:296][226]LogSkinnedMeshComp: Warning: GetSocketByName(torso_JNT): No SkeletalMesh for Component(CharacterMesh0) Actor(FirstPersonCharacter_C_0)
[2026.04.04-10.21.17:362][227]LogSkinnedMeshComp: Warning: GetSocketByName(torso_JNT): No SkeletalMesh for Component(CharacterMesh0) Actor(FirstPersonCharacter_C_0)
[2026.04.04-10.21.17:425][228]LogSkinnedMeshComp: Warning: GetSocketByName(torso_JNT): No SkeletalMesh for Component(CharacterMesh0) Actor(FirstPersonCharacter_C_0)
[2026.04.04-10.21.17:488][229]LogSkinnedMeshComp: Warning: GetSocketByName(torso_JNT): No SkeletalMesh for Component(CharacterMesh0) Actor(FirstPersonCharacter_C_0)
[2026.04.04-10.21.17:552][230]LogSkinnedMeshComp: Warning: GetSocketByName(torso_JNT): No SkeletalMesh for Component(CharacterMesh0) Actor(FirstPersonCharacter_C_0)
[2026.04.04-10.21.17:729][232]LogOnlineSession: Warning: OSS: No game present to leave for session (GameSession)
[2026.04.04-10.21.17:730][232]LogSlate: Updating window title bar state: overlay mode, drag disabled, window buttons hidden, title bar hidden
[2026.04.04-10.21.17:730][232]LogWorld: BeginTearingDown for /Game/MAPS/UEDPIE_0_MP_Lobby
[2026.04.04-10.21.17:730][232]LogSlate: Window 'Playtime_Multiplayer Preview [NetMode: Server]  (64-bit/Windows) ' being destroyed
[2026.04.04-10.21.17:794][232]LogWorld: UWorld::CleanupWorld for MP_Lobby, bSessionEnded=true, bCleanupResources=true
[2026.04.04-10.21.17:795][232]LogSlate: InvalidateAllWidgets triggered.  All widgets were invalidated
[2026.04.04-10.21.17:831][232]LogNet: World NetDriver shutdown IpNetDriver_2 [GameNetDriver]
[2026.04.04-10.21.17:831][232]LogNet: DestroyNamedNetDriver IpNetDriver_2 [GameNetDriver]
[2026.04.04-10.21.17:831][232]LogExit: GameNetDriver IpNetDriver_2 shut down
[2026.04.04-10.21.17:832][232]LogPlayLevel: Display: Shutting down PIE online subsystems
[2026.04.04-10.21.17:851][232]LogSlate: InvalidateAllWidgets triggered.  All widgets were invalidated
[2026.04.04-10.21.17:857][232]LogAudio: Display: Audio Device unregistered from world 'None'.
[2026.04.04-10.21.17:857][232]LogAudioMixer: FMixerPlatformXAudio2::StopAudioStream() called
[2026.04.04-10.21.17:858][232]LogAudioMixer: FMixerPlatformXAudio2::StopAudioStream() called
[2026.04.04-10.21.17:864][232]LogUObjectHash: Compacting FUObjectHashTables data took   0.81ms
[2026.04.04-10.21.17:936][233]LogPlayLevel: Display: Destroying online subsystem :Context_6
[2026.04.04-10.21.19:937][318]LogSlate: Window 'Message Log' being destroyed
[2026.04.04-10.21.19:950][318]LogSlate: Window 'Message Log' being destroyed
[2026.04.04-10.21.20:726][339]LogEditorViewport: Clicking on Actor (LMB): FirstPersonCharacter_C (FirstPersonCharacter)
[2026.04.04-10.21.20:914][342]Cmd: DELETE
[2026.04.04-10.21.20:914][342]Cmd: ACTOR DELETE
[2026.04.04-10.21.20:929][342]LogEditorActor: Deleted Actor: FirstPersonCharacter_C
[2026.04.04-10.21.20:975][342]LogUObjectHash: Compacting FUObjectHashTables data took   1.73ms
[2026.04.04-10.21.20:976][342]LogEditorActor: Deleted 1 Actors (0.060 secs)
[2026.04.04-10.21.23:065][402]LogEditorViewport: Clicking on Actor (LMB): PostProcessVolume (PostProcessVolume)
[2026.04.04-10.21.49:273][  4]LogUObjectHash: Compacting FUObjectHashTables data took   1.00ms
[2026.04.04-10.21.50:214][  4]LogSlate: Window 'Save Content' being destroyed
[2026.04.04-10.21.50:263][  4]LogUObjectHash: Compacting FUObjectHashTables data took   0.30ms
[2026.04.04-10.21.50:307][  4]LogSavePackage: Moving '../../../../../../Users/User/Documents/Unreal Projects/Playtime_Multiplayer/Saved/MP_Lobby6777DA94476E2B8990851AAB3A1C27DE.tmp' to '../../../../../../Users/User/Documents/Unreal Projects/Playtime_Multiplayer/Content/MAPS/MP_Lobby.umap'
[2026.04.04-10.21.50:315][  4]LogFileHelpers: Saving map 'MP_Lobby' took 0.058
[2026.04.04-10.21.50:371][  4]LogAssetEditorSubsystem: Opening Asset editor for World /Game/MAPS/Main_Menu.Main_Menu
[2026.04.04-10.21.50:372][  4]Cmd: MAP LOAD FILE="../../../../../../Users/User/Documents/Unreal Projects/Playtime_Multiplayer/Content/MAPS/Main_Menu.umap" TEMPLATE=0 SHOWPROGRESS=1 FEATURELEVEL=3
[2026.04.04-10.21.50:372][  4]LightingResults: New page: Lighting Build
[2026.04.04-10.21.50:372][  4]LoadErrors: New page: Loading map: Main_Menu.umap
[2026.04.04-10.21.50:375][  4]LogWorld: UWorld::CleanupWorld for MP_Lobby, bSessionEnded=true, bCleanupResources=true
[2026.04.04-10.21.50:375][  4]LogSlate: InvalidateAllWidgets triggered.  All widgets were invalidated
[2026.04.04-10.21.50:375][  4]MapCheck: New page: Map Check
[2026.04.04-10.21.50:375][  4]LightingResults: New page: Lighting Build
[2026.04.04-10.21.50:382][  4]LogAudio: Display: Audio Device unregistered from world 'None'.
[2026.04.04-10.21.50:384][  4]LogUObjectHash: Compacting FUObjectHashTables data took   1.09ms
[2026.04.04-10.21.50:385][  4]LogAudio: Display: Audio Device (ID: 1) registered with world 'Main_Menu'.
[2026.04.04-10.21.50:415][  4]LogEditorServer: Finished looking for orphan Actors (0.000 secs)
[2026.04.04-10.21.50:415][  4]LogAIModule: Creating AISystem for world Main_Menu
[2026.04.04-10.21.50:423][  4]LogUObjectHash: Compacting FUObjectHashTables data took   0.73ms
[2026.04.04-10.21.50:432][  4]Cmd: MAP CHECKDEP NOCLEARLOG
[2026.04.04-10.21.50:432][  4]MapCheck: Map check complete: 0 Error(s), 0 Warning(s), took 0,094ms to complete.
[2026.04.04-10.21.50:432][  4]LogFileHelpers: Loading map 'Main_Menu' took 0.060
[2026.04.04-10.21.50:459][  4]AssetCheck: New page: Asset Save: MP_Lobby
[2026.04.04-10.21.50:459][  4]LogContentValidation: Display: Validating World /Game/MAPS/MP_Lobby.MP_Lobby
[2026.04.04-10.22.12:158][289]LogTemp: Repeating last play command: New Editor Window (PIE)
[2026.04.04-10.22.12:168][289]LogPlayLevel: PlayLevel: No blueprints needed recompiling
[2026.04.04-10.22.12:168][289]PIE: New page: PIE session: Main_Menu (4 апр. 2026 г., 16:22:12)
[2026.04.04-10.22.12:169][289]LogPlayLevel: Creating play world package: /Game/MAPS/UEDPIE_0_Main_Menu
[2026.04.04-10.22.12:176][289]LogPlayLevel: PIE: StaticDuplicateObject took: (0.006320s)
[2026.04.04-10.22.12:177][289]LogAIModule: Creating AISystem for world Main_Menu
[2026.04.04-10.22.12:177][289]LogPlayLevel: PIE: World Init took: (0.001420s)
[2026.04.04-10.22.12:177][289]LogPlayLevel: PIE: Created PIE world by copying editor world from /Game/MAPS/Main_Menu.Main_Menu to /Game/MAPS/UEDPIE_0_Main_Menu.Main_Menu (0.007954s)
[2026.04.04-10.22.12:186][289]LogUObjectHash: Compacting FUObjectHashTables data took   1.00ms
[2026.04.04-10.22.12:187][289]LogAudio: Display: Creating Audio Device:                 Id: 6, Scope: Unique, Realtime: True
[2026.04.04-10.22.12:187][289]LogAudioMixer: Display: Audio Mixer Platform Settings:
[2026.04.04-10.22.12:187][289]LogAudioMixer: Display: 	Sample Rate:						  48000
[2026.04.04-10.22.12:187][289]LogAudioMixer: Display: 	Callback Buffer Frame Size Requested: 1024
[2026.04.04-10.22.12:187][289]LogAudioMixer: Display: 	Callback Buffer Frame Size To Use:	  1024
[2026.04.04-10.22.12:188][289]LogAudioMixer: Display: 	Number of buffers to queue:			  2
[2026.04.04-10.22.12:188][289]LogAudioMixer: Display: 	Max Channels (voices):				  32
[2026.04.04-10.22.12:188][289]LogAudioMixer: Display: 	Number of Async Source Workers:		  0
[2026.04.04-10.22.12:188][289]LogAudio: Display: AudioDevice MaxSources: 32
[2026.04.04-10.22.12:188][289]LogAudio: Display: Audio Spatialization Plugin: None (built-in).
[2026.04.04-10.22.12:188][289]LogAudio: Display: Audio Reverb Plugin: None (built-in).
[2026.04.04-10.22.12:188][289]LogAudio: Display: Audio Occlusion Plugin: None (built-in).
[2026.04.04-10.22.12:188][289]LogAudioMixer: Display: Initializing audio mixer.
[2026.04.04-10.22.12:193][289]LogAudioMixer: Display: 0: FrontLeft
[2026.04.04-10.22.12:193][289]LogAudioMixer: Display: 1: FrontRight
[2026.04.04-10.22.12:219][289]LogAudioMixer: Display: Using Audio Device Headphones (Realtek(R) Audio)
[2026.04.04-10.22.12:219][289]LogAudioMixer: Display: Initializing Sound Submixes...
[2026.04.04-10.22.12:219][289]LogAudioMixer: Display: Creating Master Submix 'MasterSubmixDefault'
[2026.04.04-10.22.12:219][289]LogAudioMixer: Display: Creating Master Submix 'MasterReverbSubmixDefault'
[2026.04.04-10.22.12:220][289]LogAudioMixer: Display: Creating Master Submix 'MasterEQSubmixDefault'
[2026.04.04-10.22.12:220][289]LogAudioMixer: FMixerPlatformXAudio2::StartAudioStream() called
[2026.04.04-10.22.12:220][289]LogAudioMixer: Display: Output buffers initialized: Frames=1024, Channels=2, Samples=2048
[2026.04.04-10.22.12:221][289]LogAudioMixer: Display: Starting AudioMixerPlatformInterface::RunInternal()
[2026.04.04-10.22.12:221][289]LogAudioMixer: Display: FMixerPlatformXAudio2::SubmitBuffer() called for the first time
[2026.04.04-10.22.12:221][289]LogInit: FAudioDevice initialized.
[2026.04.04-10.22.12:221][289]LogAudio: Display: Audio Device (ID: 6) registered with world 'Main_Menu'.
[2026.04.04-10.22.12:277][289]LogSlate: Updating window title bar state: overlay mode, drag disabled, window buttons hidden, title bar hidden
[2026.04.04-10.22.12:277][289]LogLoad: Game class is 'FirstPersonGameMode_C'
[2026.04.04-10.22.12:280][289]LogWorld: Bringing World /Game/MAPS/UEDPIE_0_Main_Menu.Main_Menu up for play (max tick rate 0) at 2026.04.04-13.22.12
[2026.04.04-10.22.12:281][289]LogWorld: Bringing up level for play took: 0.002805
[2026.04.04-10.22.12:281][289]LogOnline: OSS: Creating online subsystem instance for: :Context_7
[2026.04.04-10.22.12:283][289]LogSkinnedMeshComp: Warning: GetSocketByName(torso_JNT): No SkeletalMesh for Component(CharacterMesh0) Actor(FirstPersonCharacter_C_0)
[2026.04.04-10.22.12:285][289]LogSkinnedMeshComp: Warning: GetSocketByName(torso_JNT): No SkeletalMesh for Component(CharacterMesh0) Actor(FirstPersonCharacter_C_0)
[2026.04.04-10.22.12:285][289]LogSkinnedMeshComp: Warning: GetSocketByName(torso_JNT): No SkeletalMesh for Component(CharacterMesh0) Actor(FirstPersonCharacter_C_0)
[2026.04.04-10.22.12:285][289]LogSkinnedMeshComp: Warning: GetSocketByName(torso_JNT): No SkeletalMesh for Component(CharacterMesh0) Actor(FirstPersonCharacter_C_0)
[2026.04.04-10.22.12:285][289]LogSkinnedMeshComp: Warning: GetSocketByName(torso_JNT): No SkeletalMesh for Component(CharacterMesh0) Actor(FirstPersonCharacter_C_0)
[2026.04.04-10.22.12:285][289]LogNet: ReplicationDriverClass is null! Not using ReplicationDriver.
[2026.04.04-10.22.12:285][289]LogNetCore: DDoS detection status: detection enabled: 0 analytics enabled: 0
[2026.04.04-10.22.12:285][289]LogInit: WinSock: Socket queue. Rx: 131072 (config 131072) Tx: 131072 (config 131072)
[2026.04.04-10.22.12:285][289]LogNet: Created socket for bind address: 0.0.0.0 on port 17777
[2026.04.04-10.22.12:285][289]PacketHandlerLog: Loaded PacketHandler component: Engine.EngineHandlerComponentFactory (StatelessConnectHandlerComponent)
[2026.04.04-10.22.12:285][289]LogNet: GameNetDriver IpNetDriver_3 IpNetDriver listening on port 17777
[2026.04.04-10.22.12:287][289]PIE: Server logged in
[2026.04.04-10.22.12:289][289]PIE: Play in editor total start time 0,123 seconds.
[2026.04.04-10.22.33:840][675]LogNet: Browse: /Game/MAPS/MP_Lobby??listen
[2026.04.04-10.22.33:840][675]LogLoad: LoadMap: /Game/MAPS/MP_Lobby??listen
[2026.04.04-10.22.33:840][675]LogWorld: BeginTearingDown for /Game/MAPS/UEDPIE_0_Main_Menu
[2026.04.04-10.22.33:840][675]LogNet: World NetDriver shutdown IpNetDriver_3 [GameNetDriver]
[2026.04.04-10.22.33:841][675]LogNet: DestroyNamedNetDriver IpNetDriver_3 [GameNetDriver]
[2026.04.04-10.22.33:841][675]LogExit: GameNetDriver IpNetDriver_3 shut down
[2026.04.04-10.22.33:842][675]LogWorld: UWorld::CleanupWorld for Main_Menu, bSessionEnded=true, bCleanupResources=true
[2026.04.04-10.22.33:842][675]LogSlate: InvalidateAllWidgets triggered.  All widgets were invalidated
[2026.04.04-10.22.33:886][675]LogAudio: Display: Audio Device unregistered from world 'None'.
[2026.04.04-10.22.33:890][675]LogUObjectHash: Compacting FUObjectHashTables data took   1.57ms
[2026.04.04-10.22.33:891][675]LogPlayLevel: Creating play world package: /Game/MAPS/UEDPIE_0_MP_Lobby
[2026.04.04-10.22.33:908][675]LogPlayLevel: PIE: StaticDuplicateObject took: (0.016496s)
[2026.04.04-10.22.33:910][675]LogAIModule: Creating AISystem for world MP_Lobby
[2026.04.04-10.22.33:910][675]LogPlayLevel: PIE: World Init took: (0.001630s)
[2026.04.04-10.22.33:910][675]LogPlayLevel: PIE: Created PIE world by copying editor world from /Game/MAPS/MP_Lobby.MP_Lobby to /Game/MAPS/UEDPIE_0_MP_Lobby.MP_Lobby (0.018386s)
[2026.04.04-10.22.33:910][675]LogAudio: Display: Audio Device (ID: 6) registered with world 'MP_Lobby'.
[2026.04.04-10.22.33:910][675]LogLoad: Game class is 'FirstPersonGameMode_C'
[2026.04.04-10.22.33:910][675]LogNet: ReplicationDriverClass is null! Not using ReplicationDriver.
[2026.04.04-10.22.33:911][675]LogNetCore: DDoS detection status: detection enabled: 0 analytics enabled: 0
[2026.04.04-10.22.33:911][675]LogInit: WinSock: Socket queue. Rx: 131072 (config 131072) Tx: 131072 (config 131072)
[2026.04.04-10.22.33:911][675]LogNet: Created socket for bind address: 0.0.0.0 on port 7777
[2026.04.04-10.22.33:911][675]PacketHandlerLog: Loaded PacketHandler component: Engine.EngineHandlerComponentFactory (StatelessConnectHandlerComponent)
[2026.04.04-10.22.33:911][675]LogNet: GameNetDriver IpNetDriver_4 IpNetDriver listening on port 7777
[2026.04.04-10.22.33:914][675]LogWorld: Bringing World /Game/MAPS/UEDPIE_0_MP_Lobby.MP_Lobby up for play (max tick rate 0) at 2026.04.04-13.22.33
[2026.04.04-10.22.33:914][675]LogWorld: Bringing up level for play took: 0.002678
[2026.04.04-10.22.33:916][675]LogSkinnedMeshComp: Warning: GetSocketByName(torso_JNT): No SkeletalMesh for Component(CharacterMesh0) Actor(FirstPersonCharacter_C_0)
[2026.04.04-10.22.33:916][675]LogSkinnedMeshComp: Warning: GetSocketByName(torso_JNT): No SkeletalMesh for Component(CharacterMesh0) Actor(FirstPersonCharacter_C_0)
[2026.04.04-10.22.33:916][675]LogSkinnedMeshComp: Warning: GetSocketByName(torso_JNT): No SkeletalMesh for Component(CharacterMesh0) Actor(FirstPersonCharacter_C_0)
[2026.04.04-10.22.33:916][675]LogSkinnedMeshComp: Warning: GetSocketByName(torso_JNT): No SkeletalMesh for Component(CharacterMesh0) Actor(FirstPersonCharacter_C_0)
[2026.04.04-10.22.33:916][675]LogSkinnedMeshComp: Warning: GetSocketByName(torso_JNT): No SkeletalMesh for Component(CharacterMesh0) Actor(FirstPersonCharacter_C_0)
[2026.04.04-10.22.33:917][675]PIE: Error: SetInputMode_UIOnly expects a valid player controller as 'PlayerController' target
[2026.04.04-10.22.33:917][675]LogLoad: Took 0.077464 seconds to LoadMap(/Game/MAPS/UEDPIE_0_MP_Lobby)
[2026.04.04-10.22.35:331][694]LogSkinnedMeshComp: Warning: GetSocketByName(torso_JNT): No SkeletalMesh for Component(CharacterMesh0) Actor(FirstPersonCharacter_C_0)
[2026.04.04-10.22.35:403][695]LogSkinnedMeshComp: Warning: GetSocketByName(torso_JNT): No SkeletalMesh for Component(CharacterMesh0) Actor(FirstPersonCharacter_C_0)
[2026.04.04-10.22.35:478][696]LogSkinnedMeshComp: Warning: GetSocketByName(torso_JNT): No SkeletalMesh for Component(CharacterMesh0) Actor(FirstPersonCharacter_C_0)
[2026.04.04-10.22.35:555][697]LogSkinnedMeshComp: Warning: GetSocketByName(torso_JNT): No SkeletalMesh for Component(CharacterMesh0) Actor(FirstPersonCharacter_C_0)
[2026.04.04-10.22.35:866][701]LogSkinnedMeshComp: Warning: GetSocketByName(torso_JNT): No SkeletalMesh for Component(CharacterMesh0) Actor(FirstPersonCharacter_C_0)
[2026.04.04-10.22.35:942][702]LogSkinnedMeshComp: Warning: GetSocketByName(torso_JNT): No SkeletalMesh for Component(CharacterMesh0) Actor(FirstPersonCharacter_C_0)
[2026.04.04-10.22.36:016][703]LogSkinnedMeshComp: Warning: GetSocketByName(torso_JNT): No SkeletalMesh for Component(CharacterMesh0) Actor(FirstPersonCharacter_C_0)
[2026.04.04-10.22.36:094][704]LogSkinnedMeshComp: Warning: GetSocketByName(torso_JNT): No SkeletalMesh for Component(CharacterMesh0) Actor(FirstPersonCharacter_C_0)
[2026.04.04-10.22.36:172][705]LogSkinnedMeshComp: Warning: GetSocketByName(torso_JNT): No SkeletalMesh for Component(CharacterMesh0) Actor(FirstPersonCharacter_C_0)
[2026.04.04-10.22.36:420][708]LogSkinnedMeshComp: Warning: GetSocketByName(torso_JNT): No SkeletalMesh for Component(CharacterMesh0) Actor(FirstPersonCharacter_C_0)
[2026.04.04-10.22.36:420][708]LogSkinnedMeshComp: Warning: GetSocketByName(torso_JNT): No SkeletalMesh for Component(CharacterMesh0) Actor(FirstPersonCharacter_C_0)
[2026.04.04-10.22.36:498][709]LogSkinnedMeshComp: Warning: GetSocketByName(torso_JNT): No SkeletalMesh for Component(CharacterMesh0) Actor(FirstPersonCharacter_C_0)
[2026.04.04-10.22.36:580][710]LogSkinnedMeshComp: Warning: GetSocketByName(torso_JNT): No SkeletalMesh for Component(CharacterMesh0) Actor(FirstPersonCharacter_C_0)
[2026.04.04-10.22.36:580][710]LogSkinnedMeshComp: Warning: GetSocketByName(torso_JNT): No SkeletalMesh for Component(CharacterMesh0) Actor(FirstPersonCharacter_C_0)
[2026.04.04-10.22.36:662][711]LogSkinnedMeshComp: Warning: GetSocketByName(torso_JNT): No SkeletalMesh for Component(CharacterMesh0) Actor(FirstPersonCharacter_C_0)
[2026.04.04-10.22.36:663][711]LogSkinnedMeshComp: Warning: GetSocketByName(torso_JNT): No SkeletalMesh for Component(CharacterMesh0) Actor(FirstPersonCharacter_C_0)
[2026.04.04-10.22.36:745][712]LogSkinnedMeshComp: Warning: GetSocketByName(torso_JNT): No SkeletalMesh for Component(CharacterMesh0) Actor(FirstPersonCharacter_C_0)
[2026.04.04-10.22.36:746][712]LogSkinnedMeshComp: Warning: GetSocketByName(torso_JNT): No SkeletalMesh for Component(CharacterMesh0) Actor(FirstPersonCharacter_C_0)
[2026.04.04-10.22.36:835][713]LogSkinnedMeshComp: Warning: GetSocketByName(torso_JNT): No SkeletalMesh for Component(CharacterMesh0) Actor(FirstPersonCharacter_C_0)
[2026.04.04-10.22.37:677][723]LogSkinnedMeshComp: Warning: GetSocketByName(torso_JNT): No SkeletalMesh for Component(CharacterMesh0) Actor(FirstPersonCharacter_C_0)
[2026.04.04-10.22.37:759][724]LogSkinnedMeshComp: Warning: GetSocketByName(torso_JNT): No SkeletalMesh for Component(CharacterMesh0) Actor(FirstPersonCharacter_C_0)
[2026.04.04-10.22.37:932][726]LogSkinnedMeshComp: Warning: GetSocketByName(torso_JNT): No SkeletalMesh for Component(CharacterMesh0) Actor(FirstPersonCharacter_C_0)
[2026.04.04-10.22.38:017][727]LogSkinnedMeshComp: Warning: GetSocketByName(torso_JNT): No SkeletalMesh for Component(CharacterMesh0) Actor(FirstPersonCharacter_C_0)
[2026.04.04-10.22.38:017][727]LogSkinnedMeshComp: Warning: GetSocketByName(torso_JNT): No SkeletalMesh for Component(CharacterMesh0) Actor(FirstPersonCharacter_C_0)
[2026.04.04-10.22.38:104][728]LogSkinnedMeshComp: Warning: GetSocketByName(torso_JNT): No SkeletalMesh for Component(CharacterMesh0) Actor(FirstPersonCharacter_C_0)
[2026.04.04-10.22.38:105][728]LogSkinnedMeshComp: Warning: GetSocketByName(torso_JNT): No SkeletalMesh for Component(CharacterMesh0) Actor(FirstPersonCharacter_C_0)
[2026.04.04-10.22.38:194][729]LogSkinnedMeshComp: Warning: GetSocketByName(torso_JNT): No SkeletalMesh for Component(CharacterMesh0) Actor(FirstPersonCharacter_C_0)
[2026.04.04-10.22.38:195][729]LogSkinnedMeshComp: Warning: GetSocketByName(torso_JNT): No SkeletalMesh for Component(CharacterMesh0) Actor(FirstPersonCharacter_C_0)
[2026.04.04-10.22.38:278][730]LogSkinnedMeshComp: Warning: GetSocketByName(torso_JNT): No SkeletalMesh for Component(CharacterMesh0) Actor(FirstPersonCharacter_C_0)
[2026.04.04-10.22.38:279][730]LogSkinnedMeshComp: Warning: GetSocketByName(torso_JNT): No SkeletalMesh for Component(CharacterMesh0) Actor(FirstPersonCharacter_C_0)
[2026.04.04-10.22.38:357][731]LogSkinnedMeshComp: Warning: GetSocketByName(torso_JNT): No SkeletalMesh for Component(CharacterMesh0) Actor(FirstPersonCharacter_C_0)
[2026.04.04-10.22.38:357][731]LogSkinnedMeshComp: Warning: GetSocketByName(torso_JNT): No SkeletalMesh for Component(CharacterMesh0) Actor(FirstPersonCharacter_C_0)
[2026.04.04-10.22.38:438][732]LogSkinnedMeshComp: Warning: GetSocketByName(torso_JNT): No SkeletalMesh for Component(CharacterMesh0) Actor(FirstPersonCharacter_C_0)
[2026.04.04-10.22.38:525][733]LogSkinnedMeshComp: Warning: GetSocketByName(torso_JNT): No SkeletalMesh for Component(CharacterMesh0) Actor(FirstPersonCharacter_C_0)
[2026.04.04-10.22.38:610][734]LogSkinnedMeshComp: Warning: GetSocketByName(torso_JNT): No SkeletalMesh for Component(CharacterMesh0) Actor(FirstPersonCharacter_C_0)
[2026.04.04-10.22.38:610][734]LogSkinnedMeshComp: Warning: GetSocketByName(torso_JNT): No SkeletalMesh for Component(CharacterMesh0) Actor(FirstPersonCharacter_C_0)
[2026.04.04-10.22.38:696][735]LogSkinnedMeshComp: Warning: GetSocketByName(torso_JNT): No SkeletalMesh for Component(CharacterMesh0) Actor(FirstPersonCharacter_C_0)
[2026.04.04-10.22.38:696][735]LogSkinnedMeshComp: Warning: GetSocketByName(torso_JNT): No SkeletalMesh for Component(CharacterMesh0) Actor(FirstPersonCharacter_C_0)
[2026.04.04-10.22.38:775][736]LogSkinnedMeshComp: Warning: GetSocketByName(torso_JNT): No SkeletalMesh for Component(CharacterMesh0) Actor(FirstPersonCharacter_C_0)
[2026.04.04-10.22.38:776][736]LogSkinnedMeshComp: Warning: GetSocketByName(torso_JNT): No SkeletalMesh for Component(CharacterMesh0) Actor(FirstPersonCharacter_C_0)
[2026.04.04-10.22.38:851][737]LogSkinnedMeshComp: Warning: GetSocketByName(torso_JNT): No SkeletalMesh for Component(CharacterMesh0) Actor(FirstPersonCharacter_C_0)
[2026.04.04-10.22.38:851][737]LogSkinnedMeshComp: Warning: GetSocketByName(torso_JNT): No SkeletalMesh for Component(CharacterMesh0) Actor(FirstPersonCharacter_C_0)
[2026.04.04-10.22.38:985][739]LogSkinnedMeshComp: Warning: GetSocketByName(torso_JNT): No SkeletalMesh for Component(CharacterMesh0) Actor(FirstPersonCharacter_C_0)
[2026.04.04-10.22.39:054][740]LogSkinnedMeshComp: Warning: GetSocketByName(torso_JNT): No SkeletalMesh for Component(CharacterMesh0) Actor(FirstPersonCharacter_C_0)
[2026.04.04-10.22.39:054][740]LogSkinnedMeshComp: Warning: GetSocketByName(torso_JNT): No SkeletalMesh for Component(CharacterMesh0) Actor(FirstPersonCharacter_C_0)
[2026.04.04-10.22.39:123][741]LogSkinnedMeshComp: Warning: GetSocketByName(torso_JNT): No SkeletalMesh for Component(CharacterMesh0) Actor(FirstPersonCharacter_C_0)
[2026.04.04-10.22.39:124][741]LogSkinnedMeshComp: Warning: GetSocketByName(torso_JNT): No SkeletalMesh for Component(CharacterMesh0) Actor(FirstPersonCharacter_C_0)
[2026.04.04-10.22.39:192][742]LogSkinnedMeshComp: Warning: GetSocketByName(torso_JNT): No SkeletalMesh for Component(CharacterMesh0) Actor(FirstPersonCharacter_C_0)
[2026.04.04-10.22.39:802][751]LogSkinnedMeshComp: Warning: GetSocketByName(torso_JNT): No SkeletalMesh for Component(CharacterMesh0) Actor(FirstPersonCharacter_C_0)
[2026.04.04-10.22.39:802][751]LogSkinnedMeshComp: Warning: GetSocketByName(torso_JNT): No SkeletalMesh for Component(CharacterMesh0) Actor(FirstPersonCharacter_C_0)
[2026.04.04-10.22.39:873][752]LogSkinnedMeshComp: Warning: GetSocketByName(torso_JNT): No SkeletalMesh for Component(CharacterMesh0) Actor(FirstPersonCharacter_C_0)
[2026.04.04-10.22.39:873][752]LogSkinnedMeshComp: Warning: GetSocketByName(torso_JNT): No SkeletalMesh for Component(CharacterMesh0) Actor(FirstPersonCharacter_C_0)
[2026.04.04-10.22.39:941][753]LogSkinnedMeshComp: Warning: GetSocketByName(torso_JNT): No SkeletalMesh for Component(CharacterMesh0) Actor(FirstPersonCharacter_C_0)
[2026.04.04-10.22.39:942][753]LogSkinnedMeshComp: Warning: GetSocketByName(torso_JNT): No SkeletalMesh for Component(CharacterMesh0) Actor(FirstPersonCharacter_C_0)
[2026.04.04-10.22.40:032][754]LogSkinnedMeshComp: Warning: GetSocketByName(torso_JNT): No SkeletalMesh for Component(CharacterMesh0) Actor(FirstPersonCharacter_C_0)
[2026.04.04-10.22.40:032][754]LogSkinnedMeshComp: Warning: GetSocketByName(torso_JNT): No SkeletalMesh for Component(CharacterMesh0) Actor(FirstPersonCharacter_C_0)
[2026.04.04-10.22.40:115][755]LogSkinnedMeshComp: Warning: GetSocketByName(torso_JNT): No SkeletalMesh for Component(CharacterMesh0) Actor(FirstPersonCharacter_C_0)
[2026.04.04-10.22.40:199][756]LogSkinnedMeshComp: Warning: GetSocketByName(torso_JNT): No SkeletalMesh for Component(CharacterMesh0) Actor(FirstPersonCharacter_C_0)
[2026.04.04-10.22.40:283][757]LogSkinnedMeshComp: Warning: GetSocketByName(torso_JNT): No SkeletalMesh for Component(CharacterMesh0) Actor(FirstPersonCharacter_C_0)
[2026.04.04-10.22.40:375][758]LogSkinnedMeshComp: Warning: GetSocketByName(torso_JNT): No SkeletalMesh for Component(CharacterMesh0) Actor(FirstPersonCharacter_C_0)
[2026.04.04-10.22.40:375][758]LogSkinnedMeshComp: Warning: GetSocketByName(torso_JNT): No SkeletalMesh for Component(CharacterMesh0) Actor(FirstPersonCharacter_C_0)
[2026.04.04-10.22.40:463][759]LogSkinnedMeshComp: Warning: GetSocketByName(torso_JNT): No SkeletalMesh for Component(CharacterMesh0) Actor(FirstPersonCharacter_C_0)
[2026.04.04-10.22.40:464][759]LogSkinnedMeshComp: Warning: GetSocketByName(torso_JNT): No SkeletalMesh for Component(CharacterMesh0) Actor(FirstPersonCharacter_C_0)
[2026.04.04-10.22.40:555][760]LogSkinnedMeshComp: Warning: GetSocketByName(torso_JNT): No SkeletalMesh for Component(CharacterMesh0) Actor(FirstPersonCharacter_C_0)
[2026.04.04-10.22.40:555][760]LogSkinnedMeshComp: Warning: GetSocketByName(torso_JNT): No SkeletalMesh for Component(CharacterMesh0) Actor(FirstPersonCharacter_C_0)
[2026.04.04-10.22.40:647][761]LogSkinnedMeshComp: Warning: GetSocketByName(torso_JNT): No SkeletalMesh for Component(CharacterMesh0) Actor(FirstPersonCharacter_C_0)
[2026.04.04-10.22.40:647][761]LogSkinnedMeshComp: Warning: GetSocketByName(torso_JNT): No SkeletalMesh for Component(CharacterMesh0) Actor(FirstPersonCharacter_C_0)
[2026.04.04-10.22.40:735][762]LogSkinnedMeshComp: Warning: GetSocketByName(torso_JNT): No SkeletalMesh for Component(CharacterMesh0) Actor(FirstPersonCharacter_C_0)
[2026.04.04-10.22.40:735][762]LogSkinnedMeshComp: Warning: GetSocketByName(torso_JNT): No SkeletalMesh for Component(CharacterMesh0) Actor(FirstPersonCharacter_C_0)
[2026.04.04-10.22.40:832][763]LogSkinnedMeshComp: Warning: GetSocketByName(torso_JNT): No SkeletalMesh for Component(CharacterMesh0) Actor(FirstPersonCharacter_C_0)
[2026.04.04-10.22.40:833][763]LogSkinnedMeshComp: Warning: GetSocketByName(torso_JNT): No SkeletalMesh for Component(CharacterMesh0) Actor(FirstPersonCharacter_C_0)
[2026.04.04-10.22.41:103][766]LogSkinnedMeshComp: Warning: GetSocketByName(torso_JNT): No SkeletalMesh for Component(CharacterMesh0) Actor(FirstPersonCharacter_C_0)
[2026.04.04-10.22.41:196][767]LogSkinnedMeshComp: Warning: GetSocketByName(torso_JNT): No SkeletalMesh for Component(CharacterMesh0) Actor(FirstPersonCharacter_C_0)
[2026.04.04-10.22.41:291][768]LogSkinnedMeshComp: Warning: GetSocketByName(torso_JNT): No SkeletalMesh for Component(CharacterMesh0) Actor(FirstPersonCharacter_C_0)
[2026.04.04-10.22.41:292][768]LogSkinnedMeshComp: Warning: GetSocketByName(torso_JNT): No SkeletalMesh for Component(CharacterMesh0) Actor(FirstPersonCharacter_C_0)
[2026.04.04-10.22.41:385][769]LogSkinnedMeshComp: Warning: GetSocketByName(torso_JNT): No SkeletalMesh for Component(CharacterMesh0) Actor(FirstPersonCharacter_C_0)
[2026.04.04-10.22.41:470][770]LogSkinnedMeshComp: Warning: GetSocketByName(torso_JNT): No SkeletalMesh for Component(CharacterMesh0) Actor(FirstPersonCharacter_C_0)
[2026.04.04-10.22.41:471][770]LogSkinnedMeshComp: Warning: GetSocketByName(torso_JNT): No SkeletalMesh for Component(CharacterMesh0) Actor(FirstPersonCharacter_C_0)
[2026.04.04-10.22.41:551][771]LogSkinnedMeshComp: Warning: GetSocketByName(torso_JNT): No SkeletalMesh for Component(CharacterMesh0) Actor(FirstPersonCharacter_C_0)
[2026.04.04-10.22.41:552][771]LogSkinnedMeshComp: Warning: GetSocketByName(torso_JNT): No SkeletalMesh for Component(CharacterMesh0) Actor(FirstPersonCharacter_C_0)
[2026.04.04-10.22.41:645][772]LogSkinnedMeshComp: Warning: GetSocketByName(torso_JNT): No SkeletalMesh for Component(CharacterMesh0) Actor(FirstPersonCharacter_C_0)
[2026.04.04-10.22.41:735][773]LogSkinnedMeshComp: Warning: GetSocketByName(torso_JNT): No SkeletalMesh for Component(CharacterMesh0) Actor(FirstPersonCharacter_C_0)
[2026.04.04-10.22.41:827][774]LogSkinnedMeshComp: Warning: GetSocketByName(torso_JNT): No SkeletalMesh for Component(CharacterMesh0) Actor(FirstPersonCharacter_C_0)
[2026.04.04-10.22.41:922][775]LogSkinnedMeshComp: Warning: GetSocketByName(torso_JNT): No SkeletalMesh for Component(CharacterMesh0) Actor(FirstPersonCharacter_C_0)
[2026.04.04-10.22.41:922][775]LogSkinnedMeshComp: Warning: GetSocketByName(torso_JNT): No SkeletalMesh for Component(CharacterMesh0) Actor(FirstPersonCharacter_C_0)
[2026.04.04-10.22.42:011][776]LogSkinnedMeshComp: Warning: GetSocketByName(torso_JNT): No SkeletalMesh for Component(CharacterMesh0) Actor(FirstPersonCharacter_C_0)
[2026.04.04-10.22.42:011][776]LogSkinnedMeshComp: Warning: GetSocketByName(torso_JNT): No SkeletalMesh for Component(CharacterMesh0) Actor(FirstPersonCharacter_C_0)
[2026.04.04-10.22.42:100][777]LogSkinnedMeshComp: Warning: GetSocketByName(torso_JNT): No SkeletalMesh for Component(CharacterMesh0) Actor(FirstPersonCharacter_C_0)
[2026.04.04-10.22.42:100][777]LogSkinnedMeshComp: Warning: GetSocketByName(torso_JNT): No SkeletalMesh for Component(CharacterMesh0) Actor(FirstPersonCharacter_C_0)
[2026.04.04-10.22.42:192][778]LogSkinnedMeshComp: Warning: GetSocketByName(torso_JNT): No SkeletalMesh for Component(CharacterMesh0) Actor(FirstPersonCharacter_C_0)
[2026.04.04-10.22.42:280][779]LogSkinnedMeshComp: Warning: GetSocketByName(torso_JNT): No SkeletalMesh for Component(CharacterMesh0) Actor(FirstPersonCharacter_C_0)
[2026.04.04-10.22.42:371][780]LogSkinnedMeshComp: Warning: GetSocketByName(torso_JNT): No SkeletalMesh for Component(CharacterMesh0) Actor(FirstPersonCharacter_C_0)
[2026.04.04-10.22.42:466][781]LogSkinnedMeshComp: Warning: GetSocketByName(torso_JNT): No SkeletalMesh for Component(CharacterMesh0) Actor(FirstPersonCharacter_C_0)
[2026.04.04-10.22.42:468][781]LogSkinnedMeshComp: Warning: GetSocketByName(torso_JNT): No SkeletalMesh for Component(CharacterMesh0) Actor(FirstPersonCharacter_C_0)
[2026.04.04-10.22.42:568][782]LogSkinnedMeshComp: Warning: GetSocketByName(torso_JNT): No SkeletalMesh for Component(CharacterMesh0) Actor(FirstPersonCharacter_C_0)
[2026.04.04-10.22.42:569][782]LogSkinnedMeshComp: Warning: GetSocketByName(torso_JNT): No SkeletalMesh for Component(CharacterMesh0) Actor(FirstPersonCharacter_C_0)
[2026.04.04-10.22.42:664][783]LogSkinnedMeshComp: Warning: GetSocketByName(torso_JNT): No SkeletalMesh for Component(CharacterMesh0) Actor(FirstPersonCharacter_C_0)
[2026.04.04-10.22.42:665][783]LogSkinnedMeshComp: Warning: GetSocketByName(torso_JNT): No SkeletalMesh for Component(CharacterMesh0) Actor(FirstPersonCharacter_C_0)
[2026.04.04-10.22.42:761][784]LogSkinnedMeshComp: Warning: GetSocketByName(torso_JNT): No SkeletalMesh for Component(CharacterMesh0) Actor(FirstPersonCharacter_C_0)
[2026.04.04-10.22.42:761][784]LogSkinnedMeshComp: Warning: GetSocketByName(torso_JNT): No SkeletalMesh for Component(CharacterMesh0) Actor(FirstPersonCharacter_C_0)
[2026.04.04-10.22.42:859][785]LogSkinnedMeshComp: Warning: GetSocketByName(torso_JNT): No SkeletalMesh for Component(CharacterMesh0) Actor(FirstPersonCharacter_C_0)
[2026.04.04-10.22.42:859][785]LogSkinnedMeshComp: Warning: GetSocketByName(torso_JNT): No SkeletalMesh for Component(CharacterMesh0) Actor(FirstPersonCharacter_C_0)
[2026.04.04-10.22.42:949][786]LogSkinnedMeshComp: Warning: GetSocketByName(torso_JNT): No SkeletalMesh for Component(CharacterMesh0) Actor(FirstPersonCharacter_C_0)
[2026.04.04-10.22.43:043][787]LogSkinnedMeshComp: Warning: GetSocketByName(torso_JNT): No SkeletalMesh for Component(CharacterMesh0) Actor(FirstPersonCharacter_C_0)
[2026.04.04-10.22.43:045][787]LogSkinnedMeshComp: Warning: GetSocketByName(torso_JNT): No SkeletalMesh for Component(CharacterMesh0) Actor(FirstPersonCharacter_C_0)
[2026.04.04-10.22.43:133][788]LogSkinnedMeshComp: Warning: GetSocketByName(torso_JNT): No SkeletalMesh for Component(CharacterMesh0) Actor(FirstPersonCharacter_C_0)
[2026.04.04-10.22.43:133][788]LogSkinnedMeshComp: Warning: GetSocketByName(torso_JNT): No SkeletalMesh for Component(CharacterMesh0) Actor(FirstPersonCharacter_C_0)
[2026.04.04-10.22.43:223][789]LogSkinnedMeshComp: Warning: GetSocketByName(torso_JNT): No SkeletalMesh for Component(CharacterMesh0) Actor(FirstPersonCharacter_C_0)
[2026.04.04-10.22.43:223][789]LogSkinnedMeshComp: Warning: GetSocketByName(torso_JNT): No SkeletalMesh for Component(CharacterMesh0) Actor(FirstPersonCharacter_C_0)
[2026.04.04-10.22.43:316][790]LogSkinnedMeshComp: Warning: GetSocketByName(torso_JNT): No SkeletalMesh for Component(CharacterMesh0) Actor(FirstPersonCharacter_C_0)
[2026.04.04-10.22.43:407][791]LogSkinnedMeshComp: Warning: GetSocketByName(torso_JNT): No SkeletalMesh for Component(CharacterMesh0) Actor(FirstPersonCharacter_C_0)
[2026.04.04-10.22.43:491][792]LogSkinnedMeshComp: Warning: GetSocketByName(torso_JNT): No SkeletalMesh for Component(CharacterMesh0) Actor(FirstPersonCharacter_C_0)
[2026.04.04-10.22.43:575][793]LogSkinnedMeshComp: Warning: GetSocketByName(torso_JNT): No SkeletalMesh for Component(CharacterMesh0) Actor(FirstPersonCharacter_C_0)
[2026.04.04-10.22.43:660][794]LogSkinnedMeshComp: Warning: GetSocketByName(torso_JNT): No SkeletalMesh for Component(CharacterMesh0) Actor(FirstPersonCharacter_C_0)
[2026.04.04-10.22.43:742][795]LogSkinnedMeshComp: Warning: GetSocketByName(torso_JNT): No SkeletalMesh for Component(CharacterMesh0) Actor(FirstPersonCharacter_C_0)
[2026.04.04-10.22.43:742][795]LogSkinnedMeshComp: Warning: GetSocketByName(torso_JNT): No SkeletalMesh for Component(CharacterMesh0) Actor(FirstPersonCharacter_C_0)
[2026.04.04-10.22.43:822][796]LogSkinnedMeshComp: Warning: GetSocketByName(torso_JNT): No SkeletalMesh for Component(CharacterMesh0) Actor(FirstPersonCharacter_C_0)
[2026.04.04-10.22.43:822][796]LogSkinnedMeshComp: Warning: GetSocketByName(torso_JNT): No SkeletalMesh for Component(CharacterMesh0) Actor(FirstPersonCharacter_C_0)
[2026.04.04-10.22.43:900][797]LogSkinnedMeshComp: Warning: GetSocketByName(torso_JNT): No SkeletalMesh for Component(CharacterMesh0) Actor(FirstPersonCharacter_C_0)
[2026.04.04-10.22.43:900][797]LogSkinnedMeshComp: Warning: GetSocketByName(torso_JNT): No SkeletalMesh for Component(CharacterMesh0) Actor(FirstPersonCharacter_C_0)
[2026.04.04-10.22.43:985][798]LogSkinnedMeshComp: Warning: GetSocketByName(torso_JNT): No SkeletalMesh for Component(CharacterMesh0) Actor(FirstPersonCharacter_C_0)
[2026.04.04-10.22.43:986][798]LogSkinnedMeshComp: Warning: GetSocketByName(torso_JNT): No SkeletalMesh for Component(CharacterMesh0) Actor(FirstPersonCharacter_C_0)
[2026.04.04-10.22.44:068][799]LogSkinnedMeshComp: Warning: GetSocketByName(torso_JNT): No SkeletalMesh for Component(CharacterMesh0) Actor(FirstPersonCharacter_C_0)
[2026.04.04-10.22.44:068][799]LogSkinnedMeshComp: Warning: GetSocketByName(torso_JNT): No SkeletalMesh for Component(CharacterMesh0) Actor(FirstPersonCharacter_C_0)
[2026.04.04-10.22.44:147][800]LogSkinnedMeshComp: Warning: GetSocketByName(torso_JNT): No SkeletalMesh for Component(CharacterMesh0) Actor(FirstPersonCharacter_C_0)
[2026.04.04-10.22.44:147][800]LogSkinnedMeshComp: Warning: GetSocketByName(torso_JNT): No SkeletalMesh for Component(CharacterMesh0) Actor(FirstPersonCharacter_C_0)
[2026.04.04-10.22.44:231][801]LogSkinnedMeshComp: Warning: GetSocketByName(torso_JNT): No SkeletalMesh for Component(CharacterMesh0) Actor(FirstPersonCharacter_C_0)
[2026.04.04-10.22.44:231][801]LogSkinnedMeshComp: Warning: GetSocketByName(torso_JNT): No SkeletalMesh for Component(CharacterMesh0) Actor(FirstPersonCharacter_C_0)
[2026.04.04-10.22.44:318][802]LogSkinnedMeshComp: Warning: GetSocketByName(torso_JNT): No SkeletalMesh for Component(CharacterMesh0) Actor(FirstPersonCharacter_C_0)
[2026.04.04-10.22.44:318][802]LogSkinnedMeshComp: Warning: GetSocketByName(torso_JNT): No SkeletalMesh for Component(CharacterMesh0) Actor(FirstPersonCharacter_C_0)
[2026.04.04-10.22.44:402][803]LogSkinnedMeshComp: Warning: GetSocketByName(torso_JNT): No SkeletalMesh for Component(CharacterMesh0) Actor(FirstPersonCharacter_C_0)
[2026.04.04-10.22.44:566][805]LogSkinnedMeshComp: Warning: GetSocketByName(torso_JNT): No SkeletalMesh for Component(CharacterMesh0) Actor(FirstPersonCharacter_C_0)
[2026.04.04-10.22.44:653][806]LogSkinnedMeshComp: Warning: GetSocketByName(torso_JNT): No SkeletalMesh for Component(CharacterMesh0) Actor(FirstPersonCharacter_C_0)
[2026.04.04-10.22.44:654][806]LogSkinnedMeshComp: Warning: GetSocketByName(torso_JNT): No SkeletalMesh for Component(CharacterMesh0) Actor(FirstPersonCharacter_C_0)
[2026.04.04-10.22.44:736][807]LogSkinnedMeshComp: Warning: GetSocketByName(torso_JNT): No SkeletalMesh for Component(CharacterMesh0) Actor(FirstPersonCharacter_C_0)
[2026.04.04-10.22.44:737][807]LogSkinnedMeshComp: Warning: GetSocketByName(torso_JNT): No SkeletalMesh for Component(CharacterMesh0) Actor(FirstPersonCharacter_C_0)
[2026.04.04-10.22.44:825][808]LogSkinnedMeshComp: Warning: GetSocketByName(torso_JNT): No SkeletalMesh for Component(CharacterMesh0) Actor(FirstPersonCharacter_C_0)
[2026.04.04-10.22.44:826][808]LogSkinnedMeshComp: Warning: GetSocketByName(torso_JNT): No SkeletalMesh for Component(CharacterMesh0) Actor(FirstPersonCharacter_C_0)
[2026.04.04-10.22.44:922][809]LogSkinnedMeshComp: Warning: GetSocketByName(torso_JNT): No SkeletalMesh for Component(CharacterMesh0) Actor(FirstPersonCharacter_C_0)
[2026.04.04-10.22.45:012][810]LogSkinnedMeshComp: Warning: GetSocketByName(torso_JNT): No SkeletalMesh for Component(CharacterMesh0) Actor(FirstPersonCharacter_C_0)
[2026.04.04-10.22.45:100][811]LogSkinnedMeshComp: Warning: GetSocketByName(torso_JNT): No SkeletalMesh for Component(CharacterMesh0) Actor(FirstPersonCharacter_C_0)
[2026.04.04-10.22.45:194][812]LogSkinnedMeshComp: Warning: GetSocketByName(torso_JNT): No SkeletalMesh for Component(CharacterMesh0) Actor(FirstPersonCharacter_C_0)
[2026.04.04-10.22.45:290][813]LogSkinnedMeshComp: Warning: GetSocketByName(torso_JNT): No SkeletalMesh for Component(CharacterMesh0) Actor(FirstPersonCharacter_C_0)
[2026.04.04-10.22.45:386][814]LogSkinnedMeshComp: Warning: GetSocketByName(torso_JNT): No SkeletalMesh for Component(CharacterMesh0) Actor(FirstPersonCharacter_C_0)
[2026.04.04-10.22.45:478][815]LogSkinnedMeshComp: Warning: GetSocketByName(torso_JNT): No SkeletalMesh for Component(CharacterMesh0) Actor(FirstPersonCharacter_C_0)
[2026.04.04-10.22.45:568][816]LogSkinnedMeshComp: Warning: GetSocketByName(torso_JNT): No SkeletalMesh for Component(CharacterMesh0) Actor(FirstPersonCharacter_C_0)
[2026.04.04-10.22.45:662][817]LogSkinnedMeshComp: Warning: GetSocketByName(torso_JNT): No SkeletalMesh for Component(CharacterMesh0) Actor(FirstPersonCharacter_C_0)
[2026.04.04-10.22.45:754][818]LogSkinnedMeshComp: Warning: GetSocketByName(torso_JNT): No SkeletalMesh for Component(CharacterMesh0) Actor(FirstPersonCharacter_C_0)
[2026.04.04-10.22.45:856][819]LogSkinnedMeshComp: Warning: GetSocketByName(torso_JNT): No SkeletalMesh for Component(CharacterMesh0) Actor(FirstPersonCharacter_C_0)
[2026.04.04-10.22.45:954][820]LogSkinnedMeshComp: Warning: GetSocketByName(torso_JNT): No SkeletalMesh for Component(CharacterMesh0) Actor(FirstPersonCharacter_C_0)
[2026.04.04-10.22.46:054][821]LogSkinnedMeshComp: Warning: GetSocketByName(torso_JNT): No SkeletalMesh for Component(CharacterMesh0) Actor(FirstPersonCharacter_C_0)
[2026.04.04-10.22.46:149][822]LogSkinnedMeshComp: Warning: GetSocketByName(torso_JNT): No SkeletalMesh for Component(CharacterMesh0) Actor(FirstPersonCharacter_C_0)
[2026.04.04-10.22.46:251][823]LogSkinnedMeshComp: Warning: GetSocketByName(torso_JNT): No SkeletalMesh for Component(CharacterMesh0) Actor(FirstPersonCharacter_C_0)
[2026.04.04-10.22.46:252][823]LogSkinnedMeshComp: Warning: GetSocketByName(torso_JNT): No SkeletalMesh for Component(CharacterMesh0) Actor(FirstPersonCharacter_C_0)
[2026.04.04-10.22.46:352][824]LogSkinnedMeshComp: Warning: GetSocketByName(torso_JNT): No SkeletalMesh for Component(CharacterMesh0) Actor(FirstPersonCharacter_C_0)
[2026.04.04-10.22.46:354][824]LogSkinnedMeshComp: Warning: GetSocketByName(torso_JNT): No SkeletalMesh for Component(CharacterMesh0) Actor(FirstPersonCharacter_C_0)
[2026.04.04-10.22.46:454][825]LogSkinnedMeshComp: Warning: GetSocketByName(torso_JNT): No SkeletalMesh for Component(CharacterMesh0) Actor(FirstPersonCharacter_C_0)
[2026.04.04-10.22.46:454][825]LogSkinnedMeshComp: Warning: GetSocketByName(torso_JNT): No SkeletalMesh for Component(CharacterMesh0) Actor(FirstPersonCharacter_C_0)
[2026.04.04-10.22.46:557][826]LogSkinnedMeshComp: Warning: GetSocketByName(torso_JNT): No SkeletalMesh for Component(CharacterMesh0) Actor(FirstPersonCharacter_C_0)
[2026.04.04-10.22.46:558][826]LogSkinnedMeshComp: Warning: GetSocketByName(torso_JNT): No SkeletalMesh for Component(CharacterMesh0) Actor(FirstPersonCharacter_C_0)
[2026.04.04-10.22.46:656][827]LogSkinnedMeshComp: Warning: GetSocketByName(torso_JNT): No SkeletalMesh for Component(CharacterMesh0) Actor(FirstPersonCharacter_C_0)
[2026.04.04-10.22.46:751][828]LogSkinnedMeshComp: Warning: GetSocketByName(torso_JNT): No SkeletalMesh for Component(CharacterMesh0) Actor(FirstPersonCharacter_C_0)
[2026.04.04-10.22.46:846][829]LogSkinnedMeshComp: Warning: GetSocketByName(torso_JNT): No SkeletalMesh for Component(CharacterMesh0) Actor(FirstPersonCharacter_C_0)
[2026.04.04-10.22.46:944][830]LogSkinnedMeshComp: Warning: GetSocketByName(torso_JNT): No SkeletalMesh for Component(CharacterMesh0) Actor(FirstPersonCharacter_C_0)
[2026.04.04-10.22.47:038][831]LogSkinnedMeshComp: Warning: GetSocketByName(torso_JNT): No SkeletalMesh for Component(CharacterMesh0) Actor(FirstPersonCharacter_C_0)
[2026.04.04-10.22.47:137][832]LogSkinnedMeshComp: Warning: GetSocketByName(torso_JNT): No SkeletalMesh for Component(CharacterMesh0) Actor(FirstPersonCharacter_C_0)
[2026.04.04-10.22.47:138][832]LogSkinnedMeshComp: Warning: GetSocketByName(torso_JNT): No SkeletalMesh for Component(CharacterMesh0) Actor(FirstPersonCharacter_C_0)
[2026.04.04-10.22.47:248][833]LogSkinnedMeshComp: Warning: GetSocketByName(torso_JNT): No SkeletalMesh for Component(CharacterMesh0) Actor(FirstPersonCharacter_C_0)
[2026.04.04-10.22.47:341][834]LogSkinnedMeshComp: Warning: GetSocketByName(torso_JNT): No SkeletalMesh for Component(CharacterMesh0) Actor(FirstPersonCharacter_C_0)
[2026.04.04-10.22.47:428][835]LogSkinnedMeshComp: Warning: GetSocketByName(torso_JNT): No SkeletalMesh for Component(CharacterMesh0) Actor(FirstPersonCharacter_C_0)
[2026.04.04-10.22.47:515][836]LogSkinnedMeshComp: Warning: GetSocketByName(torso_JNT): No SkeletalMesh for Component(CharacterMesh0) Actor(FirstPersonCharacter_C_0)
[2026.04.04-10.22.47:596][837]LogSkinnedMeshComp: Warning: GetSocketByName(torso_JNT): No SkeletalMesh for Component(CharacterMesh0) Actor(FirstPersonCharacter_C_0)
[2026.04.04-10.22.47:674][838]LogSkinnedMeshComp: Warning: GetSocketByName(torso_JNT): No SkeletalMesh for Component(CharacterMesh0) Actor(FirstPersonCharacter_C_0)
[2026.04.04-10.22.47:746][839]LogSkinnedMeshComp: Warning: GetSocketByName(torso_JNT): No SkeletalMesh for Component(CharacterMesh0) Actor(FirstPersonCharacter_C_0)
[2026.04.04-10.22.47:747][839]LogSkinnedMeshComp: Warning: GetSocketByName(torso_JNT): No SkeletalMesh for Component(CharacterMesh0) Actor(FirstPersonCharacter_C_0)
[2026.04.04-10.22.47:819][840]LogSkinnedMeshComp: Warning: GetSocketByName(torso_JNT): No SkeletalMesh for Component(CharacterMesh0) Actor(FirstPersonCharacter_C_0)
[2026.04.04-10.22.47:819][840]LogSkinnedMeshComp: Warning: GetSocketByName(torso_JNT): No SkeletalMesh for Component(CharacterMesh0) Actor(FirstPersonCharacter_C_0)
[2026.04.04-10.22.47:897][841]LogSkinnedMeshComp: Warning: GetSocketByName(torso_JNT): No SkeletalMesh for Component(CharacterMesh0) Actor(FirstPersonCharacter_C_0)
[2026.04.04-10.22.47:897][841]LogSkinnedMeshComp: Warning: GetSocketByName(torso_JNT): No SkeletalMesh for Component(CharacterMesh0) Actor(FirstPersonCharacter_C_0)
[2026.04.04-10.22.47:976][842]LogSkinnedMeshComp: Warning: GetSocketByName(torso_JNT): No SkeletalMesh for Component(CharacterMesh0) Actor(FirstPersonCharacter_C_0)
[2026.04.04-10.22.47:977][842]LogSkinnedMeshComp: Warning: GetSocketByName(torso_JNT): No SkeletalMesh for Component(CharacterMesh0) Actor(FirstPersonCharacter_C_0)
[2026.04.04-10.22.48:061][843]LogSkinnedMeshComp: Warning: GetSocketByName(torso_JNT): No SkeletalMesh for Component(CharacterMesh0) Actor(FirstPersonCharacter_C_0)
[2026.04.04-10.22.48:141][844]LogSkinnedMeshComp: Warning: GetSocketByName(torso_JNT): No SkeletalMesh for Component(CharacterMesh0) Actor(FirstPersonCharacter_C_0)
[2026.04.04-10.22.48:219][845]LogSkinnedMeshComp: Warning: GetSocketByName(torso_JNT): No SkeletalMesh for Component(CharacterMesh0) Actor(FirstPersonCharacter_C_0)
[2026.04.04-10.22.48:295][846]LogSkinnedMeshComp: Warning: GetSocketByName(torso_JNT): No SkeletalMesh for Component(CharacterMesh0) Actor(FirstPersonCharacter_C_0)
[2026.04.04-10.22.48:378][847]LogSkinnedMeshComp: Warning: GetSocketByName(torso_JNT): No SkeletalMesh for Component(CharacterMesh0) Actor(FirstPersonCharacter_C_0)
[2026.04.04-10.22.48:462][848]LogSkinnedMeshComp: Warning: GetSocketByName(torso_JNT): No SkeletalMesh for Component(CharacterMesh0) Actor(FirstPersonCharacter_C_0)
[2026.04.04-10.22.48:534][849]LogSkinnedMeshComp: Warning: GetSocketByName(torso_JNT): No SkeletalMesh for Component(CharacterMesh0) Actor(FirstPersonCharacter_C_0)
[2026.04.04-10.22.48:611][850]LogSkinnedMeshComp: Warning: GetSocketByName(torso_JNT): No SkeletalMesh for Component(CharacterMesh0) Actor(FirstPersonCharacter_C_0)
[2026.04.04-10.22.48:688][851]LogSkinnedMeshComp: Warning: GetSocketByName(torso_JNT): No SkeletalMesh for Component(CharacterMesh0) Actor(FirstPersonCharacter_C_0)
[2026.04.04-10.22.48:689][851]LogSkinnedMeshComp: Warning: GetSocketByName(torso_JNT): No SkeletalMesh for Component(CharacterMesh0) Actor(FirstPersonCharacter_C_0)
[2026.04.04-10.22.48:761][852]LogSkinnedMeshComp: Warning: GetSocketByName(torso_JNT): No SkeletalMesh for Component(CharacterMesh0) Actor(FirstPersonCharacter_C_0)
[2026.04.04-10.22.48:761][852]LogSkinnedMeshComp: Warning: GetSocketByName(torso_JNT): No SkeletalMesh for Component(CharacterMesh0) Actor(FirstPersonCharacter_C_0)
[2026.04.04-10.22.48:840][853]LogSkinnedMeshComp: Warning: GetSocketByName(torso_JNT): No SkeletalMesh for Component(CharacterMesh0) Actor(FirstPersonCharacter_C_0)
[2026.04.04-10.22.48:840][853]LogSkinnedMeshComp: Warning: GetSocketByName(torso_JNT): No SkeletalMesh for Component(CharacterMesh0) Actor(FirstPersonCharacter_C_0)
[2026.04.04-10.22.48:919][854]LogSkinnedMeshComp: Warning: GetSocketByName(torso_JNT): No SkeletalMesh for Component(CharacterMesh0) Actor(FirstPersonCharacter_C_0)
[2026.04.04-10.22.48:993][855]LogSkinnedMeshComp: Warning: GetSocketByName(torso_JNT): No SkeletalMesh for Component(CharacterMesh0) Actor(FirstPersonCharacter_C_0)
[2026.04.04-10.22.49:069][856]LogSkinnedMeshComp: Warning: GetSocketByName(torso_JNT): No SkeletalMesh for Component(CharacterMesh0) Actor(FirstPersonCharacter_C_0)
[2026.04.04-10.22.49:147][857]LogSkinnedMeshComp: Warning: GetSocketByName(torso_JNT): No SkeletalMesh for Component(CharacterMesh0) Actor(FirstPersonCharacter_C_0)
[2026.04.04-10.22.49:227][858]LogSkinnedMeshComp: Warning: GetSocketByName(torso_JNT): No SkeletalMesh for Component(CharacterMesh0) Actor(FirstPersonCharacter_C_0)
[2026.04.04-10.22.49:302][859]LogSkinnedMeshComp: Warning: GetSocketByName(torso_JNT): No SkeletalMesh for Component(CharacterMesh0) Actor(FirstPersonCharacter_C_0)
[2026.04.04-10.22.49:382][860]LogSkinnedMeshComp: Warning: GetSocketByName(torso_JNT): No SkeletalMesh for Component(CharacterMesh0) Actor(FirstPersonCharacter_C_0)
[2026.04.04-10.22.49:457][861]LogSkinnedMeshComp: Warning: GetSocketByName(torso_JNT): No SkeletalMesh for Component(CharacterMesh0) Actor(FirstPersonCharacter_C_0)
[2026.04.04-10.22.49:526][862]LogSkinnedMeshComp: Warning: GetSocketByName(torso_JNT): No SkeletalMesh for Component(CharacterMesh0) Actor(FirstPersonCharacter_C_0)
[2026.04.04-10.22.49:597][863]LogSkinnedMeshComp: Warning: GetSocketByName(torso_JNT): No SkeletalMesh for Component(CharacterMesh0) Actor(FirstPersonCharacter_C_0)
[2026.04.04-10.22.49:663][864]LogSkinnedMeshComp: Warning: GetSocketByName(torso_JNT): No SkeletalMesh for Component(CharacterMesh0) Actor(FirstPersonCharacter_C_0)
[2026.04.04-10.22.49:728][865]LogSkinnedMeshComp: Warning: GetSocketByName(torso_JNT): No SkeletalMesh for Component(CharacterMesh0) Actor(FirstPersonCharacter_C_0)
[2026.04.04-10.22.49:794][866]LogSkinnedMeshComp: Warning: GetSocketByName(torso_JNT): No SkeletalMesh for Component(CharacterMesh0) Actor(FirstPersonCharacter_C_0)
[2026.04.04-10.22.49:859][867]LogSkinnedMeshComp: Warning: GetSocketByName(torso_JNT): No SkeletalMesh for Component(CharacterMesh0) Actor(FirstPersonCharacter_C_0)
[2026.04.04-10.22.49:925][868]LogSkinnedMeshComp: Warning: GetSocketByName(torso_JNT): No SkeletalMesh for Component(CharacterMesh0) Actor(FirstPersonCharacter_C_0)
[2026.04.04-10.22.49:989][869]LogSkinnedMeshComp: Warning: GetSocketByName(torso_JNT): No SkeletalMesh for Component(CharacterMesh0) Actor(FirstPersonCharacter_C_0)
[2026.04.04-10.22.50:054][870]LogSkinnedMeshComp: Warning: GetSocketByName(torso_JNT): No SkeletalMesh for Component(CharacterMesh0) Actor(FirstPersonCharacter_C_0)
[2026.04.04-10.22.50:113][871]LogSkinnedMeshComp: Warning: GetSocketByName(torso_JNT): No SkeletalMesh for Component(CharacterMesh0) Actor(FirstPersonCharacter_C_0)
[2026.04.04-10.22.50:176][872]LogSkinnedMeshComp: Warning: GetSocketByName(torso_JNT): No SkeletalMesh for Component(CharacterMesh0) Actor(FirstPersonCharacter_C_0)
[2026.04.04-10.22.50:235][873]LogSkinnedMeshComp: Warning: GetSocketByName(torso_JNT): No SkeletalMesh for Component(CharacterMesh0) Actor(FirstPersonCharacter_C_0)
[2026.04.04-10.22.50:296][874]LogSkinnedMeshComp: Warning: GetSocketByName(torso_JNT): No SkeletalMesh for Component(CharacterMesh0) Actor(FirstPersonCharacter_C_0)
[2026.04.04-10.22.50:296][874]LogSkinnedMeshComp: Warning: GetSocketByName(torso_JNT): No SkeletalMesh for Component(CharacterMesh0) Actor(FirstPersonCharacter_C_0)
[2026.04.04-10.22.50:353][875]LogSkinnedMeshComp: Warning: GetSocketByName(torso_JNT): No SkeletalMesh for Component(CharacterMesh0) Actor(FirstPersonCharacter_C_0)
[2026.04.04-10.22.50:354][875]LogSkinnedMeshComp: Warning: GetSocketByName(torso_JNT): No SkeletalMesh for Component(CharacterMesh0) Actor(FirstPersonCharacter_C_0)
[2026.04.04-10.22.50:411][876]LogSkinnedMeshComp: Warning: GetSocketByName(torso_JNT): No SkeletalMesh for Component(CharacterMesh0) Actor(FirstPersonCharacter_C_0)
[2026.04.04-10.22.50:411][876]LogSkinnedMeshComp: Warning: GetSocketByName(torso_JNT): No SkeletalMesh for Component(CharacterMesh0) Actor(FirstPersonCharacter_C_0)
[2026.04.04-10.22.50:465][877]LogSkinnedMeshComp: Warning: GetSocketByName(torso_JNT): No SkeletalMesh for Component(CharacterMesh0) Actor(FirstPersonCharacter_C_0)
[2026.04.04-10.22.50:465][877]LogSkinnedMeshComp: Warning: GetSocketByName(torso_JNT): No SkeletalMesh for Component(CharacterMesh0) Actor(FirstPersonCharacter_C_0)
[2026.04.04-10.22.50:648][880]LogSkinnedMeshComp: Warning: GetSocketByName(torso_JNT): No SkeletalMesh for Component(CharacterMesh0) Actor(FirstPersonCharacter_C_0)
[2026.04.04-10.22.50:708][881]LogSkinnedMeshComp: Warning: GetSocketByName(torso_JNT): No SkeletalMesh for Component(CharacterMesh0) Actor(FirstPersonCharacter_C_0)
[2026.04.04-10.22.50:767][882]LogSkinnedMeshComp: Warning: GetSocketByName(torso_JNT): No SkeletalMesh for Component(CharacterMesh0) Actor(FirstPersonCharacter_C_0)
[2026.04.04-10.22.50:829][883]LogSkinnedMeshComp: Warning: GetSocketByName(torso_JNT): No SkeletalMesh for Component(CharacterMesh0) Actor(FirstPersonCharacter_C_0)
[2026.04.04-10.22.54:074][901]LogSkinnedMeshComp: Warning: GetSocketByName(torso_JNT): No SkeletalMesh for Component(CharacterMesh0) Actor(FirstPersonCharacter_C_0)
[2026.04.04-10.22.54:132][902]LogSkinnedMeshComp: Warning: GetSocketByName(torso_JNT): No SkeletalMesh for Component(CharacterMesh0) Actor(FirstPersonCharacter_C_0)
[2026.04.04-10.22.54:133][902]LogSkinnedMeshComp: Warning: GetSocketByName(torso_JNT): No SkeletalMesh for Component(CharacterMesh0) Actor(FirstPersonCharacter_C_0)
[2026.04.04-10.22.54:188][903]LogSkinnedMeshComp: Warning: GetSocketByName(torso_JNT): No SkeletalMesh for Component(CharacterMesh0) Actor(FirstPersonCharacter_C_0)
[2026.04.04-10.22.54:188][903]LogSkinnedMeshComp: Warning: GetSocketByName(torso_JNT): No SkeletalMesh for Component(CharacterMesh0) Actor(FirstPersonCharacter_C_0)
[2026.04.04-10.22.54:250][904]LogSkinnedMeshComp: Warning: GetSocketByName(torso_JNT): No SkeletalMesh for Component(CharacterMesh0) Actor(FirstPersonCharacter_C_0)
[2026.04.04-10.22.54:315][905]LogSkinnedMeshComp: Warning: GetSocketByName(torso_JNT): No SkeletalMesh for Component(CharacterMesh0) Actor(FirstPersonCharacter_C_0)
[2026.04.04-10.22.54:381][906]LogSkinnedMeshComp: Warning: GetSocketByName(torso_JNT): No SkeletalMesh for Component(CharacterMesh0) Actor(FirstPersonCharacter_C_0)
[2026.04.04-10.22.54:447][907]LogSkinnedMeshComp: Warning: GetSocketByName(torso_JNT): No SkeletalMesh for Component(CharacterMesh0) Actor(FirstPersonCharacter_C_0)
[2026.04.04-10.22.54:515][908]LogSkinnedMeshComp: Warning: GetSocketByName(torso_JNT): No SkeletalMesh for Component(CharacterMesh0) Actor(FirstPersonCharacter_C_0)
[2026.04.04-10.22.54:516][908]LogSkinnedMeshComp: Warning: GetSocketByName(torso_JNT): No SkeletalMesh for Component(CharacterMesh0) Actor(FirstPersonCharacter_C_0)
[2026.04.04-10.22.54:586][909]LogSkinnedMeshComp: Warning: GetSocketByName(torso_JNT): No SkeletalMesh for Component(CharacterMesh0) Actor(FirstPersonCharacter_C_0)
[2026.04.04-10.22.54:587][909]LogSkinnedMeshComp: Warning: GetSocketByName(torso_JNT): No SkeletalMesh for Component(CharacterMesh0) Actor(FirstPersonCharacter_C_0)
[2026.04.04-10.22.54:656][910]LogSkinnedMeshComp: Warning: GetSocketByName(torso_JNT): No SkeletalMesh for Component(CharacterMesh0) Actor(FirstPersonCharacter_C_0)
[2026.04.04-10.22.54:656][910]LogSkinnedMeshComp: Warning: GetSocketByName(torso_JNT): No SkeletalMesh for Component(CharacterMesh0) Actor(FirstPersonCharacter_C_0)
[2026.04.04-10.22.54:718][911]LogSkinnedMeshComp: Warning: GetSocketByName(torso_JNT): No SkeletalMesh for Component(CharacterMesh0) Actor(FirstPersonCharacter_C_0)
[2026.04.04-10.22.54:718][911]LogSkinnedMeshComp: Warning: GetSocketByName(torso_JNT): No SkeletalMesh for Component(CharacterMesh0) Actor(FirstPersonCharacter_C_0)
[2026.04.04-10.22.54:778][912]LogSkinnedMeshComp: Warning: GetSocketByName(torso_JNT): No SkeletalMesh for Component(CharacterMesh0) Actor(FirstPersonCharacter_C_0)
[2026.04.04-10.22.54:778][912]LogSkinnedMeshComp: Warning: GetSocketByName(torso_JNT): No SkeletalMesh for Component(CharacterMesh0) Actor(FirstPersonCharacter_C_0)
[2026.04.04-10.22.54:835][913]LogSkinnedMeshComp: Warning: GetSocketByName(torso_JNT): No SkeletalMesh for Component(CharacterMesh0) Actor(FirstPersonCharacter_C_0)
[2026.04.04-10.22.54:836][913]LogSkinnedMeshComp: Warning: GetSocketByName(torso_JNT): No SkeletalMesh for Component(CharacterMesh0) Actor(FirstPersonCharacter_C_0)
[2026.04.04-10.22.54:895][914]LogSkinnedMeshComp: Warning: GetSocketByName(torso_JNT): No SkeletalMesh for Component(CharacterMesh0) Actor(FirstPersonCharacter_C_0)
[2026.04.04-10.22.54:895][914]LogSkinnedMeshComp: Warning: GetSocketByName(torso_JNT): No SkeletalMesh for Component(CharacterMesh0) Actor(FirstPersonCharacter_C_0)
[2026.04.04-10.22.54:955][915]LogSkinnedMeshComp: Warning: GetSocketByName(torso_JNT): No SkeletalMesh for Component(CharacterMesh0) Actor(FirstPersonCharacter_C_0)
[2026.04.04-10.22.54:955][915]LogSkinnedMeshComp: Warning: GetSocketByName(torso_JNT): No SkeletalMesh for Component(CharacterMesh0) Actor(FirstPersonCharacter_C_0)
[2026.04.04-10.22.55:012][916]LogSkinnedMeshComp: Warning: GetSocketByName(torso_JNT): No SkeletalMesh for Component(CharacterMesh0) Actor(FirstPersonCharacter_C_0)
[2026.04.04-10.22.55:013][916]LogSkinnedMeshComp: Warning: GetSocketByName(torso_JNT): No SkeletalMesh for Component(CharacterMesh0) Actor(FirstPersonCharacter_C_0)
[2026.04.04-10.22.55:074][917]LogSkinnedMeshComp: Warning: GetSocketByName(torso_JNT): No SkeletalMesh for Component(CharacterMesh0) Actor(FirstPersonCharacter_C_0)
[2026.04.04-10.22.55:132][918]LogSkinnedMeshComp: Warning: GetSocketByName(torso_JNT): No SkeletalMesh for Component(CharacterMesh0) Actor(FirstPersonCharacter_C_0)
[2026.04.04-10.22.55:903][931]LogSkinnedMeshComp: Warning: GetSocketByName(torso_JNT): No SkeletalMesh for Component(CharacterMesh0) Actor(FirstPersonCharacter_C_0)
[2026.04.04-10.22.55:967][932]LogSkinnedMeshComp: Warning: GetSocketByName(torso_JNT): No SkeletalMesh for Component(CharacterMesh0) Actor(FirstPersonCharacter_C_0)
[2026.04.04-10.22.55:967][932]LogSkinnedMeshComp: Warning: GetSocketByName(torso_JNT): No SkeletalMesh for Component(CharacterMesh0) Actor(FirstPersonCharacter_C_0)
[2026.04.04-10.22.56:027][933]LogSkinnedMeshComp: Warning: GetSocketByName(torso_JNT): No SkeletalMesh for Component(CharacterMesh0) Actor(FirstPersonCharacter_C_0)
[2026.04.04-10.22.56:027][933]LogSkinnedMeshComp: Warning: GetSocketByName(torso_JNT): No SkeletalMesh for Component(CharacterMesh0) Actor(FirstPersonCharacter_C_0)
[2026.04.04-10.22.56:083][934]LogSkinnedMeshComp: Warning: GetSocketByName(torso_JNT): No SkeletalMesh for Component(CharacterMesh0) Actor(FirstPersonCharacter_C_0)
[2026.04.04-10.22.56:083][934]LogSkinnedMeshComp: Warning: GetSocketByName(torso_JNT): No SkeletalMesh for Component(CharacterMesh0) Actor(FirstPersonCharacter_C_0)
[2026.04.04-10.22.56:145][935]LogSkinnedMeshComp: Warning: GetSocketByName(torso_JNT): No SkeletalMesh for Component(CharacterMesh0) Actor(FirstPersonCharacter_C_0)
[2026.04.04-10.22.56:203][936]LogSkinnedMeshComp: Warning: GetSocketByName(torso_JNT): No SkeletalMesh for Component(CharacterMesh0) Actor(FirstPersonCharacter_C_0)
[2026.04.04-10.22.56:265][937]LogSkinnedMeshComp: Warning: GetSocketByName(torso_JNT): No SkeletalMesh for Component(CharacterMesh0) Actor(FirstPersonCharacter_C_0)
[2026.04.04-10.22.56:329][938]LogSkinnedMeshComp: Warning: GetSocketByName(torso_JNT): No SkeletalMesh for Component(CharacterMesh0) Actor(FirstPersonCharacter_C_0)
[2026.04.04-10.22.56:391][939]LogSkinnedMeshComp: Warning: GetSocketByName(torso_JNT): No SkeletalMesh for Component(CharacterMesh0) Actor(FirstPersonCharacter_C_0)
[2026.04.04-10.22.56:744][945]Cmd: ToggleDebugCamera
[2026.04.04-10.23.04:019][117]LogSlate: Updating window title bar state: overlay mode, drag disabled, window buttons hidden, title bar hidden
[2026.04.04-10.23.04:019][117]LogWorld: BeginTearingDown for /Game/MAPS/UEDPIE_0_MP_Lobby
[2026.04.04-10.23.04:019][117]LogSlate: Window 'Playtime_Multiplayer Preview [NetMode: Server]  (64-bit/Windows) ' being destroyed
[2026.04.04-10.23.04:029][117]LogWorld: UWorld::CleanupWorld for MP_Lobby, bSessionEnded=true, bCleanupResources=true
[2026.04.04-10.23.04:031][117]LogSlate: InvalidateAllWidgets triggered.  All widgets were invalidated
[2026.04.04-10.23.04:047][117]LogNet: World NetDriver shutdown IpNetDriver_4 [GameNetDriver]
[2026.04.04-10.23.04:047][117]LogNet: DestroyNamedNetDriver IpNetDriver_4 [GameNetDriver]
[2026.04.04-10.23.04:047][117]LogExit: GameNetDriver IpNetDriver_4 shut down
[2026.04.04-10.23.04:048][117]LogPlayLevel: Display: Shutting down PIE online subsystems
[2026.04.04-10.23.04:051][117]LogSlate: InvalidateAllWidgets triggered.  All widgets were invalidated
[2026.04.04-10.23.04:059][117]LogAudioMixer: FMixerPlatformXAudio2::StopAudioStream() called
[2026.04.04-10.23.04:061][117]LogAudioMixer: FMixerPlatformXAudio2::StopAudioStream() called
[2026.04.04-10.23.04:065][117]LogSkinnedMeshComp: Warning: GetSocketByName(torso_JNT): No SkeletalMesh for Component(CharacterMesh0) Actor(None)
[2026.04.04-10.23.04:068][117]LogUObjectHash: Compacting FUObjectHashTables data took   0.95ms
[2026.04.04-10.23.04:191][118]LogPlayLevel: Display: Destroying online subsystem :Context_7
[2026.04.04-10.23.06:197][225]LogSlate: Window 'Message Log' being destroyed
[2026.04.04-10.23.06:214][225]LogSlate: Window 'Message Log' being destroyed
[2026.04.04-10.23.10:584][346]LogEditorViewport: Clicking on Actor (LMB): SkeletalMeshActor (huggy_wuggy_PhysicsAsset)
[2026.04.04-10.23.30:316][693]LogUObjectHash: Compacting FUObjectHashTables data took   0.96ms
[2026.04.04-10.23.30:337][693]LogSavePackage: Moving '../../../../../../Users/User/Documents/Unreal Projects/Playtime_Multiplayer/Saved/Main_MenuB34C329A4CAE1FA5307C1BAE74536102.tmp' to '../../../../../../Users/User/Documents/Unreal Projects/Playtime_Multiplayer/Content/MAPS/Main_Menu.umap'
[2026.04.04-10.23.30:358][693]AssetCheck: New page: Asset Save: Main_Menu
[2026.04.04-10.23.30:358][693]LogContentValidation: Display: Validating World /Game/MAPS/Main_Menu.Main_Menu
[2026.04.04-10.23.32:905][823]LogUObjectHash: Compacting FUObjectHashTables data took   0.56ms
[2026.04.04-10.23.34:058][854]LogUObjectHash: Compacting FUObjectHashTables data took   0.31ms
[2026.04.04-10.23.34:722][875]LogUObjectHash: Compacting FUObjectHashTables data took   0.33ms
[2026.04.04-10.23.34:756][875]LogSlate: Window 'Playtime_Multiplayer - Unreal Editor' being destroyed
[2026.04.04-10.23.34:918][876]Cmd: QUIT_EDITOR
[2026.04.04-10.23.34:918][876]LogCore: Engine exit requested (reason: UUnrealEdEngine::CloseEditor())
[2026.04.04-10.23.34:924][876]LogCore: Engine exit requested (reason: EngineExit() was called; note: exit was already requested)
[2026.04.04-10.23.35:281][876]LogAudio: Display: Beginning Audio Device Manager Shutdown (Module: AudioMixerXAudio2)...
[2026.04.04-10.23.35:281][876]LogAudio: Display: Destroying 1 Remaining Audio Device(s)...
[2026.04.04-10.23.35:281][876]LogAudio: Display: Audio Device unregistered from world 'Main_Menu'.
[2026.04.04-10.23.35:281][876]LogAudioMixer: FMixerPlatformXAudio2::StopAudioStream() called
[2026.04.04-10.23.35:283][876]LogAudioMixer: FMixerPlatformXAudio2::StopAudioStream() called
[2026.04.04-10.23.35:293][876]LogAudio: Display: Audio Device Manager Shutdown
[2026.04.04-10.23.35:293][876]LogWindowsTextInputMethodSystem: Display: IME system deactivated.
[2026.04.04-10.23.35:303][876]LogExit: Preparing to exit.
[2026.04.04-10.23.35:488][876]LogUObjectHash: Compacting FUObjectHashTables data took   1.04ms
[2026.04.04-10.23.35:623][876]LogWorld: UWorld::CleanupWorld for World_1, bSessionEnded=true, bCleanupResources=true
[2026.04.04-10.23.35:623][876]LogWorld: UWorld::CleanupWorld for World_0, bSessionEnded=true, bCleanupResources=true
[2026.04.04-10.23.35:623][876]LogWorld: UWorld::CleanupWorld for None, bSessionEnded=true, bCleanupResources=true
[2026.04.04-10.23.35:658][876]LogDemo: Cleaned up 0 splitscreen connections with owner deletion
[2026.04.04-10.23.35:689][876]LogWorld: UWorld::CleanupWorld for None, bSessionEnded=true, bCleanupResources=true
[2026.04.04-10.23.35:689][876]LogExit: Editor shut down
[2026.04.04-10.23.35:690][876]LogExit: Transaction tracking system shut down
[2026.04.04-10.23.36:231][876]LogExit: Object subsystem successfully closed.
[2026.04.04-10.23.36:263][876]LogShaderCompilers: Display: === FShaderJobCache stats ===
[2026.04.04-10.23.36:263][876]LogShaderCompilers: Display: Total job queries 0, among them cache hits 0 (0.00%)
[2026.04.04-10.23.36:263][876]LogShaderCompilers: Display: Tracking 0 distinct input hashes that result in 0 distinct outputs (0.00%)
[2026.04.04-10.23.36:265][876]LogShaderCompilers: Display: RAM used: 0.00 MB (0.00 GB) of 409.60 MB (0.40 GB) budget. Usage: 0.00%
[2026.04.04-10.23.36:265][876]LogShaderCompilers: Display: ================================================
[2026.04.04-10.23.36:285][876]LogShaderCompilers: Display: Shaders left to compile 0
[2026.04.04-10.23.36:359][876]LogModuleManager: Shutting down and abandoning module MovieSceneCapture (879)
[2026.04.04-10.23.36:359][876]LogModuleManager: Shutting down and abandoning module Voice (877)
[2026.04.04-10.23.36:359][876]LogModuleManager: Shutting down and abandoning module StatsViewer (875)
[2026.04.04-10.23.36:360][876]LogModuleManager: Shutting down and abandoning module HierarchicalLODOutliner (873)
[2026.04.04-10.23.36:360][876]LogModuleManager: Shutting down and abandoning module SceneOutliner (871)
[2026.04.04-10.23.36:360][876]LogModuleManager: Shutting down and abandoning module AddContentDialog (869)
[2026.04.04-10.23.36:363][876]LogModuleManager: Shutting down and abandoning module WidgetCarousel (868)
[2026.04.04-10.23.36:363][876]LogModuleManager: Shutting down and abandoning module EditorWidgets (865)
[2026.04.04-10.23.36:363][876]LogModuleManager: Shutting down and abandoning module PIEPreviewDeviceProfileSelector (863)
[2026.04.04-10.23.36:363][876]LogModuleManager: Shutting down and abandoning module SequenceRecorderSections (861)
[2026.04.04-10.23.36:363][876]LogModuleManager: Shutting down and abandoning module AutomationWorker (859)
[2026.04.04-10.23.36:363][876]LogModuleManager: Shutting down and abandoning module SteamVREditor (857)
[2026.04.04-10.23.36:363][876]LogModuleManager: Shutting down and abandoning module OculusMR (855)
[2026.04.04-10.23.36:363][876]LogModuleManager: Shutting down and abandoning module CameraShakePreviewer (853)
[2026.04.04-10.23.36:365][876]LogModuleManager: Shutting down and abandoning module TakeRecorderSources (851)
[2026.04.04-10.23.36:366][876]LogModuleManager: Shutting down and abandoning module TakeRecorder (850)
[2026.04.04-10.23.36:367][876]LogModuleManager: Shutting down and abandoning module TakeTrackRecorders (847)
[2026.04.04-10.23.36:367][876]LogModuleManager: Shutting down and abandoning module TakesCore (845)
[2026.04.04-10.23.36:367][876]LogModuleManager: Shutting down and abandoning module OpenXRInput (843)
[2026.04.04-10.23.36:367][876]LogModuleManager: Shutting down and abandoning module GooglePADEditor (841)
[2026.04.04-10.23.36:367][876]LogModuleManager: Shutting down and abandoning module AudioCaptureEditor (839)
[2026.04.04-10.23.36:367][876]LogModuleManager: Shutting down and abandoning module TemplateSequenceEditor (837)
[2026.04.04-10.23.36:368][876]LogModuleManager: Shutting down and abandoning module MatineeToLevelSequence (835)
[2026.04.04-10.23.36:369][876]LogModuleManager: Shutting down and abandoning module LevelSequenceEditor (833)
[2026.04.04-10.23.36:370][876]LogModuleManager: Shutting down and abandoning module ActorSequenceEditor (831)
[2026.04.04-10.23.36:371][876]LogModuleManager: Shutting down and abandoning module WmfMediaFactory (829)
[2026.04.04-10.23.36:371][876]LogModuleManager: Shutting down and abandoning module WmfMediaEditor (827)
[2026.04.04-10.23.36:371][876]LogModuleManager: Shutting down and abandoning module WebMMediaFactory (825)
[2026.04.04-10.23.36:371][876]LogModuleManager: Shutting down and abandoning module WebMMediaEditor (823)
[2026.04.04-10.23.36:371][876]LogModuleManager: Shutting down and abandoning module WebMMedia (821)
[2026.04.04-10.23.36:371][876]LogModuleManager: Shutting down and abandoning module MediaPlayerEditor (819)
[2026.04.04-10.23.36:372][876]LogModuleManager: Shutting down and abandoning module MediaCompositingEditor (817)
[2026.04.04-10.23.36:373][876]LogModuleManager: Shutting down and abandoning module SequenceRecorder (816)
[2026.04.04-10.23.36:373][876]LogModuleManager: Shutting down and abandoning module OpenExrWrapper (813)
[2026.04.04-10.23.36:373][876]LogModuleManager: Shutting down and abandoning module ImgMediaFactory (811)
[2026.04.04-10.23.36:373][876]LogModuleManager: Shutting down and abandoning module ImgMediaEditor (809)
[2026.04.04-10.23.36:373][876]LogModuleManager: Shutting down and abandoning module AndroidMediaFactory (807)
[2026.04.04-10.23.36:373][876]LogModuleManager: Shutting down and abandoning module AndroidMediaEditor (805)
[2026.04.04-10.23.36:373][876]LogModuleManager: Shutting down and abandoning module AvfMediaFactory (803)
[2026.04.04-10.23.36:373][876]LogModuleManager: Shutting down and abandoning module AvfMediaEditor (801)
[2026.04.04-10.23.36:373][876]LogModuleManager: Shutting down and abandoning module MagicLeapMediaCodecFactory (799)
[2026.04.04-10.23.36:373][876]LogModuleManager: Shutting down and abandoning module MagicLeapMediaFactory (797)
[2026.04.04-10.23.36:373][876]LogModuleManager: Shutting down and abandoning module MagicLeapMediaEditor (795)
[2026.04.04-10.23.36:373][876]LogModuleManager: Shutting down and abandoning module PlanarCut (793)
[2026.04.04-10.23.36:375][876]LogModuleManager: Shutting down and abandoning module TextureAlignMode (791)
[2026.04.04-10.23.36:375][876]LogModuleManager: Shutting down and abandoning module BspMode (789)
[2026.04.04-10.23.36:375][876]LogModuleManager: Shutting down and abandoning module GeometryMode (787)
[2026.04.04-10.23.36:375][876]LogModuleManager: Shutting down and abandoning module CharacterAI (785)
[2026.04.04-10.23.36:375][876]LogModuleManager: Shutting down and abandoning module SmartSnapping (783)
[2026.04.04-10.23.36:375][876]LogModuleManager: Shutting down and abandoning module SessionServices (781)
[2026.04.04-10.23.36:375][876]LogModuleManager: Shutting down and abandoning module MeshPaint (779)
[2026.04.04-10.23.36:376][876]LogModuleManager: Shutting down and abandoning module VirtualTexturingEditor (777)
[2026.04.04-10.23.36:377][876]LogModuleManager: Shutting down and abandoning module FoliageEdit (775)
[2026.04.04-10.23.36:378][876]LogModuleManager: Shutting down and abandoning module LandscapeEditor (773)
[2026.04.04-10.23.36:379][876]LogModuleManager: Shutting down and abandoning module MeshPaintMode (771)
[2026.04.04-10.23.36:380][876]LogModuleManager: Shutting down and abandoning module SceneDepthPickerMode (769)
[2026.04.04-10.23.36:380][876]LogModuleManager: Shutting down and abandoning module ActorPickerMode (767)
[2026.04.04-10.23.36:380][876]LogModuleManager: Shutting down and abandoning module PlacementMode (765)
[2026.04.04-10.23.36:380][876]LogModuleManager: Shutting down and abandoning module ViewportSnapping (763)
[2026.04.04-10.23.36:380][876]LogModuleManager: Shutting down and abandoning module ViewportInteraction (761)
[2026.04.04-10.23.36:380][876]LogModuleManager: Shutting down and abandoning module ClothPainter (759)
[2026.04.04-10.23.36:381][876]LogModuleManager: Shutting down and abandoning module SkeletalMeshEditor (758)
[2026.04.04-10.23.36:382][876]LogModuleManager: Shutting down and abandoning module LogVisualizer (755)
[2026.04.04-10.23.36:383][876]LogModuleManager: Shutting down and abandoning module IntroTutorials (753)
[2026.04.04-10.23.36:383][876]LogModuleManager: Shutting down and abandoning module GameProjectGeneration (752)
[2026.04.04-10.23.36:383][876]LogModuleManager: Shutting down and abandoning module LuminPlatformEditor (749)
[2026.04.04-10.23.36:383][876]LogModuleManager: Shutting down and abandoning module IOSPlatformEditor (747)
[2026.04.04-10.23.36:383][876]LogModuleManager: Shutting down and abandoning module AndroidPlatformEditor (745)
[2026.04.04-10.23.36:385][876]LogModuleManager: Shutting down and abandoning module AndroidDeviceDetection (744)
[2026.04.04-10.23.36:891][876]LogModuleManager: Shutting down and abandoning module WindowsPlatformEditor (741)
[2026.04.04-10.23.36:891][876]LogModuleManager: Shutting down and abandoning module LuminRuntimeSettings (739)
[2026.04.04-10.23.36:891][876]LogModuleManager: Shutting down and abandoning module IOSRuntimeSettings (737)
[2026.04.04-10.23.36:891][876]LogModuleManager: Shutting down and abandoning module AndroidRuntimeSettings (735)
[2026.04.04-10.23.36:891][876]LogModuleManager: Shutting down and abandoning module TraceInsights (733)
[2026.04.04-10.23.36:897][876]MemoryProfiler: Shutdown
[2026.04.04-10.23.36:897][876]NetworkingProfiler: Shutdown
[2026.04.04-10.23.36:897][876]LoadingProfiler: Shutdown
[2026.04.04-10.23.36:898][876]TimingProfiler: Shutdown
[2026.04.04-10.23.36:900][876]LogModuleManager: Shutting down and abandoning module TraceServices (732)
[2026.04.04-10.23.36:901][876]LogModuleManager: Shutting down and abandoning module EditorInteractiveToolsFramework (729)
[2026.04.04-10.23.36:901][876]LogModuleManager: Shutting down and abandoning module TimeManagementEditor (727)
[2026.04.04-10.23.36:901][876]LogModuleManager: Shutting down and abandoning module InputBindingEditor (725)
[2026.04.04-10.23.36:903][876]LogModuleManager: Shutting down and abandoning module MergeActors (723)
[2026.04.04-10.23.36:904][876]LogModuleManager: Shutting down and abandoning module LocalizationDashboard (721)
[2026.04.04-10.23.36:904][876]LogModuleManager: Shutting down and abandoning module LocalizationService (720)
[2026.04.04-10.23.36:905][876]LogModuleManager: Shutting down and abandoning module HardwareTargeting (717)
[2026.04.04-10.23.36:905][876]LogModuleManager: Shutting down and abandoning module DeviceProfileEditor (715)
[2026.04.04-10.23.36:905][876]LogModuleManager: Shutting down and abandoning module UndoHistory (713)
[2026.04.04-10.23.36:906][876]LogModuleManager: Shutting down and abandoning module XmlParser (711)
[2026.04.04-10.23.36:906][876]LogModuleManager: Shutting down and abandoning module Blutility (709)
[2026.04.04-10.23.36:907][876]LogModuleManager: Shutting down and abandoning module ProjectSettingsViewer (707)
[2026.04.04-10.23.36:907][876]LogModuleManager: Shutting down and abandoning module ProjectTargetPlatformEditor (706)
[2026.04.04-10.23.36:908][876]LogModuleManager: Shutting down and abandoning module EditorSettingsViewer (703)
[2026.04.04-10.23.36:908][876]LogModuleManager: Shutting down and abandoning module InternationalizationSettings (702)
[2026.04.04-10.23.36:908][876]LogModuleManager: Shutting down and abandoning module SettingsEditor (699)
[2026.04.04-10.23.36:909][876]LogModuleManager: Shutting down and abandoning module ProjectLauncher (697)
[2026.04.04-10.23.36:909][876]LogModuleManager: Shutting down and abandoning module SessionFrontend (695)
[2026.04.04-10.23.36:909][876]LogModuleManager: Shutting down and abandoning module ProfilerClient (693)
[2026.04.04-10.23.36:910][876]LogModuleManager: Shutting down and abandoning module DeviceManager (691)
[2026.04.04-10.23.36:911][876]LogModuleManager: Shutting down and abandoning module TargetDeviceServices (690)
[2026.04.04-10.23.36:945][876]LogModuleManager: Shutting down and abandoning module AutomationController (687)
[2026.04.04-10.23.36:945][876]LogModuleManager: Shutting down and abandoning module AutomationWindow (685)
[2026.04.04-10.23.36:946][876]LogModuleManager: Shutting down and abandoning module Layers (683)
[2026.04.04-10.23.36:950][876]LogModuleManager: Shutting down and abandoning module ComponentVisualizers (681)
[2026.04.04-10.23.36:950][876]LogModuleManager: Shutting down and abandoning module DetailCustomizations (679)
[2026.04.04-10.23.36:950][876]LogModuleManager: Shutting down and abandoning module PackagesDialog (677)
[2026.04.04-10.23.36:950][876]LogModuleManager: Shutting down and abandoning module AnimationBlueprintEditor (675)
[2026.04.04-10.23.36:957][876]LogModuleManager: Shutting down and abandoning module Persona (673)
[2026.04.04-10.23.36:961][876]LogModuleManager: Shutting down and abandoning module AdvancedPreviewScene (672)
[2026.04.04-10.23.36:961][876]LogModuleManager: Shutting down and abandoning module AnimGraph (670)
[2026.04.04-10.23.36:962][876]LogModuleManager: Shutting down and abandoning module Kismet (667)
[2026.04.04-10.23.36:965][876]LogModuleManager: Shutting down and abandoning module KismetWidgets (666)
[2026.04.04-10.23.36:966][876]LogModuleManager: Shutting down and abandoning module GraphEditor (663)
[2026.04.04-10.23.36:967][876]LogModuleManager: Shutting down and abandoning module StructViewer (661)
[2026.04.04-10.23.36:968][876]LogModuleManager: Shutting down and abandoning module ClassViewer (659)
[2026.04.04-10.23.36:968][876]LogModuleManager: Shutting down and abandoning module Toolbox (657)
[2026.04.04-10.23.36:968][876]LogModuleManager: Shutting down and abandoning module ModuleUI (655)
[2026.04.04-10.23.36:968][876]LogModuleManager: Shutting down and abandoning module OutputLog (653)
[2026.04.04-10.23.36:971][876]LogModuleManager: Shutting down and abandoning module GammaUI (651)
[2026.04.04-10.23.36:972][876]LogModuleManager: Shutting down and abandoning module Documentation (649)
[2026.04.04-10.23.36:972][876]LogModuleManager: Shutting down and abandoning module LiveCoding (647)
[2026.04.04-10.23.36:973][876]LogModuleManager: Shutting down and abandoning module LevelSequence (645)
[2026.04.04-10.23.36:973][876]LogModuleManager: Shutting down and abandoning module MovieSceneTracks (643)
[2026.04.04-10.23.36:973][876]LogModuleManager: Shutting down and abandoning module MovieScene (641)
[2026.04.04-10.23.36:975][876]LogModuleManager: Shutting down and abandoning module StreamingPauseRendering (639)
[2026.04.04-10.23.36:975][876]LogModuleManager: Shutting down and abandoning module LauncherPlatform (637)
[2026.04.04-10.23.36:975][876]LogModuleManager: Shutting down and abandoning module AnalyticsET (635)
[2026.04.04-10.23.36:975][876]LogModuleManager: Shutting down and abandoning module PortalServices (633)
[2026.04.04-10.23.36:975][876]LogModuleManager: Shutting down and abandoning module PortalRpc (631)
[2026.04.04-10.23.36:975][876]LogModuleManager: Shutting down and abandoning module MessagingRpc (629)
[2026.04.04-10.23.36:975][876]LogModuleManager: Shutting down and abandoning module AudioMixerXAudio2 (627)
[2026.04.04-10.23.36:975][876]LogModuleManager: Shutting down and abandoning module AudioMixerCore (626)
[2026.04.04-10.23.36:975][876]LogModuleManager: Shutting down and abandoning module AIModule (623)
[2026.04.04-10.23.36:976][876]LogModuleManager: Shutting down and abandoning module GameplayDebugger (622)
[2026.04.04-10.23.36:976][876]LogModuleManager: Shutting down and abandoning module AITestSuite (620)
[2026.04.04-10.23.36:976][876]LogModuleManager: Shutting down and abandoning module NavigationSystem (618)
[2026.04.04-10.23.36:976][876]LogModuleManager: Shutting down and abandoning module ImageWriteQueue (615)
[2026.04.04-10.23.36:987][876]LogModuleManager: Shutting down and abandoning module ProfilerService (613)
[2026.04.04-10.23.37:238][876]LogModuleManager: Shutting down and abandoning module TaskGraph (611)
[2026.04.04-10.23.37:240][876]LogModuleManager: Shutting down and abandoning module AudioSynesthesiaEditor (609)
[2026.04.04-10.23.37:240][876]LogModuleManager: Shutting down and abandoning module OculusEditor (607)
[2026.04.04-10.23.37:245][876]LogModuleManager: Shutting down and abandoning module OculusInput (605)
[2026.04.04-10.23.37:245][876]LogModuleManager: Shutting down and abandoning module ContentBrowserFileDataSource (603)
[2026.04.04-10.23.37:245][876]LogModuleManager: Shutting down and abandoning module ContentBrowserClassDataSource (601)
[2026.04.04-10.23.37:245][876]LogModuleManager: Shutting down and abandoning module ContentBrowserAssetDataSource (599)
[2026.04.04-10.23.37:245][876]LogModuleManager: Shutting down and abandoning module CollectionManager (598)
[2026.04.04-10.23.37:246][876]LogModuleManager: Shutting down and abandoning module OodleNetworkHandlerComponent (595)
[2026.04.04-10.23.37:246][876]LogModuleManager: Shutting down and abandoning module SynthesisEditor (593)
[2026.04.04-10.23.37:246][876]LogModuleManager: Shutting down and abandoning module Synthesis (591)
[2026.04.04-10.23.37:246][876]LogModuleManager: Shutting down and abandoning module ProceduralMeshComponentEditor (589)
[2026.04.04-10.23.37:247][876]LogModuleManager: Shutting down and abandoning module ProceduralMeshComponent (587)
[2026.04.04-10.23.37:247][876]LogModuleManager: Shutting down and abandoning module TakeSequencer (585)
[2026.04.04-10.23.37:247][876]LogModuleManager: Shutting down and abandoning module TakeMovieScene (583)
[2026.04.04-10.23.37:247][876]LogModuleManager: Shutting down and abandoning module OpenXREditor (581)
[2026.04.04-10.23.37:247][876]LogModuleManager: Shutting down and abandoning module MobilePatchingUtils (579)
[2026.04.04-10.23.37:247][876]LogModuleManager: Shutting down and abandoning module ScreenshotTools (577)
[2026.04.04-10.23.37:247][876]LogModuleManager: Shutting down and abandoning module GooglePAD (575)
[2026.04.04-10.23.37:247][876]LogModuleManager: Shutting down and abandoning module EditableMesh (573)
[2026.04.04-10.23.37:247][876]LogModuleManager: Shutting down and abandoning module CableComponent (571)
[2026.04.04-10.23.37:247][876]LogModuleManager: Shutting down and abandoning module CustomMeshComponent (569)
[2026.04.04-10.23.37:247][876]LogModuleManager: Shutting down and abandoning module AssetTags (567)
[2026.04.04-10.23.37:247][876]LogModuleManager: Shutting down and abandoning module AppleImageUtilsBlueprintSupport (565)
[2026.04.04-10.23.37:247][876]LogModuleManager: Shutting down and abandoning module AppleImageUtils (563)
[2026.04.04-10.23.37:247][876]LogModuleManager: Shutting down and abandoning module AudioCapture (561)
[2026.04.04-10.23.37:247][876]LogModuleManager: Shutting down and abandoning module AudioCaptureRtAudio (560)
[2026.04.04-10.23.37:249][876]LogModuleManager: Shutting down and abandoning module ArchVisCharacter (557)
[2026.04.04-10.23.37:249][876]LogModuleManager: Shutting down and abandoning module AndroidPermission (555)
[2026.04.04-10.23.37:249][876]LogModuleManager: Shutting down and abandoning module ActorLayerUtilitiesEditor (553)
[2026.04.04-10.23.37:249][876]LogModuleManager: Shutting down and abandoning module ActorLayerUtilities (551)
[2026.04.04-10.23.37:249][876]LogModuleManager: Shutting down and abandoning module TemplateSequence (549)
[2026.04.04-10.23.37:249][876]LogModuleManager: Shutting down and abandoning module MediaCompositing (547)
[2026.04.04-10.23.37:249][876]LogModuleManager: Shutting down and abandoning module ImgMedia (545)
[2026.04.04-10.23.37:249][876]LogModuleManager: Shutting down and abandoning module MultiplayerShooterPlugin (543)
[2026.04.04-10.23.37:249][876]LogModuleManager: Shutting down and abandoning module MagicLeapSharedWorld (541)
[2026.04.04-10.23.37:249][876]LogModuleManager: Shutting down and abandoning module MagicLeapLightEstimation (539)
[2026.04.04-10.23.37:249][876]LogModuleManager: Shutting down and abandoning module AlembicImporter (537)
[2026.04.04-10.23.37:249][876]LogModuleManager: Shutting down and abandoning module AlembicLibrary (536)
[2026.04.04-10.23.37:249][876]LogModuleManager: Shutting down and abandoning module OpenImageDenoise (533)
[2026.04.04-10.23.37:249][876]LogOpenImageDenoise: OIDN shutting down
[2026.04.04-10.23.37:249][876]LogModuleManager: Shutting down and abandoning module MotoSynthEditor (531)
[2026.04.04-10.23.37:249][876]LogModuleManager: Shutting down and abandoning module MotoSynth (529)
[2026.04.04-10.23.37:249][876]LogModuleManager: Shutting down and abandoning module MagicLeapHelperVulkan (527)
[2026.04.04-10.23.37:249][876]LogModuleManager: Shutting down and abandoning module MagicLeapHelperOpenGL (525)
[2026.04.04-10.23.37:249][876]LogModuleManager: Shutting down and abandoning module MagicLeapAudio (523)
[2026.04.04-10.23.37:250][876]LogModuleManager: Shutting down and abandoning module MeshConversion (521)
[2026.04.04-10.23.37:250][876]LogModuleManager: Shutting down and abandoning module DynamicMesh (519)
[2026.04.04-10.23.37:251][876]LogModuleManager: Shutting down and abandoning module GeometryAlgorithms (517)
[2026.04.04-10.23.37:251][876]LogModuleManager: Shutting down and abandoning module GeometricObjects (515)
[2026.04.04-10.23.37:252][876]LogModuleManager: Shutting down and abandoning module SpeedTreeImporter (513)
[2026.04.04-10.23.37:252][876]LogModuleManager: Shutting down and abandoning module MobileLauncherProfileWizard (511)
[2026.04.04-10.23.37:253][876]LogModuleManager: Shutting down and abandoning module PluginBrowser (509)
[2026.04.04-10.23.37:255][876]LogModuleManager: Shutting down and abandoning module GeometryCacheTracks (507)
[2026.04.04-10.23.37:255][876]LogModuleManager: Shutting down and abandoning module GeometryCache (505)
[2026.04.04-10.23.37:255][876]LogModuleManager: Shutting down and abandoning module GeometryCacheStreamer (503)
[2026.04.04-10.23.37:255][876]LogModuleManager: Shutting down and abandoning module GeometryCacheSequencer (501)
[2026.04.04-10.23.37:255][876]LogModuleManager: Shutting down and abandoning module GeometryCacheEd (499)
[2026.04.04-10.23.37:255][876]LogModuleManager: Shutting down and abandoning module MaterialAnalyzer (497)
[2026.04.04-10.23.37:256][876]LogModuleManager: Shutting down and abandoning module NiagaraEditorWidgets (495)
[2026.04.04-10.23.37:260][876]LogModuleManager: Shutting down and abandoning module CurveEditorTools (493)
[2026.04.04-10.23.37:261][876]LogModuleManager: Shutting down and abandoning module CryptoKeysOpenSSL (491)
[2026.04.04-10.23.37:261][876]LogModuleManager: Shutting down and abandoning module CryptoKeys (489)
[2026.04.04-10.23.37:261][876]LogModuleManager: Shutting down and abandoning module GeometryCollectionTracks (487)
[2026.04.04-10.23.37:261][876]LogModuleManager: Shutting down and abandoning module GeometryCollectionSequencer (486)
[2026.04.04-10.23.37:261][876]LogModuleManager: Shutting down and abandoning module GeometryCollectionEditor (483)
[2026.04.04-10.23.37:261][876]LogModuleManager: Shutting down and abandoning module ChaosSolverEditor (481)
[2026.04.04-10.23.37:261][876]LogModuleManager: Shutting down and abandoning module ChaosNiagara (479)
[2026.04.04-10.23.37:261][876]LogModuleManager: Shutting down and abandoning module FractureEditor (477)
[2026.04.04-10.23.37:262][876]LogModuleManager: Shutting down and abandoning module FieldSystemEngine (476)
[2026.04.04-10.23.37:262][876]LogModuleManager: Shutting down and abandoning module ChaosClothEditor (473)
[2026.04.04-10.23.37:262][876]LogModuleManager: Shutting down and abandoning module BackChannel (471)
[2026.04.04-10.23.37:263][876]LogModuleManager: Shutting down and abandoning module AutomationUtilsEditor (469)
[2026.04.04-10.23.37:263][876]LogModuleManager: Shutting down and abandoning module AutomationUtils (467)
[2026.04.04-10.23.37:263][876]LogModuleManager: Shutting down and abandoning module PlasticSourceControl (465)
[2026.04.04-10.23.37:263][876]LogModuleManager: Shutting down and abandoning module VariantManagerContentEditor (463)
[2026.04.04-10.23.37:264][876]LogModuleManager: Shutting down and abandoning module DatasmithContentEditor (461)
[2026.04.04-10.23.37:265][876]LogModuleManager: Shutting down and abandoning module VisualStudioSourceCodeAccess (459)
[2026.04.04-10.23.37:265][876]LogModuleManager: Shutting down and abandoning module UObjectPlugin (457)
[2026.04.04-10.23.37:265][876]LogModuleManager: Shutting down and abandoning module VisualStudioCodeSourceCodeAccess (455)
[2026.04.04-10.23.37:265][876]LogModuleManager: Shutting down and abandoning module SubversionSourceControl (453)
[2026.04.04-10.23.37:267][876]LogModuleManager: Shutting down and abandoning module PluginUtils (451)
[2026.04.04-10.23.37:267][876]LogModuleManager: Shutting down and abandoning module RiderSourceCodeAccess (449)
[2026.04.04-10.23.37:267][876]LogModuleManager: Shutting down and abandoning module PerforceSourceControl (447)
[2026.04.04-10.23.37:269][876]LogModuleManager: Shutting down and abandoning module GitSourceControl (445)
[2026.04.04-10.23.37:270][876]LogModuleManager: Shutting down and abandoning module SourceControl (444)
[2026.04.04-10.23.37:271][876]LogModuleManager: Shutting down and abandoning module CLionSourceCodeAccess (441)
[2026.04.04-10.23.37:271][876]LogModuleManager: Shutting down and abandoning module AnimationSharingEd (439)
[2026.04.04-10.23.37:271][876]LogModuleManager: Shutting down and abandoning module LightPropagationVolumeEditor (437)
[2026.04.04-10.23.37:271][876]LogModuleManager: Shutting down and abandoning module LiveLinkSequencer (435)
[2026.04.04-10.23.37:271][876]LogModuleManager: Shutting down and abandoning module LiveLinkMovieScene (433)
[2026.04.04-10.23.37:271][876]LogModuleManager: Shutting down and abandoning module LiveLinkGraphNode (431)
[2026.04.04-10.23.37:271][876]LogModuleManager: Shutting down and abandoning module LiveLinkEditor (429)
[2026.04.04-10.23.37:271][876]LogModuleManager: Shutting down and abandoning module LiveLinkComponents (427)
[2026.04.04-10.23.37:271][876]LogModuleManager: Shutting down and abandoning module LiveLink (425)
[2026.04.04-10.23.37:643][876]LogModuleManager: Shutting down and abandoning module PaperTiledImporter (423)
[2026.04.04-10.23.37:643][876]LogModuleManager: Shutting down and abandoning module PaperSpriteSheetImporter (421)
[2026.04.04-10.23.37:644][876]LogModuleManager: Shutting down and abandoning module Paper2DEditor (419)
[2026.04.04-10.23.37:645][876]LogModuleManager: Shutting down and abandoning module MeshPaintingToolset (417)
[2026.04.04-10.23.37:645][876]LogModuleManager: Shutting down and abandoning module MeshPaintEditorMode (415)
[2026.04.04-10.23.37:646][876]LogModuleManager: Shutting down and abandoning module AdvancedSessions (413)
[2026.04.04-10.23.37:646][876]LogModuleManager: Shutting down and abandoning module GameplayCameras (411)
[2026.04.04-10.23.37:646][876]LogModuleManager: Shutting down and abandoning module SoundFields (409)
[2026.04.04-10.23.37:646][876]LogModuleManager: Shutting down and abandoning module RuntimePhysXCooking (407)
[2026.04.04-10.23.37:646][876]LogModuleManager: Shutting down and abandoning module SignificanceManager (405)
[2026.04.04-10.23.37:646][876]LogModuleManager: Shutting down and abandoning module PropertyAccessEditor (403)
[2026.04.04-10.23.37:647][876]LogModuleManager: Shutting down and abandoning module PhysXVehiclesEditor (401)
[2026.04.04-10.23.37:647][876]LogModuleManager: Shutting down and abandoning module LocationServicesBPLibrary (397)
[2026.04.04-10.23.37:647][876]LogModuleManager: Shutting down and abandoning module AudioSynesthesia (395)
[2026.04.04-10.23.37:647][876]LogModuleManager: Shutting down and abandoning module AudioSynesthesiaCore (393)
[2026.04.04-10.23.37:647][876]LogModuleManager: Shutting down and abandoning module ActorSequence (391)
[2026.04.04-10.23.37:647][876]LogModuleManager: Shutting down and abandoning module ImgMediaEngine (389)
[2026.04.04-10.23.37:647][876]LogModuleManager: Shutting down and abandoning module UdpMessaging (387)
[2026.04.04-10.23.37:748][876]LogModuleManager: Shutting down and abandoning module TcpMessaging (385)
[2026.04.04-10.23.37:849][876]LogModuleManager: Shutting down and abandoning module MagicLeapARPin (383)
[2026.04.04-10.23.37:849][876]LogModuleManager: Shutting down and abandoning module PythonScriptPlugin (381)
[2026.04.04-10.23.37:849][876]LogModuleManager: Shutting down and abandoning module MagicLeapHandMeshing (379)
[2026.04.04-10.23.37:849][876]LogModuleManager: Shutting down and abandoning module MagicLeapSecureStorage (377)
[2026.04.04-10.23.37:849][876]LogModuleManager: Shutting down and abandoning module MagicLeapPrivileges (375)
[2026.04.04-10.23.37:849][876]LogModuleManager: Shutting down and abandoning module MagicLeapPlanes (373)
[2026.04.04-10.23.37:850][876]LogMagicLeapPlanes: Planes tracker already destroyed.
[2026.04.04-10.23.37:850][876]LogModuleManager: Shutting down and abandoning module MagicLeapImageTracker (371)
[2026.04.04-10.23.37:850][876]LogModuleManager: Shutting down and abandoning module MagicLeapIdentity (369)
[2026.04.04-10.23.37:850][876]LogModuleManager: Shutting down and abandoning module MagicLeapHandTracking (367)
[2026.04.04-10.23.37:851][876]LogModuleManager: Shutting down and abandoning module MagicLeapEyeTracker (365)
[2026.04.04-10.23.37:851][876]LogModuleManager: Shutting down and abandoning module MagicLeapController (363)
[2026.04.04-10.23.37:851][876]LogModuleManager: Shutting down and abandoning module MagicLeapARPinImpl (361)
[2026.04.04-10.23.37:851][876]LogModuleManager: Shutting down and abandoning module MagicLeapAR (359)
[2026.04.04-10.23.37:851][876]LogModuleManager: Shutting down and abandoning module GameplayTagsEditor (357)
[2026.04.04-10.23.37:851][876]LogModuleManager: Shutting down and abandoning module NiagaraAnimNotifies (355)
[2026.04.04-10.23.37:851][876]LogModuleManager: Shutting down and abandoning module Niagara (353)
[2026.04.04-10.23.37:851][876]LogModuleManager: Shutting down and abandoning module SignalProcessing (352)
[2026.04.04-10.23.37:851][876]LogModuleManager: Shutting down and abandoning module NiagaraEditor (350)
[2026.04.04-10.23.37:854][876]LogModuleManager: Shutting down and abandoning module NiagaraCore (347)
[2026.04.04-10.23.37:854][876]LogModuleManager: Shutting down and abandoning module FacialAnimationEditor (345)
[2026.04.04-10.23.37:854][876]LogModuleManager: Shutting down and abandoning module FacialAnimation (343)
[2026.04.04-10.23.37:854][876]LogModuleManager: Shutting down and abandoning module DataValidation (341)
[2026.04.04-10.23.37:854][876]LogModuleManager: Shutting down and abandoning module AssetManagerEditor (339)
[2026.04.04-10.23.37:855][876]LogModuleManager: Shutting down and abandoning module LevelEditor (338)
[2026.04.04-10.23.37:858][876]LogModuleManager: Shutting down and abandoning module PixelInspectorModule (337)
[2026.04.04-10.23.37:858][876]LogModuleManager: Shutting down and abandoning module CommonMenuExtensions (335)
[2026.04.04-10.23.37:858][876]LogModuleManager: Shutting down and abandoning module MainFrame (333)
[2026.04.04-10.23.37:859][876]LogModuleManager: Shutting down and abandoning module HotReload (332)
[2026.04.04-10.23.37:860][876]LogModuleManager: Shutting down and abandoning module ToolMenus (328)
[2026.04.04-10.23.37:860][876]LogModuleManager: Shutting down and abandoning module ContentBrowser (326)
[2026.04.04-10.23.37:860][876]LogModuleManager: Shutting down and abandoning module ContentBrowserData (325)
[2026.04.04-10.23.37:860][876]LogModuleManager: Shutting down and abandoning module TreeMap (322)
[2026.04.04-10.23.37:861][876]LogModuleManager: Shutting down and abandoning module PropertyAccessNode (319)
[2026.04.04-10.23.37:861][876]LogModuleManager: Shutting down and abandoning module AnimationSharing (317)
[2026.04.04-10.23.37:861][876]LogModuleManager: Shutting down and abandoning module LightPropagationVolumeRuntime (315)
[2026.04.04-10.23.37:861][876]LogModuleManager: Shutting down and abandoning module EnvironmentQueryEditor (313)
[2026.04.04-10.23.37:862][876]LogModuleManager: Shutting down and abandoning module Paper2D (311)
[2026.04.04-10.23.37:862][876]LogModuleManager: Shutting down and abandoning module WindowsMoviePlayer (309)
[2026.04.04-10.23.37:870][876]LogModuleManager: Shutting down and abandoning module WebMMoviePlayer (307)
[2026.04.04-10.23.37:870][876]LogModuleManager: Shutting down and abandoning module NetworkReplayStreaming (305)
[2026.04.04-10.23.37:870][876]LogModuleManager: Shutting down and abandoning module PacketHandler (303)
[2026.04.04-10.23.37:870][876]LogModuleManager: Shutting down and abandoning module ClothingSystemEditor (301)
[2026.04.04-10.23.37:870][876]LogModuleManager: Shutting down and abandoning module ClothingSystemRuntimeNv (299)
[2026.04.04-10.23.37:871][876]LogModuleManager: Shutting down and abandoning module MediaAssets (297)
[2026.04.04-10.23.37:871][876]LogModuleManager: Shutting down and abandoning module Overlay (295)
[2026.04.04-10.23.37:871][876]LogModuleManager: Shutting down and abandoning module OverlayEditor (294)
[2026.04.04-10.23.37:871][876]LogModuleManager: Shutting down and abandoning module VREditor (291)
[2026.04.04-10.23.37:872][876]LogModuleManager: Shutting down and abandoning module StringTableEditor (289)
[2026.04.04-10.23.37:873][876]LogModuleManager: Shutting down and abandoning module GameplayTasksEditor (287)
[2026.04.04-10.23.37:873][876]LogModuleManager: Shutting down and abandoning module BehaviorTreeEditor (285)
[2026.04.04-10.23.37:874][876]LogModuleManager: Shutting down and abandoning module FunctionalTesting (283)
[2026.04.04-10.23.37:875][876]LogModuleManager: Shutting down and abandoning module CollisionAnalyzer (281)
[2026.04.04-10.23.37:876][876]LogModuleManager: Shutting down and abandoning module WorkspaceMenuStructure (280)
[2026.04.04-10.23.37:876][876]LogModuleManager: Shutting down and abandoning module UMG (277)
[2026.04.04-10.23.37:876][876]LogModuleManager: Shutting down and abandoning module UMGEditor (276)
[2026.04.04-10.23.37:876][876]LogModuleManager: Shutting down and abandoning module MessageLog (274)
[2026.04.04-10.23.37:876][876]LogModuleManager: Shutting down and abandoning module SlateReflector (269)
[2026.04.04-10.23.37:880][876]LogModuleManager: Shutting down and abandoning module Slate (267)
[2026.04.04-10.23.37:880][876]LogModuleManager: Shutting down and abandoning module SlateCore (265)
[2026.04.04-10.23.37:881][876]LogModuleManager: Shutting down and abandoning module LandscapeEditorUtilities (263)
[2026.04.04-10.23.37:881][876]LogModuleManager: Shutting down and abandoning module UnrealEd (261)
[2026.04.04-10.23.37:881][876]LogModuleManager: Shutting down and abandoning module MRMesh (259)
[2026.04.04-10.23.37:881][876]LogModuleManager: Shutting down and abandoning module SourceCodeAccess (257)
[2026.04.04-10.23.37:881][876]LogModuleManager: Shutting down and abandoning module HeadMountedDisplay (255)
[2026.04.04-10.23.37:881][876]LogModuleManager: Shutting down and abandoning module XAudio2 (253)
[2026.04.04-10.23.37:881][876]LogModuleManager: Shutting down and abandoning module Networking (251)
[2026.04.04-10.23.37:881][876]LogModuleManager: Shutting down and abandoning module Core (249)
[2026.04.04-10.23.37:881][876]LogModuleManager: Shutting down and abandoning module MaterialEditor (247)
[2026.04.04-10.23.37:882][876]LogModuleManager: Shutting down and abandoning module MovieSceneTools (245)
[2026.04.04-10.23.37:883][876]LogModuleManager: Shutting down and abandoning module CurveEditor (244)
[2026.04.04-10.23.37:885][876]LogModuleManager: Shutting down and abandoning module Sequencer (242)
[2026.04.04-10.23.37:886][876]LogModuleManager: Shutting down and abandoning module EditorStyle (241)
[2026.04.04-10.23.37:889][876]LogModuleManager: Shutting down and abandoning module KismetCompiler (237)
[2026.04.04-10.23.37:889][876]LogModuleManager: Shutting down and abandoning module MeshBuilder (235)
[2026.04.04-10.23.37:889][876]LogModuleManager: Shutting down and abandoning module MeshUtilities (233)
[2026.04.04-10.23.37:889][876]LogModuleManager: Shutting down and abandoning module MeshMergeUtilities (232)
[2026.04.04-10.23.37:890][876]LogModuleManager: Shutting down and abandoning module MeshReductionInterface (231)
[2026.04.04-10.23.37:890][876]LogModuleManager: Shutting down and abandoning module MeshBoneReduction (230)
[2026.04.04-10.23.37:890][876]LogModuleManager: Shutting down and abandoning module SkeletalMeshReduction (228)
[2026.04.04-10.23.37:890][876]LogModuleManager: Shutting down and abandoning module ProxyLODMeshReduction (226)
[2026.04.04-10.23.37:891][876]LogModuleManager: Shutting down and abandoning module QuadricMeshReduction (224)
[2026.04.04-10.23.37:891][876]LogModuleManager: Shutting down and abandoning module MaterialBaking (220)
[2026.04.04-10.23.37:892][876]LogModuleManager: Shutting down and abandoning module NullInstallBundleManager (215)
[2026.04.04-10.23.37:892][876]LogModuleManager: Shutting down and abandoning module DerivedDataCache (213)
[2026.04.04-10.23.37:892][876]LogModuleManager: Shutting down and abandoning module TargetPlatform (211)
[2026.04.04-10.23.37:893][876]LogModuleManager: Shutting down and abandoning module VulkanShaderFormat (210)
[2026.04.04-10.23.37:895][876]LogModuleManager: Shutting down and abandoning module ShaderFormatVectorVM (208)
[2026.04.04-10.23.37:895][876]LogModuleManager: Shutting down and abandoning module ShaderFormatOpenGL (206)
[2026.04.04-10.23.37:895][876]LogModuleManager: Shutting down and abandoning module ShaderFormatD3D (204)
[2026.04.04-10.23.37:896][876]LogModuleManager: Shutting down and abandoning module MetalShaderFormat (202)
[2026.04.04-10.23.37:897][876]LogModuleManager: Shutting down and abandoning module TextureFormatOodle (200)
[2026.04.04-10.23.37:897][876]LogModuleManager: Shutting down and abandoning module TextureFormatUncompressed (198)
[2026.04.04-10.23.37:897][876]LogModuleManager: Shutting down and abandoning module TextureFormatPVR (196)
[2026.04.04-10.23.37:897][876]LogModuleManager: Shutting down and abandoning module TextureFormatETC2 (194)
[2026.04.04-10.23.37:897][876]LogModuleManager: Shutting down and abandoning module TextureFormatDXT (192)
[2026.04.04-10.23.37:898][876]LogModuleManager: Shutting down and abandoning module TextureFormatIntelISPCTexComp (190)
[2026.04.04-10.23.37:898][876]LogModuleManager: Shutting down and abandoning module TextureFormatASTC (188)
[2026.04.04-10.23.37:898][876]LogModuleManager: Shutting down and abandoning module ImageWrapper (187)
[2026.04.04-10.23.37:898][876]LogModuleManager: Shutting down and abandoning module AudioFormatOpus (184)
[2026.04.04-10.23.37:899][876]LogModuleManager: Shutting down and abandoning module AudioFormatOgg (182)
[2026.04.04-10.23.37:899][876]LogModuleManager: Shutting down and abandoning module AudioFormatADPCM (180)
[2026.04.04-10.23.37:899][876]LogModuleManager: Shutting down and abandoning module WindowsServerTargetPlatform (178)
[2026.04.04-10.23.37:899][876]LogModuleManager: Shutting down and abandoning module WindowsClientTargetPlatform (176)
[2026.04.04-10.23.37:899][876]LogModuleManager: Shutting down and abandoning module WindowsTargetPlatform (174)
[2026.04.04-10.23.37:899][876]LogModuleManager: Shutting down and abandoning module WindowsNoEditorTargetPlatform (172)
[2026.04.04-10.23.37:899][876]LogModuleManager: Shutting down and abandoning module TVOSTargetPlatform (170)
[2026.04.04-10.23.37:909][876]LogModuleManager: Shutting down and abandoning module MacServerTargetPlatform (168)
[2026.04.04-10.23.37:909][876]LogModuleManager: Shutting down and abandoning module MacClientTargetPlatform (166)
[2026.04.04-10.23.37:910][876]LogModuleManager: Shutting down and abandoning module MacTargetPlatform (164)
[2026.04.04-10.23.37:910][876]LogModuleManager: Shutting down and abandoning module MacNoEditorTargetPlatform (162)
[2026.04.04-10.23.37:910][876]LogModuleManager: Shutting down and abandoning module LuminTargetPlatform (160)
[2026.04.04-10.23.37:923][876]LogModuleManager: Shutting down and abandoning module LinuxAArch64ServerTargetPlatform (158)
[2026.04.04-10.23.37:923][876]LogModuleManager: Shutting down and abandoning module LinuxAArch64ClientTargetPlatform (156)
[2026.04.04-10.23.37:923][876]LogModuleManager: Shutting down and abandoning module LinuxAArch64NoEditorTargetPlatform (154)
[2026.04.04-10.23.37:923][876]LogModuleManager: Shutting down and abandoning module LinuxServerTargetPlatform (152)
[2026.04.04-10.23.37:923][876]LogModuleManager: Shutting down and abandoning module LinuxClientTargetPlatform (150)
[2026.04.04-10.23.37:923][876]LogModuleManager: Shutting down and abandoning module LinuxNoEditorTargetPlatform (148)
[2026.04.04-10.23.37:923][876]LogModuleManager: Shutting down and abandoning module LinuxTargetPlatform (146)
[2026.04.04-10.23.37:923][876]LogModuleManager: Shutting down and abandoning module Messaging (144)
[2026.04.04-10.23.37:923][876]LogModuleManager: Shutting down and abandoning module IOSTargetPlatform (142)
[2026.04.04-10.23.37:930][876]LogModuleManager: Shutting down and abandoning module AndroidTargetPlatform (140)
[2026.04.04-10.23.37:951][876]LogModuleManager: Shutting down and abandoning module AllDesktopTargetPlatform (138)
[2026.04.04-10.23.37:951][876]LogModuleManager: Shutting down and abandoning module D3D11RHI (135)
[2026.04.04-10.23.37:951][876]LogModuleManager: Shutting down and abandoning module InputCore (133)
[2026.04.04-10.23.37:951][876]LogModuleManager: Shutting down and abandoning module Settings (131)
[2026.04.04-10.23.37:951][876]LogModuleManager: Shutting down and abandoning module DirectoryWatcher (129)
[2026.04.04-10.23.37:952][876]LogModuleManager: Shutting down and abandoning module PhysXCooking (127)
[2026.04.04-10.23.37:952][876]LogModuleManager: Shutting down and abandoning module Chaos (125)
[2026.04.04-10.23.37:953][876]LogModuleManager: Shutting down and abandoning module WindowsPlatformFeatures (123)
[2026.04.04-10.23.37:953][876]LogModuleManager: Shutting down and abandoning module GameplayMediaEncoder (122)
[2026.04.04-10.23.37:953][876]LogModuleManager: Shutting down and abandoning module AVEncoder (121)
[2026.04.04-10.23.37:953][876]LogModuleManager: Shutting down and abandoning module SteamVRInputDevice (117)
[2026.04.04-10.23.37:953][876]LogModuleManager: Shutting down and abandoning module SteamVRInput (115)
[2026.04.04-10.23.37:953][876]LogModuleManager: Shutting down and abandoning module SteamVR (113)
[2026.04.04-10.23.37:955][876]LogHMD: Freeing OpenVRDLLHandle.
[2026.04.04-10.23.37:955][876]LogModuleManager: Shutting down and abandoning module OculusHMD (111)
[2026.04.04-10.23.37:955][876]LogModuleManager: Shutting down and abandoning module OpenXREyeTracker (109)
[2026.04.04-10.23.37:955][876]LogModuleManager: Shutting down and abandoning module OpenXRHandTracking (107)
[2026.04.04-10.23.37:956][876]LogSlate: Slate User Destroyed.  User Index 0, Is Virtual User: 0
[2026.04.04-10.23.37:956][876]LogModuleManager: Shutting down and abandoning module OpenXRAR (105)
[2026.04.04-10.23.37:956][876]LogModuleManager: Shutting down and abandoning module AugmentedReality (104)
[2026.04.04-10.23.37:956][876]LogModuleManager: Shutting down and abandoning module OpenXRHMD (101)
[2026.04.04-10.23.37:958][876]LogModuleManager: Shutting down and abandoning module ExampleDeviceProfileSelector (99)
[2026.04.04-10.23.37:958][876]LogModuleManager: Shutting down and abandoning module ChunkDownloader (97)
[2026.04.04-10.23.37:958][876]LogModuleManager: Shutting down and abandoning module LauncherChunkInstaller (95)
[2026.04.04-10.23.37:958][876]LogModuleManager: Shutting down and abandoning module OnlineBlueprintSupport (93)
[2026.04.04-10.23.37:958][876]LogModuleManager: Shutting down and abandoning module OnlineSubsystem (89)
[2026.04.04-10.23.37:960][876]LogModuleManager: Shutting down and abandoning module XMPP (83)
[2026.04.04-10.23.37:961][876]LogModuleManager: Shutting down and abandoning module WebSockets (82)
[2026.04.04-10.23.37:996][876]LogModuleManager: Shutting down and abandoning module HTTP (79)
[2026.04.04-10.23.37:996][876]LogHttp: Display: Http module shutting down, but needs to wait on 1 outstanding Http requests:
[2026.04.04-10.23.37:996][876]LogHttp: Display: 	verb=[POST] url=[https://datarouter.ol.epicgames.com/datarouter/api/v1/public/data?SessionID=%7BA2BFBDF2-42B7-75D4-B07B-CEB8A5C0440A%7D&AppID=UEEditor.Rocket.Release&AppVersion=4.27.2-18319896%2B%2B%2BUE4%2BRelease-4.27&UserID=736f4fd243dc82f44eabcfbe67d1ae61%7C994622bc3ba84a46940c56befb5dbaba%7Cec6fa1fb-bb34-403b-8a7e-c7b6925f985c&AppEnvironment=datacollector-binary&UploadType=eteventstream] refs=[1] status=Processing
[2026.04.04-10.23.37:996][876]LogHttp: Display: cleaning up 1 outstanding Http requests.
[2026.04.04-10.23.38:024][876]LogModuleManager: Shutting down and abandoning module SSL (78)
[2026.04.04-10.23.38:026][876]LogModuleManager: Shutting down and abandoning module WmfMedia (74)
[2026.04.04-10.23.38:033][876]LogModuleManager: Shutting down and abandoning module Media (73)
[2026.04.04-10.23.38:035][876]LogModuleManager: Shutting down and abandoning module MediaInfo (72)
[2026.04.04-10.23.38:035][876]LogModuleManager: Shutting down and abandoning module ExrReaderGpu (68)
[2026.04.04-10.23.38:035][876]LogModuleManager: Shutting down and abandoning module MLSDK (66)
[2026.04.04-10.23.38:036][876]LogModuleManager: Shutting down and abandoning module MagicLeap (64)
[2026.04.04-10.23.38:036][876]LogModuleManager: Shutting down and abandoning module NiagaraVertexFactories (62)
[2026.04.04-10.23.38:036][876]LogModuleManager: Shutting down and abandoning module NiagaraShader (60)
[2026.04.04-10.23.38:036][876]LogModuleManager: Shutting down and abandoning module ChaosCloth (58)
[2026.04.04-10.23.38:036][876]LogModuleManager: Shutting down and abandoning module VariantManagerContent (56)
[2026.04.04-10.23.38:036][876]LogModuleManager: Shutting down and abandoning module DatasmithContent (54)
[2026.04.04-10.23.38:037][876]LogModuleManager: Shutting down and abandoning module PixWinPlugin (52)
[2026.04.04-10.23.38:038][876]LogModuleManager: Shutting down and abandoning module AISupportModule (50)
[2026.04.04-10.23.38:038][876]LogModuleManager: Shutting down and abandoning module DesktopPlatform (48)
[2026.04.04-10.23.38:038][876]LogModuleManager: Shutting down and abandoning module PythonScriptPluginPreload (46)
[2026.04.04-10.23.38:038][876]LogModuleManager: Shutting down and abandoning module PlatformCryptoOpenSSL (44)
[2026.04.04-10.23.38:039][876]LogModuleManager: Shutting down and abandoning module PlatformCryptoTypes (42)
[2026.04.04-10.23.38:039][876]LogModuleManager: Shutting down and abandoning module PlatformCrypto (40)
[2026.04.04-10.23.38:039][876]LogModuleManager: Shutting down and abandoning module OodleDataCompressionFormat (38)
[2026.04.04-10.23.38:040][876]LogModuleManager: Shutting down and abandoning module XGEController (36)
[2026.04.04-10.23.38:041][876]LogModuleManager: Shutting down and abandoning module AnimationModifiers (34)
[2026.04.04-10.23.38:041][876]LogModuleManager: Shutting down and abandoning module AudioEditor (32)
[2026.04.04-10.23.38:042][876]LogModuleManager: Shutting down and abandoning module PropertyEditor (31)
[2026.04.04-10.23.38:043][876]LogModuleManager: Shutting down and abandoning module TextureCompressor (28)
[2026.04.04-10.23.38:043][876]LogModuleManager: Shutting down and abandoning module RenderCore (26)
[2026.04.04-10.23.38:043][876]LogModuleManager: Shutting down and abandoning module Landscape (24)
[2026.04.04-10.23.38:043][876]LogModuleManager: Shutting down and abandoning module SlateRHIRenderer (22)
[2026.04.04-10.23.38:046][876]LogModuleManager: Shutting down and abandoning module AnimGraphRuntime (20)
[2026.04.04-10.23.38:046][876]LogModuleManager: Shutting down and abandoning module Renderer (18)
[2026.04.04-10.23.38:047][876]LogModuleManager: Shutting down and abandoning module Engine (16)
[2026.04.04-10.23.38:047][876]LogModuleManager: Shutting down and abandoning module CoreUObject (14)
[2026.04.04-10.23.38:047][876]LogModuleManager: Shutting down and abandoning module NetworkFile (12)
[2026.04.04-10.23.38:047][876]LogModuleManager: Shutting down and abandoning module CookedIterativeFile (10)
[2026.04.04-10.23.38:047][876]LogModuleManager: Shutting down and abandoning module StreamingFile (8)
[2026.04.04-10.23.38:047][876]LogModuleManager: Shutting down and abandoning module SandboxFile (6)
[2026.04.04-10.23.38:048][876]LogModuleManager: Shutting down and abandoning module PakFile (4)
[2026.04.04-10.23.38:048][876]LogModuleManager: Shutting down and abandoning module RSA (3)
[2026.04.04-10.23.38:048][876]LogContentStreaming: Display: There are 1 unreleased StreamingManagers
[2026.04.04-10.23.38:085][876]LogD3D11RHI: Shutdown
[2026.04.04-10.23.38:085][876]LogD3D11RHI: CleanupD3DDevice
[2026.04.04-10.23.38:109][876]LogD3D11RHI: Intel Extensions Framework unloaded
[2026.04.04-10.23.38:121][876]LogD3D11RHI: [IntelMetricsDiscovery] Stopped
[2026.04.04-10.23.38:122][876]LogExit: Exiting.
[2026.04.04-10.23.38:137][876]Log file closed, 04/04/26 13:23:38
