Log file open, 04/26/26 18:51:22
LogWindows: Failed to load 'aqProf.dll' (GetLastError=126)
LogWindows: File 'aqProf.dll' does not exist
LogWindows: Failed to load 'VtuneApi.dll' (GetLastError=126)
LogWindows: File 'VtuneApi.dll' does not exist
LogWindows: Failed to load 'VtuneApi32e.dll' (GetLastError=126)
LogWindows: File 'VtuneApi32e.dll' does not exist
LogConsoleResponse: Display: Failed to find resolution value strings in scalability ini. Falling back to default.
LogConsoleResponse: Display: Failed to find resolution value strings in scalability ini. Falling back to default.
LogInit: Display: Running engine for game: Playtime_Multiplayer
LogPlatformFile: Not using cached read wrapper
LogTaskGraph: Started task graph with 5 named threads and 11 total threads with 3 sets of task threads.
LogStats: Stats thread started at 4.152220
LogICUInternationalization: ICU TimeZone Detection - Raw Offset: +2:00, Platform Override: ''
LogInit: Display: Loading text-based GConfig....
LogPluginManager: Mounting plugin MeshPainting
LogPluginManager: Mounting plugin XGEController
LogPluginManager: Mounting plugin Paper2D
LogPluginManager: Mounting plugin LiveLink
LogPluginManager: Mounting plugin LightPropagationVolume
LogPluginManager: Mounting plugin CameraShakePreviewer
LogPluginManager: Mounting plugin AISupport
LogPluginManager: Mounting plugin GameplayCameras
LogPluginManager: Mounting plugin EnvironmentQueryEditor
LogPluginManager: Mounting plugin OodleData
LogPluginManager: Mounting plugin OodleNetwork
LogPluginManager: Mounting plugin AssetManagerEditor
LogPluginManager: Mounting plugin CryptoKeys
LogPluginManager: Mounting plugin CurveEditorTools
LogPluginManager: Mounting plugin AnimationSharing
LogPluginManager: Mounting plugin DataValidation
LogPluginManager: Mounting plugin FacialAnimation
LogPluginManager: Mounting plugin GameplayTagsEditor
LogPluginManager: Mounting plugin CLionSourceCodeAccess
LogPluginManager: Mounting plugin GeometryMode
LogPluginManager: Mounting plugin CodeLiteSourceCodeAccess
LogPluginManager: Mounting plugin MacGraphicsSwitching
LogPluginManager: Mounting plugin MaterialAnalyzer
LogPluginManager: Mounting plugin GitSourceControl
LogPluginManager: Mounting plugin MobileLauncherProfileWizard
LogPluginManager: Mounting plugin NullSourceCodeAccess
LogPluginManager: Mounting plugin KDevelopSourceCodeAccess
LogPluginManager: Mounting plugin PluginBrowser
LogPluginManager: Mounting plugin SpeedTreeImporter
LogPluginManager: Mounting plugin PixWinPlugin
LogPluginManager: Mounting plugin PlasticSourceControl
LogPluginManager: Mounting plugin PerforceSourceControl
LogPluginManager: Mounting plugin PluginUtils
LogPluginManager: Mounting plugin RiderSourceCodeAccess
LogPluginManager: Mounting plugin PropertyAccessNode
LogPluginManager: Mounting plugin TextureFormatOodle
LogPluginManager: Mounting plugin SubversionSourceControl
LogPluginManager: Mounting plugin VisualStudioCodeSourceCodeAccess
LogPluginManager: Mounting plugin UObjectPlugin
LogPluginManager: Mounting plugin VisualStudioSourceCodeAccess
LogPluginManager: Mounting plugin Niagara
LogPluginManager: Mounting plugin XCodeSourceCodeAccess
LogPluginManager: Mounting plugin DatasmithContent
LogPluginManager: Mounting plugin VariantManagerContent
LogPluginManager: Mounting plugin LuminPlatformFeatures
LogPluginManager: Mounting plugin MagicLeap
LogPluginManager: Mounting plugin MagicLeapLightEstimation
LogPluginManager: Mounting plugin MagicLeapMedia
LogPluginManager: Mounting plugin MagicLeapPassableWorld
LogPluginManager: Mounting plugin MLSDK
LogPluginManager: Mounting plugin AlembicImporter
LogPluginManager: Mounting plugin BackChannel
LogPluginManager: Mounting plugin AutomationUtils
LogPluginManager: Mounting plugin ChaosCloth
LogPluginManager: Mounting plugin ChaosClothEditor
LogPluginManager: Mounting plugin ChaosEditor
LogPluginManager: Mounting plugin ChaosNiagara
LogPluginManager: Mounting plugin ChaosSolverPlugin
LogPluginManager: Mounting plugin CharacterAI
LogPluginManager: Mounting plugin GeometryCache
LogPluginManager: Mounting plugin GeometryCollectionPlugin
LogPluginManager: Mounting plugin GeometryProcessing
LogPluginManager: Mounting plugin MotoSynth
LogPluginManager: Mounting plugin OpenImageDenoise
LogPluginManager: Mounting plugin PlanarCut
LogPluginManager: Mounting plugin PlatformCrypto
LogPluginManager: Mounting plugin ProxyLODPlugin
LogPluginManager: Mounting plugin PythonScriptPlugin
LogPluginManager: Mounting plugin SkeletalReduction
LogPluginManager: Mounting plugin AndroidMedia
LogPluginManager: Mounting plugin AvfMedia
LogPluginManager: Mounting plugin MediaCompositing
LogPluginManager: Mounting plugin ImgMedia
LogPluginManager: Mounting plugin MediaPlayerEditor
LogPluginManager: Mounting plugin WebMMedia
LogPluginManager: Mounting plugin WmfMedia
LogPluginManager: Mounting plugin UdpMessaging
LogPluginManager: Mounting plugin TcpMessaging
LogPluginManager: Mounting plugin ActorSequence
LogPluginManager: Mounting plugin LevelSequenceEditor
LogPluginManager: Mounting plugin MatineeToLevelSequence
LogPluginManager: Mounting plugin TemplateSequence
LogPluginManager: Mounting plugin OnlineSubsystem
LogPluginManager: Mounting plugin OnlineSubsystemNull
LogPluginManager: Mounting plugin OnlineSubsystemSteam
LogPluginManager: Mounting plugin OnlineSubsystemUtils
LogPluginManager: Mounting plugin LauncherChunkInstaller
LogPluginManager: Mounting plugin ActorLayerUtilities
LogPluginManager: Mounting plugin AndroidDeviceProfileSelector
LogPluginManager: Mounting plugin AndroidMoviePlayer
LogPluginManager: Mounting plugin AndroidPermission
LogPluginManager: Mounting plugin AppleImageUtils
LogPluginManager: Mounting plugin AppleMoviePlayer
LogPluginManager: Mounting plugin ArchVisCharacter
LogPluginManager: Mounting plugin AssetTags
LogPluginManager: Mounting plugin AudioCapture
LogPluginManager: Mounting plugin AudioSynesthesia
LogPluginManager: Mounting plugin ChunkDownloader
LogPluginManager: Mounting plugin CableComponent
LogPluginManager: Mounting plugin CustomMeshComponent
LogPluginManager: Mounting plugin EditableMesh
LogPluginManager: Mounting plugin ExampleDeviceProfileSelector
LogPluginManager: Mounting plugin GoogleCloudMessaging
LogPluginManager: Mounting plugin ScreenshotTools
LogPluginManager: Mounting plugin Takes
LogPluginManager: Mounting plugin GooglePAD
LogPluginManager: Mounting plugin IOSDeviceProfileSelector
LogPluginManager: Mounting plugin LocationServicesBPLibrary
LogPluginManager: Mounting plugin LinuxDeviceProfileSelector
LogPluginManager: Mounting plugin MobilePatchingUtils
LogPluginManager: Mounting plugin OpenXR
LogPluginManager: Mounting plugin OpenXRHandTracking
LogPluginManager: Mounting plugin OpenXREyeTracker
LogPluginManager: Mounting plugin PhysXVehicles
LogPluginManager: Mounting plugin PostSplashScreen
LogPluginManager: Mounting plugin ProceduralMeshComponent
LogPluginManager: Mounting plugin PropertyAccessEditor
LogPluginManager: Mounting plugin RuntimePhysXCooking
LogPluginManager: Mounting plugin SignificanceManager
LogPluginManager: Mounting plugin SoundFields
LogPluginManager: Mounting plugin Synthesis
LogPluginManager: Mounting plugin WebMMoviePlayer
LogPluginManager: Mounting plugin WindowsMoviePlayer
LogPluginManager: Mounting plugin ContentBrowserAssetDataSource
LogPluginManager: Mounting plugin ContentBrowserClassDataSource
LogPluginManager: Mounting plugin ContentBrowserFileDataSource
LogPluginManager: Mounting plugin OnlineSubsystemGooglePlay
LogPluginManager: Mounting plugin OnlineSubsystemIOS
LogPluginManager: Mounting plugin OculusVR
LogPluginManager: Mounting plugin SteamShared
LogPluginManager: Mounting plugin SteamVR
LogPluginManager: Mounting plugin AdvancedSessions
LogPluginManager: Mounting plugin AdvancedSteamSessions
LogPluginManager: Mounting plugin VaRest
PixWinPlugin: PIX capture plugin failed to initialize! Check that the process is launched from PIX.
LogInit: Using libcurl 7.55.1-DEV
LogInit:  - built for x86_64-pc-win32
LogInit:  - supports SSL with OpenSSL/1.1.1
LogInit:  - supports HTTP deflate (compression) using libz 1.2.8
LogInit:  - other features:
LogInit:      CURL_VERSION_SSL
LogInit:      CURL_VERSION_LIBZ
LogInit:      CURL_VERSION_IPV6
LogInit:      CURL_VERSION_ASYNCHDNS
LogInit:      CURL_VERSION_LARGEFILE
LogInit:      CURL_VERSION_IDN
LogInit:  CurlRequestOptions (configurable via config and command line):
LogInit:  - bVerifyPeer = true  - Libcurl will verify peer certificate
LogInit:  - bUseHttpProxy = false  - Libcurl will NOT use HTTP proxy
LogInit:  - bDontReuseConnections = false  - Libcurl will reuse connections
LogInit:  - MaxHostConnections = 16  - Libcurl will limit the number of connections to a host
LogInit:  - LocalHostAddr = Default
LogInit:  - BufferSize = 65536
LogSteamShared: Display: Loading Steam SDK 1.51
LogSteamShared: Steam SDK Loaded!
LogOnline: OSS: Creating online subsystem instance for: Steam
LogOnline: Display: STEAM: OnlineSubsystemSteam::Shutdown()
LogOnline: OSS: Unable to create OnlineSubsystem module Steam
LogOnline: OSS: Creating online subsystem instance for: NULL
LogInit: WinSock: version 1.1 (2.2), MaxSocks=32767, MaxUdp=65467
LogOnline: OSS: TryLoadSubsystemAndSetDefault: Loaded subsystem for module [NULL]
LogOculusPluginWrapper: OculusPlugin initialized successfully
LogHMD: Failed initializing OVRPlugin 1.59.0
LogInit: Build: ++UE4+Release-4.27-CL-18319896
LogInit: Engine Version: 4.27.2-18319896+++UE4+Release-4.27
LogInit: Compatible Engine Version: 4.27.0-17155196+++UE4+Release-4.27
LogInit: Net CL: 17155196
LogInit: OS: Windows 10 (Release 2009) (), CPU: AMD Ryzen 3 3250U with Radeon Graphics         , GPU: AMD Radeon(TM) Graphics
LogInit: Compiled (64-bit): Nov 30 2021 07:12:08
LogInit: Compiled with Visual C++: 19.24.28315.00
LogInit: Build Configuration: Development
LogInit: Branch Name: ++UE4+Release-4.27
LogInit: Command Line: 
LogInit: Base Directory: C:/Program Files/Epic Games/UE_4.27/Engine/Binaries/Win64/
LogInit: Allocator: TBB
LogInit: Installed Engine Build: 1
LogDevObjectVersion: Number of dev versions registered: 29
LogDevObjectVersion:   Dev-Blueprints (B0D832E4-1F89-4F0D-ACCF-7EB736FD4AA2): 10
LogDevObjectVersion:   Dev-Build (E1C64328-A22C-4D53-A36C-8E866417BD8C): 0
LogDevObjectVersion:   Dev-Core (375EC13C-06E4-48FB-B500-84F0262A717E): 4
LogDevObjectVersion:   Dev-Editor (E4B068ED-F494-42E9-A231-DA0B2E46BB41): 40
LogDevObjectVersion:   Dev-Framework (CFFC743F-43B0-4480-9391-14DF171D2073): 37
LogDevObjectVersion:   Dev-Mobile (B02B49B5-BB20-44E9-A304-32B752E40360): 3
LogDevObjectVersion:   Dev-Networking (A4E4105C-59A1-49B5-A7C5-40C4547EDFEE): 0
LogDevObjectVersion:   Dev-Online (39C831C9-5AE6-47DC-9A44-9C173E1C8E7C): 0
LogDevObjectVersion:   Dev-Physics (78F01B33-EBEA-4F98-B9B4-84EACCB95AA2): 14
LogDevObjectVersion:   Dev-Platform (6631380F-2D4D-43E0-8009-CF276956A95A): 0
LogDevObjectVersion:   Dev-Rendering (12F88B9F-8875-4AFC-A67C-D90C383ABD29): 45
LogDevObjectVersion:   Dev-Sequencer (7B5AE74C-D270-4C10-A958-57980B212A5A): 13
LogDevObjectVersion:   Dev-VR (D7296918-1DD6-4BDD-9DE2-64A83CC13884): 3
LogDevObjectVersion:   Dev-LoadTimes (C2A15278-BFE7-4AFE-6C17-90FF531DF755): 1
LogDevObjectVersion:   Private-Geometry (6EACA3D4-40EC-4CC1-B786-8BED09428FC5): 3
LogDevObjectVersion:   Dev-AnimPhys (29E575DD-E0A3-4627-9D10-D276232CDCEA): 17
LogDevObjectVersion:   Dev-Anim (AF43A65D-7FD3-4947-9873-3E8ED9C1BB05): 15
LogDevObjectVersion:   Dev-ReflectionCapture (6B266CEC-1EC7-4B8F-A30B-E4D90942FC07): 1
LogDevObjectVersion:   Dev-Automation (0DF73D61-A23F-47EA-B727-89E90C41499A): 1
LogDevObjectVersion:   FortniteMain (601D1886-AC64-4F84-AA16-D3DE0DEAC7D6): 47
LogDevObjectVersion:   FortniteRelease (E7086368-6B23-4C58-8439-1B7016265E91): 1
LogDevObjectVersion:   Dev-Enterprise (9DFFBCD6-494F-0158-E221-12823C92A888): 10
LogDevObjectVersion:   Dev-Niagara (F2AED0AC-9AFE-416F-8664-AA7FFA26D6FC): 1
LogDevObjectVersion:   Dev-Destruction (174F1F0B-B4C6-45A5-B13F-2EE8D0FB917D): 10
LogDevObjectVersion:   Dev-Physics-Ext (35F94A83-E258-406C-A318-09F59610247C): 41
LogDevObjectVersion:   Dev-PhysicsMaterial-Chaos (B68FC16E-8B1B-42E2-B453-215C058844FE): 1
LogDevObjectVersion:   Dev-CineCamera (B2E18506-4273-CFC2-A54E-F4BB758BBA07): 1
LogDevObjectVersion:   Dev-VirtualProduction (64F58936-FD1B-42BA-BA96-7289D5D0FA4E): 1
LogDevObjectVersion:   Dev-MediaFramework (6F0ED827-A609-4895-9C91-998D90180EA4): 2
LogLinker: AddRedirectList(C:/LastStep/PROJECT-LAST-STEP/Playtime_Multiplayer/Saved/Config/Windows/VaRest.ini) has substring redirect /VaRestPlugin/, these are very slow and should be resolved as soon as possible!
LogInit: Presizing for max 25165824 objects, including 0 objects not considered by GC, pre-allocating 0 bytes for permanent pool.
LogConfig: Applying CVar settings from Section [/Script/Engine.StreamingSettings] File [C:/LastStep/PROJECT-LAST-STEP/Playtime_Multiplayer/Saved/Config/Windows/Engine.ini]
LogConfig: Setting CVar [[s.MinBulkDataSizeForAsyncLoading:131072]]
LogConfig: Setting CVar [[s.AsyncLoadingThreadEnabled:0]]
LogConfig: Setting CVar [[s.EventDrivenLoaderEnabled:1]]
LogConfig: Setting CVar [[s.WarnIfTimeLimitExceeded:0]]
LogConfig: Setting CVar [[s.TimeLimitExceededMultiplier:1.5]]
LogConfig: Setting CVar [[s.TimeLimitExceededMinTime:0.005]]
LogConfig: Setting CVar [[s.UseBackgroundLevelStreaming:1]]
LogConfig: Setting CVar [[s.PriorityAsyncLoadingExtraTime:15.0]]
LogConfig: Setting CVar [[s.LevelStreamingActorsUpdateTimeLimit:5.0]]
LogConfig: Setting CVar [[s.PriorityLevelStreamingActorsUpdateExtraTime:5.0]]
LogConfig: Setting CVar [[s.LevelStreamingComponentsRegistrationGranularity:10]]
LogConfig: Setting CVar [[s.UnregisterComponentsTimeLimit:1.0]]
LogConfig: Setting CVar [[s.LevelStreamingComponentsUnregistrationGranularity:5]]
LogConfig: Setting CVar [[s.FlushStreamingOnExit:1]]
LogInit: Object subsystem initialized
LogConfig: Setting CVar [[con.DebugEarlyDefault:1]]
LogConfig: Setting CVar [[r.setres:1280x720]]
[2026.04.26-16.51.26:756][  0]LogConfig: Setting CVar [[r.VSync:0]]
[2026.04.26-16.51.26:756][  0]LogConfig: Setting CVar [[r.RHICmdBypass:0]]
[2026.04.26-16.51.26:756][  0]LogConfig: Applying CVar settings from Section [/Script/Engine.RendererSettings] File [C:/LastStep/PROJECT-LAST-STEP/Playtime_Multiplayer/Saved/Config/Windows/Engine.ini]
[2026.04.26-16.51.26:760][  0]LogConfig: Setting CVar [[r.GPUCrashDebugging:0]]
[2026.04.26-16.51.26:760][  0]LogConfig: Applying CVar settings from Section [/Script/Engine.RendererOverrideSettings] File [C:/LastStep/PROJECT-LAST-STEP/Playtime_Multiplayer/Saved/Config/Windows/Engine.ini]
[2026.04.26-16.51.26:760][  0]LogConfig: Applying CVar settings from Section [/Script/Engine.StreamingSettings] File [C:/LastStep/PROJECT-LAST-STEP/Playtime_Multiplayer/Saved/Config/Windows/Engine.ini]
[2026.04.26-16.51.26:760][  0]LogConfig: Setting CVar [[s.MinBulkDataSizeForAsyncLoading:131072]]
[2026.04.26-16.51.26:760][  0]LogConfig: Setting CVar [[s.AsyncLoadingThreadEnabled:0]]
[2026.04.26-16.51.26:760][  0]LogConfig: Setting CVar [[s.EventDrivenLoaderEnabled:1]]
[2026.04.26-16.51.26:760][  0]LogConfig: Setting CVar [[s.WarnIfTimeLimitExceeded:0]]
[2026.04.26-16.51.26:760][  0]LogConfig: Setting CVar [[s.TimeLimitExceededMultiplier:1.5]]
[2026.04.26-16.51.26:761][  0]LogConfig: Setting CVar [[s.TimeLimitExceededMinTime:0.005]]
[2026.04.26-16.51.26:761][  0]LogConfig: Setting CVar [[s.UseBackgroundLevelStreaming:1]]
[2026.04.26-16.51.26:761][  0]LogConfig: Setting CVar [[s.PriorityAsyncLoadingExtraTime:15.0]]
[2026.04.26-16.51.26:761][  0]LogConfig: Setting CVar [[s.LevelStreamingActorsUpdateTimeLimit:5.0]]
[2026.04.26-16.51.26:761][  0]LogConfig: Setting CVar [[s.PriorityLevelStreamingActorsUpdateExtraTime:5.0]]
[2026.04.26-16.51.26:761][  0]LogConfig: Setting CVar [[s.LevelStreamingComponentsRegistrationGranularity:10]]
[2026.04.26-16.51.26:761][  0]LogConfig: Setting CVar [[s.UnregisterComponentsTimeLimit:1.0]]
[2026.04.26-16.51.26:761][  0]LogConfig: Setting CVar [[s.LevelStreamingComponentsUnregistrationGranularity:5]]
[2026.04.26-16.51.26:761][  0]LogConfig: Setting CVar [[s.FlushStreamingOnExit:1]]
[2026.04.26-16.51.26:761][  0]LogConfig: Applying CVar settings from Section [/Script/Engine.GarbageCollectionSettings] File [C:/LastStep/PROJECT-LAST-STEP/Playtime_Multiplayer/Saved/Config/Windows/Engine.ini]
[2026.04.26-16.51.26:761][  0]LogConfig: Setting CVar [[gc.MaxObjectsNotConsideredByGC:1]]
[2026.04.26-16.51.26:761][  0]LogConfig: Setting CVar [[gc.SizeOfPermanentObjectPool:0]]
[2026.04.26-16.51.26:761][  0]LogConfig: Setting CVar [[gc.FlushStreamingOnGC:0]]
[2026.04.26-16.51.26:762][  0]LogConfig: Setting CVar [[gc.NumRetriesBeforeForcingGC:10]]
[2026.04.26-16.51.26:762][  0]LogConfig: Setting CVar [[gc.AllowParallelGC:1]]
[2026.04.26-16.51.26:762][  0]LogConfig: Setting CVar [[gc.TimeBetweenPurgingPendingKillObjects:61.1]]
[2026.04.26-16.51.26:762][  0]LogConfig: Setting CVar [[gc.MaxObjectsInEditor:25165824]]
[2026.04.26-16.51.26:762][  0]LogConfig: Setting CVar [[gc.IncrementalBeginDestroyEnabled:1]]
[2026.04.26-16.51.26:762][  0]LogConfig: Setting CVar [[gc.CreateGCClusters:1]]
[2026.04.26-16.51.26:762][  0]LogConfig: Setting CVar [[gc.MinGCClusterSize:5]]
[2026.04.26-16.51.26:762][  0]LogConfig: Setting CVar [[gc.ActorClusteringEnabled:0]]
[2026.04.26-16.51.26:762][  0]LogConfig: Setting CVar [[gc.BlueprintClusteringEnabled:0]]
[2026.04.26-16.51.26:762][  0]LogConfig: Setting CVar [[gc.UseDisregardForGCOnDedicatedServers:0]]
[2026.04.26-16.51.26:762][  0]LogConfig: Setting CVar [[gc.MultithreadedDestructionEnabled:1]]
[2026.04.26-16.51.26:762][  0]LogConfig: Applying CVar settings from Section [/Script/Engine.NetworkSettings] File [C:/LastStep/PROJECT-LAST-STEP/Playtime_Multiplayer/Saved/Config/Windows/Engine.ini]
[2026.04.26-16.51.26:762][  0]LogConfig: Applying CVar settings from Section [/Script/UnrealEd.CookerSettings] File [C:/LastStep/PROJECT-LAST-STEP/Playtime_Multiplayer/Saved/Config/Windows/Engine.ini]
[2026.04.26-16.51.26:762][  0]LogConfig: Setting CVar [[cook.AllowCookedDataInEditorBuilds:1]]
[2026.04.26-16.51.26:762][  0]LogConfig: Setting CVar [[s.AllowUnversionedContentInEditor:1]]
[2026.04.26-16.51.26:787][  0]LogConfig: Applying CVar settings from Section [ViewDistanceQuality@3] File [C:/LastStep/PROJECT-LAST-STEP/Playtime_Multiplayer/Saved/Config/Windows/Scalability.ini]
[2026.04.26-16.51.26:787][  0]LogConfig: Setting CVar [[r.SkeletalMeshLODBias:0]]
[2026.04.26-16.51.26:787][  0]LogConfig: Setting CVar [[r.ViewDistanceScale:1.0]]
[2026.04.26-16.51.26:787][  0]LogConfig: Applying CVar settings from Section [AntiAliasingQuality@3] File [C:/LastStep/PROJECT-LAST-STEP/Playtime_Multiplayer/Saved/Config/Windows/Scalability.ini]
[2026.04.26-16.51.26:787][  0]LogConfig: Setting CVar [[r.PostProcessAAQuality:4]]
[2026.04.26-16.51.26:787][  0]LogConfig: Applying CVar settings from Section [ShadowQuality@3] File [C:/LastStep/PROJECT-LAST-STEP/Playtime_Multiplayer/Saved/Config/Windows/Scalability.ini]
[2026.04.26-16.51.26:787][  0]LogConfig: Setting CVar [[r.LightFunctionQuality:1]]
[2026.04.26-16.51.26:787][  0]LogConfig: Setting CVar [[r.ShadowQuality:5]]
[2026.04.26-16.51.26:787][  0]LogConfig: Setting CVar [[r.Shadow.CSM.MaxCascades:10]]
[2026.04.26-16.51.26:787][  0]LogConfig: Setting CVar [[r.Shadow.MaxResolution:2048]]
[2026.04.26-16.51.26:787][  0]LogConfig: Setting CVar [[r.Shadow.MaxCSMResolution:2048]]
[2026.04.26-16.51.26:787][  0]LogConfig: Setting CVar [[r.Shadow.RadiusThreshold:0.01]]
[2026.04.26-16.51.26:787][  0]LogConfig: Setting CVar [[r.Shadow.DistanceScale:1.0]]
[2026.04.26-16.51.26:787][  0]LogConfig: Setting CVar [[r.Shadow.CSM.TransitionScale:1.0]]
[2026.04.26-16.51.26:787][  0]LogConfig: Setting CVar [[r.Shadow.PreShadowResolutionFactor:1.0]]
[2026.04.26-16.51.26:787][  0]LogConfig: Setting CVar [[r.DistanceFieldShadowing:1]]
[2026.04.26-16.51.26:787][  0]LogConfig: Setting CVar [[r.DistanceFieldAO:1]]
[2026.04.26-16.51.26:787][  0]LogConfig: Setting CVar [[r.AOQuality:2]]
[2026.04.26-16.51.26:787][  0]LogConfig: Setting CVar [[r.VolumetricFog:1]]
[2026.04.26-16.51.26:787][  0]LogConfig: Setting CVar [[r.VolumetricFog.GridPixelSize:8]]
[2026.04.26-16.51.26:787][  0]LogConfig: Setting CVar [[r.VolumetricFog.GridSizeZ:128]]
[2026.04.26-16.51.26:787][  0]LogConfig: Setting CVar [[r.VolumetricFog.HistoryMissSupersampleCount:4]]
[2026.04.26-16.51.26:787][  0]LogConfig: Setting CVar [[r.LightMaxDrawDistanceScale:1]]
[2026.04.26-16.51.26:787][  0]LogConfig: Setting CVar [[r.CapsuleShadows:1]]
[2026.04.26-16.51.26:787][  0]LogConfig: Applying CVar settings from Section [PostProcessQuality@3] File [C:/LastStep/PROJECT-LAST-STEP/Playtime_Multiplayer/Saved/Config/Windows/Scalability.ini]
[2026.04.26-16.51.26:787][  0]LogConfig: Setting CVar [[r.MotionBlurQuality:4]]
[2026.04.26-16.51.26:787][  0]LogConfig: Setting CVar [[r.AmbientOcclusionMipLevelFactor:0.4]]
[2026.04.26-16.51.26:787][  0]LogConfig: Setting CVar [[r.AmbientOcclusionMaxQuality:100]]
[2026.04.26-16.51.26:787][  0]LogConfig: Setting CVar [[r.AmbientOcclusionLevels:-1]]
[2026.04.26-16.51.26:787][  0]LogConfig: Setting CVar [[r.AmbientOcclusionRadiusScale:1.0]]
[2026.04.26-16.51.26:787][  0]LogConfig: Setting CVar [[r.DepthOfFieldQuality:2]]
[2026.04.26-16.51.26:787][  0]LogConfig: Setting CVar [[r.RenderTargetPoolMin:400]]
[2026.04.26-16.51.26:787][  0]LogConfig: Setting CVar [[r.LensFlareQuality:2]]
[2026.04.26-16.51.26:787][  0]LogConfig: Setting CVar [[r.SceneColorFringeQuality:1]]
[2026.04.26-16.51.26:787][  0]LogConfig: Setting CVar [[r.EyeAdaptationQuality:2]]
[2026.04.26-16.51.26:787][  0]LogConfig: Setting CVar [[r.BloomQuality:5]]
[2026.04.26-16.51.26:787][  0]LogConfig: Setting CVar [[r.FastBlurThreshold:100]]
[2026.04.26-16.51.26:787][  0]LogConfig: Setting CVar [[r.Upscale.Quality:3]]
[2026.04.26-16.51.26:787][  0]LogConfig: Setting CVar [[r.Tonemapper.GrainQuantization:1]]
[2026.04.26-16.51.26:787][  0]LogConfig: Setting CVar [[r.LightShaftQuality:1]]
[2026.04.26-16.51.26:787][  0]LogConfig: Setting CVar [[r.Filter.SizeScale:1]]
[2026.04.26-16.51.26:788][  0]LogConfig: Setting CVar [[r.Tonemapper.Quality:5]]
[2026.04.26-16.51.26:788][  0]LogConfig: Setting CVar [[r.DOF.Gather.AccumulatorQuality:1        ; higher gathering accumulator quality]]
[2026.04.26-16.51.26:788][  0]LogConfig: Setting CVar [[r.DOF.Gather.PostfilterMethod:1          ; Median3x3 postfilering method]]
[2026.04.26-16.51.26:788][  0]LogConfig: Setting CVar [[r.DOF.Gather.EnableBokehSettings:0       ; no bokeh simulation when gathering]]
[2026.04.26-16.51.26:788][  0]LogConfig: Setting CVar [[r.DOF.Gather.RingCount:4                 ; medium number of samples when gathering]]
[2026.04.26-16.51.26:788][  0]LogConfig: Setting CVar [[r.DOF.Scatter.ForegroundCompositing:1    ; additive foreground scattering]]
[2026.04.26-16.51.26:788][  0]LogConfig: Setting CVar [[r.DOF.Scatter.BackgroundCompositing:2    ; additive background scattering]]
[2026.04.26-16.51.26:788][  0]LogConfig: Setting CVar [[r.DOF.Scatter.EnableBokehSettings:1      ; bokeh simulation when scattering]]
[2026.04.26-16.51.26:788][  0]LogConfig: Setting CVar [[r.DOF.Scatter.MaxSpriteRatio:0.1         ; only a maximum of 10% of scattered bokeh]]
[2026.04.26-16.51.26:788][  0]LogConfig: Setting CVar [[r.DOF.Recombine.Quality:1                ; cheap slight out of focus]]
[2026.04.26-16.51.26:788][  0]LogConfig: Setting CVar [[r.DOF.Recombine.EnableBokehSettings:0    ; no bokeh simulation on slight out of focus]]
[2026.04.26-16.51.26:788][  0]LogConfig: Setting CVar [[r.DOF.TemporalAAQuality:1                ; more stable temporal accumulation]]
[2026.04.26-16.51.26:788][  0]LogConfig: Setting CVar [[r.DOF.Kernel.MaxForegroundRadius:0.025]]
[2026.04.26-16.51.26:788][  0]LogConfig: Setting CVar [[r.DOF.Kernel.MaxBackgroundRadius:0.025]]
[2026.04.26-16.51.26:788][  0]LogConfig: Applying CVar settings from Section [TextureQuality@3] File [C:/LastStep/PROJECT-LAST-STEP/Playtime_Multiplayer/Saved/Config/Windows/Scalability.ini]
[2026.04.26-16.51.26:788][  0]LogConfig: Setting CVar [[r.Streaming.MipBias:0]]
[2026.04.26-16.51.26:788][  0]LogConfig: Setting CVar [[r.Streaming.AmortizeCPUToGPUCopy:0]]
[2026.04.26-16.51.26:788][  0]LogConfig: Setting CVar [[r.Streaming.MaxNumTexturesToStreamPerFrame:0]]
[2026.04.26-16.51.26:788][  0]LogConfig: Setting CVar [[r.Streaming.Boost:1]]
[2026.04.26-16.51.26:788][  0]LogConfig: Setting CVar [[r.MaxAnisotropy:8]]
[2026.04.26-16.51.26:788][  0]LogConfig: Setting CVar [[r.VT.MaxAnisotropy:8]]
[2026.04.26-16.51.26:788][  0]LogConfig: Setting CVar [[r.Streaming.LimitPoolSizeToVRAM:0]]
[2026.04.26-16.51.26:788][  0]LogConfig: Setting CVar [[r.Streaming.PoolSize:1000]]
[2026.04.26-16.51.26:788][  0]LogConfig: Setting CVar [[r.Streaming.MaxEffectiveScreenSize:0]]
[2026.04.26-16.51.26:788][  0]LogConfig: Applying CVar settings from Section [EffectsQuality@3] File [C:/LastStep/PROJECT-LAST-STEP/Playtime_Multiplayer/Saved/Config/Windows/Scalability.ini]
[2026.04.26-16.51.26:788][  0]LogConfig: Setting CVar [[r.TranslucencyLightingVolumeDim:64]]
[2026.04.26-16.51.26:788][  0]LogConfig: Setting CVar [[r.RefractionQuality:2]]
[2026.04.26-16.51.26:788][  0]LogConfig: Setting CVar [[r.SSR.Quality:3]]
[2026.04.26-16.51.26:790][  0]LogConfig: Setting CVar [[r.SSR.HalfResSceneColor:0]]
[2026.04.26-16.51.26:790][  0]LogConfig: Setting CVar [[r.SceneColorFormat:4]]
[2026.04.26-16.51.26:790][  0]LogConfig: Setting CVar [[r.DetailMode:2]]
[2026.04.26-16.51.26:791][  0]LogConfig: Setting CVar [[r.TranslucencyVolumeBlur:1]]
[2026.04.26-16.51.26:791][  0]LogConfig: Setting CVar [[r.MaterialQualityLevel:1 ; High quality]]
[2026.04.26-16.51.26:791][  0]LogConfig: Setting CVar [[r.AnisotropicMaterials:1]]
[2026.04.26-16.51.26:791][  0]LogConfig: Setting CVar [[r.SSS.Scale:1]]
[2026.04.26-16.51.26:791][  0]LogConfig: Setting CVar [[r.SSS.SampleSet:2]]
[2026.04.26-16.51.26:791][  0]LogConfig: Setting CVar [[r.SSS.Quality:1]]
[2026.04.26-16.51.26:791][  0]LogConfig: Setting CVar [[r.SSS.HalfRes:0]]
[2026.04.26-16.51.26:791][  0]LogConfig: Setting CVar [[r.SSGI.Quality:3]]
[2026.04.26-16.51.26:791][  0]LogConfig: Setting CVar [[r.EmitterSpawnRateScale:1.0]]
[2026.04.26-16.51.26:791][  0]LogConfig: Setting CVar [[r.ParticleLightQuality:2]]
[2026.04.26-16.51.26:791][  0]LogConfig: Setting CVar [[r.SkyAtmosphere.AerialPerspectiveLUT.FastApplyOnOpaque:1 ; Always have FastSkyLUT 1 in this case to avoid wrong sky]]
[2026.04.26-16.51.26:791][  0]LogConfig: Setting CVar [[r.SkyAtmosphere.AerialPerspectiveLUT.SampleCountMaxPerSlice:4]]
[2026.04.26-16.51.26:791][  0]LogConfig: Setting CVar [[r.SkyAtmosphere.AerialPerspectiveLUT.DepthResolution:16.0]]
[2026.04.26-16.51.26:791][  0]LogConfig: Setting CVar [[r.SkyAtmosphere.FastSkyLUT:1]]
[2026.04.26-16.51.26:791][  0]LogConfig: Setting CVar [[r.SkyAtmosphere.FastSkyLUT.SampleCountMin:4.0]]
[2026.04.26-16.51.26:791][  0]LogConfig: Setting CVar [[r.SkyAtmosphere.FastSkyLUT.SampleCountMax:128.0]]
[2026.04.26-16.51.26:791][  0]LogConfig: Setting CVar [[r.SkyAtmosphere.SampleCountMin:4.0]]
[2026.04.26-16.51.26:791][  0]LogConfig: Setting CVar [[r.SkyAtmosphere.SampleCountMax:128.0]]
[2026.04.26-16.51.26:792][  0]LogConfig: Setting CVar [[r.SkyAtmosphere.TransmittanceLUT.UseSmallFormat:0]]
[2026.04.26-16.51.26:792][  0]LogConfig: Setting CVar [[r.SkyAtmosphere.TransmittanceLUT.SampleCount:10.0]]
[2026.04.26-16.51.26:792][  0]LogConfig: Setting CVar [[r.SkyAtmosphere.MultiScatteringLUT.SampleCount:15.0]]
[2026.04.26-16.51.26:792][  0]LogConfig: Setting CVar [[r.SkyLight.RealTimeReflectionCapture:1]]
[2026.04.26-16.51.26:792][  0]LogConfig: Applying CVar settings from Section [FoliageQuality@3] File [C:/LastStep/PROJECT-LAST-STEP/Playtime_Multiplayer/Saved/Config/Windows/Scalability.ini]
[2026.04.26-16.51.26:792][  0]LogConfig: Setting CVar [[foliage.DensityScale:1.0]]
[2026.04.26-16.51.26:792][  0]LogConfig: Setting CVar [[grass.DensityScale:1.0]]
[2026.04.26-16.51.26:792][  0]LogConfig: Applying CVar settings from Section [ShadingQuality@3] File [C:/LastStep/PROJECT-LAST-STEP/Playtime_Multiplayer/Saved/Config/Windows/Scalability.ini]
[2026.04.26-16.51.26:792][  0]LogConfig: Setting CVar [[r.HairStrands.SkyLighting.IntegrationType:2]]
[2026.04.26-16.51.26:792][  0]LogConfig: Setting CVar [[r.HairStrands.SkyAO.SampleCount:4]]
[2026.04.26-16.51.26:792][  0]LogConfig: Setting CVar [[r.HairStrands.Visibility.MSAA.SamplePerPixel:4]]
[2026.04.26-16.51.26:792][  0]LogInit: Selected Device Profile: [Windows]
[2026.04.26-16.51.26:792][  0]LogInit: Applying CVar settings loaded from the selected device profile: [Windows]
[2026.04.26-16.51.26:793][  0]LogHAL: Display: Platform has ~ 6 GB [6358228992 / 8589934592 / 6], which maps to Smaller [LargestMinGB=32, LargerMinGB=12, DefaultMinGB=8, SmallerMinGB=6, SmallestMinGB=0)
[2026.04.26-16.51.26:795][  0]LogInit: Going up to parent DeviceProfile []
[2026.04.26-16.51.26:795][  0]LogConfig: Applying CVar settings from Section [ViewDistanceQuality@0] File [C:/LastStep/PROJECT-LAST-STEP/Playtime_Multiplayer/Saved/Config/Windows/Scalability.ini]
[2026.04.26-16.51.26:795][  0]LogConfig: Setting CVar [[r.SkeletalMeshLODBias:2]]
[2026.04.26-16.51.26:795][  0]LogConfig: Setting CVar [[r.ViewDistanceScale:0.4]]
[2026.04.26-16.51.26:796][  0]LogConfig: Applying CVar settings from Section [AntiAliasingQuality@0] File [C:/LastStep/PROJECT-LAST-STEP/Playtime_Multiplayer/Saved/Config/Windows/Scalability.ini]
[2026.04.26-16.51.26:796][  0]LogConfig: Setting CVar [[r.PostProcessAAQuality:0]]
[2026.04.26-16.51.26:796][  0]LogConfig: Applying CVar settings from Section [ShadowQuality@0] File [C:/LastStep/PROJECT-LAST-STEP/Playtime_Multiplayer/Saved/Config/Windows/Scalability.ini]
[2026.04.26-16.51.26:796][  0]LogConfig: Setting CVar [[r.LightFunctionQuality:0]]
[2026.04.26-16.51.26:796][  0]LogConfig: Setting CVar [[r.ShadowQuality:0]]
[2026.04.26-16.51.26:796][  0]LogConfig: Setting CVar [[r.Shadow.CSM.MaxCascades:1]]
[2026.04.26-16.51.26:796][  0]LogConfig: Setting CVar [[r.Shadow.MaxResolution:512]]
[2026.04.26-16.51.26:796][  0]LogConfig: Setting CVar [[r.Shadow.MaxCSMResolution:512]]
[2026.04.26-16.51.26:796][  0]LogConfig: Setting CVar [[r.Shadow.RadiusThreshold:0.06]]
[2026.04.26-16.51.26:796][  0]LogConfig: Setting CVar [[r.Shadow.DistanceScale:0.6]]
[2026.04.26-16.51.26:796][  0]LogConfig: Setting CVar [[r.Shadow.CSM.TransitionScale:0]]
[2026.04.26-16.51.26:797][  0]LogConfig: Setting CVar [[r.Shadow.PreShadowResolutionFactor:0.5]]
[2026.04.26-16.51.26:797][  0]LogConfig: Setting CVar [[r.DistanceFieldShadowing:0]]
[2026.04.26-16.51.26:797][  0]LogConfig: Setting CVar [[r.DistanceFieldAO:0]]
[2026.04.26-16.51.26:797][  0]LogConfig: Setting CVar [[r.VolumetricFog:0]]
[2026.04.26-16.51.26:797][  0]LogConfig: Setting CVar [[r.LightMaxDrawDistanceScale:0]]
[2026.04.26-16.51.26:797][  0]LogConfig: Setting CVar [[r.CapsuleShadows:0]]
[2026.04.26-16.51.26:797][  0]LogConfig: Applying CVar settings from Section [PostProcessQuality@0] File [C:/LastStep/PROJECT-LAST-STEP/Playtime_Multiplayer/Saved/Config/Windows/Scalability.ini]
[2026.04.26-16.51.26:797][  0]LogConfig: Setting CVar [[r.MotionBlurQuality:0]]
[2026.04.26-16.51.26:797][  0]LogConfig: Setting CVar [[r.AmbientOcclusionMipLevelFactor:1.0]]
[2026.04.26-16.51.26:797][  0]LogConfig: Setting CVar [[r.AmbientOcclusionMaxQuality:0]]
[2026.04.26-16.51.26:797][  0]LogConfig: Setting CVar [[r.AmbientOcclusionLevels:0]]
[2026.04.26-16.51.26:797][  0]LogConfig: Setting CVar [[r.AmbientOcclusionRadiusScale:1.2]]
[2026.04.26-16.51.26:797][  0]LogConfig: Setting CVar [[r.DepthOfFieldQuality:0]]
[2026.04.26-16.51.26:797][  0]LogConfig: Setting CVar [[r.RenderTargetPoolMin:300]]
[2026.04.26-16.51.26:797][  0]LogConfig: Setting CVar [[r.LensFlareQuality:0]]
[2026.04.26-16.51.26:797][  0]LogConfig: Setting CVar [[r.SceneColorFringeQuality:0]]
[2026.04.26-16.51.26:797][  0]LogConfig: Setting CVar [[r.EyeAdaptationQuality:2]]
[2026.04.26-16.51.26:797][  0]LogConfig: Setting CVar [[r.BloomQuality:4]]
[2026.04.26-16.51.26:797][  0]LogConfig: Setting CVar [[r.FastBlurThreshold:0]]
[2026.04.26-16.51.26:797][  0]LogConfig: Setting CVar [[r.Upscale.Quality:1]]
[2026.04.26-16.51.26:797][  0]LogConfig: Setting CVar [[r.Tonemapper.GrainQuantization:0]]
[2026.04.26-16.51.26:797][  0]LogConfig: Setting CVar [[r.LightShaftQuality:0]]
[2026.04.26-16.51.26:797][  0]LogConfig: Setting CVar [[r.Filter.SizeScale:0.6]]
[2026.04.26-16.51.26:797][  0]LogConfig: Setting CVar [[r.Tonemapper.Quality:0]]
[2026.04.26-16.51.26:797][  0]LogConfig: Applying CVar settings from Section [TextureQuality@0] File [C:/LastStep/PROJECT-LAST-STEP/Playtime_Multiplayer/Saved/Config/Windows/Scalability.ini]
[2026.04.26-16.51.26:797][  0]LogConfig: Setting CVar [[r.Streaming.MipBias:16]]
[2026.04.26-16.51.26:797][  0]LogConfig: Setting CVar [[r.Streaming.AmortizeCPUToGPUCopy:1]]
[2026.04.26-16.51.26:797][  0]LogConfig: Setting CVar [[r.Streaming.MaxNumTexturesToStreamPerFrame:1]]
[2026.04.26-16.51.26:797][  0]LogConfig: Setting CVar [[r.Streaming.Boost:0.3]]
[2026.04.26-16.51.26:797][  0]LogConfig: Setting CVar [[r.MaxAnisotropy:0]]
[2026.04.26-16.51.26:797][  0]LogConfig: Setting CVar [[r.VT.MaxAnisotropy:4]]
[2026.04.26-16.51.26:797][  0]LogConfig: Setting CVar [[r.Streaming.LimitPoolSizeToVRAM:1]]
[2026.04.26-16.51.26:797][  0]LogConfig: Setting CVar [[r.Streaming.PoolSize:400]]
[2026.04.26-16.51.26:797][  0]LogConfig: Setting CVar [[r.Streaming.MaxEffectiveScreenSize:0]]
[2026.04.26-16.51.26:797][  0]LogConfig: Applying CVar settings from Section [EffectsQuality@0] File [C:/LastStep/PROJECT-LAST-STEP/Playtime_Multiplayer/Saved/Config/Windows/Scalability.ini]
[2026.04.26-16.51.26:797][  0]LogConfig: Setting CVar [[r.TranslucencyLightingVolumeDim:24]]
[2026.04.26-16.51.26:797][  0]LogConfig: Setting CVar [[r.RefractionQuality:0]]
[2026.04.26-16.51.26:797][  0]LogConfig: Setting CVar [[r.SSR.Quality:0]]
[2026.04.26-16.51.26:798][  0]LogConfig: Setting CVar [[r.SSR.HalfResSceneColor:1]]
[2026.04.26-16.51.26:798][  0]LogConfig: Setting CVar [[r.SceneColorFormat:3]]
[2026.04.26-16.51.26:798][  0]LogConfig: Setting CVar [[r.DetailMode:0]]
[2026.04.26-16.51.26:798][  0]LogConfig: Setting CVar [[r.TranslucencyVolumeBlur:0]]
[2026.04.26-16.51.26:798][  0]LogConfig: Setting CVar [[r.MaterialQualityLevel:0 ; Low quality]]
[2026.04.26-16.51.26:798][  0]LogConfig: Setting CVar [[r.AnisotropicMaterials:0]]
[2026.04.26-16.51.26:798][  0]LogConfig: Setting CVar [[r.SSS.Scale:0]]
[2026.04.26-16.51.26:798][  0]LogConfig: Setting CVar [[r.SSS.SampleSet:0]]
[2026.04.26-16.51.26:798][  0]LogConfig: Setting CVar [[r.SSS.Quality:0]]
[2026.04.26-16.51.26:798][  0]LogConfig: Setting CVar [[r.SSS.HalfRes:1]]
[2026.04.26-16.51.26:798][  0]LogConfig: Setting CVar [[r.SSGI.Quality:0]]
[2026.04.26-16.51.26:798][  0]LogConfig: Setting CVar [[r.EmitterSpawnRateScale:0.125]]
[2026.04.26-16.51.26:798][  0]LogConfig: Setting CVar [[r.ParticleLightQuality:0]]
[2026.04.26-16.51.26:798][  0]LogConfig: Setting CVar [[r.SkyAtmosphere.AerialPerspectiveLUT.FastApplyOnOpaque:1 ; Always have FastSkyLUT 1 in this case to avoid wrong sky]]
[2026.04.26-16.51.26:798][  0]LogConfig: Setting CVar [[r.SkyAtmosphere.AerialPerspectiveLUT.SampleCountMaxPerSlice:1]]
[2026.04.26-16.51.26:798][  0]LogConfig: Setting CVar [[r.SkyAtmosphere.AerialPerspectiveLUT.DepthResolution:8.0]]
[2026.04.26-16.51.26:798][  0]LogConfig: Setting CVar [[r.SkyAtmosphere.FastSkyLUT:1]]
[2026.04.26-16.51.26:798][  0]LogConfig: Setting CVar [[r.SkyAtmosphere.FastSkyLUT.SampleCountMin:2.0]]
[2026.04.26-16.51.26:798][  0]LogConfig: Setting CVar [[r.SkyAtmosphere.FastSkyLUT.SampleCountMax:16.0]]
[2026.04.26-16.51.26:798][  0]LogConfig: Setting CVar [[r.SkyAtmosphere.SampleCountMin:2.0]]
[2026.04.26-16.51.26:798][  0]LogConfig: Setting CVar [[r.SkyAtmosphere.SampleCountMax:16.0]]
[2026.04.26-16.51.26:798][  0]LogConfig: Setting CVar [[r.SkyAtmosphere.TransmittanceLUT.UseSmallFormat:1]]
[2026.04.26-16.51.26:798][  0]LogConfig: Setting CVar [[r.SkyAtmosphere.TransmittanceLUT.SampleCount:10.0]]
[2026.04.26-16.51.26:798][  0]LogConfig: Setting CVar [[r.SkyAtmosphere.MultiScatteringLUT.SampleCount:15.0]]
[2026.04.26-16.51.26:798][  0]LogConfig: Setting CVar [[r.SkyLight.RealTimeReflectionCapture:0]]
[2026.04.26-16.51.26:798][  0]LogConfig: Applying CVar settings from Section [FoliageQuality@0] File [C:/LastStep/PROJECT-LAST-STEP/Playtime_Multiplayer/Saved/Config/Windows/Scalability.ini]
[2026.04.26-16.51.26:798][  0]LogConfig: Setting CVar [[foliage.DensityScale:0]]
[2026.04.26-16.51.26:798][  0]LogConfig: Setting CVar [[grass.DensityScale:0]]
[2026.04.26-16.51.26:798][  0]LogConfig: Applying CVar settings from Section [ShadingQuality@0] File [C:/LastStep/PROJECT-LAST-STEP/Playtime_Multiplayer/Saved/Config/Windows/Scalability.ini]
[2026.04.26-16.51.26:798][  0]LogConfig: Setting CVar [[r.HairStrands.SkyLighting.IntegrationType:2]]
[2026.04.26-16.51.26:798][  0]LogConfig: Setting CVar [[r.HairStrands.SkyAO.SampleCount:4]]
[2026.04.26-16.51.26:798][  0]LogConfig: Setting CVar [[r.HairStrands.Visibility.MSAA.SamplePerPixel:1]]
[2026.04.26-16.51.26:799][  0]LogConfig: Applying CVar settings from Section [Startup] File [../../../Engine/Config/ConsoleVariables.ini]
[2026.04.26-16.51.26:800][  0]LogConfig: Setting CVar [[net.UseAdaptiveNetUpdateFrequency:0]]
[2026.04.26-16.51.26:800][  0]LogConfig: Setting CVar [[p.chaos.AllowCreatePhysxBodies:1]]
[2026.04.26-16.51.26:800][  0]LogConfig: Setting CVar [[fx.SkipVectorVMBackendOptimizations:1]]
[2026.04.26-16.51.26:800][  0]LogConfig: Applying CVar settings from Section [ConsoleVariables] File [C:/LastStep/PROJECT-LAST-STEP/Playtime_Multiplayer/Saved/Config/Windows/Engine.ini]
[2026.04.26-16.51.26:800][  0]LogConfig: Applying CVar settings from Section [ConsoleVariables] File [C:/LastStep/PROJECT-LAST-STEP/Playtime_Multiplayer/Saved/Config/Windows/Editor.ini]
[2026.04.26-16.51.26:803][  0]LogInit: Computer: SIBIDI
[2026.04.26-16.51.26:804][  0]LogInit: User: Xdox2
[2026.04.26-16.51.26:804][  0]LogInit: CPU Page size=4096, Cores=2
[2026.04.26-16.51.26:804][  0]LogInit: High frequency timer resolution =10.000000 MHz
[2026.04.26-16.51.26:804][  0]LogMemory: Memory total: Physical=5.9GB (6GB approx)
[2026.04.26-16.51.26:804][  0]LogMemory: Platform Memory Stats for Windows
[2026.04.26-16.51.26:804][  0]LogMemory: Process Physical Memory: 146.61 MB used, 146.61 MB peak
[2026.04.26-16.51.26:804][  0]LogMemory: Process Virtual Memory: 120.25 MB used, 120.25 MB peak
[2026.04.26-16.51.26:804][  0]LogMemory: Physical Memory: 4203.99 MB used,  1859.69 MB free, 6063.68 MB total
[2026.04.26-16.51.26:804][  0]LogMemory: Virtual Memory: 134206896.00 MB used,  10835.39 MB free, 134217728.00 MB total
[2026.04.26-16.51.26:837][  0]LogWindows: WindowsPlatformFeatures enabled
[2026.04.26-16.51.27:102][  0]LogInit: Physics initialised using underlying interface: PhysX
[2026.04.26-16.51.27:107][  0]LogInit: Using OS detected language (ru-RU).
[2026.04.26-16.51.27:108][  0]LogInit: Using OS detected locale (ru-RU).
[2026.04.26-16.51.27:184][  0]LogTextLocalizationManager: No specific localization for 'ru-RU' exists, so the 'ru' localization will be used.
[2026.04.26-16.51.27:186][  0]LogTextLocalizationResource: LocRes '../../../Engine/Content/Localization/Editor/ru/Editor.locres' could not be opened for reading!
[2026.04.26-16.51.27:187][  0]LogTextLocalizationResource: LocRes '../../../Engine/Content/Localization/EditorTutorials/ru/EditorTutorials.locres' could not be opened for reading!
[2026.04.26-16.51.27:187][  0]LogTextLocalizationResource: LocRes '../../../Engine/Content/Localization/Keywords/ru/Keywords.locres' could not be opened for reading!
[2026.04.26-16.51.27:188][  0]LogTextLocalizationResource: LocRes '../../../Engine/Content/Localization/Category/ru/Category.locres' could not be opened for reading!
[2026.04.26-16.51.27:189][  0]LogTextLocalizationResource: LocRes '../../../Engine/Content/Localization/ToolTips/ru/ToolTips.locres' could not be opened for reading!
[2026.04.26-16.51.27:189][  0]LogTextLocalizationResource: LocRes '../../../Engine/Content/Localization/PropertyNames/ru/PropertyNames.locres' could not be opened for reading!
[2026.04.26-16.51.27:189][  0]LogTextLocalizationResource: LocRes '../../../Engine/Content/Localization/Engine/ru/Engine.locres' could not be opened for reading!
[2026.04.26-16.51.27:205][  0]LogInit: Setting process to per monitor DPI aware
[2026.04.26-16.51.27:308][  0]LogWindowsTextInputMethodSystem: Display: IME system deactivated.
[2026.04.26-16.51.27:565][  0]LogSlate: New Slate User Created.  User Index 0, Is Virtual User: 0
[2026.04.26-16.51.27:566][  0]LogSlate: Slate User Registered.  User Index 0, Is Virtual User: 0
[2026.04.26-16.51.40:849][  0]LogD3D11RHI: Loaded GFSDK_Aftermath_Lib.x64.dll
[2026.04.26-16.51.40:855][  0]LogHMD: Failed to initialize OpenVR with code 110
[2026.04.26-16.51.40:855][  0]LogD3D11RHI: D3D11 min allowed feature level: 11_0
[2026.04.26-16.51.40:855][  0]LogD3D11RHI: D3D11 max allowed feature level: 11_0
[2026.04.26-16.51.40:855][  0]LogD3D11RHI: D3D11 adapters:
[2026.04.26-16.51.42:049][  0]LogD3D11RHI:    0. 'AMD Radeon(TM) Graphics' (Feature Level 11_0)
[2026.04.26-16.51.42:049][  0]LogD3D11RHI:       2033/0/3031 MB DedicatedVideo/DedicatedSystem/SharedSystem, Outputs:1, VendorId:0x1002
[2026.04.26-16.51.42:056][  0]LogD3D11RHI:    1. 'Microsoft Basic Render Driver' (Feature Level 11_0)
[2026.04.26-16.51.42:056][  0]LogD3D11RHI:       0/0/3031 MB DedicatedVideo/DedicatedSystem/SharedSystem, Outputs:0, VendorId:0x1414
[2026.04.26-16.51.42:056][  0]LogD3D11RHI: Chosen D3D11 Adapter:
[2026.04.26-16.51.42:056][  0]LogD3D11RHI:     Description : AMD Radeon(TM) Graphics
[2026.04.26-16.51.42:057][  0]LogD3D11RHI:     VendorId    : 1002
[2026.04.26-16.51.42:057][  0]LogD3D11RHI:     DeviceId    : 15d8
[2026.04.26-16.51.42:057][  0]LogD3D11RHI:     SubSysId    : 8706103c
[2026.04.26-16.51.42:057][  0]LogD3D11RHI:     Revision    : 00c4
[2026.04.26-16.51.42:057][  0]LogD3D11RHI:     DedicatedVideoMemory : 2132467712 bytes
[2026.04.26-16.51.42:057][  0]LogD3D11RHI:     DedicatedSystemMemory : 0 bytes
[2026.04.26-16.51.42:057][  0]LogD3D11RHI:     SharedSystemMemory : 3179114496 bytes
[2026.04.26-16.51.42:057][  0]LogD3D11RHI:     AdapterLuid : 0 69907
[2026.04.26-16.51.42:077][  0]LogD3D11RHI: Creating new Direct3DDevice
[2026.04.26-16.51.42:077][  0]LogD3D11RHI:     GPU DeviceId: 0x15d8 (for the marketing name, search the web for "GPU Device Id")
[2026.04.26-16.51.42:077][  0]LogWindows: EnumDisplayDevices:
[2026.04.26-16.51.42:078][  0]LogWindows:    0. 'AMD Radeon(TM) Graphics' (P:1 D:1)
[2026.04.26-16.51.42:079][  0]LogWindows:    1. 'AMD Radeon(TM) Graphics' (P:0 D:0)
[2026.04.26-16.51.42:080][  0]LogWindows:    2. 'AMD Radeon(TM) Graphics' (P:0 D:0)
[2026.04.26-16.51.42:081][  0]LogWindows: DebugString: FoundDriverCount:3 
[2026.04.26-16.51.42:081][  0]LogD3D11RHI:     Adapter Name: AMD Radeon(TM) Graphics
[2026.04.26-16.51.42:081][  0]LogD3D11RHI:   Driver Version: AMD Software: Adrenalin Edition 25.8.1 (internal:31.0.21923.11000, unified:31.0.21923.11000)
[2026.04.26-16.51.42:081][  0]LogD3D11RHI:      Driver Date: 7-1-2025
[2026.04.26-16.51.42:082][  0]LogRHI: Texture pool is 3191 MB (70% of 4558 MB)
[2026.04.26-16.51.42:396][  0]LogD3D11RHI: Creating D3DDevice with AMD AGS, using adapter:
[2026.04.26-16.51.42:396][  0]LogD3D11RHI:     Description : AMD Radeon(TM) Graphics
[2026.04.26-16.51.42:396][  0]LogD3D11RHI:     VendorId    : 1002
[2026.04.26-16.51.42:396][  0]LogD3D11RHI:     DeviceId    : 15d8
[2026.04.26-16.51.42:396][  0]LogD3D11RHI:     SubSysId    : 8706103c
[2026.04.26-16.51.42:396][  0]LogD3D11RHI:     Revision    : 00c4
[2026.04.26-16.51.42:396][  0]LogD3D11RHI:     DedicatedVideoMemory : 2132467712 bytes
[2026.04.26-16.51.42:396][  0]LogD3D11RHI:     DedicatedSystemMemory : 0 bytes
[2026.04.26-16.51.42:397][  0]LogD3D11RHI:     SharedSystemMemory : 3179114496 bytes
[2026.04.26-16.51.42:397][  0]LogD3D11RHI:     AdapterLuid : 0 69907
[2026.04.26-16.51.42:541][  0]LogD3D11RHI: Created device via AGS, feature level 11_0, supported extensions 1fffffbf.
[2026.04.26-16.51.42:542][  0]LogD3D11RHI: RHI has support for 64 bit atomics
[2026.04.26-16.51.42:543][  0]LogD3D11RHI: Async texture creation enabled
[2026.04.26-16.51.42:543][  0]LogD3D11RHI: Array index from any shader is supported
[2026.04.26-16.51.42:603][  0]LogD3D11RHI: GPU Timing Frequency: 25.000000 (Debug: 2 1)
[2026.04.26-16.51.48:202][  0]LogTargetPlatformManager: Display: Loaded TargetPlatform 'AllDesktop'
[2026.04.26-16.51.48:267][  0]LogTargetPlatformManager: Display: Loaded TargetPlatform 'Android'
[2026.04.26-16.51.48:267][  0]LogTargetPlatformManager: Display: Loaded TargetPlatform 'Android_ASTC'
[2026.04.26-16.51.48:267][  0]LogTargetPlatformManager: Display: Loaded TargetPlatform 'Android_DXT'
[2026.04.26-16.51.48:267][  0]LogTargetPlatformManager: Display: Loaded TargetPlatform 'Android_ETC2'
[2026.04.26-16.51.48:267][  0]LogTargetPlatformManager: Display: Loaded TargetPlatform 'AndroidClient'
[2026.04.26-16.51.48:267][  0]LogTargetPlatformManager: Display: Loaded TargetPlatform 'Android_ASTCClient'
[2026.04.26-16.51.48:267][  0]LogTargetPlatformManager: Display: Loaded TargetPlatform 'Android_DXTClient'
[2026.04.26-16.51.48:267][  0]LogTargetPlatformManager: Display: Loaded TargetPlatform 'Android_ETC2Client'
[2026.04.26-16.51.48:267][  0]LogTargetPlatformManager: Display: Loaded TargetPlatform 'Android_Multi'
[2026.04.26-16.51.48:267][  0]LogTargetPlatformManager: Display: Loaded TargetPlatform 'Android_MultiClient'
[2026.04.26-16.51.48:319][  0]LogTargetPlatformManager: Display: Loaded TargetPlatform 'IOSClient'
[2026.04.26-16.51.48:319][  0]LogTargetPlatformManager: Display: Loaded TargetPlatform 'IOS'
[2026.04.26-16.51.48:381][  0]LogTargetPlatformManager: Display: Loaded TargetPlatform 'Linux'
[2026.04.26-16.51.48:396][  0]LogTargetPlatformManager: Display: Loaded TargetPlatform 'LinuxNoEditor'
[2026.04.26-16.51.48:413][  0]LogTargetPlatformManager: Display: Loaded TargetPlatform 'LinuxClient'
[2026.04.26-16.51.48:424][  0]LogTargetPlatformManager: Display: Loaded TargetPlatform 'LinuxServer'
[2026.04.26-16.51.48:465][  0]LogTargetPlatformManager: Display: Loaded TargetPlatform 'LinuxAArch64NoEditor'
[2026.04.26-16.51.48:479][  0]LogTargetPlatformManager: Display: Loaded TargetPlatform 'LinuxAArch64Client'
[2026.04.26-16.51.48:492][  0]LogTargetPlatformManager: Display: Loaded TargetPlatform 'LinuxAArch64Server'
[2026.04.26-16.51.48:732][  0]LogTargetPlatformManager: Display: Loaded TargetPlatform 'Lumin'
[2026.04.26-16.51.48:732][  0]LogTargetPlatformManager: Display: Loaded TargetPlatform 'LuminClient'
[2026.04.26-16.51.48:756][  0]LogTargetPlatformManager: Display: Loaded TargetPlatform 'MacNoEditor'
[2026.04.26-16.51.48:773][  0]LogTargetPlatformManager: Display: Loaded TargetPlatform 'Mac'
[2026.04.26-16.51.48:787][  0]LogTargetPlatformManager: Display: Loaded TargetPlatform 'MacClient'
[2026.04.26-16.51.48:803][  0]LogTargetPlatformManager: Display: Loaded TargetPlatform 'MacServer'
[2026.04.26-16.51.48:842][  0]LogTargetPlatformManager: Display: Loaded TargetPlatform 'TVOSClient'
[2026.04.26-16.51.48:842][  0]LogTargetPlatformManager: Display: Loaded TargetPlatform 'TVOS'
[2026.04.26-16.51.48:884][  0]LogTargetPlatformManager: Display: Loaded TargetPlatform 'WindowsNoEditor'
[2026.04.26-16.51.48:902][  0]LogTargetPlatformManager: Display: Loaded TargetPlatform 'Windows'
[2026.04.26-16.51.48:917][  0]LogTargetPlatformManager: Display: Loaded TargetPlatform 'WindowsClient'
[2026.04.26-16.51.48:933][  0]LogTargetPlatformManager: Display: Loaded TargetPlatform 'WindowsServer'
[2026.04.26-16.51.48:934][  0]LogTargetPlatformManager: Display: Building Assets For Windows
[2026.04.26-16.51.48:961][  0]LogAudioDebug: Display: Lib vorbis DLL was dynamically loaded.
[2026.04.26-16.51.49:145][  0]LogTextureFormatOodle: Display: Oodle Texture 2.9.0 init RDO Off
[2026.04.26-16.51.49:452][  0]LogRendererCore: Ray tracing is disabled. Reason: r.RayTracing=0.
[2026.04.26-16.51.49:454][  0]LogShaderLibrary: Display: Running without a pakfile and did not find a monolithic library 'Global' - attempting disk search for its chunks
[2026.04.26-16.51.49:455][  0]LogShaderLibrary: Display:    ....  not found
[2026.04.26-16.51.49:457][  0]LogShaderCompilers: Guid format shader working directory is -19 characters bigger than the processId version (../../../../../../LastStep/PROJECT-LAST-STEP/Playtime_Multiplayer/Intermediate/Shaders/WorkingDirectory/2892/).
[2026.04.26-16.51.49:457][  0]LogShaderCompilers: Cleaned the shader compiler working directory 'C:/Users/Xdox2/AppData/Local/Temp/UnrealShaderWorkingDir/01ED3DF642ED6BD53B114DBD12859027/'.
[2026.04.26-16.51.49:460][  0]LogXGEController: Cannot use XGE Controller as Incredibuild is not installed on this machine.
[2026.04.26-16.51.49:462][  0]LogShaderCompilers: Cannot use XGE Shader Compiler as Incredibuild is not installed on this machine.
[2026.04.26-16.51.49:462][  0]LogShaderCompilers: Display: Using Local Shader Compiler.
[2026.04.26-16.52.06:922][  0]LogDerivedDataCache: Display: Max Cache Size: 512 MB
[2026.04.26-16.52.08:371][  0]LogDerivedDataCache: Loaded boot cache 1.44s 94MB C:/Users/Xdox2/AppData/Local/UnrealEngine/4.27/DerivedDataCache/Boot.ddc.
[2026.04.26-16.52.08:372][  0]LogDerivedDataCache: Display: Loaded Boot cache: C:/Users/Xdox2/AppData/Local/UnrealEngine/4.27/DerivedDataCache/Boot.ddc
[2026.04.26-16.52.08:373][  0]LogDerivedDataCache: FDerivedDataBackendGraph:  Pak pak cache file ../../../../../../LastStep/PROJECT-LAST-STEP/Playtime_Multiplayer/DerivedDataCache/DDC.ddp not found, will not use a pak cache.
[2026.04.26-16.52.08:373][  0]LogDerivedDataCache: Unable to find inner node Pak for hierarchical cache Hierarchy.
[2026.04.26-16.52.08:373][  0]LogDerivedDataCache: FDerivedDataBackendGraph:  CompressedPak pak cache file ../../../../../../LastStep/PROJECT-LAST-STEP/Playtime_Multiplayer/DerivedDataCache/Compressed.ddp not found, will not use a pak cache.
[2026.04.26-16.52.08:373][  0]LogDerivedDataCache: Unable to find inner node CompressedPak for hierarchical cache Hierarchy.
[2026.04.26-16.52.08:426][  0]LogDerivedDataCache: Display: Pak cache opened for reading ../../../Engine/DerivedDataCache/Compressed.ddp.
[2026.04.26-16.52.08:426][  0]LogDerivedDataCache: FDerivedDataBackendGraph:  EnterprisePak pak cache file ../../../Enterprise/DerivedDataCache/Compressed.ddp not found, will not use a pak cache.
[2026.04.26-16.52.08:426][  0]LogDerivedDataCache: Unable to find inner node EnterprisePak for hierarchical cache Hierarchy.
[2026.04.26-16.52.08:472][  0]LogDerivedDataCache: Speed tests for C:/Users/Xdox2/AppData/Local/UnrealEngine/Common/DerivedDataCache took 0.05 seconds
[2026.04.26-16.52.08:473][  0]LogDerivedDataCache: Display: Performance to C:/Users/Xdox2/AppData/Local/UnrealEngine/Common/DerivedDataCache: Latency=0.50ms. RandomReadSpeed=60.95MBs, RandomWriteSpeed=38.34MBs. Assigned SpeedClass 'Local'
[2026.04.26-16.52.08:536][  0]LogDerivedDataCache: Using Local data cache path C:/Users/Xdox2/AppData/Local/UnrealEngine/Common/DerivedDataCache: Writable
[2026.04.26-16.52.08:536][  0]LogDerivedDataCache: Shared data cache path not found in *engine.ini, will not use an Shared cache.
[2026.04.26-16.52.08:537][  0]LogDerivedDataCache: Unable to find inner node Shared for hierarchical cache Hierarchy.
[2026.04.26-16.52.08:914][  0]LogSlate: Using FreeType 2.10.0
[2026.04.26-16.52.09:001][  0]LogSlate: SlateFontServices - WITH_FREETYPE: 1, WITH_HARFBUZZ: 1
[2026.04.26-16.52.09:819][  0]LogAssetRegistry: FAssetRegistry took 0.0551 seconds to start up
[2026.04.26-16.52.11:480][  0]LogInit: Selected Device Profile: [Windows]
[2026.04.26-16.52.11:481][  0]LogInit: Active device profile: [000001A1C9352000][000001A1C03D4880 49] Windows
[2026.04.26-16.52.11:481][  0]LogInit: Profiles: [000001A1C9352000][000001A1C03D4880 49] Windows, [000001A1C9305B00][000001A1C03E0A00 49] WindowsNoEditor, [000001A1C9351900][000001A1C03E4B80 49] WindowsServer, [000001A1C9307B00][000001A1C03E8D00 49] WindowsClient, [000001A1C9351C00][000001A1C03ECE80 49] IOS, [000001A1C9307F00][000001A1C03F1000 49] iPadAir, [000001A1C9351700][000001A1C042F140 49] iPadAir2, [000001A1C92B5400][000001A1C03F9380 49] IPadPro, [000001A1C92B5500][000001A1C03F53C0 49] iPadAir3, [000001A1C9353E00][000001A1C03FD500 49] iPadAir4, [000001A1C92B7500][000001A1C8009680 49] iPadMini2, [000001A1C9350500][000001A1C800D800 49] iPadMini3, [000001A1C92B4800][000001A1C8011980 49] iPadMini4, [000001A1C9353200][000001A1C8015B00 49] iPadMini5, [000001A1C92E8D00][000001A1C801C240 49] iPhone6, [000001A1C92E8E00][000001A1C8018280 49] iPodTouch6, [000001A1C9305700][000001A1C8024540 49] iPhone7, [000001A1C9307D00][000001A1C8020580 49] iPodTouch7, [000001A1C92EAF00][000001A1C8028700 49] iPhone5S, [000001A1C9305500][000001A1C802C880 49] iPhone6Plus, [000001A1C92E8600][000001A1C8030A00 49] iPhone6S, [000001A1C9306E00][000001A1C8034B80 49] iPhone6SPlus, [000001A1C92E9F00][000001A1C8038D00 49] iPhone7Plus, [000001A1C9304C00][000001A1C803CE80 49] iPhoneSE, [000001A1C92EB300][000001A1C8041000 49] iPhone8, [000001A1C9306100][000001A1C8045180 49] iPhone8Plus, [000001A1C92EB000][000001A1C8049300 49] iPhoneX, [000001A1C9305600][000001A1C8005440 49] iPhoneXS, [000001A1C92E9A00][000001A1C7EA1580 49] iPhoneXSMax, [000001A1C9306900][000001A1C7EA56C0 49] iPhoneXR, [000001A1C92EB100][000001A1C7EAD840 49] iPhone11, [000001A1C9306D00][000001A1C7EB19C0 49] iPhone11Pro, [000001A1C92E9000][000001A1C7EB5B40 49] iPhone11ProMax, [000001A1C9305300][000001A1C7EB8140 49] iPhoneSE2, [000001A1C92E9800][000001A1C7EBC2C0 49] iPhone12Mini, [000001A1C9304F00][000001A1C7EC0440 49] iPhone12, [000001A1C92EA400][000001A1C7EC45C0 49] iPhone12Pro, [000001A1C9307500][000001A1C7EC8740 49] iPhone12ProMax, [000001A1C92E8700][000001A1C7ECC8C0 49] iPadPro105, [000001A1C9307100][000001A1C7ED0A40 49] iPadPro129, [000001A1C92EB700][000001A1C7ED4BC0 49] iPadPro97, [000001A1C9305400][000001A1C7ED8D40 49] iPadPro2_129, [000001A1C92EAE00][000001A1C7EDCEC0 49] iPad5, [000001A1C9350E00][000001A1C7EE1040 49] iPad6, [000001A1C93DD500][000001A1C7EE51C0 49] iPad7, [000001A1C92E9700][000001A1C7EE9340 49] iPad8, [000001A1C9306F00][000001A1CA3D34C0 49] iPadPro11, [000001A1C92EAD00][000001A1C7EA9600 49] iPadPro2_11, [000001A1C9304900][000001A1CA3D7740 49] iPadPro3_129, [000001A1C92E8300][000001A1CA3DB880 49] iPadPro4_129, [000001A1C9305000][000001A1CA3DF9C0 49] AppleTV, [000001A1C92EBE00][000001A1CA3E7B40 49] AppleTV4K, [000001A1C9304200][000001A1CA3EA140 49] TVOS, [000001A1C92E9E00][000001A1CA3EE2C0 49] Mac, [000001A1C9304500][000001A1CA3F2440 49] MacClient, [000001A1C92EBD00][000001A1CA3F65C0 49] MacNoEditor, [000001A1C9305100][000001A1CA3FA740 49] MacServer, [000001A1C92EA300][000001A1CA3FE8C0 49] Linux, [000001A1C9306300][000001A1CA402A40 49] LinuxAArch64, [000001A1C92E9400][000001A1CA406BC0 49] LinuxNoEditor, [000001A1C9306400][000001A1CA40AD40 49] LinuxAArch64NoEditor, [000001A1C92EB500][000001A1CA40EEC0 49] LinuxClient, [000001A1C9304100][000001A1CA413040 49] LinuxAArch64Client, [000001A1C93DCD00][000001A1CA4171C0 49] LinuxServer, [000001A1C9307300][000001A1CA41B340 49] LinuxAArch64Server, [000001A1C92EB600][000001A1CA41F4C0 49] Android, [000001A1C9306500][000001A1CA423640 49] Android_Low, [000001A1C92E9B00][000001A1CA3E3780 49] Android_Mid, [000001A1C9307400][000001A1CA4278C0 49] Android_High, [000001A1C92E9100][000001A1CA42BA00 49] Android_Default, [000001A1C9305800][000001A1CA42FB40 49] Android_Adreno4xx, [000001A1C92EAB00][000001A1CA436140 49] Android_Adreno5xx_Low, [000001A1C9307200][000001A1CA43A2C0 49] Android_Adreno5xx, [000001A1C92E8100][000001A1CA43E440 49] Android_Adreno6xx, [000001A1C9306200][000001A1CA4425C0 49] Android_Adreno6xx_Vulkan, [000001A1C92E8800][000001A1CA446740 49] Android_Mali_T6xx, [000001A1C9307700][000001A1CA44A8C0 49] Android_Mali_T7xx, [000001A1C92E8A00][000001A1CA44EA40 49] Android_Mali_T8xx, [000001A1C9305D00][000001A1CA452BC0 49] Android_Mali_G71, [000001A1C92E8500][000001A1CA456D40 49] Android_Mali_G72, [000001A1C9306000][000001A1CA45AEC0 49] Android_Mali_G72_Vulkan, [000001A1C92EAC00][000001A1CA45F040 49] Android_Mali_G76, [000001A1C9306700][000001A1CA4631C0 49] Android_Mali_G76_Vulkan, [000001A1C92EA100][000001A1CA467340 49] Android_Mali_G77, [000001A1C9305A00][000001A1CA46B4C0 49] Android_Mali_G77_Vulkan, [000001A1C92E9D00][000001A1CA46F640 49] Android_Mali_G78, [000001A1C9304700][000001A1CA4737C0 49] Android_Mali_G78_Vulkan, [000001A1C92B6400][000001A1CA477940 49] Android_Mali_G710, [000001A1C9307000][000001A1CA433A80 49] Android_Mali_G710_Vulkan, [000001A1C92B7E00][000001A1CA47BBC0 49] Android_Vulkan_SM5, [000001A1C93DC700][000001A1CA47E180 49] Android_PowerVR_G6xxx, [000001A1C92B6600][000001A1CA486300 49] Android_PowerVR_GT7xxx, [000001A1C9304600][000001A1CA48A480 49] Android_PowerVR_GE8xxx, [000001A1C9351A00][000001A1CA48E600 49] Android_PowerVR_GM9xxx, [000001A1C92E8C00][000001A1CA492780 49] Android_PowerVR_GM9xxx_Vulkan, [000001A1C9351200][000001A1CA496900 49] Android_TegraK1, [000001A1C92E8200][000001A1CA49AA80 49] Android_Unknown_Vulkan, [000001A1C9350400][000001A1CA49EC00 49] Lumin, [000001A1C92EB400][000001A1CA4A2D80 49] Lumin_Desktop, [000001A1C9352800][000001A1CA4A6F00 49] HoloLens, 
[2026.04.26-16.52.12:891][  0]LogMeshReduction: Using QuadricMeshReduction for automatic static mesh reduction
[2026.04.26-16.52.12:891][  0]LogMeshReduction: Using SimplygonMeshReduction for automatic skeletal mesh reduction
[2026.04.26-16.52.12:891][  0]LogMeshReduction: Using ProxyLODMeshReduction for automatic mesh merging
[2026.04.26-16.52.12:891][  0]LogMeshReduction: No distributed automatic mesh merging module available
[2026.04.26-16.52.12:893][  0]LogMeshMerging: No distributed automatic mesh merging module available
[2026.04.26-16.52.13:004][  0]LogNetVersion: Playtime_Multiplayer 1.0.0, NetCL: 17155196, EngineNetVer: 17, GameNetVer: 0 (Checksum: 2025055209)
[2026.04.26-16.52.25:966][  0]LogTexture: Default maximum texture size for cubemaps generated from long-lat sources has been changed from 512 to unlimited. In order to preserve old behaiour for '/Engine/MapTemplates/Sky/DaylightAmbientCubemap.DaylightAmbientCubemap', its maximum texture size has been explicitly set to 512.
[2026.04.26-16.52.26:211][  0]LogHMD: PokeAHoleMaterial loaded successfully
[2026.04.26-16.52.26:228][  0]LogUObjectArray: 17186 objects as part of root set at end of initial load.
[2026.04.26-16.52.26:229][  0]LogUObjectAllocator: 4313952 out of 0 bytes used by permanent object pool.
[2026.04.26-16.52.26:229][  0]LogUObjectArray: CloseDisregardForGC: 0/0 objects in disregard for GC pool
[2026.04.26-16.52.28:483][  0]LogNiagaraDebuggerClient: Niagara Debugger Client Initialized | Session: D285027C48C2648E2F2558A565DD3B8C | Instance: CA300D6143014CBAA53170B9540FAC9D (SIBIDI-2892).
[2026.04.26-16.52.30:968][  0]LogPython: Using Python 3.7.7
[2026.04.26-16.52.34:207][  0]LogUdpMessaging: Initializing bridge on interface 0.0.0.0:0 to multicast group 230.0.0.1:6666.
[2026.04.26-16.52.34:388][  0]LogTcpMessaging: Initializing TcpMessaging bridge
[2026.04.26-16.52.34:678][  0]LogVaRest: FVaRestModule::StartupModule(28): VaRest (1.1.33) module started
[2026.04.26-16.52.34:728][  0]LogPython: Warning: 'EBoxySoundSet' and 'BoxySoundSet' have the same name (BoxySoundSet) when exposed to Python. Rename one of them using 'ScriptName' meta-data.
[2026.04.26-16.52.34:733][  0]LogPython: Warning: 'EMommySoundSet' and 'MommySoundSet' have the same name (MommySoundSet) when exposed to Python. Rename one of them using 'ScriptName' meta-data.
[2026.04.26-16.52.35:479][  0]SourceControl: Source control is disabled
[2026.04.26-16.52.35:479][  0]SourceControl: Source control is disabled
[2026.04.26-16.52.36:022][  0]SourceControl: Source control is disabled
[2026.04.26-16.52.36:059][  0]SourceControl: Source control is disabled
[2026.04.26-16.52.36:114][  0]SourceControl: Source control is disabled
[2026.04.26-16.52.36:125][  0]LogUProjectInfo: Found projects:
[2026.04.26-16.52.37:343][  0]LogOpenImageDenoise: OIDN starting up
[2026.04.26-16.52.37:478][  0]LogAndroidPermission: UAndroidPermissionCallbackProxy::GetInstance
[2026.04.26-16.52.37:560][  0]LogAudioCaptureCore: Display: No Audio Capture implementations found. Audio input will be silent.
[2026.04.26-16.52.37:560][  0]LogAudioCaptureCore: Display: No Audio Capture implementations found. Audio input will be silent.
[2026.04.26-16.52.39:120][  0]LogCollectionManager: Loaded 0 collections in 0.007977 seconds
[2026.04.26-16.52.39:273][  0]LogFileCache: Scanning file cache for directory 'C:/LastStep/PROJECT-LAST-STEP/Playtime_Multiplayer/Saved/Collections/' took 0.00s
[2026.04.26-16.52.39:273][  0]LogFileCache: Scanning file cache for directory 'C:/LastStep/PROJECT-LAST-STEP/Playtime_Multiplayer/Content/Developers/Xdox2/Collections/' took 0.01s
[2026.04.26-16.52.39:273][  0]LogFileCache: Scanning file cache for directory 'C:/LastStep/PROJECT-LAST-STEP/Playtime_Multiplayer/Content/Collections/' took 0.01s
[2026.04.26-16.52.39:273][  0]LogOcInput: OculusInput pre-init called
[2026.04.26-16.52.41:472][  0]LogClass: Display: BoolProperty FBPSteamGroupOfficer::bIsOwner is not initialized properly. Module:AdvancedSteamSessions File:Classes/SteamRequestGroupOfficersCallbackProxy.h
[2026.04.26-16.52.41:474][  0]LogClass: Display: IntProperty FBPSteamGroupInfo::numOnline is not initialized properly. Module:AdvancedSteamSessions File:Classes/AdvancedSteamFriendsLibrary.h
[2026.04.26-16.52.41:474][  0]LogClass: Display: IntProperty FBPSteamGroupInfo::numInGame is not initialized properly. Module:AdvancedSteamSessions File:Classes/AdvancedSteamFriendsLibrary.h
[2026.04.26-16.52.41:474][  0]LogClass: Display: IntProperty FBPSteamGroupInfo::numChatting is not initialized properly. Module:AdvancedSteamSessions File:Classes/AdvancedSteamFriendsLibrary.h
[2026.04.26-16.52.41:475][  0]LogClass: Warning: StructProperty FPlaytimeEvent::StartDate is not initialized properly even though its struct probably has a custom default constructor. Module:Playtime_Multiplayer File:PlaytimeEvent.h
[2026.04.26-16.52.41:475][  0]LogClass: Warning: StructProperty FPlaytimeEvent::EndDate is not initialized properly even though its struct probably has a custom default constructor. Module:Playtime_Multiplayer File:PlaytimeEvent.h
[2026.04.26-16.52.41:475][  0]LogClass: Warning: StructProperty FShoppyItemResponseSet::StartTime is not initialized properly even though its struct probably has a custom default constructor. Module:Playtime_Multiplayer File:ShoppyItemResponseSet.h
[2026.04.26-16.52.41:475][  0]LogClass: Warning: StructProperty FShoppyItemResponseSet::EndTime is not initialized properly even though its struct probably has a custom default constructor. Module:Playtime_Multiplayer File:ShoppyItemResponseSet.h
[2026.04.26-16.52.41:475][  0]LogClass: Warning: StructProperty FShoppySaleResponse::StartTime is not initialized properly even though its struct probably has a custom default constructor. Module:Playtime_Multiplayer File:ShoppySaleResponse.h
[2026.04.26-16.52.41:475][  0]LogClass: Warning: StructProperty FShoppySaleResponse::EndTime is not initialized properly even though its struct probably has a custom default constructor. Module:Playtime_Multiplayer File:ShoppySaleResponse.h
[2026.04.26-16.52.41:475][  0]LogClass: Warning: StructProperty FToyBoxResponse::StartTime is not initialized properly even though its struct probably has a custom default constructor. Module:Playtime_Multiplayer File:ToyBoxResponse.h
[2026.04.26-16.52.41:475][  0]LogClass: Warning: StructProperty FToyBoxResponse::EndTime is not initialized properly even though its struct probably has a custom default constructor. Module:Playtime_Multiplayer File:ToyBoxResponse.h
[2026.04.26-16.52.41:486][  0]LogClass: Display: EnumProperty FVaRest_NamedType::Type is not initialized properly. Module:VaRestEditor File:Public/VaRest_BreakJson.h
[2026.04.26-16.52.41:486][  0]LogClass: Display: BoolProperty FVaRest_NamedType::bIsArray is not initialized properly. Module:VaRestEditor File:Public/VaRest_BreakJson.h
[2026.04.26-16.52.41:486][  0]LogClass: Display: 14 Uninitialized script struct members found including 0 object properties
[2026.04.26-16.52.41:491][  0]LogAnalytics: Warning: EventCache either took too long to flush (1.105 ms) or had a very large payload (0.154 KB, 1 events). Listing events in the payload for investigation:
[2026.04.26-16.52.41:492][  0]LogAnalytics: Warning:     BasicStrings,145
[2026.04.26-16.52.41:498][  0]LogAutomationTest: Warning: StructProperty FPlaytimeEvent::StartDate is not initialized properly even though its struct probably has a custom default constructor. Module:Playtime_Multiplayer File:PlaytimeEvent.h
[2026.04.26-16.52.41:498][  0]LogAutomationTest: Warning: StructProperty FPlaytimeEvent::EndDate is not initialized properly even though its struct probably has a custom default constructor. Module:Playtime_Multiplayer File:PlaytimeEvent.h
[2026.04.26-16.52.41:498][  0]LogAutomationTest: Warning: StructProperty FShoppyItemResponseSet::StartTime is not initialized properly even though its struct probably has a custom default constructor. Module:Playtime_Multiplayer File:ShoppyItemResponseSet.h
[2026.04.26-16.52.41:498][  0]LogAutomationTest: Warning: StructProperty FShoppyItemResponseSet::EndTime is not initialized properly even though its struct probably has a custom default constructor. Module:Playtime_Multiplayer File:ShoppyItemResponseSet.h
[2026.04.26-16.52.41:498][  0]LogAutomationTest: Warning: StructProperty FShoppySaleResponse::StartTime is not initialized properly even though its struct probably has a custom default constructor. Module:Playtime_Multiplayer File:ShoppySaleResponse.h
[2026.04.26-16.52.41:498][  0]LogAutomationTest: Warning: StructProperty FShoppySaleResponse::EndTime is not initialized properly even though its struct probably has a custom default constructor. Module:Playtime_Multiplayer File:ShoppySaleResponse.h
[2026.04.26-16.52.41:498][  0]LogAutomationTest: Warning: StructProperty FToyBoxResponse::StartTime is not initialized properly even though its struct probably has a custom default constructor. Module:Playtime_Multiplayer File:ToyBoxResponse.h
[2026.04.26-16.52.41:498][  0]LogAutomationTest: Warning: StructProperty FToyBoxResponse::EndTime is not initialized properly even though its struct probably has a custom default constructor. Module:Playtime_Multiplayer File:ToyBoxResponse.h
[2026.04.26-16.52.41:498][  0]LogAutomationTest: Warning: EventCache either took too long to flush (1.105 ms) or had a very large payload (0.154 KB, 1 events). Listing events in the payload for investigation:
[2026.04.26-16.52.41:498][  0]LogAutomationTest: Warning:     BasicStrings,145
[2026.04.26-16.52.41:520][  0]LogEngine: Initializing Engine...
[2026.04.26-16.52.41:531][  0]LogVaRest: UVaRestSubsystem::Initialize(24): VaRest subsystem initialized
[2026.04.26-16.52.41:560][  0]LogHMD: Failed to enumerate extensions. Please check that you have a valid OpenXR runtime installed.
[2026.04.26-16.52.41:561][  0]LogHMD: Failed to initialize OpenVR with code 110
[2026.04.26-16.52.41:562][  0]LogMagicLeap: Warning: VR disabled because ZI is not enabled.  To enable, in the editor, Edit -> Project Settings -> Plugins -> Magic Leap Plugin -> Enable Zero Iteration
[2026.04.26-16.52.41:580][  0]LogStats: UGameplayTagsManager::InitializeManager -  0.007 s
[2026.04.26-16.52.42:392][  0]LogLinker: Warning: Failed to load '/Game/PSHOWTIMEPHASE3/UI/UI_Utility/UI_Cursor': Can't find file.
[2026.04.26-16.52.42:392][  0]LogLinker: Warning: Failed to load '/Game/PSHOWTIMEPHASE3/UI/UI_Utility/UI_Cursor': Can't find file.
[2026.04.26-16.52.42:392][  0]LogUObjectGlobals: Warning: Failed to find object 'Object /Game/PSHOWTIMEPHASE3/UI/UI_Utility/UI_Cursor.UI_Cursor_C'
[2026.04.26-16.52.42:392][  0]LogLoad: Warning: UUserInterfaceSettings::ForceLoadResources: Failed to load cursor resource 0.
[2026.04.26-16.52.42:394][  0]LogInit: Initializing FReadOnlyCVARCache
[2026.04.26-16.52.42:531][  0]LogAIModule: Creating AISystem for world Untitled
[2026.04.26-16.52.42:568][  0]LogAudio: Display: Initializing Audio Device Manager...
[2026.04.26-16.52.42:582][  0]LogAudio: Display: Loading Default Audio Settings Objects...
[2026.04.26-16.52.42:586][  0]LogAudio: Display: No default SoundConcurrencyObject specified (or failed to load).
[2026.04.26-16.52.42:592][  0]LogAudio: Display: Audio Device Manager Initialized
[2026.04.26-16.52.42:592][  0]LogAudio: Display: Creating Audio Device:                 Id: 1, Scope: Shared, Realtime: True
[2026.04.26-16.52.42:596][  0]LogAudioMixer: Display: Audio Mixer Platform Settings:
[2026.04.26-16.52.42:596][  0]LogAudioMixer: Display: 	Sample Rate:						  48000
[2026.04.26-16.52.42:596][  0]LogAudioMixer: Display: 	Callback Buffer Frame Size Requested: 512
[2026.04.26-16.52.42:596][  0]LogAudioMixer: Display: 	Callback Buffer Frame Size To Use:	  512
[2026.04.26-16.52.42:596][  0]LogAudioMixer: Display: 	Number of buffers to queue:			  1
[2026.04.26-16.52.42:596][  0]LogAudioMixer: Display: 	Max Channels (voices):				  0
[2026.04.26-16.52.42:596][  0]LogAudioMixer: Display: 	Number of Async Source Workers:		  4
[2026.04.26-16.52.42:597][  0]LogAudio: Display: AudioDevice MaxSources: 32
[2026.04.26-16.52.42:608][  0]LogAudio: Display: Audio Spatialization Plugin: None (built-in).
[2026.04.26-16.52.42:608][  0]LogAudio: Display: Audio Reverb Plugin: None (built-in).
[2026.04.26-16.52.42:608][  0]LogAudio: Display: Audio Occlusion Plugin: None (built-in).
[2026.04.26-16.52.42:609][  0]LogAudioMixer: Display: Initializing audio mixer.
[2026.04.26-16.52.42:699][  0]LogAudioMixer: Display: 0: FrontLeft
[2026.04.26-16.52.42:699][  0]LogAudioMixer: Display: 1: FrontRight
[2026.04.26-16.52.42:832][  0]LogAudioMixer: Display: Using Audio Device Voicemeeter VAIO3 Input (VB-Audio Voicemeeter VAIO)
[2026.04.26-16.52.42:840][  0]LogAudioMixer: Display: Initializing Sound Submixes...
[2026.04.26-16.52.42:854][  0]LogAudioMixer: Display: Creating Master Submix 'MasterSubmixDefault'
[2026.04.26-16.52.42:854][  0]LogAudioMixer: Display: Creating Master Submix 'MasterReverbSubmixDefault'
[2026.04.26-16.52.42:858][  0]LogAudioMixer: Display: Creating Master Submix 'MasterEQSubmixDefault'
[2026.04.26-16.52.42:859][  0]LogAudioMixer: FMixerPlatformXAudio2::StartAudioStream() called
[2026.04.26-16.52.42:859][  0]LogAudioMixer: Display: Output buffers initialized: Frames=512, Channels=2, Samples=1024
[2026.04.26-16.52.42:861][  0]LogAudioMixer: Display: Starting AudioMixerPlatformInterface::RunInternal()
[2026.04.26-16.52.42:861][  0]LogAudioMixer: Display: FMixerPlatformXAudio2::SubmitBuffer() called for the first time
[2026.04.26-16.52.42:861][  0]LogInit: FAudioDevice initialized.
[2026.04.26-16.52.42:870][  0]LogAudio: Display: Audio Device (ID: 1) registered with world 'Untitled'.
[2026.04.26-16.52.42:872][  0]LogNetVersion: Set ProjectVersion to 1.0.0.0. Version Checksum will be recalculated on next use.
[2026.04.26-16.52.43:258][  0]LogDerivedDataCache: Saved boot cache 0.38s 94MB C:/Users/Xdox2/AppData/Local/UnrealEngine/4.27/DerivedDataCache/Boot.ddc.
[2026.04.26-16.52.43:261][  0]LogInit: Texture streaming: Enabled
[2026.04.26-16.52.43:317][  0]LogAnalytics: Display: [UEEditor.Rocket.Release] APIServer = https://datarouter.ol.epicgames.com/. AppVersion = 4.27.2-18319896+++UE4+Release-4.27
[2026.04.26-16.52.43:334][  0]LogEngineSessionManager: EngineSessionManager initialized
[2026.04.26-16.52.43:335][  0]LogEditorSessionSummary: Verbose: Initializing EditorSessionSummaryWriter for editor session tracking
[2026.04.26-16.52.43:348][  0]LogEditorSessionSummary: EditorSessionSummaryWriter initialized
[2026.04.26-16.52.43:478][  0]LogInit: Transaction tracking system initialized
[2026.04.26-16.52.43:609][  0]BlueprintLog: New page: Editor Load
[2026.04.26-16.52.44:230][  0]LogAudioMixer: Display: Audio Buffer Underrun (starvation) detected.
[2026.04.26-16.52.44:230][  0]LocalizationService: Localization service is disabled
[2026.04.26-16.52.45:225][  0]TimingProfiler: Initialize
[2026.04.26-16.52.45:231][  0]TimingProfiler: OnSessionChanged
[2026.04.26-16.52.45:236][  0]LoadingProfiler: Initialize
[2026.04.26-16.52.45:239][  0]LoadingProfiler: OnSessionChanged
[2026.04.26-16.52.45:239][  0]NetworkingProfiler: Initialize
[2026.04.26-16.52.45:239][  0]NetworkingProfiler: OnSessionChanged
[2026.04.26-16.52.45:240][  0]MemoryProfiler: Initialize
[2026.04.26-16.52.45:240][  0]MemoryProfiler: OnSessionChanged
[2026.04.26-16.52.47:655][  0]LogCook: Display: CookSettings for Memory: MemoryMaxUsedVirtual 0MiB, MemoryMaxUsedPhysical 16384MiB, MemoryMinFreeVirtual 0MiB, MemoryMinFreePhysical 1024MiB
[2026.04.26-16.52.47:657][  0]LogCook: Display: Mobile HDR setting 1
[2026.04.26-16.52.48:281][  0]LogFileCache: Scanning file cache for directory 'C:/LastStep/PROJECT-LAST-STEP/Playtime_Multiplayer/Content/' took 0.27s
[2026.04.26-16.52.52:511][  0]LogInit: Display: Engine is initialized. Leaving FEngineLoop::Init()
[2026.04.26-16.52.52:563][  0]SourceControl: Source control is disabled
[2026.04.26-16.52.53:105][  0]LogUnrealEdMisc: Loading editor; pre map load, took 107.165
[2026.04.26-16.52.53:119][  0]Cmd: MAP LOAD FILE="../../../../../../LastStep/PROJECT-LAST-STEP/Playtime_Multiplayer/Content/StarterContent/Maps/Minimal_Default.umap" TEMPLATE=0 SHOWPROGRESS=1 FEATURELEVEL=3
[2026.04.26-16.52.53:120][  0]LogEditorServer: Warning: Can't find file '../../../../../../LastStep/PROJECT-LAST-STEP/Playtime_Multiplayer/Content/StarterContent/Maps/Minimal_Default.umap'
[2026.04.26-16.52.53:124][  0]Cmd: MAP CHECKDEP NOCLEARLOG
[2026.04.26-16.52.53:128][  0]MapCheck: Map check complete: 0 Error(s), 0 Warning(s), took 3,953ms to complete.
[2026.04.26-16.52.53:129][  0]LogFileHelpers: Loading map 'Minimal_Default' took 0.022
[2026.04.26-16.52.53:270][  0]LogUnrealEdMisc: Total Editor Startup Time, took 107.331
[2026.04.26-16.52.53:830][  0]LogSlate: Updating window title bar state: overlay mode, drag disabled, window buttons hidden, title bar hidden
[2026.04.26-16.52.53:854][  0]LogSlate: Updating window title bar state: overlay mode, drag disabled, window buttons hidden, title bar hidden
[2026.04.26-16.52.53:880][  0]LogSlate: Updating window title bar state: overlay mode, drag disabled, window buttons hidden, title bar hidden
[2026.04.26-16.52.53:908][  0]LogSlate: Updating window title bar state: overlay mode, drag disabled, window buttons hidden, title bar hidden
[2026.04.26-16.52.54:063][  0]LogNativeClassHierarchy: Verbose: Native class hierarchy populated in 0.0356 seconds. Added 3870 classes and 945 folders.
[2026.04.26-16.52.54:097][  0]LogNativeClassHierarchy: Verbose: Native class hierarchy updated for 'WidgetCarousel' in 0.0007 seconds. Added 0 classes and 0 folders.
[2026.04.26-16.52.54:259][  0]LogNativeClassHierarchy: Verbose: Native class hierarchy updated for 'AddContentDialog' in 0.0005 seconds. Added 0 classes and 0 folders.
[2026.04.26-16.52.54:275][  0]LogNativeClassHierarchy: Verbose: Native class hierarchy updated for 'SceneOutliner' in 0.0014 seconds. Added 2 classes and 0 folders.
[2026.04.26-16.52.54:898][  0]LogSlate: Took 0.003103 seconds to synchronously load lazily loaded font '../../../Engine/Content/Slate/Fonts/Roboto-Regular.ttf' (155K)
[2026.04.26-16.52.54:931][  0]LogSlate: Took 0.021438 seconds to synchronously load lazily loaded font '../../../Engine/Content/Editor/Slate/Fonts/FontAwesome.ttf' (139K)
[2026.04.26-16.52.54:957][  0]LogSlate: Took 0.020460 seconds to synchronously load lazily loaded font '../../../Engine/Content/Slate/Fonts/Roboto-Bold.ttf' (160K)
[2026.04.26-16.52.55:345][  0]LogRenderer: Reallocating scene render targets to support 1392x232 Format 9 NumSamples 1 (Frame:1).
[2026.04.26-16.52.57:097][  0]LogSlate: Took 0.020347 seconds to synchronously load lazily loaded font '../../../Engine/Content/Slate/Fonts/Roboto-Light.ttf' (167K)
[2026.04.26-16.52.57:423][  0]LogNativeClassHierarchy: Verbose: Native class hierarchy updated for 'HierarchicalLODOutliner' in 0.0004 seconds. Added 0 classes and 0 folders.
[2026.04.26-16.52.57:424][  0]LogLoad: (Engine Initialization) Total time: 111.49 seconds
[2026.04.26-16.52.57:424][  0]LogLoad: (Engine Initialization) Total Blueprint compile time: 0.00 seconds
[2026.04.26-16.52.57:651][  0]LogContentStreaming: Texture pool size now 400 MB
[2026.04.26-16.52.57:834][  2]LogAssetRegistry: Asset discovery search completed in 48.0991 seconds
[2026.04.26-16.52.57:942][  2]LogCollectionManager: Fixed up redirectors for 0 collections in 0.000347 seconds (updated 0 objects)
[2026.04.26-16.52.58:504][ 32]LogSlate: Took 0.000329 seconds to synchronously load lazily loaded font '../../../Engine/Content/Slate/Fonts/Roboto-Light.ttf' (167K)
[2026.04.26-16.53.03:603][197]LogAssetEditorSubsystem: Opening Asset editor for Blueprint /Game/Items/Cosmetics/BP_Cont/BP_PlayerCosmeticmesh.BP_PlayerCosmeticmesh
[2026.04.26-16.53.05:910][197]LogNativeClassHierarchy: Verbose: Native class hierarchy updated for 'BlueprintGraph' in 0.0011 seconds. Added 126 classes and 0 folders.
[2026.04.26-16.53.08:786][197]LogAudioMixer: Display: Audio Buffer Underrun (starvation) detected.
[2026.04.26-16.53.09:195][197]LogLinker: Warning: Failed to load '/Game/Map/MP_Lobby.MP_Lobby:PersistentLevel.MP_Lobby': Can't resolve asset name
[2026.04.26-16.53.09:291][197]LogAssetEditorSubsystem: Opening Asset editor for Blueprint /Game/Player/BP_NetworkCharacter.BP_NetworkCharacter
[2026.04.26-16.53.10:126][197]LogAssetEditorSubsystem: Opening Asset editor for AnimBlueprint /Game/World/Character/Player/PlayerMove.PlayerMove
[2026.04.26-16.53.10:166][197]LogNativeClassHierarchy: Verbose: Native class hierarchy updated for 'SkeletonEditor' in 0.0009 seconds. Added 1 classes and 2 folders.
[2026.04.26-16.53.10:201][197]LogTexture: Default maximum texture size for cubemaps generated from long-lat sources has been changed from 512 to unlimited. In order to preserve old behaiour for '/Engine/EditorMaterials/AssetViewer/EpicQuadPanorama_CC+EV1.EpicQuadPanorama_CC+EV1', its maximum texture size has been explicitly set to 512.
[2026.04.26-16.53.10:462][197]LogTexture: Default maximum texture size for cubemaps generated from long-lat sources has been changed from 512 to unlimited. In order to preserve old behaiour for '/Engine/MapTemplates/Sky/SunsetAmbientCubemap.SunsetAmbientCubemap', its maximum texture size has been explicitly set to 512.
[2026.04.26-16.53.10:810][197]LogActorComponent: RegisterComponentWithWorld: (/Engine/Transient.World_3:PersistentLevel.AnimationEditorPreviewActor_0.DebugSkelMeshComponent_0) Already registered. Aborting.
[2026.04.26-16.53.10:860][197]LogNativeClassHierarchy: Verbose: Native class hierarchy updated for 'PinnedCommandList' in 0.0005 seconds. Added 1 classes and 0 folders.
[2026.04.26-16.53.12:510][197]LogAssetEditorSubsystem: Opening Asset editor for Blueprint /Game/Items/Cosmetics/BP_Cont/GrabPack.GrabPack
[2026.04.26-16.53.13:358][197]LogAssetEditorSubsystem: Opening Asset editor for DataTable /Game/Items/ALLItems.ALLItems
[2026.04.26-16.53.13:739][197]LogAssetEditorSubsystem: Opening Asset editor for Blueprint /Game/Items/CosmeticsFunctions.CosmeticsFunctions
[2026.04.26-16.53.14:607][197]LogAssetEditorSubsystem: Opening Asset editor for BlendSpace /Game/World/Character/Player/Move1.Move1
[2026.04.26-16.53.14:725][197]LogActorComponent: RegisterComponentWithWorld: (/Engine/Transient.World_7:PersistentLevel.AnimationEditorPreviewActor_0.DebugSkelMeshComponent_0) Already registered. Aborting.
[2026.04.26-16.53.17:145][197]LogRenderer: Reallocating scene render targets to support 1392x256 Format 9 NumSamples 1 (Frame:1).
[2026.04.26-16.53.17:810][197]LogAudioMixer: Display: Audio Buffer Underrun (starvation) detected.
[2026.04.26-16.53.18:220][197]LogRenderer: Reallocating scene render targets to support 1392x440 Format 9 NumSamples 1 (Frame:1).
[2026.04.26-16.53.18:220][197]LogContentBrowser: Verbose: The majority of assets in the view are of type: AnimSequence
[2026.04.26-16.53.22:572][298]LogSlate: Took 0.017426 seconds to synchronously load lazily loaded font '../../../Engine/Content/Slate/Fonts/Roboto-BoldCondensed.ttf' (158K)
[2026.04.26-16.53.23:890][326]LogSlate: Took 0.015786 seconds to synchronously load lazily loaded font '../../../Engine/Content/Slate/Fonts/Roboto-Italic.ttf' (157K)
[2026.04.26-16.53.24:571][341]LogContentBrowser: Verbose: The majority of assets in the view are of type: AnimSequence
[2026.04.26-16.53.28:043][427]LogSlate: Window 'Move1' being destroyed
[2026.04.26-16.53.32:313][600]LogRenderer: Reallocating scene render targets to support 1392x456 Format 9 NumSamples 1 (Frame:335).
[2026.04.26-16.53.32:379][601]LogRenderer: Reallocating scene render targets to support 1392x460 Format 9 NumSamples 1 (Frame:337).
[2026.04.26-16.53.33:211][637]LogTemp: Repeating last play command: Selected Viewport
[2026.04.26-16.53.33:405][637]LogPlayLevel: PlayLevel: No blueprints needed recompiling
[2026.04.26-16.53.33:417][637]PIE: New page: PIE session: Untitled_0 (26 апр. 2026 г., 20:53:33)
[2026.04.26-16.53.33:427][637]LogOnline: OSS: Creating online subsystem instance for: Steam
[2026.04.26-16.53.33:427][637]LogOnline: Display: STEAM: OnlineSubsystemSteam::Shutdown()
[2026.04.26-16.53.33:427][637]LogOnline: OSS: Creating online subsystem instance for: NULL
[2026.04.26-16.53.33:430][637]LogOnline: OSS: TryLoadSubsystemAndSetDefault: Loaded subsystem for module [NULL]
[2026.04.26-16.53.33:432][637]LogPlayLevel: Creating play world package: /Temp/UEDPIE_0_Untitled_0
[2026.04.26-16.53.33:442][637]LogPlayLevel: PIE: StaticDuplicateObject took: (0.010231s)
[2026.04.26-16.53.33:445][637]LogAIModule: Creating AISystem for world Untitled
[2026.04.26-16.53.33:449][637]LogPlayLevel: PIE: World Init took: (0.005912s)
[2026.04.26-16.53.33:450][637]LogPlayLevel: PIE: Created PIE world by copying editor world from /Temp/Untitled_0.Untitled to /Temp/UEDPIE_0_Untitled_0.Untitled (0.017722s)
[2026.04.26-16.53.33:609][637]LogUObjectHash: Compacting FUObjectHashTables data took   8.33ms
[2026.04.26-16.53.33:622][637]LogAudio: Display: Creating Audio Device:                 Id: 2, Scope: Unique, Realtime: True
[2026.04.26-16.53.33:622][637]LogAudioMixer: Display: Audio Mixer Platform Settings:
[2026.04.26-16.53.33:622][637]LogAudioMixer: Display: 	Sample Rate:						  48000
[2026.04.26-16.53.33:622][637]LogAudioMixer: Display: 	Callback Buffer Frame Size Requested: 512
[2026.04.26-16.53.33:622][637]LogAudioMixer: Display: 	Callback Buffer Frame Size To Use:	  512
[2026.04.26-16.53.33:622][637]LogAudioMixer: Display: 	Number of buffers to queue:			  1
[2026.04.26-16.53.33:622][637]LogAudioMixer: Display: 	Max Channels (voices):				  0
[2026.04.26-16.53.33:622][637]LogAudioMixer: Display: 	Number of Async Source Workers:		  4
[2026.04.26-16.53.33:622][637]LogAudio: Display: AudioDevice MaxSources: 32
[2026.04.26-16.53.33:623][637]LogAudio: Display: Audio Spatialization Plugin: None (built-in).
[2026.04.26-16.53.33:623][637]LogAudio: Display: Audio Reverb Plugin: None (built-in).
[2026.04.26-16.53.33:623][637]LogAudio: Display: Audio Occlusion Plugin: None (built-in).
[2026.04.26-16.53.33:623][637]LogAudioMixer: Display: Initializing audio mixer.
[2026.04.26-16.53.33:633][637]LogAudioMixer: Display: 0: FrontLeft
[2026.04.26-16.53.33:633][637]LogAudioMixer: Display: 1: FrontRight
[2026.04.26-16.53.33:648][637]LogAudioMixer: Display: Using Audio Device Voicemeeter VAIO3 Input (VB-Audio Voicemeeter VAIO)
[2026.04.26-16.53.33:650][637]LogAudioMixer: Display: Initializing Sound Submixes...
[2026.04.26-16.53.33:650][637]LogAudioMixer: Display: Creating Master Submix 'MasterSubmixDefault'
[2026.04.26-16.53.33:650][637]LogAudioMixer: Display: Creating Master Submix 'MasterReverbSubmixDefault'
[2026.04.26-16.53.33:651][637]LogAudioMixer: Display: Creating Master Submix 'MasterEQSubmixDefault'
[2026.04.26-16.53.33:651][637]LogAudioMixer: FMixerPlatformXAudio2::StartAudioStream() called
[2026.04.26-16.53.33:651][637]LogAudioMixer: Display: Output buffers initialized: Frames=512, Channels=2, Samples=1024
[2026.04.26-16.53.33:653][637]LogAudioMixer: Display: Starting AudioMixerPlatformInterface::RunInternal()
[2026.04.26-16.53.33:653][637]LogAudioMixer: Display: FMixerPlatformXAudio2::SubmitBuffer() called for the first time
[2026.04.26-16.53.33:653][637]LogInit: FAudioDevice initialized.
[2026.04.26-16.53.33:653][637]LogAudio: Display: Audio Device (ID: 2) registered with world 'Untitled'.
[2026.04.26-16.53.33:655][637]PIE: Warning: UGameViewportClient::AddCursor: Could not load cursor class 'UI_Cursor_C'.
[2026.04.26-16.53.33:671][637]LogLoad: Game class is 'GameModeBase'
[2026.04.26-16.53.33:672][637]LogWorld: Bringing World /Temp/UEDPIE_0_Untitled_0.Untitled up for play (max tick rate 60) at 2026.04.26-18.53.33
[2026.04.26-16.53.33:674][637]LogWorld: Bringing up level for play took: 0.002597
[2026.04.26-16.53.33:683][637]LogOnline: OSS: Creating online subsystem instance for: :Context_16
[2026.04.26-16.53.33:824][637]LogVoiceEncode: Display: EncoderVersion: libopus unknown
[2026.04.26-16.53.33:834][637]LogOnlineVoice: OSS: StopLocalVoiceProcessing(0) returned 0xFFFFFFFF
[2026.04.26-16.53.33:834][637]LogOnlineVoice: OSS: Stopping networked voice for user: 0
[2026.04.26-16.53.33:837][637]LogNativeClassHierarchy: Verbose: Native class hierarchy updated for 'MovieSceneCapture' in 0.0005 seconds. Added 20 classes and 0 folders.
[2026.04.26-16.53.33:857][637]PIE: Server logged in
[2026.04.26-16.53.33:862][637]PIE: Play in editor total start time 0,591 seconds.
[2026.04.26-16.53.35:889][713]LogSlate: Updating window title bar state: overlay mode, drag disabled, window buttons hidden, title bar hidden
[2026.04.26-16.53.35:889][713]LogWorld: BeginTearingDown for /Temp/UEDPIE_0_Untitled_0
[2026.04.26-16.53.35:900][713]LogWorld: UWorld::CleanupWorld for Untitled, bSessionEnded=true, bCleanupResources=true
[2026.04.26-16.53.35:904][713]LogSlate: InvalidateAllWidgets triggered.  All widgets were invalidated
[2026.04.26-16.53.35:932][713]LogPlayLevel: Display: Shutting down PIE online subsystems
[2026.04.26-16.53.35:943][713]LogSlate: InvalidateAllWidgets triggered.  All widgets were invalidated
[2026.04.26-16.53.36:014][713]LogSlate: Updating window title bar state: overlay mode, drag disabled, window buttons hidden, title bar hidden
[2026.04.26-16.53.36:045][713]LogAudioMixer: FMixerPlatformXAudio2::StopAudioStream() called
[2026.04.26-16.53.36:048][713]LogAudioMixer: FMixerPlatformXAudio2::StopAudioStream() called
[2026.04.26-16.53.36:149][713]LogUObjectHash: Compacting FUObjectHashTables data took   8.90ms
[2026.04.26-16.53.36:250][713]LogSlate: Took 0.013443 seconds to synchronously load lazily loaded font '../../../Engine/Content/Slate/Fonts/DroidSansMono.ttf' (77K)
[2026.04.26-16.53.36:266][714]LogPlayLevel: Display: Destroying online subsystem :Context_16
[2026.04.26-16.53.41:448][904]LogAudioMixer: Display: Audio Buffer Underrun (starvation) detected.
[2026.04.26-16.53.45:654][ 75]LogUObjectHash: Compacting FUObjectHashTables data took   5.54ms
[2026.04.26-16.53.47:415][ 75]LogAssetEditorSubsystem: Opening Asset editor for World /Game/Map/MP_Lobby.MP_Lobby
[2026.04.26-16.53.47:417][ 75]Cmd: MAP LOAD FILE="../../../../../../LastStep/PROJECT-LAST-STEP/Playtime_Multiplayer/Content/Map/MP_Lobby.umap" TEMPLATE=0 SHOWPROGRESS=1 FEATURELEVEL=3
[2026.04.26-16.53.47:417][ 75]LightingResults: New page: Lighting Build
[2026.04.26-16.53.47:422][ 75]LogNativeClassHierarchy: Verbose: Native class hierarchy updated for 'StatsViewer' in 0.0005 seconds. Added 6 classes and 0 folders.
[2026.04.26-16.53.47:423][ 75]LoadErrors: New page: Loading map: MP_Lobby.umap
[2026.04.26-16.53.47:430][ 75]LogWorld: UWorld::CleanupWorld for Untitled, bSessionEnded=true, bCleanupResources=true
[2026.04.26-16.53.47:431][ 75]LogSlate: InvalidateAllWidgets triggered.  All widgets were invalidated
[2026.04.26-16.53.47:431][ 75]MapCheck: New page: Map Check
[2026.04.26-16.53.47:431][ 75]LightingResults: New page: Lighting Build
[2026.04.26-16.53.47:495][ 75]LogAudio: Display: Audio Device unregistered from world 'None'.
[2026.04.26-16.53.47:534][ 75]LogUObjectHash: Compacting FUObjectHashTables data took   4.29ms
[2026.04.26-16.53.47:540][ 75]LogAudio: Display: Audio Device (ID: 1) registered with world 'MP_Lobby'.
[2026.04.26-16.53.49:599][ 75]LogEditorServer: Finished looking for orphan Actors (0.000 secs)
[2026.04.26-16.53.49:600][ 75]LogAIModule: Creating AISystem for world MP_Lobby
[2026.04.26-16.53.49:698][ 75]LogUObjectHash: Compacting FUObjectHashTables data took   4.69ms
[2026.04.26-16.53.49:723][ 75]Cmd: MAP CHECKDEP NOCLEARLOG
[2026.04.26-16.53.49:724][ 75]MapCheck: Map check complete: 0 Error(s), 0 Warning(s), took 0,473ms to complete.
[2026.04.26-16.53.49:724][ 75]LogFileHelpers: Loading map 'MP_Lobby' took 2.308
[2026.04.26-16.53.51:691][100]LogTemp: Repeating last play command: Selected Viewport
[2026.04.26-16.53.51:717][100]LogPlayLevel: PlayLevel: No blueprints needed recompiling
[2026.04.26-16.53.51:717][100]PIE: New page: PIE session: MP_Lobby (26 апр. 2026 г., 20:53:51)
[2026.04.26-16.53.51:717][100]LogPlayLevel: Creating play world package: /Game/Map/UEDPIE_0_MP_Lobby
[2026.04.26-16.53.51:834][100]LogPlayLevel: PIE: StaticDuplicateObject took: (0.117265s)
[2026.04.26-16.53.51:836][100]LogAIModule: Creating AISystem for world MP_Lobby
[2026.04.26-16.53.51:836][100]LogPlayLevel: PIE: World Init took: (0.002043s)
[2026.04.26-16.53.51:837][100]LogPlayLevel: PIE: Created PIE world by copying editor world from /Game/Map/MP_Lobby.MP_Lobby to /Game/Map/UEDPIE_0_MP_Lobby.MP_Lobby (0.119616s)
[2026.04.26-16.53.52:014][100]LogUObjectHash: Compacting FUObjectHashTables data took   8.49ms
[2026.04.26-16.53.52:018][100]LogAudio: Display: Creating Audio Device:                 Id: 3, Scope: Unique, Realtime: True
[2026.04.26-16.53.52:018][100]LogAudioMixer: Display: Audio Mixer Platform Settings:
[2026.04.26-16.53.52:019][100]LogAudioMixer: Display: 	Sample Rate:						  48000
[2026.04.26-16.53.52:019][100]LogAudioMixer: Display: 	Callback Buffer Frame Size Requested: 512
[2026.04.26-16.53.52:019][100]LogAudioMixer: Display: 	Callback Buffer Frame Size To Use:	  512
[2026.04.26-16.53.52:019][100]LogAudioMixer: Display: 	Number of buffers to queue:			  1
[2026.04.26-16.53.52:019][100]LogAudioMixer: Display: 	Max Channels (voices):				  0
[2026.04.26-16.53.52:019][100]LogAudioMixer: Display: 	Number of Async Source Workers:		  4
[2026.04.26-16.53.52:019][100]LogAudio: Display: AudioDevice MaxSources: 32
[2026.04.26-16.53.52:020][100]LogAudio: Display: Audio Spatialization Plugin: None (built-in).
[2026.04.26-16.53.52:020][100]LogAudio: Display: Audio Reverb Plugin: None (built-in).
[2026.04.26-16.53.52:020][100]LogAudio: Display: Audio Occlusion Plugin: None (built-in).
[2026.04.26-16.53.52:020][100]LogAudioMixer: Display: Initializing audio mixer.
[2026.04.26-16.53.52:027][100]LogAudioMixer: Display: 0: FrontLeft
[2026.04.26-16.53.52:027][100]LogAudioMixer: Display: 1: FrontRight
[2026.04.26-16.53.52:041][100]LogAudioMixer: Display: Using Audio Device Voicemeeter VAIO3 Input (VB-Audio Voicemeeter VAIO)
[2026.04.26-16.53.52:042][100]LogAudioMixer: Display: Initializing Sound Submixes...
[2026.04.26-16.53.52:042][100]LogAudioMixer: Display: Creating Master Submix 'MasterSubmixDefault'
[2026.04.26-16.53.52:042][100]LogAudioMixer: Display: Creating Master Submix 'MasterReverbSubmixDefault'
[2026.04.26-16.53.52:042][100]LogAudioMixer: Display: Creating Master Submix 'MasterEQSubmixDefault'
[2026.04.26-16.53.52:043][100]LogAudioMixer: FMixerPlatformXAudio2::StartAudioStream() called
[2026.04.26-16.53.52:043][100]LogAudioMixer: Display: Output buffers initialized: Frames=512, Channels=2, Samples=1024
[2026.04.26-16.53.52:044][100]LogAudioMixer: Display: Starting AudioMixerPlatformInterface::RunInternal()
[2026.04.26-16.53.52:044][100]LogAudioMixer: Display: FMixerPlatformXAudio2::SubmitBuffer() called for the first time
[2026.04.26-16.53.52:044][100]LogInit: FAudioDevice initialized.
[2026.04.26-16.53.52:044][100]LogAudio: Display: Audio Device (ID: 3) registered with world 'MP_Lobby'.
[2026.04.26-16.53.52:045][100]PIE: Warning: UGameViewportClient::AddCursor: Could not load cursor class 'UI_Cursor_C'.
[2026.04.26-16.53.52:057][100]LogLoad: Game class is 'FirstPersonGameMode_C'
[2026.04.26-16.53.52:069][100]LogWorld: Bringing World /Game/Map/UEDPIE_0_MP_Lobby.MP_Lobby up for play (max tick rate 60) at 2026.04.26-18.53.52
[2026.04.26-16.53.52:078][100]LogWorld: Bringing up level for play took: 0.019550
[2026.04.26-16.53.52:078][100]LogOnline: OSS: Creating online subsystem instance for: :Context_17
[2026.04.26-16.53.52:087][100]LogVoiceEncode: Display: EncoderVersion: libopus unknown
[2026.04.26-16.53.52:087][100]LogOnlineVoice: OSS: StopLocalVoiceProcessing(0) returned 0xFFFFFFFF
[2026.04.26-16.53.52:087][100]LogOnlineVoice: OSS: Stopping networked voice for user: 0
[2026.04.26-16.53.52:116][100]PIE: Error: SetInputMode_UIOnly expects a valid player controller as 'PlayerController' target
[2026.04.26-16.53.52:117][100]PIE: Server logged in
[2026.04.26-16.53.52:118][100]PIE: Play in editor total start time 0,404 seconds.
[2026.04.26-16.53.55:229][213]LogAudioMixer: Display: Audio Buffer Underrun (starvation) detected.
[2026.04.26-16.53.55:229][213]LogAudioMixer: Display: Audio Buffer Underrun (starvation) detected.
[2026.04.26-16.54.13:649][860]LogAudioMixer: Display: Audio Buffer Underrun (starvation) detected.
[2026.04.26-16.54.13:649][860]LogAudioMixer: Display: Audio Buffer Underrun (starvation) detected.
[2026.04.26-16.54.22:917][156]LogSlate: Updating window title bar state: overlay mode, drag disabled, window buttons hidden, title bar hidden
[2026.04.26-16.54.22:917][156]LogWorld: BeginTearingDown for /Game/Map/UEDPIE_0_MP_Lobby
[2026.04.26-16.54.22:920][156]LogWorld: UWorld::CleanupWorld for MP_Lobby, bSessionEnded=true, bCleanupResources=true
[2026.04.26-16.54.22:923][156]LogSlate: InvalidateAllWidgets triggered.  All widgets were invalidated
[2026.04.26-16.54.23:011][156]LogPlayLevel: Display: Shutting down PIE online subsystems
[2026.04.26-16.54.23:029][156]LogSlate: InvalidateAllWidgets triggered.  All widgets were invalidated
[2026.04.26-16.54.23:131][156]LogAudio: Display: Audio Device unregistered from world 'None'.
[2026.04.26-16.54.23:139][156]LogAudioMixer: FMixerPlatformXAudio2::StopAudioStream() called
[2026.04.26-16.54.23:141][156]LogAudioMixer: FMixerPlatformXAudio2::StopAudioStream() called
[2026.04.26-16.54.23:144][156]LogSlate: Updating window title bar state: overlay mode, drag disabled, window buttons hidden, title bar hidden
[2026.04.26-16.54.23:192][156]LogUObjectHash: Compacting FUObjectHashTables data took   9.59ms
[2026.04.26-16.54.23:231][156]LogRenderer: Reallocating scene render targets to support 1392x672 Format 9 NumSamples 1 (Frame:22).
[2026.04.26-16.54.23:305][157]LogPlayLevel: Display: Destroying online subsystem :Context_17
[2026.04.26-16.54.26:745][252]LogTemp: Repeating last play command: Selected Viewport
[2026.04.26-16.54.26:765][252]LogPlayLevel: PlayLevel: No blueprints needed recompiling
[2026.04.26-16.54.26:765][252]PIE: New page: PIE session: MP_Lobby (26 апр. 2026 г., 20:54:26)
[2026.04.26-16.54.26:766][252]LogPlayLevel: Creating play world package: /Game/Map/UEDPIE_0_MP_Lobby
[2026.04.26-16.54.26:854][252]LogPlayLevel: PIE: StaticDuplicateObject took: (0.087341s)
[2026.04.26-16.54.26:855][252]LogAIModule: Creating AISystem for world MP_Lobby
[2026.04.26-16.54.26:856][252]LogPlayLevel: PIE: World Init took: (0.002229s)
[2026.04.26-16.54.26:856][252]LogPlayLevel: PIE: Created PIE world by copying editor world from /Game/Map/MP_Lobby.MP_Lobby to /Game/Map/UEDPIE_0_MP_Lobby.MP_Lobby (0.090070s)
[2026.04.26-16.54.26:947][252]LogUObjectHash: Compacting FUObjectHashTables data took   6.33ms
[2026.04.26-16.54.26:952][252]LogAudio: Display: Creating Audio Device:                 Id: 4, Scope: Unique, Realtime: True
[2026.04.26-16.54.26:954][252]LogAudioMixer: Display: Audio Mixer Platform Settings:
[2026.04.26-16.54.26:954][252]LogAudioMixer: Display: 	Sample Rate:						  48000
[2026.04.26-16.54.26:954][252]LogAudioMixer: Display: 	Callback Buffer Frame Size Requested: 512
[2026.04.26-16.54.26:954][252]LogAudioMixer: Display: 	Callback Buffer Frame Size To Use:	  512
[2026.04.26-16.54.26:954][252]LogAudioMixer: Display: 	Number of buffers to queue:			  1
[2026.04.26-16.54.26:954][252]LogAudioMixer: Display: 	Max Channels (voices):				  0
[2026.04.26-16.54.26:954][252]LogAudioMixer: Display: 	Number of Async Source Workers:		  4
[2026.04.26-16.54.26:954][252]LogAudio: Display: AudioDevice MaxSources: 32
[2026.04.26-16.54.26:954][252]LogAudio: Display: Audio Spatialization Plugin: None (built-in).
[2026.04.26-16.54.26:954][252]LogAudio: Display: Audio Reverb Plugin: None (built-in).
[2026.04.26-16.54.26:954][252]LogAudio: Display: Audio Occlusion Plugin: None (built-in).
[2026.04.26-16.54.26:954][252]LogAudioMixer: Display: Initializing audio mixer.
[2026.04.26-16.54.26:961][252]LogAudioMixer: Display: 0: FrontLeft
[2026.04.26-16.54.26:961][252]LogAudioMixer: Display: 1: FrontRight
[2026.04.26-16.54.26:976][252]LogAudioMixer: Display: Using Audio Device Voicemeeter VAIO3 Input (VB-Audio Voicemeeter VAIO)
[2026.04.26-16.54.26:977][252]LogAudioMixer: Display: Initializing Sound Submixes...
[2026.04.26-16.54.26:977][252]LogAudioMixer: Display: Creating Master Submix 'MasterSubmixDefault'
[2026.04.26-16.54.26:977][252]LogAudioMixer: Display: Creating Master Submix 'MasterReverbSubmixDefault'
[2026.04.26-16.54.26:978][252]LogAudioMixer: Display: Creating Master Submix 'MasterEQSubmixDefault'
[2026.04.26-16.54.26:978][252]LogAudioMixer: FMixerPlatformXAudio2::StartAudioStream() called
[2026.04.26-16.54.26:978][252]LogAudioMixer: Display: Output buffers initialized: Frames=512, Channels=2, Samples=1024
[2026.04.26-16.54.26:979][252]LogAudioMixer: Display: Starting AudioMixerPlatformInterface::RunInternal()
[2026.04.26-16.54.26:979][252]LogAudioMixer: Display: FMixerPlatformXAudio2::SubmitBuffer() called for the first time
[2026.04.26-16.54.26:979][252]LogInit: FAudioDevice initialized.
[2026.04.26-16.54.26:979][252]LogAudio: Display: Audio Device (ID: 4) registered with world 'MP_Lobby'.
[2026.04.26-16.54.26:980][252]PIE: Warning: UGameViewportClient::AddCursor: Could not load cursor class 'UI_Cursor_C'.
[2026.04.26-16.54.26:995][252]LogLoad: Game class is 'FirstPersonGameMode_C'
[2026.04.26-16.54.27:009][252]LogWorld: Bringing World /Game/Map/UEDPIE_0_MP_Lobby.MP_Lobby up for play (max tick rate 60) at 2026.04.26-18.54.27
[2026.04.26-16.54.27:010][252]LogWorld: Bringing up level for play took: 0.014875
[2026.04.26-16.54.27:011][252]LogOnline: OSS: Creating online subsystem instance for: :Context_18
[2026.04.26-16.54.27:016][252]LogVoiceEncode: Display: EncoderVersion: libopus unknown
[2026.04.26-16.54.27:016][252]LogOnlineVoice: OSS: StopLocalVoiceProcessing(0) returned 0xFFFFFFFF
[2026.04.26-16.54.27:016][252]LogOnlineVoice: OSS: Stopping networked voice for user: 0
[2026.04.26-16.54.27:024][252]PIE: Error: SetInputMode_UIOnly expects a valid player controller as 'PlayerController' target
[2026.04.26-16.54.27:025][252]PIE: Server logged in
[2026.04.26-16.54.27:026][252]PIE: Play in editor total start time 0,263 seconds.
[2026.04.26-16.54.30:905][326]LogAudioMixer: Display: Audio Buffer Underrun (starvation) detected.
[2026.04.26-16.54.32:728][379]LogSlate: Updating window title bar state: overlay mode, drag disabled, window buttons hidden, title bar hidden
[2026.04.26-16.54.32:728][379]LogWorld: BeginTearingDown for /Game/Map/UEDPIE_0_MP_Lobby
[2026.04.26-16.54.32:729][379]LogWorld: UWorld::CleanupWorld for MP_Lobby, bSessionEnded=true, bCleanupResources=true
[2026.04.26-16.54.32:734][379]LogSlate: InvalidateAllWidgets triggered.  All widgets were invalidated
[2026.04.26-16.54.32:765][379]LogPlayLevel: Display: Shutting down PIE online subsystems
[2026.04.26-16.54.32:781][379]LogSlate: InvalidateAllWidgets triggered.  All widgets were invalidated
[2026.04.26-16.54.32:924][379]LogSlate: Updating window title bar state: overlay mode, drag disabled, window buttons hidden, title bar hidden
[2026.04.26-16.54.32:926][379]LogAudioMixer: FMixerPlatformXAudio2::StopAudioStream() called
[2026.04.26-16.54.32:927][379]LogAudioMixer: FMixerPlatformXAudio2::StopAudioStream() called
[2026.04.26-16.54.32:950][379]LogUObjectHash: Compacting FUObjectHashTables data took   7.97ms
[2026.04.26-16.54.33:127][380]LogPlayLevel: Display: Destroying online subsystem :Context_18
[2026.04.26-16.55.04:152][191]LogAudioMixer: Display: Audio Buffer Underrun (starvation) detected.
[2026.04.26-16.55.34:075][944]LogAudioMixer: Display: Audio Buffer Underrun (starvation) detected.
[2026.04.26-16.56.16:787][469]LogAudioMixer: Display: Audio Buffer Underrun (starvation) detected.
[2026.04.26-16.56.51:556][522]LogAudioMixer: Display: Audio Buffer Underrun (starvation) detected.
[2026.04.26-16.57.30:686][838]LogAudioMixer: Display: Audio Buffer Underrun (starvation) detected.
[2026.04.26-16.57.52:105][ 93]LogAudioMixer: Display: Audio Buffer Underrun (starvation) detected.
[2026.04.26-16.58.22:221][868]LogAudioMixer: Display: Audio Buffer Underrun (starvation) detected.
[2026.04.26-16.58.38:759][818]LogAudioMixer: Display: Audio Buffer Underrun (starvation) detected.
[2026.04.26-16.59.10:535][692]LogAudioMixer: Display: Audio Buffer Underrun (starvation) detected.
[2026.04.26-16.59.44:086][670]LogAudioMixer: Display: Audio Buffer Underrun (starvation) detected.
[2026.04.26-17.00.20:447][818]LogAudioMixer: Display: Audio Buffer Underrun (starvation) detected.
[2026.04.26-17.00.56:956][972]LogAudioMixer: Display: Audio Buffer Underrun (starvation) detected.
[2026.04.26-17.01.36:132][291]LogAudioMixer: Display: Audio Buffer Underrun (starvation) detected.
[2026.04.26-17.02.15:829][618]LogAudioMixer: Display: Audio Buffer Underrun (starvation) detected.
[2026.04.26-17.02.52:216][759]LogAudioMixer: Display: Audio Buffer Underrun (starvation) detected.
[2026.04.26-17.03.21:431][483]LogAudioMixer: Display: Audio Buffer Underrun (starvation) detected.
[2026.04.26-17.03.56:962][582]LogAudioMixer: Display: Audio Buffer Underrun (starvation) detected.
[2026.04.26-17.04.35:585][864]LogAudioMixer: Display: Audio Buffer Underrun (starvation) detected.
[2026.04.26-17.05.07:084][719]LogAudioMixer: Display: Audio Buffer Underrun (starvation) detected.
[2026.04.26-17.05.41:086][725]LogAudioMixer: Display: Audio Buffer Underrun (starvation) detected.
[2026.04.26-17.06.18:111][911]LogAudioMixer: Display: Audio Buffer Underrun (starvation) detected.
[2026.04.26-17.06.49:542][754]LogAudioMixer: Display: Audio Buffer Underrun (starvation) detected.
[2026.04.26-17.07.18:803][475]LogAudioMixer: Display: Audio Buffer Underrun (starvation) detected.
[2026.04.26-17.07.45:316][ 33]LogAudioMixer: Display: Audio Buffer Underrun (starvation) detected.
[2026.04.26-17.08.13:453][689]LogAudioMixer: Display: Audio Buffer Underrun (starvation) detected.
[2026.04.26-17.08.49:146][796]LogAudioMixer: Display: Audio Buffer Underrun (starvation) detected.
[2026.04.26-17.09.10:543][ 46]LogAudioMixer: Display: Audio Buffer Underrun (starvation) detected.
[2026.04.26-17.09.46:092][146]LogAudioMixer: Display: Audio Buffer Underrun (starvation) detected.
[2026.04.26-17.10.20:311][160]LogAudioMixer: Display: Audio Buffer Underrun (starvation) detected.
[2026.04.26-17.10.55:871][256]LogAudioMixer: Display: Audio Buffer Underrun (starvation) detected.
[2026.04.26-17.11.30:350][290]LogAudioMixer: Display: Audio Buffer Underrun (starvation) detected.
[2026.04.26-17.12.07:759][488]LogAudioMixer: Display: Audio Buffer Underrun (starvation) detected.
[2026.04.26-17.12.39:139][333]LogAudioMixer: Display: Audio Buffer Underrun (starvation) detected.
[2026.04.26-17.13.07:764][973]LogAudioMixer: Display: Audio Buffer Underrun (starvation) detected.
[2026.04.26-17.13.26:566][717]LogAudioMixer: Display: Audio Buffer Underrun (starvation) detected.
[2026.04.26-17.13.31:100][883]LogTemp: Repeating last play command: Selected Viewport
[2026.04.26-17.13.31:282][883]LogPlayLevel: PlayLevel: No blueprints needed recompiling
[2026.04.26-17.13.31:304][883]PIE: New page: PIE session: MP_Lobby (26 апр. 2026 г., 21:13:31)
[2026.04.26-17.13.31:329][883]LogPlayLevel: Creating play world package: /Game/Map/UEDPIE_0_MP_Lobby
[2026.04.26-17.13.31:627][883]LogPlayLevel: PIE: StaticDuplicateObject took: (0.294127s)
[2026.04.26-17.13.31:732][883]LogAIModule: Creating AISystem for world MP_Lobby
[2026.04.26-17.13.31:774][883]LogPlayLevel: PIE: World Init took: (0.147177s)
[2026.04.26-17.13.31:775][883]LogPlayLevel: PIE: Created PIE world by copying editor world from /Game/Map/MP_Lobby.MP_Lobby to /Game/Map/UEDPIE_0_MP_Lobby.MP_Lobby (0.447623s)
[2026.04.26-17.13.32:080][883]LogUObjectHash: Compacting FUObjectHashTables data took  29.78ms
[2026.04.26-17.13.32:108][883]LogAudio: Display: Creating Audio Device:                 Id: 5, Scope: Unique, Realtime: True
[2026.04.26-17.13.32:110][883]LogAudioMixer: Display: Audio Mixer Platform Settings:
[2026.04.26-17.13.32:110][883]LogAudioMixer: Display: 	Sample Rate:						  48000
[2026.04.26-17.13.32:110][883]LogAudioMixer: Display: 	Callback Buffer Frame Size Requested: 512
[2026.04.26-17.13.32:110][883]LogAudioMixer: Display: 	Callback Buffer Frame Size To Use:	  512
[2026.04.26-17.13.32:110][883]LogAudioMixer: Display: 	Number of buffers to queue:			  1
[2026.04.26-17.13.32:110][883]LogAudioMixer: Display: 	Max Channels (voices):				  0
[2026.04.26-17.13.32:110][883]LogAudioMixer: Display: 	Number of Async Source Workers:		  4
[2026.04.26-17.13.32:111][883]LogAudio: Display: AudioDevice MaxSources: 32
[2026.04.26-17.13.32:122][883]LogAudio: Display: Audio Spatialization Plugin: None (built-in).
[2026.04.26-17.13.32:122][883]LogAudio: Display: Audio Reverb Plugin: None (built-in).
[2026.04.26-17.13.32:122][883]LogAudio: Display: Audio Occlusion Plugin: None (built-in).
[2026.04.26-17.13.32:123][883]LogAudioMixer: Display: Initializing audio mixer.
[2026.04.26-17.13.32:155][883]LogAudioMixer: Display: 0: FrontLeft
[2026.04.26-17.13.32:155][883]LogAudioMixer: Display: 1: FrontRight
[2026.04.26-17.13.32:175][883]LogAudioMixer: Display: Using Audio Device Voicemeeter VAIO3 Input (VB-Audio Voicemeeter VAIO)
[2026.04.26-17.13.32:182][883]LogAudioMixer: Display: Initializing Sound Submixes...
[2026.04.26-17.13.32:183][883]LogAudioMixer: Display: Creating Master Submix 'MasterSubmixDefault'
[2026.04.26-17.13.32:184][883]LogAudioMixer: Display: Creating Master Submix 'MasterReverbSubmixDefault'
[2026.04.26-17.13.32:202][883]LogAudioMixer: Display: Creating Master Submix 'MasterEQSubmixDefault'
[2026.04.26-17.13.32:202][883]LogAudioMixer: FMixerPlatformXAudio2::StartAudioStream() called
[2026.04.26-17.13.32:202][883]LogAudioMixer: Display: Output buffers initialized: Frames=512, Channels=2, Samples=1024
[2026.04.26-17.13.32:220][883]LogAudioMixer: Display: Starting AudioMixerPlatformInterface::RunInternal()
[2026.04.26-17.13.32:220][883]LogAudioMixer: Display: FMixerPlatformXAudio2::SubmitBuffer() called for the first time
[2026.04.26-17.13.32:220][883]LogInit: FAudioDevice initialized.
[2026.04.26-17.13.32:221][883]LogAudio: Display: Audio Device (ID: 5) registered with world 'MP_Lobby'.
[2026.04.26-17.13.32:238][883]PIE: Warning: UGameViewportClient::AddCursor: Could not load cursor class 'UI_Cursor_C'.
[2026.04.26-17.13.32:333][883]LogLoad: Game class is 'FirstPersonGameMode_C'
[2026.04.26-17.13.32:476][883]LogWorld: Bringing World /Game/Map/UEDPIE_0_MP_Lobby.MP_Lobby up for play (max tick rate 60) at 2026.04.26-19.13.32
[2026.04.26-17.13.32:490][883]LogWorld: Bringing up level for play took: 0.115800
[2026.04.26-17.13.32:508][883]LogOnline: OSS: Creating online subsystem instance for: :Context_19
[2026.04.26-17.13.32:571][883]LogVoiceEncode: Display: EncoderVersion: libopus unknown
[2026.04.26-17.13.32:577][883]LogOnlineVoice: OSS: StopLocalVoiceProcessing(0) returned 0xFFFFFFFF
[2026.04.26-17.13.32:578][883]LogOnlineVoice: OSS: Stopping networked voice for user: 0
[2026.04.26-17.13.32:717][883]PIE: Error: SetInputMode_UIOnly expects a valid player controller as 'PlayerController' target
[2026.04.26-17.13.32:734][883]PIE: Server logged in
[2026.04.26-17.13.32:737][883]PIE: Play in editor total start time 1,492 seconds.
[2026.04.26-17.13.46:463][206]LogAudioMixer: Display: Audio Buffer Underrun (starvation) detected.
[2026.04.26-17.13.46:463][206]LogAudioMixer: Display: Audio Buffer Underrun (starvation) detected.
[2026.04.26-17.14.02:305][656]LogSlate: Updating window title bar state: overlay mode, drag disabled, window buttons hidden, title bar hidden
[2026.04.26-17.14.02:309][656]LogWorld: BeginTearingDown for /Game/Map/UEDPIE_0_MP_Lobby
[2026.04.26-17.14.02:334][656]LogWorld: UWorld::CleanupWorld for MP_Lobby, bSessionEnded=true, bCleanupResources=true
[2026.04.26-17.14.02:350][656]LogSlate: InvalidateAllWidgets triggered.  All widgets were invalidated
[2026.04.26-17.14.02:413][656]LogPlayLevel: Display: Shutting down PIE online subsystems
[2026.04.26-17.14.02:432][656]LogSlate: InvalidateAllWidgets triggered.  All widgets were invalidated
[2026.04.26-17.14.02:525][656]LogSlate: Updating window title bar state: overlay mode, drag disabled, window buttons hidden, title bar hidden
[2026.04.26-17.14.02:530][656]LogAudioMixer: FMixerPlatformXAudio2::StopAudioStream() called
[2026.04.26-17.14.02:531][656]LogAudioMixer: FMixerPlatformXAudio2::StopAudioStream() called
[2026.04.26-17.14.02:596][656]LogUObjectHash: Compacting FUObjectHashTables data took   5.32ms
[2026.04.26-17.14.02:719][657]LogPlayLevel: Display: Destroying online subsystem :Context_19
[2026.04.26-17.14.14:080][ 92]LogAudioMixer: Display: Audio Buffer Underrun (starvation) detected.
[2026.04.26-17.14.14:343][ 92]LogAssetEditorSubsystem: Opening Asset editor for BlendSpace /Game/World/Character/Player/DeathMove.DeathMove
[2026.04.26-17.14.32:041][580]LogAudioMixer: Display: Audio Buffer Underrun (starvation) detected.
[2026.04.26-17.14.45:279][748]LogAudioMixer: Display: Audio Buffer Underrun (starvation) detected.
[2026.04.26-17.14.52:960][847]LogAssetEditorSubsystem: Opening Asset editor for BlendSpace /Game/World/Character/Player/Move1.Move1
[2026.04.26-17.14.58:443][ 27]LogAudioMixer: Display: Audio Buffer Underrun (starvation) detected.
[2026.04.26-17.15.12:655][428]LogAudioMixer: Display: Audio Buffer Underrun (starvation) detected.
[2026.04.26-17.15.25:531][823]Cmd: TRANSACTION UNDO
[2026.04.26-17.15.25:535][823]LogEditorTransaction: Undo Translate Bone
[2026.04.26-17.15.25:962][823]LogActorComponent: RegisterComponentWithWorld: (/Engine/Transient.World_3:PersistentLevel.AnimationEditorPreviewActor_0.DebugSkelMeshComponent_0) Already registered. Aborting.
[2026.04.26-17.15.26:105][823]LogActorComponent: RegisterComponentWithWorld: (/Engine/Transient.World_7:PersistentLevel.AnimationEditorPreviewActor_0.DebugSkelMeshComponent_0) Already registered. Aborting.
[2026.04.26-17.15.30:980][945]LogAudioMixer: Display: Audio Buffer Underrun (starvation) detected.
[2026.04.26-17.15.47:268][414]LogTemp: Repeating last play command: Selected Viewport
[2026.04.26-17.15.47:288][414]LogPlayLevel: PlayLevel: No blueprints needed recompiling
[2026.04.26-17.15.47:288][414]PIE: New page: PIE session: MP_Lobby (26 апр. 2026 г., 21:15:47)
[2026.04.26-17.15.47:288][414]LogPlayLevel: Creating play world package: /Game/Map/UEDPIE_0_MP_Lobby
[2026.04.26-17.15.47:375][414]LogPlayLevel: PIE: StaticDuplicateObject took: (0.086060s)
[2026.04.26-17.15.47:384][414]LogAIModule: Creating AISystem for world MP_Lobby
[2026.04.26-17.15.47:384][414]LogPlayLevel: PIE: World Init took: (0.008286s)
[2026.04.26-17.15.47:384][414]LogPlayLevel: PIE: Created PIE world by copying editor world from /Game/Map/MP_Lobby.MP_Lobby to /Game/Map/UEDPIE_0_MP_Lobby.MP_Lobby (0.095597s)
[2026.04.26-17.15.47:483][414]LogUObjectHash: Compacting FUObjectHashTables data took   6.89ms
[2026.04.26-17.15.47:490][414]LogAudio: Display: Creating Audio Device:                 Id: 6, Scope: Unique, Realtime: True
[2026.04.26-17.15.47:490][414]LogAudioMixer: Display: Audio Mixer Platform Settings:
[2026.04.26-17.15.47:490][414]LogAudioMixer: Display: 	Sample Rate:						  48000
[2026.04.26-17.15.47:490][414]LogAudioMixer: Display: 	Callback Buffer Frame Size Requested: 512
[2026.04.26-17.15.47:490][414]LogAudioMixer: Display: 	Callback Buffer Frame Size To Use:	  512
[2026.04.26-17.15.47:490][414]LogAudioMixer: Display: 	Number of buffers to queue:			  1
[2026.04.26-17.15.47:490][414]LogAudioMixer: Display: 	Max Channels (voices):				  0
[2026.04.26-17.15.47:490][414]LogAudioMixer: Display: 	Number of Async Source Workers:		  4
[2026.04.26-17.15.47:490][414]LogAudio: Display: AudioDevice MaxSources: 32
[2026.04.26-17.15.47:491][414]LogAudio: Display: Audio Spatialization Plugin: None (built-in).
[2026.04.26-17.15.47:491][414]LogAudio: Display: Audio Reverb Plugin: None (built-in).
[2026.04.26-17.15.47:491][414]LogAudio: Display: Audio Occlusion Plugin: None (built-in).
[2026.04.26-17.15.47:491][414]LogAudioMixer: Display: Initializing audio mixer.
[2026.04.26-17.15.47:498][414]LogAudioMixer: Display: 0: FrontLeft
[2026.04.26-17.15.47:498][414]LogAudioMixer: Display: 1: FrontRight
[2026.04.26-17.15.47:526][414]LogAudioMixer: Display: Using Audio Device Voicemeeter VAIO3 Input (VB-Audio Voicemeeter VAIO)
[2026.04.26-17.15.47:527][414]LogAudioMixer: Display: Initializing Sound Submixes...
[2026.04.26-17.15.47:527][414]LogAudioMixer: Display: Creating Master Submix 'MasterSubmixDefault'
[2026.04.26-17.15.47:527][414]LogAudioMixer: Display: Creating Master Submix 'MasterReverbSubmixDefault'
[2026.04.26-17.15.47:528][414]LogAudioMixer: Display: Creating Master Submix 'MasterEQSubmixDefault'
[2026.04.26-17.15.47:528][414]LogAudioMixer: FMixerPlatformXAudio2::StartAudioStream() called
[2026.04.26-17.15.47:528][414]LogAudioMixer: Display: Output buffers initialized: Frames=512, Channels=2, Samples=1024
[2026.04.26-17.15.47:530][414]LogAudioMixer: Display: Starting AudioMixerPlatformInterface::RunInternal()
[2026.04.26-17.15.47:530][414]LogAudioMixer: Display: FMixerPlatformXAudio2::SubmitBuffer() called for the first time
[2026.04.26-17.15.47:531][414]LogInit: FAudioDevice initialized.
[2026.04.26-17.15.47:531][414]LogAudio: Display: Audio Device (ID: 6) registered with world 'MP_Lobby'.
[2026.04.26-17.15.47:531][414]PIE: Warning: UGameViewportClient::AddCursor: Could not load cursor class 'UI_Cursor_C'.
[2026.04.26-17.15.47:543][414]LogLoad: Game class is 'FirstPersonGameMode_C'
[2026.04.26-17.15.47:559][414]LogWorld: Bringing World /Game/Map/UEDPIE_0_MP_Lobby.MP_Lobby up for play (max tick rate 60) at 2026.04.26-19.15.47
[2026.04.26-17.15.47:560][414]LogWorld: Bringing up level for play took: 0.015503
[2026.04.26-17.15.47:560][414]LogOnline: OSS: Creating online subsystem instance for: :Context_21
[2026.04.26-17.15.47:565][414]LogVoiceEncode: Display: EncoderVersion: libopus unknown
[2026.04.26-17.15.47:565][414]LogOnlineVoice: OSS: StopLocalVoiceProcessing(0) returned 0xFFFFFFFF
[2026.04.26-17.15.47:565][414]LogOnlineVoice: OSS: Stopping networked voice for user: 0
[2026.04.26-17.15.47:573][414]PIE: Error: SetInputMode_UIOnly expects a valid player controller as 'PlayerController' target
[2026.04.26-17.15.47:573][414]PIE: Server logged in
[2026.04.26-17.15.47:575][414]PIE: Play in editor total start time 0,291 seconds.
[2026.04.26-17.15.49:312][463]LogAudioMixer: Display: Audio Buffer Underrun (starvation) detected.
[2026.04.26-17.15.49:313][463]LogAudioMixer: Display: Audio Buffer Underrun (starvation) detected.
[2026.04.26-17.15.59:348][826]LogSlate: Updating window title bar state: overlay mode, drag disabled, window buttons hidden, title bar hidden
[2026.04.26-17.15.59:348][826]LogWorld: BeginTearingDown for /Game/Map/UEDPIE_0_MP_Lobby
[2026.04.26-17.15.59:349][826]LogWorld: UWorld::CleanupWorld for MP_Lobby, bSessionEnded=true, bCleanupResources=true
[2026.04.26-17.15.59:352][826]LogSlate: InvalidateAllWidgets triggered.  All widgets were invalidated
[2026.04.26-17.15.59:377][826]LogPlayLevel: Display: Shutting down PIE online subsystems
[2026.04.26-17.15.59:389][826]LogSlate: InvalidateAllWidgets triggered.  All widgets were invalidated
[2026.04.26-17.15.59:457][826]LogAudio: Display: Audio Device unregistered from world 'None'.
[2026.04.26-17.15.59:458][826]LogAudioMixer: FMixerPlatformXAudio2::StopAudioStream() called
[2026.04.26-17.15.59:459][826]LogAudioMixer: FMixerPlatformXAudio2::StopAudioStream() called
[2026.04.26-17.15.59:463][826]LogSlate: Updating window title bar state: overlay mode, drag disabled, window buttons hidden, title bar hidden
[2026.04.26-17.15.59:471][826]LogUObjectHash: Compacting FUObjectHashTables data took   6.06ms
[2026.04.26-17.15.59:560][827]LogPlayLevel: Display: Destroying online subsystem :Context_21
[2026.04.26-17.16.08:478][135]LogAudioMixer: Display: Audio Buffer Underrun (starvation) detected.
[2026.04.26-17.16.26:276][768]LogAudioMixer: Display: Audio Buffer Underrun (starvation) detected.
[2026.04.26-17.16.45:858][435]LogAudioMixer: Display: Audio Buffer Underrun (starvation) detected.
[2026.04.26-17.17.02:872][895]LogAudioMixer: Display: Audio Buffer Underrun (starvation) detected.
[2026.04.26-17.17.23:495][669]LogAudioMixer: Display: Audio Buffer Underrun (starvation) detected.
[2026.04.26-17.17.23:622][669]LogWindowsTextInputMethodSystem: Display: IME system deactivated.
[2026.04.26-17.17.23:622][669]LogWindowsTextInputMethodSystem: Display: IME system deactivated.
[2026.04.26-17.17.30:763][962]LogTemp: Repeating last play command: Selected Viewport
[2026.04.26-17.17.30:778][962]BlueprintLog: New page: Pre-Play auto-recompile
[2026.04.26-17.17.30:833][962]LogPlayLevel: [PlayLevel] Compiling BP_NetworkCharacter before play...
[2026.04.26-17.17.31:237][962]LogUObjectHash: Compacting FUObjectHashTables data took  13.24ms
[2026.04.26-17.17.31:242][962]LogPlayLevel: PlayLevel: Blueprint regeneration took 464 ms (1 blueprints)
[2026.04.26-17.17.31:242][962]PIE: New page: PIE session: MP_Lobby (26 апр. 2026 г., 21:17:31)
[2026.04.26-17.17.31:242][962]LogPlayLevel: Creating play world package: /Game/Map/UEDPIE_0_MP_Lobby
[2026.04.26-17.17.31:302][962]LogPlayLevel: PIE: StaticDuplicateObject took: (0.059459s)
[2026.04.26-17.17.31:304][962]LogAIModule: Creating AISystem for world MP_Lobby
[2026.04.26-17.17.31:305][962]LogPlayLevel: PIE: World Init took: (0.002202s)
[2026.04.26-17.17.31:305][962]LogPlayLevel: PIE: Created PIE world by copying editor world from /Game/Map/MP_Lobby.MP_Lobby to /Game/Map/UEDPIE_0_MP_Lobby.MP_Lobby (0.062091s)
[2026.04.26-17.17.31:383][962]LogUObjectHash: Compacting FUObjectHashTables data took   8.23ms
[2026.04.26-17.17.31:394][962]LogAudio: Display: Creating Audio Device:                 Id: 7, Scope: Unique, Realtime: True
[2026.04.26-17.17.31:394][962]LogAudioMixer: Display: Audio Mixer Platform Settings:
[2026.04.26-17.17.31:394][962]LogAudioMixer: Display: 	Sample Rate:						  48000
[2026.04.26-17.17.31:394][962]LogAudioMixer: Display: 	Callback Buffer Frame Size Requested: 512
[2026.04.26-17.17.31:394][962]LogAudioMixer: Display: 	Callback Buffer Frame Size To Use:	  512
[2026.04.26-17.17.31:394][962]LogAudioMixer: Display: 	Number of buffers to queue:			  1
[2026.04.26-17.17.31:394][962]LogAudioMixer: Display: 	Max Channels (voices):				  0
[2026.04.26-17.17.31:394][962]LogAudioMixer: Display: 	Number of Async Source Workers:		  4
[2026.04.26-17.17.31:394][962]LogAudio: Display: AudioDevice MaxSources: 32
[2026.04.26-17.17.31:395][962]LogAudio: Display: Audio Spatialization Plugin: None (built-in).
[2026.04.26-17.17.31:395][962]LogAudio: Display: Audio Reverb Plugin: None (built-in).
[2026.04.26-17.17.31:395][962]LogAudio: Display: Audio Occlusion Plugin: None (built-in).
[2026.04.26-17.17.31:395][962]LogAudioMixer: Display: Initializing audio mixer.
[2026.04.26-17.17.31:402][962]LogAudioMixer: Display: 0: FrontLeft
[2026.04.26-17.17.31:402][962]LogAudioMixer: Display: 1: FrontRight
[2026.04.26-17.17.31:423][962]LogAudioMixer: Display: Using Audio Device Voicemeeter VAIO3 Input (VB-Audio Voicemeeter VAIO)
[2026.04.26-17.17.31:424][962]LogAudioMixer: Display: Initializing Sound Submixes...
[2026.04.26-17.17.31:424][962]LogAudioMixer: Display: Creating Master Submix 'MasterSubmixDefault'
[2026.04.26-17.17.31:425][962]LogAudioMixer: Display: Creating Master Submix 'MasterReverbSubmixDefault'
[2026.04.26-17.17.31:428][962]LogAudioMixer: Display: Creating Master Submix 'MasterEQSubmixDefault'
[2026.04.26-17.17.31:428][962]LogAudioMixer: FMixerPlatformXAudio2::StartAudioStream() called
[2026.04.26-17.17.31:428][962]LogAudioMixer: Display: Output buffers initialized: Frames=512, Channels=2, Samples=1024
[2026.04.26-17.17.31:433][962]LogAudioMixer: Display: Starting AudioMixerPlatformInterface::RunInternal()
[2026.04.26-17.17.31:433][962]LogAudioMixer: Display: FMixerPlatformXAudio2::SubmitBuffer() called for the first time
[2026.04.26-17.17.31:433][962]LogInit: FAudioDevice initialized.
[2026.04.26-17.17.31:433][962]LogAudio: Display: Audio Device (ID: 7) registered with world 'MP_Lobby'.
[2026.04.26-17.17.31:434][962]PIE: Warning: UGameViewportClient::AddCursor: Could not load cursor class 'UI_Cursor_C'.
[2026.04.26-17.17.31:451][962]LogLoad: Game class is 'FirstPersonGameMode_C'
[2026.04.26-17.17.31:463][962]LogWorld: Bringing World /Game/Map/UEDPIE_0_MP_Lobby.MP_Lobby up for play (max tick rate 60) at 2026.04.26-19.17.31
[2026.04.26-17.17.31:464][962]LogWorld: Bringing up level for play took: 0.011777
[2026.04.26-17.17.31:464][962]LogOnline: OSS: Creating online subsystem instance for: :Context_23
[2026.04.26-17.17.31:470][962]LogVoiceEncode: Display: EncoderVersion: libopus unknown
[2026.04.26-17.17.31:470][962]LogOnlineVoice: OSS: StopLocalVoiceProcessing(0) returned 0xFFFFFFFF
[2026.04.26-17.17.31:470][962]LogOnlineVoice: OSS: Stopping networked voice for user: 0
[2026.04.26-17.17.31:473][962]PIE: Error: SetInputMode_UIOnly expects a valid player controller as 'PlayerController' target
[2026.04.26-17.17.31:473][962]PIE: Server logged in
[2026.04.26-17.17.31:475][962]PIE: Play in editor total start time 0,701 seconds.
[2026.04.26-17.17.37:214][179]LogSlate: Updating window title bar state: overlay mode, drag disabled, window buttons hidden, title bar hidden
[2026.04.26-17.17.37:214][179]LogWorld: BeginTearingDown for /Game/Map/UEDPIE_0_MP_Lobby
[2026.04.26-17.17.37:215][179]LogWorld: UWorld::CleanupWorld for MP_Lobby, bSessionEnded=true, bCleanupResources=true
[2026.04.26-17.17.37:217][179]LogSlate: InvalidateAllWidgets triggered.  All widgets were invalidated
[2026.04.26-17.17.37:240][179]LogPlayLevel: Display: Shutting down PIE online subsystems
[2026.04.26-17.17.37:251][179]LogSlate: InvalidateAllWidgets triggered.  All widgets were invalidated
[2026.04.26-17.17.37:318][179]LogSlate: Updating window title bar state: overlay mode, drag disabled, window buttons hidden, title bar hidden
[2026.04.26-17.17.37:320][179]LogAudioMixer: FMixerPlatformXAudio2::StopAudioStream() called
[2026.04.26-17.17.37:321][179]LogAudioMixer: FMixerPlatformXAudio2::StopAudioStream() called
[2026.04.26-17.17.37:334][179]LogUObjectHash: Compacting FUObjectHashTables data took   5.06ms
[2026.04.26-17.17.37:448][180]LogPlayLevel: Display: Destroying online subsystem :Context_23
[2026.04.26-17.17.38:328][198]LogAudioMixer: Display: Audio Buffer Underrun (starvation) detected.
[2026.04.26-17.17.50:478][676]LogAudioMixer: Display: Audio Buffer Underrun (starvation) detected.
[2026.04.26-17.18.09:975][561]LogAudioMixer: Display: Audio Buffer Underrun (starvation) detected.
[2026.04.26-17.18.20:095][992]BlueprintLog: New page: Compile BP_NetworkCharacter
[2026.04.26-17.18.20:259][992]LogUObjectHash: Compacting FUObjectHashTables data took   8.55ms
[2026.04.26-17.18.22:133][ 46]LogTemp: Repeating last play command: Selected Viewport
[2026.04.26-17.18.22:152][ 46]LogPlayLevel: PlayLevel: No blueprints needed recompiling
[2026.04.26-17.18.22:153][ 46]PIE: New page: PIE session: MP_Lobby (26 апр. 2026 г., 21:18:22)
[2026.04.26-17.18.22:153][ 46]LogPlayLevel: Creating play world package: /Game/Map/UEDPIE_0_MP_Lobby
[2026.04.26-17.18.22:233][ 46]LogPlayLevel: PIE: StaticDuplicateObject took: (0.078736s)
[2026.04.26-17.18.22:234][ 46]LogAIModule: Creating AISystem for world MP_Lobby
[2026.04.26-17.18.22:235][ 46]LogPlayLevel: PIE: World Init took: (0.001956s)
[2026.04.26-17.18.22:235][ 46]LogPlayLevel: PIE: Created PIE world by copying editor world from /Game/Map/MP_Lobby.MP_Lobby to /Game/Map/UEDPIE_0_MP_Lobby.MP_Lobby (0.080977s)
[2026.04.26-17.18.22:320][ 46]LogUObjectHash: Compacting FUObjectHashTables data took   8.60ms
[2026.04.26-17.18.22:323][ 46]LogAudio: Display: Creating Audio Device:                 Id: 8, Scope: Unique, Realtime: True
[2026.04.26-17.18.22:323][ 46]LogAudioMixer: Display: Audio Mixer Platform Settings:
[2026.04.26-17.18.22:323][ 46]LogAudioMixer: Display: 	Sample Rate:						  48000
[2026.04.26-17.18.22:323][ 46]LogAudioMixer: Display: 	Callback Buffer Frame Size Requested: 512
[2026.04.26-17.18.22:323][ 46]LogAudioMixer: Display: 	Callback Buffer Frame Size To Use:	  512
[2026.04.26-17.18.22:323][ 46]LogAudioMixer: Display: 	Number of buffers to queue:			  1
[2026.04.26-17.18.22:323][ 46]LogAudioMixer: Display: 	Max Channels (voices):				  0
[2026.04.26-17.18.22:323][ 46]LogAudioMixer: Display: 	Number of Async Source Workers:		  4
[2026.04.26-17.18.22:323][ 46]LogAudio: Display: AudioDevice MaxSources: 32
[2026.04.26-17.18.22:323][ 46]LogAudio: Display: Audio Spatialization Plugin: None (built-in).
[2026.04.26-17.18.22:323][ 46]LogAudio: Display: Audio Reverb Plugin: None (built-in).
[2026.04.26-17.18.22:323][ 46]LogAudio: Display: Audio Occlusion Plugin: None (built-in).
[2026.04.26-17.18.22:323][ 46]LogAudioMixer: Display: Initializing audio mixer.
[2026.04.26-17.18.22:330][ 46]LogAudioMixer: Display: 0: FrontLeft
[2026.04.26-17.18.22:330][ 46]LogAudioMixer: Display: 1: FrontRight
[2026.04.26-17.18.22:345][ 46]LogAudioMixer: Display: Using Audio Device Voicemeeter VAIO3 Input (VB-Audio Voicemeeter VAIO)
[2026.04.26-17.18.22:346][ 46]LogAudioMixer: Display: Initializing Sound Submixes...
[2026.04.26-17.18.22:346][ 46]LogAudioMixer: Display: Creating Master Submix 'MasterSubmixDefault'
[2026.04.26-17.18.22:346][ 46]LogAudioMixer: Display: Creating Master Submix 'MasterReverbSubmixDefault'
[2026.04.26-17.18.22:347][ 46]LogAudioMixer: Display: Creating Master Submix 'MasterEQSubmixDefault'
[2026.04.26-17.18.22:348][ 46]LogAudioMixer: FMixerPlatformXAudio2::StartAudioStream() called
[2026.04.26-17.18.22:348][ 46]LogAudioMixer: Display: Output buffers initialized: Frames=512, Channels=2, Samples=1024
[2026.04.26-17.18.22:350][ 46]LogAudioMixer: Display: Starting AudioMixerPlatformInterface::RunInternal()
[2026.04.26-17.18.22:350][ 46]LogAudioMixer: Display: FMixerPlatformXAudio2::SubmitBuffer() called for the first time
[2026.04.26-17.18.22:350][ 46]LogInit: FAudioDevice initialized.
[2026.04.26-17.18.22:350][ 46]LogAudio: Display: Audio Device (ID: 8) registered with world 'MP_Lobby'.
[2026.04.26-17.18.22:350][ 46]PIE: Warning: UGameViewportClient::AddCursor: Could not load cursor class 'UI_Cursor_C'.
[2026.04.26-17.18.22:365][ 46]LogLoad: Game class is 'FirstPersonGameMode_C'
[2026.04.26-17.18.22:378][ 46]LogWorld: Bringing World /Game/Map/UEDPIE_0_MP_Lobby.MP_Lobby up for play (max tick rate 60) at 2026.04.26-19.18.22
[2026.04.26-17.18.22:379][ 46]LogWorld: Bringing up level for play took: 0.012318
[2026.04.26-17.18.22:379][ 46]LogOnline: OSS: Creating online subsystem instance for: :Context_24
[2026.04.26-17.18.22:383][ 46]LogVoiceEncode: Display: EncoderVersion: libopus unknown
[2026.04.26-17.18.22:383][ 46]LogOnlineVoice: OSS: StopLocalVoiceProcessing(0) returned 0xFFFFFFFF
[2026.04.26-17.18.22:383][ 46]LogOnlineVoice: OSS: Stopping networked voice for user: 0
[2026.04.26-17.18.22:390][ 46]PIE: Error: SetInputMode_UIOnly expects a valid player controller as 'PlayerController' target
[2026.04.26-17.18.22:391][ 46]PIE: Server logged in
[2026.04.26-17.18.22:391][ 46]PIE: Play in editor total start time 0,242 seconds.
[2026.04.26-17.18.26:590][191]LogAudioMixer: Display: Audio Buffer Underrun (starvation) detected.
[2026.04.26-17.18.30:144][309]LogSlate: Updating window title bar state: overlay mode, drag disabled, window buttons hidden, title bar hidden
[2026.04.26-17.18.30:144][309]LogWorld: BeginTearingDown for /Game/Map/UEDPIE_0_MP_Lobby
[2026.04.26-17.18.30:144][309]LogWorld: UWorld::CleanupWorld for MP_Lobby, bSessionEnded=true, bCleanupResources=true
[2026.04.26-17.18.30:148][309]LogSlate: InvalidateAllWidgets triggered.  All widgets were invalidated
[2026.04.26-17.18.30:174][309]LogPlayLevel: Display: Shutting down PIE online subsystems
[2026.04.26-17.18.30:183][309]LogSlate: InvalidateAllWidgets triggered.  All widgets were invalidated
[2026.04.26-17.18.30:253][309]LogAudio: Display: Audio Device unregistered from world 'None'.
[2026.04.26-17.18.30:254][309]LogAudioMixer: FMixerPlatformXAudio2::StopAudioStream() called
[2026.04.26-17.18.30:256][309]LogAudioMixer: FMixerPlatformXAudio2::StopAudioStream() called
[2026.04.26-17.18.30:261][309]LogSlate: Updating window title bar state: overlay mode, drag disabled, window buttons hidden, title bar hidden
[2026.04.26-17.18.30:270][309]LogUObjectHash: Compacting FUObjectHashTables data took   6.33ms
[2026.04.26-17.18.30:355][310]LogPlayLevel: Display: Destroying online subsystem :Context_24
[2026.04.26-17.18.40:961][674]LogAudioMixer: Display: Audio Buffer Underrun (starvation) detected.
[2026.04.26-17.18.56:101][285]LogTemp: Repeating last play command: Selected Viewport
[2026.04.26-17.18.56:117][285]BlueprintLog: New page: Pre-Play auto-recompile
[2026.04.26-17.18.56:119][285]LogPlayLevel: [PlayLevel] Compiling BP_NetworkCharacter before play...
[2026.04.26-17.18.56:342][285]LogUObjectHash: Compacting FUObjectHashTables data took   7.41ms
[2026.04.26-17.18.56:345][285]LogPlayLevel: PlayLevel: Blueprint regeneration took 227 ms (1 blueprints)
[2026.04.26-17.18.56:345][285]PIE: New page: PIE session: MP_Lobby (26 апр. 2026 г., 21:18:56)
[2026.04.26-17.18.56:345][285]LogPlayLevel: Creating play world package: /Game/Map/UEDPIE_0_MP_Lobby
[2026.04.26-17.18.56:414][285]LogPlayLevel: PIE: StaticDuplicateObject took: (0.068128s)
[2026.04.26-17.18.56:416][285]LogAIModule: Creating AISystem for world MP_Lobby
[2026.04.26-17.18.56:417][285]LogPlayLevel: PIE: World Init took: (0.003752s)
[2026.04.26-17.18.56:417][285]LogPlayLevel: PIE: Created PIE world by copying editor world from /Game/Map/MP_Lobby.MP_Lobby to /Game/Map/UEDPIE_0_MP_Lobby.MP_Lobby (0.072219s)
[2026.04.26-17.18.56:509][285]LogUObjectHash: Compacting FUObjectHashTables data took   4.83ms
[2026.04.26-17.18.56:510][285]LogAudio: Display: Creating Audio Device:                 Id: 9, Scope: Unique, Realtime: True
[2026.04.26-17.18.56:510][285]LogAudioMixer: Display: Audio Mixer Platform Settings:
[2026.04.26-17.18.56:510][285]LogAudioMixer: Display: 	Sample Rate:						  48000
[2026.04.26-17.18.56:510][285]LogAudioMixer: Display: 	Callback Buffer Frame Size Requested: 512
[2026.04.26-17.18.56:510][285]LogAudioMixer: Display: 	Callback Buffer Frame Size To Use:	  512
[2026.04.26-17.18.56:510][285]LogAudioMixer: Display: 	Number of buffers to queue:			  1
[2026.04.26-17.18.56:510][285]LogAudioMixer: Display: 	Max Channels (voices):				  0
[2026.04.26-17.18.56:510][285]LogAudioMixer: Display: 	Number of Async Source Workers:		  4
[2026.04.26-17.18.56:510][285]LogAudio: Display: AudioDevice MaxSources: 32
[2026.04.26-17.18.56:510][285]LogAudio: Display: Audio Spatialization Plugin: None (built-in).
[2026.04.26-17.18.56:510][285]LogAudio: Display: Audio Reverb Plugin: None (built-in).
[2026.04.26-17.18.56:511][285]LogAudio: Display: Audio Occlusion Plugin: None (built-in).
[2026.04.26-17.18.56:511][285]LogAudioMixer: Display: Initializing audio mixer.
[2026.04.26-17.18.56:518][285]LogAudioMixer: Display: 0: FrontLeft
[2026.04.26-17.18.56:518][285]LogAudioMixer: Display: 1: FrontRight
[2026.04.26-17.18.56:533][285]LogAudioMixer: Display: Using Audio Device Voicemeeter VAIO3 Input (VB-Audio Voicemeeter VAIO)
[2026.04.26-17.18.56:533][285]LogAudioMixer: Display: Initializing Sound Submixes...
[2026.04.26-17.18.56:534][285]LogAudioMixer: Display: Creating Master Submix 'MasterSubmixDefault'
[2026.04.26-17.18.56:534][285]LogAudioMixer: Display: Creating Master Submix 'MasterReverbSubmixDefault'
[2026.04.26-17.18.56:534][285]LogAudioMixer: Display: Creating Master Submix 'MasterEQSubmixDefault'
[2026.04.26-17.18.56:534][285]LogAudioMixer: FMixerPlatformXAudio2::StartAudioStream() called
[2026.04.26-17.18.56:534][285]LogAudioMixer: Display: Output buffers initialized: Frames=512, Channels=2, Samples=1024
[2026.04.26-17.18.56:537][285]LogAudioMixer: Display: Starting AudioMixerPlatformInterface::RunInternal()
[2026.04.26-17.18.56:537][285]LogAudioMixer: Display: FMixerPlatformXAudio2::SubmitBuffer() called for the first time
[2026.04.26-17.18.56:537][285]LogInit: FAudioDevice initialized.
[2026.04.26-17.18.56:537][285]LogAudio: Display: Audio Device (ID: 9) registered with world 'MP_Lobby'.
[2026.04.26-17.18.56:538][285]PIE: Warning: UGameViewportClient::AddCursor: Could not load cursor class 'UI_Cursor_C'.
[2026.04.26-17.18.56:551][285]LogLoad: Game class is 'FirstPersonGameMode_C'
[2026.04.26-17.18.56:561][285]LogWorld: Bringing World /Game/Map/UEDPIE_0_MP_Lobby.MP_Lobby up for play (max tick rate 60) at 2026.04.26-19.18.56
[2026.04.26-17.18.56:562][285]LogWorld: Bringing up level for play took: 0.010506
[2026.04.26-17.18.56:562][285]LogOnline: OSS: Creating online subsystem instance for: :Context_25
[2026.04.26-17.18.56:570][285]LogVoiceEncode: Display: EncoderVersion: libopus unknown
[2026.04.26-17.18.56:571][285]LogOnlineVoice: OSS: StopLocalVoiceProcessing(0) returned 0xFFFFFFFF
[2026.04.26-17.18.56:571][285]LogOnlineVoice: OSS: Stopping networked voice for user: 0
[2026.04.26-17.18.56:576][285]PIE: Error: SetInputMode_UIOnly expects a valid player controller as 'PlayerController' target
[2026.04.26-17.18.56:576][285]PIE: Server logged in
[2026.04.26-17.18.56:578][285]PIE: Play in editor total start time 0,463 seconds.
[2026.04.26-17.19.07:179][671]LogAudioMixer: Display: Audio Buffer Underrun (starvation) detected.
[2026.04.26-17.19.07:643][672]LogSlate: Updating window title bar state: overlay mode, drag disabled, window buttons hidden, title bar hidden
[2026.04.26-17.19.07:644][672]LogWorld: BeginTearingDown for /Game/Map/UEDPIE_0_MP_Lobby
[2026.04.26-17.19.07:644][672]LogWorld: UWorld::CleanupWorld for MP_Lobby, bSessionEnded=true, bCleanupResources=true
[2026.04.26-17.19.07:650][672]LogSlate: InvalidateAllWidgets triggered.  All widgets were invalidated
[2026.04.26-17.19.07:673][672]LogPlayLevel: Display: Shutting down PIE online subsystems
[2026.04.26-17.19.07:683][672]LogSlate: InvalidateAllWidgets triggered.  All widgets were invalidated
[2026.04.26-17.19.07:757][672]LogSlate: Updating window title bar state: overlay mode, drag disabled, window buttons hidden, title bar hidden
[2026.04.26-17.19.07:761][672]LogAudioMixer: FMixerPlatformXAudio2::StopAudioStream() called
[2026.04.26-17.19.07:762][672]LogAudioMixer: FMixerPlatformXAudio2::StopAudioStream() called
[2026.04.26-17.19.07:774][672]LogUObjectHash: Compacting FUObjectHashTables data took   5.25ms
[2026.04.26-17.19.07:868][673]LogPlayLevel: Display: Destroying online subsystem :Context_25
[2026.04.26-17.19.24:177][334]LogAudioMixer: Display: Audio Buffer Underrun (starvation) detected.
[2026.04.26-17.19.38:692][906]LogAudioMixer: Display: Audio Buffer Underrun (starvation) detected.
[2026.04.26-17.19.43:300][ 81]LogTemp: Repeating last play command: Selected Viewport
[2026.04.26-17.19.43:319][ 81]BlueprintLog: New page: Pre-Play auto-recompile
[2026.04.26-17.19.43:320][ 81]LogPlayLevel: [PlayLevel] Compiling BP_NetworkCharacter before play...
[2026.04.26-17.19.43:556][ 81]LogUObjectHash: Compacting FUObjectHashTables data took   7.37ms
[2026.04.26-17.19.43:561][ 81]LogPlayLevel: PlayLevel: Blueprint regeneration took 242 ms (1 blueprints)
[2026.04.26-17.19.43:562][ 81]PIE: New page: PIE session: MP_Lobby (26 апр. 2026 г., 21:19:43)
[2026.04.26-17.19.43:564][ 81]LogPlayLevel: Creating play world package: /Game/Map/UEDPIE_0_MP_Lobby
[2026.04.26-17.19.43:623][ 81]LogPlayLevel: PIE: StaticDuplicateObject took: (0.059150s)
[2026.04.26-17.19.43:626][ 81]LogAIModule: Creating AISystem for world MP_Lobby
[2026.04.26-17.19.43:627][ 81]LogPlayLevel: PIE: World Init took: (0.003425s)
[2026.04.26-17.19.43:627][ 81]LogPlayLevel: PIE: Created PIE world by copying editor world from /Game/Map/MP_Lobby.MP_Lobby to /Game/Map/UEDPIE_0_MP_Lobby.MP_Lobby (0.062957s)
[2026.04.26-17.19.43:704][ 81]LogUObjectHash: Compacting FUObjectHashTables data took   5.06ms
[2026.04.26-17.19.43:705][ 81]LogAudio: Display: Creating Audio Device:                 Id: 10, Scope: Unique, Realtime: True
[2026.04.26-17.19.43:706][ 81]LogAudioMixer: Display: Audio Mixer Platform Settings:
[2026.04.26-17.19.43:706][ 81]LogAudioMixer: Display: 	Sample Rate:						  48000
[2026.04.26-17.19.43:706][ 81]LogAudioMixer: Display: 	Callback Buffer Frame Size Requested: 512
[2026.04.26-17.19.43:706][ 81]LogAudioMixer: Display: 	Callback Buffer Frame Size To Use:	  512
[2026.04.26-17.19.43:706][ 81]LogAudioMixer: Display: 	Number of buffers to queue:			  1
[2026.04.26-17.19.43:706][ 81]LogAudioMixer: Display: 	Max Channels (voices):				  0
[2026.04.26-17.19.43:706][ 81]LogAudioMixer: Display: 	Number of Async Source Workers:		  4
[2026.04.26-17.19.43:706][ 81]LogAudio: Display: AudioDevice MaxSources: 32
[2026.04.26-17.19.43:708][ 81]LogAudio: Display: Audio Spatialization Plugin: None (built-in).
[2026.04.26-17.19.43:708][ 81]LogAudio: Display: Audio Reverb Plugin: None (built-in).
[2026.04.26-17.19.43:708][ 81]LogAudio: Display: Audio Occlusion Plugin: None (built-in).
[2026.04.26-17.19.43:708][ 81]LogAudioMixer: Display: Initializing audio mixer.
[2026.04.26-17.19.43:714][ 81]LogAudioMixer: Display: 0: FrontLeft
[2026.04.26-17.19.43:714][ 81]LogAudioMixer: Display: 1: FrontRight
[2026.04.26-17.19.43:731][ 81]LogAudioMixer: Display: Using Audio Device Voicemeeter VAIO3 Input (VB-Audio Voicemeeter VAIO)
[2026.04.26-17.19.43:731][ 81]LogAudioMixer: Display: Initializing Sound Submixes...
[2026.04.26-17.19.43:731][ 81]LogAudioMixer: Display: Creating Master Submix 'MasterSubmixDefault'
[2026.04.26-17.19.43:731][ 81]LogAudioMixer: Display: Creating Master Submix 'MasterReverbSubmixDefault'
[2026.04.26-17.19.43:732][ 81]LogAudioMixer: Display: Creating Master Submix 'MasterEQSubmixDefault'
[2026.04.26-17.19.43:732][ 81]LogAudioMixer: FMixerPlatformXAudio2::StartAudioStream() called
[2026.04.26-17.19.43:732][ 81]LogAudioMixer: Display: Output buffers initialized: Frames=512, Channels=2, Samples=1024
[2026.04.26-17.19.43:733][ 81]LogAudioMixer: Display: Starting AudioMixerPlatformInterface::RunInternal()
[2026.04.26-17.19.43:733][ 81]LogAudioMixer: Display: FMixerPlatformXAudio2::SubmitBuffer() called for the first time
[2026.04.26-17.19.43:733][ 81]LogInit: FAudioDevice initialized.
[2026.04.26-17.19.43:734][ 81]LogAudio: Display: Audio Device (ID: 10) registered with world 'MP_Lobby'.
[2026.04.26-17.19.43:734][ 81]PIE: Warning: UGameViewportClient::AddCursor: Could not load cursor class 'UI_Cursor_C'.
[2026.04.26-17.19.43:751][ 81]LogLoad: Game class is 'FirstPersonGameMode_C'
[2026.04.26-17.19.43:762][ 81]LogWorld: Bringing World /Game/Map/UEDPIE_0_MP_Lobby.MP_Lobby up for play (max tick rate 60) at 2026.04.26-19.19.43
[2026.04.26-17.19.43:763][ 81]LogWorld: Bringing up level for play took: 0.011245
[2026.04.26-17.19.43:764][ 81]LogOnline: OSS: Creating online subsystem instance for: :Context_26
[2026.04.26-17.19.43:770][ 81]LogVoiceEncode: Display: EncoderVersion: libopus unknown
[2026.04.26-17.19.43:770][ 81]LogOnlineVoice: OSS: StopLocalVoiceProcessing(0) returned 0xFFFFFFFF
[2026.04.26-17.19.43:770][ 81]LogOnlineVoice: OSS: Stopping networked voice for user: 0
[2026.04.26-17.19.43:777][ 81]PIE: Error: SetInputMode_UIOnly expects a valid player controller as 'PlayerController' target
[2026.04.26-17.19.43:778][ 81]PIE: Server logged in
[2026.04.26-17.19.43:779][ 81]PIE: Play in editor total start time 0,462 seconds.
[2026.04.26-17.19.46:855][187]Cmd: ToggleDebugCamera
[2026.04.26-17.19.48:254][232]LogSlate: Updating window title bar state: overlay mode, drag disabled, window buttons hidden, title bar hidden
[2026.04.26-17.19.48:255][232]LogWorld: BeginTearingDown for /Game/Map/UEDPIE_0_MP_Lobby
[2026.04.26-17.19.48:255][232]LogWorld: UWorld::CleanupWorld for MP_Lobby, bSessionEnded=true, bCleanupResources=true
[2026.04.26-17.19.48:264][232]LogSlate: InvalidateAllWidgets triggered.  All widgets were invalidated
[2026.04.26-17.19.48:278][232]LogPlayLevel: Display: Shutting down PIE online subsystems
[2026.04.26-17.19.48:287][232]LogSlate: InvalidateAllWidgets triggered.  All widgets were invalidated
[2026.04.26-17.19.48:363][232]LogSlate: Updating window title bar state: overlay mode, drag disabled, window buttons hidden, title bar hidden
[2026.04.26-17.19.48:363][232]LogAudioMixer: FMixerPlatformXAudio2::StopAudioStream() called
[2026.04.26-17.19.48:365][232]LogAudioMixer: FMixerPlatformXAudio2::StopAudioStream() called
[2026.04.26-17.19.48:384][232]LogUObjectHash: Compacting FUObjectHashTables data took   7.42ms
[2026.04.26-17.19.48:475][233]LogPlayLevel: Display: Destroying online subsystem :Context_26
[2026.04.26-17.20.01:996][764]LogAudioMixer: Display: Audio Buffer Underrun (starvation) detected.
[2026.04.26-17.20.22:494][710]LogTemp: Repeating last play command: Selected Viewport
[2026.04.26-17.20.22:514][710]BlueprintLog: New page: Pre-Play auto-recompile
[2026.04.26-17.20.22:517][710]LogPlayLevel: [PlayLevel] Compiling BP_NetworkCharacter before play...
[2026.04.26-17.20.22:747][710]LogUObjectHash: Compacting FUObjectHashTables data took   9.93ms
[2026.04.26-17.20.22:748][710]LogPlayLevel: PlayLevel: Blueprint regeneration took 233 ms (1 blueprints)
[2026.04.26-17.20.22:749][710]PIE: New page: PIE session: MP_Lobby (26 апр. 2026 г., 21:20:22)
[2026.04.26-17.20.22:749][710]LogPlayLevel: Creating play world package: /Game/Map/UEDPIE_0_MP_Lobby
[2026.04.26-17.20.22:843][710]LogPlayLevel: PIE: StaticDuplicateObject took: (0.093996s)
[2026.04.26-17.20.22:844][710]LogAIModule: Creating AISystem for world MP_Lobby
[2026.04.26-17.20.22:845][710]LogPlayLevel: PIE: World Init took: (0.001897s)
[2026.04.26-17.20.22:845][710]LogPlayLevel: PIE: Created PIE world by copying editor world from /Game/Map/MP_Lobby.MP_Lobby to /Game/Map/UEDPIE_0_MP_Lobby.MP_Lobby (0.096161s)
[2026.04.26-17.20.22:930][710]LogUObjectHash: Compacting FUObjectHashTables data took   5.46ms
[2026.04.26-17.20.22:930][710]LogAudio: Display: Creating Audio Device:                 Id: 11, Scope: Unique, Realtime: True
[2026.04.26-17.20.22:930][710]LogAudioMixer: Display: Audio Mixer Platform Settings:
[2026.04.26-17.20.22:930][710]LogAudioMixer: Display: 	Sample Rate:						  48000
[2026.04.26-17.20.22:930][710]LogAudioMixer: Display: 	Callback Buffer Frame Size Requested: 512
[2026.04.26-17.20.22:930][710]LogAudioMixer: Display: 	Callback Buffer Frame Size To Use:	  512
[2026.04.26-17.20.22:930][710]LogAudioMixer: Display: 	Number of buffers to queue:			  1
[2026.04.26-17.20.22:930][710]LogAudioMixer: Display: 	Max Channels (voices):				  0
[2026.04.26-17.20.22:930][710]LogAudioMixer: Display: 	Number of Async Source Workers:		  4
[2026.04.26-17.20.22:930][710]LogAudio: Display: AudioDevice MaxSources: 32
[2026.04.26-17.20.22:930][710]LogAudio: Display: Audio Spatialization Plugin: None (built-in).
[2026.04.26-17.20.22:930][710]LogAudio: Display: Audio Reverb Plugin: None (built-in).
[2026.04.26-17.20.22:930][710]LogAudio: Display: Audio Occlusion Plugin: None (built-in).
[2026.04.26-17.20.22:930][710]LogAudioMixer: Display: Initializing audio mixer.
[2026.04.26-17.20.22:939][710]LogAudioMixer: Display: 0: FrontLeft
[2026.04.26-17.20.22:939][710]LogAudioMixer: Display: 1: FrontRight
[2026.04.26-17.20.22:957][710]LogAudioMixer: Display: Using Audio Device Voicemeeter VAIO3 Input (VB-Audio Voicemeeter VAIO)
[2026.04.26-17.20.22:957][710]LogAudioMixer: Display: Initializing Sound Submixes...
[2026.04.26-17.20.22:957][710]LogAudioMixer: Display: Creating Master Submix 'MasterSubmixDefault'
[2026.04.26-17.20.22:958][710]LogAudioMixer: Display: Creating Master Submix 'MasterReverbSubmixDefault'
[2026.04.26-17.20.22:959][710]LogAudioMixer: Display: Creating Master Submix 'MasterEQSubmixDefault'
[2026.04.26-17.20.22:959][710]LogAudioMixer: FMixerPlatformXAudio2::StartAudioStream() called
[2026.04.26-17.20.22:959][710]LogAudioMixer: Display: Output buffers initialized: Frames=512, Channels=2, Samples=1024
[2026.04.26-17.20.22:961][710]LogAudioMixer: Display: Starting AudioMixerPlatformInterface::RunInternal()
[2026.04.26-17.20.22:961][710]LogAudioMixer: Display: FMixerPlatformXAudio2::SubmitBuffer() called for the first time
[2026.04.26-17.20.22:961][710]LogInit: FAudioDevice initialized.
[2026.04.26-17.20.22:961][710]LogAudio: Display: Audio Device (ID: 11) registered with world 'MP_Lobby'.
[2026.04.26-17.20.22:962][710]PIE: Warning: UGameViewportClient::AddCursor: Could not load cursor class 'UI_Cursor_C'.
[2026.04.26-17.20.22:981][710]LogLoad: Game class is 'FirstPersonGameMode_C'
[2026.04.26-17.20.22:996][710]LogWorld: Bringing World /Game/Map/UEDPIE_0_MP_Lobby.MP_Lobby up for play (max tick rate 60) at 2026.04.26-19.20.22
[2026.04.26-17.20.22:996][710]LogWorld: Bringing up level for play took: 0.013932
[2026.04.26-17.20.22:997][710]LogOnline: OSS: Creating online subsystem instance for: :Context_27
[2026.04.26-17.20.23:000][710]LogVoiceEncode: Display: EncoderVersion: libopus unknown
[2026.04.26-17.20.23:000][710]LogOnlineVoice: OSS: StopLocalVoiceProcessing(0) returned 0xFFFFFFFF
[2026.04.26-17.20.23:000][710]LogOnlineVoice: OSS: Stopping networked voice for user: 0
[2026.04.26-17.20.23:006][710]PIE: Error: SetInputMode_UIOnly expects a valid player controller as 'PlayerController' target
[2026.04.26-17.20.23:006][710]PIE: Server logged in
[2026.04.26-17.20.23:008][710]PIE: Play in editor total start time 0,497 seconds.
[2026.04.26-17.20.25:370][801]LogAudioMixer: Display: Audio Buffer Underrun (starvation) detected.
[2026.04.26-17.20.25:370][801]LogAudioMixer: Display: Audio Buffer Underrun (starvation) detected.
[2026.04.26-17.20.28:005][920]Cmd: ToggleDebugCamera
[2026.04.26-17.20.33:214][124]LogSlate: Updating window title bar state: overlay mode, drag disabled, window buttons hidden, title bar hidden
[2026.04.26-17.20.33:214][124]LogWorld: BeginTearingDown for /Game/Map/UEDPIE_0_MP_Lobby
[2026.04.26-17.20.33:215][124]LogWorld: UWorld::CleanupWorld for MP_Lobby, bSessionEnded=true, bCleanupResources=true
[2026.04.26-17.20.33:218][124]LogSlate: InvalidateAllWidgets triggered.  All widgets were invalidated
[2026.04.26-17.20.33:240][124]LogPlayLevel: Display: Shutting down PIE online subsystems
[2026.04.26-17.20.33:251][124]LogSlate: InvalidateAllWidgets triggered.  All widgets were invalidated
[2026.04.26-17.20.33:355][124]LogSlate: Updating window title bar state: overlay mode, drag disabled, window buttons hidden, title bar hidden
[2026.04.26-17.20.33:358][124]LogAudioMixer: FMixerPlatformXAudio2::StopAudioStream() called
[2026.04.26-17.20.33:360][124]LogAudioMixer: FMixerPlatformXAudio2::StopAudioStream() called
[2026.04.26-17.20.33:377][124]LogUObjectHash: Compacting FUObjectHashTables data took   7.26ms
[2026.04.26-17.20.33:481][125]LogPlayLevel: Display: Destroying online subsystem :Context_27
[2026.04.26-17.20.36:272][223]LogAudioMixer: Display: Audio Buffer Underrun (starvation) detected.
[2026.04.26-17.20.48:164][728]LogAudioMixer: Display: Audio Buffer Underrun (starvation) detected.
[2026.04.26-17.21.05:934][485]LogAudioMixer: Display: Audio Buffer Underrun (starvation) detected.
[2026.04.26-17.21.21:490][198]LogAudioMixer: Display: Audio Buffer Underrun (starvation) detected.
[2026.04.26-17.21.35:779][725]LogAudioMixer: Display: Audio Buffer Underrun (starvation) detected.
[2026.04.26-17.21.36:594][745]BlueprintLog: New page: Compile BP_NetworkCharacter
[2026.04.26-17.21.36:793][745]LogUObjectHash: Compacting FUObjectHashTables data took   9.13ms
[2026.04.26-17.21.48:054][ 12]LogEditorTransaction: Undo Set Vector Property
[2026.04.26-17.21.48:637][ 12]LogActorComponent: RegisterComponentWithWorld: (/Engine/Transient.World_3:PersistentLevel.AnimationEditorPreviewActor_0.DebugSkelMeshComponent_0) Already registered. Aborting.
[2026.04.26-17.21.48:759][ 12]LogActorComponent: RegisterComponentWithWorld: (/Engine/Transient.World_7:PersistentLevel.AnimationEditorPreviewActor_0.DebugSkelMeshComponent_0) Already registered. Aborting.
[2026.04.26-17.21.50:632][ 49]LogAudioMixer: Display: Audio Buffer Underrun (starvation) detected.
[2026.04.26-17.22.01:831][360]LogSlate: Window 'Delete Variable' being destroyed
[2026.04.26-17.22.13:383][825]BlueprintLog: New page: Compile BP_NetworkCharacter
[2026.04.26-17.22.13:690][825]LogUObjectHash: Compacting FUObjectHashTables data took  11.57ms
[2026.04.26-17.22.21:343][109]LogAudioMixer: Display: Audio Buffer Underrun (starvation) detected.
[2026.04.26-17.22.30:183][439]BlueprintLog: New page: Compile BP_NetworkCharacter
[2026.04.26-17.22.30:364][439]LogUObjectHash: Compacting FUObjectHashTables data took   8.98ms
[2026.04.26-17.22.38:234][724]LogAudioMixer: Display: Audio Buffer Underrun (starvation) detected.
[2026.04.26-17.22.52:943][206]LogAudioMixer: Display: Audio Buffer Underrun (starvation) detected.
[2026.04.26-17.23.05:692][614]LogAudioMixer: Display: Audio Buffer Underrun (starvation) detected.
[2026.04.26-17.23.15:909][940]LogAudioMixer: Display: Audio Buffer Underrun (starvation) detected.
[2026.04.26-17.23.22:239][163]LogUObjectHash: Compacting FUObjectHashTables data took   7.33ms
[2026.04.26-17.23.22:244][163]LogFileHelpers: Editor autosave (incl. external actors) for '/Game/Map/MP_Lobby' took 0.137
[2026.04.26-17.23.22:254][163]OBJ SavePackage: Generating thumbnails for [2] asset(s) in package [/Game/World/Character/Player/PlayerMove] ([2] browsable assets)...
[2026.04.26-17.23.22:297][163]OBJ SavePackage:     Rendered thumbnail for [AnimBlueprint /Game/World/Character/Player/PlayerMove.PlayerMove]
[2026.04.26-17.23.22:298][163]OBJ SavePackage: Finished generating thumbnails for package [/Game/World/Character/Player/PlayerMove]
[2026.04.26-17.23.22:408][163]LogSavePackage: Moving '../../../../../../LastStep/PROJECT-LAST-STEP/Playtime_Multiplayer/Saved/PlayerMove_Auto1D335310C44F22CA59F0A2D9B8BD3AD4D.tmp' to '../../../../../../LastStep/PROJECT-LAST-STEP/Playtime_Multiplayer/Saved/Autosaves/Game/World/Character/Player/PlayerMove_Auto1.uasset'
[2026.04.26-17.23.22:424][163]OBJ SavePackage: Generating thumbnails for [0] asset(s) in package [/Game/Player/BP_NetworkCharacter] ([2] browsable assets)...
[2026.04.26-17.23.22:425][163]OBJ SavePackage: Finished generating thumbnails for package [/Game/Player/BP_NetworkCharacter]
[2026.04.26-17.23.22:532][163]LogSavePackage: Moving '../../../../../../LastStep/PROJECT-LAST-STEP/Playtime_Multiplayer/Saved/BP_NetworkCharacter_Auto1C79111C84E3ED1F349A609A2E48818A9.tmp' to '../../../../../../LastStep/PROJECT-LAST-STEP/Playtime_Multiplayer/Saved/Autosaves/Game/Player/BP_NetworkCharacter_Auto1.uasset'
[2026.04.26-17.23.22:537][163]LogFileHelpers: Auto-saving content packages took 0.288
[2026.04.26-17.23.30:223][439]LogAudioMixer: Display: Audio Buffer Underrun (starvation) detected.
[2026.04.26-17.23.44:004][863]LogAudioMixer: Display: Audio Buffer Underrun (starvation) detected.
[2026.04.26-17.23.46:705][944]BlueprintLog: New page: Compile BP_NetworkCharacter
[2026.04.26-17.23.46:874][944]LogUObjectHash: Compacting FUObjectHashTables data took   6.00ms
[2026.04.26-17.23.48:568][997]LogEditorTransaction: Undo Set Rotation
[2026.04.26-17.23.49:012][997]LogActorComponent: RegisterComponentWithWorld: (/Engine/Transient.World_3:PersistentLevel.AnimationEditorPreviewActor_0.DebugSkelMeshComponent_0) Already registered. Aborting.
[2026.04.26-17.23.49:130][997]LogActorComponent: RegisterComponentWithWorld: (/Engine/Transient.World_7:PersistentLevel.AnimationEditorPreviewActor_0.DebugSkelMeshComponent_0) Already registered. Aborting.
[2026.04.26-17.23.58:051][298]LogAudioMixer: Display: Audio Buffer Underrun (starvation) detected.
[2026.04.26-17.24.16:811][934]LogAudioMixer: Display: Audio Buffer Underrun (starvation) detected.
[2026.04.26-17.24.26:362][204]BlueprintLog: New page: Compile BP_PlayerCosmeticmesh
[2026.04.26-17.24.26:652][204]LogUObjectHash: Compacting FUObjectHashTables data took  10.75ms
[2026.04.26-17.24.26:674][204]LogActorComponent: RegisterComponentWithWorld: (/Engine/Transient.World_1:PersistentLevel.DESTROYED_BP_PlayerCosmeticmesh_C_CHILDACTOR_1072.DefaultSceneRoot) Trying to register component with IsPendingKill() == true. Aborting.
[2026.04.26-17.24.26:695][204]LogActorComponent: RegisterComponentWithWorld: (/Engine/Transient.World_0:PersistentLevel.DESTROYED_GrabPack_C_CHILDACTOR_351.DefaultSceneRoot) Trying to register component with IsPendingKill() == true. Aborting.
[2026.04.26-17.24.26:703][204]LogActorComponent: RegisterComponentWithWorld: (/Engine/Transient.World_1:PersistentLevel.DESTROYED_GrabPack_C_CHILDACTOR_1077.DefaultSceneRoot) Trying to register component with IsPendingKill() == true. Aborting.
[2026.04.26-17.24.26:706][204]LogActorComponent: RegisterComponentWithWorld: (/Engine/Transient.World_14:PersistentLevel.DESTROYED_GrabPack_C_CHILDACTOR_7.DefaultSceneRoot) Trying to register component with IsPendingKill() == true. Aborting.
[2026.04.26-17.24.26:743][204]LogActorComponent: RegisterComponentWithWorld: (/Engine/Transient.World_1:PersistentLevel.DESTROYED_BP_PlayerCosmeticmesh_C_CHILDACTOR_1078.DefaultSceneRoot) Trying to register component with IsPendingKill() == true. Aborting.
[2026.04.26-17.24.26:752][204]LogActorComponent: RegisterComponentWithWorld: (/Engine/Transient.World_0:PersistentLevel.DESTROYED_GrabPack_C_CHILDACTOR_355.DefaultSceneRoot) Trying to register component with IsPendingKill() == true. Aborting.
[2026.04.26-17.24.26:755][204]LogActorComponent: RegisterComponentWithWorld: (/Engine/Transient.World_14:PersistentLevel.DESTROYED_GrabPack_C_CHILDACTOR_11.DefaultSceneRoot) Trying to register component with IsPendingKill() == true. Aborting.
[2026.04.26-17.24.26:760][204]LogActorComponent: RegisterComponentWithWorld: (/Engine/Transient.World_1:PersistentLevel.DESTROYED_GrabPack_C_CHILDACTOR_1083.DefaultSceneRoot) Trying to register component with IsPendingKill() == true. Aborting.
[2026.04.26-17.24.33:225][375]LogAudioMixer: Display: Audio Buffer Underrun (starvation) detected.
[2026.04.26-17.24.33:433][377]BlueprintLog: New page: Compile BP_NetworkCharacter
[2026.04.26-17.24.33:624][377]LogUObjectHash: Compacting FUObjectHashTables data took   7.89ms
[2026.04.26-17.24.40:036][613]LogEditorTransaction: Undo Modify Component(s)
[2026.04.26-17.24.40:426][613]LogActorComponent: RegisterComponentWithWorld: (/Engine/Transient.World_3:PersistentLevel.AnimationEditorPreviewActor_0.DebugSkelMeshComponent_0) Already registered. Aborting.
[2026.04.26-17.24.40:551][613]LogActorComponent: RegisterComponentWithWorld: (/Engine/Transient.World_7:PersistentLevel.AnimationEditorPreviewActor_0.DebugSkelMeshComponent_0) Already registered. Aborting.
[2026.04.26-17.24.46:656][761]LogAudioMixer: Display: Audio Buffer Underrun (starvation) detected.
[2026.04.26-17.25.15:461][601]LogAudioMixer: Display: Audio Buffer Underrun (starvation) detected.
[2026.04.26-17.25.36:352][368]LogAudioMixer: Display: Audio Buffer Underrun (starvation) detected.
[2026.04.26-17.25.47:339][746]LogEditorTransaction: Undo Set Vector Property
[2026.04.26-17.25.47:815][746]LogActorComponent: RegisterComponentWithWorld: (/Engine/Transient.World_3:PersistentLevel.AnimationEditorPreviewActor_0.DebugSkelMeshComponent_0) Already registered. Aborting.
[2026.04.26-17.25.47:924][746]LogActorComponent: RegisterComponentWithWorld: (/Engine/Transient.World_7:PersistentLevel.AnimationEditorPreviewActor_0.DebugSkelMeshComponent_0) Already registered. Aborting.
[2026.04.26-17.25.52:999][907]LogAudioMixer: Display: Audio Buffer Underrun (starvation) detected.
[2026.04.26-17.26.05:399][275]BlueprintLog: New page: Compile BP_NetworkCharacter
[2026.04.26-17.26.06:209][275]LogAudioMixer: Display: Audio Buffer Underrun (starvation) detected.
[2026.04.26-17.26.06:280][275]LogUObjectHash: Compacting FUObjectHashTables data took  12.29ms
[2026.04.26-17.26.11:641][445]BlueprintLog: New page: Compile BP_NetworkCharacter
[2026.04.26-17.26.11:853][445]LogUObjectHash: Compacting FUObjectHashTables data took  15.59ms
[2026.04.26-17.26.12:700][467]Cmd: OBJ SAVEPACKAGE PACKAGE="/Game/Player/BP_NetworkCharacter" FILE="../../../../../../LastStep/PROJECT-LAST-STEP/Playtime_Multiplayer/Content/Player/BP_NetworkCharacter.uasset" SILENT=true
[2026.04.26-17.26.12:829][467]LogSavePackage: Moving '../../../../../../LastStep/PROJECT-LAST-STEP/Playtime_Multiplayer/Saved/BP_NetworkCharacter64EF697E4FC871DD3310B49BCB6D533D.tmp' to '../../../../../../LastStep/PROJECT-LAST-STEP/Playtime_Multiplayer/Content/Player/BP_NetworkCharacter.uasset'
[2026.04.26-17.26.12:909][467]AssetCheck: New page: Asset Save: BP_NetworkCharacter
[2026.04.26-17.26.12:909][467]LogContentValidation: Display: Validating Blueprint /Game/Player/BP_NetworkCharacter.BP_NetworkCharacter
[2026.04.26-17.26.16:381][572]LogTemp: Repeating last play command: Selected Viewport
[2026.04.26-17.26.16:399][572]LogPlayLevel: PlayLevel: No blueprints needed recompiling
[2026.04.26-17.26.16:399][572]PIE: New page: PIE session: MP_Lobby (26 апр. 2026 г., 21:26:16)
[2026.04.26-17.26.16:400][572]LogPlayLevel: Creating play world package: /Game/Map/UEDPIE_0_MP_Lobby
[2026.04.26-17.26.16:481][572]LogPlayLevel: PIE: StaticDuplicateObject took: (0.080252s)
[2026.04.26-17.26.16:482][572]LogAIModule: Creating AISystem for world MP_Lobby
[2026.04.26-17.26.16:483][572]LogPlayLevel: PIE: World Init took: (0.002256s)
[2026.04.26-17.26.16:483][572]LogPlayLevel: PIE: Created PIE world by copying editor world from /Game/Map/MP_Lobby.MP_Lobby to /Game/Map/UEDPIE_0_MP_Lobby.MP_Lobby (0.083091s)
[2026.04.26-17.26.16:570][572]LogUObjectHash: Compacting FUObjectHashTables data took   7.25ms
[2026.04.26-17.26.16:572][572]LogAudio: Display: Creating Audio Device:                 Id: 12, Scope: Unique, Realtime: True
[2026.04.26-17.26.16:572][572]LogAudioMixer: Display: Audio Mixer Platform Settings:
[2026.04.26-17.26.16:572][572]LogAudioMixer: Display: 	Sample Rate:						  48000
[2026.04.26-17.26.16:572][572]LogAudioMixer: Display: 	Callback Buffer Frame Size Requested: 512
[2026.04.26-17.26.16:572][572]LogAudioMixer: Display: 	Callback Buffer Frame Size To Use:	  512
[2026.04.26-17.26.16:572][572]LogAudioMixer: Display: 	Number of buffers to queue:			  1
[2026.04.26-17.26.16:572][572]LogAudioMixer: Display: 	Max Channels (voices):				  0
[2026.04.26-17.26.16:572][572]LogAudioMixer: Display: 	Number of Async Source Workers:		  4
[2026.04.26-17.26.16:572][572]LogAudio: Display: AudioDevice MaxSources: 32
[2026.04.26-17.26.16:572][572]LogAudio: Display: Audio Spatialization Plugin: None (built-in).
[2026.04.26-17.26.16:572][572]LogAudio: Display: Audio Reverb Plugin: None (built-in).
[2026.04.26-17.26.16:572][572]LogAudio: Display: Audio Occlusion Plugin: None (built-in).
[2026.04.26-17.26.16:572][572]LogAudioMixer: Display: Initializing audio mixer.
[2026.04.26-17.26.16:581][572]LogAudioMixer: Display: 0: FrontLeft
[2026.04.26-17.26.16:581][572]LogAudioMixer: Display: 1: FrontRight
[2026.04.26-17.26.16:596][572]LogAudioMixer: Display: Using Audio Device Voicemeeter VAIO3 Input (VB-Audio Voicemeeter VAIO)
[2026.04.26-17.26.16:596][572]LogAudioMixer: Display: Initializing Sound Submixes...
[2026.04.26-17.26.16:596][572]LogAudioMixer: Display: Creating Master Submix 'MasterSubmixDefault'
[2026.04.26-17.26.16:596][572]LogAudioMixer: Display: Creating Master Submix 'MasterReverbSubmixDefault'
[2026.04.26-17.26.16:598][572]LogAudioMixer: Display: Creating Master Submix 'MasterEQSubmixDefault'
[2026.04.26-17.26.16:598][572]LogAudioMixer: FMixerPlatformXAudio2::StartAudioStream() called
[2026.04.26-17.26.16:598][572]LogAudioMixer: Display: Output buffers initialized: Frames=512, Channels=2, Samples=1024
[2026.04.26-17.26.16:600][572]LogAudioMixer: Display: Starting AudioMixerPlatformInterface::RunInternal()
[2026.04.26-17.26.16:600][572]LogAudioMixer: Display: FMixerPlatformXAudio2::SubmitBuffer() called for the first time
[2026.04.26-17.26.16:600][572]LogInit: FAudioDevice initialized.
[2026.04.26-17.26.16:600][572]LogAudio: Display: Audio Device (ID: 12) registered with world 'MP_Lobby'.
[2026.04.26-17.26.16:600][572]PIE: Warning: UGameViewportClient::AddCursor: Could not load cursor class 'UI_Cursor_C'.
[2026.04.26-17.26.16:614][572]LogLoad: Game class is 'FirstPersonGameMode_C'
[2026.04.26-17.26.16:625][572]LogWorld: Bringing World /Game/Map/UEDPIE_0_MP_Lobby.MP_Lobby up for play (max tick rate 60) at 2026.04.26-19.26.16
[2026.04.26-17.26.16:626][572]LogWorld: Bringing up level for play took: 0.010818
[2026.04.26-17.26.16:626][572]LogOnline: OSS: Creating online subsystem instance for: :Context_28
[2026.04.26-17.26.16:629][572]LogVoiceEncode: Display: EncoderVersion: libopus unknown
[2026.04.26-17.26.16:629][572]LogOnlineVoice: OSS: StopLocalVoiceProcessing(0) returned 0xFFFFFFFF
[2026.04.26-17.26.16:629][572]LogOnlineVoice: OSS: Stopping networked voice for user: 0
[2026.04.26-17.26.16:634][572]PIE: Error: SetInputMode_UIOnly expects a valid player controller as 'PlayerController' target
[2026.04.26-17.26.16:634][572]PIE: Server logged in
[2026.04.26-17.26.16:637][572]PIE: Play in editor total start time 0,24 seconds.
[2026.04.26-17.26.29:450][ 52]Cmd: ToggleDebugCamera
[2026.04.26-17.26.31:607][115]LogAudioMixer: Display: Audio Buffer Underrun (starvation) detected.
[2026.04.26-17.26.31:607][115]LogAudioMixer: Display: Audio Buffer Underrun (starvation) detected.
[2026.04.26-17.26.32:611][151]Cmd: ToggleDebugCamera
[2026.04.26-17.26.40:190][397]Cmd: SELECT NONE
[2026.04.26-17.26.41:375][430]LogSlate: Updating window title bar state: overlay mode, drag disabled, window buttons hidden, title bar hidden
[2026.04.26-17.26.41:375][430]LogWorld: BeginTearingDown for /Game/Map/UEDPIE_0_MP_Lobby
[2026.04.26-17.26.41:376][430]LogWorld: UWorld::CleanupWorld for MP_Lobby, bSessionEnded=true, bCleanupResources=true
[2026.04.26-17.26.41:379][430]LogSlate: InvalidateAllWidgets triggered.  All widgets were invalidated
[2026.04.26-17.26.41:401][430]LogPlayLevel: Display: Shutting down PIE online subsystems
[2026.04.26-17.26.41:421][430]LogSlate: InvalidateAllWidgets triggered.  All widgets were invalidated
[2026.04.26-17.26.41:507][430]LogAudio: Display: Audio Device unregistered from world 'None'.
[2026.04.26-17.26.41:507][430]LogAudioMixer: FMixerPlatformXAudio2::StopAudioStream() called
[2026.04.26-17.26.41:510][430]LogAudioMixer: FMixerPlatformXAudio2::StopAudioStream() called
[2026.04.26-17.26.41:512][430]LogSlate: Updating window title bar state: overlay mode, drag disabled, window buttons hidden, title bar hidden
[2026.04.26-17.26.41:540][430]LogUObjectHash: Compacting FUObjectHashTables data took   5.03ms
[2026.04.26-17.26.41:640][431]LogPlayLevel: Display: Destroying online subsystem :Context_28
[2026.04.26-17.26.54:315][987]LogAudioMixer: Display: Audio Buffer Underrun (starvation) detected.
[2026.04.26-17.27.11:121][559]LogAudioMixer: Display: Audio Buffer Underrun (starvation) detected.
[2026.04.26-17.27.30:834][266]LogAudioMixer: Display: Audio Buffer Underrun (starvation) detected.
[2026.04.26-17.27.54:468][175]LogAudioMixer: Display: Audio Buffer Underrun (starvation) detected.
[2026.04.26-17.28.04:892][616]BlueprintLog: New page: Compile BP_NetworkCharacter
[2026.04.26-17.28.05:081][616]LogUObjectHash: Compacting FUObjectHashTables data took   6.12ms
[2026.04.26-17.28.06:631][651]LogTemp: Repeating last play command: Selected Viewport
[2026.04.26-17.28.06:652][651]LogPlayLevel: PlayLevel: No blueprints needed recompiling
[2026.04.26-17.28.06:652][651]PIE: New page: PIE session: MP_Lobby (26 апр. 2026 г., 21:28:06)
[2026.04.26-17.28.06:653][651]LogPlayLevel: Creating play world package: /Game/Map/UEDPIE_0_MP_Lobby
[2026.04.26-17.28.06:744][651]LogPlayLevel: PIE: StaticDuplicateObject took: (0.091496s)
[2026.04.26-17.28.06:748][651]LogAIModule: Creating AISystem for world MP_Lobby
[2026.04.26-17.28.06:749][651]LogPlayLevel: PIE: World Init took: (0.004890s)
[2026.04.26-17.28.06:750][651]LogPlayLevel: PIE: Created PIE world by copying editor world from /Game/Map/MP_Lobby.MP_Lobby to /Game/Map/UEDPIE_0_MP_Lobby.MP_Lobby (0.097032s)
[2026.04.26-17.28.06:869][651]LogUObjectHash: Compacting FUObjectHashTables data took   8.47ms
[2026.04.26-17.28.06:871][651]LogAudio: Display: Creating Audio Device:                 Id: 13, Scope: Unique, Realtime: True
[2026.04.26-17.28.06:872][651]LogAudioMixer: Display: Audio Mixer Platform Settings:
[2026.04.26-17.28.06:872][651]LogAudioMixer: Display: 	Sample Rate:						  48000
[2026.04.26-17.28.06:872][651]LogAudioMixer: Display: 	Callback Buffer Frame Size Requested: 512
[2026.04.26-17.28.06:872][651]LogAudioMixer: Display: 	Callback Buffer Frame Size To Use:	  512
[2026.04.26-17.28.06:872][651]LogAudioMixer: Display: 	Number of buffers to queue:			  1
[2026.04.26-17.28.06:872][651]LogAudioMixer: Display: 	Max Channels (voices):				  0
[2026.04.26-17.28.06:872][651]LogAudioMixer: Display: 	Number of Async Source Workers:		  4
[2026.04.26-17.28.06:873][651]LogAudio: Display: AudioDevice MaxSources: 32
[2026.04.26-17.28.06:873][651]LogAudio: Display: Audio Spatialization Plugin: None (built-in).
[2026.04.26-17.28.06:873][651]LogAudio: Display: Audio Reverb Plugin: None (built-in).
[2026.04.26-17.28.06:873][651]LogAudio: Display: Audio Occlusion Plugin: None (built-in).
[2026.04.26-17.28.06:873][651]LogAudioMixer: Display: Initializing audio mixer.
[2026.04.26-17.28.06:880][651]LogAudioMixer: Display: 0: FrontLeft
[2026.04.26-17.28.06:880][651]LogAudioMixer: Display: 1: FrontRight
[2026.04.26-17.28.06:897][651]LogAudioMixer: Display: Using Audio Device Voicemeeter VAIO3 Input (VB-Audio Voicemeeter VAIO)
[2026.04.26-17.28.06:898][651]LogAudioMixer: Display: Initializing Sound Submixes...
[2026.04.26-17.28.06:898][651]LogAudioMixer: Display: Creating Master Submix 'MasterSubmixDefault'
[2026.04.26-17.28.06:898][651]LogAudioMixer: Display: Creating Master Submix 'MasterReverbSubmixDefault'
[2026.04.26-17.28.06:899][651]LogAudioMixer: Display: Creating Master Submix 'MasterEQSubmixDefault'
[2026.04.26-17.28.06:899][651]LogAudioMixer: FMixerPlatformXAudio2::StartAudioStream() called
[2026.04.26-17.28.06:899][651]LogAudioMixer: Display: Output buffers initialized: Frames=512, Channels=2, Samples=1024
[2026.04.26-17.28.06:903][651]LogAudioMixer: Display: Starting AudioMixerPlatformInterface::RunInternal()
[2026.04.26-17.28.06:904][651]LogAudioMixer: Display: FMixerPlatformXAudio2::SubmitBuffer() called for the first time
[2026.04.26-17.28.06:904][651]LogInit: FAudioDevice initialized.
[2026.04.26-17.28.06:904][651]LogAudio: Display: Audio Device (ID: 13) registered with world 'MP_Lobby'.
[2026.04.26-17.28.06:905][651]PIE: Warning: UGameViewportClient::AddCursor: Could not load cursor class 'UI_Cursor_C'.
[2026.04.26-17.28.06:918][651]LogLoad: Game class is 'FirstPersonGameMode_C'
[2026.04.26-17.28.06:931][651]LogWorld: Bringing World /Game/Map/UEDPIE_0_MP_Lobby.MP_Lobby up for play (max tick rate 60) at 2026.04.26-19.28.06
[2026.04.26-17.28.06:932][651]LogWorld: Bringing up level for play took: 0.013044
[2026.04.26-17.28.06:933][651]LogOnline: OSS: Creating online subsystem instance for: :Context_29
[2026.04.26-17.28.06:937][651]LogVoiceEncode: Display: EncoderVersion: libopus unknown
[2026.04.26-17.28.06:937][651]LogOnlineVoice: OSS: StopLocalVoiceProcessing(0) returned 0xFFFFFFFF
[2026.04.26-17.28.06:937][651]LogOnlineVoice: OSS: Stopping networked voice for user: 0
[2026.04.26-17.28.06:942][651]PIE: Error: SetInputMode_UIOnly expects a valid player controller as 'PlayerController' target
[2026.04.26-17.28.06:942][651]PIE: Server logged in
[2026.04.26-17.28.06:944][651]PIE: Play in editor total start time 0,294 seconds.
[2026.04.26-17.28.12:684][834]LogAudioMixer: Display: Audio Buffer Underrun (starvation) detected.
[2026.04.26-17.28.12:726][834]LogCharacterMovement: Warning: GetSimulationTimeStep() - Max iterations 8 hit while remaining time 0.082527 > MaxSimulationTimeStep (0.050) for 'BP_NetworkCharacter_C_0', movement 'Walking'
[2026.04.26-17.28.18:084][  6]LogSlate: Updating window title bar state: overlay mode, drag disabled, window buttons hidden, title bar hidden
[2026.04.26-17.28.18:084][  6]LogWorld: BeginTearingDown for /Game/Map/UEDPIE_0_MP_Lobby
[2026.04.26-17.28.18:085][  6]LogWorld: UWorld::CleanupWorld for MP_Lobby, bSessionEnded=true, bCleanupResources=true
[2026.04.26-17.28.18:092][  6]LogSlate: InvalidateAllWidgets triggered.  All widgets were invalidated
[2026.04.26-17.28.18:108][  6]LogPlayLevel: Display: Shutting down PIE online subsystems
[2026.04.26-17.28.18:117][  6]LogSlate: InvalidateAllWidgets triggered.  All widgets were invalidated
[2026.04.26-17.28.18:200][  6]LogAudio: Display: Audio Device unregistered from world 'None'.
[2026.04.26-17.28.18:201][  6]LogAudioMixer: FMixerPlatformXAudio2::StopAudioStream() called
[2026.04.26-17.28.18:203][  6]LogAudioMixer: FMixerPlatformXAudio2::StopAudioStream() called
[2026.04.26-17.28.18:209][  6]LogSlate: Updating window title bar state: overlay mode, drag disabled, window buttons hidden, title bar hidden
[2026.04.26-17.28.18:219][  6]LogUObjectHash: Compacting FUObjectHashTables data took   6.27ms
[2026.04.26-17.28.18:309][  7]LogPlayLevel: Display: Destroying online subsystem :Context_29
[2026.04.26-17.28.31:564][454]LogAudioMixer: Display: Audio Buffer Underrun (starvation) detected.
[2026.04.26-17.28.51:520][210]LogEditorTransaction: Undo Edit Z
[2026.04.26-17.28.51:987][210]LogActorComponent: RegisterComponentWithWorld: (/Engine/Transient.World_3:PersistentLevel.AnimationEditorPreviewActor_0.DebugSkelMeshComponent_0) Already registered. Aborting.
[2026.04.26-17.28.52:117][210]LogActorComponent: RegisterComponentWithWorld: (/Engine/Transient.World_7:PersistentLevel.AnimationEditorPreviewActor_0.DebugSkelMeshComponent_0) Already registered. Aborting.
[2026.04.26-17.28.54:625][273]LogAudioMixer: Display: Audio Buffer Underrun (starvation) detected.
[2026.04.26-17.28.56:059][336]LogEditorTransaction: Undo Edit X
[2026.04.26-17.28.56:438][336]LogActorComponent: RegisterComponentWithWorld: (/Engine/Transient.World_3:PersistentLevel.AnimationEditorPreviewActor_0.DebugSkelMeshComponent_0) Already registered. Aborting.
[2026.04.26-17.28.56:544][336]LogActorComponent: RegisterComponentWithWorld: (/Engine/Transient.World_7:PersistentLevel.AnimationEditorPreviewActor_0.DebugSkelMeshComponent_0) Already registered. Aborting.
[2026.04.26-17.29.02:880][611]LogEditorTransaction: Undo Set Vector Property
[2026.04.26-17.29.03:304][611]LogActorComponent: RegisterComponentWithWorld: (/Engine/Transient.World_3:PersistentLevel.AnimationEditorPreviewActor_0.DebugSkelMeshComponent_0) Already registered. Aborting.
[2026.04.26-17.29.03:419][611]LogActorComponent: RegisterComponentWithWorld: (/Engine/Transient.World_7:PersistentLevel.AnimationEditorPreviewActor_0.DebugSkelMeshComponent_0) Already registered. Aborting.
[2026.04.26-17.29.11:049][909]LogTemp: Repeating last play command: Selected Viewport
[2026.04.26-17.29.11:072][909]BlueprintLog: New page: Pre-Play auto-recompile
[2026.04.26-17.29.11:078][909]LogPlayLevel: [PlayLevel] Compiling BP_NetworkCharacter before play...
[2026.04.26-17.29.11:445][909]LogUObjectHash: Compacting FUObjectHashTables data took  12.81ms
[2026.04.26-17.29.11:450][909]LogPlayLevel: PlayLevel: Blueprint regeneration took 378 ms (1 blueprints)
[2026.04.26-17.29.11:451][909]PIE: New page: PIE session: MP_Lobby (26 апр. 2026 г., 21:29:11)
[2026.04.26-17.29.11:451][909]LogPlayLevel: Creating play world package: /Game/Map/UEDPIE_0_MP_Lobby
[2026.04.26-17.29.11:512][909]LogPlayLevel: PIE: StaticDuplicateObject took: (0.061052s)
[2026.04.26-17.29.11:515][909]LogAIModule: Creating AISystem for world MP_Lobby
[2026.04.26-17.29.11:518][909]LogPlayLevel: PIE: World Init took: (0.006206s)
[2026.04.26-17.29.11:519][909]LogPlayLevel: PIE: Created PIE world by copying editor world from /Game/Map/MP_Lobby.MP_Lobby to /Game/Map/UEDPIE_0_MP_Lobby.MP_Lobby (0.067619s)
[2026.04.26-17.29.11:604][909]LogUObjectHash: Compacting FUObjectHashTables data took   5.27ms
[2026.04.26-17.29.11:604][909]LogAudio: Display: Creating Audio Device:                 Id: 14, Scope: Unique, Realtime: True
[2026.04.26-17.29.11:604][909]LogAudioMixer: Display: Audio Mixer Platform Settings:
[2026.04.26-17.29.11:604][909]LogAudioMixer: Display: 	Sample Rate:						  48000
[2026.04.26-17.29.11:604][909]LogAudioMixer: Display: 	Callback Buffer Frame Size Requested: 512
[2026.04.26-17.29.11:604][909]LogAudioMixer: Display: 	Callback Buffer Frame Size To Use:	  512
[2026.04.26-17.29.11:604][909]LogAudioMixer: Display: 	Number of buffers to queue:			  1
[2026.04.26-17.29.11:605][909]LogAudioMixer: Display: 	Max Channels (voices):				  0
[2026.04.26-17.29.11:605][909]LogAudioMixer: Display: 	Number of Async Source Workers:		  4
[2026.04.26-17.29.11:605][909]LogAudio: Display: AudioDevice MaxSources: 32
[2026.04.26-17.29.11:606][909]LogAudio: Display: Audio Spatialization Plugin: None (built-in).
[2026.04.26-17.29.11:606][909]LogAudio: Display: Audio Reverb Plugin: None (built-in).
[2026.04.26-17.29.11:606][909]LogAudio: Display: Audio Occlusion Plugin: None (built-in).
[2026.04.26-17.29.11:606][909]LogAudioMixer: Display: Initializing audio mixer.
[2026.04.26-17.29.11:614][909]LogAudioMixer: Display: 0: FrontLeft
[2026.04.26-17.29.11:614][909]LogAudioMixer: Display: 1: FrontRight
[2026.04.26-17.29.11:631][909]LogAudioMixer: Display: Using Audio Device Voicemeeter VAIO3 Input (VB-Audio Voicemeeter VAIO)
[2026.04.26-17.29.11:631][909]LogAudioMixer: Display: Initializing Sound Submixes...
[2026.04.26-17.29.11:631][909]LogAudioMixer: Display: Creating Master Submix 'MasterSubmixDefault'
[2026.04.26-17.29.11:631][909]LogAudioMixer: Display: Creating Master Submix 'MasterReverbSubmixDefault'
[2026.04.26-17.29.11:632][909]LogAudioMixer: Display: Creating Master Submix 'MasterEQSubmixDefault'
[2026.04.26-17.29.11:632][909]LogAudioMixer: FMixerPlatformXAudio2::StartAudioStream() called
[2026.04.26-17.29.11:632][909]LogAudioMixer: Display: Output buffers initialized: Frames=512, Channels=2, Samples=1024
[2026.04.26-17.29.11:635][909]LogAudioMixer: Display: Starting AudioMixerPlatformInterface::RunInternal()
[2026.04.26-17.29.11:635][909]LogAudioMixer: Display: FMixerPlatformXAudio2::SubmitBuffer() called for the first time
[2026.04.26-17.29.11:635][909]LogInit: FAudioDevice initialized.
[2026.04.26-17.29.11:635][909]LogAudio: Display: Audio Device (ID: 14) registered with world 'MP_Lobby'.
[2026.04.26-17.29.11:635][909]PIE: Warning: UGameViewportClient::AddCursor: Could not load cursor class 'UI_Cursor_C'.
[2026.04.26-17.29.11:648][909]LogLoad: Game class is 'FirstPersonGameMode_C'
[2026.04.26-17.29.11:661][909]LogWorld: Bringing World /Game/Map/UEDPIE_0_MP_Lobby.MP_Lobby up for play (max tick rate 60) at 2026.04.26-19.29.11
[2026.04.26-17.29.11:662][909]LogWorld: Bringing up level for play took: 0.011752
[2026.04.26-17.29.11:662][909]LogOnline: OSS: Creating online subsystem instance for: :Context_30
[2026.04.26-17.29.11:670][909]LogVoiceEncode: Display: EncoderVersion: libopus unknown
[2026.04.26-17.29.11:670][909]LogOnlineVoice: OSS: StopLocalVoiceProcessing(0) returned 0xFFFFFFFF
[2026.04.26-17.29.11:670][909]LogOnlineVoice: OSS: Stopping networked voice for user: 0
[2026.04.26-17.29.11:675][909]PIE: Error: SetInputMode_UIOnly expects a valid player controller as 'PlayerController' target
[2026.04.26-17.29.11:675][909]PIE: Server logged in
[2026.04.26-17.29.11:676][909]PIE: Play in editor total start time 0,612 seconds.
[2026.04.26-17.29.12:594][931]LogAudioMixer: Display: Audio Buffer Underrun (starvation) detected.
[2026.04.26-17.29.12:594][931]LogAudioMixer: Display: Audio Buffer Underrun (starvation) detected.
[2026.04.26-17.29.15:074][ 38]LogSlate: Updating window title bar state: overlay mode, drag disabled, window buttons hidden, title bar hidden
[2026.04.26-17.29.15:074][ 38]LogWorld: BeginTearingDown for /Game/Map/UEDPIE_0_MP_Lobby
[2026.04.26-17.29.15:075][ 38]LogWorld: UWorld::CleanupWorld for MP_Lobby, bSessionEnded=true, bCleanupResources=true
[2026.04.26-17.29.15:079][ 38]LogSlate: InvalidateAllWidgets triggered.  All widgets were invalidated
[2026.04.26-17.29.15:100][ 38]LogPlayLevel: Display: Shutting down PIE online subsystems
[2026.04.26-17.29.15:110][ 38]LogSlate: InvalidateAllWidgets triggered.  All widgets were invalidated
[2026.04.26-17.29.15:212][ 38]LogSlate: Updating window title bar state: overlay mode, drag disabled, window buttons hidden, title bar hidden
[2026.04.26-17.29.15:214][ 38]LogAudioMixer: FMixerPlatformXAudio2::StopAudioStream() called
[2026.04.26-17.29.15:217][ 38]LogAudioMixer: FMixerPlatformXAudio2::StopAudioStream() called
[2026.04.26-17.29.15:232][ 38]LogUObjectHash: Compacting FUObjectHashTables data took   8.15ms
[2026.04.26-17.29.15:323][ 39]LogPlayLevel: Display: Destroying online subsystem :Context_30
[2026.04.26-17.29.17:780][117]LogTemp: Repeating last play command: Selected Viewport
[2026.04.26-17.29.17:798][117]LogPlayLevel: PlayLevel: No blueprints needed recompiling
[2026.04.26-17.29.17:799][117]PIE: New page: PIE session: MP_Lobby (26 апр. 2026 г., 21:29:17)
[2026.04.26-17.29.17:799][117]LogPlayLevel: Creating play world package: /Game/Map/UEDPIE_0_MP_Lobby
[2026.04.26-17.29.17:889][117]LogPlayLevel: PIE: StaticDuplicateObject took: (0.089469s)
[2026.04.26-17.29.17:890][117]LogAIModule: Creating AISystem for world MP_Lobby
[2026.04.26-17.29.17:891][117]LogPlayLevel: PIE: World Init took: (0.002505s)
[2026.04.26-17.29.17:891][117]LogPlayLevel: PIE: Created PIE world by copying editor world from /Game/Map/MP_Lobby.MP_Lobby to /Game/Map/UEDPIE_0_MP_Lobby.MP_Lobby (0.092332s)
[2026.04.26-17.29.17:972][117]LogUObjectHash: Compacting FUObjectHashTables data took   5.54ms
[2026.04.26-17.29.17:974][117]LogAudio: Display: Creating Audio Device:                 Id: 15, Scope: Unique, Realtime: True
[2026.04.26-17.29.17:974][117]LogAudioMixer: Display: Audio Mixer Platform Settings:
[2026.04.26-17.29.17:974][117]LogAudioMixer: Display: 	Sample Rate:						  48000
[2026.04.26-17.29.17:974][117]LogAudioMixer: Display: 	Callback Buffer Frame Size Requested: 512
[2026.04.26-17.29.17:974][117]LogAudioMixer: Display: 	Callback Buffer Frame Size To Use:	  512
[2026.04.26-17.29.17:974][117]LogAudioMixer: Display: 	Number of buffers to queue:			  1
[2026.04.26-17.29.17:974][117]LogAudioMixer: Display: 	Max Channels (voices):				  0
[2026.04.26-17.29.17:974][117]LogAudioMixer: Display: 	Number of Async Source Workers:		  4
[2026.04.26-17.29.17:974][117]LogAudio: Display: AudioDevice MaxSources: 32
[2026.04.26-17.29.17:975][117]LogAudio: Display: Audio Spatialization Plugin: None (built-in).
[2026.04.26-17.29.17:975][117]LogAudio: Display: Audio Reverb Plugin: None (built-in).
[2026.04.26-17.29.17:975][117]LogAudio: Display: Audio Occlusion Plugin: None (built-in).
[2026.04.26-17.29.17:975][117]LogAudioMixer: Display: Initializing audio mixer.
[2026.04.26-17.29.17:982][117]LogAudioMixer: Display: 0: FrontLeft
[2026.04.26-17.29.17:982][117]LogAudioMixer: Display: 1: FrontRight
[2026.04.26-17.29.18:000][117]LogAudioMixer: Display: Using Audio Device Voicemeeter VAIO3 Input (VB-Audio Voicemeeter VAIO)
[2026.04.26-17.29.18:000][117]LogAudioMixer: Display: Initializing Sound Submixes...
[2026.04.26-17.29.18:000][117]LogAudioMixer: Display: Creating Master Submix 'MasterSubmixDefault'
[2026.04.26-17.29.18:000][117]LogAudioMixer: Display: Creating Master Submix 'MasterReverbSubmixDefault'
[2026.04.26-17.29.18:001][117]LogAudioMixer: Display: Creating Master Submix 'MasterEQSubmixDefault'
[2026.04.26-17.29.18:001][117]LogAudioMixer: FMixerPlatformXAudio2::StartAudioStream() called
[2026.04.26-17.29.18:002][117]LogAudioMixer: Display: Output buffers initialized: Frames=512, Channels=2, Samples=1024
[2026.04.26-17.29.18:004][117]LogAudioMixer: Display: Starting AudioMixerPlatformInterface::RunInternal()
[2026.04.26-17.29.18:004][117]LogAudioMixer: Display: FMixerPlatformXAudio2::SubmitBuffer() called for the first time
[2026.04.26-17.29.18:004][117]LogInit: FAudioDevice initialized.
[2026.04.26-17.29.18:004][117]LogAudio: Display: Audio Device (ID: 15) registered with world 'MP_Lobby'.
[2026.04.26-17.29.18:005][117]PIE: Warning: UGameViewportClient::AddCursor: Could not load cursor class 'UI_Cursor_C'.
[2026.04.26-17.29.18:023][117]LogLoad: Game class is 'FirstPersonGameMode_C'
[2026.04.26-17.29.18:035][117]LogWorld: Bringing World /Game/Map/UEDPIE_0_MP_Lobby.MP_Lobby up for play (max tick rate 60) at 2026.04.26-19.29.18
[2026.04.26-17.29.18:035][117]LogWorld: Bringing up level for play took: 0.011748
[2026.04.26-17.29.18:035][117]LogOnline: OSS: Creating online subsystem instance for: :Context_31
[2026.04.26-17.29.18:039][117]LogVoiceEncode: Display: EncoderVersion: libopus unknown
[2026.04.26-17.29.18:039][117]LogOnlineVoice: OSS: StopLocalVoiceProcessing(0) returned 0xFFFFFFFF
[2026.04.26-17.29.18:039][117]LogOnlineVoice: OSS: Stopping networked voice for user: 0
[2026.04.26-17.29.18:043][117]PIE: Error: SetInputMode_UIOnly expects a valid player controller as 'PlayerController' target
[2026.04.26-17.29.18:044][117]PIE: Server logged in
[2026.04.26-17.29.18:045][117]PIE: Play in editor total start time 0,249 seconds.
[2026.04.26-17.29.32:265][621]LogAudioMixer: Display: Audio Buffer Underrun (starvation) detected.
[2026.04.26-17.29.32:265][621]LogAudioMixer: Display: Audio Buffer Underrun (starvation) detected.
[2026.04.26-17.29.39:705][838]LogSlate: Updating window title bar state: overlay mode, drag disabled, window buttons hidden, title bar hidden
[2026.04.26-17.29.39:705][838]LogWorld: BeginTearingDown for /Game/Map/UEDPIE_0_MP_Lobby
[2026.04.26-17.29.39:705][838]LogWorld: UWorld::CleanupWorld for MP_Lobby, bSessionEnded=true, bCleanupResources=true
[2026.04.26-17.29.39:708][838]LogSlate: InvalidateAllWidgets triggered.  All widgets were invalidated
[2026.04.26-17.29.39:728][838]LogPlayLevel: Display: Shutting down PIE online subsystems
[2026.04.26-17.29.39:738][838]LogSlate: InvalidateAllWidgets triggered.  All widgets were invalidated
[2026.04.26-17.29.39:844][838]LogSlate: Updating window title bar state: overlay mode, drag disabled, window buttons hidden, title bar hidden
[2026.04.26-17.29.39:847][838]LogAudioMixer: FMixerPlatformXAudio2::StopAudioStream() called
[2026.04.26-17.29.39:850][838]LogAudioMixer: FMixerPlatformXAudio2::StopAudioStream() called
[2026.04.26-17.29.39:864][838]LogUObjectHash: Compacting FUObjectHashTables data took   5.11ms
[2026.04.26-17.29.39:985][839]LogPlayLevel: Display: Destroying online subsystem :Context_31
[2026.04.26-17.29.54:380][414]LogAudioMixer: Display: Audio Buffer Underrun (starvation) detected.
[2026.04.26-17.30.07:961][968]LogAudioMixer: Display: Audio Buffer Underrun (starvation) detected.
[2026.04.26-17.30.16:794][360]LogEditorTransaction: Undo Move Nodes
[2026.04.26-17.30.17:216][360]LogActorComponent: RegisterComponentWithWorld: (/Engine/Transient.World_3:PersistentLevel.AnimationEditorPreviewActor_0.DebugSkelMeshComponent_0) Already registered. Aborting.
[2026.04.26-17.30.17:324][360]LogActorComponent: RegisterComponentWithWorld: (/Engine/Transient.World_7:PersistentLevel.AnimationEditorPreviewActor_0.DebugSkelMeshComponent_0) Already registered. Aborting.
[2026.04.26-17.30.17:579][361]LogEditorTransaction: Undo Add Node
[2026.04.26-17.30.17:924][361]LogActorComponent: RegisterComponentWithWorld: (/Engine/Transient.World_3:PersistentLevel.AnimationEditorPreviewActor_0.DebugSkelMeshComponent_0) Already registered. Aborting.
[2026.04.26-17.30.18:035][361]LogActorComponent: RegisterComponentWithWorld: (/Engine/Transient.World_7:PersistentLevel.AnimationEditorPreviewActor_0.DebugSkelMeshComponent_0) Already registered. Aborting.
[2026.04.26-17.30.19:342][421]LogEditorTransaction: Undo Remove Variable
[2026.04.26-17.30.19:743][421]LogActorComponent: RegisterComponentWithWorld: (/Engine/Transient.World_3:PersistentLevel.AnimationEditorPreviewActor_0.DebugSkelMeshComponent_0) Already registered. Aborting.
[2026.04.26-17.30.19:889][421]LogActorComponent: RegisterComponentWithWorld: (/Engine/Transient.World_7:PersistentLevel.AnimationEditorPreviewActor_0.DebugSkelMeshComponent_0) Already registered. Aborting.
[2026.04.26-17.30.27:400][770]LogEditorTransaction: Undo Remove Variable
[2026.04.26-17.30.27:805][770]LogActorComponent: RegisterComponentWithWorld: (/Engine/Transient.World_3:PersistentLevel.AnimationEditorPreviewActor_0.DebugSkelMeshComponent_0) Already registered. Aborting.
[2026.04.26-17.30.27:929][770]LogActorComponent: RegisterComponentWithWorld: (/Engine/Transient.World_7:PersistentLevel.AnimationEditorPreviewActor_0.DebugSkelMeshComponent_0) Already registered. Aborting.
[2026.04.26-17.30.41:991][376]LogAudioMixer: Display: Audio Buffer Underrun (starvation) detected.
[2026.04.26-17.31.09:514][565]LogAudioMixer: Display: Audio Buffer Underrun (starvation) detected.
[2026.04.26-17.31.39:256][919]LogAudioMixer: Display: Audio Buffer Underrun (starvation) detected.
[2026.04.26-17.31.48:649][295]BlueprintLog: New page: Compile BP_NetworkCharacter
[2026.04.26-17.31.48:875][295]LogUObjectHash: Compacting FUObjectHashTables data took  12.96ms
[2026.04.26-17.32.01:298][696]BlueprintLog: New page: Compile BP_NetworkCharacter
[2026.04.26-17.32.01:520][696]LogUObjectHash: Compacting FUObjectHashTables data took   9.02ms
[2026.04.26-17.32.02:977][731]LogTemp: Repeating last play command: Selected Viewport
[2026.04.26-17.32.02:994][731]LogPlayLevel: PlayLevel: No blueprints needed recompiling
[2026.04.26-17.32.02:994][731]PIE: New page: PIE session: MP_Lobby (26 апр. 2026 г., 21:32:02)
[2026.04.26-17.32.02:994][731]LogPlayLevel: Creating play world package: /Game/Map/UEDPIE_0_MP_Lobby
[2026.04.26-17.32.03:070][731]LogPlayLevel: PIE: StaticDuplicateObject took: (0.074471s)
[2026.04.26-17.32.03:072][731]LogAIModule: Creating AISystem for world MP_Lobby
[2026.04.26-17.32.03:072][731]LogPlayLevel: PIE: World Init took: (0.002736s)
[2026.04.26-17.32.03:073][731]LogPlayLevel: PIE: Created PIE world by copying editor world from /Game/Map/MP_Lobby.MP_Lobby to /Game/Map/UEDPIE_0_MP_Lobby.MP_Lobby (0.077553s)
[2026.04.26-17.32.03:175][731]LogUObjectHash: Compacting FUObjectHashTables data took   7.95ms
[2026.04.26-17.32.03:177][731]LogAudio: Display: Creating Audio Device:                 Id: 16, Scope: Unique, Realtime: True
[2026.04.26-17.32.03:177][731]LogAudioMixer: Display: Audio Mixer Platform Settings:
[2026.04.26-17.32.03:177][731]LogAudioMixer: Display: 	Sample Rate:						  48000
[2026.04.26-17.32.03:177][731]LogAudioMixer: Display: 	Callback Buffer Frame Size Requested: 512
[2026.04.26-17.32.03:177][731]LogAudioMixer: Display: 	Callback Buffer Frame Size To Use:	  512
[2026.04.26-17.32.03:177][731]LogAudioMixer: Display: 	Number of buffers to queue:			  1
[2026.04.26-17.32.03:177][731]LogAudioMixer: Display: 	Max Channels (voices):				  0
[2026.04.26-17.32.03:177][731]LogAudioMixer: Display: 	Number of Async Source Workers:		  4
[2026.04.26-17.32.03:177][731]LogAudio: Display: AudioDevice MaxSources: 32
[2026.04.26-17.32.03:178][731]LogAudio: Display: Audio Spatialization Plugin: None (built-in).
[2026.04.26-17.32.03:178][731]LogAudio: Display: Audio Reverb Plugin: None (built-in).
[2026.04.26-17.32.03:178][731]LogAudio: Display: Audio Occlusion Plugin: None (built-in).
[2026.04.26-17.32.03:178][731]LogAudioMixer: Display: Initializing audio mixer.
[2026.04.26-17.32.03:184][731]LogAudioMixer: Display: 0: FrontLeft
[2026.04.26-17.32.03:184][731]LogAudioMixer: Display: 1: FrontRight
[2026.04.26-17.32.03:201][731]LogAudioMixer: Display: Using Audio Device Voicemeeter VAIO3 Input (VB-Audio Voicemeeter VAIO)
[2026.04.26-17.32.03:201][731]LogAudioMixer: Display: Initializing Sound Submixes...
[2026.04.26-17.32.03:201][731]LogAudioMixer: Display: Creating Master Submix 'MasterSubmixDefault'
[2026.04.26-17.32.03:201][731]LogAudioMixer: Display: Creating Master Submix 'MasterReverbSubmixDefault'
[2026.04.26-17.32.03:202][731]LogAudioMixer: Display: Creating Master Submix 'MasterEQSubmixDefault'
[2026.04.26-17.32.03:202][731]LogAudioMixer: FMixerPlatformXAudio2::StartAudioStream() called
[2026.04.26-17.32.03:202][731]LogAudioMixer: Display: Output buffers initialized: Frames=512, Channels=2, Samples=1024
[2026.04.26-17.32.03:206][731]LogAudioMixer: Display: Starting AudioMixerPlatformInterface::RunInternal()
[2026.04.26-17.32.03:206][731]LogAudioMixer: Display: FMixerPlatformXAudio2::SubmitBuffer() called for the first time
[2026.04.26-17.32.03:206][731]LogInit: FAudioDevice initialized.
[2026.04.26-17.32.03:206][731]LogAudio: Display: Audio Device (ID: 16) registered with world 'MP_Lobby'.
[2026.04.26-17.32.03:206][731]PIE: Warning: UGameViewportClient::AddCursor: Could not load cursor class 'UI_Cursor_C'.
[2026.04.26-17.32.03:217][731]LogLoad: Game class is 'FirstPersonGameMode_C'
[2026.04.26-17.32.03:233][731]LogWorld: Bringing World /Game/Map/UEDPIE_0_MP_Lobby.MP_Lobby up for play (max tick rate 60) at 2026.04.26-19.32.03
[2026.04.26-17.32.03:234][731]LogWorld: Bringing up level for play took: 0.016108
[2026.04.26-17.32.03:234][731]LogOnline: OSS: Creating online subsystem instance for: :Context_32
[2026.04.26-17.32.03:240][731]LogVoiceEncode: Display: EncoderVersion: libopus unknown
[2026.04.26-17.32.03:240][731]LogOnlineVoice: OSS: StopLocalVoiceProcessing(0) returned 0xFFFFFFFF
[2026.04.26-17.32.03:241][731]LogOnlineVoice: OSS: Stopping networked voice for user: 0
[2026.04.26-17.32.03:247][731]PIE: Error: SetInputMode_UIOnly expects a valid player controller as 'PlayerController' target
[2026.04.26-17.32.03:247][731]PIE: Server logged in
[2026.04.26-17.32.03:249][731]PIE: Play in editor total start time 0,256 seconds.
[2026.04.26-17.32.09:430][934]LogAudioMixer: Display: Audio Buffer Underrun (starvation) detected.
[2026.04.26-17.32.09:430][934]LogAudioMixer: Display: Audio Buffer Underrun (starvation) detected.
[2026.04.26-17.32.18:285][232]LogSlate: Updating window title bar state: overlay mode, drag disabled, window buttons hidden, title bar hidden
[2026.04.26-17.32.18:285][232]LogWorld: BeginTearingDown for /Game/Map/UEDPIE_0_MP_Lobby
[2026.04.26-17.32.18:288][232]LogWorld: UWorld::CleanupWorld for MP_Lobby, bSessionEnded=true, bCleanupResources=true
[2026.04.26-17.32.18:291][232]LogSlate: InvalidateAllWidgets triggered.  All widgets were invalidated
[2026.04.26-17.32.18:321][232]LogPlayLevel: Display: Shutting down PIE online subsystems
[2026.04.26-17.32.18:331][232]LogSlate: InvalidateAllWidgets triggered.  All widgets were invalidated
[2026.04.26-17.32.18:414][232]LogAudio: Display: Audio Device unregistered from world 'None'.
[2026.04.26-17.32.18:415][232]LogAudioMixer: FMixerPlatformXAudio2::StopAudioStream() called
[2026.04.26-17.32.18:417][232]LogAudioMixer: FMixerPlatformXAudio2::StopAudioStream() called
[2026.04.26-17.32.18:420][232]LogSlate: Updating window title bar state: overlay mode, drag disabled, window buttons hidden, title bar hidden
[2026.04.26-17.32.18:432][232]LogUObjectHash: Compacting FUObjectHashTables data took   7.02ms
[2026.04.26-17.32.18:523][233]LogPlayLevel: Display: Destroying online subsystem :Context_32
[2026.04.26-17.32.21:614][337]LogAudioMixer: Display: Audio Buffer Underrun (starvation) detected.
[2026.04.26-17.32.34:422][843]LogAudioMixer: Display: Audio Buffer Underrun (starvation) detected.
[2026.04.26-17.32.51:110][415]LogAudioMixer: Display: Audio Buffer Underrun (starvation) detected.
[2026.04.26-17.33.34:239][251]LogAudioMixer: Display: Audio Buffer Underrun (starvation) detected.
[2026.04.26-17.33.42:415][594]BlueprintLog: New page: Compile BP_NetworkCharacter
[2026.04.26-17.33.42:619][594]LogUObjectHash: Compacting FUObjectHashTables data took   7.39ms
[2026.04.26-17.33.43:936][630]LogTemp: Repeating last play command: Selected Viewport
[2026.04.26-17.33.43:952][630]LogPlayLevel: PlayLevel: No blueprints needed recompiling
[2026.04.26-17.33.43:953][630]PIE: New page: PIE session: MP_Lobby (26 апр. 2026 г., 21:33:43)
[2026.04.26-17.33.43:953][630]LogPlayLevel: Creating play world package: /Game/Map/UEDPIE_0_MP_Lobby
[2026.04.26-17.33.44:037][630]LogPlayLevel: PIE: StaticDuplicateObject took: (0.083534s)
[2026.04.26-17.33.44:038][630]LogAIModule: Creating AISystem for world MP_Lobby
[2026.04.26-17.33.44:039][630]LogPlayLevel: PIE: World Init took: (0.001765s)
[2026.04.26-17.33.44:039][630]LogPlayLevel: PIE: Created PIE world by copying editor world from /Game/Map/MP_Lobby.MP_Lobby to /Game/Map/UEDPIE_0_MP_Lobby.MP_Lobby (0.085630s)
[2026.04.26-17.33.44:140][630]LogUObjectHash: Compacting FUObjectHashTables data took   9.56ms
[2026.04.26-17.33.44:142][630]LogAudio: Display: Creating Audio Device:                 Id: 17, Scope: Unique, Realtime: True
[2026.04.26-17.33.44:142][630]LogAudioMixer: Display: Audio Mixer Platform Settings:
[2026.04.26-17.33.44:142][630]LogAudioMixer: Display: 	Sample Rate:						  48000
[2026.04.26-17.33.44:142][630]LogAudioMixer: Display: 	Callback Buffer Frame Size Requested: 512
[2026.04.26-17.33.44:142][630]LogAudioMixer: Display: 	Callback Buffer Frame Size To Use:	  512
[2026.04.26-17.33.44:142][630]LogAudioMixer: Display: 	Number of buffers to queue:			  1
[2026.04.26-17.33.44:142][630]LogAudioMixer: Display: 	Max Channels (voices):				  0
[2026.04.26-17.33.44:142][630]LogAudioMixer: Display: 	Number of Async Source Workers:		  4
[2026.04.26-17.33.44:142][630]LogAudio: Display: AudioDevice MaxSources: 32
[2026.04.26-17.33.44:144][630]LogAudio: Display: Audio Spatialization Plugin: None (built-in).
[2026.04.26-17.33.44:144][630]LogAudio: Display: Audio Reverb Plugin: None (built-in).
[2026.04.26-17.33.44:144][630]LogAudio: Display: Audio Occlusion Plugin: None (built-in).
[2026.04.26-17.33.44:144][630]LogAudioMixer: Display: Initializing audio mixer.
[2026.04.26-17.33.44:150][630]LogAudioMixer: Display: 0: FrontLeft
[2026.04.26-17.33.44:150][630]LogAudioMixer: Display: 1: FrontRight
[2026.04.26-17.33.44:167][630]LogAudioMixer: Display: Using Audio Device Voicemeeter VAIO3 Input (VB-Audio Voicemeeter VAIO)
[2026.04.26-17.33.44:168][630]LogAudioMixer: Display: Initializing Sound Submixes...
[2026.04.26-17.33.44:168][630]LogAudioMixer: Display: Creating Master Submix 'MasterSubmixDefault'
[2026.04.26-17.33.44:168][630]LogAudioMixer: Display: Creating Master Submix 'MasterReverbSubmixDefault'
[2026.04.26-17.33.44:169][630]LogAudioMixer: Display: Creating Master Submix 'MasterEQSubmixDefault'
[2026.04.26-17.33.44:169][630]LogAudioMixer: FMixerPlatformXAudio2::StartAudioStream() called
[2026.04.26-17.33.44:169][630]LogAudioMixer: Display: Output buffers initialized: Frames=512, Channels=2, Samples=1024
[2026.04.26-17.33.44:171][630]LogAudioMixer: Display: Starting AudioMixerPlatformInterface::RunInternal()
[2026.04.26-17.33.44:171][630]LogAudioMixer: Display: FMixerPlatformXAudio2::SubmitBuffer() called for the first time
[2026.04.26-17.33.44:171][630]LogInit: FAudioDevice initialized.
[2026.04.26-17.33.44:171][630]LogAudio: Display: Audio Device (ID: 17) registered with world 'MP_Lobby'.
[2026.04.26-17.33.44:172][630]PIE: Warning: UGameViewportClient::AddCursor: Could not load cursor class 'UI_Cursor_C'.
[2026.04.26-17.33.44:185][630]LogLoad: Game class is 'FirstPersonGameMode_C'
[2026.04.26-17.33.44:199][630]LogWorld: Bringing World /Game/Map/UEDPIE_0_MP_Lobby.MP_Lobby up for play (max tick rate 60) at 2026.04.26-19.33.44
[2026.04.26-17.33.44:200][630]LogWorld: Bringing up level for play took: 0.014417
[2026.04.26-17.33.44:200][630]LogOnline: OSS: Creating online subsystem instance for: :Context_33
[2026.04.26-17.33.44:204][630]LogVoiceEncode: Display: EncoderVersion: libopus unknown
[2026.04.26-17.33.44:204][630]LogOnlineVoice: OSS: StopLocalVoiceProcessing(0) returned 0xFFFFFFFF
[2026.04.26-17.33.44:204][630]LogOnlineVoice: OSS: Stopping networked voice for user: 0
[2026.04.26-17.33.44:212][630]PIE: Error: SetInputMode_UIOnly expects a valid player controller as 'PlayerController' target
[2026.04.26-17.33.44:212][630]PIE: Server logged in
[2026.04.26-17.33.44:214][630]PIE: Play in editor total start time 0,266 seconds.
[2026.04.26-17.33.58:764][156]LogSlate: Updating window title bar state: overlay mode, drag disabled, window buttons hidden, title bar hidden
[2026.04.26-17.33.58:764][156]LogWorld: BeginTearingDown for /Game/Map/UEDPIE_0_MP_Lobby
[2026.04.26-17.33.58:765][156]LogWorld: UWorld::CleanupWorld for MP_Lobby, bSessionEnded=true, bCleanupResources=true
[2026.04.26-17.33.58:768][156]LogSlate: InvalidateAllWidgets triggered.  All widgets were invalidated
[2026.04.26-17.33.58:791][156]LogPlayLevel: Display: Shutting down PIE online subsystems
[2026.04.26-17.33.58:801][156]LogSlate: InvalidateAllWidgets triggered.  All widgets were invalidated
[2026.04.26-17.33.58:884][156]LogAudio: Display: Audio Device unregistered from world 'None'.
[2026.04.26-17.33.58:885][156]LogAudioMixer: FMixerPlatformXAudio2::StopAudioStream() called
[2026.04.26-17.33.58:887][156]LogAudioMixer: FMixerPlatformXAudio2::StopAudioStream() called
[2026.04.26-17.33.58:891][156]LogSlate: Updating window title bar state: overlay mode, drag disabled, window buttons hidden, title bar hidden
[2026.04.26-17.33.58:901][156]LogUObjectHash: Compacting FUObjectHashTables data took   6.35ms
[2026.04.26-17.33.59:009][157]LogPlayLevel: Display: Destroying online subsystem :Context_33
[2026.04.26-17.34.01:057][226]LogAudioMixer: Display: Audio Buffer Underrun (starvation) detected.
[2026.04.26-17.34.29:442][428]LogTemp: Repeating last play command: Selected Viewport
[2026.04.26-17.34.29:458][428]BlueprintLog: New page: Pre-Play auto-recompile
[2026.04.26-17.34.29:460][428]LogPlayLevel: [PlayLevel] Compiling BP_NetworkCharacter before play...
[2026.04.26-17.34.29:710][428]LogUObjectHash: Compacting FUObjectHashTables data took   8.11ms
[2026.04.26-17.34.29:713][428]LogPlayLevel: PlayLevel: Blueprint regeneration took 254 ms (1 blueprints)
[2026.04.26-17.34.29:713][428]PIE: New page: PIE session: MP_Lobby (26 апр. 2026 г., 21:34:29)
[2026.04.26-17.34.29:713][428]LogPlayLevel: Creating play world package: /Game/Map/UEDPIE_0_MP_Lobby
[2026.04.26-17.34.29:771][428]LogPlayLevel: PIE: StaticDuplicateObject took: (0.058229s)
[2026.04.26-17.34.29:772][428]LogAIModule: Creating AISystem for world MP_Lobby
[2026.04.26-17.34.29:773][428]LogPlayLevel: PIE: World Init took: (0.001841s)
[2026.04.26-17.34.29:774][428]LogPlayLevel: PIE: Created PIE world by copying editor world from /Game/Map/MP_Lobby.MP_Lobby to /Game/Map/UEDPIE_0_MP_Lobby.MP_Lobby (0.060309s)
[2026.04.26-17.34.29:857][428]LogUObjectHash: Compacting FUObjectHashTables data took   5.82ms
[2026.04.26-17.34.29:858][428]LogAudio: Display: Creating Audio Device:                 Id: 18, Scope: Unique, Realtime: True
[2026.04.26-17.34.29:858][428]LogAudioMixer: Display: Audio Mixer Platform Settings:
[2026.04.26-17.34.29:858][428]LogAudioMixer: Display: 	Sample Rate:						  48000
[2026.04.26-17.34.29:858][428]LogAudioMixer: Display: 	Callback Buffer Frame Size Requested: 512
[2026.04.26-17.34.29:858][428]LogAudioMixer: Display: 	Callback Buffer Frame Size To Use:	  512
[2026.04.26-17.34.29:858][428]LogAudioMixer: Display: 	Number of buffers to queue:			  1
[2026.04.26-17.34.29:858][428]LogAudioMixer: Display: 	Max Channels (voices):				  0
[2026.04.26-17.34.29:858][428]LogAudioMixer: Display: 	Number of Async Source Workers:		  4
[2026.04.26-17.34.29:858][428]LogAudio: Display: AudioDevice MaxSources: 32
[2026.04.26-17.34.29:859][428]LogAudio: Display: Audio Spatialization Plugin: None (built-in).
[2026.04.26-17.34.29:859][428]LogAudio: Display: Audio Reverb Plugin: None (built-in).
[2026.04.26-17.34.29:859][428]LogAudio: Display: Audio Occlusion Plugin: None (built-in).
[2026.04.26-17.34.29:859][428]LogAudioMixer: Display: Initializing audio mixer.
[2026.04.26-17.34.29:866][428]LogAudioMixer: Display: 0: FrontLeft
[2026.04.26-17.34.29:866][428]LogAudioMixer: Display: 1: FrontRight
[2026.04.26-17.34.29:882][428]LogAudioMixer: Display: Using Audio Device Voicemeeter VAIO3 Input (VB-Audio Voicemeeter VAIO)
[2026.04.26-17.34.29:882][428]LogAudioMixer: Display: Initializing Sound Submixes...
[2026.04.26-17.34.29:882][428]LogAudioMixer: Display: Creating Master Submix 'MasterSubmixDefault'
[2026.04.26-17.34.29:882][428]LogAudioMixer: Display: Creating Master Submix 'MasterReverbSubmixDefault'
[2026.04.26-17.34.29:883][428]LogAudioMixer: Display: Creating Master Submix 'MasterEQSubmixDefault'
[2026.04.26-17.34.29:884][428]LogAudioMixer: FMixerPlatformXAudio2::StartAudioStream() called
[2026.04.26-17.34.29:884][428]LogAudioMixer: Display: Output buffers initialized: Frames=512, Channels=2, Samples=1024
[2026.04.26-17.34.29:885][428]LogAudioMixer: Display: Starting AudioMixerPlatformInterface::RunInternal()
[2026.04.26-17.34.29:885][428]LogAudioMixer: Display: FMixerPlatformXAudio2::SubmitBuffer() called for the first time
[2026.04.26-17.34.29:886][428]LogInit: FAudioDevice initialized.
[2026.04.26-17.34.29:886][428]LogAudio: Display: Audio Device (ID: 18) registered with world 'MP_Lobby'.
[2026.04.26-17.34.29:887][428]PIE: Warning: UGameViewportClient::AddCursor: Could not load cursor class 'UI_Cursor_C'.
[2026.04.26-17.34.29:902][428]LogLoad: Game class is 'FirstPersonGameMode_C'
[2026.04.26-17.34.29:916][428]LogWorld: Bringing World /Game/Map/UEDPIE_0_MP_Lobby.MP_Lobby up for play (max tick rate 60) at 2026.04.26-19.34.29
[2026.04.26-17.34.29:916][428]LogWorld: Bringing up level for play took: 0.012329
[2026.04.26-17.34.29:917][428]LogOnline: OSS: Creating online subsystem instance for: :Context_34
[2026.04.26-17.34.29:923][428]LogVoiceEncode: Display: EncoderVersion: libopus unknown
[2026.04.26-17.34.29:924][428]LogOnlineVoice: OSS: StopLocalVoiceProcessing(0) returned 0xFFFFFFFF
[2026.04.26-17.34.29:924][428]LogOnlineVoice: OSS: Stopping networked voice for user: 0
[2026.04.26-17.34.29:928][428]PIE: Error: SetInputMode_UIOnly expects a valid player controller as 'PlayerController' target
[2026.04.26-17.34.29:929][428]PIE: Server logged in
[2026.04.26-17.34.29:930][428]PIE: Play in editor total start time 0,475 seconds.
[2026.04.26-17.34.30:737][440]LogAudioMixer: Display: Audio Buffer Underrun (starvation) detected.
[2026.04.26-17.34.30:741][440]LogAudioMixer: Display: Audio Buffer Underrun (starvation) detected.
[2026.04.26-17.34.35:728][604]Cmd: ToggleDebugCamera
[2026.04.26-17.34.38:859][709]Cmd: ToggleDebugCamera
[2026.04.26-17.34.40:474][760]Cmd: ToggleDebugCamera
[2026.04.26-17.34.41:845][796]LogSlate: Updating window title bar state: overlay mode, drag disabled, window buttons hidden, title bar hidden
[2026.04.26-17.34.41:845][796]LogWorld: BeginTearingDown for /Game/Map/UEDPIE_0_MP_Lobby
[2026.04.26-17.34.41:847][796]LogWorld: UWorld::CleanupWorld for MP_Lobby, bSessionEnded=true, bCleanupResources=true
[2026.04.26-17.34.41:852][796]LogSlate: InvalidateAllWidgets triggered.  All widgets were invalidated
[2026.04.26-17.34.41:879][796]LogPlayLevel: Display: Shutting down PIE online subsystems
[2026.04.26-17.34.41:891][796]LogSlate: InvalidateAllWidgets triggered.  All widgets were invalidated
[2026.04.26-17.34.42:131][796]LogSlate: Updating window title bar state: overlay mode, drag disabled, window buttons hidden, title bar hidden
[2026.04.26-17.34.42:139][796]LogAudioMixer: FMixerPlatformXAudio2::StopAudioStream() called
[2026.04.26-17.34.42:141][796]LogAudioMixer: FMixerPlatformXAudio2::StopAudioStream() called
[2026.04.26-17.34.42:158][796]LogUObjectHash: Compacting FUObjectHashTables data took   8.49ms
[2026.04.26-17.34.42:259][797]LogPlayLevel: Display: Destroying online subsystem :Context_34
[2026.04.26-17.34.47:659][ 43]LogAudioMixer: Display: Audio Buffer Underrun (starvation) detected.
[2026.04.26-17.34.57:623][520]LogAudioMixer: Display: Audio Buffer Underrun (starvation) detected.
[2026.04.26-17.35.14:322][302]LogAudioMixer: Display: Audio Buffer Underrun (starvation) detected.
[2026.04.26-17.35.34:933][270]BlueprintLog: New page: Compile BP_NetworkCharacter
[2026.04.26-17.35.35:142][270]LogUObjectHash: Compacting FUObjectHashTables data took   6.62ms
[2026.04.26-17.35.36:401][302]LogTemp: Repeating last play command: Selected Viewport
[2026.04.26-17.35.36:419][302]LogPlayLevel: PlayLevel: No blueprints needed recompiling
[2026.04.26-17.35.36:419][302]PIE: New page: PIE session: MP_Lobby (26 апр. 2026 г., 21:35:36)
[2026.04.26-17.35.36:419][302]LogPlayLevel: Creating play world package: /Game/Map/UEDPIE_0_MP_Lobby
[2026.04.26-17.35.36:511][302]LogPlayLevel: PIE: StaticDuplicateObject took: (0.092063s)
[2026.04.26-17.35.36:512][302]LogAIModule: Creating AISystem for world MP_Lobby
[2026.04.26-17.35.36:514][302]LogPlayLevel: PIE: World Init took: (0.003272s)
[2026.04.26-17.35.36:515][302]LogPlayLevel: PIE: Created PIE world by copying editor world from /Game/Map/MP_Lobby.MP_Lobby to /Game/Map/UEDPIE_0_MP_Lobby.MP_Lobby (0.095905s)
[2026.04.26-17.35.36:605][302]LogUObjectHash: Compacting FUObjectHashTables data took   7.98ms
[2026.04.26-17.35.36:606][302]LogAudio: Display: Creating Audio Device:                 Id: 19, Scope: Unique, Realtime: True
[2026.04.26-17.35.36:606][302]LogAudioMixer: Display: Audio Mixer Platform Settings:
[2026.04.26-17.35.36:606][302]LogAudioMixer: Display: 	Sample Rate:						  48000
[2026.04.26-17.35.36:606][302]LogAudioMixer: Display: 	Callback Buffer Frame Size Requested: 512
[2026.04.26-17.35.36:606][302]LogAudioMixer: Display: 	Callback Buffer Frame Size To Use:	  512
[2026.04.26-17.35.36:606][302]LogAudioMixer: Display: 	Number of buffers to queue:			  1
[2026.04.26-17.35.36:606][302]LogAudioMixer: Display: 	Max Channels (voices):				  0
[2026.04.26-17.35.36:606][302]LogAudioMixer: Display: 	Number of Async Source Workers:		  4
[2026.04.26-17.35.36:606][302]LogAudio: Display: AudioDevice MaxSources: 32
[2026.04.26-17.35.36:608][302]LogAudio: Display: Audio Spatialization Plugin: None (built-in).
[2026.04.26-17.35.36:608][302]LogAudio: Display: Audio Reverb Plugin: None (built-in).
[2026.04.26-17.35.36:608][302]LogAudio: Display: Audio Occlusion Plugin: None (built-in).
[2026.04.26-17.35.36:608][302]LogAudioMixer: Display: Initializing audio mixer.
[2026.04.26-17.35.36:617][302]LogAudioMixer: Display: 0: FrontLeft
[2026.04.26-17.35.36:617][302]LogAudioMixer: Display: 1: FrontRight
[2026.04.26-17.35.36:634][302]LogAudioMixer: Display: Using Audio Device Voicemeeter VAIO3 Input (VB-Audio Voicemeeter VAIO)
[2026.04.26-17.35.36:634][302]LogAudioMixer: Display: Initializing Sound Submixes...
[2026.04.26-17.35.36:634][302]LogAudioMixer: Display: Creating Master Submix 'MasterSubmixDefault'
[2026.04.26-17.35.36:634][302]LogAudioMixer: Display: Creating Master Submix 'MasterReverbSubmixDefault'
[2026.04.26-17.35.36:635][302]LogAudioMixer: Display: Creating Master Submix 'MasterEQSubmixDefault'
[2026.04.26-17.35.36:635][302]LogAudioMixer: FMixerPlatformXAudio2::StartAudioStream() called
[2026.04.26-17.35.36:635][302]LogAudioMixer: Display: Output buffers initialized: Frames=512, Channels=2, Samples=1024
[2026.04.26-17.35.36:637][302]LogAudioMixer: Display: Starting AudioMixerPlatformInterface::RunInternal()
[2026.04.26-17.35.36:637][302]LogAudioMixer: Display: FMixerPlatformXAudio2::SubmitBuffer() called for the first time
[2026.04.26-17.35.36:637][302]LogInit: FAudioDevice initialized.
[2026.04.26-17.35.36:637][302]LogAudio: Display: Audio Device (ID: 19) registered with world 'MP_Lobby'.
[2026.04.26-17.35.36:638][302]PIE: Warning: UGameViewportClient::AddCursor: Could not load cursor class 'UI_Cursor_C'.
[2026.04.26-17.35.36:654][302]LogLoad: Game class is 'FirstPersonGameMode_C'
[2026.04.26-17.35.36:667][302]LogWorld: Bringing World /Game/Map/UEDPIE_0_MP_Lobby.MP_Lobby up for play (max tick rate 60) at 2026.04.26-19.35.36
[2026.04.26-17.35.36:668][302]LogWorld: Bringing up level for play took: 0.012039
[2026.04.26-17.35.36:668][302]LogOnline: OSS: Creating online subsystem instance for: :Context_35
[2026.04.26-17.35.36:671][302]LogVoiceEncode: Display: EncoderVersion: libopus unknown
[2026.04.26-17.35.36:672][302]LogOnlineVoice: OSS: StopLocalVoiceProcessing(0) returned 0xFFFFFFFF
[2026.04.26-17.35.36:672][302]LogOnlineVoice: OSS: Stopping networked voice for user: 0
[2026.04.26-17.35.36:679][302]PIE: Error: SetInputMode_UIOnly expects a valid player controller as 'PlayerController' target
[2026.04.26-17.35.36:679][302]PIE: Server logged in
[2026.04.26-17.35.36:680][302]PIE: Play in editor total start time 0,265 seconds.
[2026.04.26-17.35.39:403][405]LogAudioMixer: Display: Audio Buffer Underrun (starvation) detected.
[2026.04.26-17.35.39:403][405]LogAudioMixer: Display: Audio Buffer Underrun (starvation) detected.
[2026.04.26-17.35.49:495][846]LogSlate: Updating window title bar state: overlay mode, drag disabled, window buttons hidden, title bar hidden
[2026.04.26-17.35.49:495][846]LogWorld: BeginTearingDown for /Game/Map/UEDPIE_0_MP_Lobby
[2026.04.26-17.35.49:496][846]LogWorld: UWorld::CleanupWorld for MP_Lobby, bSessionEnded=true, bCleanupResources=true
[2026.04.26-17.35.49:498][846]LogSlate: InvalidateAllWidgets triggered.  All widgets were invalidated
[2026.04.26-17.35.49:529][846]LogPlayLevel: Display: Shutting down PIE online subsystems
[2026.04.26-17.35.49:540][846]LogSlate: InvalidateAllWidgets triggered.  All widgets were invalidated
[2026.04.26-17.35.49:628][846]LogAudio: Display: Audio Device unregistered from world 'None'.
[2026.04.26-17.35.49:628][846]LogAudioMixer: FMixerPlatformXAudio2::StopAudioStream() called
[2026.04.26-17.35.49:630][846]LogAudioMixer: FMixerPlatformXAudio2::StopAudioStream() called
[2026.04.26-17.35.49:633][846]LogSlate: Updating window title bar state: overlay mode, drag disabled, window buttons hidden, title bar hidden
[2026.04.26-17.35.49:647][846]LogUObjectHash: Compacting FUObjectHashTables data took   5.77ms
[2026.04.26-17.35.49:735][847]LogPlayLevel: Display: Destroying online subsystem :Context_35
[2026.04.26-17.35.54:360][ 25]BlueprintLog: New page: Compile BP_NetworkCharacter
[2026.04.26-17.35.54:607][ 25]LogUObjectHash: Compacting FUObjectHashTables data took   8.85ms
[2026.04.26-17.36.06:715][406]LogAudioMixer: Display: Audio Buffer Underrun (starvation) detected.
[2026.04.26-17.36.24:418][ 34]LogAudioMixer: Display: Audio Buffer Underrun (starvation) detected.
[2026.04.26-17.36.28:451][191]LogTemp: Repeating last play command: Selected Viewport
[2026.04.26-17.36.28:473][191]LogPlayLevel: PlayLevel: No blueprints needed recompiling
[2026.04.26-17.36.28:473][191]PIE: New page: PIE session: MP_Lobby (26 апр. 2026 г., 21:36:28)
[2026.04.26-17.36.28:473][191]LogPlayLevel: Creating play world package: /Game/Map/UEDPIE_0_MP_Lobby
[2026.04.26-17.36.28:552][191]LogPlayLevel: PIE: StaticDuplicateObject took: (0.078950s)
[2026.04.26-17.36.28:554][191]LogAIModule: Creating AISystem for world MP_Lobby
[2026.04.26-17.36.28:554][191]LogPlayLevel: PIE: World Init took: (0.002173s)
[2026.04.26-17.36.28:554][191]LogPlayLevel: PIE: Created PIE world by copying editor world from /Game/Map/MP_Lobby.MP_Lobby to /Game/Map/UEDPIE_0_MP_Lobby.MP_Lobby (0.081532s)
[2026.04.26-17.36.28:643][191]LogUObjectHash: Compacting FUObjectHashTables data took   7.89ms
[2026.04.26-17.36.28:646][191]LogAudio: Display: Creating Audio Device:                 Id: 20, Scope: Unique, Realtime: True
[2026.04.26-17.36.28:646][191]LogAudioMixer: Display: Audio Mixer Platform Settings:
[2026.04.26-17.36.28:646][191]LogAudioMixer: Display: 	Sample Rate:						  48000
[2026.04.26-17.36.28:646][191]LogAudioMixer: Display: 	Callback Buffer Frame Size Requested: 512
[2026.04.26-17.36.28:646][191]LogAudioMixer: Display: 	Callback Buffer Frame Size To Use:	  512
[2026.04.26-17.36.28:646][191]LogAudioMixer: Display: 	Number of buffers to queue:			  1
[2026.04.26-17.36.28:646][191]LogAudioMixer: Display: 	Max Channels (voices):				  0
[2026.04.26-17.36.28:646][191]LogAudioMixer: Display: 	Number of Async Source Workers:		  4
[2026.04.26-17.36.28:646][191]LogAudio: Display: AudioDevice MaxSources: 32
[2026.04.26-17.36.28:647][191]LogAudio: Display: Audio Spatialization Plugin: None (built-in).
[2026.04.26-17.36.28:647][191]LogAudio: Display: Audio Reverb Plugin: None (built-in).
[2026.04.26-17.36.28:647][191]LogAudio: Display: Audio Occlusion Plugin: None (built-in).
[2026.04.26-17.36.28:647][191]LogAudioMixer: Display: Initializing audio mixer.
[2026.04.26-17.36.28:658][191]LogAudioMixer: Display: 0: FrontLeft
[2026.04.26-17.36.28:659][191]LogAudioMixer: Display: 1: FrontRight
[2026.04.26-17.36.28:678][191]LogAudioMixer: Display: Using Audio Device Voicemeeter VAIO3 Input (VB-Audio Voicemeeter VAIO)
[2026.04.26-17.36.28:679][191]LogAudioMixer: Display: Initializing Sound Submixes...
[2026.04.26-17.36.28:679][191]LogAudioMixer: Display: Creating Master Submix 'MasterSubmixDefault'
[2026.04.26-17.36.28:679][191]LogAudioMixer: Display: Creating Master Submix 'MasterReverbSubmixDefault'
[2026.04.26-17.36.28:679][191]LogAudioMixer: Display: Creating Master Submix 'MasterEQSubmixDefault'
[2026.04.26-17.36.28:681][191]LogAudioMixer: FMixerPlatformXAudio2::StartAudioStream() called
[2026.04.26-17.36.28:681][191]LogAudioMixer: Display: Output buffers initialized: Frames=512, Channels=2, Samples=1024
[2026.04.26-17.36.28:684][191]LogAudioMixer: Display: Starting AudioMixerPlatformInterface::RunInternal()
[2026.04.26-17.36.28:684][191]LogAudioMixer: Display: FMixerPlatformXAudio2::SubmitBuffer() called for the first time
[2026.04.26-17.36.28:684][191]LogInit: FAudioDevice initialized.
[2026.04.26-17.36.28:684][191]LogAudio: Display: Audio Device (ID: 20) registered with world 'MP_Lobby'.
[2026.04.26-17.36.28:684][191]PIE: Warning: UGameViewportClient::AddCursor: Could not load cursor class 'UI_Cursor_C'.
[2026.04.26-17.36.28:697][191]LogLoad: Game class is 'FirstPersonGameMode_C'
[2026.04.26-17.36.28:709][191]LogWorld: Bringing World /Game/Map/UEDPIE_0_MP_Lobby.MP_Lobby up for play (max tick rate 60) at 2026.04.26-19.36.28
[2026.04.26-17.36.28:709][191]LogWorld: Bringing up level for play took: 0.011890
[2026.04.26-17.36.28:709][191]LogOnline: OSS: Creating online subsystem instance for: :Context_36
[2026.04.26-17.36.28:714][191]LogVoiceEncode: Display: EncoderVersion: libopus unknown
[2026.04.26-17.36.28:714][191]LogOnlineVoice: OSS: StopLocalVoiceProcessing(0) returned 0xFFFFFFFF
[2026.04.26-17.36.28:714][191]LogOnlineVoice: OSS: Stopping networked voice for user: 0
[2026.04.26-17.36.28:723][191]PIE: Error: SetInputMode_UIOnly expects a valid player controller as 'PlayerController' target
[2026.04.26-17.36.28:724][191]PIE: Server logged in
[2026.04.26-17.36.28:724][191]PIE: Play in editor total start time 0,255 seconds.
[2026.04.26-17.36.38:441][517]LogAudioMixer: Display: Audio Buffer Underrun (starvation) detected.
[2026.04.26-17.36.52:204][933]LogSlate: Updating window title bar state: overlay mode, drag disabled, window buttons hidden, title bar hidden
[2026.04.26-17.36.52:205][933]LogWorld: BeginTearingDown for /Game/Map/UEDPIE_0_MP_Lobby
[2026.04.26-17.36.52:205][933]LogWorld: UWorld::CleanupWorld for MP_Lobby, bSessionEnded=true, bCleanupResources=true
[2026.04.26-17.36.52:209][933]LogSlate: InvalidateAllWidgets triggered.  All widgets were invalidated
[2026.04.26-17.36.52:249][933]LogPlayLevel: Display: Shutting down PIE online subsystems
[2026.04.26-17.36.52:261][933]LogSlate: InvalidateAllWidgets triggered.  All widgets were invalidated
[2026.04.26-17.36.52:348][933]LogAudio: Display: Audio Device unregistered from world 'None'.
[2026.04.26-17.36.52:349][933]LogAudioMixer: FMixerPlatformXAudio2::StopAudioStream() called
[2026.04.26-17.36.52:352][933]LogAudioMixer: FMixerPlatformXAudio2::StopAudioStream() called
[2026.04.26-17.36.52:356][933]LogSlate: Updating window title bar state: overlay mode, drag disabled, window buttons hidden, title bar hidden
[2026.04.26-17.36.52:365][933]LogUObjectHash: Compacting FUObjectHashTables data took   5.52ms
[2026.04.26-17.36.52:470][934]LogPlayLevel: Display: Destroying online subsystem :Context_36
[2026.04.26-17.37.00:537][226]LogAudioMixer: Display: Audio Buffer Underrun (starvation) detected.
[2026.04.26-17.37.19:667][922]BlueprintLog: New page: Compile BP_NetworkCharacter
[2026.04.26-17.37.19:856][922]LogUObjectHash: Compacting FUObjectHashTables data took   6.17ms
[2026.04.26-17.37.24:489][103]LogTemp: Repeating last play command: Selected Viewport
[2026.04.26-17.37.24:504][103]LogPlayLevel: PlayLevel: No blueprints needed recompiling
[2026.04.26-17.37.24:505][103]PIE: New page: PIE session: MP_Lobby (26 апр. 2026 г., 21:37:24)
[2026.04.26-17.37.24:505][103]LogPlayLevel: Creating play world package: /Game/Map/UEDPIE_0_MP_Lobby
[2026.04.26-17.37.24:587][103]LogPlayLevel: PIE: StaticDuplicateObject took: (0.081807s)
[2026.04.26-17.37.24:589][103]LogAIModule: Creating AISystem for world MP_Lobby
[2026.04.26-17.37.24:589][103]LogPlayLevel: PIE: World Init took: (0.002165s)
[2026.04.26-17.37.24:589][103]LogPlayLevel: PIE: Created PIE world by copying editor world from /Game/Map/MP_Lobby.MP_Lobby to /Game/Map/UEDPIE_0_MP_Lobby.MP_Lobby (0.084248s)
[2026.04.26-17.37.24:684][103]LogUObjectHash: Compacting FUObjectHashTables data took   9.92ms
[2026.04.26-17.37.24:684][103]LogAudio: Display: Creating Audio Device:                 Id: 21, Scope: Unique, Realtime: True
[2026.04.26-17.37.24:685][103]LogAudioMixer: Display: Audio Mixer Platform Settings:
[2026.04.26-17.37.24:685][103]LogAudioMixer: Display: 	Sample Rate:						  48000
[2026.04.26-17.37.24:685][103]LogAudioMixer: Display: 	Callback Buffer Frame Size Requested: 512
[2026.04.26-17.37.24:685][103]LogAudioMixer: Display: 	Callback Buffer Frame Size To Use:	  512
[2026.04.26-17.37.24:685][103]LogAudioMixer: Display: 	Number of buffers to queue:			  1
[2026.04.26-17.37.24:685][103]LogAudioMixer: Display: 	Max Channels (voices):				  0
[2026.04.26-17.37.24:685][103]LogAudioMixer: Display: 	Number of Async Source Workers:		  4
[2026.04.26-17.37.24:685][103]LogAudio: Display: AudioDevice MaxSources: 32
[2026.04.26-17.37.24:686][103]LogAudio: Display: Audio Spatialization Plugin: None (built-in).
[2026.04.26-17.37.24:686][103]LogAudio: Display: Audio Reverb Plugin: None (built-in).
[2026.04.26-17.37.24:686][103]LogAudio: Display: Audio Occlusion Plugin: None (built-in).
[2026.04.26-17.37.24:686][103]LogAudioMixer: Display: Initializing audio mixer.
[2026.04.26-17.37.24:693][103]LogAudioMixer: Display: 0: FrontLeft
[2026.04.26-17.37.24:693][103]LogAudioMixer: Display: 1: FrontRight
[2026.04.26-17.37.24:712][103]LogAudioMixer: Display: Using Audio Device Voicemeeter VAIO3 Input (VB-Audio Voicemeeter VAIO)
[2026.04.26-17.37.24:713][103]LogAudioMixer: Display: Initializing Sound Submixes...
[2026.04.26-17.37.24:713][103]LogAudioMixer: Display: Creating Master Submix 'MasterSubmixDefault'
[2026.04.26-17.37.24:713][103]LogAudioMixer: Display: Creating Master Submix 'MasterReverbSubmixDefault'
[2026.04.26-17.37.24:714][103]LogAudioMixer: Display: Creating Master Submix 'MasterEQSubmixDefault'
[2026.04.26-17.37.24:714][103]LogAudioMixer: FMixerPlatformXAudio2::StartAudioStream() called
[2026.04.26-17.37.24:714][103]LogAudioMixer: Display: Output buffers initialized: Frames=512, Channels=2, Samples=1024
[2026.04.26-17.37.24:717][103]LogAudioMixer: Display: Starting AudioMixerPlatformInterface::RunInternal()
[2026.04.26-17.37.24:717][103]LogAudioMixer: Display: FMixerPlatformXAudio2::SubmitBuffer() called for the first time
[2026.04.26-17.37.24:717][103]LogInit: FAudioDevice initialized.
[2026.04.26-17.37.24:717][103]LogAudio: Display: Audio Device (ID: 21) registered with world 'MP_Lobby'.
[2026.04.26-17.37.24:718][103]PIE: Warning: UGameViewportClient::AddCursor: Could not load cursor class 'UI_Cursor_C'.
[2026.04.26-17.37.24:735][103]LogLoad: Game class is 'FirstPersonGameMode_C'
[2026.04.26-17.37.24:751][103]LogWorld: Bringing World /Game/Map/UEDPIE_0_MP_Lobby.MP_Lobby up for play (max tick rate 60) at 2026.04.26-19.37.24
[2026.04.26-17.37.24:752][103]LogWorld: Bringing up level for play took: 0.016032
[2026.04.26-17.37.24:752][103]LogOnline: OSS: Creating online subsystem instance for: :Context_37
[2026.04.26-17.37.24:757][103]LogVoiceEncode: Display: EncoderVersion: libopus unknown
[2026.04.26-17.37.24:757][103]LogOnlineVoice: OSS: StopLocalVoiceProcessing(0) returned 0xFFFFFFFF
[2026.04.26-17.37.24:757][103]LogOnlineVoice: OSS: Stopping networked voice for user: 0
[2026.04.26-17.37.24:763][103]PIE: Error: SetInputMode_UIOnly expects a valid player controller as 'PlayerController' target
[2026.04.26-17.37.24:763][103]PIE: Server logged in
[2026.04.26-17.37.24:765][103]PIE: Play in editor total start time 0,263 seconds.
[2026.04.26-17.37.26:711][152]LogAudioMixer: Display: Audio Buffer Underrun (starvation) detected.
[2026.04.26-17.37.32:035][314]LogSlate: Updating window title bar state: overlay mode, drag disabled, window buttons hidden, title bar hidden
[2026.04.26-17.37.32:035][314]LogWorld: BeginTearingDown for /Game/Map/UEDPIE_0_MP_Lobby
[2026.04.26-17.37.32:036][314]LogWorld: UWorld::CleanupWorld for MP_Lobby, bSessionEnded=true, bCleanupResources=true
[2026.04.26-17.37.32:039][314]LogSlate: InvalidateAllWidgets triggered.  All widgets were invalidated
[2026.04.26-17.37.32:062][314]LogPlayLevel: Display: Shutting down PIE online subsystems
[2026.04.26-17.37.32:077][314]LogSlate: InvalidateAllWidgets triggered.  All widgets were invalidated
[2026.04.26-17.37.32:184][314]LogAudio: Display: Audio Device unregistered from world 'None'.
[2026.04.26-17.37.32:184][314]LogAudioMixer: FMixerPlatformXAudio2::StopAudioStream() called
[2026.04.26-17.37.32:186][314]LogAudioMixer: FMixerPlatformXAudio2::StopAudioStream() called
[2026.04.26-17.37.32:190][314]LogSlate: Updating window title bar state: overlay mode, drag disabled, window buttons hidden, title bar hidden
[2026.04.26-17.37.32:201][314]LogUObjectHash: Compacting FUObjectHashTables data took   6.01ms
[2026.04.26-17.37.32:302][315]LogPlayLevel: Display: Destroying online subsystem :Context_37
[2026.04.26-17.37.41:772][637]BlueprintLog: New page: Compile BP_NetworkCharacter
[2026.04.26-17.37.41:962][637]LogUObjectHash: Compacting FUObjectHashTables data took   7.58ms
[2026.04.26-17.38.00:334][325]LogAudioMixer: Display: Audio Buffer Underrun (starvation) detected.
[2026.04.26-17.38.24:230][524]LogAudioMixer: Display: Audio Buffer Underrun (starvation) detected.
[2026.04.26-17.38.30:294][524]LogSlate: Window 'Create New Blueprint' being destroyed
[2026.04.26-17.38.30:360][524]LogAssetEditorSubsystem: Opening Asset editor for Blueprint /Game/BaseMultiplayer/GameModes/Default/BP_DefaultController.BP_DefaultController
[2026.04.26-17.38.34:656][662]LogUObjectHash: Compacting FUObjectHashTables data took  12.96ms
[2026.04.26-17.38.34:658][662]LogFileHelpers: Editor autosave (incl. external actors) for '/Game/Map/MP_Lobby' took 0.134
[2026.04.26-17.38.34:661][662]OBJ SavePackage: Generating thumbnails for [2] asset(s) in package [/Game/Items/Cosmetics/BP_Cont/BP_PlayerCosmeticmesh] ([2] browsable assets)...
[2026.04.26-17.38.34:706][662]OBJ SavePackage:     Rendered thumbnail for [Blueprint /Game/Items/Cosmetics/BP_Cont/BP_PlayerCosmeticmesh.BP_PlayerCosmeticmesh]
[2026.04.26-17.38.34:706][662]OBJ SavePackage: Finished generating thumbnails for package [/Game/Items/Cosmetics/BP_Cont/BP_PlayerCosmeticmesh]
[2026.04.26-17.38.34:760][662]LogSavePackage: Moving '../../../../../../LastStep/PROJECT-LAST-STEP/Playtime_Multiplayer/Saved/BP_PlayerCosmeticmesh_Auto2D0EF0860427508546A4FF399249A3EC2.tmp' to '../../../../../../LastStep/PROJECT-LAST-STEP/Playtime_Multiplayer/Saved/Autosaves/Game/Items/Cosmetics/BP_Cont/BP_PlayerCosmeticmesh_Auto2.uasset'
[2026.04.26-17.38.34:772][662]OBJ SavePackage: Generating thumbnails for [0] asset(s) in package [/Game/Player/BP_NetworkCharacter] ([4] browsable assets)...
[2026.04.26-17.38.34:772][662]OBJ SavePackage: Finished generating thumbnails for package [/Game/Player/BP_NetworkCharacter]
[2026.04.26-17.38.34:924][662]LogSavePackage: Moving '../../../../../../LastStep/PROJECT-LAST-STEP/Playtime_Multiplayer/Saved/BP_NetworkCharacter_Auto2731BA4DD4F5EB243A2FA2B87E09F56E1.tmp' to '../../../../../../LastStep/PROJECT-LAST-STEP/Playtime_Multiplayer/Saved/Autosaves/Game/Player/BP_NetworkCharacter_Auto2.uasset'
[2026.04.26-17.38.34:937][662]OBJ SavePackage: Generating thumbnails for [0] asset(s) in package [/Game/FirstPerson/FirstPersonBP/Blueprints/FirstPersonGameMode] ([2] browsable assets)...
[2026.04.26-17.38.34:937][662]OBJ SavePackage: Finished generating thumbnails for package [/Game/FirstPerson/FirstPersonBP/Blueprints/FirstPersonGameMode]
[2026.04.26-17.38.34:954][662]LogSavePackage: Moving '../../../../../../LastStep/PROJECT-LAST-STEP/Playtime_Multiplayer/Saved/FirstPersonGameMode_Auto217F20BEC4E7F17A92F9102A12E38A244.tmp' to '../../../../../../LastStep/PROJECT-LAST-STEP/Playtime_Multiplayer/Saved/Autosaves/Game/FirstPerson/FirstPersonBP/Blueprints/FirstPersonGameMode_Auto2.uasset'
[2026.04.26-17.38.34:956][662]LogFileHelpers: Auto-saving content packages took 0.298
[2026.04.26-17.38.55:538][489]LogAudioMixer: Display: Audio Buffer Underrun (starvation) detected.
[2026.04.26-17.39.25:521][971]LogAudioMixer: Display: Audio Buffer Underrun (starvation) detected.
[2026.04.26-17.39.44:219][751]LogAudioMixer: Display: Audio Buffer Underrun (starvation) detected.
[2026.04.26-17.40.05:398][697]LogAudioMixer: Display: Audio Buffer Underrun (starvation) detected.
[2026.04.26-17.40.40:789][214]LogAudioMixer: Display: Audio Buffer Underrun (starvation) detected.
[2026.04.26-17.40.42:968][283]LogTemp: Repeating last play command: Selected Viewport
[2026.04.26-17.40.42:985][283]BlueprintLog: New page: Pre-Play auto-recompile
[2026.04.26-17.40.42:988][283]LogPlayLevel: [PlayLevel] Compiling BP_NetworkCharacter before play...
[2026.04.26-17.40.43:160][283]LogPlayLevel: [PlayLevel] Compiling FirstPersonGameMode before play...
[2026.04.26-17.40.43:168][283]LogPlayLevel: [PlayLevel] Compiling BP_DefaultController before play...
[2026.04.26-17.40.43:361][283]LogUObjectHash: Compacting FUObjectHashTables data took   8.35ms
[2026.04.26-17.40.43:363][283]LogPlayLevel: PlayLevel: Blueprint regeneration took 378 ms (3 blueprints)
[2026.04.26-17.40.43:363][283]PIE: New page: PIE session: MP_Lobby (26 апр. 2026 г., 21:40:43)
[2026.04.26-17.40.43:369][283]LogPlayLevel: Creating play world package: /Game/Map/UEDPIE_0_MP_Lobby
[2026.04.26-17.40.43:439][283]LogPlayLevel: PIE: StaticDuplicateObject took: (0.070346s)
[2026.04.26-17.40.43:441][283]LogAIModule: Creating AISystem for world MP_Lobby
[2026.04.26-17.40.43:441][283]LogPlayLevel: PIE: World Init took: (0.001936s)
[2026.04.26-17.40.43:442][283]LogPlayLevel: PIE: Created PIE world by copying editor world from /Game/Map/MP_Lobby.MP_Lobby to /Game/Map/UEDPIE_0_MP_Lobby.MP_Lobby (0.072834s)
[2026.04.26-17.40.43:529][283]LogUObjectHash: Compacting FUObjectHashTables data took   6.41ms
[2026.04.26-17.40.43:531][283]LogAudio: Display: Creating Audio Device:                 Id: 22, Scope: Unique, Realtime: True
[2026.04.26-17.40.43:531][283]LogAudioMixer: Display: Audio Mixer Platform Settings:
[2026.04.26-17.40.43:531][283]LogAudioMixer: Display: 	Sample Rate:						  48000
[2026.04.26-17.40.43:531][283]LogAudioMixer: Display: 	Callback Buffer Frame Size Requested: 512
[2026.04.26-17.40.43:531][283]LogAudioMixer: Display: 	Callback Buffer Frame Size To Use:	  512
[2026.04.26-17.40.43:531][283]LogAudioMixer: Display: 	Number of buffers to queue:			  1
[2026.04.26-17.40.43:531][283]LogAudioMixer: Display: 	Max Channels (voices):				  0
[2026.04.26-17.40.43:531][283]LogAudioMixer: Display: 	Number of Async Source Workers:		  4
[2026.04.26-17.40.43:531][283]LogAudio: Display: AudioDevice MaxSources: 32
[2026.04.26-17.40.43:533][283]LogAudio: Display: Audio Spatialization Plugin: None (built-in).
[2026.04.26-17.40.43:533][283]LogAudio: Display: Audio Reverb Plugin: None (built-in).
[2026.04.26-17.40.43:533][283]LogAudio: Display: Audio Occlusion Plugin: None (built-in).
[2026.04.26-17.40.43:533][283]LogAudioMixer: Display: Initializing audio mixer.
[2026.04.26-17.40.43:542][283]LogAudioMixer: Display: 0: FrontLeft
[2026.04.26-17.40.43:542][283]LogAudioMixer: Display: 1: FrontRight
[2026.04.26-17.40.43:560][283]LogAudioMixer: Display: Using Audio Device Voicemeeter VAIO3 Input (VB-Audio Voicemeeter VAIO)
[2026.04.26-17.40.43:560][283]LogAudioMixer: Display: Initializing Sound Submixes...
[2026.04.26-17.40.43:560][283]LogAudioMixer: Display: Creating Master Submix 'MasterSubmixDefault'
[2026.04.26-17.40.43:560][283]LogAudioMixer: Display: Creating Master Submix 'MasterReverbSubmixDefault'
[2026.04.26-17.40.43:561][283]LogAudioMixer: Display: Creating Master Submix 'MasterEQSubmixDefault'
[2026.04.26-17.40.43:561][283]LogAudioMixer: FMixerPlatformXAudio2::StartAudioStream() called
[2026.04.26-17.40.43:561][283]LogAudioMixer: Display: Output buffers initialized: Frames=512, Channels=2, Samples=1024
[2026.04.26-17.40.43:563][283]LogAudioMixer: Display: Starting AudioMixerPlatformInterface::RunInternal()
[2026.04.26-17.40.43:563][283]LogAudioMixer: Display: FMixerPlatformXAudio2::SubmitBuffer() called for the first time
[2026.04.26-17.40.43:563][283]LogInit: FAudioDevice initialized.
[2026.04.26-17.40.43:563][283]LogAudio: Display: Audio Device (ID: 22) registered with world 'MP_Lobby'.
[2026.04.26-17.40.43:563][283]PIE: Warning: UGameViewportClient::AddCursor: Could not load cursor class 'UI_Cursor_C'.
[2026.04.26-17.40.43:578][283]LogLoad: Game class is 'FirstPersonGameMode_C'
[2026.04.26-17.40.43:591][283]LogWorld: Bringing World /Game/Map/UEDPIE_0_MP_Lobby.MP_Lobby up for play (max tick rate 60) at 2026.04.26-19.40.43
[2026.04.26-17.40.43:592][283]LogWorld: Bringing up level for play took: 0.012691
[2026.04.26-17.40.43:593][283]LogOnline: OSS: Creating online subsystem instance for: :Context_39
[2026.04.26-17.40.43:597][283]LogVoiceEncode: Display: EncoderVersion: libopus unknown
[2026.04.26-17.40.43:597][283]LogOnlineVoice: OSS: StopLocalVoiceProcessing(0) returned 0xFFFFFFFF
[2026.04.26-17.40.43:597][283]LogOnlineVoice: OSS: Stopping networked voice for user: 0
[2026.04.26-17.40.43:602][283]PIE: Error: SetInputMode_UIOnly expects a valid player controller as 'PlayerController' target
[2026.04.26-17.40.43:603][283]PIE: Server logged in
[2026.04.26-17.40.43:604][283]PIE: Play in editor total start time 0,622 seconds.
[2026.04.26-17.40.52:544][627]LogSlate: Updating window title bar state: overlay mode, drag disabled, window buttons hidden, title bar hidden
[2026.04.26-17.40.52:544][627]LogWorld: BeginTearingDown for /Game/Map/UEDPIE_0_MP_Lobby
[2026.04.26-17.40.52:545][627]LogWorld: UWorld::CleanupWorld for MP_Lobby, bSessionEnded=true, bCleanupResources=true
[2026.04.26-17.40.52:549][627]LogSlate: InvalidateAllWidgets triggered.  All widgets were invalidated
[2026.04.26-17.40.52:595][627]LogPlayLevel: Display: Shutting down PIE online subsystems
[2026.04.26-17.40.52:615][627]LogSlate: InvalidateAllWidgets triggered.  All widgets were invalidated
[2026.04.26-17.40.52:716][627]LogAudio: Display: Audio Device unregistered from world 'None'.
[2026.04.26-17.40.52:717][627]LogAudioMixer: FMixerPlatformXAudio2::StopAudioStream() called
[2026.04.26-17.40.52:719][627]LogAudioMixer: FMixerPlatformXAudio2::StopAudioStream() called
[2026.04.26-17.40.52:721][627]LogSlate: Updating window title bar state: overlay mode, drag disabled, window buttons hidden, title bar hidden
[2026.04.26-17.40.52:734][627]LogUObjectHash: Compacting FUObjectHashTables data took   6.78ms
[2026.04.26-17.40.52:826][628]LogPlayLevel: Display: Destroying online subsystem :Context_39
[2026.04.26-17.41.04:199][ 68]LogAudioMixer: Display: Audio Buffer Underrun (starvation) detected.
[2026.04.26-17.41.16:387][405]LogAudioMixer: Display: Audio Buffer Underrun (starvation) detected.
[2026.04.26-17.41.17:385][423]BlueprintLog: New page: Compile BP_NetworkCharacter
[2026.04.26-17.41.17:611][423]LogUObjectHash: Compacting FUObjectHashTables data took  11.20ms
[2026.04.26-17.41.18:933][447]LogTemp: Repeating last play command: Selected Viewport
[2026.04.26-17.41.18:954][447]LogPlayLevel: PlayLevel: No blueprints needed recompiling
[2026.04.26-17.41.18:954][447]PIE: New page: PIE session: MP_Lobby (26 апр. 2026 г., 21:41:18)
[2026.04.26-17.41.18:955][447]LogPlayLevel: Creating play world package: /Game/Map/UEDPIE_0_MP_Lobby
[2026.04.26-17.41.19:031][447]LogPlayLevel: PIE: StaticDuplicateObject took: (0.075493s)
[2026.04.26-17.41.19:032][447]LogAIModule: Creating AISystem for world MP_Lobby
[2026.04.26-17.41.19:033][447]LogPlayLevel: PIE: World Init took: (0.001824s)
[2026.04.26-17.41.19:033][447]LogPlayLevel: PIE: Created PIE world by copying editor world from /Game/Map/MP_Lobby.MP_Lobby to /Game/Map/UEDPIE_0_MP_Lobby.MP_Lobby (0.077613s)
[2026.04.26-17.41.19:127][447]LogUObjectHash: Compacting FUObjectHashTables data took   8.01ms
[2026.04.26-17.41.19:129][447]LogAudio: Display: Creating Audio Device:                 Id: 23, Scope: Unique, Realtime: True
[2026.04.26-17.41.19:129][447]LogAudioMixer: Display: Audio Mixer Platform Settings:
[2026.04.26-17.41.19:129][447]LogAudioMixer: Display: 	Sample Rate:						  48000
[2026.04.26-17.41.19:129][447]LogAudioMixer: Display: 	Callback Buffer Frame Size Requested: 512
[2026.04.26-17.41.19:129][447]LogAudioMixer: Display: 	Callback Buffer Frame Size To Use:	  512
[2026.04.26-17.41.19:129][447]LogAudioMixer: Display: 	Number of buffers to queue:			  1
[2026.04.26-17.41.19:129][447]LogAudioMixer: Display: 	Max Channels (voices):				  0
[2026.04.26-17.41.19:129][447]LogAudioMixer: Display: 	Number of Async Source Workers:		  4
[2026.04.26-17.41.19:129][447]LogAudio: Display: AudioDevice MaxSources: 32
[2026.04.26-17.41.19:130][447]LogAudio: Display: Audio Spatialization Plugin: None (built-in).
[2026.04.26-17.41.19:130][447]LogAudio: Display: Audio Reverb Plugin: None (built-in).
[2026.04.26-17.41.19:130][447]LogAudio: Display: Audio Occlusion Plugin: None (built-in).
[2026.04.26-17.41.19:130][447]LogAudioMixer: Display: Initializing audio mixer.
[2026.04.26-17.41.19:137][447]LogAudioMixer: Display: 0: FrontLeft
[2026.04.26-17.41.19:137][447]LogAudioMixer: Display: 1: FrontRight
[2026.04.26-17.41.19:155][447]LogAudioMixer: Display: Using Audio Device Voicemeeter VAIO3 Input (VB-Audio Voicemeeter VAIO)
[2026.04.26-17.41.19:156][447]LogAudioMixer: Display: Initializing Sound Submixes...
[2026.04.26-17.41.19:156][447]LogAudioMixer: Display: Creating Master Submix 'MasterSubmixDefault'
[2026.04.26-17.41.19:156][447]LogAudioMixer: Display: Creating Master Submix 'MasterReverbSubmixDefault'
[2026.04.26-17.41.19:156][447]LogAudioMixer: Display: Creating Master Submix 'MasterEQSubmixDefault'
[2026.04.26-17.41.19:157][447]LogAudioMixer: FMixerPlatformXAudio2::StartAudioStream() called
[2026.04.26-17.41.19:157][447]LogAudioMixer: Display: Output buffers initialized: Frames=512, Channels=2, Samples=1024
[2026.04.26-17.41.19:160][447]LogAudioMixer: Display: Starting AudioMixerPlatformInterface::RunInternal()
[2026.04.26-17.41.19:160][447]LogAudioMixer: Display: FMixerPlatformXAudio2::SubmitBuffer() called for the first time
[2026.04.26-17.41.19:160][447]LogInit: FAudioDevice initialized.
[2026.04.26-17.41.19:160][447]LogAudio: Display: Audio Device (ID: 23) registered with world 'MP_Lobby'.
[2026.04.26-17.41.19:160][447]PIE: Warning: UGameViewportClient::AddCursor: Could not load cursor class 'UI_Cursor_C'.
[2026.04.26-17.41.19:178][447]LogLoad: Game class is 'FirstPersonGameMode_C'
[2026.04.26-17.41.19:188][447]LogWorld: Bringing World /Game/Map/UEDPIE_0_MP_Lobby.MP_Lobby up for play (max tick rate 60) at 2026.04.26-19.41.19
[2026.04.26-17.41.19:189][447]LogWorld: Bringing up level for play took: 0.010470
[2026.04.26-17.41.19:189][447]LogOnline: OSS: Creating online subsystem instance for: :Context_40
[2026.04.26-17.41.19:194][447]LogVoiceEncode: Display: EncoderVersion: libopus unknown
[2026.04.26-17.41.19:194][447]LogOnlineVoice: OSS: StopLocalVoiceProcessing(0) returned 0xFFFFFFFF
[2026.04.26-17.41.19:195][447]LogOnlineVoice: OSS: Stopping networked voice for user: 0
[2026.04.26-17.41.19:201][447]PIE: Error: SetInputMode_UIOnly expects a valid player controller as 'PlayerController' target
[2026.04.26-17.41.19:201][447]PIE: Server logged in
[2026.04.26-17.41.19:203][447]PIE: Play in editor total start time 0,252 seconds.
[2026.04.26-17.41.21:805][526]LogSlate: Updating window title bar state: overlay mode, drag disabled, window buttons hidden, title bar hidden
[2026.04.26-17.41.21:805][526]LogWorld: BeginTearingDown for /Game/Map/UEDPIE_0_MP_Lobby
[2026.04.26-17.41.21:806][526]LogWorld: UWorld::CleanupWorld for MP_Lobby, bSessionEnded=true, bCleanupResources=true
[2026.04.26-17.41.21:811][526]LogSlate: InvalidateAllWidgets triggered.  All widgets were invalidated
[2026.04.26-17.41.21:837][526]LogPlayLevel: Display: Shutting down PIE online subsystems
[2026.04.26-17.41.21:848][526]LogSlate: InvalidateAllWidgets triggered.  All widgets were invalidated
[2026.04.26-17.41.21:940][526]LogAudio: Display: Audio Device unregistered from world 'None'.
[2026.04.26-17.41.21:940][526]LogAudioMixer: FMixerPlatformXAudio2::StopAudioStream() called
[2026.04.26-17.41.21:944][526]LogAudioMixer: FMixerPlatformXAudio2::StopAudioStream() called
[2026.04.26-17.41.21:950][526]LogSlate: Updating window title bar state: overlay mode, drag disabled, window buttons hidden, title bar hidden
[2026.04.26-17.41.21:960][526]LogUObjectHash: Compacting FUObjectHashTables data took   7.03ms
[2026.04.26-17.41.22:048][527]LogPlayLevel: Display: Destroying online subsystem :Context_40
[2026.04.26-17.41.28:954][752]LogAudioMixer: Display: Audio Buffer Underrun (starvation) detected.
[2026.04.26-17.41.40:469][ 50]LogAudioMixer: Display: Audio Buffer Underrun (starvation) detected.
[2026.04.26-17.41.59:156][651]LogAudioMixer: Display: Audio Buffer Underrun (starvation) detected.
[2026.04.26-17.42.11:040][ 90]LogAudioMixer: Display: Audio Buffer Underrun (starvation) detected.
[2026.04.26-17.42.20:888][433]LogAudioMixer: Display: Audio Buffer Underrun (starvation) detected.
[2026.04.26-17.42.39:029][143]LogAudioMixer: Display: Audio Buffer Underrun (starvation) detected.
[2026.04.26-17.42.53:589][786]LogAudioMixer: Display: Audio Buffer Underrun (starvation) detected.
[2026.04.26-17.43.10:273][570]LogAudioMixer: Display: Audio Buffer Underrun (starvation) detected.
[2026.04.26-17.43.29:662][367]LogAudioMixer: Display: Audio Buffer Underrun (starvation) detected.
[2026.04.26-17.43.47:582][139]LogAudioMixer: Display: Audio Buffer Underrun (starvation) detected.
[2026.04.26-17.44.08:133][134]LogAudioMixer: Display: Audio Buffer Underrun (starvation) detected.
[2026.04.26-17.44.31:091][ 91]BlueprintLog: New page: Compile BP_NetworkCharacter
[2026.04.26-17.44.31:423][ 91]LogUObjectHash: Compacting FUObjectHashTables data took   9.21ms
[2026.04.26-17.44.33:097][121]LogTemp: Repeating last play command: Selected Viewport
[2026.04.26-17.44.33:117][121]LogPlayLevel: PlayLevel: No blueprints needed recompiling
[2026.04.26-17.44.33:118][121]PIE: New page: PIE session: MP_Lobby (26 апр. 2026 г., 21:44:33)
[2026.04.26-17.44.33:118][121]LogPlayLevel: Creating play world package: /Game/Map/UEDPIE_0_MP_Lobby
[2026.04.26-17.44.33:207][121]LogPlayLevel: PIE: StaticDuplicateObject took: (0.089414s)
[2026.04.26-17.44.33:209][121]LogAIModule: Creating AISystem for world MP_Lobby
[2026.04.26-17.44.33:210][121]LogPlayLevel: PIE: World Init took: (0.002203s)
[2026.04.26-17.44.33:210][121]LogPlayLevel: PIE: Created PIE world by copying editor world from /Game/Map/MP_Lobby.MP_Lobby to /Game/Map/UEDPIE_0_MP_Lobby.MP_Lobby (0.091928s)
[2026.04.26-17.44.33:343][121]LogUObjectHash: Compacting FUObjectHashTables data took  11.10ms
[2026.04.26-17.44.33:344][121]LogAudio: Display: Creating Audio Device:                 Id: 24, Scope: Unique, Realtime: True
[2026.04.26-17.44.33:344][121]LogAudioMixer: Display: Audio Mixer Platform Settings:
[2026.04.26-17.44.33:344][121]LogAudioMixer: Display: 	Sample Rate:						  48000
[2026.04.26-17.44.33:344][121]LogAudioMixer: Display: 	Callback Buffer Frame Size Requested: 512
[2026.04.26-17.44.33:344][121]LogAudioMixer: Display: 	Callback Buffer Frame Size To Use:	  512
[2026.04.26-17.44.33:344][121]LogAudioMixer: Display: 	Number of buffers to queue:			  1
[2026.04.26-17.44.33:344][121]LogAudioMixer: Display: 	Max Channels (voices):				  0
[2026.04.26-17.44.33:344][121]LogAudioMixer: Display: 	Number of Async Source Workers:		  4
[2026.04.26-17.44.33:344][121]LogAudio: Display: AudioDevice MaxSources: 32
[2026.04.26-17.44.33:345][121]LogAudio: Display: Audio Spatialization Plugin: None (built-in).
[2026.04.26-17.44.33:345][121]LogAudio: Display: Audio Reverb Plugin: None (built-in).
[2026.04.26-17.44.33:345][121]LogAudio: Display: Audio Occlusion Plugin: None (built-in).
[2026.04.26-17.44.33:347][121]LogAudioMixer: Display: Initializing audio mixer.
[2026.04.26-17.44.33:359][121]LogAudioMixer: Display: 0: FrontLeft
[2026.04.26-17.44.33:359][121]LogAudioMixer: Display: 1: FrontRight
[2026.04.26-17.44.33:385][121]LogAudioMixer: Display: Using Audio Device Voicemeeter VAIO3 Input (VB-Audio Voicemeeter VAIO)
[2026.04.26-17.44.33:386][121]LogAudioMixer: Display: Initializing Sound Submixes...
[2026.04.26-17.44.33:386][121]LogAudioMixer: Display: Creating Master Submix 'MasterSubmixDefault'
[2026.04.26-17.44.33:386][121]LogAudioMixer: Display: Creating Master Submix 'MasterReverbSubmixDefault'
[2026.04.26-17.44.33:388][121]LogAudioMixer: Display: Creating Master Submix 'MasterEQSubmixDefault'
[2026.04.26-17.44.33:389][121]LogAudioMixer: FMixerPlatformXAudio2::StartAudioStream() called
[2026.04.26-17.44.33:389][121]LogAudioMixer: Display: Output buffers initialized: Frames=512, Channels=2, Samples=1024
[2026.04.26-17.44.33:391][121]LogAudioMixer: Display: Starting AudioMixerPlatformInterface::RunInternal()
[2026.04.26-17.44.33:391][121]LogAudioMixer: Display: FMixerPlatformXAudio2::SubmitBuffer() called for the first time
[2026.04.26-17.44.33:391][121]LogInit: FAudioDevice initialized.
[2026.04.26-17.44.33:391][121]LogAudio: Display: Audio Device (ID: 24) registered with world 'MP_Lobby'.
[2026.04.26-17.44.33:391][121]PIE: Warning: UGameViewportClient::AddCursor: Could not load cursor class 'UI_Cursor_C'.
[2026.04.26-17.44.33:409][121]LogLoad: Game class is 'FirstPersonGameMode_C'
[2026.04.26-17.44.33:426][121]LogWorld: Bringing World /Game/Map/UEDPIE_0_MP_Lobby.MP_Lobby up for play (max tick rate 60) at 2026.04.26-19.44.33
[2026.04.26-17.44.33:427][121]LogWorld: Bringing up level for play took: 0.017137
[2026.04.26-17.44.33:427][121]LogOnline: OSS: Creating online subsystem instance for: :Context_41
[2026.04.26-17.44.33:438][121]LogVoiceEncode: Display: EncoderVersion: libopus unknown
[2026.04.26-17.44.33:439][121]LogOnlineVoice: OSS: StopLocalVoiceProcessing(0) returned 0xFFFFFFFF
[2026.04.26-17.44.33:439][121]LogOnlineVoice: OSS: Stopping networked voice for user: 0
[2026.04.26-17.44.33:444][121]PIE: Error: SetInputMode_UIOnly expects a valid player controller as 'PlayerController' target
[2026.04.26-17.44.33:445][121]PIE: Server logged in
[2026.04.26-17.44.33:447][121]PIE: Play in editor total start time 0,333 seconds.
[2026.04.26-17.44.34:733][146]LogAudioMixer: Display: Audio Buffer Underrun (starvation) detected.
[2026.04.26-17.44.39:324][283]LogSlate: Updating window title bar state: overlay mode, drag disabled, window buttons hidden, title bar hidden
[2026.04.26-17.44.39:324][283]LogWorld: BeginTearingDown for /Game/Map/UEDPIE_0_MP_Lobby
[2026.04.26-17.44.39:324][283]LogWorld: UWorld::CleanupWorld for MP_Lobby, bSessionEnded=true, bCleanupResources=true
[2026.04.26-17.44.39:328][283]LogSlate: InvalidateAllWidgets triggered.  All widgets were invalidated
[2026.04.26-17.44.39:353][283]LogPlayLevel: Display: Shutting down PIE online subsystems
[2026.04.26-17.44.39:369][283]LogSlate: InvalidateAllWidgets triggered.  All widgets were invalidated
[2026.04.26-17.44.39:468][283]LogAudio: Display: Audio Device unregistered from world 'None'.
[2026.04.26-17.44.39:469][283]LogAudioMixer: FMixerPlatformXAudio2::StopAudioStream() called
[2026.04.26-17.44.39:470][283]LogAudioMixer: FMixerPlatformXAudio2::StopAudioStream() called
[2026.04.26-17.44.39:472][283]LogSlate: Updating window title bar state: overlay mode, drag disabled, window buttons hidden, title bar hidden
[2026.04.26-17.44.39:486][283]LogUObjectHash: Compacting FUObjectHashTables data took   9.07ms
[2026.04.26-17.44.39:589][284]LogPlayLevel: Display: Destroying online subsystem :Context_41
[2026.04.26-17.44.55:842][993]LogAudioMixer: Display: Audio Buffer Underrun (starvation) detected.
[2026.04.26-17.45.05:784][384]LogTemp: Repeating last play command: Selected Viewport
[2026.04.26-17.45.05:805][384]BlueprintLog: New page: Pre-Play auto-recompile
[2026.04.26-17.45.05:823][384]LogPlayLevel: [PlayLevel] Compiling BP_NetworkCharacter before play...
[2026.04.26-17.45.06:158][384]LogUObjectHash: Compacting FUObjectHashTables data took   7.72ms
[2026.04.26-17.45.06:159][384]LogPlayLevel: PlayLevel: Blueprint regeneration took 353 ms (1 blueprints)
[2026.04.26-17.45.06:159][384]PIE: New page: PIE session: MP_Lobby (26 апр. 2026 г., 21:45:06)
[2026.04.26-17.45.06:159][384]LogPlayLevel: Creating play world package: /Game/Map/UEDPIE_0_MP_Lobby
[2026.04.26-17.45.06:669][384]LogAudioMixer: Display: Audio Buffer Underrun (starvation) detected.
[2026.04.26-17.45.06:690][384]LogPlayLevel: PIE: StaticDuplicateObject took: (0.530745s)
[2026.04.26-17.45.06:694][384]LogAIModule: Creating AISystem for world MP_Lobby
[2026.04.26-17.45.06:696][384]LogPlayLevel: PIE: World Init took: (0.005385s)
[2026.04.26-17.45.06:696][384]LogPlayLevel: PIE: Created PIE world by copying editor world from /Game/Map/MP_Lobby.MP_Lobby to /Game/Map/UEDPIE_0_MP_Lobby.MP_Lobby (0.536521s)
[2026.04.26-17.45.06:958][384]LogUObjectHash: Compacting FUObjectHashTables data took   6.00ms
[2026.04.26-17.45.06:958][384]LogAudio: Display: Creating Audio Device:                 Id: 25, Scope: Unique, Realtime: True
[2026.04.26-17.45.06:958][384]LogAudioMixer: Display: Audio Mixer Platform Settings:
[2026.04.26-17.45.06:958][384]LogAudioMixer: Display: 	Sample Rate:						  48000
[2026.04.26-17.45.06:958][384]LogAudioMixer: Display: 	Callback Buffer Frame Size Requested: 512
[2026.04.26-17.45.06:958][384]LogAudioMixer: Display: 	Callback Buffer Frame Size To Use:	  512
[2026.04.26-17.45.06:958][384]LogAudioMixer: Display: 	Number of buffers to queue:			  1
[2026.04.26-17.45.06:958][384]LogAudioMixer: Display: 	Max Channels (voices):				  0
[2026.04.26-17.45.06:958][384]LogAudioMixer: Display: 	Number of Async Source Workers:		  4
[2026.04.26-17.45.06:958][384]LogAudio: Display: AudioDevice MaxSources: 32
[2026.04.26-17.45.06:959][384]LogAudio: Display: Audio Spatialization Plugin: None (built-in).
[2026.04.26-17.45.06:959][384]LogAudio: Display: Audio Reverb Plugin: None (built-in).
[2026.04.26-17.45.06:959][384]LogAudio: Display: Audio Occlusion Plugin: None (built-in).
[2026.04.26-17.45.06:959][384]LogAudioMixer: Display: Initializing audio mixer.
[2026.04.26-17.45.06:966][384]LogAudioMixer: Display: 0: FrontLeft
[2026.04.26-17.45.06:966][384]LogAudioMixer: Display: 1: FrontRight
[2026.04.26-17.45.06:989][384]LogAudioMixer: Display: Using Audio Device Voicemeeter VAIO3 Input (VB-Audio Voicemeeter VAIO)
[2026.04.26-17.45.06:989][384]LogAudioMixer: Display: Initializing Sound Submixes...
[2026.04.26-17.45.06:989][384]LogAudioMixer: Display: Creating Master Submix 'MasterSubmixDefault'
[2026.04.26-17.45.06:989][384]LogAudioMixer: Display: Creating Master Submix 'MasterReverbSubmixDefault'
[2026.04.26-17.45.06:990][384]LogAudioMixer: Display: Creating Master Submix 'MasterEQSubmixDefault'
[2026.04.26-17.45.06:990][384]LogAudioMixer: FMixerPlatformXAudio2::StartAudioStream() called
[2026.04.26-17.45.06:990][384]LogAudioMixer: Display: Output buffers initialized: Frames=512, Channels=2, Samples=1024
[2026.04.26-17.45.06:992][384]LogAudioMixer: Display: Starting AudioMixerPlatformInterface::RunInternal()
[2026.04.26-17.45.06:992][384]LogAudioMixer: Display: FMixerPlatformXAudio2::SubmitBuffer() called for the first time
[2026.04.26-17.45.06:992][384]LogInit: FAudioDevice initialized.
[2026.04.26-17.45.06:992][384]LogAudio: Display: Audio Device (ID: 25) registered with world 'MP_Lobby'.
[2026.04.26-17.45.06:993][384]PIE: Warning: UGameViewportClient::AddCursor: Could not load cursor class 'UI_Cursor_C'.
[2026.04.26-17.45.07:011][384]LogLoad: Game class is 'FirstPersonGameMode_C'
[2026.04.26-17.45.07:023][384]LogWorld: Bringing World /Game/Map/UEDPIE_0_MP_Lobby.MP_Lobby up for play (max tick rate 60) at 2026.04.26-19.45.07
[2026.04.26-17.45.07:024][384]LogWorld: Bringing up level for play took: 0.012112
[2026.04.26-17.45.07:025][384]LogOnline: OSS: Creating online subsystem instance for: :Context_42
[2026.04.26-17.45.07:029][384]LogVoiceEncode: Display: EncoderVersion: libopus unknown
[2026.04.26-17.45.07:030][384]LogOnlineVoice: OSS: StopLocalVoiceProcessing(0) returned 0xFFFFFFFF
[2026.04.26-17.45.07:030][384]LogOnlineVoice: OSS: Stopping networked voice for user: 0
[2026.04.26-17.45.07:037][384]PIE: Error: SetInputMode_UIOnly expects a valid player controller as 'PlayerController' target
[2026.04.26-17.45.07:038][384]PIE: Server logged in
[2026.04.26-17.45.07:041][384]PIE: Play in editor total start time 1,239 seconds.
[2026.04.26-17.45.14:124][589]LogSlate: Updating window title bar state: overlay mode, drag disabled, window buttons hidden, title bar hidden
[2026.04.26-17.45.14:124][589]LogWorld: BeginTearingDown for /Game/Map/UEDPIE_0_MP_Lobby
[2026.04.26-17.45.14:124][589]LogWorld: UWorld::CleanupWorld for MP_Lobby, bSessionEnded=true, bCleanupResources=true
[2026.04.26-17.45.14:130][589]LogSlate: InvalidateAllWidgets triggered.  All widgets were invalidated
[2026.04.26-17.45.14:156][589]LogPlayLevel: Display: Shutting down PIE online subsystems
[2026.04.26-17.45.14:169][589]LogSlate: InvalidateAllWidgets triggered.  All widgets were invalidated
[2026.04.26-17.45.14:262][589]LogSlate: Updating window title bar state: overlay mode, drag disabled, window buttons hidden, title bar hidden
[2026.04.26-17.45.14:266][589]LogAudioMixer: FMixerPlatformXAudio2::StopAudioStream() called
[2026.04.26-17.45.14:268][589]LogAudioMixer: FMixerPlatformXAudio2::StopAudioStream() called
[2026.04.26-17.45.14:281][589]LogUObjectHash: Compacting FUObjectHashTables data took   7.41ms
[2026.04.26-17.45.14:367][590]LogPlayLevel: Display: Destroying online subsystem :Context_42
[2026.04.26-17.45.29:997][ 67]LogAudioMixer: Display: Audio Buffer Underrun (starvation) detected.
[2026.04.26-17.45.42:757][582]BlueprintLog: New page: Compile BP_NetworkCharacter
[2026.04.26-17.45.42:954][582]LogUObjectHash: Compacting FUObjectHashTables data took   7.30ms
[2026.04.26-17.45.44:279][614]LogTemp: Repeating last play command: Selected Viewport
[2026.04.26-17.45.44:296][614]LogPlayLevel: PlayLevel: No blueprints needed recompiling
[2026.04.26-17.45.44:296][614]PIE: New page: PIE session: MP_Lobby (26 апр. 2026 г., 21:45:44)
[2026.04.26-17.45.44:298][614]LogPlayLevel: Creating play world package: /Game/Map/UEDPIE_0_MP_Lobby
[2026.04.26-17.45.44:379][614]LogPlayLevel: PIE: StaticDuplicateObject took: (0.080664s)
[2026.04.26-17.45.44:380][614]LogAIModule: Creating AISystem for world MP_Lobby
[2026.04.26-17.45.44:381][614]LogPlayLevel: PIE: World Init took: (0.001702s)
[2026.04.26-17.45.44:381][614]LogPlayLevel: PIE: Created PIE world by copying editor world from /Game/Map/MP_Lobby.MP_Lobby to /Game/Map/UEDPIE_0_MP_Lobby.MP_Lobby (0.082694s)
[2026.04.26-17.45.44:500][614]LogUObjectHash: Compacting FUObjectHashTables data took   8.46ms
[2026.04.26-17.45.44:500][614]LogAudio: Display: Creating Audio Device:                 Id: 26, Scope: Unique, Realtime: True
[2026.04.26-17.45.44:500][614]LogAudioMixer: Display: Audio Mixer Platform Settings:
[2026.04.26-17.45.44:500][614]LogAudioMixer: Display: 	Sample Rate:						  48000
[2026.04.26-17.45.44:500][614]LogAudioMixer: Display: 	Callback Buffer Frame Size Requested: 512
[2026.04.26-17.45.44:500][614]LogAudioMixer: Display: 	Callback Buffer Frame Size To Use:	  512
[2026.04.26-17.45.44:500][614]LogAudioMixer: Display: 	Number of buffers to queue:			  1
[2026.04.26-17.45.44:500][614]LogAudioMixer: Display: 	Max Channels (voices):				  0
[2026.04.26-17.45.44:500][614]LogAudioMixer: Display: 	Number of Async Source Workers:		  4
[2026.04.26-17.45.44:500][614]LogAudio: Display: AudioDevice MaxSources: 32
[2026.04.26-17.45.44:501][614]LogAudio: Display: Audio Spatialization Plugin: None (built-in).
[2026.04.26-17.45.44:501][614]LogAudio: Display: Audio Reverb Plugin: None (built-in).
[2026.04.26-17.45.44:501][614]LogAudio: Display: Audio Occlusion Plugin: None (built-in).
[2026.04.26-17.45.44:501][614]LogAudioMixer: Display: Initializing audio mixer.
[2026.04.26-17.45.44:509][614]LogAudioMixer: Display: 0: FrontLeft
[2026.04.26-17.45.44:509][614]LogAudioMixer: Display: 1: FrontRight
[2026.04.26-17.45.44:525][614]LogAudioMixer: Display: Using Audio Device Voicemeeter VAIO3 Input (VB-Audio Voicemeeter VAIO)
[2026.04.26-17.45.44:526][614]LogAudioMixer: Display: Initializing Sound Submixes...
[2026.04.26-17.45.44:526][614]LogAudioMixer: Display: Creating Master Submix 'MasterSubmixDefault'
[2026.04.26-17.45.44:526][614]LogAudioMixer: Display: Creating Master Submix 'MasterReverbSubmixDefault'
[2026.04.26-17.45.44:527][614]LogAudioMixer: Display: Creating Master Submix 'MasterEQSubmixDefault'
[2026.04.26-17.45.44:527][614]LogAudioMixer: FMixerPlatformXAudio2::StartAudioStream() called
[2026.04.26-17.45.44:527][614]LogAudioMixer: Display: Output buffers initialized: Frames=512, Channels=2, Samples=1024
[2026.04.26-17.45.44:529][614]LogAudioMixer: Display: Starting AudioMixerPlatformInterface::RunInternal()
[2026.04.26-17.45.44:529][614]LogAudioMixer: Display: FMixerPlatformXAudio2::SubmitBuffer() called for the first time
[2026.04.26-17.45.44:529][614]LogInit: FAudioDevice initialized.
[2026.04.26-17.45.44:529][614]LogAudio: Display: Audio Device (ID: 26) registered with world 'MP_Lobby'.
[2026.04.26-17.45.44:529][614]PIE: Warning: UGameViewportClient::AddCursor: Could not load cursor class 'UI_Cursor_C'.
[2026.04.26-17.45.44:550][614]LogLoad: Game class is 'FirstPersonGameMode_C'
[2026.04.26-17.45.44:575][614]LogWorld: Bringing World /Game/Map/UEDPIE_0_MP_Lobby.MP_Lobby up for play (max tick rate 60) at 2026.04.26-19.45.44
[2026.04.26-17.45.44:578][614]LogWorld: Bringing up level for play took: 0.026686
[2026.04.26-17.45.44:579][614]LogOnline: OSS: Creating online subsystem instance for: :Context_43
[2026.04.26-17.45.44:584][614]LogVoiceEncode: Display: EncoderVersion: libopus unknown
[2026.04.26-17.45.44:584][614]LogOnlineVoice: OSS: StopLocalVoiceProcessing(0) returned 0xFFFFFFFF
[2026.04.26-17.45.44:584][614]LogOnlineVoice: OSS: Stopping networked voice for user: 0
[2026.04.26-17.45.44:590][614]PIE: Error: SetInputMode_UIOnly expects a valid player controller as 'PlayerController' target
[2026.04.26-17.45.44:591][614]PIE: Server logged in
[2026.04.26-17.45.44:593][614]PIE: Play in editor total start time 0,3 seconds.
[2026.04.26-17.45.56:564][ 96]Cmd: ToggleDebugCamera
[2026.04.26-17.45.59:584][206]LogSlate: Updating window title bar state: overlay mode, drag disabled, window buttons hidden, title bar hidden
[2026.04.26-17.45.59:584][206]LogWorld: BeginTearingDown for /Game/Map/UEDPIE_0_MP_Lobby
[2026.04.26-17.45.59:586][206]LogWorld: UWorld::CleanupWorld for MP_Lobby, bSessionEnded=true, bCleanupResources=true
[2026.04.26-17.45.59:589][206]LogSlate: InvalidateAllWidgets triggered.  All widgets were invalidated
[2026.04.26-17.45.59:611][206]LogPlayLevel: Display: Shutting down PIE online subsystems
[2026.04.26-17.45.59:624][206]LogSlate: InvalidateAllWidgets triggered.  All widgets were invalidated
[2026.04.26-17.45.59:710][206]LogAudio: Display: Audio Device unregistered from world 'None'.
[2026.04.26-17.45.59:710][206]LogAudioMixer: FMixerPlatformXAudio2::StopAudioStream() called
[2026.04.26-17.45.59:712][206]LogAudioMixer: FMixerPlatformXAudio2::StopAudioStream() called
[2026.04.26-17.45.59:715][206]LogSlate: Updating window title bar state: overlay mode, drag disabled, window buttons hidden, title bar hidden
[2026.04.26-17.45.59:725][206]LogUObjectHash: Compacting FUObjectHashTables data took   6.85ms
[2026.04.26-17.45.59:818][207]LogPlayLevel: Display: Destroying online subsystem :Context_43
[2026.04.26-17.46.02:604][340]LogWorld: UWorld::CleanupWorld for World_1, bSessionEnded=true, bCleanupResources=true
[2026.04.26-17.46.02:604][340]LogSlate: InvalidateAllWidgets triggered.  All widgets were invalidated
[2026.04.26-17.46.04:360][381]LogAudioMixer: Display: Audio Buffer Underrun (starvation) detected.
[2026.04.26-17.46.18:743][727]LogAssetEditorSubsystem: Opening Asset editor for Blueprint /Game/Player/BP_NetworkCharacter.BP_NetworkCharacter
[2026.04.26-17.46.22:734][819]LogUObjectHash: Compacting FUObjectHashTables data took   8.77ms
[2026.04.26-17.46.23:557][819]LogSlate: Window 'Save Content' being destroyed
[2026.04.26-17.46.23:651][819]LogSavePackage: Moving '../../../../../../LastStep/PROJECT-LAST-STEP/Playtime_Multiplayer/Saved/BP_DefaultController60C0924F48B44E21DA85359A2AF524A9.tmp' to '../../../../../../LastStep/PROJECT-LAST-STEP/Playtime_Multiplayer/Content/BaseMultiplayer/GameModes/Default/BP_DefaultController.uasset'
[2026.04.26-17.46.23:657][819]Cmd: OBJ SAVEPACKAGE PACKAGE="/Game/Player/BP_NetworkCharacter" FILE="../../../../../../LastStep/PROJECT-LAST-STEP/Playtime_Multiplayer/Content/Player/BP_NetworkCharacter.uasset" SILENT=true
[2026.04.26-17.46.23:771][819]LogSavePackage: Moving '../../../../../../LastStep/PROJECT-LAST-STEP/Playtime_Multiplayer/Saved/BP_NetworkCharacter97AA68884FD95B433586D68BBA59B3DF.tmp' to '../../../../../../LastStep/PROJECT-LAST-STEP/Playtime_Multiplayer/Content/Player/BP_NetworkCharacter.uasset'
[2026.04.26-17.46.23:815][819]LogSavePackage: Moving '../../../../../../LastStep/PROJECT-LAST-STEP/Playtime_Multiplayer/Saved/BP_PlayerCosmeticmeshEDF34F6146A7140C5E5E518FEC7C3F77.tmp' to '../../../../../../LastStep/PROJECT-LAST-STEP/Playtime_Multiplayer/Content/Items/Cosmetics/BP_Cont/BP_PlayerCosmeticmesh.uasset'
[2026.04.26-17.46.23:848][819]LogSavePackage: Moving '../../../../../../LastStep/PROJECT-LAST-STEP/Playtime_Multiplayer/Saved/FirstPersonGameMode5F6F75B94F15E2BF3A1E7D8432AB3ED2.tmp' to '../../../../../../LastStep/PROJECT-LAST-STEP/Playtime_Multiplayer/Content/FirstPerson/FirstPersonBP/Blueprints/FirstPersonGameMode.uasset'
[2026.04.26-17.46.23:855][819]Cmd: OBJ SAVEPACKAGE PACKAGE="/Game/World/Character/Player/PlayerMove" FILE="../../../../../../LastStep/PROJECT-LAST-STEP/Playtime_Multiplayer/Content/World/Character/Player/PlayerMove.uasset" SILENT=true
[2026.04.26-17.46.23:900][819]LogSavePackage: Moving '../../../../../../LastStep/PROJECT-LAST-STEP/Playtime_Multiplayer/Saved/PlayerMoveFE56411240E39C606C1BC5B0C5650037.tmp' to '../../../../../../LastStep/PROJECT-LAST-STEP/Playtime_Multiplayer/Content/World/Character/Player/PlayerMove.uasset'
[2026.04.26-17.46.23:961][819]AssetCheck: New page: Asset Save: multiple assets
[2026.04.26-17.46.23:961][819]LogContentValidation: Display: Validating AnimBlueprint /Game/World/Character/Player/PlayerMove.PlayerMove
[2026.04.26-17.46.23:961][819]LogContentValidation: Display: Validating Blueprint /Game/Items/Cosmetics/BP_Cont/BP_PlayerCosmeticmesh.BP_PlayerCosmeticmesh
[2026.04.26-17.46.23:961][819]LogContentValidation: Display: Validating Blueprint /Game/BaseMultiplayer/GameModes/Default/BP_DefaultController.BP_DefaultController
[2026.04.26-17.46.23:961][819]LogContentValidation: Display: Validating Blueprint /Game/Player/BP_NetworkCharacter.BP_NetworkCharacter
[2026.04.26-17.46.23:961][819]LogContentValidation: Display: Validating Blueprint /Game/FirstPerson/FirstPersonBP/Blueprints/FirstPersonGameMode.FirstPersonGameMode
[2026.04.26-17.46.29:303][  1]LogAudioMixer: Display: Audio Buffer Underrun (starvation) detected.
[2026.04.26-17.46.35:674][284]BlueprintLog: New page: Compile BP_NetworkCharacter
[2026.04.26-17.46.35:901][284]LogUObjectHash: Compacting FUObjectHashTables data took   8.88ms
[2026.04.26-17.46.50:068][861]LogAudioMixer: Display: Audio Buffer Underrun (starvation) detected.
[2026.04.26-17.47.11:969][869]LogAudioMixer: Display: Audio Buffer Underrun (starvation) detected.
[2026.04.26-17.47.29:199][513]LogTemp: Repeating last play command: Selected Viewport
[2026.04.26-17.47.29:216][513]BlueprintLog: New page: Pre-Play auto-recompile
[2026.04.26-17.47.29:220][513]LogPlayLevel: [PlayLevel] Compiling BP_NetworkCharacter before play...
[2026.04.26-17.47.29:636][513]LogUObjectHash: Compacting FUObjectHashTables data took   9.81ms
[2026.04.26-17.47.29:638][513]LogPlayLevel: PlayLevel: Blueprint regeneration took 421 ms (1 blueprints)
[2026.04.26-17.47.29:638][513]PIE: New page: PIE session: MP_Lobby (26 апр. 2026 г., 21:47:29)
[2026.04.26-17.47.29:638][513]LogPlayLevel: Creating play world package: /Game/Map/UEDPIE_0_MP_Lobby
[2026.04.26-17.47.29:709][513]LogPlayLevel: PIE: StaticDuplicateObject took: (0.070923s)
[2026.04.26-17.47.29:711][513]LogAIModule: Creating AISystem for world MP_Lobby
[2026.04.26-17.47.29:711][513]LogPlayLevel: PIE: World Init took: (0.002178s)
[2026.04.26-17.47.29:711][513]LogPlayLevel: PIE: Created PIE world by copying editor world from /Game/Map/MP_Lobby.MP_Lobby to /Game/Map/UEDPIE_0_MP_Lobby.MP_Lobby (0.073399s)
[2026.04.26-17.47.29:859][513]LogUObjectHash: Compacting FUObjectHashTables data took   6.07ms
[2026.04.26-17.47.29:859][513]LogAudio: Display: Creating Audio Device:                 Id: 27, Scope: Unique, Realtime: True
[2026.04.26-17.47.29:859][513]LogAudioMixer: Display: Audio Mixer Platform Settings:
[2026.04.26-17.47.29:859][513]LogAudioMixer: Display: 	Sample Rate:						  48000
[2026.04.26-17.47.29:859][513]LogAudioMixer: Display: 	Callback Buffer Frame Size Requested: 512
[2026.04.26-17.47.29:859][513]LogAudioMixer: Display: 	Callback Buffer Frame Size To Use:	  512
[2026.04.26-17.47.29:859][513]LogAudioMixer: Display: 	Number of buffers to queue:			  1
[2026.04.26-17.47.29:859][513]LogAudioMixer: Display: 	Max Channels (voices):				  0
[2026.04.26-17.47.29:860][513]LogAudioMixer: Display: 	Number of Async Source Workers:		  4
[2026.04.26-17.47.29:860][513]LogAudio: Display: AudioDevice MaxSources: 32
[2026.04.26-17.47.29:860][513]LogAudio: Display: Audio Spatialization Plugin: None (built-in).
[2026.04.26-17.47.29:860][513]LogAudio: Display: Audio Reverb Plugin: None (built-in).
[2026.04.26-17.47.29:860][513]LogAudio: Display: Audio Occlusion Plugin: None (built-in).
[2026.04.26-17.47.29:860][513]LogAudioMixer: Display: Initializing audio mixer.
[2026.04.26-17.47.29:869][513]LogAudioMixer: Display: 0: FrontLeft
[2026.04.26-17.47.29:869][513]LogAudioMixer: Display: 1: FrontRight
[2026.04.26-17.47.29:890][513]LogAudioMixer: Display: Using Audio Device Voicemeeter VAIO3 Input (VB-Audio Voicemeeter VAIO)
[2026.04.26-17.47.29:890][513]LogAudioMixer: Display: Initializing Sound Submixes...
[2026.04.26-17.47.29:890][513]LogAudioMixer: Display: Creating Master Submix 'MasterSubmixDefault'
[2026.04.26-17.47.29:890][513]LogAudioMixer: Display: Creating Master Submix 'MasterReverbSubmixDefault'
[2026.04.26-17.47.29:891][513]LogAudioMixer: Display: Creating Master Submix 'MasterEQSubmixDefault'
[2026.04.26-17.47.29:892][513]LogAudioMixer: FMixerPlatformXAudio2::StartAudioStream() called
[2026.04.26-17.47.29:892][513]LogAudioMixer: Display: Output buffers initialized: Frames=512, Channels=2, Samples=1024
[2026.04.26-17.47.29:894][513]LogAudioMixer: Display: Starting AudioMixerPlatformInterface::RunInternal()
[2026.04.26-17.47.29:894][513]LogAudioMixer: Display: FMixerPlatformXAudio2::SubmitBuffer() called for the first time
[2026.04.26-17.47.29:894][513]LogInit: FAudioDevice initialized.
[2026.04.26-17.47.29:894][513]LogAudio: Display: Audio Device (ID: 27) registered with world 'MP_Lobby'.
[2026.04.26-17.47.29:895][513]PIE: Warning: UGameViewportClient::AddCursor: Could not load cursor class 'UI_Cursor_C'.
[2026.04.26-17.47.29:914][513]LogLoad: Game class is 'FirstPersonGameMode_C'
[2026.04.26-17.47.29:930][513]LogWorld: Bringing World /Game/Map/UEDPIE_0_MP_Lobby.MP_Lobby up for play (max tick rate 60) at 2026.04.26-19.47.29
[2026.04.26-17.47.29:930][513]LogWorld: Bringing up level for play took: 0.016165
[2026.04.26-17.47.29:930][513]LogOnline: OSS: Creating online subsystem instance for: :Context_45
[2026.04.26-17.47.29:936][513]LogVoiceEncode: Display: EncoderVersion: libopus unknown
[2026.04.26-17.47.29:936][513]LogOnlineVoice: OSS: StopLocalVoiceProcessing(0) returned 0xFFFFFFFF
[2026.04.26-17.47.29:936][513]LogOnlineVoice: OSS: Stopping networked voice for user: 0
[2026.04.26-17.47.29:940][513]PIE: Error: SetInputMode_UIOnly expects a valid player controller as 'PlayerController' target
[2026.04.26-17.47.29:941][513]PIE: Server logged in
[2026.04.26-17.47.29:943][513]PIE: Play in editor total start time 0,729 seconds.
[2026.04.26-17.47.32:973][603]LogAudioMixer: Display: Audio Buffer Underrun (starvation) detected.
[2026.04.26-17.47.32:975][603]LogAudioMixer: Display: Audio Buffer Underrun (starvation) detected.
[2026.04.26-17.47.42:940][951]Cmd: ToggleDebugCamera
[2026.04.26-17.47.56:335][410]LogSlate: Updating window title bar state: overlay mode, drag disabled, window buttons hidden, title bar hidden
[2026.04.26-17.47.56:335][410]LogWorld: BeginTearingDown for /Game/Map/UEDPIE_0_MP_Lobby
[2026.04.26-17.47.56:335][410]LogWorld: UWorld::CleanupWorld for MP_Lobby, bSessionEnded=true, bCleanupResources=true
[2026.04.26-17.47.56:339][410]LogSlate: InvalidateAllWidgets triggered.  All widgets were invalidated
[2026.04.26-17.47.56:378][410]LogPlayLevel: Display: Shutting down PIE online subsystems
[2026.04.26-17.47.56:392][410]LogSlate: InvalidateAllWidgets triggered.  All widgets were invalidated
[2026.04.26-17.47.56:478][410]LogAudio: Display: Audio Device unregistered from world 'None'.
[2026.04.26-17.47.56:479][410]LogAudioMixer: FMixerPlatformXAudio2::StopAudioStream() called
[2026.04.26-17.47.56:480][410]LogAudioMixer: FMixerPlatformXAudio2::StopAudioStream() called
[2026.04.26-17.47.56:483][410]LogSlate: Updating window title bar state: overlay mode, drag disabled, window buttons hidden, title bar hidden
[2026.04.26-17.47.56:519][410]LogUObjectHash: Compacting FUObjectHashTables data took   8.02ms
[2026.04.26-17.47.56:627][411]LogPlayLevel: Display: Destroying online subsystem :Context_45
[2026.04.26-17.47.59:272][513]LogAudioMixer: Display: Audio Buffer Underrun (starvation) detected.
[2026.04.26-17.48.17:835][311]LogAudioMixer: Display: Audio Buffer Underrun (starvation) detected.
[2026.04.26-17.48.38:475][222]BlueprintLog: New page: Compile BP_NetworkCharacter
[2026.04.26-17.48.38:719][222]LogUObjectHash: Compacting FUObjectHashTables data took   9.85ms
[2026.04.26-17.48.41:525][315]BlueprintLog: New page: Compile BP_NetworkCharacter
[2026.04.26-17.48.41:736][315]LogUObjectHash: Compacting FUObjectHashTables data took  10.01ms
[2026.04.26-17.48.43:123][343]LogTemp: Repeating last play command: Selected Viewport
[2026.04.26-17.48.43:139][343]LogPlayLevel: PlayLevel: No blueprints needed recompiling
[2026.04.26-17.48.43:139][343]PIE: New page: PIE session: MP_Lobby (26 апр. 2026 г., 21:48:43)
[2026.04.26-17.48.43:139][343]LogPlayLevel: Creating play world package: /Game/Map/UEDPIE_0_MP_Lobby
[2026.04.26-17.48.43:234][343]LogPlayLevel: PIE: StaticDuplicateObject took: (0.093820s)
[2026.04.26-17.48.43:235][343]LogAIModule: Creating AISystem for world MP_Lobby
[2026.04.26-17.48.43:237][343]LogPlayLevel: PIE: World Init took: (0.002822s)
[2026.04.26-17.48.43:237][343]LogPlayLevel: PIE: Created PIE world by copying editor world from /Game/Map/MP_Lobby.MP_Lobby to /Game/Map/UEDPIE_0_MP_Lobby.MP_Lobby (0.097199s)
[2026.04.26-17.48.43:372][343]LogUObjectHash: Compacting FUObjectHashTables data took  10.57ms
[2026.04.26-17.48.43:373][343]LogAudio: Display: Creating Audio Device:                 Id: 28, Scope: Unique, Realtime: True
[2026.04.26-17.48.43:373][343]LogAudioMixer: Display: Audio Mixer Platform Settings:
[2026.04.26-17.48.43:373][343]LogAudioMixer: Display: 	Sample Rate:						  48000
[2026.04.26-17.48.43:373][343]LogAudioMixer: Display: 	Callback Buffer Frame Size Requested: 512
[2026.04.26-17.48.43:373][343]LogAudioMixer: Display: 	Callback Buffer Frame Size To Use:	  512
[2026.04.26-17.48.43:373][343]LogAudioMixer: Display: 	Number of buffers to queue:			  1
[2026.04.26-17.48.43:373][343]LogAudioMixer: Display: 	Max Channels (voices):				  0
[2026.04.26-17.48.43:373][343]LogAudioMixer: Display: 	Number of Async Source Workers:		  4
[2026.04.26-17.48.43:373][343]LogAudio: Display: AudioDevice MaxSources: 32
[2026.04.26-17.48.43:374][343]LogAudio: Display: Audio Spatialization Plugin: None (built-in).
[2026.04.26-17.48.43:374][343]LogAudio: Display: Audio Reverb Plugin: None (built-in).
[2026.04.26-17.48.43:374][343]LogAudio: Display: Audio Occlusion Plugin: None (built-in).
[2026.04.26-17.48.43:374][343]LogAudioMixer: Display: Initializing audio mixer.
[2026.04.26-17.48.43:387][343]LogAudioMixer: Display: 0: FrontLeft
[2026.04.26-17.48.43:387][343]LogAudioMixer: Display: 1: FrontRight
[2026.04.26-17.48.43:408][343]LogAudioMixer: Display: Using Audio Device Voicemeeter VAIO3 Input (VB-Audio Voicemeeter VAIO)
[2026.04.26-17.48.43:408][343]LogAudioMixer: Display: Initializing Sound Submixes...
[2026.04.26-17.48.43:408][343]LogAudioMixer: Display: Creating Master Submix 'MasterSubmixDefault'
[2026.04.26-17.48.43:408][343]LogAudioMixer: Display: Creating Master Submix 'MasterReverbSubmixDefault'
[2026.04.26-17.48.43:410][343]LogAudioMixer: Display: Creating Master Submix 'MasterEQSubmixDefault'
[2026.04.26-17.48.43:410][343]LogAudioMixer: FMixerPlatformXAudio2::StartAudioStream() called
[2026.04.26-17.48.43:410][343]LogAudioMixer: Display: Output buffers initialized: Frames=512, Channels=2, Samples=1024
[2026.04.26-17.48.43:413][343]LogAudioMixer: Display: Starting AudioMixerPlatformInterface::RunInternal()
[2026.04.26-17.48.43:413][343]LogAudioMixer: Display: FMixerPlatformXAudio2::SubmitBuffer() called for the first time
[2026.04.26-17.48.43:413][343]LogInit: FAudioDevice initialized.
[2026.04.26-17.48.43:413][343]LogAudio: Display: Audio Device (ID: 28) registered with world 'MP_Lobby'.
[2026.04.26-17.48.43:415][343]PIE: Warning: UGameViewportClient::AddCursor: Could not load cursor class 'UI_Cursor_C'.
[2026.04.26-17.48.43:430][343]LogLoad: Game class is 'FirstPersonGameMode_C'
[2026.04.26-17.48.43:446][343]LogWorld: Bringing World /Game/Map/UEDPIE_0_MP_Lobby.MP_Lobby up for play (max tick rate 60) at 2026.04.26-19.48.43
[2026.04.26-17.48.43:446][343]LogWorld: Bringing up level for play took: 0.015741
[2026.04.26-17.48.43:446][343]LogOnline: OSS: Creating online subsystem instance for: :Context_46
[2026.04.26-17.48.43:453][343]LogVoiceEncode: Display: EncoderVersion: libopus unknown
[2026.04.26-17.48.43:453][343]LogOnlineVoice: OSS: StopLocalVoiceProcessing(0) returned 0xFFFFFFFF
[2026.04.26-17.48.43:453][343]LogOnlineVoice: OSS: Stopping networked voice for user: 0
[2026.04.26-17.48.43:459][343]PIE: Error: SetInputMode_UIOnly expects a valid player controller as 'PlayerController' target
[2026.04.26-17.48.43:460][343]PIE: Server logged in
[2026.04.26-17.48.43:461][343]PIE: Play in editor total start time 0,323 seconds.
[2026.04.26-17.48.45:519][397]LogAudioMixer: Display: Audio Buffer Underrun (starvation) detected.
[2026.04.26-17.48.50:356][547]LogSlate: Updating window title bar state: overlay mode, drag disabled, window buttons hidden, title bar hidden
[2026.04.26-17.48.50:356][547]LogWorld: BeginTearingDown for /Game/Map/UEDPIE_0_MP_Lobby
[2026.04.26-17.48.50:357][547]LogWorld: UWorld::CleanupWorld for MP_Lobby, bSessionEnded=true, bCleanupResources=true
[2026.04.26-17.48.50:360][547]LogSlate: InvalidateAllWidgets triggered.  All widgets were invalidated
[2026.04.26-17.48.50:382][547]LogPlayLevel: Display: Shutting down PIE online subsystems
[2026.04.26-17.48.50:394][547]LogSlate: InvalidateAllWidgets triggered.  All widgets were invalidated
[2026.04.26-17.48.50:485][547]LogAudio: Display: Audio Device unregistered from world 'None'.
[2026.04.26-17.48.50:486][547]LogAudioMixer: FMixerPlatformXAudio2::StopAudioStream() called
[2026.04.26-17.48.50:488][547]LogAudioMixer: FMixerPlatformXAudio2::StopAudioStream() called
[2026.04.26-17.48.50:490][547]LogSlate: Updating window title bar state: overlay mode, drag disabled, window buttons hidden, title bar hidden
[2026.04.26-17.48.50:504][547]LogUObjectHash: Compacting FUObjectHashTables data took   9.50ms
[2026.04.26-17.48.50:619][548]LogPlayLevel: Display: Destroying online subsystem :Context_46
[2026.04.26-17.49.09:319][399]LogAudioMixer: Display: Audio Buffer Underrun (starvation) detected.
[2026.04.26-17.49.26:549][ 45]LogAudioMixer: Display: Audio Buffer Underrun (starvation) detected.
[2026.04.26-17.49.54:110][141]LogAudioMixer: Display: Audio Buffer Underrun (starvation) detected.
[2026.04.26-17.50.01:229][471]BlueprintLog: New page: Compile BP_NetworkCharacter
[2026.04.26-17.50.01:423][471]LogUObjectHash: Compacting FUObjectHashTables data took   7.21ms
[2026.04.26-17.50.02:098][493]Cmd: OBJ SAVEPACKAGE PACKAGE="/Game/Player/BP_NetworkCharacter" FILE="../../../../../../LastStep/PROJECT-LAST-STEP/Playtime_Multiplayer/Content/Player/BP_NetworkCharacter.uasset" SILENT=true
[2026.04.26-17.50.02:210][493]LogSavePackage: Moving '../../../../../../LastStep/PROJECT-LAST-STEP/Playtime_Multiplayer/Saved/BP_NetworkCharacter99739FB8404A7D53DC43F9A0BBFCC788.tmp' to '../../../../../../LastStep/PROJECT-LAST-STEP/Playtime_Multiplayer/Content/Player/BP_NetworkCharacter.uasset'
[2026.04.26-17.50.02:273][493]AssetCheck: New page: Asset Save: BP_NetworkCharacter
[2026.04.26-17.50.02:273][493]LogContentValidation: Display: Validating Blueprint /Game/Player/BP_NetworkCharacter.BP_NetworkCharacter
[2026.04.26-17.50.03:603][529]LogTemp: Repeating last play command: Selected Viewport
[2026.04.26-17.50.03:621][529]LogPlayLevel: PlayLevel: No blueprints needed recompiling
[2026.04.26-17.50.03:622][529]PIE: New page: PIE session: MP_Lobby (26 апр. 2026 г., 21:50:03)
[2026.04.26-17.50.03:624][529]LogPlayLevel: Creating play world package: /Game/Map/UEDPIE_0_MP_Lobby
[2026.04.26-17.50.03:705][529]LogPlayLevel: PIE: StaticDuplicateObject took: (0.080141s)
[2026.04.26-17.50.03:706][529]LogAIModule: Creating AISystem for world MP_Lobby
[2026.04.26-17.50.03:708][529]LogPlayLevel: PIE: World Init took: (0.003369s)
[2026.04.26-17.50.03:708][529]LogPlayLevel: PIE: Created PIE world by copying editor world from /Game/Map/MP_Lobby.MP_Lobby to /Game/Map/UEDPIE_0_MP_Lobby.MP_Lobby (0.083895s)
[2026.04.26-17.50.03:822][529]LogUObjectHash: Compacting FUObjectHashTables data took  11.09ms
[2026.04.26-17.50.03:823][529]LogAudio: Display: Creating Audio Device:                 Id: 29, Scope: Unique, Realtime: True
[2026.04.26-17.50.03:824][529]LogAudioMixer: Display: Audio Mixer Platform Settings:
[2026.04.26-17.50.03:824][529]LogAudioMixer: Display: 	Sample Rate:						  48000
[2026.04.26-17.50.03:824][529]LogAudioMixer: Display: 	Callback Buffer Frame Size Requested: 512
[2026.04.26-17.50.03:824][529]LogAudioMixer: Display: 	Callback Buffer Frame Size To Use:	  512
[2026.04.26-17.50.03:824][529]LogAudioMixer: Display: 	Number of buffers to queue:			  1
[2026.04.26-17.50.03:824][529]LogAudioMixer: Display: 	Max Channels (voices):				  0
[2026.04.26-17.50.03:824][529]LogAudioMixer: Display: 	Number of Async Source Workers:		  4
[2026.04.26-17.50.03:824][529]LogAudio: Display: AudioDevice MaxSources: 32
[2026.04.26-17.50.03:825][529]LogAudio: Display: Audio Spatialization Plugin: None (built-in).
[2026.04.26-17.50.03:825][529]LogAudio: Display: Audio Reverb Plugin: None (built-in).
[2026.04.26-17.50.03:825][529]LogAudio: Display: Audio Occlusion Plugin: None (built-in).
[2026.04.26-17.50.03:825][529]LogAudioMixer: Display: Initializing audio mixer.
[2026.04.26-17.50.03:833][529]LogAudioMixer: Display: 0: FrontLeft
[2026.04.26-17.50.03:833][529]LogAudioMixer: Display: 1: FrontRight
[2026.04.26-17.50.03:851][529]LogAudioMixer: Display: Using Audio Device Voicemeeter VAIO3 Input (VB-Audio Voicemeeter VAIO)
[2026.04.26-17.50.03:852][529]LogAudioMixer: Display: Initializing Sound Submixes...
[2026.04.26-17.50.03:852][529]LogAudioMixer: Display: Creating Master Submix 'MasterSubmixDefault'
[2026.04.26-17.50.03:852][529]LogAudioMixer: Display: Creating Master Submix 'MasterReverbSubmixDefault'
[2026.04.26-17.50.03:853][529]LogAudioMixer: Display: Creating Master Submix 'MasterEQSubmixDefault'
[2026.04.26-17.50.03:853][529]LogAudioMixer: FMixerPlatformXAudio2::StartAudioStream() called
[2026.04.26-17.50.03:853][529]LogAudioMixer: Display: Output buffers initialized: Frames=512, Channels=2, Samples=1024
[2026.04.26-17.50.03:856][529]LogAudioMixer: Display: Starting AudioMixerPlatformInterface::RunInternal()
[2026.04.26-17.50.03:856][529]LogAudioMixer: Display: FMixerPlatformXAudio2::SubmitBuffer() called for the first time
[2026.04.26-17.50.03:856][529]LogInit: FAudioDevice initialized.
[2026.04.26-17.50.03:856][529]LogAudio: Display: Audio Device (ID: 29) registered with world 'MP_Lobby'.
[2026.04.26-17.50.03:858][529]PIE: Warning: UGameViewportClient::AddCursor: Could not load cursor class 'UI_Cursor_C'.
[2026.04.26-17.50.03:871][529]LogLoad: Game class is 'FirstPersonGameMode_C'
[2026.04.26-17.50.03:883][529]LogWorld: Bringing World /Game/Map/UEDPIE_0_MP_Lobby.MP_Lobby up for play (max tick rate 60) at 2026.04.26-19.50.03
[2026.04.26-17.50.03:884][529]LogWorld: Bringing up level for play took: 0.011795
[2026.04.26-17.50.03:884][529]LogOnline: OSS: Creating online subsystem instance for: :Context_47
[2026.04.26-17.50.03:893][529]LogVoiceEncode: Display: EncoderVersion: libopus unknown
[2026.04.26-17.50.03:893][529]LogOnlineVoice: OSS: StopLocalVoiceProcessing(0) returned 0xFFFFFFFF
[2026.04.26-17.50.03:893][529]LogOnlineVoice: OSS: Stopping networked voice for user: 0
[2026.04.26-17.50.03:896][529]PIE: Error: SetInputMode_UIOnly expects a valid player controller as 'PlayerController' target
[2026.04.26-17.50.03:897][529]PIE: Server logged in
[2026.04.26-17.50.03:898][529]PIE: Play in editor total start time 0,281 seconds.
[2026.04.26-17.50.16:510][963]LogAudioMixer: Display: Audio Buffer Underrun (starvation) detected.
[2026.04.26-17.50.16:510][963]LogAudioMixer: Display: Audio Buffer Underrun (starvation) detected.
[2026.04.26-17.50.19:874][ 72]LogSlate: Updating window title bar state: overlay mode, drag disabled, window buttons hidden, title bar hidden
[2026.04.26-17.50.19:874][ 72]LogWorld: BeginTearingDown for /Game/Map/UEDPIE_0_MP_Lobby
[2026.04.26-17.50.19:874][ 72]LogWorld: UWorld::CleanupWorld for MP_Lobby, bSessionEnded=true, bCleanupResources=true
[2026.04.26-17.50.19:877][ 72]LogSlate: InvalidateAllWidgets triggered.  All widgets were invalidated
[2026.04.26-17.50.19:896][ 72]LogPlayLevel: Display: Shutting down PIE online subsystems
[2026.04.26-17.50.19:908][ 72]LogSlate: InvalidateAllWidgets triggered.  All widgets were invalidated
[2026.04.26-17.50.19:993][ 72]LogAudio: Display: Audio Device unregistered from world 'None'.
[2026.04.26-17.50.19:994][ 72]LogAudioMixer: FMixerPlatformXAudio2::StopAudioStream() called
[2026.04.26-17.50.19:997][ 72]LogAudioMixer: FMixerPlatformXAudio2::StopAudioStream() called
[2026.04.26-17.50.20:000][ 72]LogSlate: Updating window title bar state: overlay mode, drag disabled, window buttons hidden, title bar hidden
[2026.04.26-17.50.20:012][ 72]LogUObjectHash: Compacting FUObjectHashTables data took   6.69ms
[2026.04.26-17.50.20:095][ 73]LogPlayLevel: Display: Destroying online subsystem :Context_47
[2026.04.26-17.50.33:821][606]LogAudioMixer: Display: Audio Buffer Underrun (starvation) detected.
[2026.04.26-17.50.54:913][467]LogAudioMixer: Display: Audio Buffer Underrun (starvation) detected.
[2026.04.26-17.51.16:749][427]LogAudioMixer: Display: Audio Buffer Underrun (starvation) detected.
[2026.04.26-17.51.36:150][171]LogAudioMixer: Display: Audio Buffer Underrun (starvation) detected.
[2026.04.26-17.51.59:002][156]LogAudioMixer: Display: Audio Buffer Underrun (starvation) detected.
[2026.04.26-17.52.24:379][167]LogAudioMixer: Display: Audio Buffer Underrun (starvation) detected.
[2026.04.26-17.52.26:857][254]BlueprintLog: New page: Compile BP_NetworkCharacter
[2026.04.26-17.52.27:087][254]LogUObjectHash: Compacting FUObjectHashTables data took  11.45ms
[2026.04.26-17.52.28:679][290]LogTemp: Repeating last play command: Selected Viewport
[2026.04.26-17.52.28:698][290]LogPlayLevel: PlayLevel: No blueprints needed recompiling
[2026.04.26-17.52.28:698][290]PIE: New page: PIE session: MP_Lobby (26 апр. 2026 г., 21:52:28)
[2026.04.26-17.52.28:700][290]LogPlayLevel: Creating play world package: /Game/Map/UEDPIE_0_MP_Lobby
[2026.04.26-17.52.28:782][290]LogPlayLevel: PIE: StaticDuplicateObject took: (0.081845s)
[2026.04.26-17.52.28:784][290]LogAIModule: Creating AISystem for world MP_Lobby
[2026.04.26-17.52.28:784][290]LogPlayLevel: PIE: World Init took: (0.002736s)
[2026.04.26-17.52.28:784][290]LogPlayLevel: PIE: Created PIE world by copying editor world from /Game/Map/MP_Lobby.MP_Lobby to /Game/Map/UEDPIE_0_MP_Lobby.MP_Lobby (0.085009s)
[2026.04.26-17.52.28:894][290]LogUObjectHash: Compacting FUObjectHashTables data took   7.22ms
[2026.04.26-17.52.28:897][290]LogAudio: Display: Creating Audio Device:                 Id: 30, Scope: Unique, Realtime: True
[2026.04.26-17.52.28:897][290]LogAudioMixer: Display: Audio Mixer Platform Settings:
[2026.04.26-17.52.28:897][290]LogAudioMixer: Display: 	Sample Rate:						  48000
[2026.04.26-17.52.28:897][290]LogAudioMixer: Display: 	Callback Buffer Frame Size Requested: 512
[2026.04.26-17.52.28:897][290]LogAudioMixer: Display: 	Callback Buffer Frame Size To Use:	  512
[2026.04.26-17.52.28:897][290]LogAudioMixer: Display: 	Number of buffers to queue:			  1
[2026.04.26-17.52.28:897][290]LogAudioMixer: Display: 	Max Channels (voices):				  0
[2026.04.26-17.52.28:897][290]LogAudioMixer: Display: 	Number of Async Source Workers:		  4
[2026.04.26-17.52.28:897][290]LogAudio: Display: AudioDevice MaxSources: 32
[2026.04.26-17.52.28:898][290]LogAudio: Display: Audio Spatialization Plugin: None (built-in).
[2026.04.26-17.52.28:898][290]LogAudio: Display: Audio Reverb Plugin: None (built-in).
[2026.04.26-17.52.28:898][290]LogAudio: Display: Audio Occlusion Plugin: None (built-in).
[2026.04.26-17.52.28:898][290]LogAudioMixer: Display: Initializing audio mixer.
[2026.04.26-17.52.28:907][290]LogAudioMixer: Display: 0: FrontLeft
[2026.04.26-17.52.28:907][290]LogAudioMixer: Display: 1: FrontRight
[2026.04.26-17.52.28:923][290]LogAudioMixer: Display: Using Audio Device Voicemeeter VAIO3 Input (VB-Audio Voicemeeter VAIO)
[2026.04.26-17.52.28:923][290]LogAudioMixer: Display: Initializing Sound Submixes...
[2026.04.26-17.52.28:923][290]LogAudioMixer: Display: Creating Master Submix 'MasterSubmixDefault'
[2026.04.26-17.52.28:923][290]LogAudioMixer: Display: Creating Master Submix 'MasterReverbSubmixDefault'
[2026.04.26-17.52.28:924][290]LogAudioMixer: Display: Creating Master Submix 'MasterEQSubmixDefault'
[2026.04.26-17.52.28:924][290]LogAudioMixer: FMixerPlatformXAudio2::StartAudioStream() called
[2026.04.26-17.52.28:924][290]LogAudioMixer: Display: Output buffers initialized: Frames=512, Channels=2, Samples=1024
[2026.04.26-17.52.28:927][290]LogAudioMixer: Display: Starting AudioMixerPlatformInterface::RunInternal()
[2026.04.26-17.52.28:927][290]LogAudioMixer: Display: FMixerPlatformXAudio2::SubmitBuffer() called for the first time
[2026.04.26-17.52.28:927][290]LogInit: FAudioDevice initialized.
[2026.04.26-17.52.28:927][290]LogAudio: Display: Audio Device (ID: 30) registered with world 'MP_Lobby'.
[2026.04.26-17.52.28:928][290]PIE: Warning: UGameViewportClient::AddCursor: Could not load cursor class 'UI_Cursor_C'.
[2026.04.26-17.52.28:945][290]LogLoad: Game class is 'FirstPersonGameMode_C'
[2026.04.26-17.52.28:958][290]LogWorld: Bringing World /Game/Map/UEDPIE_0_MP_Lobby.MP_Lobby up for play (max tick rate 60) at 2026.04.26-19.52.28
[2026.04.26-17.52.28:958][290]LogWorld: Bringing up level for play took: 0.012982
[2026.04.26-17.52.28:959][290]LogOnline: OSS: Creating online subsystem instance for: :Context_48
[2026.04.26-17.52.28:962][290]LogVoiceEncode: Display: EncoderVersion: libopus unknown
[2026.04.26-17.52.28:962][290]LogOnlineVoice: OSS: StopLocalVoiceProcessing(0) returned 0xFFFFFFFF
[2026.04.26-17.52.28:962][290]LogOnlineVoice: OSS: Stopping networked voice for user: 0
[2026.04.26-17.52.28:973][290]PIE: Error: SetInputMode_UIOnly expects a valid player controller as 'PlayerController' target
[2026.04.26-17.52.28:974][290]PIE: Server logged in
[2026.04.26-17.52.28:975][290]PIE: Play in editor total start time 0,281 seconds.
[2026.04.26-17.52.39:120][565]LogAudioMixer: Display: Audio Buffer Underrun (starvation) detected.
[2026.04.26-17.52.39:120][565]LogAudioMixer: Display: Audio Buffer Underrun (starvation) detected.
[2026.04.26-17.52.42:345][657]LogSlate: Updating window title bar state: overlay mode, drag disabled, window buttons hidden, title bar hidden
[2026.04.26-17.52.42:345][657]LogWorld: BeginTearingDown for /Game/Map/UEDPIE_0_MP_Lobby
[2026.04.26-17.52.42:345][657]LogWorld: UWorld::CleanupWorld for MP_Lobby, bSessionEnded=true, bCleanupResources=true
[2026.04.26-17.52.42:353][657]LogSlate: InvalidateAllWidgets triggered.  All widgets were invalidated
[2026.04.26-17.52.42:384][657]LogPlayLevel: Display: Shutting down PIE online subsystems
[2026.04.26-17.52.42:404][657]LogSlate: InvalidateAllWidgets triggered.  All widgets were invalidated
[2026.04.26-17.52.42:523][657]LogAudio: Display: Audio Device unregistered from world 'None'.
[2026.04.26-17.52.42:523][657]LogAudioMixer: FMixerPlatformXAudio2::StopAudioStream() called
[2026.04.26-17.52.42:525][657]LogAudioMixer: FMixerPlatformXAudio2::StopAudioStream() called
[2026.04.26-17.52.42:530][657]LogSlate: Updating window title bar state: overlay mode, drag disabled, window buttons hidden, title bar hidden
[2026.04.26-17.52.42:542][657]LogUObjectHash: Compacting FUObjectHashTables data took   6.49ms
[2026.04.26-17.52.42:691][658]LogPlayLevel: Display: Destroying online subsystem :Context_48
[2026.04.26-17.52.49:180][906]LogAudioMixer: Display: Audio Buffer Underrun (starvation) detected.
[2026.04.26-17.53.11:761][731]LogAudioMixer: Display: Audio Buffer Underrun (starvation) detected.
[2026.04.26-17.53.30:461][383]LogAudioMixer: Display: Audio Buffer Underrun (starvation) detected.
[2026.04.26-17.53.43:270][742]LogTemp: Repeating last play command: Selected Viewport
[2026.04.26-17.53.43:289][742]LogPlayLevel: PlayLevel: No blueprints needed recompiling
[2026.04.26-17.53.43:289][742]PIE: New page: PIE session: MP_Lobby (26 апр. 2026 г., 21:53:43)
[2026.04.26-17.53.43:291][742]LogPlayLevel: Creating play world package: /Game/Map/UEDPIE_0_MP_Lobby
[2026.04.26-17.53.43:414][742]LogPlayLevel: PIE: StaticDuplicateObject took: (0.122134s)
[2026.04.26-17.53.43:415][742]LogAIModule: Creating AISystem for world MP_Lobby
[2026.04.26-17.53.43:416][742]LogPlayLevel: PIE: World Init took: (0.002453s)
[2026.04.26-17.53.43:416][742]LogPlayLevel: PIE: Created PIE world by copying editor world from /Game/Map/MP_Lobby.MP_Lobby to /Game/Map/UEDPIE_0_MP_Lobby.MP_Lobby (0.124993s)
[2026.04.26-17.53.43:570][742]LogUObjectHash: Compacting FUObjectHashTables data took   8.62ms
[2026.04.26-17.53.43:572][742]LogAudio: Display: Creating Audio Device:                 Id: 31, Scope: Unique, Realtime: True
[2026.04.26-17.53.43:572][742]LogAudioMixer: Display: Audio Mixer Platform Settings:
[2026.04.26-17.53.43:572][742]LogAudioMixer: Display: 	Sample Rate:						  48000
[2026.04.26-17.53.43:572][742]LogAudioMixer: Display: 	Callback Buffer Frame Size Requested: 512
[2026.04.26-17.53.43:572][742]LogAudioMixer: Display: 	Callback Buffer Frame Size To Use:	  512
[2026.04.26-17.53.43:572][742]LogAudioMixer: Display: 	Number of buffers to queue:			  1
[2026.04.26-17.53.43:572][742]LogAudioMixer: Display: 	Max Channels (voices):				  0
[2026.04.26-17.53.43:572][742]LogAudioMixer: Display: 	Number of Async Source Workers:		  4
[2026.04.26-17.53.43:572][742]LogAudio: Display: AudioDevice MaxSources: 32
[2026.04.26-17.53.43:574][742]LogAudio: Display: Audio Spatialization Plugin: None (built-in).
[2026.04.26-17.53.43:574][742]LogAudio: Display: Audio Reverb Plugin: None (built-in).
[2026.04.26-17.53.43:574][742]LogAudio: Display: Audio Occlusion Plugin: None (built-in).
[2026.04.26-17.53.43:574][742]LogAudioMixer: Display: Initializing audio mixer.
[2026.04.26-17.53.43:586][742]LogAudioMixer: Display: 0: FrontLeft
[2026.04.26-17.53.43:586][742]LogAudioMixer: Display: 1: FrontRight
[2026.04.26-17.53.43:610][742]LogAudioMixer: Display: Using Audio Device Voicemeeter VAIO3 Input (VB-Audio Voicemeeter VAIO)
[2026.04.26-17.53.43:610][742]LogAudioMixer: Display: Initializing Sound Submixes...
[2026.04.26-17.53.43:610][742]LogAudioMixer: Display: Creating Master Submix 'MasterSubmixDefault'
[2026.04.26-17.53.43:610][742]LogAudioMixer: Display: Creating Master Submix 'MasterReverbSubmixDefault'
[2026.04.26-17.53.43:612][742]LogAudioMixer: Display: Creating Master Submix 'MasterEQSubmixDefault'
[2026.04.26-17.53.43:612][742]LogAudioMixer: FMixerPlatformXAudio2::StartAudioStream() called
[2026.04.26-17.53.43:612][742]LogAudioMixer: Display: Output buffers initialized: Frames=512, Channels=2, Samples=1024
[2026.04.26-17.53.43:614][742]LogAudioMixer: Display: Starting AudioMixerPlatformInterface::RunInternal()
[2026.04.26-17.53.43:614][742]LogAudioMixer: Display: FMixerPlatformXAudio2::SubmitBuffer() called for the first time
[2026.04.26-17.53.43:614][742]LogInit: FAudioDevice initialized.
[2026.04.26-17.53.43:614][742]LogAudio: Display: Audio Device (ID: 31) registered with world 'MP_Lobby'.
[2026.04.26-17.53.43:615][742]PIE: Warning: UGameViewportClient::AddCursor: Could not load cursor class 'UI_Cursor_C'.
[2026.04.26-17.53.43:632][742]LogLoad: Game class is 'FirstPersonGameMode_C'
[2026.04.26-17.53.43:648][742]LogWorld: Bringing World /Game/Map/UEDPIE_0_MP_Lobby.MP_Lobby up for play (max tick rate 60) at 2026.04.26-19.53.43
[2026.04.26-17.53.43:648][742]LogWorld: Bringing up level for play took: 0.016099
[2026.04.26-17.53.43:649][742]LogOnline: OSS: Creating online subsystem instance for: :Context_49
[2026.04.26-17.53.43:654][742]LogVoiceEncode: Display: EncoderVersion: libopus unknown
[2026.04.26-17.53.43:654][742]LogOnlineVoice: OSS: StopLocalVoiceProcessing(0) returned 0xFFFFFFFF
[2026.04.26-17.53.43:654][742]LogOnlineVoice: OSS: Stopping networked voice for user: 0
[2026.04.26-17.53.43:663][742]PIE: Error: SetInputMode_UIOnly expects a valid player controller as 'PlayerController' target
[2026.04.26-17.53.43:664][742]PIE: Server logged in
[2026.04.26-17.53.43:665][742]PIE: Play in editor total start time 0,379 seconds.
[2026.04.26-17.53.55:694][ 84]LogSlate: Updating window title bar state: overlay mode, drag disabled, window buttons hidden, title bar hidden
[2026.04.26-17.53.55:694][ 84]LogWorld: BeginTearingDown for /Game/Map/UEDPIE_0_MP_Lobby
[2026.04.26-17.53.55:695][ 84]LogWorld: UWorld::CleanupWorld for MP_Lobby, bSessionEnded=true, bCleanupResources=true
[2026.04.26-17.53.55:700][ 84]LogSlate: InvalidateAllWidgets triggered.  All widgets were invalidated
[2026.04.26-17.53.55:792][ 84]LogPlayLevel: Display: Shutting down PIE online subsystems
[2026.04.26-17.53.55:811][ 84]LogSlate: InvalidateAllWidgets triggered.  All widgets were invalidated
[2026.04.26-17.53.55:940][ 84]LogAudio: Display: Audio Device unregistered from world 'None'.
[2026.04.26-17.53.55:943][ 84]LogAudioMixer: FMixerPlatformXAudio2::StopAudioStream() called
[2026.04.26-17.53.55:945][ 84]LogAudioMixer: FMixerPlatformXAudio2::StopAudioStream() called
[2026.04.26-17.53.55:950][ 84]LogSlate: Updating window title bar state: overlay mode, drag disabled, window buttons hidden, title bar hidden
[2026.04.26-17.53.55:966][ 84]LogUObjectHash: Compacting FUObjectHashTables data took   6.69ms
[2026.04.26-17.53.56:085][ 85]LogPlayLevel: Display: Destroying online subsystem :Context_49
[2026.04.26-17.54.05:398][423]LogAudioMixer: Display: Audio Buffer Underrun (starvation) detected.
[2026.04.26-17.54.29:440][275]LogAudioMixer: Display: Audio Buffer Underrun (starvation) detected.
[2026.04.26-17.54.48:700][995]LogAudioMixer: Display: Audio Buffer Underrun (starvation) detected.
[2026.04.26-17.55.13:336][912]LogAudioMixer: Display: Audio Buffer Underrun (starvation) detected.
[2026.04.26-17.55.29:336][474]LogAudioMixer: Display: Audio Buffer Underrun (starvation) detected.
[2026.04.26-17.55.47:664][133]LogAudioMixer: Display: Audio Buffer Underrun (starvation) detected.
[2026.04.26-17.56.07:497][940]LogAudioMixer: Display: Audio Buffer Underrun (starvation) detected.
[2026.04.26-17.56.20:447][489]BlueprintLog: New page: Compile BP_NetworkCharacter
[2026.04.26-17.56.20:654][489]LogUObjectHash: Compacting FUObjectHashTables data took   7.26ms
[2026.04.26-17.56.23:136][561]LogAudioMixer: Display: Audio Buffer Underrun (starvation) detected.
[2026.04.26-17.56.36:089][ 52]LogTemp: Repeating last play command: Selected Viewport
[2026.04.26-17.56.36:104][ 52]LogPlayLevel: PlayLevel: No blueprints needed recompiling
[2026.04.26-17.56.36:104][ 52]PIE: New page: PIE session: MP_Lobby (26 апр. 2026 г., 21:56:36)
[2026.04.26-17.56.36:106][ 52]LogPlayLevel: Creating play world package: /Game/Map/UEDPIE_0_MP_Lobby
[2026.04.26-17.56.36:182][ 52]LogPlayLevel: PIE: StaticDuplicateObject took: (0.076542s)
[2026.04.26-17.56.36:184][ 52]LogAIModule: Creating AISystem for world MP_Lobby
[2026.04.26-17.56.36:186][ 52]LogPlayLevel: PIE: World Init took: (0.002933s)
[2026.04.26-17.56.36:186][ 52]LogPlayLevel: PIE: Created PIE world by copying editor world from /Game/Map/MP_Lobby.MP_Lobby to /Game/Map/UEDPIE_0_MP_Lobby.MP_Lobby (0.079883s)
[2026.04.26-17.56.36:291][ 52]LogUObjectHash: Compacting FUObjectHashTables data took  11.92ms
[2026.04.26-17.56.36:295][ 52]LogAudio: Display: Creating Audio Device:                 Id: 32, Scope: Unique, Realtime: True
[2026.04.26-17.56.36:295][ 52]LogAudioMixer: Display: Audio Mixer Platform Settings:
[2026.04.26-17.56.36:295][ 52]LogAudioMixer: Display: 	Sample Rate:						  48000
[2026.04.26-17.56.36:295][ 52]LogAudioMixer: Display: 	Callback Buffer Frame Size Requested: 512
[2026.04.26-17.56.36:295][ 52]LogAudioMixer: Display: 	Callback Buffer Frame Size To Use:	  512
[2026.04.26-17.56.36:295][ 52]LogAudioMixer: Display: 	Number of buffers to queue:			  1
[2026.04.26-17.56.36:295][ 52]LogAudioMixer: Display: 	Max Channels (voices):				  0
[2026.04.26-17.56.36:295][ 52]LogAudioMixer: Display: 	Number of Async Source Workers:		  4
[2026.04.26-17.56.36:295][ 52]LogAudio: Display: AudioDevice MaxSources: 32
[2026.04.26-17.56.36:297][ 52]LogAudio: Display: Audio Spatialization Plugin: None (built-in).
[2026.04.26-17.56.36:297][ 52]LogAudio: Display: Audio Reverb Plugin: None (built-in).
[2026.04.26-17.56.36:297][ 52]LogAudio: Display: Audio Occlusion Plugin: None (built-in).
[2026.04.26-17.56.36:297][ 52]LogAudioMixer: Display: Initializing audio mixer.
[2026.04.26-17.56.36:308][ 52]LogAudioMixer: Display: 0: FrontLeft
[2026.04.26-17.56.36:308][ 52]LogAudioMixer: Display: 1: FrontRight
[2026.04.26-17.56.36:345][ 52]LogAudioMixer: Display: Using Audio Device Voicemeeter VAIO3 Input (VB-Audio Voicemeeter VAIO)
[2026.04.26-17.56.36:345][ 52]LogAudioMixer: Display: Initializing Sound Submixes...
[2026.04.26-17.56.36:345][ 52]LogAudioMixer: Display: Creating Master Submix 'MasterSubmixDefault'
[2026.04.26-17.56.36:345][ 52]LogAudioMixer: Display: Creating Master Submix 'MasterReverbSubmixDefault'
[2026.04.26-17.56.36:347][ 52]LogAudioMixer: Display: Creating Master Submix 'MasterEQSubmixDefault'
[2026.04.26-17.56.36:347][ 52]LogAudioMixer: FMixerPlatformXAudio2::StartAudioStream() called
[2026.04.26-17.56.36:347][ 52]LogAudioMixer: Display: Output buffers initialized: Frames=512, Channels=2, Samples=1024
[2026.04.26-17.56.36:350][ 52]LogAudioMixer: Display: Starting AudioMixerPlatformInterface::RunInternal()
[2026.04.26-17.56.36:350][ 52]LogAudioMixer: Display: FMixerPlatformXAudio2::SubmitBuffer() called for the first time
[2026.04.26-17.56.36:350][ 52]LogInit: FAudioDevice initialized.
[2026.04.26-17.56.36:350][ 52]LogAudio: Display: Audio Device (ID: 32) registered with world 'MP_Lobby'.
[2026.04.26-17.56.36:350][ 52]PIE: Warning: UGameViewportClient::AddCursor: Could not load cursor class 'UI_Cursor_C'.
[2026.04.26-17.56.36:370][ 52]LogLoad: Game class is 'FirstPersonGameMode_C'
[2026.04.26-17.56.36:385][ 52]LogWorld: Bringing World /Game/Map/UEDPIE_0_MP_Lobby.MP_Lobby up for play (max tick rate 60) at 2026.04.26-19.56.36
[2026.04.26-17.56.36:386][ 52]LogWorld: Bringing up level for play took: 0.013237
[2026.04.26-17.56.36:386][ 52]LogOnline: OSS: Creating online subsystem instance for: :Context_50
[2026.04.26-17.56.36:390][ 52]LogVoiceEncode: Display: EncoderVersion: libopus unknown
[2026.04.26-17.56.36:390][ 52]LogOnlineVoice: OSS: StopLocalVoiceProcessing(0) returned 0xFFFFFFFF
[2026.04.26-17.56.36:390][ 52]LogOnlineVoice: OSS: Stopping networked voice for user: 0
[2026.04.26-17.56.36:400][ 52]PIE: Error: SetInputMode_UIOnly expects a valid player controller as 'PlayerController' target
[2026.04.26-17.56.36:402][ 52]PIE: Server logged in
[2026.04.26-17.56.36:405][ 52]PIE: Play in editor total start time 0,303 seconds.
[2026.04.26-17.56.40:844][179]LogSlate: Updating window title bar state: overlay mode, drag disabled, window buttons hidden, title bar hidden
[2026.04.26-17.56.40:844][179]LogWorld: BeginTearingDown for /Game/Map/UEDPIE_0_MP_Lobby
[2026.04.26-17.56.40:846][179]LogWorld: UWorld::CleanupWorld for MP_Lobby, bSessionEnded=true, bCleanupResources=true
[2026.04.26-17.56.40:849][179]LogSlate: InvalidateAllWidgets triggered.  All widgets were invalidated
[2026.04.26-17.56.40:865][179]LogPlayLevel: Display: Shutting down PIE online subsystems
[2026.04.26-17.56.40:881][179]LogSlate: InvalidateAllWidgets triggered.  All widgets were invalidated
[2026.04.26-17.56.40:968][179]LogAudio: Display: Audio Device unregistered from world 'None'.
[2026.04.26-17.56.40:969][179]LogAudioMixer: FMixerPlatformXAudio2::StopAudioStream() called
[2026.04.26-17.56.40:971][179]LogAudioMixer: FMixerPlatformXAudio2::StopAudioStream() called
[2026.04.26-17.56.40:973][179]LogSlate: Updating window title bar state: overlay mode, drag disabled, window buttons hidden, title bar hidden
[2026.04.26-17.56.40:983][179]LogUObjectHash: Compacting FUObjectHashTables data took   5.72ms
[2026.04.26-17.56.41:458][179]LogAudioMixer: Display: Audio Buffer Underrun (starvation) detected.
[2026.04.26-17.56.41:653][180]LogPlayLevel: Display: Destroying online subsystem :Context_50
[2026.04.26-17.56.54:055][706]BlueprintLog: New page: Compile BP_NetworkCharacter
[2026.04.26-17.56.54:243][706]LogUObjectHash: Compacting FUObjectHashTables data took   7.91ms
[2026.04.26-17.56.56:563][779]LogAudioMixer: Display: Audio Buffer Underrun (starvation) detected.
[2026.04.26-17.57.15:207][556]LogAudioMixer: Display: Audio Buffer Underrun (starvation) detected.
[2026.04.26-17.57.40:411][655]LogAudioMixer: Display: Audio Buffer Underrun (starvation) detected.
[2026.04.26-17.57.45:439][819]LogTemp: Repeating last play command: Selected Viewport
[2026.04.26-17.57.45:458][819]BlueprintLog: New page: Pre-Play auto-recompile
[2026.04.26-17.57.45:462][819]LogPlayLevel: [PlayLevel] Compiling BP_NetworkCharacter before play...
[2026.04.26-17.57.45:748][819]LogUObjectHash: Compacting FUObjectHashTables data took  13.29ms
[2026.04.26-17.57.45:749][819]LogPlayLevel: PlayLevel: Blueprint regeneration took 290 ms (1 blueprints)
[2026.04.26-17.57.45:749][819]PIE: New page: PIE session: MP_Lobby (26 апр. 2026 г., 21:57:45)
[2026.04.26-17.57.45:751][819]LogPlayLevel: Creating play world package: /Game/Map/UEDPIE_0_MP_Lobby
[2026.04.26-17.57.45:804][819]LogPlayLevel: PIE: StaticDuplicateObject took: (0.053825s)
[2026.04.26-17.57.45:806][819]LogAIModule: Creating AISystem for world MP_Lobby
[2026.04.26-17.57.45:807][819]LogPlayLevel: PIE: World Init took: (0.002760s)
[2026.04.26-17.57.45:807][819]LogPlayLevel: PIE: Created PIE world by copying editor world from /Game/Map/MP_Lobby.MP_Lobby to /Game/Map/UEDPIE_0_MP_Lobby.MP_Lobby (0.056948s)
[2026.04.26-17.57.45:920][819]LogUObjectHash: Compacting FUObjectHashTables data took   4.76ms
[2026.04.26-17.57.45:921][819]LogAudio: Display: Creating Audio Device:                 Id: 33, Scope: Unique, Realtime: True
[2026.04.26-17.57.45:921][819]LogAudioMixer: Display: Audio Mixer Platform Settings:
[2026.04.26-17.57.45:921][819]LogAudioMixer: Display: 	Sample Rate:						  48000
[2026.04.26-17.57.45:921][819]LogAudioMixer: Display: 	Callback Buffer Frame Size Requested: 512
[2026.04.26-17.57.45:921][819]LogAudioMixer: Display: 	Callback Buffer Frame Size To Use:	  512
[2026.04.26-17.57.45:921][819]LogAudioMixer: Display: 	Number of buffers to queue:			  1
[2026.04.26-17.57.45:921][819]LogAudioMixer: Display: 	Max Channels (voices):				  0
[2026.04.26-17.57.45:921][819]LogAudioMixer: Display: 	Number of Async Source Workers:		  4
[2026.04.26-17.57.45:921][819]LogAudio: Display: AudioDevice MaxSources: 32
[2026.04.26-17.57.45:921][819]LogAudio: Display: Audio Spatialization Plugin: None (built-in).
[2026.04.26-17.57.45:923][819]LogAudio: Display: Audio Reverb Plugin: None (built-in).
[2026.04.26-17.57.45:923][819]LogAudio: Display: Audio Occlusion Plugin: None (built-in).
[2026.04.26-17.57.45:923][819]LogAudioMixer: Display: Initializing audio mixer.
[2026.04.26-17.57.45:930][819]LogAudioMixer: Display: 0: FrontLeft
[2026.04.26-17.57.45:930][819]LogAudioMixer: Display: 1: FrontRight
[2026.04.26-17.57.45:944][819]LogAudioMixer: Display: Using Audio Device Voicemeeter VAIO3 Input (VB-Audio Voicemeeter VAIO)
[2026.04.26-17.57.45:947][819]LogAudioMixer: Display: Initializing Sound Submixes...
[2026.04.26-17.57.45:947][819]LogAudioMixer: Display: Creating Master Submix 'MasterSubmixDefault'
[2026.04.26-17.57.45:947][819]LogAudioMixer: Display: Creating Master Submix 'MasterReverbSubmixDefault'
[2026.04.26-17.57.45:947][819]LogAudioMixer: Display: Creating Master Submix 'MasterEQSubmixDefault'
[2026.04.26-17.57.45:948][819]LogAudioMixer: FMixerPlatformXAudio2::StartAudioStream() called
[2026.04.26-17.57.45:948][819]LogAudioMixer: Display: Output buffers initialized: Frames=512, Channels=2, Samples=1024
[2026.04.26-17.57.45:950][819]LogAudioMixer: Display: Starting AudioMixerPlatformInterface::RunInternal()
[2026.04.26-17.57.45:950][819]LogAudioMixer: Display: FMixerPlatformXAudio2::SubmitBuffer() called for the first time
[2026.04.26-17.57.45:950][819]LogInit: FAudioDevice initialized.
[2026.04.26-17.57.45:950][819]LogAudio: Display: Audio Device (ID: 33) registered with world 'MP_Lobby'.
[2026.04.26-17.57.45:950][819]PIE: Warning: UGameViewportClient::AddCursor: Could not load cursor class 'UI_Cursor_C'.
[2026.04.26-17.57.45:964][819]LogLoad: Game class is 'FirstPersonGameMode_C'
[2026.04.26-17.57.45:974][819]LogWorld: Bringing World /Game/Map/UEDPIE_0_MP_Lobby.MP_Lobby up for play (max tick rate 60) at 2026.04.26-19.57.45
[2026.04.26-17.57.45:976][819]LogWorld: Bringing up level for play took: 0.012150
[2026.04.26-17.57.45:977][819]LogOnline: OSS: Creating online subsystem instance for: :Context_51
[2026.04.26-17.57.45:983][819]LogVoiceEncode: Display: EncoderVersion: libopus unknown
[2026.04.26-17.57.45:983][819]LogOnlineVoice: OSS: StopLocalVoiceProcessing(0) returned 0xFFFFFFFF
[2026.04.26-17.57.45:983][819]LogOnlineVoice: OSS: Stopping networked voice for user: 0
[2026.04.26-17.57.45:990][819]PIE: Error: SetInputMode_UIOnly expects a valid player controller as 'PlayerController' target
[2026.04.26-17.57.45:990][819]PIE: Server logged in
[2026.04.26-17.57.45:991][819]PIE: Play in editor total start time 0,535 seconds.
[2026.04.26-17.58.04:761][363]LogAudioMixer: Display: Audio Buffer Underrun (starvation) detected.
[2026.04.26-17.58.04:761][363]LogAudioMixer: Display: Audio Buffer Underrun (starvation) detected.
[2026.04.26-17.58.10:744][547]LogSlate: Updating window title bar state: overlay mode, drag disabled, window buttons hidden, title bar hidden
[2026.04.26-17.58.10:745][547]LogWorld: BeginTearingDown for /Game/Map/UEDPIE_0_MP_Lobby
[2026.04.26-17.58.10:745][547]LogWorld: UWorld::CleanupWorld for MP_Lobby, bSessionEnded=true, bCleanupResources=true
[2026.04.26-17.58.10:748][547]LogSlate: InvalidateAllWidgets triggered.  All widgets were invalidated
[2026.04.26-17.58.10:787][547]LogPlayLevel: Display: Shutting down PIE online subsystems
[2026.04.26-17.58.10:800][547]LogSlate: InvalidateAllWidgets triggered.  All widgets were invalidated
[2026.04.26-17.58.10:898][547]LogSlate: Updating window title bar state: overlay mode, drag disabled, window buttons hidden, title bar hidden
[2026.04.26-17.58.10:901][547]LogAudioMixer: FMixerPlatformXAudio2::StopAudioStream() called
[2026.04.26-17.58.10:903][547]LogAudioMixer: FMixerPlatformXAudio2::StopAudioStream() called
[2026.04.26-17.58.10:917][547]LogUObjectHash: Compacting FUObjectHashTables data took   6.30ms
[2026.04.26-17.58.11:017][548]LogPlayLevel: Display: Destroying online subsystem :Context_51
[2026.04.26-17.58.19:009][915]LogAudioMixer: Display: Audio Buffer Underrun (starvation) detected.
[2026.04.26-17.58.31:790][526]LogAudioMixer: Display: Audio Buffer Underrun (starvation) detected.
[2026.04.26-17.58.31:791][526]LogD3D11RHI: Timed out while waiting for GPU to catch up. (0.5 s) (ErrorCode 00000001) (00000000)
[2026.04.26-17.58.50:188][371]BlueprintLog: New page: Compile BP_NetworkCharacter
[2026.04.26-17.58.50:438][371]LogUObjectHash: Compacting FUObjectHashTables data took   9.79ms
[2026.04.26-17.58.53:029][461]LogTemp: Repeating last play command: Selected Viewport
[2026.04.26-17.58.53:053][461]LogPlayLevel: PlayLevel: No blueprints needed recompiling
[2026.04.26-17.58.53:053][461]PIE: New page: PIE session: MP_Lobby (26 апр. 2026 г., 21:58:53)
[2026.04.26-17.58.53:055][461]LogPlayLevel: Creating play world package: /Game/Map/UEDPIE_0_MP_Lobby
[2026.04.26-17.58.53:132][461]LogPlayLevel: PIE: StaticDuplicateObject took: (0.078486s)
[2026.04.26-17.58.53:135][461]LogAIModule: Creating AISystem for world MP_Lobby
[2026.04.26-17.58.53:136][461]LogPlayLevel: PIE: World Init took: (0.002494s)
[2026.04.26-17.58.53:136][461]LogPlayLevel: PIE: Created PIE world by copying editor world from /Game/Map/MP_Lobby.MP_Lobby to /Game/Map/UEDPIE_0_MP_Lobby.MP_Lobby (0.081459s)
[2026.04.26-17.58.53:244][461]LogUObjectHash: Compacting FUObjectHashTables data took   7.01ms
[2026.04.26-17.58.53:245][461]LogAudio: Display: Creating Audio Device:                 Id: 34, Scope: Unique, Realtime: True
[2026.04.26-17.58.53:245][461]LogAudioMixer: Display: Audio Mixer Platform Settings:
[2026.04.26-17.58.53:245][461]LogAudioMixer: Display: 	Sample Rate:						  48000
[2026.04.26-17.58.53:245][461]LogAudioMixer: Display: 	Callback Buffer Frame Size Requested: 512
[2026.04.26-17.58.53:245][461]LogAudioMixer: Display: 	Callback Buffer Frame Size To Use:	  512
[2026.04.26-17.58.53:245][461]LogAudioMixer: Display: 	Number of buffers to queue:			  1
[2026.04.26-17.58.53:245][461]LogAudioMixer: Display: 	Max Channels (voices):				  0
[2026.04.26-17.58.53:245][461]LogAudioMixer: Display: 	Number of Async Source Workers:		  4
[2026.04.26-17.58.53:245][461]LogAudio: Display: AudioDevice MaxSources: 32
[2026.04.26-17.58.53:248][461]LogAudio: Display: Audio Spatialization Plugin: None (built-in).
[2026.04.26-17.58.53:248][461]LogAudio: Display: Audio Reverb Plugin: None (built-in).
[2026.04.26-17.58.53:248][461]LogAudio: Display: Audio Occlusion Plugin: None (built-in).
[2026.04.26-17.58.53:248][461]LogAudioMixer: Display: Initializing audio mixer.
[2026.04.26-17.58.53:257][461]LogAudioMixer: Display: 0: FrontLeft
[2026.04.26-17.58.53:257][461]LogAudioMixer: Display: 1: FrontRight
[2026.04.26-17.58.53:278][461]LogAudioMixer: Display: Using Audio Device Voicemeeter VAIO3 Input (VB-Audio Voicemeeter VAIO)
[2026.04.26-17.58.53:279][461]LogAudioMixer: Display: Initializing Sound Submixes...
[2026.04.26-17.58.53:279][461]LogAudioMixer: Display: Creating Master Submix 'MasterSubmixDefault'
[2026.04.26-17.58.53:279][461]LogAudioMixer: Display: Creating Master Submix 'MasterReverbSubmixDefault'
[2026.04.26-17.58.53:280][461]LogAudioMixer: Display: Creating Master Submix 'MasterEQSubmixDefault'
[2026.04.26-17.58.53:281][461]LogAudioMixer: FMixerPlatformXAudio2::StartAudioStream() called
[2026.04.26-17.58.53:281][461]LogAudioMixer: Display: Output buffers initialized: Frames=512, Channels=2, Samples=1024
[2026.04.26-17.58.53:285][461]LogAudioMixer: Display: Starting AudioMixerPlatformInterface::RunInternal()
[2026.04.26-17.58.53:285][461]LogAudioMixer: Display: FMixerPlatformXAudio2::SubmitBuffer() called for the first time
[2026.04.26-17.58.53:285][461]LogInit: FAudioDevice initialized.
[2026.04.26-17.58.53:285][461]LogAudio: Display: Audio Device (ID: 34) registered with world 'MP_Lobby'.
[2026.04.26-17.58.53:286][461]PIE: Warning: UGameViewportClient::AddCursor: Could not load cursor class 'UI_Cursor_C'.
[2026.04.26-17.58.53:303][461]LogLoad: Game class is 'FirstPersonGameMode_C'
[2026.04.26-17.58.53:319][461]LogWorld: Bringing World /Game/Map/UEDPIE_0_MP_Lobby.MP_Lobby up for play (max tick rate 60) at 2026.04.26-19.58.53
[2026.04.26-17.58.53:320][461]LogWorld: Bringing up level for play took: 0.015433
[2026.04.26-17.58.53:320][461]LogOnline: OSS: Creating online subsystem instance for: :Context_52
[2026.04.26-17.58.53:328][461]LogVoiceEncode: Display: EncoderVersion: libopus unknown
[2026.04.26-17.58.53:328][461]LogOnlineVoice: OSS: StopLocalVoiceProcessing(0) returned 0xFFFFFFFF
[2026.04.26-17.58.53:328][461]LogOnlineVoice: OSS: Stopping networked voice for user: 0
[2026.04.26-17.58.53:334][461]PIE: Error: SetInputMode_UIOnly expects a valid player controller as 'PlayerController' target
[2026.04.26-17.58.53:335][461]PIE: Server logged in
[2026.04.26-17.58.53:336][461]PIE: Play in editor total start time 0,287 seconds.
[2026.04.26-17.58.53:768][473]LogAudioMixer: Display: Audio Buffer Underrun (starvation) detected.
[2026.04.26-17.59.04:858][841]LogSlate: Updating window title bar state: overlay mode, drag disabled, window buttons hidden, title bar hidden
[2026.04.26-17.59.04:858][841]LogWorld: BeginTearingDown for /Game/Map/UEDPIE_0_MP_Lobby
[2026.04.26-17.59.04:859][841]LogWorld: UWorld::CleanupWorld for MP_Lobby, bSessionEnded=true, bCleanupResources=true
[2026.04.26-17.59.04:865][841]LogSlate: InvalidateAllWidgets triggered.  All widgets were invalidated
[2026.04.26-17.59.04:898][841]LogPlayLevel: Display: Shutting down PIE online subsystems
[2026.04.26-17.59.04:913][841]LogSlate: InvalidateAllWidgets triggered.  All widgets were invalidated
[2026.04.26-17.59.05:077][841]LogAudio: Display: Audio Device unregistered from world 'None'.
[2026.04.26-17.59.05:081][841]LogAudioMixer: FMixerPlatformXAudio2::StopAudioStream() called
[2026.04.26-17.59.05:084][841]LogAudioMixer: FMixerPlatformXAudio2::StopAudioStream() called
[2026.04.26-17.59.05:091][841]LogSlate: Updating window title bar state: overlay mode, drag disabled, window buttons hidden, title bar hidden
[2026.04.26-17.59.05:106][841]LogUObjectHash: Compacting FUObjectHashTables data took   7.58ms
[2026.04.26-17.59.05:207][842]LogPlayLevel: Display: Destroying online subsystem :Context_52
[2026.04.26-17.59.09:411][985]LogAudioMixer: Display: Audio Buffer Underrun (starvation) detected.
[2026.04.26-17.59.25:146][722]LogAudioMixer: Display: Audio Buffer Underrun (starvation) detected.
[2026.04.26-17.59.40:732][406]BlueprintLog: New page: Compile BP_NetworkCharacter
[2026.04.26-17.59.40:970][406]LogUObjectHash: Compacting FUObjectHashTables data took   7.05ms
[2026.04.26-17.59.41:661][409]LogAudioMixer: Display: Audio Buffer Underrun (starvation) detected.
[2026.04.26-17.59.43:894][483]LogTemp: Repeating last play command: Selected Viewport
[2026.04.26-17.59.43:912][483]LogPlayLevel: PlayLevel: No blueprints needed recompiling
[2026.04.26-17.59.43:912][483]PIE: New page: PIE session: MP_Lobby (26 апр. 2026 г., 21:59:43)
[2026.04.26-17.59.43:914][483]LogPlayLevel: Creating play world package: /Game/Map/UEDPIE_0_MP_Lobby
[2026.04.26-17.59.44:014][483]LogPlayLevel: PIE: StaticDuplicateObject took: (0.100259s)
[2026.04.26-17.59.44:017][483]LogAIModule: Creating AISystem for world MP_Lobby
[2026.04.26-17.59.44:018][483]LogPlayLevel: PIE: World Init took: (0.004195s)
[2026.04.26-17.59.44:018][483]LogPlayLevel: PIE: Created PIE world by copying editor world from /Game/Map/MP_Lobby.MP_Lobby to /Game/Map/UEDPIE_0_MP_Lobby.MP_Lobby (0.104867s)
[2026.04.26-17.59.44:128][483]LogUObjectHash: Compacting FUObjectHashTables data took  12.37ms
[2026.04.26-17.59.44:128][483]LogAudio: Display: Creating Audio Device:                 Id: 35, Scope: Unique, Realtime: True
[2026.04.26-17.59.44:128][483]LogAudioMixer: Display: Audio Mixer Platform Settings:
[2026.04.26-17.59.44:128][483]LogAudioMixer: Display: 	Sample Rate:						  48000
[2026.04.26-17.59.44:128][483]LogAudioMixer: Display: 	Callback Buffer Frame Size Requested: 512
[2026.04.26-17.59.44:128][483]LogAudioMixer: Display: 	Callback Buffer Frame Size To Use:	  512
[2026.04.26-17.59.44:128][483]LogAudioMixer: Display: 	Number of buffers to queue:			  1
[2026.04.26-17.59.44:128][483]LogAudioMixer: Display: 	Max Channels (voices):				  0
[2026.04.26-17.59.44:128][483]LogAudioMixer: Display: 	Number of Async Source Workers:		  4
[2026.04.26-17.59.44:128][483]LogAudio: Display: AudioDevice MaxSources: 32
[2026.04.26-17.59.44:130][483]LogAudio: Display: Audio Spatialization Plugin: None (built-in).
[2026.04.26-17.59.44:130][483]LogAudio: Display: Audio Reverb Plugin: None (built-in).
[2026.04.26-17.59.44:130][483]LogAudio: Display: Audio Occlusion Plugin: None (built-in).
[2026.04.26-17.59.44:130][483]LogAudioMixer: Display: Initializing audio mixer.
[2026.04.26-17.59.44:137][483]LogAudioMixer: Display: 0: FrontLeft
[2026.04.26-17.59.44:137][483]LogAudioMixer: Display: 1: FrontRight
[2026.04.26-17.59.44:157][483]LogAudioMixer: Display: Using Audio Device Voicemeeter VAIO3 Input (VB-Audio Voicemeeter VAIO)
[2026.04.26-17.59.44:158][483]LogAudioMixer: Display: Initializing Sound Submixes...
[2026.04.26-17.59.44:158][483]LogAudioMixer: Display: Creating Master Submix 'MasterSubmixDefault'
[2026.04.26-17.59.44:158][483]LogAudioMixer: Display: Creating Master Submix 'MasterReverbSubmixDefault'
[2026.04.26-17.59.44:159][483]LogAudioMixer: Display: Creating Master Submix 'MasterEQSubmixDefault'
[2026.04.26-17.59.44:159][483]LogAudioMixer: FMixerPlatformXAudio2::StartAudioStream() called
[2026.04.26-17.59.44:159][483]LogAudioMixer: Display: Output buffers initialized: Frames=512, Channels=2, Samples=1024
[2026.04.26-17.59.44:162][483]LogAudioMixer: Display: Starting AudioMixerPlatformInterface::RunInternal()
[2026.04.26-17.59.44:162][483]LogAudioMixer: Display: FMixerPlatformXAudio2::SubmitBuffer() called for the first time
[2026.04.26-17.59.44:162][483]LogInit: FAudioDevice initialized.
[2026.04.26-17.59.44:162][483]LogAudio: Display: Audio Device (ID: 35) registered with world 'MP_Lobby'.
[2026.04.26-17.59.44:163][483]PIE: Warning: UGameViewportClient::AddCursor: Could not load cursor class 'UI_Cursor_C'.
[2026.04.26-17.59.44:186][483]LogLoad: Game class is 'FirstPersonGameMode_C'
[2026.04.26-17.59.44:198][483]LogWorld: Bringing World /Game/Map/UEDPIE_0_MP_Lobby.MP_Lobby up for play (max tick rate 60) at 2026.04.26-19.59.44
[2026.04.26-17.59.44:198][483]LogWorld: Bringing up level for play took: 0.011610
[2026.04.26-17.59.44:198][483]LogOnline: OSS: Creating online subsystem instance for: :Context_53
[2026.04.26-17.59.44:203][483]LogVoiceEncode: Display: EncoderVersion: libopus unknown
[2026.04.26-17.59.44:203][483]LogOnlineVoice: OSS: StopLocalVoiceProcessing(0) returned 0xFFFFFFFF
[2026.04.26-17.59.44:203][483]LogOnlineVoice: OSS: Stopping networked voice for user: 0
[2026.04.26-17.59.44:211][483]PIE: Error: SetInputMode_UIOnly expects a valid player controller as 'PlayerController' target
[2026.04.26-17.59.44:211][483]PIE: Server logged in
[2026.04.26-17.59.44:213][483]PIE: Play in editor total start time 0,303 seconds.
[2026.04.26-17.59.58:394][907]LogSlate: Updating window title bar state: overlay mode, drag disabled, window buttons hidden, title bar hidden
[2026.04.26-17.59.58:394][907]LogWorld: BeginTearingDown for /Game/Map/UEDPIE_0_MP_Lobby
[2026.04.26-17.59.58:395][907]LogWorld: UWorld::CleanupWorld for MP_Lobby, bSessionEnded=true, bCleanupResources=true
[2026.04.26-17.59.58:398][907]LogSlate: InvalidateAllWidgets triggered.  All widgets were invalidated
[2026.04.26-17.59.58:440][907]LogPlayLevel: Display: Shutting down PIE online subsystems
[2026.04.26-17.59.58:456][907]LogSlate: InvalidateAllWidgets triggered.  All widgets were invalidated
[2026.04.26-17.59.58:547][907]LogSlate: Updating window title bar state: overlay mode, drag disabled, window buttons hidden, title bar hidden
[2026.04.26-17.59.58:550][907]LogAudioMixer: FMixerPlatformXAudio2::StopAudioStream() called
[2026.04.26-17.59.58:553][907]LogAudioMixer: FMixerPlatformXAudio2::StopAudioStream() called
[2026.04.26-17.59.58:570][907]LogUObjectHash: Compacting FUObjectHashTables data took   8.67ms
[2026.04.26-17.59.58:657][908]LogPlayLevel: Display: Destroying online subsystem :Context_53
[2026.04.26-18.00.09:019][393]LogAudioMixer: Display: Audio Buffer Underrun (starvation) detected.
[2026.04.26-18.00.22:260][913]LogAudioMixer: Display: Audio Buffer Underrun (starvation) detected.
[2026.04.26-18.00.27:990][ 88]LogTemp: Repeating last play command: Selected Viewport
[2026.04.26-18.00.28:006][ 88]LogPlayLevel: PlayLevel: No blueprints needed recompiling
[2026.04.26-18.00.28:007][ 88]PIE: New page: PIE session: MP_Lobby (26 апр. 2026 г., 22:00:28)
[2026.04.26-18.00.28:008][ 88]LogPlayLevel: Creating play world package: /Game/Map/UEDPIE_0_MP_Lobby
[2026.04.26-18.00.28:119][ 88]LogPlayLevel: PIE: StaticDuplicateObject took: (0.110674s)
[2026.04.26-18.00.28:120][ 88]LogAIModule: Creating AISystem for world MP_Lobby
[2026.04.26-18.00.28:121][ 88]LogPlayLevel: PIE: World Init took: (0.002088s)
[2026.04.26-18.00.28:121][ 88]LogPlayLevel: PIE: Created PIE world by copying editor world from /Game/Map/MP_Lobby.MP_Lobby to /Game/Map/UEDPIE_0_MP_Lobby.MP_Lobby (0.113691s)
[2026.04.26-18.00.28:241][ 88]LogUObjectHash: Compacting FUObjectHashTables data took   6.29ms
[2026.04.26-18.00.28:242][ 88]LogAudio: Display: Creating Audio Device:                 Id: 36, Scope: Unique, Realtime: True
[2026.04.26-18.00.28:242][ 88]LogAudioMixer: Display: Audio Mixer Platform Settings:
[2026.04.26-18.00.28:243][ 88]LogAudioMixer: Display: 	Sample Rate:						  48000
[2026.04.26-18.00.28:243][ 88]LogAudioMixer: Display: 	Callback Buffer Frame Size Requested: 512
[2026.04.26-18.00.28:243][ 88]LogAudioMixer: Display: 	Callback Buffer Frame Size To Use:	  512
[2026.04.26-18.00.28:243][ 88]LogAudioMixer: Display: 	Number of buffers to queue:			  1
[2026.04.26-18.00.28:243][ 88]LogAudioMixer: Display: 	Max Channels (voices):				  0
[2026.04.26-18.00.28:243][ 88]LogAudioMixer: Display: 	Number of Async Source Workers:		  4
[2026.04.26-18.00.28:243][ 88]LogAudio: Display: AudioDevice MaxSources: 32
[2026.04.26-18.00.28:243][ 88]LogAudio: Display: Audio Spatialization Plugin: None (built-in).
[2026.04.26-18.00.28:243][ 88]LogAudio: Display: Audio Reverb Plugin: None (built-in).
[2026.04.26-18.00.28:243][ 88]LogAudio: Display: Audio Occlusion Plugin: None (built-in).
[2026.04.26-18.00.28:243][ 88]LogAudioMixer: Display: Initializing audio mixer.
[2026.04.26-18.00.28:251][ 88]LogAudioMixer: Display: 0: FrontLeft
[2026.04.26-18.00.28:251][ 88]LogAudioMixer: Display: 1: FrontRight
[2026.04.26-18.00.28:267][ 88]LogAudioMixer: Display: Using Audio Device Voicemeeter VAIO3 Input (VB-Audio Voicemeeter VAIO)
[2026.04.26-18.00.28:267][ 88]LogAudioMixer: Display: Initializing Sound Submixes...
[2026.04.26-18.00.28:267][ 88]LogAudioMixer: Display: Creating Master Submix 'MasterSubmixDefault'
[2026.04.26-18.00.28:268][ 88]LogAudioMixer: Display: Creating Master Submix 'MasterReverbSubmixDefault'
[2026.04.26-18.00.28:268][ 88]LogAudioMixer: Display: Creating Master Submix 'MasterEQSubmixDefault'
[2026.04.26-18.00.28:268][ 88]LogAudioMixer: FMixerPlatformXAudio2::StartAudioStream() called
[2026.04.26-18.00.28:268][ 88]LogAudioMixer: Display: Output buffers initialized: Frames=512, Channels=2, Samples=1024
[2026.04.26-18.00.28:271][ 88]LogAudioMixer: Display: Starting AudioMixerPlatformInterface::RunInternal()
[2026.04.26-18.00.28:271][ 88]LogAudioMixer: Display: FMixerPlatformXAudio2::SubmitBuffer() called for the first time
[2026.04.26-18.00.28:271][ 88]LogInit: FAudioDevice initialized.
[2026.04.26-18.00.28:271][ 88]LogAudio: Display: Audio Device (ID: 36) registered with world 'MP_Lobby'.
[2026.04.26-18.00.28:272][ 88]PIE: Warning: UGameViewportClient::AddCursor: Could not load cursor class 'UI_Cursor_C'.
[2026.04.26-18.00.28:292][ 88]LogLoad: Game class is 'FirstPersonGameMode_C'
[2026.04.26-18.00.28:310][ 88]LogWorld: Bringing World /Game/Map/UEDPIE_0_MP_Lobby.MP_Lobby up for play (max tick rate 60) at 2026.04.26-20.00.28
[2026.04.26-18.00.28:311][ 88]LogWorld: Bringing up level for play took: 0.018580
[2026.04.26-18.00.28:311][ 88]LogOnline: OSS: Creating online subsystem instance for: :Context_54
[2026.04.26-18.00.28:323][ 88]LogVoiceEncode: Display: EncoderVersion: libopus unknown
[2026.04.26-18.00.28:323][ 88]LogOnlineVoice: OSS: StopLocalVoiceProcessing(0) returned 0xFFFFFFFF
[2026.04.26-18.00.28:323][ 88]LogOnlineVoice: OSS: Stopping networked voice for user: 0
[2026.04.26-18.00.28:331][ 88]PIE: Error: SetInputMode_UIOnly expects a valid player controller as 'PlayerController' target
[2026.04.26-18.00.28:331][ 88]PIE: Server logged in
[2026.04.26-18.00.28:333][ 88]PIE: Play in editor total start time 0,329 seconds.
[2026.04.26-18.00.33:820][261]LogSlate: Updating window title bar state: overlay mode, drag disabled, window buttons hidden, title bar hidden
[2026.04.26-18.00.33:820][261]LogWorld: BeginTearingDown for /Game/Map/UEDPIE_0_MP_Lobby
[2026.04.26-18.00.33:822][261]LogWorld: UWorld::CleanupWorld for MP_Lobby, bSessionEnded=true, bCleanupResources=true
[2026.04.26-18.00.33:826][261]LogSlate: InvalidateAllWidgets triggered.  All widgets were invalidated
[2026.04.26-18.00.33:844][261]LogPlayLevel: Display: Shutting down PIE online subsystems
[2026.04.26-18.00.33:857][261]LogSlate: InvalidateAllWidgets triggered.  All widgets were invalidated
[2026.04.26-18.00.33:961][261]LogAudio: Display: Audio Device unregistered from world 'None'.
[2026.04.26-18.00.33:961][261]LogAudioMixer: FMixerPlatformXAudio2::StopAudioStream() called
[2026.04.26-18.00.33:964][261]LogAudioMixer: FMixerPlatformXAudio2::StopAudioStream() called
[2026.04.26-18.00.33:971][261]LogSlate: Updating window title bar state: overlay mode, drag disabled, window buttons hidden, title bar hidden
[2026.04.26-18.00.33:980][261]LogUObjectHash: Compacting FUObjectHashTables data took   6.01ms
[2026.04.26-18.00.34:092][262]LogPlayLevel: Display: Destroying online subsystem :Context_54
[2026.04.26-18.00.36:251][337]LogAudioMixer: Display: Audio Buffer Underrun (starvation) detected.
[2026.04.26-18.00.53:469][975]LogAudioMixer: Display: Audio Buffer Underrun (starvation) detected.
[2026.04.26-18.01.06:873][558]BlueprintLog: New page: Compile BP_NetworkCharacter
[2026.04.26-18.01.07:166][558]LogUObjectHash: Compacting FUObjectHashTables data took   9.37ms
[2026.04.26-18.01.07:912][580]Cmd: OBJ SAVEPACKAGE PACKAGE="/Game/Player/BP_NetworkCharacter" FILE="../../../../../../LastStep/PROJECT-LAST-STEP/Playtime_Multiplayer/Content/Player/BP_NetworkCharacter.uasset" SILENT=true
[2026.04.26-18.01.08:058][580]LogSavePackage: Moving '../../../../../../LastStep/PROJECT-LAST-STEP/Playtime_Multiplayer/Saved/BP_NetworkCharacter7945F4574EE057E0AB3449B4BA30ED88.tmp' to '../../../../../../LastStep/PROJECT-LAST-STEP/Playtime_Multiplayer/Content/Player/BP_NetworkCharacter.uasset'
[2026.04.26-18.01.08:134][580]AssetCheck: New page: Asset Save: BP_NetworkCharacter
[2026.04.26-18.01.08:134][580]LogContentValidation: Display: Validating Blueprint /Game/Player/BP_NetworkCharacter.BP_NetworkCharacter
[2026.04.26-18.01.09:031][600]LogAudioMixer: Display: Audio Buffer Underrun (starvation) detected.
[2026.04.26-18.01.18:999][892]BlueprintLog: New page: Compile PlayerMove
[2026.04.26-18.01.19:294][892]LogUObjectHash: Compacting FUObjectHashTables data took   9.44ms
[2026.04.26-18.01.19:936][895]LogAudioMixer: Display: Audio Buffer Underrun (starvation) detected.
[2026.04.26-18.01.27:122][115]BlueprintLog: New page: Compile PlayerMove
[2026.04.26-18.01.27:363][115]LogUObjectHash: Compacting FUObjectHashTables data took  10.46ms
[2026.04.26-18.01.29:199][157]LogTemp: Repeating last play command: Selected Viewport
[2026.04.26-18.01.29:218][157]LogPlayLevel: PlayLevel: No blueprints needed recompiling
[2026.04.26-18.01.29:218][157]PIE: New page: PIE session: MP_Lobby (26 апр. 2026 г., 22:01:29)
[2026.04.26-18.01.29:220][157]LogPlayLevel: Creating play world package: /Game/Map/UEDPIE_0_MP_Lobby
[2026.04.26-18.01.29:309][157]LogPlayLevel: PIE: StaticDuplicateObject took: (0.088413s)
[2026.04.26-18.01.29:310][157]LogAIModule: Creating AISystem for world MP_Lobby
[2026.04.26-18.01.29:310][157]LogPlayLevel: PIE: World Init took: (0.001732s)
[2026.04.26-18.01.29:310][157]LogPlayLevel: PIE: Created PIE world by copying editor world from /Game/Map/MP_Lobby.MP_Lobby to /Game/Map/UEDPIE_0_MP_Lobby.MP_Lobby (0.090537s)
[2026.04.26-18.01.29:409][157]LogUObjectHash: Compacting FUObjectHashTables data took   8.02ms
[2026.04.26-18.01.29:411][157]LogAudio: Display: Creating Audio Device:                 Id: 37, Scope: Unique, Realtime: True
[2026.04.26-18.01.29:411][157]LogAudioMixer: Display: Audio Mixer Platform Settings:
[2026.04.26-18.01.29:411][157]LogAudioMixer: Display: 	Sample Rate:						  48000
[2026.04.26-18.01.29:411][157]LogAudioMixer: Display: 	Callback Buffer Frame Size Requested: 512
[2026.04.26-18.01.29:411][157]LogAudioMixer: Display: 	Callback Buffer Frame Size To Use:	  512
[2026.04.26-18.01.29:411][157]LogAudioMixer: Display: 	Number of buffers to queue:			  1
[2026.04.26-18.01.29:411][157]LogAudioMixer: Display: 	Max Channels (voices):				  0
[2026.04.26-18.01.29:411][157]LogAudioMixer: Display: 	Number of Async Source Workers:		  4
[2026.04.26-18.01.29:411][157]LogAudio: Display: AudioDevice MaxSources: 32
[2026.04.26-18.01.29:412][157]LogAudio: Display: Audio Spatialization Plugin: None (built-in).
[2026.04.26-18.01.29:412][157]LogAudio: Display: Audio Reverb Plugin: None (built-in).
[2026.04.26-18.01.29:412][157]LogAudio: Display: Audio Occlusion Plugin: None (built-in).
[2026.04.26-18.01.29:412][157]LogAudioMixer: Display: Initializing audio mixer.
[2026.04.26-18.01.29:420][157]LogAudioMixer: Display: 0: FrontLeft
[2026.04.26-18.01.29:420][157]LogAudioMixer: Display: 1: FrontRight
[2026.04.26-18.01.29:433][157]LogAudioMixer: Display: Using Audio Device Voicemeeter VAIO3 Input (VB-Audio Voicemeeter VAIO)
[2026.04.26-18.01.29:434][157]LogAudioMixer: Display: Initializing Sound Submixes...
[2026.04.26-18.01.29:434][157]LogAudioMixer: Display: Creating Master Submix 'MasterSubmixDefault'
[2026.04.26-18.01.29:434][157]LogAudioMixer: Display: Creating Master Submix 'MasterReverbSubmixDefault'
[2026.04.26-18.01.29:436][157]LogAudioMixer: Display: Creating Master Submix 'MasterEQSubmixDefault'
[2026.04.26-18.01.29:436][157]LogAudioMixer: FMixerPlatformXAudio2::StartAudioStream() called
[2026.04.26-18.01.29:436][157]LogAudioMixer: Display: Output buffers initialized: Frames=512, Channels=2, Samples=1024
[2026.04.26-18.01.29:443][157]LogAudioMixer: Display: Starting AudioMixerPlatformInterface::RunInternal()
[2026.04.26-18.01.29:443][157]LogAudioMixer: Display: FMixerPlatformXAudio2::SubmitBuffer() called for the first time
[2026.04.26-18.01.29:443][157]LogInit: FAudioDevice initialized.
[2026.04.26-18.01.29:443][157]LogAudio: Display: Audio Device (ID: 37) registered with world 'MP_Lobby'.
[2026.04.26-18.01.29:444][157]PIE: Warning: UGameViewportClient::AddCursor: Could not load cursor class 'UI_Cursor_C'.
[2026.04.26-18.01.29:456][157]LogLoad: Game class is 'FirstPersonGameMode_C'
[2026.04.26-18.01.29:472][157]LogWorld: Bringing World /Game/Map/UEDPIE_0_MP_Lobby.MP_Lobby up for play (max tick rate 60) at 2026.04.26-20.01.29
[2026.04.26-18.01.29:474][157]LogWorld: Bringing up level for play took: 0.016448
[2026.04.26-18.01.29:477][157]LogOnline: OSS: Creating online subsystem instance for: :Context_55
[2026.04.26-18.01.29:481][157]LogVoiceEncode: Display: EncoderVersion: libopus unknown
[2026.04.26-18.01.29:482][157]LogOnlineVoice: OSS: StopLocalVoiceProcessing(0) returned 0xFFFFFFFF
[2026.04.26-18.01.29:482][157]LogOnlineVoice: OSS: Stopping networked voice for user: 0
[2026.04.26-18.01.29:490][157]PIE: Error: SetInputMode_UIOnly expects a valid player controller as 'PlayerController' target
[2026.04.26-18.01.29:491][157]PIE: Server logged in
[2026.04.26-18.01.29:495][157]PIE: Play in editor total start time 0,281 seconds.
[2026.04.26-18.01.41:826][504]LogAudioMixer: Display: Audio Buffer Underrun (starvation) detected.
[2026.04.26-18.01.50:184][760]LogSlate: Updating window title bar state: overlay mode, drag disabled, window buttons hidden, title bar hidden
[2026.04.26-18.01.50:184][760]LogWorld: BeginTearingDown for /Game/Map/UEDPIE_0_MP_Lobby
[2026.04.26-18.01.50:185][760]LogWorld: UWorld::CleanupWorld for MP_Lobby, bSessionEnded=true, bCleanupResources=true
[2026.04.26-18.01.50:190][760]LogSlate: InvalidateAllWidgets triggered.  All widgets were invalidated
[2026.04.26-18.01.50:215][760]LogPlayLevel: Display: Shutting down PIE online subsystems
[2026.04.26-18.01.50:229][760]LogSlate: InvalidateAllWidgets triggered.  All widgets were invalidated
[2026.04.26-18.01.50:338][760]LogAudio: Display: Audio Device unregistered from world 'None'.
[2026.04.26-18.01.50:339][760]LogAudioMixer: FMixerPlatformXAudio2::StopAudioStream() called
[2026.04.26-18.01.50:341][760]LogAudioMixer: FMixerPlatformXAudio2::StopAudioStream() called
[2026.04.26-18.01.50:346][760]LogSlate: Updating window title bar state: overlay mode, drag disabled, window buttons hidden, title bar hidden
[2026.04.26-18.01.50:359][760]LogUObjectHash: Compacting FUObjectHashTables data took   7.21ms
[2026.04.26-18.01.50:462][761]LogPlayLevel: Display: Destroying online subsystem :Context_55
[2026.04.26-18.01.59:898][141]LogAudioMixer: Display: Audio Buffer Underrun (starvation) detected.
[2026.04.26-18.02.08:168][465]LogTemp: Repeating last play command: Selected Viewport
[2026.04.26-18.02.08:188][465]BlueprintLog: New page: Pre-Play auto-recompile
[2026.04.26-18.02.08:192][465]LogPlayLevel: [PlayLevel] Compiling BP_NetworkCharacter before play...
[2026.04.26-18.02.08:520][465]LogUObjectHash: Compacting FUObjectHashTables data took   9.55ms
[2026.04.26-18.02.08:523][465]LogPlayLevel: PlayLevel: Blueprint regeneration took 335 ms (1 blueprints)
[2026.04.26-18.02.08:523][465]PIE: New page: PIE session: MP_Lobby (26 апр. 2026 г., 22:02:08)
[2026.04.26-18.02.08:524][465]LogPlayLevel: Creating play world package: /Game/Map/UEDPIE_0_MP_Lobby
[2026.04.26-18.02.08:589][465]LogPlayLevel: PIE: StaticDuplicateObject took: (0.065446s)
[2026.04.26-18.02.08:591][465]LogAIModule: Creating AISystem for world MP_Lobby
[2026.04.26-18.02.08:591][465]LogPlayLevel: PIE: World Init took: (0.001556s)
[2026.04.26-18.02.08:591][465]LogPlayLevel: PIE: Created PIE world by copying editor world from /Game/Map/MP_Lobby.MP_Lobby to /Game/Map/UEDPIE_0_MP_Lobby.MP_Lobby (0.067245s)
[2026.04.26-18.02.08:692][465]LogUObjectHash: Compacting FUObjectHashTables data took   8.69ms
[2026.04.26-18.02.08:693][465]LogAudio: Display: Creating Audio Device:                 Id: 38, Scope: Unique, Realtime: True
[2026.04.26-18.02.08:693][465]LogAudioMixer: Display: Audio Mixer Platform Settings:
[2026.04.26-18.02.08:693][465]LogAudioMixer: Display: 	Sample Rate:						  48000
[2026.04.26-18.02.08:693][465]LogAudioMixer: Display: 	Callback Buffer Frame Size Requested: 512
[2026.04.26-18.02.08:693][465]LogAudioMixer: Display: 	Callback Buffer Frame Size To Use:	  512
[2026.04.26-18.02.08:693][465]LogAudioMixer: Display: 	Number of buffers to queue:			  1
[2026.04.26-18.02.08:693][465]LogAudioMixer: Display: 	Max Channels (voices):				  0
[2026.04.26-18.02.08:693][465]LogAudioMixer: Display: 	Number of Async Source Workers:		  4
[2026.04.26-18.02.08:693][465]LogAudio: Display: AudioDevice MaxSources: 32
[2026.04.26-18.02.08:694][465]LogAudio: Display: Audio Spatialization Plugin: None (built-in).
[2026.04.26-18.02.08:694][465]LogAudio: Display: Audio Reverb Plugin: None (built-in).
[2026.04.26-18.02.08:694][465]LogAudio: Display: Audio Occlusion Plugin: None (built-in).
[2026.04.26-18.02.08:694][465]LogAudioMixer: Display: Initializing audio mixer.
[2026.04.26-18.02.08:700][465]LogAudioMixer: Display: 0: FrontLeft
[2026.04.26-18.02.08:700][465]LogAudioMixer: Display: 1: FrontRight
[2026.04.26-18.02.08:716][465]LogAudioMixer: Display: Using Audio Device Voicemeeter VAIO3 Input (VB-Audio Voicemeeter VAIO)
[2026.04.26-18.02.08:717][465]LogAudioMixer: Display: Initializing Sound Submixes...
[2026.04.26-18.02.08:717][465]LogAudioMixer: Display: Creating Master Submix 'MasterSubmixDefault'
[2026.04.26-18.02.08:717][465]LogAudioMixer: Display: Creating Master Submix 'MasterReverbSubmixDefault'
[2026.04.26-18.02.08:719][465]LogAudioMixer: Display: Creating Master Submix 'MasterEQSubmixDefault'
[2026.04.26-18.02.08:719][465]LogAudioMixer: FMixerPlatformXAudio2::StartAudioStream() called
[2026.04.26-18.02.08:719][465]LogAudioMixer: Display: Output buffers initialized: Frames=512, Channels=2, Samples=1024
[2026.04.26-18.02.08:722][465]LogAudioMixer: Display: Starting AudioMixerPlatformInterface::RunInternal()
[2026.04.26-18.02.08:722][465]LogAudioMixer: Display: FMixerPlatformXAudio2::SubmitBuffer() called for the first time
[2026.04.26-18.02.08:722][465]LogInit: FAudioDevice initialized.
[2026.04.26-18.02.08:722][465]LogAudio: Display: Audio Device (ID: 38) registered with world 'MP_Lobby'.
[2026.04.26-18.02.08:722][465]PIE: Warning: UGameViewportClient::AddCursor: Could not load cursor class 'UI_Cursor_C'.
[2026.04.26-18.02.08:740][465]LogLoad: Game class is 'FirstPersonGameMode_C'
[2026.04.26-18.02.08:751][465]LogWorld: Bringing World /Game/Map/UEDPIE_0_MP_Lobby.MP_Lobby up for play (max tick rate 60) at 2026.04.26-20.02.08
[2026.04.26-18.02.08:752][465]LogWorld: Bringing up level for play took: 0.011535
[2026.04.26-18.02.08:753][465]LogOnline: OSS: Creating online subsystem instance for: :Context_56
[2026.04.26-18.02.08:759][465]LogVoiceEncode: Display: EncoderVersion: libopus unknown
[2026.04.26-18.02.08:759][465]LogOnlineVoice: OSS: StopLocalVoiceProcessing(0) returned 0xFFFFFFFF
[2026.04.26-18.02.08:759][465]LogOnlineVoice: OSS: Stopping networked voice for user: 0
[2026.04.26-18.02.08:767][465]PIE: Error: SetInputMode_UIOnly expects a valid player controller as 'PlayerController' target
[2026.04.26-18.02.08:768][465]PIE: Server logged in
[2026.04.26-18.02.08:769][465]PIE: Play in editor total start time 0,585 seconds.
[2026.04.26-18.02.17:425][705]LogAudioMixer: Display: Audio Buffer Underrun (starvation) detected.
[2026.04.26-18.02.17:425][705]LogAudioMixer: Display: Audio Buffer Underrun (starvation) detected.
[2026.04.26-18.02.23:437][850]LogSlate: Updating window title bar state: overlay mode, drag disabled, window buttons hidden, title bar hidden
[2026.04.26-18.02.23:437][850]LogWorld: BeginTearingDown for /Game/Map/UEDPIE_0_MP_Lobby
[2026.04.26-18.02.23:438][850]LogWorld: UWorld::CleanupWorld for MP_Lobby, bSessionEnded=true, bCleanupResources=true
[2026.04.26-18.02.23:443][850]LogSlate: InvalidateAllWidgets triggered.  All widgets were invalidated
[2026.04.26-18.02.23:469][850]LogPlayLevel: Display: Shutting down PIE online subsystems
[2026.04.26-18.02.23:481][850]LogSlate: InvalidateAllWidgets triggered.  All widgets were invalidated
[2026.04.26-18.02.23:576][850]LogSlate: Updating window title bar state: overlay mode, drag disabled, window buttons hidden, title bar hidden
[2026.04.26-18.02.23:578][850]LogAudioMixer: FMixerPlatformXAudio2::StopAudioStream() called
[2026.04.26-18.02.23:580][850]LogAudioMixer: FMixerPlatformXAudio2::StopAudioStream() called
[2026.04.26-18.02.23:610][850]LogUObjectHash: Compacting FUObjectHashTables data took   5.45ms
[2026.04.26-18.02.23:698][851]LogPlayLevel: Display: Destroying online subsystem :Context_56
[2026.04.26-18.02.36:413][299]LogAudioMixer: Display: Audio Buffer Underrun (starvation) detected.
[2026.04.26-18.02.59:321][172]LogAudioMixer: Display: Audio Buffer Underrun (starvation) detected.
[2026.04.26-18.02.59:667][172]LogEditorClassViewer: Warning: Class /Engine/Tutorial/InWorldBlueprintEditing/TutorialAssets/IWBE_Blutility.IWBE_Blutility_C has parent /Script/Blutility.PlacedEditorUtilityBase, but this parent is not found. The Class will not be shown in ClassViewer.
[2026.04.26-18.03.28:919][578]LogAudioMixer: Display: Audio Buffer Underrun (starvation) detected.
[2026.04.26-18.03.43:012][ 89]LogAudioMixer: Display: Audio Buffer Underrun (starvation) detected.
[2026.04.26-18.03.48:444][338]LogWindowsTextInputMethodSystem: Display: IME system deactivated.
[2026.04.26-18.03.48:444][338]LogWindowsTextInputMethodSystem: Display: IME system deactivated.
[2026.04.26-18.03.50:773][433]LogWindowsTextInputMethodSystem: Display: IME system deactivated.
[2026.04.26-18.03.50:773][433]LogWindowsTextInputMethodSystem: Display: IME system deactivated.
[2026.04.26-18.04.02:229][886]LogAudioMixer: Display: Audio Buffer Underrun (starvation) detected.
[2026.04.26-18.04.24:804][988]LogAudioMixer: Display: Audio Buffer Underrun (starvation) detected.
[2026.04.26-18.04.53:400][302]LogAudioMixer: Display: Audio Buffer Underrun (starvation) detected.
[2026.04.26-18.05.17:949][977]LogAudioMixer: Display: Audio Buffer Underrun (starvation) detected.
[2026.04.26-18.05.29:878][415]LogAudioMixer: Display: Audio Buffer Underrun (starvation) detected.
[2026.04.26-18.05.30:407][415]LogUObjectHash: Compacting FUObjectHashTables data took   7.85ms
[2026.04.26-18.05.30:419][415]LogFileHelpers: Editor autosave (incl. external actors) for '/Game/Map/MP_Lobby' took 0.289
[2026.04.26-18.05.30:434][415]OBJ SavePackage: Generating thumbnails for [2] asset(s) in package [/Game/World/Character/Player/PlayerMove] ([2] browsable assets)...
[2026.04.26-18.05.30:502][415]OBJ SavePackage:     Rendered thumbnail for [AnimBlueprint /Game/World/Character/Player/PlayerMove.PlayerMove]
[2026.04.26-18.05.30:502][415]OBJ SavePackage: Finished generating thumbnails for package [/Game/World/Character/Player/PlayerMove]
[2026.04.26-18.05.30:593][415]LogSavePackage: Moving '../../../../../../LastStep/PROJECT-LAST-STEP/Playtime_Multiplayer/Saved/PlayerMove_Auto3E1D7E0EB4703665F9DBF3BBE1A660AE1.tmp' to '../../../../../../LastStep/PROJECT-LAST-STEP/Playtime_Multiplayer/Saved/Autosaves/Game/World/Character/Player/PlayerMove_Auto3.uasset'
[2026.04.26-18.05.30:605][415]OBJ SavePackage: Generating thumbnails for [0] asset(s) in package [/Game/Player/BP_NetworkCharacter] ([4] browsable assets)...
[2026.04.26-18.05.30:605][415]OBJ SavePackage: Finished generating thumbnails for package [/Game/Player/BP_NetworkCharacter]
[2026.04.26-18.05.30:734][415]LogSavePackage: Moving '../../../../../../LastStep/PROJECT-LAST-STEP/Playtime_Multiplayer/Saved/BP_NetworkCharacter_Auto3CC662BA0405BDFB890400D8AA47C1938.tmp' to '../../../../../../LastStep/PROJECT-LAST-STEP/Playtime_Multiplayer/Saved/Autosaves/Game/Player/BP_NetworkCharacter_Auto3.uasset'
[2026.04.26-18.05.30:740][415]LogFileHelpers: Auto-saving content packages took 0.317
[2026.04.26-18.05.37:920][738]BlueprintLog: New page: Compile BP_NetworkCharacter
[2026.04.26-18.05.39:029][738]LogUObjectHash: Compacting FUObjectHashTables data took   6.81ms
[2026.04.26-18.05.45:196][951]LogTemp: Repeating last play command: Selected Viewport
[2026.04.26-18.05.45:231][951]LogPlayLevel: PlayLevel: No blueprints needed recompiling
[2026.04.26-18.05.45:263][951]PIE: New page: PIE session: MP_Lobby (26 апр. 2026 г., 22:05:45)
[2026.04.26-18.05.45:272][951]LogPlayLevel: Creating play world package: /Game/Map/UEDPIE_0_MP_Lobby
[2026.04.26-18.05.45:407][951]LogPlayLevel: PIE: StaticDuplicateObject took: (0.132128s)
[2026.04.26-18.05.45:448][951]LogAIModule: Creating AISystem for world MP_Lobby
[2026.04.26-18.05.45:465][951]LogPlayLevel: PIE: World Init took: (0.057466s)
[2026.04.26-18.05.45:466][951]LogPlayLevel: PIE: Created PIE world by copying editor world from /Game/Map/MP_Lobby.MP_Lobby to /Game/Map/UEDPIE_0_MP_Lobby.MP_Lobby (0.194515s)
[2026.04.26-18.05.45:577][951]LogUObjectHash: Compacting FUObjectHashTables data took   9.61ms
[2026.04.26-18.05.45:582][951]LogAudio: Display: Creating Audio Device:                 Id: 39, Scope: Unique, Realtime: True
[2026.04.26-18.05.45:582][951]LogAudioMixer: Display: Audio Mixer Platform Settings:
[2026.04.26-18.05.45:582][951]LogAudioMixer: Display: 	Sample Rate:						  48000
[2026.04.26-18.05.45:582][951]LogAudioMixer: Display: 	Callback Buffer Frame Size Requested: 512
[2026.04.26-18.05.45:582][951]LogAudioMixer: Display: 	Callback Buffer Frame Size To Use:	  512
[2026.04.26-18.05.45:583][951]LogAudioMixer: Display: 	Number of buffers to queue:			  1
[2026.04.26-18.05.45:583][951]LogAudioMixer: Display: 	Max Channels (voices):				  0
[2026.04.26-18.05.45:583][951]LogAudioMixer: Display: 	Number of Async Source Workers:		  4
[2026.04.26-18.05.45:583][951]LogAudio: Display: AudioDevice MaxSources: 32
[2026.04.26-18.05.45:584][951]LogAudio: Display: Audio Spatialization Plugin: None (built-in).
[2026.04.26-18.05.45:584][951]LogAudio: Display: Audio Reverb Plugin: None (built-in).
[2026.04.26-18.05.45:584][951]LogAudio: Display: Audio Occlusion Plugin: None (built-in).
[2026.04.26-18.05.45:584][951]LogAudioMixer: Display: Initializing audio mixer.
[2026.04.26-18.05.45:617][951]LogAudioMixer: Display: 0: FrontLeft
[2026.04.26-18.05.45:617][951]LogAudioMixer: Display: 1: FrontRight
[2026.04.26-18.05.45:694][951]LogAudioMixer: Display: Using Audio Device Voicemeeter VAIO3 Input (VB-Audio Voicemeeter VAIO)
[2026.04.26-18.05.45:695][951]LogAudioMixer: Display: Initializing Sound Submixes...
[2026.04.26-18.05.45:695][951]LogAudioMixer: Display: Creating Master Submix 'MasterSubmixDefault'
[2026.04.26-18.05.45:695][951]LogAudioMixer: Display: Creating Master Submix 'MasterReverbSubmixDefault'
[2026.04.26-18.05.45:698][951]LogAudioMixer: Display: Creating Master Submix 'MasterEQSubmixDefault'
[2026.04.26-18.05.45:698][951]LogAudioMixer: FMixerPlatformXAudio2::StartAudioStream() called
[2026.04.26-18.05.45:698][951]LogAudioMixer: Display: Output buffers initialized: Frames=512, Channels=2, Samples=1024
[2026.04.26-18.05.45:702][951]LogAudioMixer: Display: Starting AudioMixerPlatformInterface::RunInternal()
[2026.04.26-18.05.45:702][951]LogAudioMixer: Display: FMixerPlatformXAudio2::SubmitBuffer() called for the first time
[2026.04.26-18.05.45:702][951]LogInit: FAudioDevice initialized.
[2026.04.26-18.05.45:703][951]LogAudio: Display: Audio Device (ID: 39) registered with world 'MP_Lobby'.
[2026.04.26-18.05.45:707][951]PIE: Warning: UGameViewportClient::AddCursor: Could not load cursor class 'UI_Cursor_C'.
[2026.04.26-18.05.45:748][951]LogLoad: Game class is 'FirstPersonGameMode_C'
[2026.04.26-18.05.45:772][951]LogWorld: Bringing World /Game/Map/UEDPIE_0_MP_Lobby.MP_Lobby up for play (max tick rate 60) at 2026.04.26-20.05.45
[2026.04.26-18.05.45:807][951]LogWorld: Bringing up level for play took: 0.053437
[2026.04.26-18.05.45:823][951]LogOnline: OSS: Creating online subsystem instance for: :Context_57
[2026.04.26-18.05.45:852][951]LogVoiceEncode: Display: EncoderVersion: libopus unknown
[2026.04.26-18.05.45:854][951]LogOnlineVoice: OSS: StopLocalVoiceProcessing(0) returned 0xFFFFFFFF
[2026.04.26-18.05.45:854][951]LogOnlineVoice: OSS: Stopping networked voice for user: 0
[2026.04.26-18.05.45:920][951]PIE: Error: SetInputMode_UIOnly expects a valid player controller as 'PlayerController' target
[2026.04.26-18.05.45:925][951]PIE: Server logged in
[2026.04.26-18.05.45:928][951]PIE: Play in editor total start time 0,703 seconds.
[2026.04.26-18.05.47:010][975]LogAudioMixer: Display: Audio Buffer Underrun (starvation) detected.
[2026.04.26-18.05.47:010][975]LogAudioMixer: Display: Audio Buffer Underrun (starvation) detected.
[2026.04.26-18.05.51:342][146]Cmd: ToggleDebugCamera
[2026.04.26-18.05.57:450][362]LogSlate: Updating window title bar state: overlay mode, drag disabled, window buttons hidden, title bar hidden
[2026.04.26-18.05.57:450][362]LogWorld: BeginTearingDown for /Game/Map/UEDPIE_0_MP_Lobby
[2026.04.26-18.05.57:463][362]LogWorld: UWorld::CleanupWorld for MP_Lobby, bSessionEnded=true, bCleanupResources=true
[2026.04.26-18.05.57:471][362]LogSlate: InvalidateAllWidgets triggered.  All widgets were invalidated
[2026.04.26-18.05.57:505][362]LogPlayLevel: Display: Shutting down PIE online subsystems
[2026.04.26-18.05.57:521][362]LogSlate: InvalidateAllWidgets triggered.  All widgets were invalidated
[2026.04.26-18.05.57:617][362]LogAudio: Display: Audio Device unregistered from world 'None'.
[2026.04.26-18.05.57:622][362]LogAudioMixer: FMixerPlatformXAudio2::StopAudioStream() called
[2026.04.26-18.05.57:624][362]LogAudioMixer: FMixerPlatformXAudio2::StopAudioStream() called
[2026.04.26-18.05.57:628][362]LogSlate: Updating window title bar state: overlay mode, drag disabled, window buttons hidden, title bar hidden
[2026.04.26-18.05.57:659][362]LogUObjectHash: Compacting FUObjectHashTables data took   9.01ms
[2026.04.26-18.05.57:755][363]LogPlayLevel: Display: Destroying online subsystem :Context_57
[2026.04.26-18.06.08:716][815]LogAudioMixer: Display: Audio Buffer Underrun (starvation) detected.
[2026.04.26-18.06.25:624][636]LogAudioMixer: Display: Audio Buffer Underrun (starvation) detected.
[2026.04.26-18.06.42:007][391]LogEditorTransaction: Undo Delete current selection
[2026.04.26-18.06.42:525][391]LogActorComponent: RegisterComponentWithWorld: (/Engine/Transient.World_3:PersistentLevel.AnimationEditorPreviewActor_0.DebugSkelMeshComponent_0) Already registered. Aborting.
[2026.04.26-18.06.42:704][391]LogActorComponent: RegisterComponentWithWorld: (/Engine/Transient.World_7:PersistentLevel.AnimationEditorPreviewActor_0.DebugSkelMeshComponent_0) Already registered. Aborting.
[2026.04.26-18.06.47:127][588]LogEditorTransaction: Undo Delete current selection
[2026.04.26-18.06.47:631][588]LogActorComponent: RegisterComponentWithWorld: (/Engine/Transient.World_3:PersistentLevel.AnimationEditorPreviewActor_0.DebugSkelMeshComponent_0) Already registered. Aborting.
[2026.04.26-18.06.47:759][588]LogActorComponent: RegisterComponentWithWorld: (/Engine/Transient.World_7:PersistentLevel.AnimationEditorPreviewActor_0.DebugSkelMeshComponent_0) Already registered. Aborting.
[2026.04.26-18.06.52:911][776]LogAudioMixer: Display: Audio Buffer Underrun (starvation) detected.
[2026.04.26-18.07.10:251][621]LogAudioMixer: Display: Audio Buffer Underrun (starvation) detected.
[2026.04.26-18.07.26:989][348]BlueprintLog: New page: Compile BP_NetworkCharacter
[2026.04.26-18.07.27:239][348]LogUObjectHash: Compacting FUObjectHashTables data took   9.45ms
[2026.04.26-18.07.30:789][464]LogAudioMixer: Display: Audio Buffer Underrun (starvation) detected.
[2026.04.26-18.07.41:118][857]LogAudioMixer: Display: Audio Buffer Underrun (starvation) detected.
[2026.04.26-18.07.54:692][369]BlueprintLog: New page: Compile BP_NetworkCharacter
[2026.04.26-18.07.54:909][369]LogUObjectHash: Compacting FUObjectHashTables data took  10.96ms
[2026.04.26-18.07.56:088][396]LogTemp: Repeating last play command: Selected Viewport
[2026.04.26-18.07.56:107][396]LogPlayLevel: PlayLevel: No blueprints needed recompiling
[2026.04.26-18.07.56:107][396]PIE: New page: PIE session: MP_Lobby (26 апр. 2026 г., 22:07:56)
[2026.04.26-18.07.56:108][396]LogPlayLevel: Creating play world package: /Game/Map/UEDPIE_0_MP_Lobby
[2026.04.26-18.07.56:180][396]LogPlayLevel: PIE: StaticDuplicateObject took: (0.071761s)
[2026.04.26-18.07.56:183][396]LogAIModule: Creating AISystem for world MP_Lobby
[2026.04.26-18.07.56:184][396]LogPlayLevel: PIE: World Init took: (0.002543s)
[2026.04.26-18.07.56:184][396]LogPlayLevel: PIE: Created PIE world by copying editor world from /Game/Map/MP_Lobby.MP_Lobby to /Game/Map/UEDPIE_0_MP_Lobby.MP_Lobby (0.074714s)
[2026.04.26-18.07.56:322][396]LogUObjectHash: Compacting FUObjectHashTables data took   9.61ms
[2026.04.26-18.07.56:323][396]LogAudio: Display: Creating Audio Device:                 Id: 40, Scope: Unique, Realtime: True
[2026.04.26-18.07.56:323][396]LogAudioMixer: Display: Audio Mixer Platform Settings:
[2026.04.26-18.07.56:323][396]LogAudioMixer: Display: 	Sample Rate:						  48000
[2026.04.26-18.07.56:323][396]LogAudioMixer: Display: 	Callback Buffer Frame Size Requested: 512
[2026.04.26-18.07.56:323][396]LogAudioMixer: Display: 	Callback Buffer Frame Size To Use:	  512
[2026.04.26-18.07.56:323][396]LogAudioMixer: Display: 	Number of buffers to queue:			  1
[2026.04.26-18.07.56:323][396]LogAudioMixer: Display: 	Max Channels (voices):				  0
[2026.04.26-18.07.56:323][396]LogAudioMixer: Display: 	Number of Async Source Workers:		  4
[2026.04.26-18.07.56:323][396]LogAudio: Display: AudioDevice MaxSources: 32
[2026.04.26-18.07.56:324][396]LogAudio: Display: Audio Spatialization Plugin: None (built-in).
[2026.04.26-18.07.56:324][396]LogAudio: Display: Audio Reverb Plugin: None (built-in).
[2026.04.26-18.07.56:324][396]LogAudio: Display: Audio Occlusion Plugin: None (built-in).
[2026.04.26-18.07.56:324][396]LogAudioMixer: Display: Initializing audio mixer.
[2026.04.26-18.07.56:330][396]LogAudioMixer: Display: 0: FrontLeft
[2026.04.26-18.07.56:335][396]LogAudioMixer: Display: 1: FrontRight
[2026.04.26-18.07.56:360][396]LogAudioMixer: Display: Using Audio Device Voicemeeter VAIO3 Input (VB-Audio Voicemeeter VAIO)
[2026.04.26-18.07.56:361][396]LogAudioMixer: Display: Initializing Sound Submixes...
[2026.04.26-18.07.56:361][396]LogAudioMixer: Display: Creating Master Submix 'MasterSubmixDefault'
[2026.04.26-18.07.56:361][396]LogAudioMixer: Display: Creating Master Submix 'MasterReverbSubmixDefault'
[2026.04.26-18.07.56:362][396]LogAudioMixer: Display: Creating Master Submix 'MasterEQSubmixDefault'
[2026.04.26-18.07.56:362][396]LogAudioMixer: FMixerPlatformXAudio2::StartAudioStream() called
[2026.04.26-18.07.56:362][396]LogAudioMixer: Display: Output buffers initialized: Frames=512, Channels=2, Samples=1024
[2026.04.26-18.07.56:364][396]LogAudioMixer: Display: Starting AudioMixerPlatformInterface::RunInternal()
[2026.04.26-18.07.56:364][396]LogAudioMixer: Display: FMixerPlatformXAudio2::SubmitBuffer() called for the first time
[2026.04.26-18.07.56:364][396]LogInit: FAudioDevice initialized.
[2026.04.26-18.07.56:364][396]LogAudio: Display: Audio Device (ID: 40) registered with world 'MP_Lobby'.
[2026.04.26-18.07.56:366][396]PIE: Warning: UGameViewportClient::AddCursor: Could not load cursor class 'UI_Cursor_C'.
[2026.04.26-18.07.56:381][396]LogLoad: Game class is 'FirstPersonGameMode_C'
[2026.04.26-18.07.56:393][396]LogWorld: Bringing World /Game/Map/UEDPIE_0_MP_Lobby.MP_Lobby up for play (max tick rate 60) at 2026.04.26-20.07.56
[2026.04.26-18.07.56:395][396]LogWorld: Bringing up level for play took: 0.012981
[2026.04.26-18.07.56:395][396]LogOnline: OSS: Creating online subsystem instance for: :Context_58
[2026.04.26-18.07.56:400][396]LogVoiceEncode: Display: EncoderVersion: libopus unknown
[2026.04.26-18.07.56:400][396]LogOnlineVoice: OSS: StopLocalVoiceProcessing(0) returned 0xFFFFFFFF
[2026.04.26-18.07.56:400][396]LogOnlineVoice: OSS: Stopping networked voice for user: 0
[2026.04.26-18.07.56:409][396]PIE: Error: SetInputMode_UIOnly expects a valid player controller as 'PlayerController' target
[2026.04.26-18.07.56:410][396]PIE: Server logged in
[2026.04.26-18.07.56:412][396]PIE: Play in editor total start time 0,309 seconds.
[2026.04.26-18.07.59:376][487]LogAudioMixer: Display: Audio Buffer Underrun (starvation) detected.
[2026.04.26-18.07.59:377][487]LogAudioMixer: Display: Audio Buffer Underrun (starvation) detected.
[2026.04.26-18.08.03:436][589]LogSlate: Updating window title bar state: overlay mode, drag disabled, window buttons hidden, title bar hidden
[2026.04.26-18.08.03:436][589]LogWorld: BeginTearingDown for /Game/Map/UEDPIE_0_MP_Lobby
[2026.04.26-18.08.03:437][589]LogWorld: UWorld::CleanupWorld for MP_Lobby, bSessionEnded=true, bCleanupResources=true
[2026.04.26-18.08.03:442][589]LogSlate: InvalidateAllWidgets triggered.  All widgets were invalidated
[2026.04.26-18.08.03:474][589]LogPlayLevel: Display: Shutting down PIE online subsystems
[2026.04.26-18.08.03:487][589]LogSlate: InvalidateAllWidgets triggered.  All widgets were invalidated
[2026.04.26-18.08.03:570][589]LogAudio: Display: Audio Device unregistered from world 'None'.
[2026.04.26-18.08.03:571][589]LogAudioMixer: FMixerPlatformXAudio2::StopAudioStream() called
[2026.04.26-18.08.03:573][589]LogAudioMixer: FMixerPlatformXAudio2::StopAudioStream() called
[2026.04.26-18.08.03:575][589]LogSlate: Updating window title bar state: overlay mode, drag disabled, window buttons hidden, title bar hidden
[2026.04.26-18.08.03:588][589]LogUObjectHash: Compacting FUObjectHashTables data took   8.23ms
[2026.04.26-18.08.03:692][590]LogPlayLevel: Display: Destroying online subsystem :Context_58
[2026.04.26-18.08.20:710][288]LogAudioMixer: Display: Audio Buffer Underrun (starvation) detected.
[2026.04.26-18.08.41:880][345]LogAudioMixer: Display: Audio Buffer Underrun (starvation) detected.
[2026.04.26-18.08.59:586][180]LogEditorTransaction: Undo Change Number Pin Value
[2026.04.26-18.09.00:003][180]LogActorComponent: RegisterComponentWithWorld: (/Engine/Transient.World_3:PersistentLevel.AnimationEditorPreviewActor_0.DebugSkelMeshComponent_0) Already registered. Aborting.
[2026.04.26-18.09.00:120][180]LogActorComponent: RegisterComponentWithWorld: (/Engine/Transient.World_7:PersistentLevel.AnimationEditorPreviewActor_0.DebugSkelMeshComponent_0) Already registered. Aborting.
[2026.04.26-18.09.03:272][278]LogAudioMixer: Display: Audio Buffer Underrun (starvation) detected.
[2026.04.26-18.09.05:133][370]LogEditorTransaction: Undo Split Struct Pin
[2026.04.26-18.09.05:543][370]LogActorComponent: RegisterComponentWithWorld: (/Engine/Transient.World_3:PersistentLevel.AnimationEditorPreviewActor_0.DebugSkelMeshComponent_0) Already registered. Aborting.
[2026.04.26-18.09.05:658][370]LogActorComponent: RegisterComponentWithWorld: (/Engine/Transient.World_7:PersistentLevel.AnimationEditorPreviewActor_0.DebugSkelMeshComponent_0) Already registered. Aborting.
[2026.04.26-18.09.19:328][919]LogAudioMixer: Display: Audio Buffer Underrun (starvation) detected.
[2026.04.26-18.09.39:999][686]LogAudioMixer: Display: Audio Buffer Underrun (starvation) detected.
[2026.04.26-18.10.09:200][872]LogAudioMixer: Display: Audio Buffer Underrun (starvation) detected.
[2026.04.26-18.10.11:007][950]BlueprintLog: New page: Compile BP_NetworkCharacter
[2026.04.26-18.10.11:238][950]LogUObjectHash: Compacting FUObjectHashTables data took  11.59ms
[2026.04.26-18.10.12:738][984]LogTemp: Repeating last play command: Selected Viewport
[2026.04.26-18.10.12:761][984]LogPlayLevel: PlayLevel: No blueprints needed recompiling
[2026.04.26-18.10.12:761][984]PIE: New page: PIE session: MP_Lobby (26 апр. 2026 г., 22:10:12)
[2026.04.26-18.10.12:762][984]LogPlayLevel: Creating play world package: /Game/Map/UEDPIE_0_MP_Lobby
[2026.04.26-18.10.12:880][984]LogPlayLevel: PIE: StaticDuplicateObject took: (0.118528s)
[2026.04.26-18.10.12:881][984]LogAIModule: Creating AISystem for world MP_Lobby
[2026.04.26-18.10.12:883][984]LogPlayLevel: PIE: World Init took: (0.002523s)
[2026.04.26-18.10.12:883][984]LogPlayLevel: PIE: Created PIE world by copying editor world from /Game/Map/MP_Lobby.MP_Lobby to /Game/Map/UEDPIE_0_MP_Lobby.MP_Lobby (0.121593s)
[2026.04.26-18.10.12:994][984]LogUObjectHash: Compacting FUObjectHashTables data took  10.73ms
[2026.04.26-18.10.12:995][984]LogAudio: Display: Creating Audio Device:                 Id: 41, Scope: Unique, Realtime: True
[2026.04.26-18.10.12:995][984]LogAudioMixer: Display: Audio Mixer Platform Settings:
[2026.04.26-18.10.12:995][984]LogAudioMixer: Display: 	Sample Rate:						  48000
[2026.04.26-18.10.12:995][984]LogAudioMixer: Display: 	Callback Buffer Frame Size Requested: 512
[2026.04.26-18.10.12:995][984]LogAudioMixer: Display: 	Callback Buffer Frame Size To Use:	  512
[2026.04.26-18.10.12:995][984]LogAudioMixer: Display: 	Number of buffers to queue:			  1
[2026.04.26-18.10.12:995][984]LogAudioMixer: Display: 	Max Channels (voices):				  0
[2026.04.26-18.10.12:995][984]LogAudioMixer: Display: 	Number of Async Source Workers:		  4
[2026.04.26-18.10.12:995][984]LogAudio: Display: AudioDevice MaxSources: 32
[2026.04.26-18.10.12:997][984]LogAudio: Display: Audio Spatialization Plugin: None (built-in).
[2026.04.26-18.10.12:997][984]LogAudio: Display: Audio Reverb Plugin: None (built-in).
[2026.04.26-18.10.12:997][984]LogAudio: Display: Audio Occlusion Plugin: None (built-in).
[2026.04.26-18.10.12:997][984]LogAudioMixer: Display: Initializing audio mixer.
[2026.04.26-18.10.13:007][984]LogAudioMixer: Display: 0: FrontLeft
[2026.04.26-18.10.13:007][984]LogAudioMixer: Display: 1: FrontRight
[2026.04.26-18.10.13:024][984]LogAudioMixer: Display: Using Audio Device Voicemeeter VAIO3 Input (VB-Audio Voicemeeter VAIO)
[2026.04.26-18.10.13:024][984]LogAudioMixer: Display: Initializing Sound Submixes...
[2026.04.26-18.10.13:024][984]LogAudioMixer: Display: Creating Master Submix 'MasterSubmixDefault'
[2026.04.26-18.10.13:024][984]LogAudioMixer: Display: Creating Master Submix 'MasterReverbSubmixDefault'
[2026.04.26-18.10.13:027][984]LogAudioMixer: Display: Creating Master Submix 'MasterEQSubmixDefault'
[2026.04.26-18.10.13:027][984]LogAudioMixer: FMixerPlatformXAudio2::StartAudioStream() called
[2026.04.26-18.10.13:027][984]LogAudioMixer: Display: Output buffers initialized: Frames=512, Channels=2, Samples=1024
[2026.04.26-18.10.13:029][984]LogAudioMixer: Display: Starting AudioMixerPlatformInterface::RunInternal()
[2026.04.26-18.10.13:029][984]LogAudioMixer: Display: FMixerPlatformXAudio2::SubmitBuffer() called for the first time
[2026.04.26-18.10.13:029][984]LogInit: FAudioDevice initialized.
[2026.04.26-18.10.13:029][984]LogAudio: Display: Audio Device (ID: 41) registered with world 'MP_Lobby'.
[2026.04.26-18.10.13:030][984]PIE: Warning: UGameViewportClient::AddCursor: Could not load cursor class 'UI_Cursor_C'.
[2026.04.26-18.10.13:047][984]LogLoad: Game class is 'FirstPersonGameMode_C'
[2026.04.26-18.10.13:060][984]LogWorld: Bringing World /Game/Map/UEDPIE_0_MP_Lobby.MP_Lobby up for play (max tick rate 60) at 2026.04.26-20.10.13
[2026.04.26-18.10.13:061][984]LogWorld: Bringing up level for play took: 0.012843
[2026.04.26-18.10.13:061][984]LogOnline: OSS: Creating online subsystem instance for: :Context_59
[2026.04.26-18.10.13:069][984]LogVoiceEncode: Display: EncoderVersion: libopus unknown
[2026.04.26-18.10.13:069][984]LogOnlineVoice: OSS: StopLocalVoiceProcessing(0) returned 0xFFFFFFFF
[2026.04.26-18.10.13:069][984]LogOnlineVoice: OSS: Stopping networked voice for user: 0
[2026.04.26-18.10.13:078][984]PIE: Error: SetInputMode_UIOnly expects a valid player controller as 'PlayerController' target
[2026.04.26-18.10.13:078][984]PIE: Server logged in
[2026.04.26-18.10.13:079][984]PIE: Play in editor total start time 0,322 seconds.
[2026.04.26-18.10.19:685][191]LogSlate: Updating window title bar state: overlay mode, drag disabled, window buttons hidden, title bar hidden
[2026.04.26-18.10.19:685][191]LogWorld: BeginTearingDown for /Game/Map/UEDPIE_0_MP_Lobby
[2026.04.26-18.10.19:686][191]LogWorld: UWorld::CleanupWorld for MP_Lobby, bSessionEnded=true, bCleanupResources=true
[2026.04.26-18.10.19:690][191]LogSlate: InvalidateAllWidgets triggered.  All widgets were invalidated
[2026.04.26-18.10.19:708][191]LogPlayLevel: Display: Shutting down PIE online subsystems
[2026.04.26-18.10.19:722][191]LogSlate: InvalidateAllWidgets triggered.  All widgets were invalidated
[2026.04.26-18.10.19:824][191]LogAudio: Display: Audio Device unregistered from world 'None'.
[2026.04.26-18.10.19:825][191]LogAudioMixer: FMixerPlatformXAudio2::StopAudioStream() called
[2026.04.26-18.10.19:827][191]LogAudioMixer: FMixerPlatformXAudio2::StopAudioStream() called
[2026.04.26-18.10.19:829][191]LogSlate: Updating window title bar state: overlay mode, drag disabled, window buttons hidden, title bar hidden
[2026.04.26-18.10.19:840][191]LogUObjectHash: Compacting FUObjectHashTables data took   5.63ms
[2026.04.26-18.10.19:945][192]LogPlayLevel: Display: Destroying online subsystem :Context_59
[2026.04.26-18.10.40:721][  1]LogAudioMixer: Display: Audio Buffer Underrun (starvation) detected.
[2026.04.26-18.10.53:018][396]LogAudioMixer: Display: Audio Buffer Underrun (starvation) detected.
[2026.04.26-18.11.02:403][570]LogAudioMixer: Display: Audio Buffer Underrun (starvation) detected.
[2026.04.26-18.11.16:207][103]LogAudioMixer: Display: Audio Buffer Underrun (starvation) detected.
[2026.04.26-18.11.33:077][727]LogAudioMixer: Display: Audio Buffer Underrun (starvation) detected.
[2026.04.26-18.11.53:680][246]LogAudioMixer: Display: Audio Buffer Underrun (starvation) detected.
[2026.04.26-18.12.15:620][825]LogAudioMixer: Display: Audio Buffer Underrun (starvation) detected.
[2026.04.26-18.12.33:180][280]LogAudioMixer: Display: Audio Buffer Underrun (starvation) detected.
[2026.04.26-18.12.45:262][647]LogAudioMixer: Display: Audio Buffer Underrun (starvation) detected.
[2026.04.26-18.12.59:320][135]LogAudioMixer: Display: Audio Buffer Underrun (starvation) detected.
[2026.04.26-18.13.15:883][797]LogAudioMixer: Display: Audio Buffer Underrun (starvation) detected.
[2026.04.26-18.13.26:544][174]LogAudioMixer: Display: Audio Buffer Underrun (starvation) detected.
[2026.04.26-18.13.39:107][692]LogAudioMixer: Display: Audio Buffer Underrun (starvation) detected.
[2026.04.26-18.13.49:150][ 92]LogAudioMixer: Display: Audio Buffer Underrun (starvation) detected.
[2026.04.26-18.14.04:013][700]LogAudioMixer: Display: Audio Buffer Underrun (starvation) detected.
[2026.04.26-18.14.19:723][426]LogAudioMixer: Display: Audio Buffer Underrun (starvation) detected.
[2026.04.26-18.14.31:655][700]LogAudioMixer: Display: Audio Buffer Underrun (starvation) detected.
[2026.04.26-18.14.41:252][931]LogAudioMixer: Display: Audio Buffer Underrun (starvation) detected.
[2026.04.26-18.15.09:847][674]LogAudioMixer: Display: Audio Buffer Underrun (starvation) detected.
[2026.04.26-18.15.21:135][ 47]LogAudioMixer: Display: Audio Buffer Underrun (starvation) detected.
[2026.04.26-18.15.39:432][701]LogAudioMixer: Display: Audio Buffer Underrun (starvation) detected.
[2026.04.26-18.15.44:430][875]LogTemp: Repeating last play command: Selected Viewport
[2026.04.26-18.15.44:451][875]BlueprintLog: New page: Pre-Play auto-recompile
[2026.04.26-18.15.44:477][875]LogPlayLevel: [PlayLevel] Compiling BP_NetworkCharacter before play...
[2026.04.26-18.15.44:901][875]LogUObjectHash: Compacting FUObjectHashTables data took   7.76ms
[2026.04.26-18.15.44:910][875]LogPlayLevel: PlayLevel: Blueprint regeneration took 459 ms (1 blueprints)
[2026.04.26-18.15.44:910][875]PIE: New page: PIE session: MP_Lobby (26 апр. 2026 г., 22:15:44)
[2026.04.26-18.15.44:912][875]LogPlayLevel: Creating play world package: /Game/Map/UEDPIE_0_MP_Lobby
[2026.04.26-18.15.44:970][875]LogPlayLevel: PIE: StaticDuplicateObject took: (0.058040s)
[2026.04.26-18.15.44:976][875]LogAIModule: Creating AISystem for world MP_Lobby
[2026.04.26-18.15.44:976][875]LogPlayLevel: PIE: World Init took: (0.006589s)
[2026.04.26-18.15.44:977][875]LogPlayLevel: PIE: Created PIE world by copying editor world from /Game/Map/MP_Lobby.MP_Lobby to /Game/Map/UEDPIE_0_MP_Lobby.MP_Lobby (0.065108s)
[2026.04.26-18.15.45:071][875]LogUObjectHash: Compacting FUObjectHashTables data took   5.26ms
[2026.04.26-18.15.45:073][875]LogAudio: Display: Creating Audio Device:                 Id: 42, Scope: Unique, Realtime: True
[2026.04.26-18.15.45:073][875]LogAudioMixer: Display: Audio Mixer Platform Settings:
[2026.04.26-18.15.45:073][875]LogAudioMixer: Display: 	Sample Rate:						  48000
[2026.04.26-18.15.45:073][875]LogAudioMixer: Display: 	Callback Buffer Frame Size Requested: 512
[2026.04.26-18.15.45:073][875]LogAudioMixer: Display: 	Callback Buffer Frame Size To Use:	  512
[2026.04.26-18.15.45:073][875]LogAudioMixer: Display: 	Number of buffers to queue:			  1
[2026.04.26-18.15.45:073][875]LogAudioMixer: Display: 	Max Channels (voices):				  0
[2026.04.26-18.15.45:073][875]LogAudioMixer: Display: 	Number of Async Source Workers:		  4
[2026.04.26-18.15.45:074][875]LogAudio: Display: AudioDevice MaxSources: 32
[2026.04.26-18.15.45:074][875]LogAudio: Display: Audio Spatialization Plugin: None (built-in).
[2026.04.26-18.15.45:074][875]LogAudio: Display: Audio Reverb Plugin: None (built-in).
[2026.04.26-18.15.45:074][875]LogAudio: Display: Audio Occlusion Plugin: None (built-in).
[2026.04.26-18.15.45:074][875]LogAudioMixer: Display: Initializing audio mixer.
[2026.04.26-18.15.45:082][875]LogAudioMixer: Display: 0: FrontLeft
[2026.04.26-18.15.45:082][875]LogAudioMixer: Display: 1: FrontRight
[2026.04.26-18.15.45:097][875]LogAudioMixer: Display: Using Audio Device Voicemeeter VAIO3 Input (VB-Audio Voicemeeter VAIO)
[2026.04.26-18.15.45:097][875]LogAudioMixer: Display: Initializing Sound Submixes...
[2026.04.26-18.15.45:097][875]LogAudioMixer: Display: Creating Master Submix 'MasterSubmixDefault'
[2026.04.26-18.15.45:098][875]LogAudioMixer: Display: Creating Master Submix 'MasterReverbSubmixDefault'
[2026.04.26-18.15.45:098][875]LogAudioMixer: Display: Creating Master Submix 'MasterEQSubmixDefault'
[2026.04.26-18.15.45:099][875]LogAudioMixer: FMixerPlatformXAudio2::StartAudioStream() called
[2026.04.26-18.15.45:099][875]LogAudioMixer: Display: Output buffers initialized: Frames=512, Channels=2, Samples=1024
[2026.04.26-18.15.45:101][875]LogAudioMixer: Display: Starting AudioMixerPlatformInterface::RunInternal()
[2026.04.26-18.15.45:101][875]LogAudioMixer: Display: FMixerPlatformXAudio2::SubmitBuffer() called for the first time
[2026.04.26-18.15.45:101][875]LogInit: FAudioDevice initialized.
[2026.04.26-18.15.45:101][875]LogAudio: Display: Audio Device (ID: 42) registered with world 'MP_Lobby'.
[2026.04.26-18.15.45:101][875]PIE: Warning: UGameViewportClient::AddCursor: Could not load cursor class 'UI_Cursor_C'.
[2026.04.26-18.15.45:120][875]LogLoad: Game class is 'FirstPersonGameMode_C'
[2026.04.26-18.15.45:131][875]LogWorld: Bringing World /Game/Map/UEDPIE_0_MP_Lobby.MP_Lobby up for play (max tick rate 60) at 2026.04.26-20.15.45
[2026.04.26-18.15.45:131][875]LogWorld: Bringing up level for play took: 0.010663
[2026.04.26-18.15.45:132][875]LogOnline: OSS: Creating online subsystem instance for: :Context_60
[2026.04.26-18.15.45:137][875]LogVoiceEncode: Display: EncoderVersion: libopus unknown
[2026.04.26-18.15.45:137][875]LogOnlineVoice: OSS: StopLocalVoiceProcessing(0) returned 0xFFFFFFFF
[2026.04.26-18.15.45:137][875]LogOnlineVoice: OSS: Stopping networked voice for user: 0
[2026.04.26-18.15.45:145][875]PIE: Error: SetInputMode_UIOnly expects a valid player controller as 'PlayerController' target
[2026.04.26-18.15.45:145][875]PIE: Server logged in
[2026.04.26-18.15.45:147][875]PIE: Play in editor total start time 0,698 seconds.
[2026.04.26-18.16.02:084][460]LogAudioMixer: Display: Audio Buffer Underrun (starvation) detected.
[2026.04.26-18.16.02:085][460]LogAudioMixer: Display: Audio Buffer Underrun (starvation) detected.
[2026.04.26-18.16.05:546][559]LogSlate: Updating window title bar state: overlay mode, drag disabled, window buttons hidden, title bar hidden
[2026.04.26-18.16.05:546][559]LogWorld: BeginTearingDown for /Game/Map/UEDPIE_0_MP_Lobby
[2026.04.26-18.16.05:547][559]LogWorld: UWorld::CleanupWorld for MP_Lobby, bSessionEnded=true, bCleanupResources=true
[2026.04.26-18.16.05:551][559]LogSlate: InvalidateAllWidgets triggered.  All widgets were invalidated
[2026.04.26-18.16.05:577][559]LogPlayLevel: Display: Shutting down PIE online subsystems
[2026.04.26-18.16.05:595][559]LogSlate: InvalidateAllWidgets triggered.  All widgets were invalidated
[2026.04.26-18.16.05:689][559]LogSlate: Updating window title bar state: overlay mode, drag disabled, window buttons hidden, title bar hidden
[2026.04.26-18.16.05:691][559]LogAudioMixer: FMixerPlatformXAudio2::StopAudioStream() called
[2026.04.26-18.16.05:693][559]LogAudioMixer: FMixerPlatformXAudio2::StopAudioStream() called
[2026.04.26-18.16.05:705][559]LogUObjectHash: Compacting FUObjectHashTables data took   6.67ms
[2026.04.26-18.16.05:798][560]LogPlayLevel: Display: Destroying online subsystem :Context_60
[2026.04.26-18.16.13:237][839]LogTemp: Repeating last play command: Selected Viewport
[2026.04.26-18.16.13:253][839]LogPlayLevel: PlayLevel: No blueprints needed recompiling
[2026.04.26-18.16.13:253][839]PIE: New page: PIE session: MP_Lobby (26 апр. 2026 г., 22:16:13)
[2026.04.26-18.16.13:255][839]LogPlayLevel: Creating play world package: /Game/Map/UEDPIE_0_MP_Lobby
[2026.04.26-18.16.13:332][839]LogPlayLevel: PIE: StaticDuplicateObject took: (0.076278s)
[2026.04.26-18.16.13:333][839]LogAIModule: Creating AISystem for world MP_Lobby
[2026.04.26-18.16.13:339][839]LogPlayLevel: PIE: World Init took: (0.007633s)
[2026.04.26-18.16.13:339][839]LogPlayLevel: PIE: Created PIE world by copying editor world from /Game/Map/MP_Lobby.MP_Lobby to /Game/Map/UEDPIE_0_MP_Lobby.MP_Lobby (0.084273s)
[2026.04.26-18.16.13:435][839]LogUObjectHash: Compacting FUObjectHashTables data took   6.61ms
[2026.04.26-18.16.13:438][839]LogAudio: Display: Creating Audio Device:                 Id: 43, Scope: Unique, Realtime: True
[2026.04.26-18.16.13:438][839]LogAudioMixer: Display: Audio Mixer Platform Settings:
[2026.04.26-18.16.13:438][839]LogAudioMixer: Display: 	Sample Rate:						  48000
[2026.04.26-18.16.13:438][839]LogAudioMixer: Display: 	Callback Buffer Frame Size Requested: 512
[2026.04.26-18.16.13:438][839]LogAudioMixer: Display: 	Callback Buffer Frame Size To Use:	  512
[2026.04.26-18.16.13:438][839]LogAudioMixer: Display: 	Number of buffers to queue:			  1
[2026.04.26-18.16.13:438][839]LogAudioMixer: Display: 	Max Channels (voices):				  0
[2026.04.26-18.16.13:438][839]LogAudioMixer: Display: 	Number of Async Source Workers:		  4
[2026.04.26-18.16.13:438][839]LogAudio: Display: AudioDevice MaxSources: 32
[2026.04.26-18.16.13:439][839]LogAudio: Display: Audio Spatialization Plugin: None (built-in).
[2026.04.26-18.16.13:439][839]LogAudio: Display: Audio Reverb Plugin: None (built-in).
[2026.04.26-18.16.13:439][839]LogAudio: Display: Audio Occlusion Plugin: None (built-in).
[2026.04.26-18.16.13:439][839]LogAudioMixer: Display: Initializing audio mixer.
[2026.04.26-18.16.13:447][839]LogAudioMixer: Display: 0: FrontLeft
[2026.04.26-18.16.13:447][839]LogAudioMixer: Display: 1: FrontRight
[2026.04.26-18.16.13:464][839]LogAudioMixer: Display: Using Audio Device Voicemeeter VAIO3 Input (VB-Audio Voicemeeter VAIO)
[2026.04.26-18.16.13:465][839]LogAudioMixer: Display: Initializing Sound Submixes...
[2026.04.26-18.16.13:465][839]LogAudioMixer: Display: Creating Master Submix 'MasterSubmixDefault'
[2026.04.26-18.16.13:465][839]LogAudioMixer: Display: Creating Master Submix 'MasterReverbSubmixDefault'
[2026.04.26-18.16.13:466][839]LogAudioMixer: Display: Creating Master Submix 'MasterEQSubmixDefault'
[2026.04.26-18.16.13:467][839]LogAudioMixer: FMixerPlatformXAudio2::StartAudioStream() called
[2026.04.26-18.16.13:467][839]LogAudioMixer: Display: Output buffers initialized: Frames=512, Channels=2, Samples=1024
[2026.04.26-18.16.13:469][839]LogAudioMixer: Display: Starting AudioMixerPlatformInterface::RunInternal()
[2026.04.26-18.16.13:469][839]LogAudioMixer: Display: FMixerPlatformXAudio2::SubmitBuffer() called for the first time
[2026.04.26-18.16.13:469][839]LogInit: FAudioDevice initialized.
[2026.04.26-18.16.13:469][839]LogAudio: Display: Audio Device (ID: 43) registered with world 'MP_Lobby'.
[2026.04.26-18.16.13:470][839]PIE: Warning: UGameViewportClient::AddCursor: Could not load cursor class 'UI_Cursor_C'.
[2026.04.26-18.16.13:488][839]LogLoad: Game class is 'FirstPersonGameMode_C'
[2026.04.26-18.16.13:498][839]LogWorld: Bringing World /Game/Map/UEDPIE_0_MP_Lobby.MP_Lobby up for play (max tick rate 60) at 2026.04.26-20.16.13
[2026.04.26-18.16.13:499][839]LogWorld: Bringing up level for play took: 0.009794
[2026.04.26-18.16.13:499][839]LogOnline: OSS: Creating online subsystem instance for: :Context_61
[2026.04.26-18.16.13:506][839]LogVoiceEncode: Display: EncoderVersion: libopus unknown
[2026.04.26-18.16.13:506][839]LogOnlineVoice: OSS: StopLocalVoiceProcessing(0) returned 0xFFFFFFFF
[2026.04.26-18.16.13:506][839]LogOnlineVoice: OSS: Stopping networked voice for user: 0
[2026.04.26-18.16.13:515][839]PIE: Error: SetInputMode_UIOnly expects a valid player controller as 'PlayerController' target
[2026.04.26-18.16.13:515][839]PIE: Server logged in
[2026.04.26-18.16.13:518][839]PIE: Play in editor total start time 0,268 seconds.
[2026.04.26-18.16.22:394][141]LogAudioMixer: Display: Audio Buffer Underrun (starvation) detected.
[2026.04.26-18.16.22:394][141]LogAudioMixer: Display: Audio Buffer Underrun (starvation) detected.
[2026.04.26-18.16.40:624][789]LogSlate: Updating window title bar state: overlay mode, drag disabled, window buttons hidden, title bar hidden
[2026.04.26-18.16.40:624][789]LogWorld: BeginTearingDown for /Game/Map/UEDPIE_0_MP_Lobby
[2026.04.26-18.16.40:626][789]LogWorld: UWorld::CleanupWorld for MP_Lobby, bSessionEnded=true, bCleanupResources=true
[2026.04.26-18.16.40:632][789]LogSlate: InvalidateAllWidgets triggered.  All widgets were invalidated
[2026.04.26-18.16.40:672][789]LogPlayLevel: Display: Shutting down PIE online subsystems
[2026.04.26-18.16.40:686][789]LogSlate: InvalidateAllWidgets triggered.  All widgets were invalidated
[2026.04.26-18.16.40:799][789]LogSlate: Updating window title bar state: overlay mode, drag disabled, window buttons hidden, title bar hidden
[2026.04.26-18.16.40:800][789]LogAudioMixer: FMixerPlatformXAudio2::StopAudioStream() called
[2026.04.26-18.16.40:802][789]LogAudioMixer: FMixerPlatformXAudio2::StopAudioStream() called
[2026.04.26-18.16.40:816][789]LogUObjectHash: Compacting FUObjectHashTables data took   7.00ms
[2026.04.26-18.16.40:910][790]LogPlayLevel: Display: Destroying online subsystem :Context_61
[2026.04.26-18.16.44:427][956]LogAudioMixer: Display: Audio Buffer Underrun (starvation) detected.
[2026.04.26-18.16.52:852][334]LogWindowsTextInputMethodSystem: Display: IME system deactivated.
[2026.04.26-18.16.52:853][334]LogWindowsTextInputMethodSystem: Display: IME system deactivated.
[2026.04.26-18.16.52:918][335]LogTemp: Repeating last play command: Selected Viewport
[2026.04.26-18.16.52:952][335]LogPlayLevel: PlayLevel: No blueprints needed recompiling
[2026.04.26-18.16.52:952][335]PIE: New page: PIE session: MP_Lobby (26 апр. 2026 г., 22:16:52)
[2026.04.26-18.16.52:952][335]LogPlayLevel: Creating play world package: /Game/Map/UEDPIE_0_MP_Lobby
[2026.04.26-18.16.53:047][335]LogPlayLevel: PIE: StaticDuplicateObject took: (0.095101s)
[2026.04.26-18.16.53:049][335]LogAIModule: Creating AISystem for world MP_Lobby
[2026.04.26-18.16.53:049][335]LogPlayLevel: PIE: World Init took: (0.002329s)
[2026.04.26-18.16.53:050][335]LogPlayLevel: PIE: Created PIE world by copying editor world from /Game/Map/MP_Lobby.MP_Lobby to /Game/Map/UEDPIE_0_MP_Lobby.MP_Lobby (0.097786s)
[2026.04.26-18.16.53:178][335]LogUObjectHash: Compacting FUObjectHashTables data took   9.12ms
[2026.04.26-18.16.53:184][335]LogAudio: Display: Creating Audio Device:                 Id: 44, Scope: Unique, Realtime: True
[2026.04.26-18.16.53:184][335]LogAudioMixer: Display: Audio Mixer Platform Settings:
[2026.04.26-18.16.53:184][335]LogAudioMixer: Display: 	Sample Rate:						  48000
[2026.04.26-18.16.53:184][335]LogAudioMixer: Display: 	Callback Buffer Frame Size Requested: 512
[2026.04.26-18.16.53:184][335]LogAudioMixer: Display: 	Callback Buffer Frame Size To Use:	  512
[2026.04.26-18.16.53:184][335]LogAudioMixer: Display: 	Number of buffers to queue:			  1
[2026.04.26-18.16.53:184][335]LogAudioMixer: Display: 	Max Channels (voices):				  0
[2026.04.26-18.16.53:184][335]LogAudioMixer: Display: 	Number of Async Source Workers:		  4
[2026.04.26-18.16.53:184][335]LogAudio: Display: AudioDevice MaxSources: 32
[2026.04.26-18.16.53:186][335]LogAudio: Display: Audio Spatialization Plugin: None (built-in).
[2026.04.26-18.16.53:186][335]LogAudio: Display: Audio Reverb Plugin: None (built-in).
[2026.04.26-18.16.53:186][335]LogAudio: Display: Audio Occlusion Plugin: None (built-in).
[2026.04.26-18.16.53:186][335]LogAudioMixer: Display: Initializing audio mixer.
[2026.04.26-18.16.53:192][335]LogAudioMixer: Display: 0: FrontLeft
[2026.04.26-18.16.53:192][335]LogAudioMixer: Display: 1: FrontRight
[2026.04.26-18.16.53:211][335]LogAudioMixer: Display: Using Audio Device Voicemeeter VAIO3 Input (VB-Audio Voicemeeter VAIO)
[2026.04.26-18.16.53:213][335]LogAudioMixer: Display: Initializing Sound Submixes...
[2026.04.26-18.16.53:213][335]LogAudioMixer: Display: Creating Master Submix 'MasterSubmixDefault'
[2026.04.26-18.16.53:213][335]LogAudioMixer: Display: Creating Master Submix 'MasterReverbSubmixDefault'
[2026.04.26-18.16.53:215][335]LogAudioMixer: Display: Creating Master Submix 'MasterEQSubmixDefault'
[2026.04.26-18.16.53:215][335]LogAudioMixer: FMixerPlatformXAudio2::StartAudioStream() called
[2026.04.26-18.16.53:215][335]LogAudioMixer: Display: Output buffers initialized: Frames=512, Channels=2, Samples=1024
[2026.04.26-18.16.53:218][335]LogAudioMixer: Display: Starting AudioMixerPlatformInterface::RunInternal()
[2026.04.26-18.16.53:218][335]LogAudioMixer: Display: FMixerPlatformXAudio2::SubmitBuffer() called for the first time
[2026.04.26-18.16.53:218][335]LogInit: FAudioDevice initialized.
[2026.04.26-18.16.53:218][335]LogAudio: Display: Audio Device (ID: 44) registered with world 'MP_Lobby'.
[2026.04.26-18.16.53:219][335]PIE: Warning: UGameViewportClient::AddCursor: Could not load cursor class 'UI_Cursor_C'.
[2026.04.26-18.16.53:420][335]LogSlate: Updating window title bar state: overlay mode, drag disabled, window buttons hidden, title bar hidden
[2026.04.26-18.16.53:422][335]LogLoad: Game class is 'FirstPersonGameMode_C'
[2026.04.26-18.16.53:435][335]LogWorld: Bringing World /Game/Map/UEDPIE_0_MP_Lobby.MP_Lobby up for play (max tick rate 60) at 2026.04.26-20.16.53
[2026.04.26-18.16.53:435][335]LogWorld: Bringing up level for play took: 0.013253
[2026.04.26-18.16.53:436][335]LogOnline: OSS: Creating online subsystem instance for: :Context_62
[2026.04.26-18.16.53:443][335]LogVoiceEncode: Display: EncoderVersion: libopus unknown
[2026.04.26-18.16.53:443][335]LogOnlineVoice: OSS: StopLocalVoiceProcessing(0) returned 0xFFFFFFFF
[2026.04.26-18.16.53:443][335]LogOnlineVoice: OSS: Stopping networked voice for user: 0
[2026.04.26-18.16.53:452][335]PIE: Error: SetInputMode_UIOnly expects a valid player controller as 'PlayerController' target
[2026.04.26-18.16.53:457][335]PIE: Server logged in
[2026.04.26-18.16.53:459][335]PIE: Play in editor total start time 0,514 seconds.
[2026.04.26-18.16.54:624][365]LogSlate: Updating window title bar state: overlay mode, drag disabled, window buttons hidden, title bar hidden
[2026.04.26-18.16.54:624][365]LogWorld: BeginTearingDown for /Game/Map/UEDPIE_0_MP_Lobby
[2026.04.26-18.16.54:625][365]LogSlate: Window 'Playtime_Multiplayer Preview [NetMode: Standalone]  (64-bit/Windows) ' being destroyed
[2026.04.26-18.16.54:654][365]LogWorld: UWorld::CleanupWorld for MP_Lobby, bSessionEnded=true, bCleanupResources=true
[2026.04.26-18.16.54:657][365]LogSlate: InvalidateAllWidgets triggered.  All widgets were invalidated
[2026.04.26-18.16.54:680][365]LogPlayLevel: Display: Shutting down PIE online subsystems
[2026.04.26-18.16.54:693][365]LogSlate: InvalidateAllWidgets triggered.  All widgets were invalidated
[2026.04.26-18.16.54:806][365]LogAudioMixer: FMixerPlatformXAudio2::StopAudioStream() called
[2026.04.26-18.16.54:808][365]LogAudioMixer: FMixerPlatformXAudio2::StopAudioStream() called
[2026.04.26-18.16.54:823][365]LogUObjectHash: Compacting FUObjectHashTables data took   5.84ms
[2026.04.26-18.16.54:902][366]LogPlayLevel: Display: Destroying online subsystem :Context_62
[2026.04.26-18.16.59:232][552]LogWindowsTextInputMethodSystem: Display: IME system deactivated.
[2026.04.26-18.16.59:232][552]LogWindowsTextInputMethodSystem: Display: IME system deactivated.
[2026.04.26-18.17.08:299][910]LogAudioMixer: Display: Audio Buffer Underrun (starvation) detected.
[2026.04.26-18.17.23:044][511]LogAudioMixer: Display: Audio Buffer Underrun (starvation) detected.
[2026.04.26-18.17.38:188][205]LogAudioMixer: Display: Audio Buffer Underrun (starvation) detected.
[2026.04.26-18.17.50:809][662]LogAudioMixer: Display: Audio Buffer Underrun (starvation) detected.
[2026.04.26-18.18.12:150][619]LogAudioMixer: Display: Audio Buffer Underrun (starvation) detected.
[2026.04.26-18.18.16:632][824]LogWindowsTextInputMethodSystem: Display: IME system deactivated.
[2026.04.26-18.18.16:632][824]LogWindowsTextInputMethodSystem: Display: IME system deactivated.
[2026.04.26-18.18.21:797][ 16]LogAudioMixer: Display: Audio Buffer Underrun (starvation) detected.
[2026.04.26-18.18.31:688][460]LogWindowsTextInputMethodSystem: Display: IME system deactivated.
[2026.04.26-18.18.31:688][460]LogWindowsTextInputMethodSystem: Display: IME system deactivated.
[2026.04.26-18.18.34:594][554]LogAudioMixer: Display: Audio Buffer Underrun (starvation) detected.
[2026.04.26-18.18.36:696][638]BlueprintLog: New page: Compile BP_DefaultController
[2026.04.26-18.18.36:723][638]LogBlueprint: Warning: [AssetLog] C:\LastStep\PROJECT-LAST-STEP\Playtime_Multiplayer\Content\BaseMultiplayer\GameModes\Default\BP_DefaultController.uasset: [Compiler] InputKey Event specifies axis FKey'MouseWheelAxis' for  Mouse Wheel Axis
[2026.04.26-18.18.36:728][638]LogBlueprint: Error: [AssetLog] C:\LastStep\PROJECT-LAST-STEP\Playtime_Multiplayer\Content\BaseMultiplayer\GameModes\Default\BP_DefaultController.uasset: [Compiler] This blueprint (self) is not a Character, therefore ' Target ' must have a connection.
[2026.04.26-18.18.36:912][638]LogUObjectHash: Compacting FUObjectHashTables data took   8.41ms
[2026.04.26-18.19.06:441][846]LogAudioMixer: Display: Audio Buffer Underrun (starvation) detected.
[2026.04.26-18.19.12:955][147]BlueprintLog: New page: Compile BP_DefaultController
[2026.04.26-18.19.12:962][147]LogBlueprint: Warning: [AssetLog] C:\LastStep\PROJECT-LAST-STEP\Playtime_Multiplayer\Content\BaseMultiplayer\GameModes\Default\BP_DefaultController.uasset: [Compiler] InputKey Event specifies axis FKey'MouseWheelAxis' for  Mouse Wheel Axis
[2026.04.26-18.19.13:149][147]LogUObjectHash: Compacting FUObjectHashTables data took   9.17ms
[2026.04.26-18.19.14:667][189]LogTemp: Repeating last play command: Selected Viewport
[2026.04.26-18.19.14:686][189]LogPlayLevel: PlayLevel: No blueprints needed recompiling
[2026.04.26-18.19.14:686][189]PIE: New page: PIE session: MP_Lobby (26 апр. 2026 г., 22:19:14)
[2026.04.26-18.19.14:687][189]LogPlayLevel: Creating play world package: /Game/Map/UEDPIE_0_MP_Lobby
[2026.04.26-18.19.14:799][189]LogPlayLevel: PIE: StaticDuplicateObject took: (0.112048s)
[2026.04.26-18.19.14:801][189]LogAIModule: Creating AISystem for world MP_Lobby
[2026.04.26-18.19.14:802][189]LogPlayLevel: PIE: World Init took: (0.002078s)
[2026.04.26-18.19.14:802][189]LogPlayLevel: PIE: Created PIE world by copying editor world from /Game/Map/MP_Lobby.MP_Lobby to /Game/Map/UEDPIE_0_MP_Lobby.MP_Lobby (0.114535s)
[2026.04.26-18.19.14:901][189]LogUObjectHash: Compacting FUObjectHashTables data took   7.87ms
[2026.04.26-18.19.14:903][189]LogAudio: Display: Creating Audio Device:                 Id: 45, Scope: Unique, Realtime: True
[2026.04.26-18.19.14:905][189]LogAudioMixer: Display: Audio Mixer Platform Settings:
[2026.04.26-18.19.14:905][189]LogAudioMixer: Display: 	Sample Rate:						  48000
[2026.04.26-18.19.14:905][189]LogAudioMixer: Display: 	Callback Buffer Frame Size Requested: 512
[2026.04.26-18.19.14:905][189]LogAudioMixer: Display: 	Callback Buffer Frame Size To Use:	  512
[2026.04.26-18.19.14:905][189]LogAudioMixer: Display: 	Number of buffers to queue:			  1
[2026.04.26-18.19.14:905][189]LogAudioMixer: Display: 	Max Channels (voices):				  0
[2026.04.26-18.19.14:905][189]LogAudioMixer: Display: 	Number of Async Source Workers:		  4
[2026.04.26-18.19.14:905][189]LogAudio: Display: AudioDevice MaxSources: 32
[2026.04.26-18.19.14:907][189]LogAudio: Display: Audio Spatialization Plugin: None (built-in).
[2026.04.26-18.19.14:908][189]LogAudio: Display: Audio Reverb Plugin: None (built-in).
[2026.04.26-18.19.14:908][189]LogAudio: Display: Audio Occlusion Plugin: None (built-in).
[2026.04.26-18.19.14:908][189]LogAudioMixer: Display: Initializing audio mixer.
[2026.04.26-18.19.14:916][189]LogAudioMixer: Display: 0: FrontLeft
[2026.04.26-18.19.14:917][189]LogAudioMixer: Display: 1: FrontRight
[2026.04.26-18.19.14:938][189]LogAudioMixer: Display: Using Audio Device Voicemeeter VAIO3 Input (VB-Audio Voicemeeter VAIO)
[2026.04.26-18.19.14:939][189]LogAudioMixer: Display: Initializing Sound Submixes...
[2026.04.26-18.19.14:939][189]LogAudioMixer: Display: Creating Master Submix 'MasterSubmixDefault'
[2026.04.26-18.19.14:939][189]LogAudioMixer: Display: Creating Master Submix 'MasterReverbSubmixDefault'
[2026.04.26-18.19.14:940][189]LogAudioMixer: Display: Creating Master Submix 'MasterEQSubmixDefault'
[2026.04.26-18.19.14:940][189]LogAudioMixer: FMixerPlatformXAudio2::StartAudioStream() called
[2026.04.26-18.19.14:940][189]LogAudioMixer: Display: Output buffers initialized: Frames=512, Channels=2, Samples=1024
[2026.04.26-18.19.14:942][189]LogAudioMixer: Display: Starting AudioMixerPlatformInterface::RunInternal()
[2026.04.26-18.19.14:942][189]LogAudioMixer: Display: FMixerPlatformXAudio2::SubmitBuffer() called for the first time
[2026.04.26-18.19.14:943][189]LogInit: FAudioDevice initialized.
[2026.04.26-18.19.14:943][189]LogAudio: Display: Audio Device (ID: 45) registered with world 'MP_Lobby'.
[2026.04.26-18.19.14:944][189]PIE: Warning: UGameViewportClient::AddCursor: Could not load cursor class 'UI_Cursor_C'.
[2026.04.26-18.19.14:955][189]LogLoad: Game class is 'FirstPersonGameMode_C'
[2026.04.26-18.19.14:967][189]LogWorld: Bringing World /Game/Map/UEDPIE_0_MP_Lobby.MP_Lobby up for play (max tick rate 60) at 2026.04.26-20.19.14
[2026.04.26-18.19.14:968][189]LogWorld: Bringing up level for play took: 0.011522
[2026.04.26-18.19.14:968][189]LogOnline: OSS: Creating online subsystem instance for: :Context_63
[2026.04.26-18.19.14:974][189]LogVoiceEncode: Display: EncoderVersion: libopus unknown
[2026.04.26-18.19.14:974][189]LogOnlineVoice: OSS: StopLocalVoiceProcessing(0) returned 0xFFFFFFFF
[2026.04.26-18.19.14:974][189]LogOnlineVoice: OSS: Stopping networked voice for user: 0
[2026.04.26-18.19.14:982][189]PIE: Error: SetInputMode_UIOnly expects a valid player controller as 'PlayerController' target
[2026.04.26-18.19.14:982][189]PIE: Server logged in
[2026.04.26-18.19.14:984][189]PIE: Play in editor total start time 0,3 seconds.
[2026.04.26-18.19.25:728][508]LogAudioMixer: Display: Audio Buffer Underrun (starvation) detected.
[2026.04.26-18.19.25:728][508]LogAudioMixer: Display: Audio Buffer Underrun (starvation) detected.
[2026.04.26-18.19.31:577][666]LogSlate: Updating window title bar state: overlay mode, drag disabled, window buttons hidden, title bar hidden
[2026.04.26-18.19.31:577][666]LogWorld: BeginTearingDown for /Game/Map/UEDPIE_0_MP_Lobby
[2026.04.26-18.19.31:579][666]LogWorld: UWorld::CleanupWorld for MP_Lobby, bSessionEnded=true, bCleanupResources=true
[2026.04.26-18.19.31:584][666]LogSlate: InvalidateAllWidgets triggered.  All widgets were invalidated
[2026.04.26-18.19.31:603][666]LogPlayLevel: Display: Shutting down PIE online subsystems
[2026.04.26-18.19.31:616][666]LogSlate: InvalidateAllWidgets triggered.  All widgets were invalidated
[2026.04.26-18.19.31:733][666]LogAudio: Display: Audio Device unregistered from world 'None'.
[2026.04.26-18.19.31:735][666]LogAudioMixer: FMixerPlatformXAudio2::StopAudioStream() called
[2026.04.26-18.19.31:737][666]LogAudioMixer: FMixerPlatformXAudio2::StopAudioStream() called
[2026.04.26-18.19.31:744][666]LogSlate: Updating window title bar state: overlay mode, drag disabled, window buttons hidden, title bar hidden
[2026.04.26-18.19.31:754][666]LogUObjectHash: Compacting FUObjectHashTables data took   6.49ms
[2026.04.26-18.19.31:864][667]LogPlayLevel: Display: Destroying online subsystem :Context_63
[2026.04.26-18.19.41:237][ 69]BlueprintLog: New page: Compile BP_DefaultController
[2026.04.26-18.19.41:246][ 69]LogBlueprint: Warning: [AssetLog] C:\LastStep\PROJECT-LAST-STEP\Playtime_Multiplayer\Content\BaseMultiplayer\GameModes\Default\BP_DefaultController.uasset: [Compiler] InputKey Event specifies axis FKey'MouseWheelAxis' for  Mouse Wheel Axis
[2026.04.26-18.19.41:410][ 69]LogUObjectHash: Compacting FUObjectHashTables data took   7.83ms
[2026.04.26-18.19.45:344][230]LogAudioMixer: Display: Audio Buffer Underrun (starvation) detected.
[2026.04.26-18.19.48:196][363]BlueprintLog: New page: Compile BP_DefaultController
[2026.04.26-18.19.48:203][363]LogBlueprint: Warning: [AssetLog] C:\LastStep\PROJECT-LAST-STEP\Playtime_Multiplayer\Content\BaseMultiplayer\GameModes\Default\BP_DefaultController.uasset: [Compiler] InputKey Event specifies axis FKey'MouseWheelAxis' for  Mouse Wheel Axis
[2026.04.26-18.19.48:387][363]LogUObjectHash: Compacting FUObjectHashTables data took  17.59ms
[2026.04.26-18.19.58:606][875]LogTemp: Repeating last play command: Selected Viewport
[2026.04.26-18.19.58:623][875]LogPlayLevel: PlayLevel: No blueprints needed recompiling
[2026.04.26-18.19.58:624][875]PIE: New page: PIE session: MP_Lobby (26 апр. 2026 г., 22:19:58)
[2026.04.26-18.19.58:624][875]LogPlayLevel: Creating play world package: /Game/Map/UEDPIE_0_MP_Lobby
[2026.04.26-18.19.58:700][875]LogPlayLevel: PIE: StaticDuplicateObject took: (0.074148s)
[2026.04.26-18.19.58:701][875]LogAIModule: Creating AISystem for world MP_Lobby
[2026.04.26-18.19.58:702][875]LogPlayLevel: PIE: World Init took: (0.002235s)
[2026.04.26-18.19.58:702][875]LogPlayLevel: PIE: Created PIE world by copying editor world from /Game/Map/MP_Lobby.MP_Lobby to /Game/Map/UEDPIE_0_MP_Lobby.MP_Lobby (0.077094s)
[2026.04.26-18.19.58:827][875]LogUObjectHash: Compacting FUObjectHashTables data took   8.36ms
[2026.04.26-18.19.58:829][875]LogAudio: Display: Creating Audio Device:                 Id: 46, Scope: Unique, Realtime: True
[2026.04.26-18.19.58:829][875]LogAudioMixer: Display: Audio Mixer Platform Settings:
[2026.04.26-18.19.58:830][875]LogAudioMixer: Display: 	Sample Rate:						  48000
[2026.04.26-18.19.58:830][875]LogAudioMixer: Display: 	Callback Buffer Frame Size Requested: 512
[2026.04.26-18.19.58:830][875]LogAudioMixer: Display: 	Callback Buffer Frame Size To Use:	  512
[2026.04.26-18.19.58:830][875]LogAudioMixer: Display: 	Number of buffers to queue:			  1
[2026.04.26-18.19.58:830][875]LogAudioMixer: Display: 	Max Channels (voices):				  0
[2026.04.26-18.19.58:830][875]LogAudioMixer: Display: 	Number of Async Source Workers:		  4
[2026.04.26-18.19.58:830][875]LogAudio: Display: AudioDevice MaxSources: 32
[2026.04.26-18.19.58:831][875]LogAudio: Display: Audio Spatialization Plugin: None (built-in).
[2026.04.26-18.19.58:831][875]LogAudio: Display: Audio Reverb Plugin: None (built-in).
[2026.04.26-18.19.58:831][875]LogAudio: Display: Audio Occlusion Plugin: None (built-in).
[2026.04.26-18.19.58:832][875]LogAudioMixer: Display: Initializing audio mixer.
[2026.04.26-18.19.58:841][875]LogAudioMixer: Display: 0: FrontLeft
[2026.04.26-18.19.58:841][875]LogAudioMixer: Display: 1: FrontRight
[2026.04.26-18.19.58:860][875]LogAudioMixer: Display: Using Audio Device Voicemeeter VAIO3 Input (VB-Audio Voicemeeter VAIO)
[2026.04.26-18.19.58:861][875]LogAudioMixer: Display: Initializing Sound Submixes...
[2026.04.26-18.19.58:861][875]LogAudioMixer: Display: Creating Master Submix 'MasterSubmixDefault'
[2026.04.26-18.19.58:861][875]LogAudioMixer: Display: Creating Master Submix 'MasterReverbSubmixDefault'
[2026.04.26-18.19.58:862][875]LogAudioMixer: Display: Creating Master Submix 'MasterEQSubmixDefault'
[2026.04.26-18.19.58:862][875]LogAudioMixer: FMixerPlatformXAudio2::StartAudioStream() called
[2026.04.26-18.19.58:862][875]LogAudioMixer: Display: Output buffers initialized: Frames=512, Channels=2, Samples=1024
[2026.04.26-18.19.58:864][875]LogAudioMixer: Display: Starting AudioMixerPlatformInterface::RunInternal()
[2026.04.26-18.19.58:864][875]LogAudioMixer: Display: FMixerPlatformXAudio2::SubmitBuffer() called for the first time
[2026.04.26-18.19.58:864][875]LogInit: FAudioDevice initialized.
[2026.04.26-18.19.58:864][875]LogAudio: Display: Audio Device (ID: 46) registered with world 'MP_Lobby'.
[2026.04.26-18.19.58:865][875]PIE: Warning: UGameViewportClient::AddCursor: Could not load cursor class 'UI_Cursor_C'.
[2026.04.26-18.19.58:878][875]LogLoad: Game class is 'FirstPersonGameMode_C'
[2026.04.26-18.19.58:889][875]LogWorld: Bringing World /Game/Map/UEDPIE_0_MP_Lobby.MP_Lobby up for play (max tick rate 60) at 2026.04.26-20.19.58
[2026.04.26-18.19.58:890][875]LogWorld: Bringing up level for play took: 0.011104
[2026.04.26-18.19.58:890][875]LogOnline: OSS: Creating online subsystem instance for: :Context_64
[2026.04.26-18.19.58:896][875]LogVoiceEncode: Display: EncoderVersion: libopus unknown
[2026.04.26-18.19.58:896][875]LogOnlineVoice: OSS: StopLocalVoiceProcessing(0) returned 0xFFFFFFFF
[2026.04.26-18.19.58:896][875]LogOnlineVoice: OSS: Stopping networked voice for user: 0
[2026.04.26-18.19.58:904][875]PIE: Error: SetInputMode_UIOnly expects a valid player controller as 'PlayerController' target
[2026.04.26-18.19.58:905][875]PIE: Server logged in
[2026.04.26-18.19.58:907][875]PIE: Play in editor total start time 0,287 seconds.
[2026.04.26-18.20.09:369][256]LogAudioMixer: Display: Audio Buffer Underrun (starvation) detected.
[2026.04.26-18.20.09:369][256]LogAudioMixer: Display: Audio Buffer Underrun (starvation) detected.
[2026.04.26-18.20.21:774][680]LogSlate: Updating window title bar state: overlay mode, drag disabled, window buttons hidden, title bar hidden
[2026.04.26-18.20.21:774][680]LogWorld: BeginTearingDown for /Game/Map/UEDPIE_0_MP_Lobby
[2026.04.26-18.20.21:775][680]LogWorld: UWorld::CleanupWorld for MP_Lobby, bSessionEnded=true, bCleanupResources=true
[2026.04.26-18.20.21:777][680]LogSlate: InvalidateAllWidgets triggered.  All widgets were invalidated
[2026.04.26-18.20.21:802][680]LogPlayLevel: Display: Shutting down PIE online subsystems
[2026.04.26-18.20.21:818][680]LogSlate: InvalidateAllWidgets triggered.  All widgets were invalidated
[2026.04.26-18.20.21:922][680]LogAudio: Display: Audio Device unregistered from world 'None'.
[2026.04.26-18.20.21:922][680]LogAudioMixer: FMixerPlatformXAudio2::StopAudioStream() called
[2026.04.26-18.20.21:926][680]LogAudioMixer: FMixerPlatformXAudio2::StopAudioStream() called
[2026.04.26-18.20.21:929][680]LogSlate: Updating window title bar state: overlay mode, drag disabled, window buttons hidden, title bar hidden
[2026.04.26-18.20.21:940][680]LogUObjectHash: Compacting FUObjectHashTables data took   7.83ms
[2026.04.26-18.20.22:045][681]LogPlayLevel: Display: Destroying online subsystem :Context_64
[2026.04.26-18.20.27:089][905]LogAudioMixer: Display: Audio Buffer Underrun (starvation) detected.
[2026.04.26-18.20.39:548][508]BlueprintLog: New page: Compile BP_DefaultController
[2026.04.26-18.20.39:553][508]LogBlueprint: Warning: [AssetLog] C:\LastStep\PROJECT-LAST-STEP\Playtime_Multiplayer\Content\BaseMultiplayer\GameModes\Default\BP_DefaultController.uasset: [Compiler] InputKey Event specifies axis FKey'MouseWheelAxis' for  Mouse Wheel Axis
[2026.04.26-18.20.39:742][508]LogUObjectHash: Compacting FUObjectHashTables data took   7.91ms
[2026.04.26-18.20.41:177][560]LogAudioMixer: Display: Audio Buffer Underrun (starvation) detected.
[2026.04.26-18.20.42:103][574]LogTemp: Repeating last play command: Selected Viewport
[2026.04.26-18.20.42:128][574]LogPlayLevel: PlayLevel: No blueprints needed recompiling
[2026.04.26-18.20.42:128][574]PIE: New page: PIE session: MP_Lobby (26 апр. 2026 г., 22:20:42)
[2026.04.26-18.20.42:128][574]LogPlayLevel: Creating play world package: /Game/Map/UEDPIE_0_MP_Lobby
[2026.04.26-18.20.42:229][574]LogPlayLevel: PIE: StaticDuplicateObject took: (0.099853s)
[2026.04.26-18.20.42:233][574]LogAIModule: Creating AISystem for world MP_Lobby
[2026.04.26-18.20.42:233][574]LogPlayLevel: PIE: World Init took: (0.004471s)
[2026.04.26-18.20.42:233][574]LogPlayLevel: PIE: Created PIE world by copying editor world from /Game/Map/MP_Lobby.MP_Lobby to /Game/Map/UEDPIE_0_MP_Lobby.MP_Lobby (0.104640s)
[2026.04.26-18.20.42:392][574]LogUObjectHash: Compacting FUObjectHashTables data took  12.38ms
[2026.04.26-18.20.42:395][574]LogAudio: Display: Creating Audio Device:                 Id: 47, Scope: Unique, Realtime: True
[2026.04.26-18.20.42:395][574]LogAudioMixer: Display: Audio Mixer Platform Settings:
[2026.04.26-18.20.42:395][574]LogAudioMixer: Display: 	Sample Rate:						  48000
[2026.04.26-18.20.42:395][574]LogAudioMixer: Display: 	Callback Buffer Frame Size Requested: 512
[2026.04.26-18.20.42:395][574]LogAudioMixer: Display: 	Callback Buffer Frame Size To Use:	  512
[2026.04.26-18.20.42:395][574]LogAudioMixer: Display: 	Number of buffers to queue:			  1
[2026.04.26-18.20.42:395][574]LogAudioMixer: Display: 	Max Channels (voices):				  0
[2026.04.26-18.20.42:396][574]LogAudioMixer: Display: 	Number of Async Source Workers:		  4
[2026.04.26-18.20.42:396][574]LogAudio: Display: AudioDevice MaxSources: 32
[2026.04.26-18.20.42:398][574]LogAudio: Display: Audio Spatialization Plugin: None (built-in).
[2026.04.26-18.20.42:399][574]LogAudio: Display: Audio Reverb Plugin: None (built-in).
[2026.04.26-18.20.42:399][574]LogAudio: Display: Audio Occlusion Plugin: None (built-in).
[2026.04.26-18.20.42:400][574]LogAudioMixer: Display: Initializing audio mixer.
[2026.04.26-18.20.42:407][574]LogAudioMixer: Display: 0: FrontLeft
[2026.04.26-18.20.42:407][574]LogAudioMixer: Display: 1: FrontRight
[2026.04.26-18.20.42:431][574]LogAudioMixer: Display: Using Audio Device Voicemeeter VAIO3 Input (VB-Audio Voicemeeter VAIO)
[2026.04.26-18.20.42:433][574]LogAudioMixer: Display: Initializing Sound Submixes...
[2026.04.26-18.20.42:433][574]LogAudioMixer: Display: Creating Master Submix 'MasterSubmixDefault'
[2026.04.26-18.20.42:433][574]LogAudioMixer: Display: Creating Master Submix 'MasterReverbSubmixDefault'
[2026.04.26-18.20.42:434][574]LogAudioMixer: Display: Creating Master Submix 'MasterEQSubmixDefault'
[2026.04.26-18.20.42:435][574]LogAudioMixer: FMixerPlatformXAudio2::StartAudioStream() called
[2026.04.26-18.20.42:435][574]LogAudioMixer: Display: Output buffers initialized: Frames=512, Channels=2, Samples=1024
[2026.04.26-18.20.42:439][574]LogAudioMixer: Display: Starting AudioMixerPlatformInterface::RunInternal()
[2026.04.26-18.20.42:439][574]LogAudioMixer: Display: FMixerPlatformXAudio2::SubmitBuffer() called for the first time
[2026.04.26-18.20.42:439][574]LogInit: FAudioDevice initialized.
[2026.04.26-18.20.42:439][574]LogAudio: Display: Audio Device (ID: 47) registered with world 'MP_Lobby'.
[2026.04.26-18.20.42:440][574]PIE: Warning: UGameViewportClient::AddCursor: Could not load cursor class 'UI_Cursor_C'.
[2026.04.26-18.20.42:467][574]LogLoad: Game class is 'FirstPersonGameMode_C'
[2026.04.26-18.20.42:478][574]LogWorld: Bringing World /Game/Map/UEDPIE_0_MP_Lobby.MP_Lobby up for play (max tick rate 60) at 2026.04.26-20.20.42
[2026.04.26-18.20.42:478][574]LogWorld: Bringing up level for play took: 0.010853
[2026.04.26-18.20.42:479][574]LogOnline: OSS: Creating online subsystem instance for: :Context_65
[2026.04.26-18.20.42:486][574]LogVoiceEncode: Display: EncoderVersion: libopus unknown
[2026.04.26-18.20.42:486][574]LogOnlineVoice: OSS: StopLocalVoiceProcessing(0) returned 0xFFFFFFFF
[2026.04.26-18.20.42:486][574]LogOnlineVoice: OSS: Stopping networked voice for user: 0
[2026.04.26-18.20.42:493][574]PIE: Error: SetInputMode_UIOnly expects a valid player controller as 'PlayerController' target
[2026.04.26-18.20.42:493][574]PIE: Server logged in
[2026.04.26-18.20.42:495][574]PIE: Play in editor total start time 0,369 seconds.
[2026.04.26-18.20.47:705][747]LogSlate: Updating window title bar state: overlay mode, drag disabled, window buttons hidden, title bar hidden
[2026.04.26-18.20.47:705][747]LogWorld: BeginTearingDown for /Game/Map/UEDPIE_0_MP_Lobby
[2026.04.26-18.20.47:705][747]LogWorld: UWorld::CleanupWorld for MP_Lobby, bSessionEnded=true, bCleanupResources=true
[2026.04.26-18.20.47:710][747]LogSlate: InvalidateAllWidgets triggered.  All widgets were invalidated
[2026.04.26-18.20.47:749][747]LogPlayLevel: Display: Shutting down PIE online subsystems
[2026.04.26-18.20.47:770][747]LogSlate: InvalidateAllWidgets triggered.  All widgets were invalidated
[2026.04.26-18.20.47:918][747]LogAudio: Display: Audio Device unregistered from world 'None'.
[2026.04.26-18.20.47:918][747]LogAudioMixer: FMixerPlatformXAudio2::StopAudioStream() called
[2026.04.26-18.20.47:920][747]LogAudioMixer: FMixerPlatformXAudio2::StopAudioStream() called
[2026.04.26-18.20.47:923][747]LogSlate: Updating window title bar state: overlay mode, drag disabled, window buttons hidden, title bar hidden
[2026.04.26-18.20.47:936][747]LogUObjectHash: Compacting FUObjectHashTables data took   8.07ms
[2026.04.26-18.20.48:040][748]LogPlayLevel: Display: Destroying online subsystem :Context_65
[2026.04.26-18.20.53:057][951]LogTemp: Repeating last play command: Selected Viewport
[2026.04.26-18.20.53:075][951]BlueprintLog: New page: Pre-Play auto-recompile
[2026.04.26-18.20.53:076][951]LogPlayLevel: [PlayLevel] Compiling BP_DefaultController before play...
[2026.04.26-18.20.53:082][951]LogBlueprint: Warning: [AssetLog] C:\LastStep\PROJECT-LAST-STEP\Playtime_Multiplayer\Content\BaseMultiplayer\GameModes\Default\BP_DefaultController.uasset: [Compiler] InputKey Event specifies axis FKey'MouseWheelAxis' for  Mouse Wheel Axis
[2026.04.26-18.20.53:281][951]LogUObjectHash: Compacting FUObjectHashTables data took  10.63ms
[2026.04.26-18.20.53:281][951]LogPlayLevel: PlayLevel: Blueprint regeneration took 206 ms (1 blueprints)
[2026.04.26-18.20.53:282][951]PIE: New page: PIE session: MP_Lobby (26 апр. 2026 г., 22:20:53)
[2026.04.26-18.20.53:283][951]LogPlayLevel: Creating play world package: /Game/Map/UEDPIE_0_MP_Lobby
[2026.04.26-18.20.53:349][951]LogPlayLevel: PIE: StaticDuplicateObject took: (0.065909s)
[2026.04.26-18.20.53:351][951]LogAIModule: Creating AISystem for world MP_Lobby
[2026.04.26-18.20.53:352][951]LogPlayLevel: PIE: World Init took: (0.001996s)
[2026.04.26-18.20.53:352][951]LogPlayLevel: PIE: Created PIE world by copying editor world from /Game/Map/MP_Lobby.MP_Lobby to /Game/Map/UEDPIE_0_MP_Lobby.MP_Lobby (0.068314s)
[2026.04.26-18.20.53:485][951]LogUObjectHash: Compacting FUObjectHashTables data took   8.08ms
[2026.04.26-18.20.53:485][951]LogAudio: Display: Creating Audio Device:                 Id: 48, Scope: Unique, Realtime: True
[2026.04.26-18.20.53:485][951]LogAudioMixer: Display: Audio Mixer Platform Settings:
[2026.04.26-18.20.53:485][951]LogAudioMixer: Display: 	Sample Rate:						  48000
[2026.04.26-18.20.53:485][951]LogAudioMixer: Display: 	Callback Buffer Frame Size Requested: 512
[2026.04.26-18.20.53:485][951]LogAudioMixer: Display: 	Callback Buffer Frame Size To Use:	  512
[2026.04.26-18.20.53:485][951]LogAudioMixer: Display: 	Number of buffers to queue:			  1
[2026.04.26-18.20.53:485][951]LogAudioMixer: Display: 	Max Channels (voices):				  0
[2026.04.26-18.20.53:485][951]LogAudioMixer: Display: 	Number of Async Source Workers:		  4
[2026.04.26-18.20.53:485][951]LogAudio: Display: AudioDevice MaxSources: 32
[2026.04.26-18.20.53:487][951]LogAudio: Display: Audio Spatialization Plugin: None (built-in).
[2026.04.26-18.20.53:487][951]LogAudio: Display: Audio Reverb Plugin: None (built-in).
[2026.04.26-18.20.53:487][951]LogAudio: Display: Audio Occlusion Plugin: None (built-in).
[2026.04.26-18.20.53:487][951]LogAudioMixer: Display: Initializing audio mixer.
[2026.04.26-18.20.53:494][951]LogAudioMixer: Display: 0: FrontLeft
[2026.04.26-18.20.53:494][951]LogAudioMixer: Display: 1: FrontRight
[2026.04.26-18.20.53:512][951]LogAudioMixer: Display: Using Audio Device Voicemeeter VAIO3 Input (VB-Audio Voicemeeter VAIO)
[2026.04.26-18.20.53:512][951]LogAudioMixer: Display: Initializing Sound Submixes...
[2026.04.26-18.20.53:512][951]LogAudioMixer: Display: Creating Master Submix 'MasterSubmixDefault'
[2026.04.26-18.20.53:512][951]LogAudioMixer: Display: Creating Master Submix 'MasterReverbSubmixDefault'
[2026.04.26-18.20.53:514][951]LogAudioMixer: Display: Creating Master Submix 'MasterEQSubmixDefault'
[2026.04.26-18.20.53:514][951]LogAudioMixer: FMixerPlatformXAudio2::StartAudioStream() called
[2026.04.26-18.20.53:514][951]LogAudioMixer: Display: Output buffers initialized: Frames=512, Channels=2, Samples=1024
[2026.04.26-18.20.53:517][951]LogAudioMixer: Display: Starting AudioMixerPlatformInterface::RunInternal()
[2026.04.26-18.20.53:517][951]LogAudioMixer: Display: FMixerPlatformXAudio2::SubmitBuffer() called for the first time
[2026.04.26-18.20.53:518][951]LogInit: FAudioDevice initialized.
[2026.04.26-18.20.53:518][951]LogAudio: Display: Audio Device (ID: 48) registered with world 'MP_Lobby'.
[2026.04.26-18.20.53:520][951]PIE: Warning: UGameViewportClient::AddCursor: Could not load cursor class 'UI_Cursor_C'.
[2026.04.26-18.20.53:535][951]LogLoad: Game class is 'FirstPersonGameMode_C'
[2026.04.26-18.20.53:547][951]LogWorld: Bringing World /Game/Map/UEDPIE_0_MP_Lobby.MP_Lobby up for play (max tick rate 60) at 2026.04.26-20.20.53
[2026.04.26-18.20.53:548][951]LogWorld: Bringing up level for play took: 0.013104
[2026.04.26-18.20.53:549][951]LogOnline: OSS: Creating online subsystem instance for: :Context_66
[2026.04.26-18.20.53:554][951]LogVoiceEncode: Display: EncoderVersion: libopus unknown
[2026.04.26-18.20.53:554][951]LogOnlineVoice: OSS: StopLocalVoiceProcessing(0) returned 0xFFFFFFFF
[2026.04.26-18.20.53:554][951]LogOnlineVoice: OSS: Stopping networked voice for user: 0
[2026.04.26-18.20.53:560][951]PIE: Error: SetInputMode_UIOnly expects a valid player controller as 'PlayerController' target
[2026.04.26-18.20.53:561][951]PIE: Server logged in
[2026.04.26-18.20.53:562][951]PIE: Play in editor total start time 0,491 seconds.
[2026.04.26-18.20.55:396][  7]LogSlate: Updating window title bar state: overlay mode, drag disabled, window buttons hidden, title bar hidden
[2026.04.26-18.20.55:396][  7]LogWorld: BeginTearingDown for /Game/Map/UEDPIE_0_MP_Lobby
[2026.04.26-18.20.55:398][  7]LogWorld: UWorld::CleanupWorld for MP_Lobby, bSessionEnded=true, bCleanupResources=true
[2026.04.26-18.20.55:403][  7]LogSlate: InvalidateAllWidgets triggered.  All widgets were invalidated
[2026.04.26-18.20.55:422][  7]LogPlayLevel: Display: Shutting down PIE online subsystems
[2026.04.26-18.20.55:434][  7]LogSlate: InvalidateAllWidgets triggered.  All widgets were invalidated
[2026.04.26-18.20.56:039][  7]LogAudioMixer: Display: Audio Buffer Underrun (starvation) detected.
[2026.04.26-18.20.56:039][  7]LogAudioMixer: Display: Audio Buffer Underrun (starvation) detected.
[2026.04.26-18.20.56:039][  7]LogSlate: Updating window title bar state: overlay mode, drag disabled, window buttons hidden, title bar hidden
[2026.04.26-18.20.56:041][  7]LogAudioMixer: FMixerPlatformXAudio2::StopAudioStream() called
[2026.04.26-18.20.56:043][  7]LogAudioMixer: FMixerPlatformXAudio2::StopAudioStream() called
[2026.04.26-18.20.56:066][  7]LogUObjectHash: Compacting FUObjectHashTables data took  10.00ms
[2026.04.26-18.20.56:152][  8]LogPlayLevel: Display: Destroying online subsystem :Context_66
[2026.04.26-18.21.02:990][325]BlueprintLog: New page: Compile BP_DefaultController
[2026.04.26-18.21.02:996][325]LogBlueprint: Warning: [AssetLog] C:\LastStep\PROJECT-LAST-STEP\Playtime_Multiplayer\Content\BaseMultiplayer\GameModes\Default\BP_DefaultController.uasset: [Compiler] InputKey Event specifies axis FKey'MouseWheelAxis' for  Mouse Wheel Axis
[2026.04.26-18.21.03:168][325]LogUObjectHash: Compacting FUObjectHashTables data took   8.73ms
[2026.04.26-18.21.04:525][368]LogTemp: Repeating last play command: Selected Viewport
[2026.04.26-18.21.04:545][368]LogPlayLevel: PlayLevel: No blueprints needed recompiling
[2026.04.26-18.21.04:547][368]PIE: New page: PIE session: MP_Lobby (26 апр. 2026 г., 22:21:04)
[2026.04.26-18.21.04:547][368]LogPlayLevel: Creating play world package: /Game/Map/UEDPIE_0_MP_Lobby
[2026.04.26-18.21.04:623][368]LogPlayLevel: PIE: StaticDuplicateObject took: (0.075368s)
[2026.04.26-18.21.04:625][368]LogAIModule: Creating AISystem for world MP_Lobby
[2026.04.26-18.21.04:625][368]LogPlayLevel: PIE: World Init took: (0.002434s)
[2026.04.26-18.21.04:626][368]LogPlayLevel: PIE: Created PIE world by copying editor world from /Game/Map/MP_Lobby.MP_Lobby to /Game/Map/UEDPIE_0_MP_Lobby.MP_Lobby (0.078488s)
[2026.04.26-18.21.04:723][368]LogUObjectHash: Compacting FUObjectHashTables data took   8.48ms
[2026.04.26-18.21.04:724][368]LogAudio: Display: Creating Audio Device:                 Id: 49, Scope: Unique, Realtime: True
[2026.04.26-18.21.04:724][368]LogAudioMixer: Display: Audio Mixer Platform Settings:
[2026.04.26-18.21.04:724][368]LogAudioMixer: Display: 	Sample Rate:						  48000
[2026.04.26-18.21.04:724][368]LogAudioMixer: Display: 	Callback Buffer Frame Size Requested: 512
[2026.04.26-18.21.04:724][368]LogAudioMixer: Display: 	Callback Buffer Frame Size To Use:	  512
[2026.04.26-18.21.04:724][368]LogAudioMixer: Display: 	Number of buffers to queue:			  1
[2026.04.26-18.21.04:724][368]LogAudioMixer: Display: 	Max Channels (voices):				  0
[2026.04.26-18.21.04:724][368]LogAudioMixer: Display: 	Number of Async Source Workers:		  4
[2026.04.26-18.21.04:724][368]LogAudio: Display: AudioDevice MaxSources: 32
[2026.04.26-18.21.04:726][368]LogAudio: Display: Audio Spatialization Plugin: None (built-in).
[2026.04.26-18.21.04:727][368]LogAudio: Display: Audio Reverb Plugin: None (built-in).
[2026.04.26-18.21.04:727][368]LogAudio: Display: Audio Occlusion Plugin: None (built-in).
[2026.04.26-18.21.04:727][368]LogAudioMixer: Display: Initializing audio mixer.
[2026.04.26-18.21.04:733][368]LogAudioMixer: Display: 0: FrontLeft
[2026.04.26-18.21.04:733][368]LogAudioMixer: Display: 1: FrontRight
[2026.04.26-18.21.04:752][368]LogAudioMixer: Display: Using Audio Device Voicemeeter VAIO3 Input (VB-Audio Voicemeeter VAIO)
[2026.04.26-18.21.04:752][368]LogAudioMixer: Display: Initializing Sound Submixes...
[2026.04.26-18.21.04:752][368]LogAudioMixer: Display: Creating Master Submix 'MasterSubmixDefault'
[2026.04.26-18.21.04:752][368]LogAudioMixer: Display: Creating Master Submix 'MasterReverbSubmixDefault'
[2026.04.26-18.21.04:754][368]LogAudioMixer: Display: Creating Master Submix 'MasterEQSubmixDefault'
[2026.04.26-18.21.04:755][368]LogAudioMixer: FMixerPlatformXAudio2::StartAudioStream() called
[2026.04.26-18.21.04:755][368]LogAudioMixer: Display: Output buffers initialized: Frames=512, Channels=2, Samples=1024
[2026.04.26-18.21.04:758][368]LogAudioMixer: Display: Starting AudioMixerPlatformInterface::RunInternal()
[2026.04.26-18.21.04:758][368]LogAudioMixer: Display: FMixerPlatformXAudio2::SubmitBuffer() called for the first time
[2026.04.26-18.21.04:758][368]LogInit: FAudioDevice initialized.
[2026.04.26-18.21.04:758][368]LogAudio: Display: Audio Device (ID: 49) registered with world 'MP_Lobby'.
[2026.04.26-18.21.04:759][368]PIE: Warning: UGameViewportClient::AddCursor: Could not load cursor class 'UI_Cursor_C'.
[2026.04.26-18.21.04:771][368]LogLoad: Game class is 'FirstPersonGameMode_C'
[2026.04.26-18.21.04:784][368]LogWorld: Bringing World /Game/Map/UEDPIE_0_MP_Lobby.MP_Lobby up for play (max tick rate 60) at 2026.04.26-20.21.04
[2026.04.26-18.21.04:786][368]LogWorld: Bringing up level for play took: 0.014653
[2026.04.26-18.21.04:787][368]LogOnline: OSS: Creating online subsystem instance for: :Context_67
[2026.04.26-18.21.04:796][368]LogVoiceEncode: Display: EncoderVersion: libopus unknown
[2026.04.26-18.21.04:797][368]LogOnlineVoice: OSS: StopLocalVoiceProcessing(0) returned 0xFFFFFFFF
[2026.04.26-18.21.04:798][368]LogOnlineVoice: OSS: Stopping networked voice for user: 0
[2026.04.26-18.21.04:806][368]PIE: Error: SetInputMode_UIOnly expects a valid player controller as 'PlayerController' target
[2026.04.26-18.21.04:807][368]PIE: Server logged in
[2026.04.26-18.21.04:809][368]PIE: Play in editor total start time 0,267 seconds.
[2026.04.26-18.21.14:079][613]LogAudioMixer: Display: Audio Buffer Underrun (starvation) detected.
[2026.04.26-18.21.14:214][613]LogSlate: Updating window title bar state: overlay mode, drag disabled, window buttons hidden, title bar hidden
[2026.04.26-18.21.14:215][613]LogWorld: BeginTearingDown for /Game/Map/UEDPIE_0_MP_Lobby
[2026.04.26-18.21.14:215][613]LogWorld: UWorld::CleanupWorld for MP_Lobby, bSessionEnded=true, bCleanupResources=true
[2026.04.26-18.21.14:218][613]LogSlate: InvalidateAllWidgets triggered.  All widgets were invalidated
[2026.04.26-18.21.14:283][613]LogPlayLevel: Display: Shutting down PIE online subsystems
[2026.04.26-18.21.14:297][613]LogSlate: InvalidateAllWidgets triggered.  All widgets were invalidated
[2026.04.26-18.21.14:439][613]LogAudio: Display: Audio Device unregistered from world 'None'.
[2026.04.26-18.21.14:444][613]LogAudioMixer: FMixerPlatformXAudio2::StopAudioStream() called
[2026.04.26-18.21.14:445][613]LogAudioMixer: FMixerPlatformXAudio2::StopAudioStream() called
[2026.04.26-18.21.14:449][613]LogSlate: Updating window title bar state: overlay mode, drag disabled, window buttons hidden, title bar hidden
[2026.04.26-18.21.14:462][613]LogUObjectHash: Compacting FUObjectHashTables data took   7.89ms
[2026.04.26-18.21.14:569][614]LogPlayLevel: Display: Destroying online subsystem :Context_67
[2026.04.26-18.21.32:007][302]LogAudioMixer: Display: Audio Buffer Underrun (starvation) detected.
[2026.04.26-18.21.41:265][649]LogTemp: Repeating last play command: Selected Viewport
[2026.04.26-18.21.41:285][649]BlueprintLog: New page: Pre-Play auto-recompile
[2026.04.26-18.21.41:286][649]LogPlayLevel: [PlayLevel] Compiling BP_DefaultController before play...
[2026.04.26-18.21.41:291][649]LogBlueprint: Warning: [AssetLog] C:\LastStep\PROJECT-LAST-STEP\Playtime_Multiplayer\Content\BaseMultiplayer\GameModes\Default\BP_DefaultController.uasset: [Compiler] InputKey Event specifies axis FKey'MouseWheelAxis' for  Mouse Wheel Axis
[2026.04.26-18.21.41:526][649]LogUObjectHash: Compacting FUObjectHashTables data took   9.49ms
[2026.04.26-18.21.41:528][649]LogPlayLevel: PlayLevel: Blueprint regeneration took 242 ms (1 blueprints)
[2026.04.26-18.21.41:528][649]PIE: New page: PIE session: MP_Lobby (26 апр. 2026 г., 22:21:41)
[2026.04.26-18.21.41:528][649]LogPlayLevel: Creating play world package: /Game/Map/UEDPIE_0_MP_Lobby
[2026.04.26-18.21.41:586][649]LogPlayLevel: PIE: StaticDuplicateObject took: (0.058387s)
[2026.04.26-18.21.41:589][649]LogAIModule: Creating AISystem for world MP_Lobby
[2026.04.26-18.21.41:590][649]LogPlayLevel: PIE: World Init took: (0.004039s)
[2026.04.26-18.21.41:591][649]LogPlayLevel: PIE: Created PIE world by copying editor world from /Game/Map/MP_Lobby.MP_Lobby to /Game/Map/UEDPIE_0_MP_Lobby.MP_Lobby (0.062808s)
[2026.04.26-18.21.41:690][649]LogUObjectHash: Compacting FUObjectHashTables data took   7.13ms
[2026.04.26-18.21.41:691][649]LogAudio: Display: Creating Audio Device:                 Id: 50, Scope: Unique, Realtime: True
[2026.04.26-18.21.41:691][649]LogAudioMixer: Display: Audio Mixer Platform Settings:
[2026.04.26-18.21.41:691][649]LogAudioMixer: Display: 	Sample Rate:						  48000
[2026.04.26-18.21.41:691][649]LogAudioMixer: Display: 	Callback Buffer Frame Size Requested: 512
[2026.04.26-18.21.41:691][649]LogAudioMixer: Display: 	Callback Buffer Frame Size To Use:	  512
[2026.04.26-18.21.41:691][649]LogAudioMixer: Display: 	Number of buffers to queue:			  1
[2026.04.26-18.21.41:691][649]LogAudioMixer: Display: 	Max Channels (voices):				  0
[2026.04.26-18.21.41:691][649]LogAudioMixer: Display: 	Number of Async Source Workers:		  4
[2026.04.26-18.21.41:691][649]LogAudio: Display: AudioDevice MaxSources: 32
[2026.04.26-18.21.41:692][649]LogAudio: Display: Audio Spatialization Plugin: None (built-in).
[2026.04.26-18.21.41:692][649]LogAudio: Display: Audio Reverb Plugin: None (built-in).
[2026.04.26-18.21.41:692][649]LogAudio: Display: Audio Occlusion Plugin: None (built-in).
[2026.04.26-18.21.41:692][649]LogAudioMixer: Display: Initializing audio mixer.
[2026.04.26-18.21.41:697][649]LogAudioMixer: Display: 0: FrontLeft
[2026.04.26-18.21.41:697][649]LogAudioMixer: Display: 1: FrontRight
[2026.04.26-18.21.41:719][649]LogAudioMixer: Display: Using Audio Device Voicemeeter VAIO3 Input (VB-Audio Voicemeeter VAIO)
[2026.04.26-18.21.41:720][649]LogAudioMixer: Display: Initializing Sound Submixes...
[2026.04.26-18.21.41:720][649]LogAudioMixer: Display: Creating Master Submix 'MasterSubmixDefault'
[2026.04.26-18.21.41:720][649]LogAudioMixer: Display: Creating Master Submix 'MasterReverbSubmixDefault'
[2026.04.26-18.21.41:722][649]LogAudioMixer: Display: Creating Master Submix 'MasterEQSubmixDefault'
[2026.04.26-18.21.41:722][649]LogAudioMixer: FMixerPlatformXAudio2::StartAudioStream() called
[2026.04.26-18.21.41:722][649]LogAudioMixer: Display: Output buffers initialized: Frames=512, Channels=2, Samples=1024
[2026.04.26-18.21.41:725][649]LogAudioMixer: Display: Starting AudioMixerPlatformInterface::RunInternal()
[2026.04.26-18.21.41:725][649]LogAudioMixer: Display: FMixerPlatformXAudio2::SubmitBuffer() called for the first time
[2026.04.26-18.21.41:725][649]LogInit: FAudioDevice initialized.
[2026.04.26-18.21.41:725][649]LogAudio: Display: Audio Device (ID: 50) registered with world 'MP_Lobby'.
[2026.04.26-18.21.41:727][649]PIE: Warning: UGameViewportClient::AddCursor: Could not load cursor class 'UI_Cursor_C'.
[2026.04.26-18.21.41:746][649]LogLoad: Game class is 'FirstPersonGameMode_C'
[2026.04.26-18.21.41:761][649]LogWorld: Bringing World /Game/Map/UEDPIE_0_MP_Lobby.MP_Lobby up for play (max tick rate 60) at 2026.04.26-20.21.41
[2026.04.26-18.21.41:762][649]LogWorld: Bringing up level for play took: 0.014676
[2026.04.26-18.21.41:763][649]LogOnline: OSS: Creating online subsystem instance for: :Context_68
[2026.04.26-18.21.41:767][649]LogVoiceEncode: Display: EncoderVersion: libopus unknown
[2026.04.26-18.21.41:767][649]LogOnlineVoice: OSS: StopLocalVoiceProcessing(0) returned 0xFFFFFFFF
[2026.04.26-18.21.41:767][649]LogOnlineVoice: OSS: Stopping networked voice for user: 0
[2026.04.26-18.21.41:780][649]PIE: Error: SetInputMode_UIOnly expects a valid player controller as 'PlayerController' target
[2026.04.26-18.21.41:780][649]PIE: Server logged in
[2026.04.26-18.21.41:782][649]PIE: Play in editor total start time 0,501 seconds.
[2026.04.26-18.21.50:614][845]LogSlate: Updating window title bar state: overlay mode, drag disabled, window buttons hidden, title bar hidden
[2026.04.26-18.21.50:614][845]LogWorld: BeginTearingDown for /Game/Map/UEDPIE_0_MP_Lobby
[2026.04.26-18.21.50:615][845]LogWorld: UWorld::CleanupWorld for MP_Lobby, bSessionEnded=true, bCleanupResources=true
[2026.04.26-18.21.50:620][845]LogSlate: InvalidateAllWidgets triggered.  All widgets were invalidated
[2026.04.26-18.21.50:664][845]LogPlayLevel: Display: Shutting down PIE online subsystems
[2026.04.26-18.21.50:683][845]LogSlate: InvalidateAllWidgets triggered.  All widgets were invalidated
[2026.04.26-18.21.50:839][845]LogSlate: Updating window title bar state: overlay mode, drag disabled, window buttons hidden, title bar hidden
[2026.04.26-18.21.50:842][845]LogAudioMixer: FMixerPlatformXAudio2::StopAudioStream() called
[2026.04.26-18.21.50:845][845]LogAudioMixer: FMixerPlatformXAudio2::StopAudioStream() called
[2026.04.26-18.21.50:866][845]LogUObjectHash: Compacting FUObjectHashTables data took   8.06ms
[2026.04.26-18.21.50:968][846]LogPlayLevel: Display: Destroying online subsystem :Context_68
[2026.04.26-18.21.52:678][889]LogAudioMixer: Display: Audio Buffer Underrun (starvation) detected.
[2026.04.26-18.22.02:341][333]LogAudioMixer: Display: Audio Buffer Underrun (starvation) detected.
[2026.04.26-18.22.04:095][414]BlueprintLog: New page: Compile BP_DefaultController
[2026.04.26-18.22.04:101][414]LogBlueprint: Warning: [AssetLog] C:\LastStep\PROJECT-LAST-STEP\Playtime_Multiplayer\Content\BaseMultiplayer\GameModes\Default\BP_DefaultController.uasset: [Compiler] InputKey Event specifies axis FKey'MouseWheelAxis' for  Mouse Wheel Axis
[2026.04.26-18.22.04:267][414]LogUObjectHash: Compacting FUObjectHashTables data took   6.94ms
[2026.04.26-18.22.06:797][517]LogTemp: Repeating last play command: Selected Viewport
[2026.04.26-18.22.06:819][517]LogPlayLevel: PlayLevel: No blueprints needed recompiling
[2026.04.26-18.22.06:819][517]PIE: New page: PIE session: MP_Lobby (26 апр. 2026 г., 22:22:06)
[2026.04.26-18.22.06:819][517]LogPlayLevel: Creating play world package: /Game/Map/UEDPIE_0_MP_Lobby
[2026.04.26-18.22.06:900][517]LogPlayLevel: PIE: StaticDuplicateObject took: (0.080231s)
[2026.04.26-18.22.06:903][517]LogAIModule: Creating AISystem for world MP_Lobby
[2026.04.26-18.22.06:904][517]LogPlayLevel: PIE: World Init took: (0.004404s)
[2026.04.26-18.22.06:904][517]LogPlayLevel: PIE: Created PIE world by copying editor world from /Game/Map/MP_Lobby.MP_Lobby to /Game/Map/UEDPIE_0_MP_Lobby.MP_Lobby (0.085003s)
[2026.04.26-18.22.07:018][517]LogUObjectHash: Compacting FUObjectHashTables data took   7.79ms
[2026.04.26-18.22.07:020][517]LogAudio: Display: Creating Audio Device:                 Id: 51, Scope: Unique, Realtime: True
[2026.04.26-18.22.07:020][517]LogAudioMixer: Display: Audio Mixer Platform Settings:
[2026.04.26-18.22.07:021][517]LogAudioMixer: Display: 	Sample Rate:						  48000
[2026.04.26-18.22.07:021][517]LogAudioMixer: Display: 	Callback Buffer Frame Size Requested: 512
[2026.04.26-18.22.07:021][517]LogAudioMixer: Display: 	Callback Buffer Frame Size To Use:	  512
[2026.04.26-18.22.07:021][517]LogAudioMixer: Display: 	Number of buffers to queue:			  1
[2026.04.26-18.22.07:021][517]LogAudioMixer: Display: 	Max Channels (voices):				  0
[2026.04.26-18.22.07:021][517]LogAudioMixer: Display: 	Number of Async Source Workers:		  4
[2026.04.26-18.22.07:021][517]LogAudio: Display: AudioDevice MaxSources: 32
[2026.04.26-18.22.07:022][517]LogAudio: Display: Audio Spatialization Plugin: None (built-in).
[2026.04.26-18.22.07:022][517]LogAudio: Display: Audio Reverb Plugin: None (built-in).
[2026.04.26-18.22.07:022][517]LogAudio: Display: Audio Occlusion Plugin: None (built-in).
[2026.04.26-18.22.07:022][517]LogAudioMixer: Display: Initializing audio mixer.
[2026.04.26-18.22.07:029][517]LogAudioMixer: Display: 0: FrontLeft
[2026.04.26-18.22.07:029][517]LogAudioMixer: Display: 1: FrontRight
[2026.04.26-18.22.07:050][517]LogAudioMixer: Display: Using Audio Device Voicemeeter VAIO3 Input (VB-Audio Voicemeeter VAIO)
[2026.04.26-18.22.07:051][517]LogAudioMixer: Display: Initializing Sound Submixes...
[2026.04.26-18.22.07:051][517]LogAudioMixer: Display: Creating Master Submix 'MasterSubmixDefault'
[2026.04.26-18.22.07:051][517]LogAudioMixer: Display: Creating Master Submix 'MasterReverbSubmixDefault'
[2026.04.26-18.22.07:052][517]LogAudioMixer: Display: Creating Master Submix 'MasterEQSubmixDefault'
[2026.04.26-18.22.07:053][517]LogAudioMixer: FMixerPlatformXAudio2::StartAudioStream() called
[2026.04.26-18.22.07:053][517]LogAudioMixer: Display: Output buffers initialized: Frames=512, Channels=2, Samples=1024
[2026.04.26-18.22.07:055][517]LogAudioMixer: Display: Starting AudioMixerPlatformInterface::RunInternal()
[2026.04.26-18.22.07:055][517]LogAudioMixer: Display: FMixerPlatformXAudio2::SubmitBuffer() called for the first time
[2026.04.26-18.22.07:055][517]LogInit: FAudioDevice initialized.
[2026.04.26-18.22.07:055][517]LogAudio: Display: Audio Device (ID: 51) registered with world 'MP_Lobby'.
[2026.04.26-18.22.07:056][517]PIE: Warning: UGameViewportClient::AddCursor: Could not load cursor class 'UI_Cursor_C'.
[2026.04.26-18.22.07:073][517]LogLoad: Game class is 'FirstPersonGameMode_C'
[2026.04.26-18.22.07:083][517]LogWorld: Bringing World /Game/Map/UEDPIE_0_MP_Lobby.MP_Lobby up for play (max tick rate 60) at 2026.04.26-20.22.07
[2026.04.26-18.22.07:083][517]LogWorld: Bringing up level for play took: 0.009494
[2026.04.26-18.22.07:084][517]LogOnline: OSS: Creating online subsystem instance for: :Context_69
[2026.04.26-18.22.07:090][517]LogVoiceEncode: Display: EncoderVersion: libopus unknown
[2026.04.26-18.22.07:090][517]LogOnlineVoice: OSS: StopLocalVoiceProcessing(0) returned 0xFFFFFFFF
[2026.04.26-18.22.07:090][517]LogOnlineVoice: OSS: Stopping networked voice for user: 0
[2026.04.26-18.22.07:098][517]PIE: Error: SetInputMode_UIOnly expects a valid player controller as 'PlayerController' target
[2026.04.26-18.22.07:098][517]PIE: Server logged in
[2026.04.26-18.22.07:099][517]PIE: Play in editor total start time 0,283 seconds.
[2026.04.26-18.22.10:997][645]LogCharacterMovement: Warning: GetSimulationTimeStep() - Max iterations 8 hit while remaining time 0.073450 > MaxSimulationTimeStep (0.050) for 'BP_NetworkCharacter_C_0', movement 'Walking'
[2026.04.26-18.22.21:404][957]LogAudioMixer: Display: Audio Buffer Underrun (starvation) detected.
[2026.04.26-18.22.21:404][957]LogAudioMixer: Display: Audio Buffer Underrun (starvation) detected.
[2026.04.26-18.22.28:694][186]LogSlate: Updating window title bar state: overlay mode, drag disabled, window buttons hidden, title bar hidden
[2026.04.26-18.22.28:695][186]LogWorld: BeginTearingDown for /Game/Map/UEDPIE_0_MP_Lobby
[2026.04.26-18.22.28:697][186]LogWorld: UWorld::CleanupWorld for MP_Lobby, bSessionEnded=true, bCleanupResources=true
[2026.04.26-18.22.28:703][186]LogSlate: InvalidateAllWidgets triggered.  All widgets were invalidated
[2026.04.26-18.22.28:732][186]LogPlayLevel: Display: Shutting down PIE online subsystems
[2026.04.26-18.22.28:746][186]LogSlate: InvalidateAllWidgets triggered.  All widgets were invalidated
[2026.04.26-18.22.28:862][186]LogAudio: Display: Audio Device unregistered from world 'None'.
[2026.04.26-18.22.28:862][186]LogAudioMixer: FMixerPlatformXAudio2::StopAudioStream() called
[2026.04.26-18.22.28:865][186]LogAudioMixer: FMixerPlatformXAudio2::StopAudioStream() called
[2026.04.26-18.22.28:868][186]LogSlate: Updating window title bar state: overlay mode, drag disabled, window buttons hidden, title bar hidden
[2026.04.26-18.22.28:880][186]LogUObjectHash: Compacting FUObjectHashTables data took   8.13ms
[2026.04.26-18.22.28:977][187]LogPlayLevel: Display: Destroying online subsystem :Context_69
[2026.04.26-18.22.37:970][557]LogAudioMixer: Display: Audio Buffer Underrun (starvation) detected.
[2026.04.26-18.22.47:871][863]LogAudioMixer: Display: Audio Buffer Underrun (starvation) detected.
[2026.04.26-18.23.00:483][350]LogAudioMixer: Display: Audio Buffer Underrun (starvation) detected.
[2026.04.26-18.23.14:898][932]LogAudioMixer: Display: Audio Buffer Underrun (starvation) detected.
[2026.04.26-18.23.24:756][317]LogAudioMixer: Display: Audio Buffer Underrun (starvation) detected.
[2026.04.26-18.23.34:897][572]LogAudioMixer: Display: Audio Buffer Underrun (starvation) detected.
[2026.04.26-18.23.42:542][858]LogUObjectHash: Compacting FUObjectHashTables data took  27.36ms
[2026.04.26-18.23.42:546][858]LogFileHelpers: Editor autosave (incl. external actors) for '/Game/Map/MP_Lobby' took 0.193
[2026.04.26-18.23.42:561][858]OBJ SavePackage: Generating thumbnails for [1] asset(s) in package [/Game/Items/Cosmetics/BP_Cont/BP_PlayerCosmeticmesh] ([2] browsable assets)...
[2026.04.26-18.23.42:561][858]OBJ SavePackage: Finished generating thumbnails for package [/Game/Items/Cosmetics/BP_Cont/BP_PlayerCosmeticmesh]
[2026.04.26-18.23.42:619][858]LogSavePackage: Moving '../../../../../../LastStep/PROJECT-LAST-STEP/Playtime_Multiplayer/Saved/BP_PlayerCosmeticmesh_Auto4A7E89AE04B39A2B33B7B6798D1D2A14E.tmp' to '../../../../../../LastStep/PROJECT-LAST-STEP/Playtime_Multiplayer/Saved/Autosaves/Game/Items/Cosmetics/BP_Cont/BP_PlayerCosmeticmesh_Auto4.uasset'
[2026.04.26-18.23.42:642][858]OBJ SavePackage: Generating thumbnails for [0] asset(s) in package [/Game/Player/BP_NetworkCharacter] ([4] browsable assets)...
[2026.04.26-18.23.42:642][858]OBJ SavePackage: Finished generating thumbnails for package [/Game/Player/BP_NetworkCharacter]
[2026.04.26-18.23.42:844][858]LogSavePackage: Moving '../../../../../../LastStep/PROJECT-LAST-STEP/Playtime_Multiplayer/Saved/BP_NetworkCharacter_Auto4A4D0B696495A40166084F492CE26D0CB.tmp' to '../../../../../../LastStep/PROJECT-LAST-STEP/Playtime_Multiplayer/Saved/Autosaves/Game/Player/BP_NetworkCharacter_Auto4.uasset'
[2026.04.26-18.23.42:852][858]OBJ SavePackage: Generating thumbnails for [0] asset(s) in package [/Game/BaseMultiplayer/GameModes/Default/BP_DefaultController] ([2] browsable assets)...
[2026.04.26-18.23.42:852][858]OBJ SavePackage: Finished generating thumbnails for package [/Game/BaseMultiplayer/GameModes/Default/BP_DefaultController]
[2026.04.26-18.23.42:882][858]LogSavePackage: Moving '../../../../../../LastStep/PROJECT-LAST-STEP/Playtime_Multiplayer/Saved/BP_DefaultController_Auto401AB8BCA4058DD3E59A45AB609DCD0F5.tmp' to '../../../../../../LastStep/PROJECT-LAST-STEP/Playtime_Multiplayer/Saved/Autosaves/Game/BaseMultiplayer/GameModes/Default/BP_DefaultController_Auto4.uasset'
[2026.04.26-18.23.42:882][858]LogFileHelpers: Auto-saving content packages took 0.334
[2026.04.26-18.23.51:094][113]LogAudioMixer: Display: Audio Buffer Underrun (starvation) detected.
[2026.04.26-18.24.01:351][578]LogAudioMixer: Display: Audio Buffer Underrun (starvation) detected.
[2026.04.26-18.24.15:831][180]LogAudioMixer: Display: Audio Buffer Underrun (starvation) detected.
[2026.04.26-18.24.28:711][774]LogAudioMixer: Display: Audio Buffer Underrun (starvation) detected.
[2026.04.26-18.24.58:320][ 70]LogAudioMixer: Display: Audio Buffer Underrun (starvation) detected.
[2026.04.26-18.25.15:041][780]LogAudioMixer: Display: Audio Buffer Underrun (starvation) detected.
[2026.04.26-18.25.18:601][938]BlueprintLog: New page: Compile BP_DefaultController
[2026.04.26-18.25.18:617][938]LogBlueprint: Warning: [AssetLog] C:\LastStep\PROJECT-LAST-STEP\Playtime_Multiplayer\Content\BaseMultiplayer\GameModes\Default\BP_DefaultController.uasset: [Compiler] InputKey Event specifies axis FKey'MouseWheelAxis' for  Mouse Wheel Axis
[2026.04.26-18.25.18:624][938]LogBlueprint: Error: [AssetLog] C:\LastStep\PROJECT-LAST-STEP\Playtime_Multiplayer\Content\BaseMultiplayer\GameModes\Default\BP_DefaultController.uasset: [Compiler] The property associated with  Crouch?  could not be found in '/Game/BaseMultiplayer/GameModes/Default/BP_DefaultController.BP_DefaultController_C'
[2026.04.26-18.25.18:625][938]LogBlueprint: Error: [AssetLog] C:\LastStep\PROJECT-LAST-STEP\Playtime_Multiplayer\Content\BaseMultiplayer\GameModes\Default\BP_DefaultController.uasset: [Compiler] The property associated with  Crouch?  could not be found in '/Game/BaseMultiplayer/GameModes/Default/BP_DefaultController.BP_DefaultController_C'
[2026.04.26-18.25.18:822][938]LogUObjectHash: Compacting FUObjectHashTables data took   7.58ms
[2026.04.26-18.25.19:987][988]LogSavePackage: Moving '../../../../../../LastStep/PROJECT-LAST-STEP/Playtime_Multiplayer/Saved/BP_DefaultController235C54DE41B7E8C398F5A4BA6B699111.tmp' to '../../../../../../LastStep/PROJECT-LAST-STEP/Playtime_Multiplayer/Content/BaseMultiplayer/GameModes/Default/BP_DefaultController.uasset'
[2026.04.26-18.25.20:235][988]AssetCheck: New page: Asset Save: BP_DefaultController
[2026.04.26-18.25.20:236][988]LogContentValidation: Display: Validating Blueprint /Game/BaseMultiplayer/GameModes/Default/BP_DefaultController.BP_DefaultController
[2026.04.26-18.25.25:702][200]BlueprintLog: New page: Compile BP_NetworkCharacter
[2026.04.26-18.25.25:960][200]LogUObjectHash: Compacting FUObjectHashTables data took   9.27ms
[2026.04.26-18.25.26:656][218]Cmd: OBJ SAVEPACKAGE PACKAGE="/Game/Player/BP_NetworkCharacter" FILE="../../../../../../LastStep/PROJECT-LAST-STEP/Playtime_Multiplayer/Content/Player/BP_NetworkCharacter.uasset" SILENT=true
[2026.04.26-18.25.26:859][218]LogSavePackage: Moving '../../../../../../LastStep/PROJECT-LAST-STEP/Playtime_Multiplayer/Saved/BP_NetworkCharacter8B0B9EC5428AE56207847C84FF337E1F.tmp' to '../../../../../../LastStep/PROJECT-LAST-STEP/Playtime_Multiplayer/Content/Player/BP_NetworkCharacter.uasset'
[2026.04.26-18.25.26:941][218]AssetCheck: New page: Asset Save: BP_NetworkCharacter
[2026.04.26-18.25.26:941][218]LogContentValidation: Display: Validating Blueprint /Game/Player/BP_NetworkCharacter.BP_NetworkCharacter
[2026.04.26-18.25.28:704][285]BlueprintLog: New page: Compile BP_DefaultController
[2026.04.26-18.25.28:714][285]LogBlueprint: Warning: [AssetLog] C:\LastStep\PROJECT-LAST-STEP\Playtime_Multiplayer\Content\BaseMultiplayer\GameModes\Default\BP_DefaultController.uasset: [Compiler] InputKey Event specifies axis FKey'MouseWheelAxis' for  Mouse Wheel Axis
[2026.04.26-18.25.28:901][285]LogUObjectHash: Compacting FUObjectHashTables data took  11.33ms
[2026.04.26-18.25.34:139][466]LogAudioMixer: Display: Audio Buffer Underrun (starvation) detected.
[2026.04.26-18.25.36:013][510]LogTemp: Repeating last play command: Selected Viewport
[2026.04.26-18.25.36:029][510]LogPlayLevel: PlayLevel: No blueprints needed recompiling
[2026.04.26-18.25.36:029][510]PIE: New page: PIE session: MP_Lobby (26 апр. 2026 г., 22:25:36)
[2026.04.26-18.25.36:029][510]LogPlayLevel: Creating play world package: /Game/Map/UEDPIE_0_MP_Lobby
[2026.04.26-18.25.36:134][510]LogPlayLevel: PIE: StaticDuplicateObject took: (0.104146s)
[2026.04.26-18.25.36:137][510]LogAIModule: Creating AISystem for world MP_Lobby
[2026.04.26-18.25.36:137][510]LogPlayLevel: PIE: World Init took: (0.003876s)
[2026.04.26-18.25.36:138][510]LogPlayLevel: PIE: Created PIE world by copying editor world from /Game/Map/MP_Lobby.MP_Lobby to /Game/Map/UEDPIE_0_MP_Lobby.MP_Lobby (0.108313s)
[2026.04.26-18.25.36:252][510]LogUObjectHash: Compacting FUObjectHashTables data took   6.78ms
[2026.04.26-18.25.36:253][510]LogAudio: Display: Creating Audio Device:                 Id: 52, Scope: Unique, Realtime: True
[2026.04.26-18.25.36:253][510]LogAudioMixer: Display: Audio Mixer Platform Settings:
[2026.04.26-18.25.36:253][510]LogAudioMixer: Display: 	Sample Rate:						  48000
[2026.04.26-18.25.36:253][510]LogAudioMixer: Display: 	Callback Buffer Frame Size Requested: 512
[2026.04.26-18.25.36:253][510]LogAudioMixer: Display: 	Callback Buffer Frame Size To Use:	  512
[2026.04.26-18.25.36:253][510]LogAudioMixer: Display: 	Number of buffers to queue:			  1
[2026.04.26-18.25.36:253][510]LogAudioMixer: Display: 	Max Channels (voices):				  0
[2026.04.26-18.25.36:253][510]LogAudioMixer: Display: 	Number of Async Source Workers:		  4
[2026.04.26-18.25.36:253][510]LogAudio: Display: AudioDevice MaxSources: 32
[2026.04.26-18.25.36:255][510]LogAudio: Display: Audio Spatialization Plugin: None (built-in).
[2026.04.26-18.25.36:256][510]LogAudio: Display: Audio Reverb Plugin: None (built-in).
[2026.04.26-18.25.36:256][510]LogAudio: Display: Audio Occlusion Plugin: None (built-in).
[2026.04.26-18.25.36:256][510]LogAudioMixer: Display: Initializing audio mixer.
[2026.04.26-18.25.36:267][510]LogAudioMixer: Display: 0: FrontLeft
[2026.04.26-18.25.36:267][510]LogAudioMixer: Display: 1: FrontRight
[2026.04.26-18.25.36:289][510]LogAudioMixer: Display: Using Audio Device Voicemeeter VAIO3 Input (VB-Audio Voicemeeter VAIO)
[2026.04.26-18.25.36:289][510]LogAudioMixer: Display: Initializing Sound Submixes...
[2026.04.26-18.25.36:290][510]LogAudioMixer: Display: Creating Master Submix 'MasterSubmixDefault'
[2026.04.26-18.25.36:290][510]LogAudioMixer: Display: Creating Master Submix 'MasterReverbSubmixDefault'
[2026.04.26-18.25.36:291][510]LogAudioMixer: Display: Creating Master Submix 'MasterEQSubmixDefault'
[2026.04.26-18.25.36:291][510]LogAudioMixer: FMixerPlatformXAudio2::StartAudioStream() called
[2026.04.26-18.25.36:291][510]LogAudioMixer: Display: Output buffers initialized: Frames=512, Channels=2, Samples=1024
[2026.04.26-18.25.36:293][510]LogAudioMixer: Display: Starting AudioMixerPlatformInterface::RunInternal()
[2026.04.26-18.25.36:294][510]LogAudioMixer: Display: FMixerPlatformXAudio2::SubmitBuffer() called for the first time
[2026.04.26-18.25.36:294][510]LogInit: FAudioDevice initialized.
[2026.04.26-18.25.36:294][510]LogAudio: Display: Audio Device (ID: 52) registered with world 'MP_Lobby'.
[2026.04.26-18.25.36:295][510]PIE: Warning: UGameViewportClient::AddCursor: Could not load cursor class 'UI_Cursor_C'.
[2026.04.26-18.25.36:308][510]LogLoad: Game class is 'FirstPersonGameMode_C'
[2026.04.26-18.25.36:319][510]LogWorld: Bringing World /Game/Map/UEDPIE_0_MP_Lobby.MP_Lobby up for play (max tick rate 60) at 2026.04.26-20.25.36
[2026.04.26-18.25.36:320][510]LogWorld: Bringing up level for play took: 0.010309
[2026.04.26-18.25.36:320][510]LogOnline: OSS: Creating online subsystem instance for: :Context_70
[2026.04.26-18.25.36:328][510]LogVoiceEncode: Display: EncoderVersion: libopus unknown
[2026.04.26-18.25.36:328][510]LogOnlineVoice: OSS: StopLocalVoiceProcessing(0) returned 0xFFFFFFFF
[2026.04.26-18.25.36:328][510]LogOnlineVoice: OSS: Stopping networked voice for user: 0
[2026.04.26-18.25.36:335][510]PIE: Error: SetInputMode_UIOnly expects a valid player controller as 'PlayerController' target
[2026.04.26-18.25.36:335][510]PIE: Server logged in
[2026.04.26-18.25.36:336][510]PIE: Play in editor total start time 0,31 seconds.
[2026.04.26-18.25.37:749][557]LogCharacter: BP_NetworkCharacter_C_0 is trying to crouch, but crouching is disabled on this character! (check CharacterMovement NavAgentSettings)
[2026.04.26-18.25.38:613][584]LogCharacter: BP_NetworkCharacter_C_0 is trying to crouch, but crouching is disabled on this character! (check CharacterMovement NavAgentSettings)
[2026.04.26-18.25.40:400][640]LogCharacter: BP_NetworkCharacter_C_0 is trying to crouch, but crouching is disabled on this character! (check CharacterMovement NavAgentSettings)
[2026.04.26-18.25.40:607][646]LogCharacter: BP_NetworkCharacter_C_0 is trying to crouch, but crouching is disabled on this character! (check CharacterMovement NavAgentSettings)
[2026.04.26-18.25.40:813][653]LogCharacter: BP_NetworkCharacter_C_0 is trying to crouch, but crouching is disabled on this character! (check CharacterMovement NavAgentSettings)
[2026.04.26-18.25.41:000][659]LogCharacter: BP_NetworkCharacter_C_0 is trying to crouch, but crouching is disabled on this character! (check CharacterMovement NavAgentSettings)
[2026.04.26-18.25.41:195][665]LogCharacter: BP_NetworkCharacter_C_0 is trying to crouch, but crouching is disabled on this character! (check CharacterMovement NavAgentSettings)
[2026.04.26-18.25.41:380][671]LogCharacter: BP_NetworkCharacter_C_0 is trying to crouch, but crouching is disabled on this character! (check CharacterMovement NavAgentSettings)
[2026.04.26-18.25.41:563][677]LogCharacter: BP_NetworkCharacter_C_0 is trying to crouch, but crouching is disabled on this character! (check CharacterMovement NavAgentSettings)
[2026.04.26-18.25.41:750][683]LogCharacter: BP_NetworkCharacter_C_0 is trying to crouch, but crouching is disabled on this character! (check CharacterMovement NavAgentSettings)
[2026.04.26-18.25.41:929][689]LogCharacter: BP_NetworkCharacter_C_0 is trying to crouch, but crouching is disabled on this character! (check CharacterMovement NavAgentSettings)
[2026.04.26-18.25.42:199][698]LogCharacter: BP_NetworkCharacter_C_0 is trying to crouch, but crouching is disabled on this character! (check CharacterMovement NavAgentSettings)
[2026.04.26-18.25.42:424][705]LogCharacter: BP_NetworkCharacter_C_0 is trying to crouch, but crouching is disabled on this character! (check CharacterMovement NavAgentSettings)
[2026.04.26-18.25.42:642][712]LogCharacter: BP_NetworkCharacter_C_0 is trying to crouch, but crouching is disabled on this character! (check CharacterMovement NavAgentSettings)
[2026.04.26-18.25.42:843][719]LogCharacter: BP_NetworkCharacter_C_0 is trying to crouch, but crouching is disabled on this character! (check CharacterMovement NavAgentSettings)
[2026.04.26-18.25.43:013][725]LogCharacter: BP_NetworkCharacter_C_0 is trying to crouch, but crouching is disabled on this character! (check CharacterMovement NavAgentSettings)
[2026.04.26-18.25.43:317][734]LogSlate: Updating window title bar state: overlay mode, drag disabled, window buttons hidden, title bar hidden
[2026.04.26-18.25.43:317][734]LogWorld: BeginTearingDown for /Game/Map/UEDPIE_0_MP_Lobby
[2026.04.26-18.25.43:317][734]LogWorld: UWorld::CleanupWorld for MP_Lobby, bSessionEnded=true, bCleanupResources=true
[2026.04.26-18.25.43:321][734]LogSlate: InvalidateAllWidgets triggered.  All widgets were invalidated
[2026.04.26-18.25.43:346][734]LogPlayLevel: Display: Shutting down PIE online subsystems
[2026.04.26-18.25.43:360][734]LogSlate: InvalidateAllWidgets triggered.  All widgets were invalidated
[2026.04.26-18.25.43:467][734]LogAudio: Display: Audio Device unregistered from world 'None'.
[2026.04.26-18.25.43:467][734]LogAudioMixer: FMixerPlatformXAudio2::StopAudioStream() called
[2026.04.26-18.25.43:469][734]LogAudioMixer: FMixerPlatformXAudio2::StopAudioStream() called
[2026.04.26-18.25.43:471][734]LogSlate: Updating window title bar state: overlay mode, drag disabled, window buttons hidden, title bar hidden
[2026.04.26-18.25.43:487][734]LogUObjectHash: Compacting FUObjectHashTables data took   6.81ms
[2026.04.26-18.25.43:583][735]LogPlayLevel: Display: Destroying online subsystem :Context_70
[2026.04.26-18.25.47:098][888]LogSelectionDetails: Warning: NavigateToFunctionSource:  Unable to find symbols for 'ACharacter::Crouch' [Не найден указанный модуль.]
[2026.04.26-18.25.49:307][956]LogAudioMixer: Display: Audio Buffer Underrun (starvation) detected.
[2026.04.26-18.26.04:410][569]LogAudioMixer: Display: Audio Buffer Underrun (starvation) detected.
[2026.04.26-18.26.17:464][940]LogAudioMixer: Display: Audio Buffer Underrun (starvation) detected.
[2026.04.26-18.26.28:272][170]LogContentBrowser: Deferred new asset file creation: SK_PlayerMeshCosmetics_Skeleton_BlendSpace
[2026.04.26-18.26.28:358][170]LogContentBrowser: Creating deferred item: SK_PlayerMeshCosmetics_Skeleton_BlendSpace
[2026.04.26-18.26.33:890][331]LogContentBrowser: Attempting asset rename: SK_PlayerMeshCosmetics_Skeleton_BlendSpace -> Crouch
[2026.04.26-18.26.33:937][331]LogContentBrowser: End creating deferred item SK_PlayerMeshCosmetics_Skeleton_BlendSpace
[2026.04.26-18.26.34:610][339]LogAudioMixer: Display: Audio Buffer Underrun (starvation) detected.
[2026.04.26-18.26.35:501][353]LogUObjectHash: Compacting FUObjectHashTables data took  11.01ms
[2026.04.26-18.26.36:404][353]LogSlate: Window 'Save Content' being destroyed
[2026.04.26-18.26.36:511][353]LogSavePackage: Moving '../../../../../../LastStep/PROJECT-LAST-STEP/Playtime_Multiplayer/Saved/BP_DefaultControllerBD42D8F64AC9834B0AB6F6BC271170EA.tmp' to '../../../../../../LastStep/PROJECT-LAST-STEP/Playtime_Multiplayer/Content/BaseMultiplayer/GameModes/Default/BP_DefaultController.uasset'
[2026.04.26-18.26.36:540][353]LogSavePackage: Moving '../../../../../../LastStep/PROJECT-LAST-STEP/Playtime_Multiplayer/Saved/BP_PlayerCosmeticmeshCF085180497DF5713B96E59B64F2092F.tmp' to '../../../../../../LastStep/PROJECT-LAST-STEP/Playtime_Multiplayer/Content/Items/Cosmetics/BP_Cont/BP_PlayerCosmeticmesh.uasset'
[2026.04.26-18.26.36:569][353]Cmd: OBJ SAVEPACKAGE PACKAGE="/Game/World/Character/Player/Crouch" FILE="../../../../../../LastStep/PROJECT-LAST-STEP/Playtime_Multiplayer/Content/World/Character/Player/Crouch.uasset" SILENT=true
[2026.04.26-18.26.36:582][353]LogSavePackage: Moving '../../../../../../LastStep/PROJECT-LAST-STEP/Playtime_Multiplayer/Saved/Crouch938CA6AD4D505C73923E92AB387ACF81.tmp' to '../../../../../../LastStep/PROJECT-LAST-STEP/Playtime_Multiplayer/Content/World/Character/Player/Crouch.uasset'
[2026.04.26-18.26.36:587][353]Cmd: OBJ SAVEPACKAGE PACKAGE="/Game/World/Character/Player/PlayerMove" FILE="../../../../../../LastStep/PROJECT-LAST-STEP/Playtime_Multiplayer/Content/World/Character/Player/PlayerMove.uasset" SILENT=true
[2026.04.26-18.26.36:625][353]LogSavePackage: Moving '../../../../../../LastStep/PROJECT-LAST-STEP/Playtime_Multiplayer/Saved/PlayerMoveD5FB3B8D4CBBA4333B2285ADD8137626.tmp' to '../../../../../../LastStep/PROJECT-LAST-STEP/Playtime_Multiplayer/Content/World/Character/Player/PlayerMove.uasset'
[2026.04.26-18.26.36:689][353]AssetCheck: New page: Asset Save: multiple assets
[2026.04.26-18.26.36:689][353]LogContentValidation: Display: Validating AnimBlueprint /Game/World/Character/Player/PlayerMove.PlayerMove
[2026.04.26-18.26.36:689][353]LogContentValidation: Display: Validating Blueprint /Game/Items/Cosmetics/BP_Cont/BP_PlayerCosmeticmesh.BP_PlayerCosmeticmesh
[2026.04.26-18.26.36:689][353]LogContentValidation: Display: Validating BlendSpace /Game/World/Character/Player/Crouch.Crouch
[2026.04.26-18.26.36:689][353]LogContentValidation: Display: Validating Blueprint /Game/BaseMultiplayer/GameModes/Default/BP_DefaultController.BP_DefaultController
[2026.04.26-18.26.37:859][373]LogAssetEditorSubsystem: Opening Asset editor for BlendSpace /Game/World/Character/Player/Crouch.Crouch
[2026.04.26-18.26.53:706][818]LogAudioMixer: Display: Audio Buffer Underrun (starvation) detected.
[2026.04.26-18.27.15:938][428]LogAudioMixer: Display: Audio Buffer Underrun (starvation) detected.
[2026.04.26-18.27.28:755][835]Cmd: OBJ SAVEPACKAGE PACKAGE="/Game/World/Character/Player/Crouch" FILE="../../../../../../LastStep/PROJECT-LAST-STEP/Playtime_Multiplayer/Content/World/Character/Player/Crouch.uasset" SILENT=true
[2026.04.26-18.27.28:769][835]LogSavePackage: Moving '../../../../../../LastStep/PROJECT-LAST-STEP/Playtime_Multiplayer/Saved/Crouch4C7160A64D7F7A1C2ECAD28415DF5C80.tmp' to '../../../../../../LastStep/PROJECT-LAST-STEP/Playtime_Multiplayer/Content/World/Character/Player/Crouch.uasset'
[2026.04.26-18.27.28:829][835]AssetCheck: New page: Asset Save: Crouch
[2026.04.26-18.27.28:829][835]LogContentValidation: Display: Validating BlendSpace /Game/World/Character/Player/Crouch.Crouch
[2026.04.26-18.27.29:607][849]LogAudioMixer: Display: Audio Buffer Underrun (starvation) detected.
[2026.04.26-18.27.46:132][516]LogAudioMixer: Display: Audio Buffer Underrun (starvation) detected.
[2026.04.26-18.28.02:449][220]LogAudioMixer: Display: Audio Buffer Underrun (starvation) detected.
[2026.04.26-18.28.09:090][455]LogEditorTransaction: Undo Modify Component Scale
[2026.04.26-18.28.09:576][455]LogActorComponent: RegisterComponentWithWorld: (/Engine/Transient.World_3:PersistentLevel.AnimationEditorPreviewActor_0.DebugSkelMeshComponent_0) Already registered. Aborting.
[2026.04.26-18.28.09:705][455]LogActorComponent: RegisterComponentWithWorld: (/Engine/Transient.World_7:PersistentLevel.AnimationEditorPreviewActor_0.DebugSkelMeshComponent_0) Already registered. Aborting.
[2026.04.26-18.28.31:575][209]LogAudioMixer: Display: Audio Buffer Underrun (starvation) detected.
[2026.04.26-18.28.47:105][586]LogAudioMixer: Display: Audio Buffer Underrun (starvation) detected.
[2026.04.26-18.29.04:449][359]LogAudioMixer: Display: Audio Buffer Underrun (starvation) detected.
[2026.04.26-18.29.30:438][587]LogAudioMixer: Display: Audio Buffer Underrun (starvation) detected.
[2026.04.26-18.29.36:067][817]BlueprintLog: New page: Compile BP_NetworkCharacter
[2026.04.26-18.29.36:386][817]LogUObjectHash: Compacting FUObjectHashTables data took  11.41ms
[2026.04.26-18.29.37:447][853]Cmd: OBJ SAVEPACKAGE PACKAGE="/Game/Player/BP_NetworkCharacter" FILE="../../../../../../LastStep/PROJECT-LAST-STEP/Playtime_Multiplayer/Content/Player/BP_NetworkCharacter.uasset" SILENT=true
[2026.04.26-18.29.37:618][853]LogSavePackage: Moving '../../../../../../LastStep/PROJECT-LAST-STEP/Playtime_Multiplayer/Saved/BP_NetworkCharacterEF0F869648DAFCCB8692B4BC1AC54878.tmp' to '../../../../../../LastStep/PROJECT-LAST-STEP/Playtime_Multiplayer/Content/Player/BP_NetworkCharacter.uasset'
[2026.04.26-18.29.37:669][853]AssetCheck: New page: Asset Save: BP_NetworkCharacter
[2026.04.26-18.29.37:669][853]LogContentValidation: Display: Validating Blueprint /Game/Player/BP_NetworkCharacter.BP_NetworkCharacter
[2026.04.26-18.29.43:150][ 96]LogAudioMixer: Display: Audio Buffer Underrun (starvation) detected.
[2026.04.26-18.30.08:638][235]LogAudioMixer: Display: Audio Buffer Underrun (starvation) detected.
[2026.04.26-18.30.24:549][904]LogAudioMixer: Display: Audio Buffer Underrun (starvation) detected.
[2026.04.26-18.30.29:990][165]BlueprintLog: New page: Compile BP_DefaultController
[2026.04.26-18.30.30:001][165]LogBlueprint: Warning: [AssetLog] C:\LastStep\PROJECT-LAST-STEP\Playtime_Multiplayer\Content\BaseMultiplayer\GameModes\Default\BP_DefaultController.uasset: [Compiler] InputKey Event specifies axis FKey'MouseWheelAxis' for  Mouse Wheel Axis
[2026.04.26-18.30.30:193][165]LogUObjectHash: Compacting FUObjectHashTables data took   9.31ms
[2026.04.26-18.30.34:036][333]LogTemp: Repeating last play command: Selected Viewport
[2026.04.26-18.30.34:062][333]LogPlayLevel: PlayLevel: No blueprints needed recompiling
[2026.04.26-18.30.34:062][333]PIE: New page: PIE session: MP_Lobby (26 апр. 2026 г., 22:30:34)
[2026.04.26-18.30.34:062][333]LogPlayLevel: Creating play world package: /Game/Map/UEDPIE_0_MP_Lobby
[2026.04.26-18.30.34:672][333]LogAudioMixer: Display: Audio Buffer Underrun (starvation) detected.
[2026.04.26-18.30.34:682][333]LogPlayLevel: PIE: StaticDuplicateObject took: (0.620380s)
[2026.04.26-18.30.34:687][333]LogAIModule: Creating AISystem for world MP_Lobby
[2026.04.26-18.30.34:687][333]LogPlayLevel: PIE: World Init took: (0.004391s)
[2026.04.26-18.30.34:687][333]LogPlayLevel: PIE: Created PIE world by copying editor world from /Game/Map/MP_Lobby.MP_Lobby to /Game/Map/UEDPIE_0_MP_Lobby.MP_Lobby (0.625120s)
[2026.04.26-18.30.34:857][333]LogUObjectHash: Compacting FUObjectHashTables data took   9.42ms
[2026.04.26-18.30.34:858][333]LogAudio: Display: Creating Audio Device:                 Id: 53, Scope: Unique, Realtime: True
[2026.04.26-18.30.34:858][333]LogAudioMixer: Display: Audio Mixer Platform Settings:
[2026.04.26-18.30.34:858][333]LogAudioMixer: Display: 	Sample Rate:						  48000
[2026.04.26-18.30.34:858][333]LogAudioMixer: Display: 	Callback Buffer Frame Size Requested: 512
[2026.04.26-18.30.34:858][333]LogAudioMixer: Display: 	Callback Buffer Frame Size To Use:	  512
[2026.04.26-18.30.34:858][333]LogAudioMixer: Display: 	Number of buffers to queue:			  1
[2026.04.26-18.30.34:859][333]LogAudioMixer: Display: 	Max Channels (voices):				  0
[2026.04.26-18.30.34:859][333]LogAudioMixer: Display: 	Number of Async Source Workers:		  4
[2026.04.26-18.30.34:859][333]LogAudio: Display: AudioDevice MaxSources: 32
[2026.04.26-18.30.34:859][333]LogAudio: Display: Audio Spatialization Plugin: None (built-in).
[2026.04.26-18.30.34:860][333]LogAudio: Display: Audio Reverb Plugin: None (built-in).
[2026.04.26-18.30.34:860][333]LogAudio: Display: Audio Occlusion Plugin: None (built-in).
[2026.04.26-18.30.34:860][333]LogAudioMixer: Display: Initializing audio mixer.
[2026.04.26-18.30.34:873][333]LogAudioMixer: Display: 0: FrontLeft
[2026.04.26-18.30.34:873][333]LogAudioMixer: Display: 1: FrontRight
[2026.04.26-18.30.34:898][333]LogAudioMixer: Display: Using Audio Device Voicemeeter VAIO3 Input (VB-Audio Voicemeeter VAIO)
[2026.04.26-18.30.34:899][333]LogAudioMixer: Display: Initializing Sound Submixes...
[2026.04.26-18.30.34:899][333]LogAudioMixer: Display: Creating Master Submix 'MasterSubmixDefault'
[2026.04.26-18.30.34:899][333]LogAudioMixer: Display: Creating Master Submix 'MasterReverbSubmixDefault'
[2026.04.26-18.30.34:900][333]LogAudioMixer: Display: Creating Master Submix 'MasterEQSubmixDefault'
[2026.04.26-18.30.34:900][333]LogAudioMixer: FMixerPlatformXAudio2::StartAudioStream() called
[2026.04.26-18.30.34:900][333]LogAudioMixer: Display: Output buffers initialized: Frames=512, Channels=2, Samples=1024
[2026.04.26-18.30.34:903][333]LogAudioMixer: Display: Starting AudioMixerPlatformInterface::RunInternal()
[2026.04.26-18.30.34:903][333]LogAudioMixer: Display: FMixerPlatformXAudio2::SubmitBuffer() called for the first time
[2026.04.26-18.30.34:903][333]LogInit: FAudioDevice initialized.
[2026.04.26-18.30.34:903][333]LogAudio: Display: Audio Device (ID: 53) registered with world 'MP_Lobby'.
[2026.04.26-18.30.34:903][333]PIE: Warning: UGameViewportClient::AddCursor: Could not load cursor class 'UI_Cursor_C'.
[2026.04.26-18.30.34:924][333]LogLoad: Game class is 'FirstPersonGameMode_C'
[2026.04.26-18.30.34:940][333]LogWorld: Bringing World /Game/Map/UEDPIE_0_MP_Lobby.MP_Lobby up for play (max tick rate 60) at 2026.04.26-20.30.34
[2026.04.26-18.30.34:947][333]LogWorld: Bringing up level for play took: 0.022240
[2026.04.26-18.30.34:948][333]LogOnline: OSS: Creating online subsystem instance for: :Context_72
[2026.04.26-18.30.34:955][333]LogVoiceEncode: Display: EncoderVersion: libopus unknown
[2026.04.26-18.30.34:955][333]LogOnlineVoice: OSS: StopLocalVoiceProcessing(0) returned 0xFFFFFFFF
[2026.04.26-18.30.34:955][333]LogOnlineVoice: OSS: Stopping networked voice for user: 0
[2026.04.26-18.30.34:962][333]PIE: Error: SetInputMode_UIOnly expects a valid player controller as 'PlayerController' target
[2026.04.26-18.30.34:962][333]PIE: Server logged in
[2026.04.26-18.30.34:965][333]PIE: Play in editor total start time 0,906 seconds.
[2026.04.26-18.30.47:628][774]LogAudioMixer: Display: Audio Buffer Underrun (starvation) detected.
[2026.04.26-18.31.00:384][220]LogSlate: Updating window title bar state: overlay mode, drag disabled, window buttons hidden, title bar hidden
[2026.04.26-18.31.00:384][220]LogWorld: BeginTearingDown for /Game/Map/UEDPIE_0_MP_Lobby
[2026.04.26-18.31.00:386][220]LogWorld: UWorld::CleanupWorld for MP_Lobby, bSessionEnded=true, bCleanupResources=true
[2026.04.26-18.31.00:390][220]LogSlate: InvalidateAllWidgets triggered.  All widgets were invalidated
[2026.04.26-18.31.00:424][220]LogPlayLevel: Display: Shutting down PIE online subsystems
[2026.04.26-18.31.00:441][220]LogSlate: InvalidateAllWidgets triggered.  All widgets were invalidated
[2026.04.26-18.31.00:565][220]LogSlate: Updating window title bar state: overlay mode, drag disabled, window buttons hidden, title bar hidden
[2026.04.26-18.31.00:565][220]LogAudioMixer: FMixerPlatformXAudio2::StopAudioStream() called
[2026.04.26-18.31.00:567][220]LogAudioMixer: FMixerPlatformXAudio2::StopAudioStream() called
[2026.04.26-18.31.00:586][220]LogUObjectHash: Compacting FUObjectHashTables data took   6.42ms
[2026.04.26-18.31.00:676][221]LogPlayLevel: Display: Destroying online subsystem :Context_72
[2026.04.26-18.31.10:586][685]LogAudioMixer: Display: Audio Buffer Underrun (starvation) detected.
[2026.04.26-18.31.35:385][824]LogAudioMixer: Display: Audio Buffer Underrun (starvation) detected.
[2026.04.26-18.31.52:944][495]LogAudioMixer: Display: Audio Buffer Underrun (starvation) detected.
[2026.04.26-18.31.56:003][598]BlueprintLog: New page: Compile BP_NetworkCharacter
[2026.04.26-18.31.56:265][598]LogUObjectHash: Compacting FUObjectHashTables data took  10.61ms
[2026.04.26-18.32.08:208][125]LogAudioMixer: Display: Audio Buffer Underrun (starvation) detected.
[2026.04.26-18.32.09:536][159]BlueprintLog: New page: Compile BP_NetworkCharacter
[2026.04.26-18.32.09:790][159]LogUObjectHash: Compacting FUObjectHashTables data took   9.97ms
[2026.04.26-18.32.11:138][205]LogTemp: Repeating last play command: Selected Viewport
[2026.04.26-18.32.11:154][205]LogPlayLevel: PlayLevel: No blueprints needed recompiling
[2026.04.26-18.32.11:155][205]PIE: New page: PIE session: MP_Lobby (26 апр. 2026 г., 22:32:11)
[2026.04.26-18.32.11:156][205]LogPlayLevel: Creating play world package: /Game/Map/UEDPIE_0_MP_Lobby
[2026.04.26-18.32.11:226][205]LogPlayLevel: PIE: StaticDuplicateObject took: (0.069838s)
[2026.04.26-18.32.11:228][205]LogAIModule: Creating AISystem for world MP_Lobby
[2026.04.26-18.32.11:228][205]LogPlayLevel: PIE: World Init took: (0.002069s)
[2026.04.26-18.32.11:228][205]LogPlayLevel: PIE: Created PIE world by copying editor world from /Game/Map/MP_Lobby.MP_Lobby to /Game/Map/UEDPIE_0_MP_Lobby.MP_Lobby (0.072450s)
[2026.04.26-18.32.11:321][205]LogUObjectHash: Compacting FUObjectHashTables data took   9.78ms
[2026.04.26-18.32.11:322][205]LogAudio: Display: Creating Audio Device:                 Id: 54, Scope: Unique, Realtime: True
[2026.04.26-18.32.11:322][205]LogAudioMixer: Display: Audio Mixer Platform Settings:
[2026.04.26-18.32.11:322][205]LogAudioMixer: Display: 	Sample Rate:						  48000
[2026.04.26-18.32.11:322][205]LogAudioMixer: Display: 	Callback Buffer Frame Size Requested: 512
[2026.04.26-18.32.11:322][205]LogAudioMixer: Display: 	Callback Buffer Frame Size To Use:	  512
[2026.04.26-18.32.11:322][205]LogAudioMixer: Display: 	Number of buffers to queue:			  1
[2026.04.26-18.32.11:322][205]LogAudioMixer: Display: 	Max Channels (voices):				  0
[2026.04.26-18.32.11:322][205]LogAudioMixer: Display: 	Number of Async Source Workers:		  4
[2026.04.26-18.32.11:322][205]LogAudio: Display: AudioDevice MaxSources: 32
[2026.04.26-18.32.11:323][205]LogAudio: Display: Audio Spatialization Plugin: None (built-in).
[2026.04.26-18.32.11:323][205]LogAudio: Display: Audio Reverb Plugin: None (built-in).
[2026.04.26-18.32.11:323][205]LogAudio: Display: Audio Occlusion Plugin: None (built-in).
[2026.04.26-18.32.11:323][205]LogAudioMixer: Display: Initializing audio mixer.
[2026.04.26-18.32.11:329][205]LogAudioMixer: Display: 0: FrontLeft
[2026.04.26-18.32.11:329][205]LogAudioMixer: Display: 1: FrontRight
[2026.04.26-18.32.11:346][205]LogAudioMixer: Display: Using Audio Device Voicemeeter VAIO3 Input (VB-Audio Voicemeeter VAIO)
[2026.04.26-18.32.11:347][205]LogAudioMixer: Display: Initializing Sound Submixes...
[2026.04.26-18.32.11:347][205]LogAudioMixer: Display: Creating Master Submix 'MasterSubmixDefault'
[2026.04.26-18.32.11:347][205]LogAudioMixer: Display: Creating Master Submix 'MasterReverbSubmixDefault'
[2026.04.26-18.32.11:348][205]LogAudioMixer: Display: Creating Master Submix 'MasterEQSubmixDefault'
[2026.04.26-18.32.11:348][205]LogAudioMixer: FMixerPlatformXAudio2::StartAudioStream() called
[2026.04.26-18.32.11:348][205]LogAudioMixer: Display: Output buffers initialized: Frames=512, Channels=2, Samples=1024
[2026.04.26-18.32.11:351][205]LogAudioMixer: Display: Starting AudioMixerPlatformInterface::RunInternal()
[2026.04.26-18.32.11:352][205]LogAudioMixer: Display: FMixerPlatformXAudio2::SubmitBuffer() called for the first time
[2026.04.26-18.32.11:352][205]LogInit: FAudioDevice initialized.
[2026.04.26-18.32.11:352][205]LogAudio: Display: Audio Device (ID: 54) registered with world 'MP_Lobby'.
[2026.04.26-18.32.11:353][205]PIE: Warning: UGameViewportClient::AddCursor: Could not load cursor class 'UI_Cursor_C'.
[2026.04.26-18.32.11:364][205]LogLoad: Game class is 'FirstPersonGameMode_C'
[2026.04.26-18.32.11:375][205]LogWorld: Bringing World /Game/Map/UEDPIE_0_MP_Lobby.MP_Lobby up for play (max tick rate 60) at 2026.04.26-20.32.11
[2026.04.26-18.32.11:377][205]LogWorld: Bringing up level for play took: 0.011582
[2026.04.26-18.32.11:377][205]LogOnline: OSS: Creating online subsystem instance for: :Context_73
[2026.04.26-18.32.11:383][205]LogVoiceEncode: Display: EncoderVersion: libopus unknown
[2026.04.26-18.32.11:383][205]LogOnlineVoice: OSS: StopLocalVoiceProcessing(0) returned 0xFFFFFFFF
[2026.04.26-18.32.11:383][205]LogOnlineVoice: OSS: Stopping networked voice for user: 0
[2026.04.26-18.32.11:393][205]PIE: Error: SetInputMode_UIOnly expects a valid player controller as 'PlayerController' target
[2026.04.26-18.32.11:393][205]PIE: Server logged in
[2026.04.26-18.32.11:395][205]PIE: Play in editor total start time 0,244 seconds.
[2026.04.26-18.32.18:391][412]LogAudioMixer: Display: Audio Buffer Underrun (starvation) detected.
[2026.04.26-18.32.18:393][412]LogAudioMixer: Display: Audio Buffer Underrun (starvation) detected.
[2026.04.26-18.32.31:334][770]LogSlate: Updating window title bar state: overlay mode, drag disabled, window buttons hidden, title bar hidden
[2026.04.26-18.32.31:334][770]LogWorld: BeginTearingDown for /Game/Map/UEDPIE_0_MP_Lobby
[2026.04.26-18.32.31:335][770]LogWorld: UWorld::CleanupWorld for MP_Lobby, bSessionEnded=true, bCleanupResources=true
[2026.04.26-18.32.31:338][770]LogSlate: InvalidateAllWidgets triggered.  All widgets were invalidated
[2026.04.26-18.32.31:384][770]LogPlayLevel: Display: Shutting down PIE online subsystems
[2026.04.26-18.32.31:409][770]LogSlate: InvalidateAllWidgets triggered.  All widgets were invalidated
[2026.04.26-18.32.31:525][770]LogAudio: Display: Audio Device unregistered from world 'None'.
[2026.04.26-18.32.31:526][770]LogAudioMixer: FMixerPlatformXAudio2::StopAudioStream() called
[2026.04.26-18.32.31:527][770]LogAudioMixer: FMixerPlatformXAudio2::StopAudioStream() called
[2026.04.26-18.32.31:531][770]LogSlate: Updating window title bar state: overlay mode, drag disabled, window buttons hidden, title bar hidden
[2026.04.26-18.32.31:541][770]LogUObjectHash: Compacting FUObjectHashTables data took   6.47ms
[2026.04.26-18.32.31:655][771]LogPlayLevel: Display: Destroying online subsystem :Context_73
[2026.04.26-18.32.40:486][170]LogTemp: Repeating last play command: Selected Viewport
[2026.04.26-18.32.40:503][170]BlueprintLog: New page: Pre-Play auto-recompile
[2026.04.26-18.32.40:536][170]LogPlayLevel: [PlayLevel] Compiling BP_NetworkCharacter before play...
[2026.04.26-18.32.40:839][170]LogUObjectHash: Compacting FUObjectHashTables data took   9.10ms
[2026.04.26-18.32.40:839][170]LogPlayLevel: PlayLevel: Blueprint regeneration took 336 ms (1 blueprints)
[2026.04.26-18.32.40:839][170]PIE: New page: PIE session: MP_Lobby (26 апр. 2026 г., 22:32:40)
[2026.04.26-18.32.40:841][170]LogPlayLevel: Creating play world package: /Game/Map/UEDPIE_0_MP_Lobby
[2026.04.26-18.32.40:899][170]LogPlayLevel: PIE: StaticDuplicateObject took: (0.057606s)
[2026.04.26-18.32.40:900][170]LogAIModule: Creating AISystem for world MP_Lobby
[2026.04.26-18.32.40:901][170]LogPlayLevel: PIE: World Init took: (0.002255s)
[2026.04.26-18.32.40:901][170]LogPlayLevel: PIE: Created PIE world by copying editor world from /Game/Map/MP_Lobby.MP_Lobby to /Game/Map/UEDPIE_0_MP_Lobby.MP_Lobby (0.060239s)
[2026.04.26-18.32.40:998][170]LogUObjectHash: Compacting FUObjectHashTables data took   6.41ms
[2026.04.26-18.32.40:998][170]LogAudio: Display: Creating Audio Device:                 Id: 55, Scope: Unique, Realtime: True
[2026.04.26-18.32.40:998][170]LogAudioMixer: Display: Audio Mixer Platform Settings:
[2026.04.26-18.32.40:998][170]LogAudioMixer: Display: 	Sample Rate:						  48000
[2026.04.26-18.32.40:998][170]LogAudioMixer: Display: 	Callback Buffer Frame Size Requested: 512
[2026.04.26-18.32.40:998][170]LogAudioMixer: Display: 	Callback Buffer Frame Size To Use:	  512
[2026.04.26-18.32.40:998][170]LogAudioMixer: Display: 	Number of buffers to queue:			  1
[2026.04.26-18.32.40:998][170]LogAudioMixer: Display: 	Max Channels (voices):				  0
[2026.04.26-18.32.40:998][170]LogAudioMixer: Display: 	Number of Async Source Workers:		  4
[2026.04.26-18.32.40:998][170]LogAudio: Display: AudioDevice MaxSources: 32
[2026.04.26-18.32.40:999][170]LogAudio: Display: Audio Spatialization Plugin: None (built-in).
[2026.04.26-18.32.40:999][170]LogAudio: Display: Audio Reverb Plugin: None (built-in).
[2026.04.26-18.32.40:999][170]LogAudio: Display: Audio Occlusion Plugin: None (built-in).
[2026.04.26-18.32.40:999][170]LogAudioMixer: Display: Initializing audio mixer.
[2026.04.26-18.32.41:004][170]LogAudioMixer: Display: 0: FrontLeft
[2026.04.26-18.32.41:005][170]LogAudioMixer: Display: 1: FrontRight
[2026.04.26-18.32.41:023][170]LogAudioMixer: Display: Using Audio Device Voicemeeter VAIO3 Input (VB-Audio Voicemeeter VAIO)
[2026.04.26-18.32.41:023][170]LogAudioMixer: Display: Initializing Sound Submixes...
[2026.04.26-18.32.41:023][170]LogAudioMixer: Display: Creating Master Submix 'MasterSubmixDefault'
[2026.04.26-18.32.41:023][170]LogAudioMixer: Display: Creating Master Submix 'MasterReverbSubmixDefault'
[2026.04.26-18.32.41:024][170]LogAudioMixer: Display: Creating Master Submix 'MasterEQSubmixDefault'
[2026.04.26-18.32.41:025][170]LogAudioMixer: FMixerPlatformXAudio2::StartAudioStream() called
[2026.04.26-18.32.41:025][170]LogAudioMixer: Display: Output buffers initialized: Frames=512, Channels=2, Samples=1024
[2026.04.26-18.32.41:027][170]LogAudioMixer: Display: Starting AudioMixerPlatformInterface::RunInternal()
[2026.04.26-18.32.41:027][170]LogAudioMixer: Display: FMixerPlatformXAudio2::SubmitBuffer() called for the first time
[2026.04.26-18.32.41:027][170]LogInit: FAudioDevice initialized.
[2026.04.26-18.32.41:027][170]LogAudio: Display: Audio Device (ID: 55) registered with world 'MP_Lobby'.
[2026.04.26-18.32.41:027][170]PIE: Warning: UGameViewportClient::AddCursor: Could not load cursor class 'UI_Cursor_C'.
[2026.04.26-18.32.41:041][170]LogLoad: Game class is 'FirstPersonGameMode_C'
[2026.04.26-18.32.41:054][170]LogWorld: Bringing World /Game/Map/UEDPIE_0_MP_Lobby.MP_Lobby up for play (max tick rate 60) at 2026.04.26-20.32.41
[2026.04.26-18.32.41:055][170]LogWorld: Bringing up level for play took: 0.013227
[2026.04.26-18.32.41:055][170]LogOnline: OSS: Creating online subsystem instance for: :Context_74
[2026.04.26-18.32.41:060][170]LogVoiceEncode: Display: EncoderVersion: libopus unknown
[2026.04.26-18.32.41:060][170]LogOnlineVoice: OSS: StopLocalVoiceProcessing(0) returned 0xFFFFFFFF
[2026.04.26-18.32.41:060][170]LogOnlineVoice: OSS: Stopping networked voice for user: 0
[2026.04.26-18.32.41:068][170]PIE: Error: SetInputMode_UIOnly expects a valid player controller as 'PlayerController' target
[2026.04.26-18.32.41:068][170]PIE: Server logged in
[2026.04.26-18.32.41:070][170]PIE: Play in editor total start time 0,571 seconds.
[2026.04.26-18.32.47:150][336]LogAudioMixer: Display: Audio Buffer Underrun (starvation) detected.
[2026.04.26-18.32.47:150][336]LogAudioMixer: Display: Audio Buffer Underrun (starvation) detected.
[2026.04.26-18.33.04:558][810]LogAudioMixer: Display: Audio Buffer Underrun (starvation) detected.
[2026.04.26-18.33.19:650][203]LogAudioMixer: Display: Audio Buffer Underrun (starvation) detected.
[2026.04.26-18.33.29:373][388]LogAudioMixer: Display: Audio Buffer Underrun (starvation) detected.
[2026.04.26-18.33.29:373][388]LogAudioMixer: Display: Audio Buffer Underrun (starvation) detected.
[2026.04.26-18.33.40:362][739]LogAudioMixer: Display: Audio Buffer Underrun (starvation) detected.
[2026.04.26-18.33.56:879][275]LogAudioMixer: Display: Audio Buffer Underrun (starvation) detected.
[2026.04.26-18.33.56:879][275]LogAudioMixer: Display: Audio Buffer Underrun (starvation) detected.
[2026.04.26-18.34.09:840][650]LogAudioMixer: Display: Audio Buffer Underrun (starvation) detected.
[2026.04.26-18.34.09:840][650]LogAudioMixer: Display: Audio Buffer Underrun (starvation) detected.
[2026.04.26-18.34.20:137][864]LogAudioMixer: Display: Audio Buffer Underrun (starvation) detected.
[2026.04.26-18.34.29:584][181]LogAudioMixer: Display: Audio Buffer Underrun (starvation) detected.
[2026.04.26-18.34.29:584][181]LogAudioMixer: Display: Audio Buffer Underrun (starvation) detected.
[2026.04.26-18.34.39:050][392]Error: view mode not recognized: unit
[2026.04.26-18.34.44:060][540]LogAudioMixer: Display: Audio Buffer Underrun (starvation) detected.
[2026.04.26-18.34.44:060][540]LogAudioMixer: Display: Audio Buffer Underrun (starvation) detected.
[2026.04.26-18.34.44:869][558]Cmd: gamma1
[2026.04.26-18.34.44:895][558]Command not recognized: gamma1
[2026.04.26-18.34.50:831][683]New view mode: Lit_DetailLighting
[2026.04.26-18.34.56:841][871]LogAudioMixer: Display: Audio Buffer Underrun (starvation) detected.
[2026.04.26-18.34.56:841][871]LogAudioMixer: Display: Audio Buffer Underrun (starvation) detected.
[2026.04.26-18.35.00:905][  8]New view mode: LightingOnly
[2026.04.26-18.35.02:289][ 54]New view mode: LightComplexity
[2026.04.26-18.35.02:354][ 56]LogSlate: Took 0.008282 seconds to synchronously load lazily loaded font '../../../Engine/Content/Slate/Fonts/Roboto-Regular.ttf' (155K)
[2026.04.26-18.35.03:451][ 91]New view mode: 
[2026.04.26-18.35.08:281][260]New view mode: ShaderComplexity
[2026.04.26-18.35.08:908][262]LogAudioMixer: Display: Audio Buffer Underrun (starvation) detected.
[2026.04.26-18.35.08:910][262]LogAudioMixer: Display: Audio Buffer Underrun (starvation) detected.
[2026.04.26-18.35.10:861][325]New view mode: LightmapDensity
[2026.04.26-18.35.14:619][460]New view mode: LitLightmapDensity
[2026.04.26-18.35.15:566][494]New view mode: ReflectionOverride
[2026.04.26-18.35.16:505][532]New view mode: VisualizeBuffer
[2026.04.26-18.35.17:691][550]New view mode: 
[2026.04.26-18.35.18:690][586]New view mode: StationaryLightOverlap
[2026.04.26-18.35.19:661][621]New view mode: CollisionPawn
[2026.04.26-18.35.20:683][650]New view mode: CollisionVis
[2026.04.26-18.35.21:533][679]New view mode: 
[2026.04.26-18.35.24:913][794]New view mode: LODColoration
[2026.04.26-18.35.26:270][832]LogAudioMixer: Display: Audio Buffer Underrun (starvation) detected.
[2026.04.26-18.35.26:270][832]LogAudioMixer: Display: Audio Buffer Underrun (starvation) detected.
[2026.04.26-18.35.38:882][258]LogAudioMixer: Display: Audio Buffer Underrun (starvation) detected.
[2026.04.26-18.35.44:001][450]LogSlate: Updating window title bar state: overlay mode, drag disabled, window buttons hidden, title bar hidden
[2026.04.26-18.35.44:001][450]LogWorld: BeginTearingDown for /Game/Map/UEDPIE_0_MP_Lobby
[2026.04.26-18.35.44:010][450]LogWorld: UWorld::CleanupWorld for MP_Lobby, bSessionEnded=true, bCleanupResources=true
[2026.04.26-18.35.44:014][450]LogSlate: InvalidateAllWidgets triggered.  All widgets were invalidated
[2026.04.26-18.35.44:046][450]LogPlayLevel: Display: Shutting down PIE online subsystems
[2026.04.26-18.35.44:061][450]LogSlate: InvalidateAllWidgets triggered.  All widgets were invalidated
[2026.04.26-18.35.44:165][450]LogSlate: Updating window title bar state: overlay mode, drag disabled, window buttons hidden, title bar hidden
[2026.04.26-18.35.44:170][450]LogAudioMixer: FMixerPlatformXAudio2::StopAudioStream() called
[2026.04.26-18.35.44:172][450]LogAudioMixer: FMixerPlatformXAudio2::StopAudioStream() called
[2026.04.26-18.35.44:210][450]LogUObjectHash: Compacting FUObjectHashTables data took   8.93ms
[2026.04.26-18.35.44:347][451]LogPlayLevel: Display: Destroying online subsystem :Context_74
[2026.04.26-18.35.54:462][817]LogAudioMixer: Display: Audio Buffer Underrun (starvation) detected.
[2026.04.26-18.36.05:941][164]LogTemp: Repeating last play command: Selected Viewport
[2026.04.26-18.36.05:959][164]LogPlayLevel: PlayLevel: No blueprints needed recompiling
[2026.04.26-18.36.05:959][164]PIE: New page: PIE session: MP_Lobby (26 апр. 2026 г., 22:36:05)
[2026.04.26-18.36.05:960][164]LogPlayLevel: Creating play world package: /Game/Map/UEDPIE_0_MP_Lobby
[2026.04.26-18.36.06:049][164]LogPlayLevel: PIE: StaticDuplicateObject took: (0.089679s)
[2026.04.26-18.36.06:055][164]LogAIModule: Creating AISystem for world MP_Lobby
[2026.04.26-18.36.06:055][164]LogPlayLevel: PIE: World Init took: (0.005517s)
[2026.04.26-18.36.06:055][164]LogPlayLevel: PIE: Created PIE world by copying editor world from /Game/Map/MP_Lobby.MP_Lobby to /Game/Map/UEDPIE_0_MP_Lobby.MP_Lobby (0.095518s)
[2026.04.26-18.36.06:160][164]LogUObjectHash: Compacting FUObjectHashTables data took   5.95ms
[2026.04.26-18.36.06:163][164]LogAudio: Display: Creating Audio Device:                 Id: 56, Scope: Unique, Realtime: True
[2026.04.26-18.36.06:163][164]LogAudioMixer: Display: Audio Mixer Platform Settings:
[2026.04.26-18.36.06:163][164]LogAudioMixer: Display: 	Sample Rate:						  48000
[2026.04.26-18.36.06:163][164]LogAudioMixer: Display: 	Callback Buffer Frame Size Requested: 512
[2026.04.26-18.36.06:163][164]LogAudioMixer: Display: 	Callback Buffer Frame Size To Use:	  512
[2026.04.26-18.36.06:163][164]LogAudioMixer: Display: 	Number of buffers to queue:			  1
[2026.04.26-18.36.06:164][164]LogAudioMixer: Display: 	Max Channels (voices):				  0
[2026.04.26-18.36.06:164][164]LogAudioMixer: Display: 	Number of Async Source Workers:		  4
[2026.04.26-18.36.06:164][164]LogAudio: Display: AudioDevice MaxSources: 32
[2026.04.26-18.36.06:164][164]LogAudio: Display: Audio Spatialization Plugin: None (built-in).
[2026.04.26-18.36.06:164][164]LogAudio: Display: Audio Reverb Plugin: None (built-in).
[2026.04.26-18.36.06:164][164]LogAudio: Display: Audio Occlusion Plugin: None (built-in).
[2026.04.26-18.36.06:164][164]LogAudioMixer: Display: Initializing audio mixer.
[2026.04.26-18.36.06:175][164]LogAudioMixer: Display: 0: FrontLeft
[2026.04.26-18.36.06:175][164]LogAudioMixer: Display: 1: FrontRight
[2026.04.26-18.36.06:194][164]LogAudioMixer: Display: Using Audio Device Voicemeeter VAIO3 Input (VB-Audio Voicemeeter VAIO)
[2026.04.26-18.36.06:194][164]LogAudioMixer: Display: Initializing Sound Submixes...
[2026.04.26-18.36.06:194][164]LogAudioMixer: Display: Creating Master Submix 'MasterSubmixDefault'
[2026.04.26-18.36.06:194][164]LogAudioMixer: Display: Creating Master Submix 'MasterReverbSubmixDefault'
[2026.04.26-18.36.06:194][164]LogAudioMixer: Display: Creating Master Submix 'MasterEQSubmixDefault'
[2026.04.26-18.36.06:195][164]LogAudioMixer: FMixerPlatformXAudio2::StartAudioStream() called
[2026.04.26-18.36.06:195][164]LogAudioMixer: Display: Output buffers initialized: Frames=512, Channels=2, Samples=1024
[2026.04.26-18.36.06:197][164]LogAudioMixer: Display: Starting AudioMixerPlatformInterface::RunInternal()
[2026.04.26-18.36.06:198][164]LogAudioMixer: Display: FMixerPlatformXAudio2::SubmitBuffer() called for the first time
[2026.04.26-18.36.06:198][164]LogInit: FAudioDevice initialized.
[2026.04.26-18.36.06:198][164]LogAudio: Display: Audio Device (ID: 56) registered with world 'MP_Lobby'.
[2026.04.26-18.36.06:199][164]PIE: Warning: UGameViewportClient::AddCursor: Could not load cursor class 'UI_Cursor_C'.
[2026.04.26-18.36.06:214][164]LogLoad: Game class is 'FirstPersonGameMode_C'
[2026.04.26-18.36.06:228][164]LogWorld: Bringing World /Game/Map/UEDPIE_0_MP_Lobby.MP_Lobby up for play (max tick rate 60) at 2026.04.26-20.36.06
[2026.04.26-18.36.06:229][164]LogWorld: Bringing up level for play took: 0.014359
[2026.04.26-18.36.06:230][164]LogOnline: OSS: Creating online subsystem instance for: :Context_75
[2026.04.26-18.36.06:235][164]LogVoiceEncode: Display: EncoderVersion: libopus unknown
[2026.04.26-18.36.06:235][164]LogOnlineVoice: OSS: StopLocalVoiceProcessing(0) returned 0xFFFFFFFF
[2026.04.26-18.36.06:235][164]LogOnlineVoice: OSS: Stopping networked voice for user: 0
[2026.04.26-18.36.06:244][164]PIE: Error: SetInputMode_UIOnly expects a valid player controller as 'PlayerController' target
[2026.04.26-18.36.06:244][164]PIE: Server logged in
[2026.04.26-18.36.06:246][164]PIE: Play in editor total start time 0,291 seconds.
[2026.04.26-18.36.15:195][409]LogAudioMixer: Display: Audio Buffer Underrun (starvation) detected.
[2026.04.26-18.36.15:195][409]LogAudioMixer: Display: Audio Buffer Underrun (starvation) detected.
[2026.04.26-18.36.22:874][492]LogSlate: Updating window title bar state: overlay mode, drag disabled, window buttons hidden, title bar hidden
[2026.04.26-18.36.22:874][492]LogWorld: BeginTearingDown for /Game/Map/UEDPIE_0_MP_Lobby
[2026.04.26-18.36.22:875][492]LogWorld: UWorld::CleanupWorld for MP_Lobby, bSessionEnded=true, bCleanupResources=true
[2026.04.26-18.36.22:878][492]LogSlate: InvalidateAllWidgets triggered.  All widgets were invalidated
[2026.04.26-18.36.22:900][492]LogPlayLevel: Display: Shutting down PIE online subsystems
[2026.04.26-18.36.22:912][492]LogSlate: InvalidateAllWidgets triggered.  All widgets were invalidated
[2026.04.26-18.36.23:049][492]LogAudio: Display: Audio Device unregistered from world 'None'.
[2026.04.26-18.36.23:049][492]LogAudioMixer: FMixerPlatformXAudio2::StopAudioStream() called
[2026.04.26-18.36.23:051][492]LogAudioMixer: FMixerPlatformXAudio2::StopAudioStream() called
[2026.04.26-18.36.23:054][492]LogSlate: Updating window title bar state: overlay mode, drag disabled, window buttons hidden, title bar hidden
[2026.04.26-18.36.23:093][492]LogUObjectHash: Compacting FUObjectHashTables data took   6.51ms
[2026.04.26-18.36.23:214][493]LogPlayLevel: Display: Destroying online subsystem :Context_75
[2026.04.26-18.36.34:283][763]LogAudioMixer: Display: Audio Buffer Underrun (starvation) detected.
[2026.04.26-18.36.53:357][307]LogAudioMixer: Display: Audio Buffer Underrun (starvation) detected.
[2026.04.26-18.37.09:604][794]LogAudioMixer: Display: Audio Buffer Underrun (starvation) detected.
[2026.04.26-18.37.23:655][ 96]LogAudioMixer: Display: Audio Buffer Underrun (starvation) detected.
[2026.04.26-18.37.42:754][184]LogAudioMixer: Display: Audio Buffer Underrun (starvation) detected.
[2026.04.26-18.37.54:036][197]LogAudioMixer: Display: Audio Buffer Underrun (starvation) detected.
[2026.04.26-18.37.57:820][281]LogUObjectHash: Compacting FUObjectHashTables data took   8.81ms
[2026.04.26-18.37.58:656][281]LogSlate: Window 'Save Content' being destroyed
[2026.04.26-18.37.58:894][281]LogSavePackage: Moving '../../../../../../LastStep/PROJECT-LAST-STEP/Playtime_Multiplayer/Saved/BP_DefaultController281571824DCB878DF1401A9B45384872.tmp' to '../../../../../../LastStep/PROJECT-LAST-STEP/Playtime_Multiplayer/Content/BaseMultiplayer/GameModes/Default/BP_DefaultController.uasset'
[2026.04.26-18.37.58:906][281]Cmd: OBJ SAVEPACKAGE PACKAGE="/Game/Player/BP_NetworkCharacter" FILE="../../../../../../LastStep/PROJECT-LAST-STEP/Playtime_Multiplayer/Content/Player/BP_NetworkCharacter.uasset" SILENT=true
[2026.04.26-18.37.59:126][281]LogSavePackage: Moving '../../../../../../LastStep/PROJECT-LAST-STEP/Playtime_Multiplayer/Saved/BP_NetworkCharacterA45C27F44496AE83BCDE82B44FBB71EE.tmp' to '../../../../../../LastStep/PROJECT-LAST-STEP/Playtime_Multiplayer/Content/Player/BP_NetworkCharacter.uasset'
[2026.04.26-18.37.59:365][281]AssetCheck: New page: Asset Save: multiple assets
[2026.04.26-18.37.59:365][281]LogContentValidation: Display: Validating Blueprint /Game/BaseMultiplayer/GameModes/Default/BP_DefaultController.BP_DefaultController
[2026.04.26-18.37.59:366][281]LogContentValidation: Display: Validating Blueprint /Game/Player/BP_NetworkCharacter.BP_NetworkCharacter
[2026.04.26-18.38.09:082][536]LogUObjectHash: Compacting FUObjectHashTables data took   2.50ms
[2026.04.26-18.38.09:768][536]LogLinker: Warning: [AssetLog] C:\LastStep\PROJECT-LAST-STEP\Playtime_Multiplayer\Content\MULTIPLAYER\SERVER_LIST.uasset: Failed to load '/Game/Widgets/textures/выходbutton': Can't find file.
[2026.04.26-18.38.09:771][536]LoadErrors: Failed to load /Game/Widgets/textures/выходbutton.выходbutton Referenced by Button_63
[2026.04.26-18.38.09:773][536]LogLinker: Warning: [AssetLog] C:\LastStep\PROJECT-LAST-STEP\Playtime_Multiplayer\Content\MULTIPLAYER\SERVER_LIST.uasset: Failed to load '/Game/Widgets/textures/выходbutton': Can't find file.
[2026.04.26-18.38.09:773][536]LogLinker: Warning: [AssetLog] C:\LastStep\PROJECT-LAST-STEP\Playtime_Multiplayer\Content\MULTIPLAYER\SERVER_LIST.uasset: Failed to load '/Game/Widgets/textures/выходbutton': Can't find file.
[2026.04.26-18.38.09:774][536]LoadErrors: Failed to load /Game/Widgets/textures/выходbutton.выходbutton Referenced by Button_77
[2026.04.26-18.38.09:774][536]LogLinker: Warning: [AssetLog] C:\LastStep\PROJECT-LAST-STEP\Playtime_Multiplayer\Content\MULTIPLAYER\SERVER_LIST.uasset: Failed to load '/Game/Widgets/textures/выходbutton': Can't find file.
[2026.04.26-18.38.09:946][536]LogLinker: Warning: [AssetLog] C:\LastStep\PROJECT-LAST-STEP\Playtime_Multiplayer\Content\Widgets\CHOOSE.uasset: Failed to load '/Game/Widgets/textures/Снимок_экрана_2026-04-01_200059': Can't find file.
[2026.04.26-18.38.09:946][536]LogLinker: Warning: [AssetLog] C:\LastStep\PROJECT-LAST-STEP\Playtime_Multiplayer\Content\Widgets\CHOOSE.uasset: Failed to load '/Game/Widgets/textures/Снимок_экрана_2026-04-01_200059': Can't find file.
[2026.04.26-18.38.09:947][536]LogLinker: Warning: [AssetLog] C:\LastStep\PROJECT-LAST-STEP\Playtime_Multiplayer\Content\Widgets\CHOOSE.uasset: Failed to load '/Game/Widgets/textures/Снимок_экрана_2026-04-01_200059': Can't find file.
[2026.04.26-18.38.09:947][536]LogLinker: Warning: [AssetLog] C:\LastStep\PROJECT-LAST-STEP\Playtime_Multiplayer\Content\Widgets\choice_play.uasset: Failed to load '/Game/Widgets/textures/Снимок_экрана_2026-04-01_200059': Can't find file.
[2026.04.26-18.38.09:948][536]LogLinker: Warning: [AssetLog] C:\LastStep\PROJECT-LAST-STEP\Playtime_Multiplayer\Content\Widgets\choice_play.uasset: Failed to load '/Game/Widgets/textures/Снимок_экрана_2026-04-01_200059': Can't find file.
[2026.04.26-18.38.09:949][536]LogLinker: Warning: [AssetLog] C:\LastStep\PROJECT-LAST-STEP\Playtime_Multiplayer\Content\Widgets\choice_play.uasset: Failed to load '/Game/Widgets/textures/Снимок_экрана_2026-04-01_200059': Can't find file.
[2026.04.26-18.38.09:950][536]LoadErrors: Failed to load /Game/Widgets/textures/Снимок_экрана_2026-04-01_200059.Снимок_экрана_2026-04-01_200059 Referenced by Image_0
[2026.04.26-18.38.09:953][536]LogLinker: Warning: [AssetLog] C:\LastStep\PROJECT-LAST-STEP\Playtime_Multiplayer\Content\Widgets\choice_play.uasset: Failed to load '/Game/Widgets/textures/Снимок_экрана_2026-04-02_122711': Can't find file.
[2026.04.26-18.38.09:956][536]LogLinker: Warning: [AssetLog] C:\LastStep\PROJECT-LAST-STEP\Playtime_Multiplayer\Content\Widgets\choice_play.uasset: Failed to load '/Game/Widgets/textures/Снимок_экрана_2026-04-02_122711': Can't find file.
[2026.04.26-18.38.09:957][536]LogLinker: Warning: [AssetLog] C:\LastStep\PROJECT-LAST-STEP\Playtime_Multiplayer\Content\Widgets\choice_play.uasset: Failed to load '/Game/Widgets/textures/Снимок_экрана_2026-04-02_122711': Can't find file.
[2026.04.26-18.38.09:961][536]LogLinker: Warning: [AssetLog] C:\LastStep\PROJECT-LAST-STEP\Playtime_Multiplayer\Content\Widgets\choice_mode.uasset: Failed to load '/Game/Widgets/textures/Снимок_экрана_2026-04-02_122711': Can't find file.
[2026.04.26-18.38.09:962][536]LogLinker: Warning: [AssetLog] C:\LastStep\PROJECT-LAST-STEP\Playtime_Multiplayer\Content\Widgets\choice_mode.uasset: Failed to load '/Game/Widgets/textures/Снимок_экрана_2026-04-02_122711': Can't find file.
[2026.04.26-18.38.09:965][536]LogLinker: Warning: [AssetLog] C:\LastStep\PROJECT-LAST-STEP\Playtime_Multiplayer\Content\Widgets\choice_mode.uasset: Failed to load '/Game/Widgets/textures/Снимок_экрана_2026-04-02_122711': Can't find file.
[2026.04.26-18.38.09:966][536]LoadErrors: Failed to load /Game/Widgets/textures/Снимок_экрана_2026-04-02_122711.Снимок_экрана_2026-04-02_122711 Referenced by Image_3
[2026.04.26-18.38.10:004][536]LogLinker: Warning: [AssetLog] C:\LastStep\PROJECT-LAST-STEP\Playtime_Multiplayer\Content\Widgets\TAG_PLAY.uasset: Failed to load '/Game/Widgets/textures/Снимок_экрана_2026-04-01_193405': Can't find file.
[2026.04.26-18.38.10:005][536]LogLinker: Warning: [AssetLog] C:\LastStep\PROJECT-LAST-STEP\Playtime_Multiplayer\Content\Widgets\TAG_PLAY.uasset: Failed to load '/Game/Widgets/textures/Снимок_экрана_2026-04-01_193405': Can't find file.
[2026.04.26-18.38.10:006][536]LogLinker: Warning: [AssetLog] C:\LastStep\PROJECT-LAST-STEP\Playtime_Multiplayer\Content\Widgets\TAG_PLAY.uasset: Failed to load '/Game/Widgets/textures/Снимок_экрана_2026-04-01_193405': Can't find file.
[2026.04.26-18.38.10:007][536]LogLinker: Warning: [AssetLog] C:\LastStep\PROJECT-LAST-STEP\Playtime_Multiplayer\Content\Widgets\choice_mode.uasset: Failed to load '/Game/Widgets/textures/Снимок_экрана_2026-04-01_193405': Can't find file.
[2026.04.26-18.38.10:007][536]LogLinker: Warning: [AssetLog] C:\LastStep\PROJECT-LAST-STEP\Playtime_Multiplayer\Content\Widgets\choice_mode.uasset: Failed to load '/Game/Widgets/textures/Снимок_экрана_2026-04-01_193405': Can't find file.
[2026.04.26-18.38.10:032][536]LogLinker: Warning: [AssetLog] C:\LastStep\PROJECT-LAST-STEP\Playtime_Multiplayer\Content\Widgets\choice_mode.uasset: Failed to load '/Game/Widgets/textures/Снимок_экрана_2026-04-01_193405': Can't find file.
[2026.04.26-18.38.10:032][536]LoadErrors: Failed to load /Game/Widgets/textures/Снимок_экрана_2026-04-01_193405.Снимок_экрана_2026-04-01_193405 Referenced by Image_363
[2026.04.26-18.38.10:064][536]LogLinker: Warning: [AssetLog] C:\LastStep\PROJECT-LAST-STEP\Playtime_Multiplayer\Content\Widgets\choice_mode.uasset: Failed to load '/Game/Widgets/textures/Снимок_экрана_2026-04-01_193405': Can't find file.
[2026.04.26-18.38.10:064][536]LoadErrors: Failed to load /Game/Widgets/textures/Снимок_экрана_2026-04-01_193405.Снимок_экрана_2026-04-01_193405 Referenced by Image_0
[2026.04.26-18.38.10:067][536]LogLinker: Warning: [AssetLog] C:\LastStep\PROJECT-LAST-STEP\Playtime_Multiplayer\Content\Widgets\choice_mode.uasset: Failed to load '/Game/Widgets/textures/Снимок_экрана_2026-04-01_193405': Can't find file.
[2026.04.26-18.38.10:068][536]LogLinker: Warning: [AssetLog] C:\LastStep\PROJECT-LAST-STEP\Playtime_Multiplayer\Content\Widgets\choice_mode.uasset: Failed to load '/Game/Widgets/textures/Снимок_экрана_2026-04-01_193405': Can't find file.
[2026.04.26-18.38.10:070][536]LogLinker: Warning: [AssetLog] C:\LastStep\PROJECT-LAST-STEP\Playtime_Multiplayer\Content\Widgets\choice_mode.uasset: Failed to load '/Game/Widgets/textures/Снимок_экрана_2026-04-01_193405': Can't find file.
[2026.04.26-18.38.10:074][536]LogLinker: Warning: [AssetLog] C:\LastStep\PROJECT-LAST-STEP\Playtime_Multiplayer\Content\Widgets\choice_mode.uasset: Failed to load '/Game/Widgets/textures/Снимок_экрана_2026-04-02_122711': Can't find file.
[2026.04.26-18.38.10:079][536]LogLinker: Warning: [AssetLog] C:\LastStep\PROJECT-LAST-STEP\Playtime_Multiplayer\Content\Widgets\choice_mode.uasset: Failed to load '/Game/Widgets/textures/Снимок_экрана_2026-04-01_193405': Can't find file.
[2026.04.26-18.38.10:080][536]LogLinker: Warning: [AssetLog] C:\LastStep\PROJECT-LAST-STEP\Playtime_Multiplayer\Content\Widgets\choice_mode.uasset: Failed to load '/Game/Widgets/textures/Снимок_экрана_2026-04-01_193405': Can't find file.
[2026.04.26-18.38.10:094][536]LogLinker: Warning: [AssetLog] C:\LastStep\PROJECT-LAST-STEP\Playtime_Multiplayer\Content\MULTIPLAYER\SERVER_LIST.uasset: Failed to load '/Game/Widgets/textures/выходbutton': Can't find file.
[2026.04.26-18.38.10:095][536]LogLinker: Warning: [AssetLog] C:\LastStep\PROJECT-LAST-STEP\Playtime_Multiplayer\Content\MULTIPLAYER\SERVER_LIST.uasset: Failed to load '/Game/Widgets/textures/выходbutton': Can't find file.
[2026.04.26-18.38.10:096][536]LogLinker: Warning: [AssetLog] C:\LastStep\PROJECT-LAST-STEP\Playtime_Multiplayer\Content\MULTIPLAYER\SERVER_LIST.uasset: Failed to load '/Game/Widgets/textures/выходbutton': Can't find file.
[2026.04.26-18.38.10:097][536]LogLinker: Warning: [AssetLog] C:\LastStep\PROJECT-LAST-STEP\Playtime_Multiplayer\Content\MULTIPLAYER\SERVER_LIST.uasset: Failed to load '/Game/Widgets/textures/выходbutton': Can't find file.
[2026.04.26-18.38.10:098][536]LogLinker: Warning: [AssetLog] C:\LastStep\PROJECT-LAST-STEP\Playtime_Multiplayer\Content\MULTIPLAYER\SERVER_LIST.uasset: Failed to load '/Game/Widgets/textures/выходbutton': Can't find file.
[2026.04.26-18.38.10:256][536]LogLinker: Warning: [AssetLog] C:\LastStep\PROJECT-LAST-STEP\Playtime_Multiplayer\Content\Widgets\Buttons.uasset: Failed to load '/Game/Widgets/textures/выходbutton': Can't find file.
[2026.04.26-18.38.10:257][536]LogLinker: Warning: [AssetLog] C:\LastStep\PROJECT-LAST-STEP\Playtime_Multiplayer\Content\Widgets\Buttons.uasset: Failed to load '/Game/Widgets/textures/выходbutton': Can't find file.
[2026.04.26-18.38.10:604][536]LogLinker: Warning: [AssetLog] C:\LastStep\PROJECT-LAST-STEP\Playtime_Multiplayer\Content\Widgets\TAG_PLAY.uasset: Failed to load '/Game/Widgets/textures/Снимок_экрана_2026-04-01_193405': Can't find file.
[2026.04.26-18.38.11:170][536]LogLinker: Warning: [AssetLog] C:\LastStep\PROJECT-LAST-STEP\Playtime_Multiplayer\Content\Widgets\CHOOSE.uasset: Failed to load '/Game/Widgets/textures/Снимок_экрана_2026-04-01_200059': Can't find file.
[2026.04.26-18.38.12:626][536]LogAssetEditorSubsystem: Opening Asset editor for World /Game/Map/Main_Menu.Main_Menu
[2026.04.26-18.38.12:629][536]Cmd: MAP LOAD FILE="../../../../../../LastStep/PROJECT-LAST-STEP/Playtime_Multiplayer/Content/Map/Main_Menu.umap" TEMPLATE=0 SHOWPROGRESS=1 FEATURELEVEL=3
[2026.04.26-18.38.12:632][536]LightingResults: New page: Lighting Build
[2026.04.26-18.38.15:194][536]LogAudioMixer: Display: Audio Buffer Underrun (starvation) detected.
[2026.04.26-18.38.15:194][536]LoadErrors: New page: Loading map: Main_Menu.umap
[2026.04.26-18.38.15:298][536]LogWorld: UWorld::CleanupWorld for MP_Lobby, bSessionEnded=true, bCleanupResources=true
[2026.04.26-18.38.15:301][536]LogSlate: InvalidateAllWidgets triggered.  All widgets were invalidated
[2026.04.26-18.38.15:302][536]MapCheck: New page: Map Check
[2026.04.26-18.38.15:302][536]LightingResults: New page: Lighting Build
[2026.04.26-18.38.15:484][536]LogAudio: Display: Audio Device unregistered from world 'None'.
[2026.04.26-18.38.15:938][536]LogUObjectHash: Compacting FUObjectHashTables data took  15.40ms
[2026.04.26-18.38.16:032][536]LogAudio: Display: Audio Device (ID: 1) registered with world 'Main_Menu'.
[2026.04.26-18.38.16:408][536]LogEditorServer: Finished looking for orphan Actors (0.001 secs)
[2026.04.26-18.38.16:408][536]LogAIModule: Creating AISystem for world Main_Menu
[2026.04.26-18.38.16:562][536]LogUObjectHash: Compacting FUObjectHashTables data took   7.47ms
[2026.04.26-18.38.16:580][536]Cmd: MAP CHECKDEP NOCLEARLOG
[2026.04.26-18.38.16:581][536]MapCheck: Map check complete: 0 Error(s), 0 Warning(s), took 0,731ms to complete.
[2026.04.26-18.38.16:585][536]LogFileHelpers: Loading map 'Main_Menu' took 3.958
[2026.04.26-18.38.25:499][793]LogAssetEditorSubsystem: Opening Asset editor for WidgetBlueprint /Game/MULTIPLAYER/SERVER.SERVER
[2026.04.26-18.38.34:447][920]LogAudioMixer: Display: Audio Buffer Underrun (starvation) detected.
[2026.04.26-18.38.38:783][ 65]LogAssetEditorSubsystem: Opening Asset editor for WidgetBlueprint /Game/MULTIPLAYER/SERVER_LIST.SERVER_LIST
[2026.04.26-18.38.52:000][327]LogAudioMixer: Display: Audio Buffer Underrun (starvation) detected.
[2026.04.26-18.39.08:830][768]LogAudioMixer: Display: Audio Buffer Underrun (starvation) detected.
[2026.04.26-18.39.23:851][241]LogAudioMixer: Display: Audio Buffer Underrun (starvation) detected.
[2026.04.26-18.39.27:789][369]LogAssetEditorSubsystem: Opening Asset editor for WidgetBlueprint /Game/Widgets/choice_play.choice_play
[2026.04.26-18.39.39:516][848]LogAudioMixer: Display: Audio Buffer Underrun (starvation) detected.
[2026.04.26-18.39.50:389][290]LogUObjectHash: Compacting FUObjectHashTables data took  13.57ms
[2026.04.26-18.39.52:247][314]LogAudioMixer: Display: Audio Buffer Underrun (starvation) detected.
[2026.04.26-18.40.15:471][495]LogAudioMixer: Display: Audio Buffer Underrun (starvation) detected.
[2026.04.26-18.40.40:157][867]LogAudioMixer: Display: Audio Buffer Underrun (starvation) detected.
[2026.04.26-18.40.49:385][ 25]LogAudioMixer: Display: Audio Buffer Underrun (starvation) detected.
[2026.04.26-18.41.04:446][ 69]LogAudioMixer: Display: Audio Buffer Underrun (starvation) detected.
[2026.04.26-18.41.24:420][465]LogAudioMixer: Display: Audio Buffer Underrun (starvation) detected.
[2026.04.26-18.41.27:453][515]LogTemp: Repeating last play command: Standalone Game
[2026.04.26-18.41.28:757][515]LogUObjectHash: Compacting FUObjectHashTables data took 137.33ms
[2026.04.26-18.41.36:399][539]LogAudioMixer: Display: Audio Buffer Underrun (starvation) detected.
[2026.04.26-18.41.49:254][649]LogAudioMixer: Display: Audio Buffer Underrun (starvation) detected.
[2026.04.26-18.41.59:328][839]LogAudioMixer: Display: Audio Buffer Underrun (starvation) detected.
[2026.04.26-18.42.16:626][289]LogAudioMixer: Display: Audio Buffer Underrun (starvation) detected.
[2026.04.26-18.42.33:427][413]LogAudioMixer: Display: Audio Buffer Underrun (starvation) detected.
[2026.04.26-18.42.49:259][658]LogAudioMixer: Display: Audio Buffer Underrun (starvation) detected.
[2026.04.26-18.43.02:336][927]LogAudioMixer: Display: Audio Buffer Underrun (starvation) detected.
[2026.04.26-18.43.09:765][ 95]LogSelectionDetails: Warning: NavigateToFunctionSource:  Unable to find symbols for 'UGameplayStatics::OpenLevel' [Элемент не найден.]
[2026.04.26-18.43.26:909][394]LogAudioMixer: Display: Audio Buffer Underrun (starvation) detected.
[2026.04.26-18.43.36:281][610]BlueprintLog: New page: Compile choice_play
[2026.04.26-18.43.37:088][610]LogUObjectHash: Compacting FUObjectHashTables data took  17.19ms
[2026.04.26-18.43.43:497][754]LogTemp: Repeating last play command: Standalone Game
[2026.04.26-18.43.43:764][754]LogUObjectHash: Compacting FUObjectHashTables data took  24.61ms
[2026.04.26-18.43.46:224][754]LogSlate: Window 'Save Content' being destroyed
[2026.04.26-18.43.46:319][754]Cmd: OBJ SAVEPACKAGE PACKAGE="/Game/Widgets/choice_play" FILE="../../../../../../LastStep/PROJECT-LAST-STEP/Playtime_Multiplayer/Content/Widgets/choice_play.uasset" SILENT=true
[2026.04.26-18.43.46:409][754]LogSavePackage: Moving '../../../../../../LastStep/PROJECT-LAST-STEP/Playtime_Multiplayer/Saved/choice_playACA535D6451E3F29A62B62ABA5B67838.tmp' to '../../../../../../LastStep/PROJECT-LAST-STEP/Playtime_Multiplayer/Content/Widgets/choice_play.uasset'
[2026.04.26-18.43.46:535][755]AssetCheck: New page: Asset Save: choice_play
[2026.04.26-18.43.46:535][755]LogContentValidation: Display: Validating WidgetBlueprint /Game/Widgets/choice_play.choice_play
[2026.04.26-18.43.52:761][858]LogAudioMixer: Display: Audio Buffer Underrun (starvation) detected.
[2026.04.26-18.44.04:021][942]LogAudioMixer: Display: Audio Buffer Underrun (starvation) detected.
[2026.04.26-18.44.17:247][ 43]LogAudioMixer: Display: Audio Buffer Underrun (starvation) detected.
[2026.04.26-18.44.36:528][310]LogAudioMixer: Display: Audio Buffer Underrun (starvation) detected.
[2026.04.26-18.44.47:188][351]LogAudioMixer: Display: Audio Buffer Underrun (starvation) detected.
[2026.04.26-18.44.47:189][351]LogD3D11RHI: Timed out while waiting for GPU to catch up. (0.5 s) (ErrorCode 00000001) (00000000)
[2026.04.26-18.44.58:641][403]LogAudioMixer: Display: Audio Buffer Underrun (starvation) detected.
[2026.04.26-18.45.07:417][661]LogTemp: Repeating last play command: Standalone Game
[2026.04.26-18.45.07:667][661]LogUObjectHash: Compacting FUObjectHashTables data took  11.62ms
[2026.04.26-18.45.09:117][661]LogSlate: Window 'Save Content' being destroyed
[2026.04.26-18.45.09:190][661]Cmd: OBJ SAVEPACKAGE PACKAGE="/Game/Widgets/choice_play" FILE="../../../../../../LastStep/PROJECT-LAST-STEP/Playtime_Multiplayer/Content/Widgets/choice_play.uasset" SILENT=true
[2026.04.26-18.45.09:239][661]LogSavePackage: Moving '../../../../../../LastStep/PROJECT-LAST-STEP/Playtime_Multiplayer/Saved/choice_play44C665AA489EBDD3FA4356AB6A28C5A9.tmp' to '../../../../../../LastStep/PROJECT-LAST-STEP/Playtime_Multiplayer/Content/Widgets/choice_play.uasset'
[2026.04.26-18.45.09:317][662]AssetCheck: New page: Asset Save: choice_play
[2026.04.26-18.45.09:317][662]LogContentValidation: Display: Validating WidgetBlueprint /Game/Widgets/choice_play.choice_play
[2026.04.26-18.45.11:068][689]LogAudioMixer: Display: Audio Buffer Underrun (starvation) detected.
[2026.04.26-18.45.25:966][824]LogAudioMixer: Display: Audio Buffer Underrun (starvation) detected.
[2026.04.26-18.45.40:083][ 25]LogAudioMixer: Display: Audio Buffer Underrun (starvation) detected.
[2026.04.26-18.45.57:411][385]LogAudioMixer: Display: Audio Buffer Underrun (starvation) detected.
[2026.04.26-18.46.15:597][907]LogAudioMixer: Display: Audio Buffer Underrun (starvation) detected.
[2026.04.26-18.46.29:592][168]LogAudioMixer: Display: Audio Buffer Underrun (starvation) detected.
[2026.04.26-18.46.42:286][534]LogAudioMixer: Display: Audio Buffer Underrun (starvation) detected.
[2026.04.26-18.46.57:411][940]LogSlate: Only BGRA pngs, bmps or icos are supported in by External Image Picker
[2026.04.26-18.47.13:623][602]LogAudioMixer: Display: Audio Buffer Underrun (starvation) detected.
[2026.04.26-18.47.33:403][613]LogAudioMixer: Display: Audio Buffer Underrun (starvation) detected.
[2026.04.26-18.47.52:070][547]LogAudioMixer: Display: Audio Buffer Underrun (starvation) detected.
[2026.04.26-18.48.05:807][918]LogAudioMixer: Display: Audio Buffer Underrun (starvation) detected.
[2026.04.26-18.48.28:196][630]LogAudioMixer: Display: Audio Buffer Underrun (starvation) detected.
[2026.04.26-18.48.37:691][907]LogTemp: Repeating last play command: Standalone Game
[2026.04.26-18.48.38:545][907]LogUObjectHash: Compacting FUObjectHashTables data took  19.28ms
[2026.04.26-18.48.44:825][976]LogAudioMixer: Display: Audio Buffer Underrun (starvation) detected.
[2026.04.26-18.49.04:627][270]LogAudioMixer: Display: Audio Buffer Underrun (starvation) detected.
[2026.04.26-18.49.27:604][674]LogAudioMixer: Display: Audio Buffer Underrun (starvation) detected.
[2026.04.26-18.49.45:247][908]LogAudioMixer: Display: Audio Buffer Underrun (starvation) detected.
[2026.04.26-18.50.05:127][978]LogAudioMixer: Display: Audio Buffer Underrun (starvation) detected.
[2026.04.26-18.50.13:331][ 56]LogD3D11RHI: Timed out while waiting for GPU to catch up. (0.5 s) (ErrorCode 00000001) (00000000)
[2026.04.26-18.50.16:865][ 68]LogAudioMixer: Display: Audio Buffer Underrun (starvation) detected.
[2026.04.26-18.50.35:420][268]LogAudioMixer: Display: Audio Buffer Underrun (starvation) detected.
[2026.04.26-18.50.58:243][399]LogAudioMixer: Display: Audio Buffer Underrun (starvation) detected.
[2026.04.26-18.51.21:180][513]LogAudioMixer: Display: Audio Buffer Underrun (starvation) detected.
[2026.04.26-18.51.21:204][513]LogD3D11RHI: Timed out while waiting for GPU to catch up. (0.5 s) (ErrorCode 00000001) (00000000)
[2026.04.26-18.51.36:543][806]LogAudioMixer: Display: Audio Buffer Underrun (starvation) detected.
[2026.04.26-18.51.49:066][186]LogSlate: Window 'Add Content to the Project' being destroyed
[2026.04.26-18.51.51:711][231]LogAudioMixer: Display: Audio Buffer Underrun (starvation) detected.
[2026.04.26-18.52.12:952][832]LogAudioMixer: Display: Audio Buffer Underrun (starvation) detected.
[2026.04.26-18.52.23:934][119]LogAudioMixer: Display: Audio Buffer Underrun (starvation) detected.
[2026.04.26-18.52.29:675][253]LogContentBrowser: Deferred new asset file creation: NewWorld
[2026.04.26-18.52.29:775][253]LogContentBrowser: Creating deferred item: NewWorld
[2026.04.26-18.52.30:410][273]LogContentBrowser: Attempting asset rename: NewWorld -> Minimal_Default
[2026.04.26-18.52.30:519][273]LogContentBrowser: End creating deferred item NewWorld
[2026.04.26-18.52.34:548][397]LogUObjectHash: Compacting FUObjectHashTables data took  13.63ms
[2026.04.26-18.52.35:504][397]LogSlate: Window 'Save Content' being destroyed
[2026.04.26-18.52.35:815][397]LogUObjectHash: Compacting FUObjectHashTables data took   4.66ms
[2026.04.26-18.52.35:854][397]LogSavePackage: Moving '../../../../../../LastStep/PROJECT-LAST-STEP/Playtime_Multiplayer/Saved/Minimal_DefaultDEA9212744830759E3AD73A67272B2C3.tmp' to '../../../../../../LastStep/PROJECT-LAST-STEP/Playtime_Multiplayer/Content/StarterContent/Maps/Minimal_Default.umap'
[2026.04.26-18.52.35:862][397]LogFileHelpers: Saving map 'Minimal_Default' took 0.266
[2026.04.26-18.52.35:941][397]AssetCheck: New page: Asset Save: Minimal_Default
[2026.04.26-18.52.35:941][397]LogContentValidation: Display: Validating World /Game/StarterContent/Maps/Minimal_Default.Minimal_Default
[2026.04.26-18.52.37:927][446]LogAudioMixer: Display: Audio Buffer Underrun (starvation) detected.
[2026.04.26-18.52.40:391][525]LogTemp: Repeating last play command: Standalone Game
[2026.04.26-18.52.40:593][525]LogUObjectHash: Compacting FUObjectHashTables data took   2.63ms
[2026.04.26-18.53.03:605][836]LogAudioMixer: Display: Audio Buffer Underrun (starvation) detected.
[2026.04.26-18.53.13:778][966]LogAudioMixer: Display: Audio Buffer Underrun (starvation) detected.
[2026.04.26-18.53.33:636][113]LogAudioMixer: Display: Audio Buffer Underrun (starvation) detected.
[2026.04.26-18.53.33:636][113]LogD3D11RHI: Timed out while waiting for GPU to catch up. (0.5 s) (ErrorCode 00000001) (00000000)
[2026.04.26-18.53.51:890][260]LogAudioMixer: Display: Audio Buffer Underrun (starvation) detected.
[2026.04.26-18.54.23:135][671]LogAudioMixer: Display: Audio Buffer Underrun (starvation) detected.
[2026.04.26-18.54.34:351][742]LogAudioMixer: Display: Audio Buffer Underrun (starvation) detected.
[2026.04.26-18.54.51:100][927]LogAudioMixer: Display: Audio Buffer Underrun (starvation) detected.
[2026.04.26-18.55.03:207][225]BlueprintLog: New page: Pre-Play auto-recompile
[2026.04.26-18.55.03:265][225]LogPlayLevel: [PlayLevel] Compiling choice_play before play...
[2026.04.26-18.55.04:084][225]LogUObjectHash: Compacting FUObjectHashTables data took  20.04ms
[2026.04.26-18.55.04:092][225]LogPlayLevel: PlayLevel: Blueprint regeneration took 887 ms (1 blueprints)
[2026.04.26-18.55.04:100][225]PIE: New page: PIE session: Main_Menu (26 апр. 2026 г., 22:55:04)
[2026.04.26-18.55.04:113][225]LogPlayLevel: Creating play world package: /Game/Map/UEDPIE_0_Main_Menu
[2026.04.26-18.55.04:150][225]LogPlayLevel: PIE: StaticDuplicateObject took: (0.035843s)
[2026.04.26-18.55.04:159][225]LogAIModule: Creating AISystem for world Main_Menu
[2026.04.26-18.55.04:163][225]LogPlayLevel: PIE: World Init took: (0.013228s)
[2026.04.26-18.55.04:163][225]LogPlayLevel: PIE: Created PIE world by copying editor world from /Game/Map/Main_Menu.Main_Menu to /Game/Map/UEDPIE_0_Main_Menu.Main_Menu (0.050196s)
[2026.04.26-18.55.04:294][225]LogUObjectHash: Compacting FUObjectHashTables data took   8.94ms
[2026.04.26-18.55.04:297][225]LogAudio: Display: Creating Audio Device:                 Id: 57, Scope: Unique, Realtime: True
[2026.04.26-18.55.04:298][225]LogAudioMixer: Display: Audio Mixer Platform Settings:
[2026.04.26-18.55.04:299][225]LogAudioMixer: Display: 	Sample Rate:						  48000
[2026.04.26-18.55.04:299][225]LogAudioMixer: Display: 	Callback Buffer Frame Size Requested: 512
[2026.04.26-18.55.04:299][225]LogAudioMixer: Display: 	Callback Buffer Frame Size To Use:	  512
[2026.04.26-18.55.04:299][225]LogAudioMixer: Display: 	Number of buffers to queue:			  1
[2026.04.26-18.55.04:299][225]LogAudioMixer: Display: 	Max Channels (voices):				  0
[2026.04.26-18.55.04:299][225]LogAudioMixer: Display: 	Number of Async Source Workers:		  4
[2026.04.26-18.55.04:299][225]LogAudio: Display: AudioDevice MaxSources: 32
[2026.04.26-18.55.04:301][225]LogAudio: Display: Audio Spatialization Plugin: None (built-in).
[2026.04.26-18.55.04:301][225]LogAudio: Display: Audio Reverb Plugin: None (built-in).
[2026.04.26-18.55.04:301][225]LogAudio: Display: Audio Occlusion Plugin: None (built-in).
[2026.04.26-18.55.04:301][225]LogAudioMixer: Display: Initializing audio mixer.
[2026.04.26-18.55.04:314][225]LogAudioMixer: Display: 0: FrontLeft
[2026.04.26-18.55.04:314][225]LogAudioMixer: Display: 1: FrontRight
[2026.04.26-18.55.04:331][225]LogAudioMixer: Display: Using Audio Device Voicemeeter VAIO3 Input (VB-Audio Voicemeeter VAIO)
[2026.04.26-18.55.04:338][225]LogAudioMixer: Display: Initializing Sound Submixes...
[2026.04.26-18.55.04:338][225]LogAudioMixer: Display: Creating Master Submix 'MasterSubmixDefault'
[2026.04.26-18.55.04:339][225]LogAudioMixer: Display: Creating Master Submix 'MasterReverbSubmixDefault'
[2026.04.26-18.55.04:344][225]LogAudioMixer: Display: Creating Master Submix 'MasterEQSubmixDefault'
[2026.04.26-18.55.04:344][225]LogAudioMixer: FMixerPlatformXAudio2::StartAudioStream() called
[2026.04.26-18.55.04:344][225]LogAudioMixer: Display: Output buffers initialized: Frames=512, Channels=2, Samples=1024
[2026.04.26-18.55.04:349][225]LogAudioMixer: Display: Starting AudioMixerPlatformInterface::RunInternal()
[2026.04.26-18.55.04:350][225]LogAudioMixer: Display: FMixerPlatformXAudio2::SubmitBuffer() called for the first time
[2026.04.26-18.55.04:350][225]LogInit: FAudioDevice initialized.
[2026.04.26-18.55.04:350][225]LogAudio: Display: Audio Device (ID: 57) registered with world 'Main_Menu'.
[2026.04.26-18.55.04:351][225]PIE: Warning: UGameViewportClient::AddCursor: Could not load cursor class 'UI_Cursor_C'.
[2026.04.26-18.55.04:459][225]LogLoad: Game class is 'FirstPersonGameMode_C'
[2026.04.26-18.55.04:473][225]LogWorld: Bringing World /Game/Map/UEDPIE_0_Main_Menu.Main_Menu up for play (max tick rate 60) at 2026.04.26-20.55.04
[2026.04.26-18.55.04:474][225]LogWorld: Bringing up level for play took: 0.012339
[2026.04.26-18.55.04:477][225]LogOnline: OSS: Creating online subsystem instance for: :Context_82
[2026.04.26-18.55.04:499][225]LogVoiceEncode: Display: EncoderVersion: libopus unknown
[2026.04.26-18.55.04:499][225]LogOnlineVoice: OSS: StopLocalVoiceProcessing(0) returned 0xFFFFFFFF
[2026.04.26-18.55.04:499][225]LogOnlineVoice: OSS: Stopping networked voice for user: 0
[2026.04.26-18.55.04:539][225]LogNet: ReplicationDriverClass is null! Not using ReplicationDriver.
[2026.04.26-18.55.04:539][225]LogNetCore: DDoS detection status: detection enabled: 0 analytics enabled: 0
[2026.04.26-18.55.04:540][225]LogInit: WinSock: Socket queue. Rx: 131072 (config 131072) Tx: 131072 (config 131072)
[2026.04.26-18.55.04:541][225]LogNet: Created socket for bind address: 0.0.0.0 on port 17777
[2026.04.26-18.55.04:542][225]PacketHandlerLog: Loaded PacketHandler component: Engine.EngineHandlerComponentFactory (StatelessConnectHandlerComponent)
[2026.04.26-18.55.04:543][225]LogNet: GameNetDriver IpNetDriver_0 IpNetDriver listening on port 17777
[2026.04.26-18.55.04:549][225]PIE: Server logged in
[2026.04.26-18.55.04:552][225]PIE: Play in editor total start time 1,372 seconds.
[2026.04.26-18.55.04:561][225]LogAudio: Display: Creating Audio Device:                 Id: 58, Scope: Unique, Realtime: True
[2026.04.26-18.55.04:561][225]LogAudioMixer: Display: Audio Mixer Platform Settings:
[2026.04.26-18.55.04:561][225]LogAudioMixer: Display: 	Sample Rate:						  48000
[2026.04.26-18.55.04:561][225]LogAudioMixer: Display: 	Callback Buffer Frame Size Requested: 512
[2026.04.26-18.55.04:561][225]LogAudioMixer: Display: 	Callback Buffer Frame Size To Use:	  512
[2026.04.26-18.55.04:561][225]LogAudioMixer: Display: 	Number of buffers to queue:			  1
[2026.04.26-18.55.04:561][225]LogAudioMixer: Display: 	Max Channels (voices):				  0
[2026.04.26-18.55.04:561][225]LogAudioMixer: Display: 	Number of Async Source Workers:		  4
[2026.04.26-18.55.04:561][225]LogAudio: Display: AudioDevice MaxSources: 32
[2026.04.26-18.55.04:563][225]LogAudio: Display: Audio Spatialization Plugin: None (built-in).
[2026.04.26-18.55.04:563][225]LogAudio: Display: Audio Reverb Plugin: None (built-in).
[2026.04.26-18.55.04:563][225]LogAudio: Display: Audio Occlusion Plugin: None (built-in).
[2026.04.26-18.55.04:563][225]LogAudioMixer: Display: Initializing audio mixer.
[2026.04.26-18.55.04:569][225]LogAudioMixer: Display: 0: FrontLeft
[2026.04.26-18.55.04:569][225]LogAudioMixer: Display: 1: FrontRight
[2026.04.26-18.55.04:581][225]LogAudioMixer: Display: Using Audio Device Voicemeeter VAIO3 Input (VB-Audio Voicemeeter VAIO)
[2026.04.26-18.55.04:592][225]LogAudioMixer: Display: Initializing Sound Submixes...
[2026.04.26-18.55.04:592][225]LogAudioMixer: Display: Creating Master Submix 'MasterSubmixDefault'
[2026.04.26-18.55.04:592][225]LogAudioMixer: Display: Creating Master Submix 'MasterReverbSubmixDefault'
[2026.04.26-18.55.04:600][225]LogAudioMixer: Display: Creating Master Submix 'MasterEQSubmixDefault'
[2026.04.26-18.55.04:600][225]LogAudioMixer: FMixerPlatformXAudio2::StartAudioStream() called
[2026.04.26-18.55.04:600][225]LogAudioMixer: Display: Output buffers initialized: Frames=512, Channels=2, Samples=1024
[2026.04.26-18.55.04:604][225]LogAudioMixer: Display: Starting AudioMixerPlatformInterface::RunInternal()
[2026.04.26-18.55.04:604][225]LogAudioMixer: Display: FMixerPlatformXAudio2::SubmitBuffer() called for the first time
[2026.04.26-18.55.04:604][225]LogInit: FAudioDevice initialized.
[2026.04.26-18.55.04:604][225]LogAudio: Display: Audio Device (ID: 58) registered with world 'Untitled'.
[2026.04.26-18.55.04:605][225]PIE: Warning: UGameViewportClient::AddCursor: Could not load cursor class 'UI_Cursor_C'.
[2026.04.26-18.55.04:667][225]LogSlate: Updating window title bar state: overlay mode, drag disabled, window buttons hidden, title bar hidden
[2026.04.26-18.55.04:669][225]LogNet: Browse: 127.0.0.1:17777/Game/StarterContent/Maps/Minimal_Default
[2026.04.26-18.55.04:669][225]LogInit: WinSock: Socket queue. Rx: 32768 (config 32768) Tx: 32768 (config 32768)
[2026.04.26-18.55.04:669][225]LogNet: Created socket for bind address: 0.0.0.0 on port 0
[2026.04.26-18.55.04:672][225]PacketHandlerLog: Loaded PacketHandler component: Engine.EngineHandlerComponentFactory (StatelessConnectHandlerComponent)
[2026.04.26-18.55.04:672][225]LogNet: Game client on port 17777, rate 100000
[2026.04.26-18.55.04:694][225]PIE: Client logged in
[2026.04.26-18.55.04:696][225]PIE: Play in editor total start time 1,517 seconds.
[2026.04.26-18.55.06:061][227]LogNet: NotifyAcceptingConnection accepted from: 127.0.0.1:61987
[2026.04.26-18.55.06:063][227]LogHandshake: SendConnectChallenge. Timestamp: 2.967054, Cookie: 053026069018168132131253077223199125010140032036202038110019
[2026.04.26-18.55.06:068][227]LogHandshake: SendChallengeResponse. Timestamp: 2.967054, Cookie: 053026069018168132131253077223199125010140032036202038110019
[2026.04.26-18.55.06:103][228]LogNet: NotifyAcceptingConnection accepted from: 127.0.0.1:61987
[2026.04.26-18.55.06:103][228]LogHandshake: SendChallengeAck. InCookie: 053026069018168132131253077223199125010140032036202038110019
[2026.04.26-18.55.06:103][228]LogNet: Server accepting post-challenge connection from: 127.0.0.1:61987
[2026.04.26-18.55.06:106][228]PacketHandlerLog: Loaded PacketHandler component: Engine.EngineHandlerComponentFactory (StatelessConnectHandlerComponent)
[2026.04.26-18.55.06:158][228]LogNet: NotifyAcceptedConnection: Name: Main_Menu, TimeStamp: 04/26/26 20:55:06, [UNetConnection] RemoteAddr: 127.0.0.1:61987, Name: IpConnection_1, Driver: GameNetDriver IpNetDriver_0, IsServer: YES, PC: NULL, Owner: NULL, UniqueId: INVALID
[2026.04.26-18.55.06:158][228]LogNet: AddClientConnection: Added client connection: [UNetConnection] RemoteAddr: 127.0.0.1:61987, Name: IpConnection_1, Driver: GameNetDriver IpNetDriver_0, IsServer: YES, PC: NULL, Owner: NULL, UniqueId: INVALID
[2026.04.26-18.55.06:160][228]LogNetVersion: Playtime_Multiplayer 1.0.0.0, NetCL: 17155196, EngineNetVer: 17, GameNetVer: 0 (Checksum: 3705570869)
[2026.04.26-18.55.06:160][228]LogNet: UPendingNetGame::SendInitialJoin: Sending hello. [UNetConnection] RemoteAddr: 127.0.0.1:17777, Name: IpConnection_0, Driver: PendingNetDriver IpNetDriver_1, IsServer: NO, PC: NULL, Owner: NULL, UniqueId: INVALID
[2026.04.26-18.55.06:184][229]LogNet: NotifyAcceptingChannel Control 0 server World /Game/Map/UEDPIE_0_Main_Menu.Main_Menu: Accepted
[2026.04.26-18.55.06:185][229]LogNet: Remote platform little endian=1
[2026.04.26-18.55.06:185][229]LogNet: This platform little endian=1
[2026.04.26-18.55.06:187][229]LogOnline: OSS: Creating online subsystem instance for: :Context_83
[2026.04.26-18.55.06:215][230]LogNet: Login request: ?Name=SIBIDI-0DC64C3E470C54BCCF961CBD5E15898C userId: NULL:SIBIDI-0DC64C3E470C54BCCF961CBD5E15898C platform: NULL
[2026.04.26-18.55.06:217][230]LogNet: Welcomed by server (Level: /Game/Map/UEDPIE_0_Main_Menu, Game: /Game/FirstPerson/FirstPersonBP/Blueprints/FirstPersonGameMode.FirstPersonGameMode_C)
[2026.04.26-18.55.06:218][230]LogLoad: LoadMap: 127.0.0.1:17777/Game/Map/UEDPIE_0_Main_Menu?game=/Game/FirstPerson/FirstPersonBP/Blueprints/FirstPersonGameMode.FirstPersonGameMode_C
[2026.04.26-18.55.06:218][230]LogWorld: BeginTearingDown for /Temp/Untitled_1
[2026.04.26-18.55.06:219][230]LogWorld: UWorld::CleanupWorld for Untitled, bSessionEnded=true, bCleanupResources=true
[2026.04.26-18.55.06:219][230]LogSlate: InvalidateAllWidgets triggered.  All widgets were invalidated
[2026.04.26-18.55.06:371][230]LogAudio: Display: Audio Device unregistered from world 'None'.
[2026.04.26-18.55.06:721][230]LogUObjectHash: Compacting FUObjectHashTables data took  13.94ms
[2026.04.26-18.55.06:731][230]LogAudio: Display: Audio Device (ID: 58) registered with world 'Main_Menu'.
[2026.04.26-18.55.06:732][230]LogAIModule: Creating AISystem for world Main_Menu
[2026.04.26-18.55.06:744][230]LogWorld: Bringing World /Game/Map/UEDPIE_1_Main_Menu.Main_Menu up for play (max tick rate 60) at 2026.04.26-20.55.06
[2026.04.26-18.55.06:746][230]LogWorld: Bringing up level for play took: 0.006340
[2026.04.26-18.55.06:749][230]LogLoad: Took 0.531026 seconds to LoadMap(/Game/Map/UEDPIE_0_Main_Menu)
[2026.04.26-18.55.06:751][230]LogNavigation: Warning: NavData RegistrationFailed_DataPendingKill.
[2026.04.26-18.55.06:751][230]LogVoiceEncode: Display: EncoderVersion: libopus unknown
[2026.04.26-18.55.06:906][231]LogNet: Client netspeed is 100000
[2026.04.26-18.55.06:906][231]LogNet: Join request: /Game/StarterContent/Maps/Minimal_Default?Name=SIBIDI-0DC64C3E470C54BCCF961CBD5E15898C?SplitscreenCount=1
[2026.04.26-18.55.06:906][231]LogOnlineSession: Warning: OSS: No game present to join for session (GameSession)
[2026.04.26-18.55.06:932][231]LogSpawn: Warning: SpawnActor failed because of collision at the spawn location [X=-581.003 Y=-153.805 Z=132.261] for [BP_NetworkCharacter_C]
[2026.04.26-18.55.06:934][231]LogGameMode: Warning: SpawnDefaultPawnAtTransform: Couldn't spawn Pawn of type BP_NetworkCharacter_C at Rotation: Pitch 0.000000 Yaw -14.701546 Roll 0.000000
Translation: -581.002686 -153.804749 132.261230
Scale3D: 1.000000 1.000000 1.000000

[2026.04.26-18.55.06:934][231]LogNet: Join succeeded: SIBIDI-0DC64C3E470C5
[2026.04.26-18.55.06:945][231]LogOnlineVoice: OSS: StopLocalVoiceProcessing(0) returned 0xFFFFFFFF
[2026.04.26-18.55.06:945][231]LogOnlineVoice: OSS: Stopping networked voice for user: 0
[2026.04.26-18.55.06:999][231]LogSlate: Updating window title bar state: overlay mode, drag disabled, window buttons hidden, title bar hidden
[2026.04.26-18.55.07:000][231]LogWorld: BeginTearingDown for /Game/Map/UEDPIE_1_Main_Menu
[2026.04.26-18.55.07:000][231]LogSlate: Window 'Playtime_Multiplayer Preview [NetMode: Client 1]  (64-bit/Windows) ' being destroyed
[2026.04.26-18.55.07:016][231]LogWorld: UWorld::CleanupWorld for Main_Menu, bSessionEnded=true, bCleanupResources=true
[2026.04.26-18.55.07:016][231]LogSlate: InvalidateAllWidgets triggered.  All widgets were invalidated
[2026.04.26-18.55.07:032][231]LogNet: World NetDriver shutdown IpNetDriver_1 [GameNetDriver]
[2026.04.26-18.55.07:032][231]LogNet: DestroyNamedNetDriver IpNetDriver_1 [GameNetDriver]
[2026.04.26-18.55.07:032][231]LogNet: UNetConnection::Close: [UNetConnection] RemoteAddr: 127.0.0.1:17777, Name: IpConnection_0, Driver: GameNetDriver IpNetDriver_1, IsServer: NO, PC: BP_DefaultController_C_0, Owner: BP_DefaultController_C_0, UniqueId: NULL:SIBIDI-0DC64C3E470C54BCCF961CBD5E15898C, Channels: 3, Time: 2026.04.26-18.55.07
[2026.04.26-18.55.07:033][231]LogNet: UChannel::Close: Sending CloseBunch. ChIndex == 0. Name: [UChannel] ChIndex: 0, Closing: 0 [UNetConnection] RemoteAddr: 127.0.0.1:17777, Name: IpConnection_0, Driver: GameNetDriver IpNetDriver_1, IsServer: NO, PC: BP_DefaultController_C_0, Owner: BP_DefaultController_C_0, UniqueId: NULL:SIBIDI-0DC64C3E470C54BCCF961CBD5E15898C
[2026.04.26-18.55.07:033][231]LogExit: GameNetDriver IpNetDriver_1 shut down
[2026.04.26-18.55.07:037][231]LogWorld: BeginTearingDown for /Game/Map/UEDPIE_0_Main_Menu
[2026.04.26-18.55.07:037][231]LogOnlineSession: Warning: OSS: No game present to leave for session (GameSession)
[2026.04.26-18.55.07:038][231]LogSlate: Updating window title bar state: overlay mode, drag disabled, window buttons hidden, title bar hidden
[2026.04.26-18.55.07:039][231]LogWorld: UWorld::CleanupWorld for Main_Menu, bSessionEnded=true, bCleanupResources=true
[2026.04.26-18.55.07:040][231]LogSlate: InvalidateAllWidgets triggered.  All widgets were invalidated
[2026.04.26-18.55.07:056][231]LogNet: World NetDriver shutdown IpNetDriver_0 [GameNetDriver]
[2026.04.26-18.55.07:056][231]LogNet: DestroyNamedNetDriver IpNetDriver_0 [GameNetDriver]
[2026.04.26-18.55.07:056][231]LogNet: UNetConnection::Cleanup: Closing open connection. [UNetConnection] RemoteAddr: 127.0.0.1:61987, Name: IpConnection_1, Driver: GameNetDriver IpNetDriver_0, IsServer: YES, PC: BP_DefaultController_C_1, Owner: BP_DefaultController_C_1, UniqueId: NULL:SIBIDI-0DC64C3E470C54BCCF961CBD5E15898C
[2026.04.26-18.55.07:056][231]LogNet: UNetConnection::Close: [UNetConnection] RemoteAddr: 127.0.0.1:61987, Name: IpConnection_1, Driver: GameNetDriver IpNetDriver_0, IsServer: YES, PC: BP_DefaultController_C_1, Owner: BP_DefaultController_C_1, UniqueId: NULL:SIBIDI-0DC64C3E470C54BCCF961CBD5E15898C, Channels: 3, Time: 2026.04.26-18.55.07
[2026.04.26-18.55.07:056][231]LogNet: UChannel::Close: Sending CloseBunch. ChIndex == 0. Name: [UChannel] ChIndex: 0, Closing: 0 [UNetConnection] RemoteAddr: 127.0.0.1:61987, Name: IpConnection_1, Driver: GameNetDriver IpNetDriver_0, IsServer: YES, PC: BP_DefaultController_C_1, Owner: BP_DefaultController_C_1, UniqueId: NULL:SIBIDI-0DC64C3E470C54BCCF961CBD5E15898C
[2026.04.26-18.55.07:056][231]LogExit: GameNetDriver IpNetDriver_0 shut down
[2026.04.26-18.55.07:059][231]LogPlayLevel: Display: Shutting down PIE online subsystems
[2026.04.26-18.55.07:072][231]LogSlate: InvalidateAllWidgets triggered.  All widgets were invalidated
[2026.04.26-18.55.07:176][231]LogSlate: Updating window title bar state: overlay mode, drag disabled, window buttons hidden, title bar hidden
[2026.04.26-18.55.07:189][231]LogAudioMixer: FMixerPlatformXAudio2::StopAudioStream() called
[2026.04.26-18.55.07:191][231]LogAudioMixer: FMixerPlatformXAudio2::StopAudioStream() called
[2026.04.26-18.55.07:195][231]LogAudioMixer: FMixerPlatformXAudio2::StopAudioStream() called
[2026.04.26-18.55.07:198][231]LogAudioMixer: FMixerPlatformXAudio2::StopAudioStream() called
[2026.04.26-18.55.07:279][231]LogUObjectHash: Compacting FUObjectHashTables data took   8.75ms
[2026.04.26-18.55.07:415][232]LogPlayLevel: Display: Destroying online subsystem :Context_83
[2026.04.26-18.55.07:417][232]LogPlayLevel: Display: Destroying online subsystem :Context_82
[2026.04.26-18.55.10:751][362]LogAudioMixer: Display: Audio Buffer Underrun (starvation) detected.
[2026.04.26-18.55.13:991][493]LogPlayLevel: PlayLevel: No blueprints needed recompiling
[2026.04.26-18.55.13:991][493]PIE: New page: PIE session: Main_Menu (26 апр. 2026 г., 22:55:13)
[2026.04.26-18.55.14:006][493]LogPlayLevel: Creating play world package: /Game/Map/UEDPIE_0_Main_Menu
[2026.04.26-18.55.14:012][493]LogPlayLevel: PIE: StaticDuplicateObject took: (0.006294s)
[2026.04.26-18.55.14:014][493]LogAIModule: Creating AISystem for world Main_Menu
[2026.04.26-18.55.14:014][493]LogPlayLevel: PIE: World Init took: (0.001571s)
[2026.04.26-18.55.14:014][493]LogPlayLevel: PIE: Created PIE world by copying editor world from /Game/Map/Main_Menu.Main_Menu to /Game/Map/UEDPIE_0_Main_Menu.Main_Menu (0.008125s)
[2026.04.26-18.55.14:130][493]LogUObjectHash: Compacting FUObjectHashTables data took   8.02ms
[2026.04.26-18.55.14:132][493]LogAudio: Display: Creating Audio Device:                 Id: 59, Scope: Unique, Realtime: True
[2026.04.26-18.55.14:132][493]LogAudioMixer: Display: Audio Mixer Platform Settings:
[2026.04.26-18.55.14:132][493]LogAudioMixer: Display: 	Sample Rate:						  48000
[2026.04.26-18.55.14:132][493]LogAudioMixer: Display: 	Callback Buffer Frame Size Requested: 512
[2026.04.26-18.55.14:132][493]LogAudioMixer: Display: 	Callback Buffer Frame Size To Use:	  512
[2026.04.26-18.55.14:133][493]LogAudioMixer: Display: 	Number of buffers to queue:			  1
[2026.04.26-18.55.14:133][493]LogAudioMixer: Display: 	Max Channels (voices):				  0
[2026.04.26-18.55.14:133][493]LogAudioMixer: Display: 	Number of Async Source Workers:		  4
[2026.04.26-18.55.14:133][493]LogAudio: Display: AudioDevice MaxSources: 32
[2026.04.26-18.55.14:134][493]LogAudio: Display: Audio Spatialization Plugin: None (built-in).
[2026.04.26-18.55.14:134][493]LogAudio: Display: Audio Reverb Plugin: None (built-in).
[2026.04.26-18.55.14:134][493]LogAudio: Display: Audio Occlusion Plugin: None (built-in).
[2026.04.26-18.55.14:134][493]LogAudioMixer: Display: Initializing audio mixer.
[2026.04.26-18.55.14:139][493]LogAudioMixer: Display: 0: FrontLeft
[2026.04.26-18.55.14:139][493]LogAudioMixer: Display: 1: FrontRight
[2026.04.26-18.55.14:155][493]LogAudioMixer: Display: Using Audio Device Voicemeeter VAIO3 Input (VB-Audio Voicemeeter VAIO)
[2026.04.26-18.55.14:159][493]LogAudioMixer: Display: Initializing Sound Submixes...
[2026.04.26-18.55.14:159][493]LogAudioMixer: Display: Creating Master Submix 'MasterSubmixDefault'
[2026.04.26-18.55.14:159][493]LogAudioMixer: Display: Creating Master Submix 'MasterReverbSubmixDefault'
[2026.04.26-18.55.14:161][493]LogAudioMixer: Display: Creating Master Submix 'MasterEQSubmixDefault'
[2026.04.26-18.55.14:161][493]LogAudioMixer: FMixerPlatformXAudio2::StartAudioStream() called
[2026.04.26-18.55.14:161][493]LogAudioMixer: Display: Output buffers initialized: Frames=512, Channels=2, Samples=1024
[2026.04.26-18.55.14:164][493]LogAudioMixer: Display: Starting AudioMixerPlatformInterface::RunInternal()
[2026.04.26-18.55.14:164][493]LogAudioMixer: Display: FMixerPlatformXAudio2::SubmitBuffer() called for the first time
[2026.04.26-18.55.14:164][493]LogInit: FAudioDevice initialized.
[2026.04.26-18.55.14:164][493]LogAudio: Display: Audio Device (ID: 59) registered with world 'Main_Menu'.
[2026.04.26-18.55.14:165][493]PIE: Warning: UGameViewportClient::AddCursor: Could not load cursor class 'UI_Cursor_C'.
[2026.04.26-18.55.14:214][493]LogSlate: Updating window title bar state: overlay mode, drag disabled, window buttons hidden, title bar hidden
[2026.04.26-18.55.14:215][493]LogLoad: Game class is 'FirstPersonGameMode_C'
[2026.04.26-18.55.14:219][493]LogWorld: Bringing World /Game/Map/UEDPIE_0_Main_Menu.Main_Menu up for play (max tick rate 60) at 2026.04.26-20.55.14
[2026.04.26-18.55.14:220][493]LogWorld: Bringing up level for play took: 0.003940
[2026.04.26-18.55.14:220][493]LogOnline: OSS: Creating online subsystem instance for: :Context_84
[2026.04.26-18.55.14:224][493]LogVoiceEncode: Display: EncoderVersion: libopus unknown
[2026.04.26-18.55.14:225][493]LogOnlineVoice: OSS: StopLocalVoiceProcessing(0) returned 0xFFFFFFFF
[2026.04.26-18.55.14:225][493]LogOnlineVoice: OSS: Stopping networked voice for user: 0
[2026.04.26-18.55.14:234][493]LogNet: ReplicationDriverClass is null! Not using ReplicationDriver.
[2026.04.26-18.55.14:235][493]LogNetCore: DDoS detection status: detection enabled: 0 analytics enabled: 0
[2026.04.26-18.55.14:235][493]LogInit: WinSock: Socket queue. Rx: 131072 (config 131072) Tx: 131072 (config 131072)
[2026.04.26-18.55.14:235][493]LogNet: Created socket for bind address: 0.0.0.0 on port 17777
[2026.04.26-18.55.14:235][493]PacketHandlerLog: Loaded PacketHandler component: Engine.EngineHandlerComponentFactory (StatelessConnectHandlerComponent)
[2026.04.26-18.55.14:235][493]LogNet: GameNetDriver IpNetDriver_2 IpNetDriver listening on port 17777
[2026.04.26-18.55.14:244][493]PIE: Server logged in
[2026.04.26-18.55.14:248][493]PIE: Play in editor total start time 0,26 seconds.
[2026.04.26-18.55.14:251][493]LogAudio: Display: Creating Audio Device:                 Id: 60, Scope: Unique, Realtime: True
[2026.04.26-18.55.14:251][493]LogAudioMixer: Display: Audio Mixer Platform Settings:
[2026.04.26-18.55.14:251][493]LogAudioMixer: Display: 	Sample Rate:						  48000
[2026.04.26-18.55.14:251][493]LogAudioMixer: Display: 	Callback Buffer Frame Size Requested: 512
[2026.04.26-18.55.14:251][493]LogAudioMixer: Display: 	Callback Buffer Frame Size To Use:	  512
[2026.04.26-18.55.14:251][493]LogAudioMixer: Display: 	Number of buffers to queue:			  1
[2026.04.26-18.55.14:251][493]LogAudioMixer: Display: 	Max Channels (voices):				  0
[2026.04.26-18.55.14:251][493]LogAudioMixer: Display: 	Number of Async Source Workers:		  4
[2026.04.26-18.55.14:251][493]LogAudio: Display: AudioDevice MaxSources: 32
[2026.04.26-18.55.14:252][493]LogAudio: Display: Audio Spatialization Plugin: None (built-in).
[2026.04.26-18.55.14:252][493]LogAudio: Display: Audio Reverb Plugin: None (built-in).
[2026.04.26-18.55.14:252][493]LogAudio: Display: Audio Occlusion Plugin: None (built-in).
[2026.04.26-18.55.14:252][493]LogAudioMixer: Display: Initializing audio mixer.
[2026.04.26-18.55.14:260][493]LogAudioMixer: Display: 0: FrontLeft
[2026.04.26-18.55.14:260][493]LogAudioMixer: Display: 1: FrontRight
[2026.04.26-18.55.14:271][493]LogAudioMixer: Display: Using Audio Device Voicemeeter VAIO3 Input (VB-Audio Voicemeeter VAIO)
[2026.04.26-18.55.14:273][493]LogAudioMixer: Display: Initializing Sound Submixes...
[2026.04.26-18.55.14:273][493]LogAudioMixer: Display: Creating Master Submix 'MasterSubmixDefault'
[2026.04.26-18.55.14:273][493]LogAudioMixer: Display: Creating Master Submix 'MasterReverbSubmixDefault'
[2026.04.26-18.55.14:276][493]LogAudioMixer: Display: Creating Master Submix 'MasterEQSubmixDefault'
[2026.04.26-18.55.14:276][493]LogAudioMixer: FMixerPlatformXAudio2::StartAudioStream() called
[2026.04.26-18.55.14:276][493]LogAudioMixer: Display: Output buffers initialized: Frames=512, Channels=2, Samples=1024
[2026.04.26-18.55.14:277][493]LogAudioMixer: Display: Starting AudioMixerPlatformInterface::RunInternal()
[2026.04.26-18.55.14:278][493]LogAudioMixer: Display: FMixerPlatformXAudio2::SubmitBuffer() called for the first time
[2026.04.26-18.55.14:278][493]LogInit: FAudioDevice initialized.
[2026.04.26-18.55.14:278][493]LogAudio: Display: Audio Device (ID: 60) registered with world 'Untitled'.
[2026.04.26-18.55.14:279][493]PIE: Warning: UGameViewportClient::AddCursor: Could not load cursor class 'UI_Cursor_C'.
[2026.04.26-18.55.14:331][493]LogSlate: Updating window title bar state: overlay mode, drag disabled, window buttons hidden, title bar hidden
[2026.04.26-18.55.14:331][493]LogNet: Browse: 127.0.0.1:17777/Game/StarterContent/Maps/Minimal_Default
[2026.04.26-18.55.14:332][493]LogInit: WinSock: Socket queue. Rx: 32768 (config 32768) Tx: 32768 (config 32768)
[2026.04.26-18.55.14:332][493]LogNet: Created socket for bind address: 0.0.0.0 on port 0
[2026.04.26-18.55.14:332][493]PacketHandlerLog: Loaded PacketHandler component: Engine.EngineHandlerComponentFactory (StatelessConnectHandlerComponent)
[2026.04.26-18.55.14:332][493]LogNet: Game client on port 17777, rate 100000
[2026.04.26-18.55.14:336][493]PIE: Client logged in
[2026.04.26-18.55.14:339][493]PIE: Play in editor total start time 0,351 seconds.
[2026.04.26-18.55.15:357][519]LogNet: NotifyAcceptingConnection accepted from: 127.0.0.1:61990
[2026.04.26-18.55.15:357][519]LogHandshake: SendConnectChallenge. Timestamp: 1.421897, Cookie: 149168076244119175221015081251140189161148249103182186163048
[2026.04.26-18.55.15:362][519]LogHandshake: SendChallengeResponse. Timestamp: 1.421897, Cookie: 149168076244119175221015081251140189161148249103182186163048
[2026.04.26-18.55.15:389][520]LogNet: NotifyAcceptingConnection accepted from: 127.0.0.1:61990
[2026.04.26-18.55.15:389][520]LogHandshake: SendChallengeAck. InCookie: 149168076244119175221015081251140189161148249103182186163048
[2026.04.26-18.55.15:390][520]LogNet: Server accepting post-challenge connection from: 127.0.0.1:61990
[2026.04.26-18.55.15:391][520]PacketHandlerLog: Loaded PacketHandler component: Engine.EngineHandlerComponentFactory (StatelessConnectHandlerComponent)
[2026.04.26-18.55.15:391][520]LogNet: NotifyAcceptedConnection: Name: Main_Menu, TimeStamp: 04/26/26 20:55:15, [UNetConnection] RemoteAddr: 127.0.0.1:61990, Name: IpConnection_3, Driver: GameNetDriver IpNetDriver_2, IsServer: YES, PC: NULL, Owner: NULL, UniqueId: INVALID
[2026.04.26-18.55.15:391][520]LogNet: AddClientConnection: Added client connection: [UNetConnection] RemoteAddr: 127.0.0.1:61990, Name: IpConnection_3, Driver: GameNetDriver IpNetDriver_2, IsServer: YES, PC: NULL, Owner: NULL, UniqueId: INVALID
[2026.04.26-18.55.15:398][520]LogNet: UPendingNetGame::SendInitialJoin: Sending hello. [UNetConnection] RemoteAddr: 127.0.0.1:17777, Name: IpConnection_2, Driver: PendingNetDriver IpNetDriver_3, IsServer: NO, PC: NULL, Owner: NULL, UniqueId: INVALID
[2026.04.26-18.55.15:428][521]LogNet: NotifyAcceptingChannel Control 0 server World /Game/Map/UEDPIE_0_Main_Menu.Main_Menu: Accepted
[2026.04.26-18.55.15:428][521]LogNet: Remote platform little endian=1
[2026.04.26-18.55.15:428][521]LogNet: This platform little endian=1
[2026.04.26-18.55.15:432][521]LogOnline: OSS: Creating online subsystem instance for: :Context_85
[2026.04.26-18.55.15:471][522]LogNet: Login request: ?Name=SIBIDI-3E7B60694532D6DCFC1A689BB05CC004 userId: NULL:SIBIDI-3E7B60694532D6DCFC1A689BB05CC004 platform: NULL
[2026.04.26-18.55.15:479][522]LogNet: Welcomed by server (Level: /Game/Map/UEDPIE_0_Main_Menu, Game: /Game/FirstPerson/FirstPersonBP/Blueprints/FirstPersonGameMode.FirstPersonGameMode_C)
[2026.04.26-18.55.15:479][522]LogLoad: LoadMap: 127.0.0.1:17777/Game/Map/UEDPIE_0_Main_Menu?game=/Game/FirstPerson/FirstPersonBP/Blueprints/FirstPersonGameMode.FirstPersonGameMode_C
[2026.04.26-18.55.15:479][522]LogWorld: BeginTearingDown for /Temp/Untitled_2
[2026.04.26-18.55.15:479][522]LogWorld: UWorld::CleanupWorld for Untitled, bSessionEnded=true, bCleanupResources=true
[2026.04.26-18.55.15:479][522]LogSlate: InvalidateAllWidgets triggered.  All widgets were invalidated
[2026.04.26-18.55.15:619][522]LogAudio: Display: Audio Device unregistered from world 'None'.
[2026.04.26-18.55.15:629][522]LogUObjectHash: Compacting FUObjectHashTables data took   8.96ms
[2026.04.26-18.55.15:640][522]LogAudio: Display: Audio Device (ID: 60) registered with world 'Main_Menu'.
[2026.04.26-18.55.15:645][522]LogAIModule: Creating AISystem for world Main_Menu
[2026.04.26-18.55.15:649][522]LogWorld: Bringing World /Game/Map/UEDPIE_1_Main_Menu.Main_Menu up for play (max tick rate 60) at 2026.04.26-20.55.15
[2026.04.26-18.55.15:651][522]LogWorld: Bringing up level for play took: 0.003140
[2026.04.26-18.55.15:652][522]LogLoad: Took 0.173457 seconds to LoadMap(/Game/Map/UEDPIE_0_Main_Menu)
[2026.04.26-18.55.15:653][522]LogNavigation: Warning: NavData RegistrationFailed_DataPendingKill.
[2026.04.26-18.55.15:653][522]LogVoiceEncode: Display: EncoderVersion: libopus unknown
[2026.04.26-18.55.15:726][523]LogNet: Client netspeed is 100000
[2026.04.26-18.55.15:726][523]LogNet: Join request: /Game/StarterContent/Maps/Minimal_Default?Name=SIBIDI-3E7B60694532D6DCFC1A689BB05CC004?SplitscreenCount=1
[2026.04.26-18.55.15:727][523]LogOnlineSession: Warning: OSS: No game present to join for session (GameSession)
[2026.04.26-18.55.15:737][523]LogNet: Join succeeded: SIBIDI-3E7B60694532D
[2026.04.26-18.55.15:743][523]LogOnlineVoice: OSS: StopLocalVoiceProcessing(0) returned 0xFFFFFFFF
[2026.04.26-18.55.15:743][523]LogOnlineVoice: OSS: Stopping networked voice for user: 0
[2026.04.26-18.55.15:881][525]LogOnlineSession: Warning: OSS: No game present to join for session (GameSession)
[2026.04.26-18.55.15:885][525]LogOnlineSession: Warning: OSS: No game present to join for session (GameSession)
[2026.04.26-18.55.25:526][742]LogOnlineVoice: OSS: StartLocalProcessing(0) returned 0xFFFFFFFF
[2026.04.26-18.55.25:526][742]LogOnlineVoice: OSS: Starting networked voice for user: 0
[2026.04.26-18.55.25:712][742]LogOnlineVoice: OSS: RegisterLocalTalker(0) returned 0x00000000
[2026.04.26-18.55.25:712][742]LogOnlineVoice: OSS: Invalid user specified in RegisterLocalTalker(1)
[2026.04.26-18.55.25:712][742]LogOnlineVoice: OSS: Invalid user specified in RegisterLocalTalker(2)
[2026.04.26-18.55.25:712][742]LogOnlineVoice: OSS: Invalid user specified in RegisterLocalTalker(3)
[2026.04.26-18.55.25:715][742]LogNet: Browse: /Game/Map/MP_Lobby??listen
[2026.04.26-18.55.25:716][742]LogLoad: LoadMap: /Game/Map/MP_Lobby??listen
[2026.04.26-18.55.25:716][742]LogWorld: BeginTearingDown for /Game/Map/UEDPIE_0_Main_Menu
[2026.04.26-18.55.25:716][742]LogNet: World NetDriver shutdown IpNetDriver_2 [GameNetDriver]
[2026.04.26-18.55.25:716][742]LogNet: DestroyNamedNetDriver IpNetDriver_2 [GameNetDriver]
[2026.04.26-18.55.25:717][742]LogNet: UNetConnection::Cleanup: Closing open connection. [UNetConnection] RemoteAddr: 127.0.0.1:61990, Name: IpConnection_3, Driver: GameNetDriver IpNetDriver_2, IsServer: YES, PC: BP_DefaultController_C_1, Owner: BP_DefaultController_C_1, UniqueId: NULL:SIBIDI-3E7B60694532D6DCFC1A689BB05CC004
[2026.04.26-18.55.25:718][742]LogNet: UNetConnection::Close: [UNetConnection] RemoteAddr: 127.0.0.1:61990, Name: IpConnection_3, Driver: GameNetDriver IpNetDriver_2, IsServer: YES, PC: BP_DefaultController_C_1, Owner: BP_DefaultController_C_1, UniqueId: NULL:SIBIDI-3E7B60694532D6DCFC1A689BB05CC004, Channels: 19, Time: 2026.04.26-18.55.25
[2026.04.26-18.55.25:718][742]LogNet: UChannel::Close: Sending CloseBunch. ChIndex == 0. Name: [UChannel] ChIndex: 0, Closing: 0 [UNetConnection] RemoteAddr: 127.0.0.1:61990, Name: IpConnection_3, Driver: GameNetDriver IpNetDriver_2, IsServer: YES, PC: BP_DefaultController_C_1, Owner: BP_DefaultController_C_1, UniqueId: NULL:SIBIDI-3E7B60694532D6DCFC1A689BB05CC004
[2026.04.26-18.55.25:718][742]LogExit: GameNetDriver IpNetDriver_2 shut down
[2026.04.26-18.55.25:719][742]LogWorld: UWorld::CleanupWorld for Main_Menu, bSessionEnded=true, bCleanupResources=true
[2026.04.26-18.55.25:719][742]LogSlate: InvalidateAllWidgets triggered.  All widgets were invalidated
[2026.04.26-18.55.25:875][742]LogAudio: Display: Audio Device unregistered from world 'None'.
[2026.04.26-18.55.25:895][742]LogUObjectHash: Compacting FUObjectHashTables data took  17.58ms
[2026.04.26-18.55.26:055][742]LogAudio: Display: Audio Device (ID: 59) registered with world 'MP_Lobby'.
[2026.04.26-18.55.26:057][742]LogAIModule: Creating AISystem for world MP_Lobby
[2026.04.26-18.55.26:058][742]LogLoad: Game class is 'FirstPersonGameMode_C'
[2026.04.26-18.55.26:059][742]LogNet: ReplicationDriverClass is null! Not using ReplicationDriver.
[2026.04.26-18.55.26:059][742]LogNetCore: DDoS detection status: detection enabled: 0 analytics enabled: 0
[2026.04.26-18.55.26:059][742]LogInit: WinSock: Socket queue. Rx: 131072 (config 131072) Tx: 131072 (config 131072)
[2026.04.26-18.55.26:059][742]LogNet: Created socket for bind address: 0.0.0.0 on port 7777
[2026.04.26-18.55.26:059][742]PacketHandlerLog: Loaded PacketHandler component: Engine.EngineHandlerComponentFactory (StatelessConnectHandlerComponent)
[2026.04.26-18.55.26:059][742]LogNet: GameNetDriver IpNetDriver_4 IpNetDriver listening on port 7777
[2026.04.26-18.55.26:088][742]LogWorld: Bringing World /Game/Map/UEDPIE_0_MP_Lobby.MP_Lobby up for play (max tick rate 60) at 2026.04.26-20.55.26
[2026.04.26-18.55.26:088][742]LogWorld: Bringing up level for play took: 0.028851
[2026.04.26-18.55.26:092][742]LogOnlineVoice: OSS: StopLocalVoiceProcessing(0) returned 0x00000000
[2026.04.26-18.55.26:092][742]LogOnlineVoice: OSS: Stopping networked voice for user: 0
[2026.04.26-18.55.26:101][742]PIE: Error: SetInputMode_UIOnly expects a valid player controller as 'PlayerController' target
[2026.04.26-18.55.26:101][742]LogLoad: Took 0.385727 seconds to LoadMap(/Game/Map/MP_Lobby)
[2026.04.26-18.55.26:108][742]LogNet: Error: UEngine::BroadcastNetworkFailure: FailureType = FailureReceived, ErrorString = Host closed the connection., Driver = GameNetDriver IpNetDriver_3
[2026.04.26-18.55.26:108][742]LogNet: Warning: Network Failure: GameNetDriver[FailureReceived]: Host closed the connection.
[2026.04.26-18.55.26:108][742]LogNet: NetworkFailure: FailureReceived, Error: 'Host closed the connection.'
[2026.04.26-18.55.26:108][742]LogNet: UNetConnection::Close: [UNetConnection] RemoteAddr: 127.0.0.1:17777, Name: IpConnection_2, Driver: GameNetDriver IpNetDriver_3, IsServer: NO, PC: BP_DefaultController_C_0, Owner: BP_DefaultController_C_0, UniqueId: NULL:SIBIDI-3E7B60694532D6DCFC1A689BB05CC004, Channels: 19, Time: 2026.04.26-18.55.26
[2026.04.26-18.55.26:108][742]LogNet: UChannel::Close: Sending CloseBunch. ChIndex == 0. Name: [UChannel] ChIndex: 0, Closing: 0 [UNetConnection] RemoteAddr: 127.0.0.1:17777, Name: IpConnection_2, Driver: GameNetDriver IpNetDriver_3, IsServer: NO, PC: BP_DefaultController_C_0, Owner: BP_DefaultController_C_0, UniqueId: NULL:SIBIDI-3E7B60694532D6DCFC1A689BB05CC004
[2026.04.26-18.55.26:108][742]LogNet: Error: UEngine::BroadcastNetworkFailure: FailureType = ConnectionLost, ErrorString = Your connection to the host has been lost., Driver = GameNetDriver IpNetDriver_3
[2026.04.26-18.55.26:136][743]LogNet: Browse: /Game/StarterContent/Maps/Minimal_Default?closed
[2026.04.26-18.55.26:136][743]LogNet: Connection failed; returning to Entry
[2026.04.26-18.55.26:136][743]LogLoad: LoadMap: /Game/StarterContent/Maps/Minimal_Default?closed
[2026.04.26-18.55.26:136][743]LogWorld: BeginTearingDown for /Game/Map/UEDPIE_1_Main_Menu
[2026.04.26-18.55.26:136][743]LogNet: World NetDriver shutdown IpNetDriver_3 [GameNetDriver]
[2026.04.26-18.55.26:136][743]LogNet: DestroyNamedNetDriver IpNetDriver_3 [GameNetDriver]
[2026.04.26-18.55.26:137][743]LogExit: GameNetDriver IpNetDriver_3 shut down
[2026.04.26-18.55.26:139][743]LogWorld: UWorld::CleanupWorld for Main_Menu, bSessionEnded=true, bCleanupResources=true
[2026.04.26-18.55.26:140][743]LogSlate: InvalidateAllWidgets triggered.  All widgets were invalidated
[2026.04.26-18.55.26:278][743]LogAudio: Display: Audio Device unregistered from world 'None'.
[2026.04.26-18.55.26:517][743]LogUObjectHash: Compacting FUObjectHashTables data took  13.40ms
[2026.04.26-18.55.26:519][743]LogPlayLevel: Creating play world package: /Game/StarterContent/Maps/UEDPIE_1_Minimal_Default
[2026.04.26-18.55.26:520][743]LogPlayLevel: PIE: StaticDuplicateObject took: (0.001111s)
[2026.04.26-18.55.26:523][743]LogAIModule: Creating AISystem for world Minimal_Default
[2026.04.26-18.55.26:525][743]LogPlayLevel: PIE: World Init took: (0.004628s)
[2026.04.26-18.55.26:525][743]LogPlayLevel: PIE: Created PIE world by copying editor world from /Game/StarterContent/Maps/Minimal_Default.Minimal_Default to /Game/StarterContent/Maps/UEDPIE_1_Minimal_Default.Minimal_Default (0.006074s)
[2026.04.26-18.55.26:526][743]LogAudio: Display: Audio Device (ID: 60) registered with world 'Minimal_Default'.
[2026.04.26-18.55.26:526][743]LogLoad: Game class is 'GameModeBase'
[2026.04.26-18.55.26:527][743]LogWorld: Bringing World /Game/StarterContent/Maps/UEDPIE_1_Minimal_Default.Minimal_Default up for play (max tick rate 60) at 2026.04.26-20.55.26
[2026.04.26-18.55.26:527][743]LogWorld: Bringing up level for play took: 0.000575
[2026.04.26-18.55.26:528][743]LogGameMode: FindPlayerStart: PATHS NOT DEFINED or NO PLAYERSTART with positive rating
[2026.04.26-18.55.26:528][743]LogOnlineVoice: OSS: StopLocalVoiceProcessing(0) returned 0xFFFFFFFF
[2026.04.26-18.55.26:528][743]LogOnlineVoice: OSS: Stopping networked voice for user: 0
[2026.04.26-18.55.26:529][743]LogLoad: Took 0.392683 seconds to LoadMap(/Game/StarterContent/Maps/UEDPIE_1_Minimal_Default)
[2026.04.26-18.55.26:658][743]LogUObjectHash: Compacting FUObjectHashTables data took  14.27ms
[2026.04.26-18.55.28:920][790]LogAudioMixer: Display: Audio Buffer Underrun (starvation) detected.
[2026.04.26-18.55.28:921][790]LogAudioMixer: Display: Audio Buffer Underrun (starvation) detected.
[2026.04.26-18.55.41:147][ 97]LogNet: Browse: /Game/Map/Main_Menu
[2026.04.26-18.55.41:147][ 97]LogLoad: LoadMap: /Game/Map/Main_Menu
[2026.04.26-18.55.41:147][ 97]LogWorld: BeginTearingDown for /Game/StarterContent/Maps/UEDPIE_1_Minimal_Default
[2026.04.26-18.55.41:147][ 97]LogWorld: UWorld::CleanupWorld for Minimal_Default, bSessionEnded=true, bCleanupResources=true
[2026.04.26-18.55.41:148][ 97]LogSlate: InvalidateAllWidgets triggered.  All widgets were invalidated
[2026.04.26-18.55.41:278][ 97]LogAudio: Display: Audio Device unregistered from world 'None'.
[2026.04.26-18.55.41:288][ 97]LogUObjectHash: Compacting FUObjectHashTables data took   8.71ms
[2026.04.26-18.55.41:296][ 97]LogPlayLevel: Creating play world package: /Game/Map/UEDPIE_1_Main_Menu
[2026.04.26-18.55.41:302][ 97]LogPlayLevel: PIE: StaticDuplicateObject took: (0.005742s)
[2026.04.26-18.55.41:303][ 97]LogAIModule: Creating AISystem for world Main_Menu
[2026.04.26-18.55.41:304][ 97]LogPlayLevel: PIE: World Init took: (0.002224s)
[2026.04.26-18.55.41:304][ 97]LogPlayLevel: PIE: Created PIE world by copying editor world from /Game/Map/Main_Menu.Main_Menu to /Game/Map/UEDPIE_1_Main_Menu.Main_Menu (0.008326s)
[2026.04.26-18.55.41:304][ 97]LogAudio: Display: Audio Device (ID: 60) registered with world 'Main_Menu'.
[2026.04.26-18.55.41:304][ 97]LogLoad: Game class is 'FirstPersonGameMode_C'
[2026.04.26-18.55.41:306][ 97]LogWorld: Bringing World /Game/Map/UEDPIE_1_Main_Menu.Main_Menu up for play (max tick rate 60) at 2026.04.26-20.55.41
[2026.04.26-18.55.41:307][ 97]LogWorld: Bringing up level for play took: 0.002123
[2026.04.26-18.55.41:309][ 97]LogGameMode: FindPlayerStart: PATHS NOT DEFINED or NO PLAYERSTART with positive rating
[2026.04.26-18.55.41:309][ 97]LogOnlineVoice: OSS: StopLocalVoiceProcessing(0) returned 0xFFFFFFFF
[2026.04.26-18.55.41:309][ 97]LogOnlineVoice: OSS: Stopping networked voice for user: 0
[2026.04.26-18.55.41:314][ 97]LogLoad: Took 0.167466 seconds to LoadMap(/Game/Map/UEDPIE_1_Main_Menu)
[2026.04.26-18.55.48:547][248]LogAudioMixer: Display: Audio Buffer Underrun (starvation) detected.
[2026.04.26-18.55.51:604][316]LogBlueprintUserMessages: [SERVER_LIST_C_0] GOOD
[2026.04.26-18.55.51:818][321]LogOnlineSession: Warning: OSS: Ignoring game search request while one is pending
[2026.04.26-18.55.56:608][432]LogBlueprintUserMessages: [SERVER_LIST_C_0] GOOD
[2026.04.26-18.55.56:608][432]LogBlueprintUserMessages: [SERVER_LIST_C_0] GOOD
[2026.04.26-18.55.59:418][495]LogOnlineVoice: OSS: StartLocalProcessing(0) returned 0xFFFFFFFF
[2026.04.26-18.55.59:419][495]LogOnlineVoice: OSS: Starting networked voice for user: 0
[2026.04.26-18.55.59:456][495]LogOnlineVoice: OSS: RegisterLocalTalker(0) returned 0x00000000
[2026.04.26-18.55.59:456][495]LogOnlineVoice: OSS: Invalid user specified in RegisterLocalTalker(1)
[2026.04.26-18.55.59:457][495]LogOnlineVoice: OSS: Invalid user specified in RegisterLocalTalker(2)
[2026.04.26-18.55.59:457][495]LogOnlineVoice: OSS: Invalid user specified in RegisterLocalTalker(3)
[2026.04.26-18.55.59:457][495]LogOnlineSession: OSS: Join session: traveling to 192.168.0.4:7777
[2026.04.26-18.55.59:457][495]LogBlueprintUserMessages: [SERVER_C_1] Hello
[2026.04.26-18.55.59:463][495]LogNet: Browse: 192.168.0.4/Game/StarterContent/Maps/Minimal_Default
[2026.04.26-18.55.59:464][495]LogInit: WinSock: Socket queue. Rx: 32768 (config 32768) Tx: 32768 (config 32768)
[2026.04.26-18.55.59:464][495]LogNet: Created socket for bind address: 0.0.0.0 on port 0
[2026.04.26-18.55.59:466][495]PacketHandlerLog: Loaded PacketHandler component: Engine.EngineHandlerComponentFactory (StatelessConnectHandlerComponent)
[2026.04.26-18.55.59:466][495]LogNet: Game client on port 7777, rate 100000
[2026.04.26-18.56.00:539][521]LogNet: NotifyAcceptingConnection accepted from: 192.168.0.4:50637
[2026.04.26-18.56.00:539][521]LogHandshake: SendConnectChallenge. Timestamp: 35.064705, Cookie: 229001113011235101241129199067175204103151054188165106226206
[2026.04.26-18.56.00:543][521]LogHandshake: SendChallengeResponse. Timestamp: 35.064705, Cookie: 229001113011235101241129199067175204103151054188165106226206
[2026.04.26-18.56.00:579][522]LogNet: NotifyAcceptingConnection accepted from: 192.168.0.4:50637
[2026.04.26-18.56.00:579][522]LogHandshake: SendChallengeAck. InCookie: 229001113011235101241129199067175204103151054188165106226206
[2026.04.26-18.56.00:580][522]LogNet: Server accepting post-challenge connection from: 192.168.0.4:50637
[2026.04.26-18.56.00:587][522]PacketHandlerLog: Loaded PacketHandler component: Engine.EngineHandlerComponentFactory (StatelessConnectHandlerComponent)
[2026.04.26-18.56.00:587][522]LogNet: NotifyAcceptedConnection: Name: MP_Lobby, TimeStamp: 04/26/26 20:56:00, [UNetConnection] RemoteAddr: 192.168.0.4:50637, Name: IpConnection_5, Driver: GameNetDriver IpNetDriver_4, IsServer: YES, PC: NULL, Owner: NULL, UniqueId: INVALID
[2026.04.26-18.56.00:587][522]LogNet: AddClientConnection: Added client connection: [UNetConnection] RemoteAddr: 192.168.0.4:50637, Name: IpConnection_5, Driver: GameNetDriver IpNetDriver_4, IsServer: YES, PC: NULL, Owner: NULL, UniqueId: INVALID
[2026.04.26-18.56.00:589][522]LogNet: UPendingNetGame::SendInitialJoin: Sending hello. [UNetConnection] RemoteAddr: 192.168.0.4:7777, Name: IpConnection_4, Driver: PendingNetDriver IpNetDriver_5, IsServer: NO, PC: NULL, Owner: NULL, UniqueId: INVALID
[2026.04.26-18.56.00:623][523]LogNet: NotifyAcceptingChannel Control 0 server World /Game/Map/UEDPIE_0_MP_Lobby.MP_Lobby: Accepted
[2026.04.26-18.56.00:623][523]LogNet: Remote platform little endian=1
[2026.04.26-18.56.00:623][523]LogNet: This platform little endian=1
[2026.04.26-18.56.00:657][524]LogNet: Login request: ?Name=SIBIDI-3E7B60694532D6DCFC1A689BB05CC004 userId: NULL:SIBIDI-3E7B60694532D6DCFC1A689BB05CC004 platform: NULL
[2026.04.26-18.56.00:659][524]LogNet: Welcomed by server (Level: /Game/Map/UEDPIE_0_MP_Lobby, Game: /Game/FirstPerson/FirstPersonBP/Blueprints/FirstPersonGameMode.FirstPersonGameMode_C)
[2026.04.26-18.56.00:659][524]LogLoad: LoadMap: 192.168.0.4/Game/Map/UEDPIE_0_MP_Lobby?game=/Game/FirstPerson/FirstPersonBP/Blueprints/FirstPersonGameMode.FirstPersonGameMode_C
[2026.04.26-18.56.00:659][524]LogWorld: BeginTearingDown for /Game/Map/UEDPIE_1_Main_Menu
[2026.04.26-18.56.00:661][524]LogWorld: UWorld::CleanupWorld for Main_Menu, bSessionEnded=true, bCleanupResources=true
[2026.04.26-18.56.00:662][524]LogSlate: InvalidateAllWidgets triggered.  All widgets were invalidated
[2026.04.26-18.56.00:858][524]LogAudio: Display: Audio Device unregistered from world 'None'.
[2026.04.26-18.56.00:873][524]LogUObjectHash: Compacting FUObjectHashTables data took  13.40ms
[2026.04.26-18.56.00:953][524]LogAudio: Display: Audio Device (ID: 60) registered with world 'MP_Lobby'.
[2026.04.26-18.56.00:954][524]LogAIModule: Creating AISystem for world MP_Lobby
[2026.04.26-18.56.00:973][524]LogWorld: Bringing World /Game/Map/UEDPIE_1_MP_Lobby.MP_Lobby up for play (max tick rate 60) at 2026.04.26-20.56.00
[2026.04.26-18.56.00:974][524]LogWorld: Bringing up level for play took: 0.017745
[2026.04.26-18.56.00:975][524]LogLoad: Took 0.315314 seconds to LoadMap(/Game/Map/UEDPIE_0_MP_Lobby)
[2026.04.26-18.56.01:033][525]LogNet: Client netspeed is 100000
[2026.04.26-18.56.01:033][525]LogNet: Join request: /Game/StarterContent/Maps/Minimal_Default?Name=SIBIDI-3E7B60694532D6DCFC1A689BB05CC004?SplitscreenCount=1
[2026.04.26-18.56.01:034][525]LogOnlineVoice: OSS: RegisterRemoteTalker(SIBIDI-3E7B60694532D6DCFC1A689BB05CC004) returned 0x00000000
[2026.04.26-18.56.01:035][525]LogOnlineVoice: OSS: Unmuting remote talker (SIBIDI-3E7B60694532D6DCFC1A689BB05CC004)
[2026.04.26-18.56.01:035][525]LogOnlineVoice: OSS: StartRemoteVoiceProcessing(SIBIDI-3E7B60694532D6DCFC1A689BB05CC004) returned 0x00000000
[2026.04.26-18.56.01:044][525]LogNet: Join succeeded: SIBIDI-3E7B60694532D
[2026.04.26-18.56.01:048][525]LogOnlineVoice: OSS: StopLocalVoiceProcessing(0) returned 0x00000000
[2026.04.26-18.56.01:048][525]LogOnlineVoice: OSS: Stopping networked voice for user: 0
[2026.04.26-18.56.01:204][527]PIE: Error: SetInputMode_UIOnly expects a valid player controller as 'PlayerController' target
[2026.04.26-18.56.01:204][527]LogOnlineVoice: OSS: RegisterRemoteTalker(SIBIDI-858FBB0846DD58E13A18229AEA1AACEE) returned 0x00000000
[2026.04.26-18.56.01:205][527]LogOnlineVoice: OSS: StartRemoteVoiceProcessing(SIBIDI-858FBB0846DD58E13A18229AEA1AACEE) returned 0x00000000
[2026.04.26-18.56.01:686][529]LogAudioMixer: Display: Audio Buffer Underrun (starvation) detected.
[2026.04.26-18.56.01:687][529]LogAudioMixer: Display: Audio Buffer Underrun (starvation) detected.
[2026.04.26-18.56.18:404][909]LogAudioMixer: Display: Audio Buffer Underrun (starvation) detected.
[2026.04.26-18.56.18:404][909]LogAudioMixer: Display: Audio Buffer Underrun (starvation) detected.
[2026.04.26-18.56.27:204][107]LogSlate: Updating window title bar state: overlay mode, drag disabled, window buttons hidden, title bar hidden
[2026.04.26-18.56.27:204][107]LogWorld: BeginTearingDown for /Game/Map/UEDPIE_1_MP_Lobby
[2026.04.26-18.56.27:205][107]LogSlate: Window 'Playtime_Multiplayer Preview [NetMode: Client 1]  (64-bit/Windows) ' being destroyed
[2026.04.26-18.56.27:213][107]LogWorld: UWorld::CleanupWorld for MP_Lobby, bSessionEnded=true, bCleanupResources=true
[2026.04.26-18.56.27:218][107]LogSlate: InvalidateAllWidgets triggered.  All widgets were invalidated
[2026.04.26-18.56.27:239][107]LogNet: World NetDriver shutdown IpNetDriver_5 [GameNetDriver]
[2026.04.26-18.56.27:239][107]LogNet: DestroyNamedNetDriver IpNetDriver_5 [GameNetDriver]
[2026.04.26-18.56.27:239][107]LogNet: UNetConnection::Close: [UNetConnection] RemoteAddr: 192.168.0.4:7777, Name: IpConnection_4, Driver: GameNetDriver IpNetDriver_5, IsServer: NO, PC: BP_DefaultController_C_0, Owner: BP_DefaultController_C_0, UniqueId: NULL:SIBIDI-3E7B60694532D6DCFC1A689BB05CC004, Channels: 19, Time: 2026.04.26-18.56.27
[2026.04.26-18.56.27:239][107]LogNet: UChannel::Close: Sending CloseBunch. ChIndex == 0. Name: [UChannel] ChIndex: 0, Closing: 0 [UNetConnection] RemoteAddr: 192.168.0.4:7777, Name: IpConnection_4, Driver: GameNetDriver IpNetDriver_5, IsServer: NO, PC: BP_DefaultController_C_0, Owner: BP_DefaultController_C_0, UniqueId: NULL:SIBIDI-3E7B60694532D6DCFC1A689BB05CC004
[2026.04.26-18.56.27:239][107]LogExit: GameNetDriver IpNetDriver_5 shut down
[2026.04.26-18.56.27:244][107]LogWorld: BeginTearingDown for /Game/Map/UEDPIE_0_MP_Lobby
[2026.04.26-18.56.27:245][107]LogSlate: Updating window title bar state: overlay mode, drag disabled, window buttons hidden, title bar hidden
[2026.04.26-18.56.27:245][107]LogSlate: Window 'Playtime_Multiplayer Preview [NetMode: Server]  (64-bit/Windows) ' being destroyed
[2026.04.26-18.56.27:255][107]LogWorld: UWorld::CleanupWorld for MP_Lobby, bSessionEnded=true, bCleanupResources=true
[2026.04.26-18.56.27:260][107]LogSlate: InvalidateAllWidgets triggered.  All widgets were invalidated
[2026.04.26-18.56.27:303][107]LogNet: World NetDriver shutdown IpNetDriver_4 [GameNetDriver]
[2026.04.26-18.56.27:303][107]LogNet: DestroyNamedNetDriver IpNetDriver_4 [GameNetDriver]
[2026.04.26-18.56.27:303][107]LogNet: UNetConnection::Cleanup: Closing open connection. [UNetConnection] RemoteAddr: 192.168.0.4:50637, Name: IpConnection_5, Driver: GameNetDriver IpNetDriver_4, IsServer: YES, PC: BP_DefaultController_C_1, Owner: BP_DefaultController_C_1, UniqueId: NULL:SIBIDI-3E7B60694532D6DCFC1A689BB05CC004
[2026.04.26-18.56.27:303][107]LogNet: UNetConnection::Close: [UNetConnection] RemoteAddr: 192.168.0.4:50637, Name: IpConnection_5, Driver: GameNetDriver IpNetDriver_4, IsServer: YES, PC: BP_DefaultController_C_1, Owner: BP_DefaultController_C_1, UniqueId: NULL:SIBIDI-3E7B60694532D6DCFC1A689BB05CC004, Channels: 19, Time: 2026.04.26-18.56.27
[2026.04.26-18.56.27:303][107]LogNet: UChannel::Close: Sending CloseBunch. ChIndex == 0. Name: [UChannel] ChIndex: 0, Closing: 0 [UNetConnection] RemoteAddr: 192.168.0.4:50637, Name: IpConnection_5, Driver: GameNetDriver IpNetDriver_4, IsServer: YES, PC: BP_DefaultController_C_1, Owner: BP_DefaultController_C_1, UniqueId: NULL:SIBIDI-3E7B60694532D6DCFC1A689BB05CC004
[2026.04.26-18.56.27:304][107]LogExit: GameNetDriver IpNetDriver_4 shut down
[2026.04.26-18.56.27:344][107]LogPlayLevel: Display: Shutting down PIE online subsystems
[2026.04.26-18.56.27:360][107]LogSlate: InvalidateAllWidgets triggered.  All widgets were invalidated
[2026.04.26-18.56.27:489][107]LogAudioMixer: FMixerPlatformXAudio2::StopAudioStream() called
[2026.04.26-18.56.27:491][107]LogAudioMixer: FMixerPlatformXAudio2::StopAudioStream() called
[2026.04.26-18.56.27:500][107]LogAudio: Display: Audio Device unregistered from world 'None'.
[2026.04.26-18.56.27:501][107]LogAudioMixer: FMixerPlatformXAudio2::StopAudioStream() called
[2026.04.26-18.56.27:502][107]LogAudioMixer: FMixerPlatformXAudio2::StopAudioStream() called
[2026.04.26-18.56.27:542][107]LogUObjectHash: Compacting FUObjectHashTables data took  11.85ms
[2026.04.26-18.56.27:658][108]LogPlayLevel: Display: Destroying online subsystem :Context_85
[2026.04.26-18.56.27:658][108]LogPlayLevel: Display: Destroying online subsystem :Context_84
[2026.04.26-18.56.35:120][491]LogAudioMixer: Display: Audio Buffer Underrun (starvation) detected.
[2026.04.26-18.56.48:925][160]LogTemp: Repeating last play command: New Editor Window (PIE)
[2026.04.26-18.56.48:943][160]LogPlayLevel: PlayLevel: No blueprints needed recompiling
[2026.04.26-18.56.48:943][160]PIE: New page: PIE session: Main_Menu (26 апр. 2026 г., 22:56:48)
[2026.04.26-18.56.48:955][160]LogPlayLevel: Creating play world package: /Game/Map/UEDPIE_0_Main_Menu
[2026.04.26-18.56.48:965][160]LogPlayLevel: PIE: StaticDuplicateObject took: (0.009883s)
[2026.04.26-18.56.48:967][160]LogAIModule: Creating AISystem for world Main_Menu
[2026.04.26-18.56.48:967][160]LogPlayLevel: PIE: World Init took: (0.001660s)
[2026.04.26-18.56.48:967][160]LogPlayLevel: PIE: Created PIE world by copying editor world from /Game/Map/Main_Menu.Main_Menu to /Game/Map/UEDPIE_0_Main_Menu.Main_Menu (0.011845s)
[2026.04.26-18.56.49:092][160]LogUObjectHash: Compacting FUObjectHashTables data took   9.18ms
[2026.04.26-18.56.49:094][160]LogAudio: Display: Creating Audio Device:                 Id: 61, Scope: Unique, Realtime: True
[2026.04.26-18.56.49:094][160]LogAudioMixer: Display: Audio Mixer Platform Settings:
[2026.04.26-18.56.49:094][160]LogAudioMixer: Display: 	Sample Rate:						  48000
[2026.04.26-18.56.49:094][160]LogAudioMixer: Display: 	Callback Buffer Frame Size Requested: 512
[2026.04.26-18.56.49:094][160]LogAudioMixer: Display: 	Callback Buffer Frame Size To Use:	  512
[2026.04.26-18.56.49:094][160]LogAudioMixer: Display: 	Number of buffers to queue:			  1
[2026.04.26-18.56.49:094][160]LogAudioMixer: Display: 	Max Channels (voices):				  0
[2026.04.26-18.56.49:094][160]LogAudioMixer: Display: 	Number of Async Source Workers:		  4
[2026.04.26-18.56.49:094][160]LogAudio: Display: AudioDevice MaxSources: 32
[2026.04.26-18.56.49:102][160]LogAudio: Display: Audio Spatialization Plugin: None (built-in).
[2026.04.26-18.56.49:102][160]LogAudio: Display: Audio Reverb Plugin: None (built-in).
[2026.04.26-18.56.49:102][160]LogAudio: Display: Audio Occlusion Plugin: None (built-in).
[2026.04.26-18.56.49:102][160]LogAudioMixer: Display: Initializing audio mixer.
[2026.04.26-18.56.49:107][160]LogAudioMixer: Display: 0: FrontLeft
[2026.04.26-18.56.49:107][160]LogAudioMixer: Display: 1: FrontRight
[2026.04.26-18.56.49:121][160]LogAudioMixer: Display: Using Audio Device Voicemeeter VAIO3 Input (VB-Audio Voicemeeter VAIO)
[2026.04.26-18.56.49:122][160]LogAudioMixer: Display: Initializing Sound Submixes...
[2026.04.26-18.56.49:122][160]LogAudioMixer: Display: Creating Master Submix 'MasterSubmixDefault'
[2026.04.26-18.56.49:122][160]LogAudioMixer: Display: Creating Master Submix 'MasterReverbSubmixDefault'
[2026.04.26-18.56.49:123][160]LogAudioMixer: Display: Creating Master Submix 'MasterEQSubmixDefault'
[2026.04.26-18.56.49:123][160]LogAudioMixer: FMixerPlatformXAudio2::StartAudioStream() called
[2026.04.26-18.56.49:123][160]LogAudioMixer: Display: Output buffers initialized: Frames=512, Channels=2, Samples=1024
[2026.04.26-18.56.49:126][160]LogAudioMixer: Display: Starting AudioMixerPlatformInterface::RunInternal()
[2026.04.26-18.56.49:126][160]LogAudioMixer: Display: FMixerPlatformXAudio2::SubmitBuffer() called for the first time
[2026.04.26-18.56.49:126][160]LogInit: FAudioDevice initialized.
[2026.04.26-18.56.49:126][160]LogAudio: Display: Audio Device (ID: 61) registered with world 'Main_Menu'.
[2026.04.26-18.56.49:126][160]PIE: Warning: UGameViewportClient::AddCursor: Could not load cursor class 'UI_Cursor_C'.
[2026.04.26-18.56.49:187][160]LogSlate: Updating window title bar state: overlay mode, drag disabled, window buttons hidden, title bar hidden
[2026.04.26-18.56.49:187][160]LogLoad: Game class is 'FirstPersonGameMode_C'
[2026.04.26-18.56.49:190][160]LogWorld: Bringing World /Game/Map/UEDPIE_0_Main_Menu.Main_Menu up for play (max tick rate 60) at 2026.04.26-20.56.49
[2026.04.26-18.56.49:191][160]LogWorld: Bringing up level for play took: 0.003784
[2026.04.26-18.56.49:193][160]LogOnline: OSS: Creating online subsystem instance for: :Context_86
[2026.04.26-18.56.49:199][160]LogVoiceEncode: Display: EncoderVersion: libopus unknown
[2026.04.26-18.56.49:200][160]LogOnlineVoice: OSS: StopLocalVoiceProcessing(0) returned 0xFFFFFFFF
[2026.04.26-18.56.49:200][160]LogOnlineVoice: OSS: Stopping networked voice for user: 0
[2026.04.26-18.56.49:205][160]LogNet: ReplicationDriverClass is null! Not using ReplicationDriver.
[2026.04.26-18.56.49:205][160]LogNetCore: DDoS detection status: detection enabled: 0 analytics enabled: 0
[2026.04.26-18.56.49:205][160]LogInit: WinSock: Socket queue. Rx: 131072 (config 131072) Tx: 131072 (config 131072)
[2026.04.26-18.56.49:206][160]LogNet: Created socket for bind address: 0.0.0.0 on port 17777
[2026.04.26-18.56.49:206][160]PacketHandlerLog: Loaded PacketHandler component: Engine.EngineHandlerComponentFactory (StatelessConnectHandlerComponent)
[2026.04.26-18.56.49:206][160]LogNet: GameNetDriver IpNetDriver_6 IpNetDriver listening on port 17777
[2026.04.26-18.56.49:214][160]PIE: Server logged in
[2026.04.26-18.56.49:218][160]PIE: Play in editor total start time 0,277 seconds.
[2026.04.26-18.56.49:220][160]LogAudio: Display: Creating Audio Device:                 Id: 62, Scope: Unique, Realtime: True
[2026.04.26-18.56.49:221][160]LogAudioMixer: Display: Audio Mixer Platform Settings:
[2026.04.26-18.56.49:221][160]LogAudioMixer: Display: 	Sample Rate:						  48000
[2026.04.26-18.56.49:221][160]LogAudioMixer: Display: 	Callback Buffer Frame Size Requested: 512
[2026.04.26-18.56.49:221][160]LogAudioMixer: Display: 	Callback Buffer Frame Size To Use:	  512
[2026.04.26-18.56.49:221][160]LogAudioMixer: Display: 	Number of buffers to queue:			  1
[2026.04.26-18.56.49:221][160]LogAudioMixer: Display: 	Max Channels (voices):				  0
[2026.04.26-18.56.49:221][160]LogAudioMixer: Display: 	Number of Async Source Workers:		  4
[2026.04.26-18.56.49:221][160]LogAudio: Display: AudioDevice MaxSources: 32
[2026.04.26-18.56.49:223][160]LogAudio: Display: Audio Spatialization Plugin: None (built-in).
[2026.04.26-18.56.49:223][160]LogAudio: Display: Audio Reverb Plugin: None (built-in).
[2026.04.26-18.56.49:223][160]LogAudio: Display: Audio Occlusion Plugin: None (built-in).
[2026.04.26-18.56.49:223][160]LogAudioMixer: Display: Initializing audio mixer.
[2026.04.26-18.56.49:234][160]LogAudioMixer: Display: 0: FrontLeft
[2026.04.26-18.56.49:234][160]LogAudioMixer: Display: 1: FrontRight
[2026.04.26-18.56.49:247][160]LogAudioMixer: Display: Using Audio Device Voicemeeter VAIO3 Input (VB-Audio Voicemeeter VAIO)
[2026.04.26-18.56.49:247][160]LogAudioMixer: Display: Initializing Sound Submixes...
[2026.04.26-18.56.49:248][160]LogAudioMixer: Display: Creating Master Submix 'MasterSubmixDefault'
[2026.04.26-18.56.49:248][160]LogAudioMixer: Display: Creating Master Submix 'MasterReverbSubmixDefault'
[2026.04.26-18.56.49:248][160]LogAudioMixer: Display: Creating Master Submix 'MasterEQSubmixDefault'
[2026.04.26-18.56.49:248][160]LogAudioMixer: FMixerPlatformXAudio2::StartAudioStream() called
[2026.04.26-18.56.49:248][160]LogAudioMixer: Display: Output buffers initialized: Frames=512, Channels=2, Samples=1024
[2026.04.26-18.56.49:250][160]LogAudioMixer: Display: Starting AudioMixerPlatformInterface::RunInternal()
[2026.04.26-18.56.49:250][160]LogAudioMixer: Display: FMixerPlatformXAudio2::SubmitBuffer() called for the first time
[2026.04.26-18.56.49:250][160]LogInit: FAudioDevice initialized.
[2026.04.26-18.56.49:250][160]LogAudio: Display: Audio Device (ID: 62) registered with world 'Untitled'.
[2026.04.26-18.56.49:251][160]PIE: Warning: UGameViewportClient::AddCursor: Could not load cursor class 'UI_Cursor_C'.
[2026.04.26-18.56.49:305][160]LogSlate: Updating window title bar state: overlay mode, drag disabled, window buttons hidden, title bar hidden
[2026.04.26-18.56.49:305][160]LogNet: Browse: 127.0.0.1:17777/Game/StarterContent/Maps/Minimal_Default
[2026.04.26-18.56.49:306][160]LogInit: WinSock: Socket queue. Rx: 32768 (config 32768) Tx: 32768 (config 32768)
[2026.04.26-18.56.49:306][160]LogNet: Created socket for bind address: 0.0.0.0 on port 0
[2026.04.26-18.56.49:307][160]PacketHandlerLog: Loaded PacketHandler component: Engine.EngineHandlerComponentFactory (StatelessConnectHandlerComponent)
[2026.04.26-18.56.49:307][160]LogNet: Game client on port 17777, rate 100000
[2026.04.26-18.56.49:310][160]PIE: Client logged in
[2026.04.26-18.56.49:315][160]PIE: Play in editor total start time 0,374 seconds.
[2026.04.26-18.56.49:857][161]LogAudioMixer: Display: Audio Buffer Underrun (starvation) detected.
[2026.04.26-18.56.49:857][161]LogAudioMixer: Display: Audio Buffer Underrun (starvation) detected.
[2026.04.26-18.56.50:350][173]LogNet: NotifyAcceptingConnection accepted from: 127.0.0.1:61092
[2026.04.26-18.56.50:350][173]LogHandshake: SendConnectChallenge. Timestamp: 1.440304, Cookie: 043098084162129174112029185252190164032143164104230166246253
[2026.04.26-18.56.50:351][173]LogHandshake: SendChallengeResponse. Timestamp: 1.440304, Cookie: 043098084162129174112029185252190164032143164104230166246253
[2026.04.26-18.56.50:380][174]LogNet: NotifyAcceptingConnection accepted from: 127.0.0.1:61092
[2026.04.26-18.56.50:380][174]LogHandshake: SendChallengeAck. InCookie: 043098084162129174112029185252190164032143164104230166246253
[2026.04.26-18.56.50:381][174]LogNet: Server accepting post-challenge connection from: 127.0.0.1:61092
[2026.04.26-18.56.50:382][174]PacketHandlerLog: Loaded PacketHandler component: Engine.EngineHandlerComponentFactory (StatelessConnectHandlerComponent)
[2026.04.26-18.56.50:382][174]LogNet: NotifyAcceptedConnection: Name: Main_Menu, TimeStamp: 04/26/26 20:56:50, [UNetConnection] RemoteAddr: 127.0.0.1:61092, Name: IpConnection_7, Driver: GameNetDriver IpNetDriver_6, IsServer: YES, PC: NULL, Owner: NULL, UniqueId: INVALID
[2026.04.26-18.56.50:382][174]LogNet: AddClientConnection: Added client connection: [UNetConnection] RemoteAddr: 127.0.0.1:61092, Name: IpConnection_7, Driver: GameNetDriver IpNetDriver_6, IsServer: YES, PC: NULL, Owner: NULL, UniqueId: INVALID
[2026.04.26-18.56.50:386][174]LogNet: UPendingNetGame::SendInitialJoin: Sending hello. [UNetConnection] RemoteAddr: 127.0.0.1:17777, Name: IpConnection_6, Driver: PendingNetDriver IpNetDriver_7, IsServer: NO, PC: NULL, Owner: NULL, UniqueId: INVALID
[2026.04.26-18.56.50:418][175]LogNet: NotifyAcceptingChannel Control 0 server World /Game/Map/UEDPIE_0_Main_Menu.Main_Menu: Accepted
[2026.04.26-18.56.50:418][175]LogNet: Remote platform little endian=1
[2026.04.26-18.56.50:418][175]LogNet: This platform little endian=1
[2026.04.26-18.56.50:422][175]LogOnline: OSS: Creating online subsystem instance for: :Context_87
[2026.04.26-18.56.50:450][176]LogNet: Login request: ?Name=SIBIDI-27612A134483E79E82074690DCAA7519 userId: NULL:SIBIDI-27612A134483E79E82074690DCAA7519 platform: NULL
[2026.04.26-18.56.50:453][176]LogNet: Welcomed by server (Level: /Game/Map/UEDPIE_0_Main_Menu, Game: /Game/FirstPerson/FirstPersonBP/Blueprints/FirstPersonGameMode.FirstPersonGameMode_C)
[2026.04.26-18.56.50:454][176]LogLoad: LoadMap: 127.0.0.1:17777/Game/Map/UEDPIE_0_Main_Menu?game=/Game/FirstPerson/FirstPersonBP/Blueprints/FirstPersonGameMode.FirstPersonGameMode_C
[2026.04.26-18.56.50:455][176]LogWorld: BeginTearingDown for /Temp/Untitled_3
[2026.04.26-18.56.50:455][176]LogWorld: UWorld::CleanupWorld for Untitled, bSessionEnded=true, bCleanupResources=true
[2026.04.26-18.56.50:455][176]LogSlate: InvalidateAllWidgets triggered.  All widgets were invalidated
[2026.04.26-18.56.50:593][176]LogAudio: Display: Audio Device unregistered from world 'None'.
[2026.04.26-18.56.50:605][176]LogUObjectHash: Compacting FUObjectHashTables data took   9.86ms
[2026.04.26-18.56.50:618][176]LogAudio: Display: Audio Device (ID: 62) registered with world 'Main_Menu'.
[2026.04.26-18.56.50:620][176]LogAIModule: Creating AISystem for world Main_Menu
[2026.04.26-18.56.50:622][176]LogWorld: Bringing World /Game/Map/UEDPIE_1_Main_Menu.Main_Menu up for play (max tick rate 60) at 2026.04.26-20.56.50
[2026.04.26-18.56.50:624][176]LogWorld: Bringing up level for play took: 0.003288
[2026.04.26-18.56.50:625][176]LogLoad: Took 0.170642 seconds to LoadMap(/Game/Map/UEDPIE_0_Main_Menu)
[2026.04.26-18.56.50:625][176]LogNavigation: Warning: NavData RegistrationFailed_DataPendingKill.
[2026.04.26-18.56.50:625][176]LogVoiceEncode: Display: EncoderVersion: libopus unknown
[2026.04.26-18.56.50:709][177]LogNet: Client netspeed is 100000
[2026.04.26-18.56.50:709][177]LogNet: Join request: /Game/StarterContent/Maps/Minimal_Default?Name=SIBIDI-27612A134483E79E82074690DCAA7519?SplitscreenCount=1
[2026.04.26-18.56.50:710][177]LogOnlineSession: Warning: OSS: No game present to join for session (GameSession)
[2026.04.26-18.56.50:717][177]LogNet: Join succeeded: SIBIDI-27612A134483E
[2026.04.26-18.56.50:721][177]LogOnlineVoice: OSS: StopLocalVoiceProcessing(0) returned 0xFFFFFFFF
[2026.04.26-18.56.50:721][177]LogOnlineVoice: OSS: Stopping networked voice for user: 0
[2026.04.26-18.56.50:832][179]LogOnlineSession: Warning: OSS: No game present to join for session (GameSession)
[2026.04.26-18.56.50:835][179]LogOnlineSession: Warning: OSS: No game present to join for session (GameSession)
[2026.04.26-18.56.51:386][193]LogSlate: Window 'Playtime_Multiplayer Preview [NetMode: Client 1]  (64-bit/Windows) ' being destroyed
[2026.04.26-18.56.51:436][193]LogWorld: BeginTearingDown for /Game/Map/UEDPIE_1_Main_Menu
[2026.04.26-18.56.51:459][193]LogWorld: UWorld::CleanupWorld for Main_Menu, bSessionEnded=true, bCleanupResources=true
[2026.04.26-18.56.51:460][193]LogSlate: InvalidateAllWidgets triggered.  All widgets were invalidated
[2026.04.26-18.56.51:474][193]LogNet: World NetDriver shutdown IpNetDriver_7 [GameNetDriver]
[2026.04.26-18.56.51:475][193]LogNet: DestroyNamedNetDriver IpNetDriver_7 [GameNetDriver]
[2026.04.26-18.56.51:475][193]LogNet: UNetConnection::Close: [UNetConnection] RemoteAddr: 127.0.0.1:17777, Name: IpConnection_6, Driver: GameNetDriver IpNetDriver_7, IsServer: NO, PC: BP_DefaultController_C_0, Owner: BP_DefaultController_C_0, UniqueId: NULL:SIBIDI-27612A134483E79E82074690DCAA7519, Channels: 18, Time: 2026.04.26-18.56.51
[2026.04.26-18.56.51:475][193]LogNet: UChannel::Close: Sending CloseBunch. ChIndex == 0. Name: [UChannel] ChIndex: 0, Closing: 0 [UNetConnection] RemoteAddr: 127.0.0.1:17777, Name: IpConnection_6, Driver: GameNetDriver IpNetDriver_7, IsServer: NO, PC: BP_DefaultController_C_0, Owner: BP_DefaultController_C_0, UniqueId: NULL:SIBIDI-27612A134483E79E82074690DCAA7519
[2026.04.26-18.56.51:475][193]LogExit: GameNetDriver IpNetDriver_7 shut down
[2026.04.26-18.56.51:478][193]LogWorld: BeginTearingDown for /Game/Map/UEDPIE_0_Main_Menu
[2026.04.26-18.56.51:479][193]LogOnlineSession: Warning: OSS: No game present to leave for session (GameSession)
[2026.04.26-18.56.51:479][193]LogSlate: Updating window title bar state: overlay mode, drag disabled, window buttons hidden, title bar hidden
[2026.04.26-18.56.51:479][193]LogSlate: Window 'Playtime_Multiplayer Preview [NetMode: Server]  (64-bit/Windows) ' being destroyed
[2026.04.26-18.56.51:507][193]LogWorld: UWorld::CleanupWorld for Main_Menu, bSessionEnded=true, bCleanupResources=true
[2026.04.26-18.56.51:511][193]LogSlate: InvalidateAllWidgets triggered.  All widgets were invalidated
[2026.04.26-18.56.51:519][193]LogNet: World NetDriver shutdown IpNetDriver_6 [GameNetDriver]
[2026.04.26-18.56.51:519][193]LogNet: DestroyNamedNetDriver IpNetDriver_6 [GameNetDriver]
[2026.04.26-18.56.51:520][193]LogNet: UNetConnection::Cleanup: Closing open connection. [UNetConnection] RemoteAddr: 127.0.0.1:61092, Name: IpConnection_7, Driver: GameNetDriver IpNetDriver_6, IsServer: YES, PC: BP_DefaultController_C_1, Owner: BP_DefaultController_C_1, UniqueId: NULL:SIBIDI-27612A134483E79E82074690DCAA7519
[2026.04.26-18.56.51:520][193]LogNet: UNetConnection::Close: [UNetConnection] RemoteAddr: 127.0.0.1:61092, Name: IpConnection_7, Driver: GameNetDriver IpNetDriver_6, IsServer: YES, PC: BP_DefaultController_C_1, Owner: BP_DefaultController_C_1, UniqueId: NULL:SIBIDI-27612A134483E79E82074690DCAA7519, Channels: 18, Time: 2026.04.26-18.56.51
[2026.04.26-18.56.51:520][193]LogNet: UChannel::Close: Sending CloseBunch. ChIndex == 0. Name: [UChannel] ChIndex: 0, Closing: 0 [UNetConnection] RemoteAddr: 127.0.0.1:61092, Name: IpConnection_7, Driver: GameNetDriver IpNetDriver_6, IsServer: YES, PC: BP_DefaultController_C_1, Owner: BP_DefaultController_C_1, UniqueId: NULL:SIBIDI-27612A134483E79E82074690DCAA7519
[2026.04.26-18.56.51:521][193]LogExit: GameNetDriver IpNetDriver_6 shut down
[2026.04.26-18.56.51:523][193]LogPlayLevel: Display: Shutting down PIE online subsystems
[2026.04.26-18.56.51:548][193]LogSlate: InvalidateAllWidgets triggered.  All widgets were invalidated
[2026.04.26-18.56.51:672][193]LogAudioMixer: FMixerPlatformXAudio2::StopAudioStream() called
[2026.04.26-18.56.51:673][193]LogAudioMixer: FMixerPlatformXAudio2::StopAudioStream() called
[2026.04.26-18.56.51:678][193]LogAudioMixer: FMixerPlatformXAudio2::StopAudioStream() called
[2026.04.26-18.56.51:680][193]LogAudioMixer: FMixerPlatformXAudio2::StopAudioStream() called
[2026.04.26-18.56.51:698][193]LogUObjectHash: Compacting FUObjectHashTables data took  11.72ms
[2026.04.26-18.56.51:807][194]LogPlayLevel: Display: Destroying online subsystem :Context_87
[2026.04.26-18.56.51:808][194]LogPlayLevel: Display: Destroying online subsystem :Context_86
[2026.04.26-18.56.58:763][457]LogTemp: Repeating last play command: New Editor Window (PIE)
[2026.04.26-18.56.58:780][457]LogPlayLevel: PlayLevel: No blueprints needed recompiling
[2026.04.26-18.56.58:780][457]PIE: New page: PIE session: Main_Menu (26 апр. 2026 г., 22:56:58)
[2026.04.26-18.56.58:789][457]LogPlayLevel: Creating play world package: /Game/Map/UEDPIE_0_Main_Menu
[2026.04.26-18.56.58:800][457]LogPlayLevel: PIE: StaticDuplicateObject took: (0.011199s)
[2026.04.26-18.56.58:802][457]LogAIModule: Creating AISystem for world Main_Menu
[2026.04.26-18.56.58:803][457]LogPlayLevel: PIE: World Init took: (0.002442s)
[2026.04.26-18.56.58:803][457]LogPlayLevel: PIE: Created PIE world by copying editor world from /Game/Map/Main_Menu.Main_Menu to /Game/Map/UEDPIE_0_Main_Menu.Main_Menu (0.013994s)
[2026.04.26-18.56.58:934][457]LogUObjectHash: Compacting FUObjectHashTables data took   8.26ms
[2026.04.26-18.56.58:935][457]LogAudio: Display: Creating Audio Device:                 Id: 63, Scope: Unique, Realtime: True
[2026.04.26-18.56.58:935][457]LogAudioMixer: Display: Audio Mixer Platform Settings:
[2026.04.26-18.56.58:935][457]LogAudioMixer: Display: 	Sample Rate:						  48000
[2026.04.26-18.56.58:935][457]LogAudioMixer: Display: 	Callback Buffer Frame Size Requested: 512
[2026.04.26-18.56.58:935][457]LogAudioMixer: Display: 	Callback Buffer Frame Size To Use:	  512
[2026.04.26-18.56.58:935][457]LogAudioMixer: Display: 	Number of buffers to queue:			  1
[2026.04.26-18.56.58:935][457]LogAudioMixer: Display: 	Max Channels (voices):				  0
[2026.04.26-18.56.58:935][457]LogAudioMixer: Display: 	Number of Async Source Workers:		  4
[2026.04.26-18.56.58:935][457]LogAudio: Display: AudioDevice MaxSources: 32
[2026.04.26-18.56.58:936][457]LogAudio: Display: Audio Spatialization Plugin: None (built-in).
[2026.04.26-18.56.58:936][457]LogAudio: Display: Audio Reverb Plugin: None (built-in).
[2026.04.26-18.56.58:936][457]LogAudio: Display: Audio Occlusion Plugin: None (built-in).
[2026.04.26-18.56.58:936][457]LogAudioMixer: Display: Initializing audio mixer.
[2026.04.26-18.56.58:942][457]LogAudioMixer: Display: 0: FrontLeft
[2026.04.26-18.56.58:942][457]LogAudioMixer: Display: 1: FrontRight
[2026.04.26-18.56.58:961][457]LogAudioMixer: Display: Using Audio Device Voicemeeter VAIO3 Input (VB-Audio Voicemeeter VAIO)
[2026.04.26-18.56.58:962][457]LogAudioMixer: Display: Initializing Sound Submixes...
[2026.04.26-18.56.58:962][457]LogAudioMixer: Display: Creating Master Submix 'MasterSubmixDefault'
[2026.04.26-18.56.58:962][457]LogAudioMixer: Display: Creating Master Submix 'MasterReverbSubmixDefault'
[2026.04.26-18.56.58:962][457]LogAudioMixer: Display: Creating Master Submix 'MasterEQSubmixDefault'
[2026.04.26-18.56.58:962][457]LogAudioMixer: FMixerPlatformXAudio2::StartAudioStream() called
[2026.04.26-18.56.58:963][457]LogAudioMixer: Display: Output buffers initialized: Frames=512, Channels=2, Samples=1024
[2026.04.26-18.56.58:965][457]LogAudioMixer: Display: Starting AudioMixerPlatformInterface::RunInternal()
[2026.04.26-18.56.58:965][457]LogAudioMixer: Display: FMixerPlatformXAudio2::SubmitBuffer() called for the first time
[2026.04.26-18.56.58:965][457]LogInit: FAudioDevice initialized.
[2026.04.26-18.56.58:965][457]LogAudio: Display: Audio Device (ID: 63) registered with world 'Main_Menu'.
[2026.04.26-18.56.58:966][457]PIE: Warning: UGameViewportClient::AddCursor: Could not load cursor class 'UI_Cursor_C'.
[2026.04.26-18.56.59:029][457]LogSlate: Updating window title bar state: overlay mode, drag disabled, window buttons hidden, title bar hidden
[2026.04.26-18.56.59:030][457]LogLoad: Game class is 'FirstPersonGameMode_C'
[2026.04.26-18.56.59:033][457]LogWorld: Bringing World /Game/Map/UEDPIE_0_Main_Menu.Main_Menu up for play (max tick rate 60) at 2026.04.26-20.56.59
[2026.04.26-18.56.59:035][457]LogWorld: Bringing up level for play took: 0.003654
[2026.04.26-18.56.59:035][457]LogOnline: OSS: Creating online subsystem instance for: :Context_88
[2026.04.26-18.56.59:039][457]LogVoiceEncode: Display: EncoderVersion: libopus unknown
[2026.04.26-18.56.59:040][457]LogOnlineVoice: OSS: StopLocalVoiceProcessing(0) returned 0xFFFFFFFF
[2026.04.26-18.56.59:040][457]LogOnlineVoice: OSS: Stopping networked voice for user: 0
[2026.04.26-18.56.59:055][457]PIE: Server logged in
[2026.04.26-18.56.59:059][457]PIE: Play in editor total start time 0,284 seconds.
[2026.04.26-18.56.59:059][457]LogPlayLevel: Creating play world package: /Game/Map/UEDPIE_1_Main_Menu
[2026.04.26-18.56.59:069][457]LogPlayLevel: PIE: StaticDuplicateObject took: (0.009005s)
[2026.04.26-18.56.59:070][457]LogAIModule: Creating AISystem for world Main_Menu
[2026.04.26-18.56.59:070][457]LogPlayLevel: PIE: World Init took: (0.001834s)
[2026.04.26-18.56.59:071][457]LogPlayLevel: PIE: Created PIE world by copying editor world from /Game/Map/Main_Menu.Main_Menu to /Game/Map/UEDPIE_1_Main_Menu.Main_Menu (0.011137s)
[2026.04.26-18.56.59:204][457]LogUObjectHash: Compacting FUObjectHashTables data took   8.70ms
[2026.04.26-18.56.59:205][457]LogAudio: Display: Creating Audio Device:                 Id: 64, Scope: Unique, Realtime: True
[2026.04.26-18.56.59:205][457]LogAudioMixer: Display: Audio Mixer Platform Settings:
[2026.04.26-18.56.59:205][457]LogAudioMixer: Display: 	Sample Rate:						  48000
[2026.04.26-18.56.59:205][457]LogAudioMixer: Display: 	Callback Buffer Frame Size Requested: 512
[2026.04.26-18.56.59:205][457]LogAudioMixer: Display: 	Callback Buffer Frame Size To Use:	  512
[2026.04.26-18.56.59:205][457]LogAudioMixer: Display: 	Number of buffers to queue:			  1
[2026.04.26-18.56.59:205][457]LogAudioMixer: Display: 	Max Channels (voices):				  0
[2026.04.26-18.56.59:205][457]LogAudioMixer: Display: 	Number of Async Source Workers:		  4
[2026.04.26-18.56.59:205][457]LogAudio: Display: AudioDevice MaxSources: 32
[2026.04.26-18.56.59:206][457]LogAudio: Display: Audio Spatialization Plugin: None (built-in).
[2026.04.26-18.56.59:206][457]LogAudio: Display: Audio Reverb Plugin: None (built-in).
[2026.04.26-18.56.59:206][457]LogAudio: Display: Audio Occlusion Plugin: None (built-in).
[2026.04.26-18.56.59:206][457]LogAudioMixer: Display: Initializing audio mixer.
[2026.04.26-18.56.59:212][457]LogAudioMixer: Display: 0: FrontLeft
[2026.04.26-18.56.59:212][457]LogAudioMixer: Display: 1: FrontRight
[2026.04.26-18.56.59:224][457]LogAudioMixer: Display: Using Audio Device Voicemeeter VAIO3 Input (VB-Audio Voicemeeter VAIO)
[2026.04.26-18.56.59:224][457]LogAudioMixer: Display: Initializing Sound Submixes...
[2026.04.26-18.56.59:225][457]LogAudioMixer: Display: Creating Master Submix 'MasterSubmixDefault'
[2026.04.26-18.56.59:225][457]LogAudioMixer: Display: Creating Master Submix 'MasterReverbSubmixDefault'
[2026.04.26-18.56.59:225][457]LogAudioMixer: Display: Creating Master Submix 'MasterEQSubmixDefault'
[2026.04.26-18.56.59:226][457]LogAudioMixer: FMixerPlatformXAudio2::StartAudioStream() called
[2026.04.26-18.56.59:226][457]LogAudioMixer: Display: Output buffers initialized: Frames=512, Channels=2, Samples=1024
[2026.04.26-18.56.59:229][457]LogAudioMixer: Display: Starting AudioMixerPlatformInterface::RunInternal()
[2026.04.26-18.56.59:229][457]LogAudioMixer: Display: FMixerPlatformXAudio2::SubmitBuffer() called for the first time
[2026.04.26-18.56.59:229][457]LogInit: FAudioDevice initialized.
[2026.04.26-18.56.59:229][457]LogAudio: Display: Audio Device (ID: 64) registered with world 'Main_Menu'.
[2026.04.26-18.56.59:230][457]PIE: Warning: UGameViewportClient::AddCursor: Could not load cursor class 'UI_Cursor_C'.
[2026.04.26-18.56.59:284][457]LogSlate: Updating window title bar state: overlay mode, drag disabled, window buttons hidden, title bar hidden
[2026.04.26-18.56.59:284][457]LogLoad: Game class is 'FirstPersonGameMode_C'
[2026.04.26-18.56.59:287][457]LogWorld: Bringing World /Game/Map/UEDPIE_1_Main_Menu.Main_Menu up for play (max tick rate 60) at 2026.04.26-20.56.59
[2026.04.26-18.56.59:288][457]LogWorld: Bringing up level for play took: 0.002961
[2026.04.26-18.56.59:289][457]LogOnline: OSS: Creating online subsystem instance for: :Context_89
[2026.04.26-18.56.59:292][457]LogVoiceEncode: Display: EncoderVersion: libopus unknown
[2026.04.26-18.56.59:292][457]LogOnlineVoice: OSS: StopLocalVoiceProcessing(0) returned 0xFFFFFFFF
[2026.04.26-18.56.59:292][457]LogOnlineVoice: OSS: Stopping networked voice for user: 0
[2026.04.26-18.56.59:308][457]PIE: Server logged in
[2026.04.26-18.56.59:311][457]PIE: Play in editor total start time 0,537 seconds.
[2026.04.26-18.57.14:065][771]LogOnlineVoice: OSS: StartLocalProcessing(0) returned 0xFFFFFFFF
[2026.04.26-18.57.14:065][771]LogOnlineVoice: OSS: Starting networked voice for user: 0
[2026.04.26-18.57.14:296][771]LogOnlineVoice: OSS: RegisterLocalTalker(0) returned 0x00000000
[2026.04.26-18.57.14:296][771]LogOnlineVoice: OSS: Invalid user specified in RegisterLocalTalker(1)
[2026.04.26-18.57.14:296][771]LogOnlineVoice: OSS: Invalid user specified in RegisterLocalTalker(2)
[2026.04.26-18.57.14:296][771]LogOnlineVoice: OSS: Invalid user specified in RegisterLocalTalker(3)
[2026.04.26-18.57.14:300][771]LogNet: Browse: /Game/Map/MP_Lobby??listen
[2026.04.26-18.57.14:300][771]LogLoad: LoadMap: /Game/Map/MP_Lobby??listen
[2026.04.26-18.57.14:300][771]LogWorld: BeginTearingDown for /Game/Map/UEDPIE_0_Main_Menu
[2026.04.26-18.57.14:302][771]LogWorld: UWorld::CleanupWorld for Main_Menu, bSessionEnded=true, bCleanupResources=true
[2026.04.26-18.57.14:302][771]LogSlate: InvalidateAllWidgets triggered.  All widgets were invalidated
[2026.04.26-18.57.14:458][771]LogAudio: Display: Audio Device unregistered from world 'None'.
[2026.04.26-18.57.14:470][771]LogUObjectHash: Compacting FUObjectHashTables data took  10.03ms
[2026.04.26-18.57.14:577][771]LogAudio: Display: Audio Device (ID: 63) registered with world 'MP_Lobby'.
[2026.04.26-18.57.14:579][771]LogAIModule: Creating AISystem for world MP_Lobby
[2026.04.26-18.57.14:580][771]LogLoad: Game class is 'FirstPersonGameMode_C'
[2026.04.26-18.57.14:580][771]LogNet: ReplicationDriverClass is null! Not using ReplicationDriver.
[2026.04.26-18.57.14:580][771]LogNetCore: DDoS detection status: detection enabled: 0 analytics enabled: 0
[2026.04.26-18.57.14:580][771]LogInit: WinSock: Socket queue. Rx: 131072 (config 131072) Tx: 131072 (config 131072)
[2026.04.26-18.57.14:581][771]LogNet: Created socket for bind address: 0.0.0.0 on port 7777
[2026.04.26-18.57.14:581][771]PacketHandlerLog: Loaded PacketHandler component: Engine.EngineHandlerComponentFactory (StatelessConnectHandlerComponent)
[2026.04.26-18.57.14:581][771]LogNet: GameNetDriver IpNetDriver_8 IpNetDriver listening on port 7777
[2026.04.26-18.57.14:591][771]LogWorld: Bringing World /Game/Map/UEDPIE_0_MP_Lobby.MP_Lobby up for play (max tick rate 60) at 2026.04.26-20.57.14
[2026.04.26-18.57.14:593][771]LogWorld: Bringing up level for play took: 0.011309
[2026.04.26-18.57.14:596][771]LogOnlineVoice: OSS: StopLocalVoiceProcessing(0) returned 0x00000000
[2026.04.26-18.57.14:596][771]LogOnlineVoice: OSS: Stopping networked voice for user: 0
[2026.04.26-18.57.14:602][771]PIE: Error: SetInputMode_UIOnly expects a valid player controller as 'PlayerController' target
[2026.04.26-18.57.14:603][771]LogLoad: Took 0.302795 seconds to LoadMap(/Game/Map/MP_Lobby)
[2026.04.26-18.57.16:727][808]LogAudioMixer: Display: Audio Buffer Underrun (starvation) detected.
[2026.04.26-18.57.16:728][808]LogAudioMixer: Display: Audio Buffer Underrun (starvation) detected.
[2026.04.26-18.57.19:834][879]LogOnlineVoice: OSS: StartLocalProcessing(0) returned 0xFFFFFFFF
[2026.04.26-18.57.19:834][879]LogOnlineVoice: OSS: Starting networked voice for user: 0
[2026.04.26-18.57.19:891][879]LogOnlineVoice: OSS: RegisterLocalTalker(0) returned 0x00000000
[2026.04.26-18.57.19:891][879]LogOnlineVoice: OSS: Invalid user specified in RegisterLocalTalker(1)
[2026.04.26-18.57.19:891][879]LogOnlineVoice: OSS: Invalid user specified in RegisterLocalTalker(2)
[2026.04.26-18.57.19:891][879]LogOnlineVoice: OSS: Invalid user specified in RegisterLocalTalker(3)
[2026.04.26-18.57.19:900][879]LogNet: Browse: /Game/Map/MP_Lobby??listen
[2026.04.26-18.57.19:900][879]LogLoad: LoadMap: /Game/Map/MP_Lobby??listen
[2026.04.26-18.57.19:900][879]LogWorld: BeginTearingDown for /Game/Map/UEDPIE_1_Main_Menu
[2026.04.26-18.57.19:902][879]LogWorld: UWorld::CleanupWorld for Main_Menu, bSessionEnded=true, bCleanupResources=true
[2026.04.26-18.57.19:902][879]LogSlate: InvalidateAllWidgets triggered.  All widgets were invalidated
[2026.04.26-18.57.20:067][879]LogAudio: Display: Audio Device unregistered from world 'None'.
[2026.04.26-18.57.20:080][879]LogUObjectHash: Compacting FUObjectHashTables data took  11.18ms
[2026.04.26-18.57.20:190][879]LogAudio: Display: Audio Device (ID: 64) registered with world 'MP_Lobby'.
[2026.04.26-18.57.20:191][879]LogAIModule: Creating AISystem for world MP_Lobby
[2026.04.26-18.57.20:192][879]LogLoad: Game class is 'FirstPersonGameMode_C'
[2026.04.26-18.57.20:193][879]LogNet: ReplicationDriverClass is null! Not using ReplicationDriver.
[2026.04.26-18.57.20:194][879]LogNetCore: DDoS detection status: detection enabled: 0 analytics enabled: 0
[2026.04.26-18.57.20:194][879]LogInit: WinSock: Socket queue. Rx: 131072 (config 131072) Tx: 131072 (config 131072)
[2026.04.26-18.57.20:194][879]LogNet: Created socket for bind address: 0.0.0.0 on port 7777
[2026.04.26-18.57.20:194][879]PacketHandlerLog: Loaded PacketHandler component: Engine.EngineHandlerComponentFactory (StatelessConnectHandlerComponent)
[2026.04.26-18.57.20:195][879]LogNet: GameNetDriver IpNetDriver_9 IpNetDriver listening on port 7778
[2026.04.26-18.57.20:209][879]LogWorld: Bringing World /Game/Map/UEDPIE_1_MP_Lobby.MP_Lobby up for play (max tick rate 60) at 2026.04.26-20.57.20
[2026.04.26-18.57.20:209][879]LogWorld: Bringing up level for play took: 0.013917
[2026.04.26-18.57.20:211][879]LogOnlineVoice: OSS: StopLocalVoiceProcessing(0) returned 0x00000000
[2026.04.26-18.57.20:211][879]LogOnlineVoice: OSS: Stopping networked voice for user: 0
[2026.04.26-18.57.20:218][879]PIE: Error: SetInputMode_UIOnly expects a valid player controller as 'PlayerController' target
[2026.04.26-18.57.20:218][879]LogLoad: Took 0.318315 seconds to LoadMap(/Game/Map/MP_Lobby)
[2026.04.26-18.57.24:652][980]LogNet: Browse: /Game/Map/Main_Menu
[2026.04.26-18.57.24:653][980]LogLoad: LoadMap: /Game/Map/Main_Menu
[2026.04.26-18.57.24:653][980]LogWorld: BeginTearingDown for /Game/Map/UEDPIE_1_MP_Lobby
[2026.04.26-18.57.24:653][980]LogNet: World NetDriver shutdown IpNetDriver_9 [GameNetDriver]
[2026.04.26-18.57.24:653][980]LogNet: DestroyNamedNetDriver IpNetDriver_9 [GameNetDriver]
[2026.04.26-18.57.24:654][980]LogExit: GameNetDriver IpNetDriver_9 shut down
[2026.04.26-18.57.24:658][980]LogWorld: UWorld::CleanupWorld for MP_Lobby, bSessionEnded=true, bCleanupResources=true
[2026.04.26-18.57.24:660][980]LogSlate: InvalidateAllWidgets triggered.  All widgets were invalidated
[2026.04.26-18.57.24:825][980]LogAudio: Display: Audio Device unregistered from world 'None'.
[2026.04.26-18.57.24:844][980]LogUObjectHash: Compacting FUObjectHashTables data took  11.92ms
[2026.04.26-18.57.24:847][980]LogPlayLevel: Creating play world package: /Game/Map/UEDPIE_1_Main_Menu
[2026.04.26-18.57.24:854][980]LogPlayLevel: PIE: StaticDuplicateObject took: (0.006045s)
[2026.04.26-18.57.24:855][980]LogAIModule: Creating AISystem for world Main_Menu
[2026.04.26-18.57.24:856][980]LogPlayLevel: PIE: World Init took: (0.002218s)
[2026.04.26-18.57.24:856][980]LogPlayLevel: PIE: Created PIE world by copying editor world from /Game/Map/Main_Menu.Main_Menu to /Game/Map/UEDPIE_1_Main_Menu.Main_Menu (0.008585s)
[2026.04.26-18.57.24:856][980]LogAudio: Display: Audio Device (ID: 64) registered with world 'Main_Menu'.
[2026.04.26-18.57.24:856][980]LogLoad: Game class is 'FirstPersonGameMode_C'
[2026.04.26-18.57.24:858][980]LogWorld: Bringing World /Game/Map/UEDPIE_1_Main_Menu.Main_Menu up for play (max tick rate 60) at 2026.04.26-20.57.24
[2026.04.26-18.57.24:860][980]LogWorld: Bringing up level for play took: 0.002735
[2026.04.26-18.57.24:861][980]LogGameMode: FindPlayerStart: PATHS NOT DEFINED or NO PLAYERSTART with positive rating
[2026.04.26-18.57.24:861][980]LogOnlineVoice: OSS: StopLocalVoiceProcessing(0) returned 0x00000000
[2026.04.26-18.57.24:861][980]LogOnlineVoice: OSS: Stopping networked voice for user: 0
[2026.04.26-18.57.24:866][980]LogLoad: Took 0.213254 seconds to LoadMap(/Game/Map/UEDPIE_1_Main_Menu)
[2026.04.26-18.57.29:118][ 78]LogOnlineSession: Warning: OSS: Ignoring game search request while one is pending
[2026.04.26-18.57.29:240][ 81]LogOnlineSession: Warning: OSS: Ignoring game search request while one is pending
[2026.04.26-18.57.29:402][ 85]LogOnlineSession: Warning: OSS: Ignoring game search request while one is pending
[2026.04.26-18.57.29:522][ 88]LogOnlineSession: Warning: OSS: Ignoring game search request while one is pending
[2026.04.26-18.57.33:865][195]LogOnlineSession: Warning: OSS: Ignoring game search request while one is pending
[2026.04.26-18.57.33:948][197]LogBlueprintUserMessages: [SERVER_LIST_C_1] GOOD
[2026.04.26-18.57.33:948][197]LogBlueprintUserMessages: [SERVER_LIST_C_1] GOOD
[2026.04.26-18.57.33:948][197]LogBlueprintUserMessages: [SERVER_LIST_C_1] GOOD
[2026.04.26-18.57.33:948][197]LogBlueprintUserMessages: [SERVER_LIST_C_1] GOOD
[2026.04.26-18.57.33:948][197]LogBlueprintUserMessages: [SERVER_LIST_C_1] GOOD
[2026.04.26-18.57.33:949][197]LogBlueprintUserMessages: [SERVER_LIST_C_1] GOOD
[2026.04.26-18.57.35:026][222]LogOnlineSession: Warning: OSS: Session (GameSession) already exists, can't join twice
[2026.04.26-18.57.38:255][304]LogOnlineSession: Warning: OSS: Session (GameSession) already exists, can't join twice
[2026.04.26-18.57.38:722][306]LogAudioMixer: Display: Audio Buffer Underrun (starvation) detected.
[2026.04.26-18.57.38:722][306]LogAudioMixer: Display: Audio Buffer Underrun (starvation) detected.
[2026.04.26-18.57.38:747][306]LogOnlineSession: Warning: OSS: Session (GameSession) already exists, can't join twice
[2026.04.26-18.57.38:748][306]LogOnlineSession: Warning: OSS: Session (GameSession) already exists, can't join twice
[2026.04.26-18.57.40:689][351]LogOnlineSession: Warning: OSS: Session (GameSession) already exists, can't join twice
[2026.04.26-18.57.51:224][604]LogOnlineSession: Warning: OSS: Ignoring game search request while one is pending
[2026.04.26-18.57.51:380][608]LogOnlineSession: Warning: OSS: Ignoring game search request while one is pending
[2026.04.26-18.57.51:586][613]LogOnlineSession: Warning: OSS: Ignoring game search request while one is pending
[2026.04.26-18.57.51:870][619]LogOnlineSession: Warning: OSS: Ignoring game search request while one is pending
[2026.04.26-18.57.56:027][713]LogBlueprintUserMessages: [SERVER_LIST_C_0] GOOD
[2026.04.26-18.58.03:091][855]LogSlate: Updating window title bar state: overlay mode, drag disabled, window buttons hidden, title bar hidden
[2026.04.26-18.58.03:091][855]LogWorld: BeginTearingDown for /Game/Map/UEDPIE_1_Main_Menu
[2026.04.26-18.58.03:092][855]LogSlate: Window 'Playtime_Multiplayer Preview [NetMode: Standalone]  (64-bit/Windows) ' being destroyed
[2026.04.26-18.58.03:106][855]LogWorld: UWorld::CleanupWorld for Main_Menu, bSessionEnded=true, bCleanupResources=true
[2026.04.26-18.58.03:108][855]LogSlate: InvalidateAllWidgets triggered.  All widgets were invalidated
[2026.04.26-18.58.03:127][855]LogWorld: BeginTearingDown for /Game/Map/UEDPIE_0_MP_Lobby
[2026.04.26-18.58.03:128][855]LogSlate: Updating window title bar state: overlay mode, drag disabled, window buttons hidden, title bar hidden
[2026.04.26-18.58.03:128][855]LogSlate: Window 'Playtime_Multiplayer Preview [NetMode: Standalone]  (64-bit/Windows) ' being destroyed
[2026.04.26-18.58.03:140][855]LogWorld: UWorld::CleanupWorld for MP_Lobby, bSessionEnded=true, bCleanupResources=true
[2026.04.26-18.58.03:143][855]LogSlate: InvalidateAllWidgets triggered.  All widgets were invalidated
[2026.04.26-18.58.03:156][855]LogNet: World NetDriver shutdown IpNetDriver_8 [GameNetDriver]
[2026.04.26-18.58.03:156][855]LogNet: DestroyNamedNetDriver IpNetDriver_8 [GameNetDriver]
[2026.04.26-18.58.03:156][855]LogExit: GameNetDriver IpNetDriver_8 shut down
[2026.04.26-18.58.03:188][855]LogPlayLevel: Display: Shutting down PIE online subsystems
[2026.04.26-18.58.03:207][855]LogSlate: InvalidateAllWidgets triggered.  All widgets were invalidated
[2026.04.26-18.58.03:451][855]LogAudioMixer: FMixerPlatformXAudio2::StopAudioStream() called
[2026.04.26-18.58.03:453][855]LogAudioMixer: FMixerPlatformXAudio2::StopAudioStream() called
[2026.04.26-18.58.03:458][855]LogAudio: Display: Audio Device unregistered from world 'None'.
[2026.04.26-18.58.03:458][855]LogAudioMixer: FMixerPlatformXAudio2::StopAudioStream() called
[2026.04.26-18.58.03:460][855]LogAudioMixer: FMixerPlatformXAudio2::StopAudioStream() called
[2026.04.26-18.58.03:506][855]LogUObjectHash: Compacting FUObjectHashTables data took  10.80ms
[2026.04.26-18.58.03:615][856]LogPlayLevel: Display: Destroying online subsystem :Context_89
[2026.04.26-18.58.03:615][856]LogPlayLevel: Display: Destroying online subsystem :Context_88
[2026.04.26-18.58.09:356][143]LogTemp: Repeating last play command: New Editor Window (PIE)
[2026.04.26-18.58.09:372][143]LogPlayLevel: PlayLevel: No blueprints needed recompiling
[2026.04.26-18.58.09:372][143]PIE: New page: PIE session: Main_Menu (26 апр. 2026 г., 22:58:09)
[2026.04.26-18.58.09:383][143]LogPlayLevel: Creating play world package: /Game/Map/UEDPIE_0_Main_Menu
[2026.04.26-18.58.09:388][143]LogPlayLevel: PIE: StaticDuplicateObject took: (0.005379s)
[2026.04.26-18.58.09:389][143]LogAIModule: Creating AISystem for world Main_Menu
[2026.04.26-18.58.09:390][143]LogPlayLevel: PIE: World Init took: (0.001492s)
[2026.04.26-18.58.09:390][143]LogPlayLevel: PIE: Created PIE world by copying editor world from /Game/Map/Main_Menu.Main_Menu to /Game/Map/UEDPIE_0_Main_Menu.Main_Menu (0.007116s)
[2026.04.26-18.58.09:500][143]LogUObjectHash: Compacting FUObjectHashTables data took   7.62ms
[2026.04.26-18.58.09:506][143]LogLoad: Game class is 'FirstPersonGameMode_C'
[2026.04.26-18.58.09:507][143]LogWorld: Bringing World /Game/Map/UEDPIE_0_Main_Menu.Main_Menu up for play (max tick rate 60) at 2026.04.26-20.58.09
[2026.04.26-18.58.09:509][143]LogWorld: Bringing up level for play took: 0.002512
[2026.04.26-18.58.09:510][143]LogNet: ReplicationDriverClass is null! Not using ReplicationDriver.
[2026.04.26-18.58.09:510][143]LogNetCore: DDoS detection status: detection enabled: 0 analytics enabled: 0
[2026.04.26-18.58.09:510][143]LogInit: WinSock: Socket queue. Rx: 131072 (config 131072) Tx: 131072 (config 131072)
[2026.04.26-18.58.09:510][143]LogNet: Created socket for bind address: 0.0.0.0 on port 17777
[2026.04.26-18.58.09:510][143]PacketHandlerLog: Loaded PacketHandler component: Engine.EngineHandlerComponentFactory (StatelessConnectHandlerComponent)
[2026.04.26-18.58.09:510][143]LogNet: GameNetDriver IpNetDriver_10 IpNetDriver listening on port 17777
[2026.04.26-18.58.09:511][143]LogScript: Warning: Accessed None trying to read property CallFunc_Create_ReturnValue
	Main_Menu_C /Game/Map/UEDPIE_0_Main_Menu.Main_Menu:PersistentLevel.Main_Menu_C_1
	Function /Game/Map/Main_Menu.Main_Menu_C:ExecuteUbergraph_Main_Menu:004C
[2026.04.26-18.58.09:513][143]PIE: Error: Blueprint Runtime Error: "Accessed None trying to read property CallFunc_Create_ReturnValue". Blueprint:  Main_Menu Function:  Execute Ubergraph Main Menu Graph:  EventGraph Node:  Add to Viewport
[2026.04.26-18.58.09:513][143]LogScript: Warning: Accessed None trying to read property CallFunc_GetPlayerController_ReturnValue
	Main_Menu_C /Game/Map/UEDPIE_0_Main_Menu.Main_Menu:PersistentLevel.Main_Menu_C_1
	Function /Game/Map/Main_Menu.Main_Menu_C:ExecuteUbergraph_Main_Menu:008E
[2026.04.26-18.58.09:513][143]PIE: Error: Blueprint Runtime Error: "Accessed None trying to read property CallFunc_GetPlayerController_ReturnValue". Blueprint:  Main_Menu Function:  Execute Ubergraph Main Menu Graph:  EventGraph Node:  Set bShowMouseCursor
[2026.04.26-18.58.09:513][143]LogScript: Warning: Accessed None trying to read property CallFunc_GetPlayerController_ReturnValue_1
	Main_Menu_C /Game/Map/UEDPIE_0_Main_Menu.Main_Menu:PersistentLevel.Main_Menu_C_1
	Function /Game/Map/Main_Menu.Main_Menu_C:ExecuteUbergraph_Main_Menu:0108
[2026.04.26-18.58.09:513][143]PIE: Error: Blueprint Runtime Error: "Accessed None trying to read property CallFunc_GetPlayerController_ReturnValue_1". Blueprint:  Main_Menu Function:  Execute Ubergraph Main Menu Graph:  EventGraph Node:  Set View Target with Blend
[2026.04.26-18.58.09:513][143]LogScript: Warning: Accessed None trying to read property CallFunc_GetPlayerController_ReturnValue_2
	Main_Menu_C /Game/Map/UEDPIE_0_Main_Menu.Main_Menu:PersistentLevel.Main_Menu_C_1
	Function /Game/Map/Main_Menu.Main_Menu_C:ExecuteUbergraph_Main_Menu:015E
[2026.04.26-18.58.09:513][143]PIE: Error: Blueprint Runtime Error: "Accessed None trying to read property CallFunc_GetPlayerController_ReturnValue_2". Blueprint:  Main_Menu Function:  Execute Ubergraph Main Menu Graph:  EventGraph Node:  Reset Ignore Look Input
[2026.04.26-18.58.09:513][143]LogScript: Warning: Accessed None trying to read property CallFunc_GetPlayerController_ReturnValue_2
	Main_Menu_C /Game/Map/UEDPIE_0_Main_Menu.Main_Menu:PersistentLevel.Main_Menu_C_1
	Function /Game/Map/Main_Menu.Main_Menu_C:ExecuteUbergraph_Main_Menu:019E
[2026.04.26-18.58.09:515][143]PIE: Error: Blueprint Runtime Error: "Accessed None trying to read property CallFunc_GetPlayerController_ReturnValue_2". Blueprint:  Main_Menu Function:  Execute Ubergraph Main Menu Graph:  EventGraph Node:  Reset Ignore Move Input
[2026.04.26-18.58.09:516][143]PIE: Server logged in
[2026.04.26-18.58.09:516][143]PIE: Play in editor total start time 0,146 seconds.
[2026.04.26-18.58.09:518][143]LogAudio: Display: Creating Audio Device:                 Id: 65, Scope: Unique, Realtime: True
[2026.04.26-18.58.09:518][143]LogAudioMixer: Display: Audio Mixer Platform Settings:
[2026.04.26-18.58.09:518][143]LogAudioMixer: Display: 	Sample Rate:						  48000
[2026.04.26-18.58.09:518][143]LogAudioMixer: Display: 	Callback Buffer Frame Size Requested: 512
[2026.04.26-18.58.09:518][143]LogAudioMixer: Display: 	Callback Buffer Frame Size To Use:	  512
[2026.04.26-18.58.09:518][143]LogAudioMixer: Display: 	Number of buffers to queue:			  1
[2026.04.26-18.58.09:518][143]LogAudioMixer: Display: 	Max Channels (voices):				  0
[2026.04.26-18.58.09:518][143]LogAudioMixer: Display: 	Number of Async Source Workers:		  4
[2026.04.26-18.58.09:518][143]LogAudio: Display: AudioDevice MaxSources: 32
[2026.04.26-18.58.09:519][143]LogAudio: Display: Audio Spatialization Plugin: None (built-in).
[2026.04.26-18.58.09:519][143]LogAudio: Display: Audio Reverb Plugin: None (built-in).
[2026.04.26-18.58.09:519][143]LogAudio: Display: Audio Occlusion Plugin: None (built-in).
[2026.04.26-18.58.09:519][143]LogAudioMixer: Display: Initializing audio mixer.
[2026.04.26-18.58.09:525][143]LogAudioMixer: Display: 0: FrontLeft
[2026.04.26-18.58.09:525][143]LogAudioMixer: Display: 1: FrontRight
[2026.04.26-18.58.09:537][143]LogAudioMixer: Display: Using Audio Device Voicemeeter VAIO3 Input (VB-Audio Voicemeeter VAIO)
[2026.04.26-18.58.09:537][143]LogAudioMixer: Display: Initializing Sound Submixes...
[2026.04.26-18.58.09:537][143]LogAudioMixer: Display: Creating Master Submix 'MasterSubmixDefault'
[2026.04.26-18.58.09:538][143]LogAudioMixer: Display: Creating Master Submix 'MasterReverbSubmixDefault'
[2026.04.26-18.58.09:539][143]LogAudioMixer: Display: Creating Master Submix 'MasterEQSubmixDefault'
[2026.04.26-18.58.09:539][143]LogAudioMixer: FMixerPlatformXAudio2::StartAudioStream() called
[2026.04.26-18.58.09:539][143]LogAudioMixer: Display: Output buffers initialized: Frames=512, Channels=2, Samples=1024
[2026.04.26-18.58.09:540][143]LogAudioMixer: Display: Starting AudioMixerPlatformInterface::RunInternal()
[2026.04.26-18.58.09:540][143]LogAudioMixer: Display: FMixerPlatformXAudio2::SubmitBuffer() called for the first time
[2026.04.26-18.58.09:540][143]LogInit: FAudioDevice initialized.
[2026.04.26-18.58.09:540][143]LogAudio: Display: Audio Device (ID: 65) registered with world 'Untitled'.
[2026.04.26-18.58.09:541][143]PIE: Warning: UGameViewportClient::AddCursor: Could not load cursor class 'UI_Cursor_C'.
[2026.04.26-18.58.09:589][143]LogSlate: Updating window title bar state: overlay mode, drag disabled, window buttons hidden, title bar hidden
[2026.04.26-18.58.09:590][143]LogNet: Browse: 127.0.0.1:17777/Game/StarterContent/Maps/Minimal_Default
[2026.04.26-18.58.09:590][143]LogInit: WinSock: Socket queue. Rx: 32768 (config 32768) Tx: 32768 (config 32768)
[2026.04.26-18.58.09:591][143]LogNet: Created socket for bind address: 0.0.0.0 on port 0
[2026.04.26-18.58.09:591][143]PacketHandlerLog: Loaded PacketHandler component: Engine.EngineHandlerComponentFactory (StatelessConnectHandlerComponent)
[2026.04.26-18.58.09:591][143]LogNet: Game client on port 17777, rate 100000
[2026.04.26-18.58.09:594][143]PIE: Client logged in
[2026.04.26-18.58.09:597][143]PIE: Play in editor total start time 0,227 seconds.
[2026.04.26-18.58.09:599][143]LogAudio: Display: Creating Audio Device:                 Id: 66, Scope: Unique, Realtime: True
[2026.04.26-18.58.09:599][143]LogAudioMixer: Display: Audio Mixer Platform Settings:
[2026.04.26-18.58.09:599][143]LogAudioMixer: Display: 	Sample Rate:						  48000
[2026.04.26-18.58.09:599][143]LogAudioMixer: Display: 	Callback Buffer Frame Size Requested: 512
[2026.04.26-18.58.09:599][143]LogAudioMixer: Display: 	Callback Buffer Frame Size To Use:	  512
[2026.04.26-18.58.09:599][143]LogAudioMixer: Display: 	Number of buffers to queue:			  1
[2026.04.26-18.58.09:599][143]LogAudioMixer: Display: 	Max Channels (voices):				  0
[2026.04.26-18.58.09:599][143]LogAudioMixer: Display: 	Number of Async Source Workers:		  4
[2026.04.26-18.58.09:599][143]LogAudio: Display: AudioDevice MaxSources: 32
[2026.04.26-18.58.09:601][143]LogAudio: Display: Audio Spatialization Plugin: None (built-in).
[2026.04.26-18.58.09:601][143]LogAudio: Display: Audio Reverb Plugin: None (built-in).
[2026.04.26-18.58.09:601][143]LogAudio: Display: Audio Occlusion Plugin: None (built-in).
[2026.04.26-18.58.09:601][143]LogAudioMixer: Display: Initializing audio mixer.
[2026.04.26-18.58.09:610][143]LogAudioMixer: Display: 0: FrontLeft
[2026.04.26-18.58.09:610][143]LogAudioMixer: Display: 1: FrontRight
[2026.04.26-18.58.09:623][143]LogAudioMixer: Display: Using Audio Device Voicemeeter VAIO3 Input (VB-Audio Voicemeeter VAIO)
[2026.04.26-18.58.09:623][143]LogAudioMixer: Display: Initializing Sound Submixes...
[2026.04.26-18.58.09:623][143]LogAudioMixer: Display: Creating Master Submix 'MasterSubmixDefault'
[2026.04.26-18.58.09:623][143]LogAudioMixer: Display: Creating Master Submix 'MasterReverbSubmixDefault'
[2026.04.26-18.58.09:624][143]LogAudioMixer: Display: Creating Master Submix 'MasterEQSubmixDefault'
[2026.04.26-18.58.09:624][143]LogAudioMixer: FMixerPlatformXAudio2::StartAudioStream() called
[2026.04.26-18.58.09:624][143]LogAudioMixer: Display: Output buffers initialized: Frames=512, Channels=2, Samples=1024
[2026.04.26-18.58.09:626][143]LogAudioMixer: Display: Starting AudioMixerPlatformInterface::RunInternal()
[2026.04.26-18.58.09:626][143]LogAudioMixer: Display: FMixerPlatformXAudio2::SubmitBuffer() called for the first time
[2026.04.26-18.58.09:626][143]LogInit: FAudioDevice initialized.
[2026.04.26-18.58.09:626][143]LogAudio: Display: Audio Device (ID: 66) registered with world 'Untitled'.
[2026.04.26-18.58.09:626][143]PIE: Warning: UGameViewportClient::AddCursor: Could not load cursor class 'UI_Cursor_C'.
[2026.04.26-18.58.09:672][143]LogSlate: Updating window title bar state: overlay mode, drag disabled, window buttons hidden, title bar hidden
[2026.04.26-18.58.09:672][143]LogNet: Browse: 127.0.0.1:17777/Game/StarterContent/Maps/Minimal_Default
[2026.04.26-18.58.09:673][143]LogInit: WinSock: Socket queue. Rx: 32768 (config 32768) Tx: 32768 (config 32768)
[2026.04.26-18.58.09:673][143]LogNet: Created socket for bind address: 0.0.0.0 on port 0
[2026.04.26-18.58.09:673][143]PacketHandlerLog: Loaded PacketHandler component: Engine.EngineHandlerComponentFactory (StatelessConnectHandlerComponent)
[2026.04.26-18.58.09:673][143]LogNet: Game client on port 17777, rate 100000
[2026.04.26-18.58.09:676][143]PIE: Client logged in
[2026.04.26-18.58.09:679][143]PIE: Play in editor total start time 0,31 seconds.
[2026.04.26-18.58.09:680][143]LogOnline: OSS: Creating online subsystem instance for: :Context_90
[2026.04.26-18.58.09:685][143]LogVoiceEncode: Display: EncoderVersion: libopus unknown
[2026.04.26-18.58.10:619][185]LogNet: NotifyAcceptingConnection accepted from: 127.0.0.1:64968
[2026.04.26-18.58.10:619][185]LogHandshake: SendConnectChallenge. Timestamp: 1.276772, Cookie: 056185121153233156056183040223019132169157102246151140007049
[2026.04.26-18.58.10:620][185]LogHandshake: SendChallengeResponse. Timestamp: 1.276772, Cookie: 056185121153233156056183040223019132169157102246151140007049
[2026.04.26-18.58.10:637][186]LogNet: NotifyAcceptingConnection accepted from: 127.0.0.1:64968
[2026.04.26-18.58.10:638][186]LogHandshake: SendChallengeAck. InCookie: 056185121153233156056183040223019132169157102246151140007049
[2026.04.26-18.58.10:638][186]LogNet: Server accepting post-challenge connection from: 127.0.0.1:64968
[2026.04.26-18.58.10:639][186]PacketHandlerLog: Loaded PacketHandler component: Engine.EngineHandlerComponentFactory (StatelessConnectHandlerComponent)
[2026.04.26-18.58.10:639][186]LogNet: NotifyAcceptedConnection: Name: Main_Menu, TimeStamp: 04/26/26 20:58:10, [UNetConnection] RemoteAddr: 127.0.0.1:64968, Name: IpConnection_10, Driver: GameNetDriver IpNetDriver_10, IsServer: YES, PC: NULL, Owner: NULL, UniqueId: INVALID
[2026.04.26-18.58.10:639][186]LogNet: AddClientConnection: Added client connection: [UNetConnection] RemoteAddr: 127.0.0.1:64968, Name: IpConnection_10, Driver: GameNetDriver IpNetDriver_10, IsServer: YES, PC: NULL, Owner: NULL, UniqueId: INVALID
[2026.04.26-18.58.10:640][186]LogNet: UPendingNetGame::SendInitialJoin: Sending hello. [UNetConnection] RemoteAddr: 127.0.0.1:17777, Name: IpConnection_8, Driver: PendingNetDriver IpNetDriver_11, IsServer: NO, PC: NULL, Owner: NULL, UniqueId: INVALID
[2026.04.26-18.58.10:660][187]LogNet: NotifyAcceptingChannel Control 0 server World /Game/Map/UEDPIE_0_Main_Menu.Main_Menu: Accepted
[2026.04.26-18.58.10:660][187]LogNet: Remote platform little endian=1
[2026.04.26-18.58.10:660][187]LogNet: This platform little endian=1
[2026.04.26-18.58.10:665][187]LogOnline: OSS: Creating online subsystem instance for: :Context_91
[2026.04.26-18.58.10:685][188]LogNet: Login request: ?Name=SIBIDI-B918A2EE47261D70B04EE2A05CC08F15 userId: NULL:SIBIDI-B918A2EE47261D70B04EE2A05CC08F15 platform: NULL
[2026.04.26-18.58.10:686][188]LogNet: Welcomed by server (Level: /Game/Map/UEDPIE_0_Main_Menu, Game: /Game/FirstPerson/FirstPersonBP/Blueprints/FirstPersonGameMode.FirstPersonGameMode_C)
[2026.04.26-18.58.10:687][188]LogLoad: LoadMap: 127.0.0.1:17777/Game/Map/UEDPIE_0_Main_Menu?game=/Game/FirstPerson/FirstPersonBP/Blueprints/FirstPersonGameMode.FirstPersonGameMode_C
[2026.04.26-18.58.10:687][188]LogWorld: BeginTearingDown for /Temp/Untitled_4
[2026.04.26-18.58.10:687][188]LogWorld: UWorld::CleanupWorld for Untitled, bSessionEnded=true, bCleanupResources=true
[2026.04.26-18.58.10:687][188]LogSlate: InvalidateAllWidgets triggered.  All widgets were invalidated
[2026.04.26-18.58.10:798][188]LogAudio: Display: Audio Device unregistered from world 'None'.
[2026.04.26-18.58.10:807][188]LogUObjectHash: Compacting FUObjectHashTables data took   7.13ms
[2026.04.26-18.58.10:813][188]LogAudio: Display: Audio Device (ID: 65) registered with world 'Main_Menu'.
[2026.04.26-18.58.10:814][188]LogAIModule: Creating AISystem for world Main_Menu
[2026.04.26-18.58.10:817][188]LogWorld: Bringing World /Game/Map/UEDPIE_1_Main_Menu.Main_Menu up for play (max tick rate 60) at 2026.04.26-20.58.10
[2026.04.26-18.58.10:818][188]LogWorld: Bringing up level for play took: 0.002439
[2026.04.26-18.58.10:819][188]LogLoad: Took 0.132394 seconds to LoadMap(/Game/Map/UEDPIE_0_Main_Menu)
[2026.04.26-18.58.10:819][188]LogNavigation: Warning: NavData RegistrationFailed_DataPendingKill.
[2026.04.26-18.58.10:819][188]LogVoiceEncode: Display: EncoderVersion: libopus unknown
[2026.04.26-18.58.10:874][189]LogNet: Client netspeed is 100000
[2026.04.26-18.58.10:874][189]LogNet: Join request: /Game/StarterContent/Maps/Minimal_Default?Name=SIBIDI-B918A2EE47261D70B04EE2A05CC08F15?SplitscreenCount=1
[2026.04.26-18.58.10:875][189]LogOnlineSession: Warning: OSS: No game present to join for session (GameSession)
[2026.04.26-18.58.10:883][189]LogNet: Join succeeded: SIBIDI-B918A2EE47261
[2026.04.26-18.58.10:884][189]LogNet: NotifyAcceptingConnection accepted from: 127.0.0.1:64969
[2026.04.26-18.58.10:884][189]LogHandshake: SendConnectChallenge. Timestamp: 1.532172, Cookie: 079151147098253144171041091065250191098031012172198255080037
[2026.04.26-18.58.10:889][189]LogOnlineVoice: OSS: StopLocalVoiceProcessing(0) returned 0xFFFFFFFF
[2026.04.26-18.58.10:889][189]LogOnlineVoice: OSS: Stopping networked voice for user: 0
[2026.04.26-18.58.10:891][189]LogHandshake: SendChallengeResponse. Timestamp: 1.532172, Cookie: 079151147098253144171041091065250191098031012172198255080037
[2026.04.26-18.58.10:921][190]LogNet: NotifyAcceptingConnection accepted from: 127.0.0.1:64969
[2026.04.26-18.58.10:921][190]LogHandshake: SendChallengeAck. InCookie: 079151147098253144171041091065250191098031012172198255080037
[2026.04.26-18.58.10:921][190]LogNet: Server accepting post-challenge connection from: 127.0.0.1:64969
[2026.04.26-18.58.10:922][190]PacketHandlerLog: Loaded PacketHandler component: Engine.EngineHandlerComponentFactory (StatelessConnectHandlerComponent)
[2026.04.26-18.58.10:922][190]LogNet: NotifyAcceptedConnection: Name: Main_Menu, TimeStamp: 04/26/26 20:58:10, [UNetConnection] RemoteAddr: 127.0.0.1:64969, Name: IpConnection_11, Driver: GameNetDriver IpNetDriver_10, IsServer: YES, PC: NULL, Owner: NULL, UniqueId: INVALID
[2026.04.26-18.58.10:922][190]LogNet: AddClientConnection: Added client connection: [UNetConnection] RemoteAddr: 127.0.0.1:64969, Name: IpConnection_11, Driver: GameNetDriver IpNetDriver_10, IsServer: YES, PC: NULL, Owner: NULL, UniqueId: INVALID
[2026.04.26-18.58.10:930][190]LogNet: UPendingNetGame::SendInitialJoin: Sending hello. [UNetConnection] RemoteAddr: 127.0.0.1:17777, Name: IpConnection_9, Driver: PendingNetDriver IpNetDriver_12, IsServer: NO, PC: NULL, Owner: NULL, UniqueId: INVALID
[2026.04.26-18.58.10:955][191]LogNet: NotifyAcceptingChannel Control 0 server World /Game/Map/UEDPIE_0_Main_Menu.Main_Menu: Accepted
[2026.04.26-18.58.10:955][191]LogNet: Remote platform little endian=1
[2026.04.26-18.58.10:955][191]LogNet: This platform little endian=1
[2026.04.26-18.58.10:960][191]LogOnlineSession: Warning: OSS: No game present to join for session (GameSession)
[2026.04.26-18.58.10:962][191]LogOnline: OSS: Creating online subsystem instance for: :Context_92
[2026.04.26-18.58.11:002][192]LogNet: Login request: ?Name=SIBIDI-CDDFC340483D7A79CDC2DA8DB03BDABC userId: NULL:SIBIDI-CDDFC340483D7A79CDC2DA8DB03BDABC platform: NULL
[2026.04.26-18.58.11:005][192]LogNet: Welcomed by server (Level: /Game/Map/UEDPIE_0_Main_Menu, Game: /Game/FirstPerson/FirstPersonBP/Blueprints/FirstPersonGameMode.FirstPersonGameMode_C)
[2026.04.26-18.58.11:005][192]LogLoad: LoadMap: 127.0.0.1:17777/Game/Map/UEDPIE_0_Main_Menu?game=/Game/FirstPerson/FirstPersonBP/Blueprints/FirstPersonGameMode.FirstPersonGameMode_C
[2026.04.26-18.58.11:005][192]LogWorld: BeginTearingDown for /Temp/Untitled_5
[2026.04.26-18.58.11:005][192]LogWorld: UWorld::CleanupWorld for Untitled, bSessionEnded=true, bCleanupResources=true
[2026.04.26-18.58.11:005][192]LogSlate: InvalidateAllWidgets triggered.  All widgets were invalidated
[2026.04.26-18.58.11:117][192]LogAudio: Display: Audio Device unregistered from world 'None'.
[2026.04.26-18.58.11:127][192]LogUObjectHash: Compacting FUObjectHashTables data took   8.71ms
[2026.04.26-18.58.11:137][192]LogAudio: Display: Audio Device (ID: 66) registered with world 'Main_Menu'.
[2026.04.26-18.58.11:138][192]LogAIModule: Creating AISystem for world Main_Menu
[2026.04.26-18.58.11:141][192]LogWorld: Bringing World /Game/Map/UEDPIE_2_Main_Menu.Main_Menu up for play (max tick rate 60) at 2026.04.26-20.58.11
[2026.04.26-18.58.11:142][192]LogWorld: Bringing up level for play took: 0.002036
[2026.04.26-18.58.11:142][192]LogLoad: Took 0.137241 seconds to LoadMap(/Game/Map/UEDPIE_0_Main_Menu)
[2026.04.26-18.58.11:143][192]LogNavigation: Warning: NavData RegistrationFailed_DataPendingKill.
[2026.04.26-18.58.11:143][192]LogVoiceEncode: Display: EncoderVersion: libopus unknown
[2026.04.26-18.58.11:184][193]LogNet: Client netspeed is 100000
[2026.04.26-18.58.11:184][193]LogNet: Join request: /Game/StarterContent/Maps/Minimal_Default?Name=SIBIDI-CDDFC340483D7A79CDC2DA8DB03BDABC?SplitscreenCount=1
[2026.04.26-18.58.11:186][193]LogOnlineSession: Warning: OSS: No game present to join for session (GameSession)
[2026.04.26-18.58.11:190][193]LogNet: Join succeeded: SIBIDI-CDDFC340483D7
[2026.04.26-18.58.11:201][193]LogOnlineSession: Warning: OSS: No game present to join for session (GameSession)
[2026.04.26-18.58.11:205][193]LogOnlineVoice: OSS: StopLocalVoiceProcessing(0) returned 0xFFFFFFFF
[2026.04.26-18.58.11:205][193]LogOnlineVoice: OSS: Stopping networked voice for user: 0
[2026.04.26-18.58.11:275][195]LogOnlineSession: Warning: OSS: No game present to join for session (GameSession)
[2026.04.26-18.58.11:911][215]LogOnlineSession: Warning: OSS: No game present to join for session (GameSession)
[2026.04.26-18.58.27:061][629]LogOnlineVoice: OSS: StartLocalProcessing(0) returned 0xFFFFFFFF
[2026.04.26-18.58.27:061][629]LogOnlineVoice: OSS: Starting networked voice for user: 0
[2026.04.26-18.58.27:274][629]LogOnlineVoice: OSS: RegisterLocalTalker(0) returned 0x00000000
[2026.04.26-18.58.27:275][629]LogOnlineVoice: OSS: Invalid user specified in RegisterLocalTalker(1)
[2026.04.26-18.58.27:275][629]LogOnlineVoice: OSS: Invalid user specified in RegisterLocalTalker(2)
[2026.04.26-18.58.27:275][629]LogOnlineVoice: OSS: Invalid user specified in RegisterLocalTalker(3)
[2026.04.26-18.58.27:282][629]LogNet: Browse: /Game/Map/MP_Lobby??listen
[2026.04.26-18.58.27:282][629]LogLoad: LoadMap: /Game/Map/MP_Lobby??listen
[2026.04.26-18.58.27:283][629]LogWorld: BeginTearingDown for /Game/Map/UEDPIE_2_Main_Menu
[2026.04.26-18.58.27:283][629]LogNet: World NetDriver shutdown IpNetDriver_12 [GameNetDriver]
[2026.04.26-18.58.27:283][629]LogNet: DestroyNamedNetDriver IpNetDriver_12 [GameNetDriver]
[2026.04.26-18.58.27:283][629]LogNet: UNetConnection::Close: [UNetConnection] RemoteAddr: 127.0.0.1:17777, Name: IpConnection_9, Driver: GameNetDriver IpNetDriver_12, IsServer: NO, PC: BP_DefaultController_C_0, Owner: BP_DefaultController_C_0, UniqueId: NULL:SIBIDI-CDDFC340483D7A79CDC2DA8DB03BDABC, Channels: 19, Time: 2026.04.26-18.58.27
[2026.04.26-18.58.27:283][629]LogNet: UChannel::Close: Sending CloseBunch. ChIndex == 0. Name: [UChannel] ChIndex: 0, Closing: 0 [UNetConnection] RemoteAddr: 127.0.0.1:17777, Name: IpConnection_9, Driver: GameNetDriver IpNetDriver_12, IsServer: NO, PC: BP_DefaultController_C_0, Owner: BP_DefaultController_C_0, UniqueId: NULL:SIBIDI-CDDFC340483D7A79CDC2DA8DB03BDABC
[2026.04.26-18.58.27:284][629]LogExit: GameNetDriver IpNetDriver_12 shut down
[2026.04.26-18.58.27:284][629]LogWorld: UWorld::CleanupWorld for Main_Menu, bSessionEnded=true, bCleanupResources=true
[2026.04.26-18.58.27:285][629]LogSlate: InvalidateAllWidgets triggered.  All widgets were invalidated
[2026.04.26-18.58.27:440][629]LogAudio: Display: Audio Device unregistered from world 'None'.
[2026.04.26-18.58.27:457][629]LogUObjectHash: Compacting FUObjectHashTables data took  14.52ms
[2026.04.26-18.58.27:593][629]LogAudio: Display: Audio Device (ID: 66) registered with world 'MP_Lobby'.
[2026.04.26-18.58.27:595][629]LogAIModule: Creating AISystem for world MP_Lobby
[2026.04.26-18.58.27:596][629]LogLoad: Game class is 'FirstPersonGameMode_C'
[2026.04.26-18.58.27:597][629]LogNet: ReplicationDriverClass is null! Not using ReplicationDriver.
[2026.04.26-18.58.27:597][629]LogNetCore: DDoS detection status: detection enabled: 0 analytics enabled: 0
[2026.04.26-18.58.27:597][629]LogInit: WinSock: Socket queue. Rx: 131072 (config 131072) Tx: 131072 (config 131072)
[2026.04.26-18.58.27:598][629]LogNet: Created socket for bind address: 0.0.0.0 on port 7777
[2026.04.26-18.58.27:598][629]PacketHandlerLog: Loaded PacketHandler component: Engine.EngineHandlerComponentFactory (StatelessConnectHandlerComponent)
[2026.04.26-18.58.27:598][629]LogNet: GameNetDriver IpNetDriver_13 IpNetDriver listening on port 7777
[2026.04.26-18.58.27:611][629]LogWorld: Bringing World /Game/Map/UEDPIE_2_MP_Lobby.MP_Lobby up for play (max tick rate 60) at 2026.04.26-20.58.27
[2026.04.26-18.58.27:611][629]LogWorld: Bringing up level for play took: 0.013635
[2026.04.26-18.58.27:613][629]LogOnlineVoice: OSS: StopLocalVoiceProcessing(0) returned 0x00000000
[2026.04.26-18.58.27:613][629]LogOnlineVoice: OSS: Stopping networked voice for user: 0
[2026.04.26-18.58.27:620][629]PIE: Error: SetInputMode_UIOnly expects a valid player controller as 'PlayerController' target
[2026.04.26-18.58.27:621][629]LogLoad: Took 0.338050 seconds to LoadMap(/Game/Map/MP_Lobby)
[2026.04.26-18.58.27:654][630]LogNet: UChannel::ReceivedSequencedBunch: Bunch.bClose == true. ChIndex == 0. Calling ConditionalCleanUp.
[2026.04.26-18.58.27:654][630]LogNet: UChannel::CleanUp: ChIndex == 0. Closing connection. [UChannel] ChIndex: 0, Closing: 0 [UNetConnection] RemoteAddr: 127.0.0.1:64969, Name: IpConnection_11, Driver: GameNetDriver IpNetDriver_10, IsServer: YES, PC: BP_DefaultController_C_1, Owner: BP_DefaultController_C_1, UniqueId: NULL:SIBIDI-CDDFC340483D7A79CDC2DA8DB03BDABC
[2026.04.26-18.58.27:654][630]LogNet: UNetConnection::Close: [UNetConnection] RemoteAddr: 127.0.0.1:64969, Name: IpConnection_11, Driver: GameNetDriver IpNetDriver_10, IsServer: YES, PC: BP_DefaultController_C_1, Owner: BP_DefaultController_C_1, UniqueId: NULL:SIBIDI-CDDFC340483D7A79CDC2DA8DB03BDABC, Channels: 19, Time: 2026.04.26-18.58.27
[2026.04.26-18.58.27:654][630]LogNet: UChannel::Close: Sending CloseBunch. ChIndex == 0. Name: [UChannel] ChIndex: 0, Closing: 0 [UNetConnection] RemoteAddr: 127.0.0.1:64969, Name: IpConnection_11, Driver: GameNetDriver IpNetDriver_10, IsServer: YES, PC: BP_DefaultController_C_1, Owner: BP_DefaultController_C_1, UniqueId: NULL:SIBIDI-CDDFC340483D7A79CDC2DA8DB03BDABC
[2026.04.26-18.58.27:658][630]LogOnlineSession: Warning: OSS: No game present to leave for session (GameSession)
[2026.04.26-18.58.27:660][630]LogOnlineSession: Warning: OSS: No game present to leave for session (GameSession)
[2026.04.26-18.58.38:452][954]LogOnlineSession: Warning: OSS: Ignoring game search request while one is pending
[2026.04.26-18.58.38:642][960]LogOnlineSession: Warning: OSS: Ignoring game search request while one is pending
[2026.04.26-18.58.39:386][983]LogBlueprintUserMessages: [SERVER_LIST_C_0] Client 1: GOOD
[2026.04.26-18.58.39:387][983]LogBlueprintUserMessages: [SERVER_LIST_C_0] Client 1: GOOD
[2026.04.26-18.58.39:387][983]LogBlueprintUserMessages: [SERVER_LIST_C_0] Client 1: GOOD
[2026.04.26-18.58.40:228][  9]LogOnlineVoice: OSS: StartLocalProcessing(0) returned 0xFFFFFFFF
[2026.04.26-18.58.40:229][  9]LogOnlineVoice: OSS: Starting networked voice for user: 0
[2026.04.26-18.58.40:261][  9]LogOnlineVoice: OSS: RegisterLocalTalker(0) returned 0x00000000
[2026.04.26-18.58.40:261][  9]LogOnlineVoice: OSS: Invalid user specified in RegisterLocalTalker(1)
[2026.04.26-18.58.40:261][  9]LogOnlineVoice: OSS: Invalid user specified in RegisterLocalTalker(2)
[2026.04.26-18.58.40:261][  9]LogOnlineVoice: OSS: Invalid user specified in RegisterLocalTalker(3)
[2026.04.26-18.58.40:261][  9]LogOnlineSession: OSS: Join session: traveling to 192.168.0.4:7777
[2026.04.26-18.58.40:261][  9]LogBlueprintUserMessages: [SERVER_C_0] Client 1: Hello
[2026.04.26-18.58.40:265][  9]LogNet: Browse: 192.168.0.4/Game/StarterContent/Maps/Minimal_Default
[2026.04.26-18.58.40:265][  9]LogNet: World NetDriver shutdown IpNetDriver_11 [GameNetDriver]
[2026.04.26-18.58.40:265][  9]LogNet: DestroyNamedNetDriver IpNetDriver_11 [GameNetDriver]
[2026.04.26-18.58.40:265][  9]LogNet: UNetConnection::Close: [UNetConnection] RemoteAddr: 127.0.0.1:17777, Name: IpConnection_8, Driver: GameNetDriver IpNetDriver_11, IsServer: NO, PC: BP_DefaultController_C_0, Owner: BP_DefaultController_C_0, UniqueId: NULL:SIBIDI-B918A2EE47261D70B04EE2A05CC08F15, Channels: 13, Time: 2026.04.26-18.58.40
[2026.04.26-18.58.40:265][  9]LogNet: UChannel::Close: Sending CloseBunch. ChIndex == 0. Name: [UChannel] ChIndex: 0, Closing: 0 [UNetConnection] RemoteAddr: 127.0.0.1:17777, Name: IpConnection_8, Driver: GameNetDriver IpNetDriver_11, IsServer: NO, PC: BP_DefaultController_C_0, Owner: BP_DefaultController_C_0, UniqueId: NULL:SIBIDI-B918A2EE47261D70B04EE2A05CC08F15
[2026.04.26-18.58.40:266][  9]LogExit: GameNetDriver IpNetDriver_11 shut down
[2026.04.26-18.58.40:266][  9]LogInit: WinSock: Socket queue. Rx: 32768 (config 32768) Tx: 32768 (config 32768)
[2026.04.26-18.58.40:266][  9]LogNet: Created socket for bind address: 0.0.0.0 on port 0
[2026.04.26-18.58.40:267][  9]PacketHandlerLog: Loaded PacketHandler component: Engine.EngineHandlerComponentFactory (StatelessConnectHandlerComponent)
[2026.04.26-18.58.40:267][  9]LogNet: Game client on port 7777, rate 100000
[2026.04.26-18.58.40:292][ 10]LogNet: UChannel::ReceivedSequencedBunch: Bunch.bClose == true. ChIndex == 0. Calling ConditionalCleanUp.
[2026.04.26-18.58.40:292][ 10]LogNet: UChannel::CleanUp: ChIndex == 0. Closing connection. [UChannel] ChIndex: 0, Closing: 0 [UNetConnection] RemoteAddr: 127.0.0.1:64968, Name: IpConnection_10, Driver: GameNetDriver IpNetDriver_10, IsServer: YES, PC: BP_DefaultController_C_0, Owner: BP_DefaultController_C_0, UniqueId: NULL:SIBIDI-B918A2EE47261D70B04EE2A05CC08F15
[2026.04.26-18.58.40:292][ 10]LogNet: UNetConnection::Close: [UNetConnection] RemoteAddr: 127.0.0.1:64968, Name: IpConnection_10, Driver: GameNetDriver IpNetDriver_10, IsServer: YES, PC: BP_DefaultController_C_0, Owner: BP_DefaultController_C_0, UniqueId: NULL:SIBIDI-B918A2EE47261D70B04EE2A05CC08F15, Channels: 13, Time: 2026.04.26-18.58.40
[2026.04.26-18.58.40:292][ 10]LogNet: UChannel::Close: Sending CloseBunch. ChIndex == 0. Name: [UChannel] ChIndex: 0, Closing: 0 [UNetConnection] RemoteAddr: 127.0.0.1:64968, Name: IpConnection_10, Driver: GameNetDriver IpNetDriver_10, IsServer: YES, PC: BP_DefaultController_C_0, Owner: BP_DefaultController_C_0, UniqueId: NULL:SIBIDI-B918A2EE47261D70B04EE2A05CC08F15
[2026.04.26-18.58.40:293][ 10]LogOnlineSession: Warning: OSS: No game present to leave for session (GameSession)
[2026.04.26-18.58.41:278][ 41]LogNet: NotifyAcceptingConnection accepted from: 192.168.0.4:64972
[2026.04.26-18.58.41:278][ 41]LogHandshake: SendConnectChallenge. Timestamp: 14.259525, Cookie: 229219242118052191106148105147221109112030014218078141132048
[2026.04.26-18.58.41:310][ 42]LogHandshake: SendChallengeResponse. Timestamp: 14.259525, Cookie: 229219242118052191106148105147221109112030014218078141132048
[2026.04.26-18.58.41:311][ 42]LogNet: NotifyAcceptingConnection accepted from: 192.168.0.4:64972
[2026.04.26-18.58.41:311][ 42]LogHandshake: SendChallengeAck. InCookie: 229219242118052191106148105147221109112030014218078141132048
[2026.04.26-18.58.41:312][ 42]LogNet: Server accepting post-challenge connection from: 192.168.0.4:64972
[2026.04.26-18.58.41:312][ 42]PacketHandlerLog: Loaded PacketHandler component: Engine.EngineHandlerComponentFactory (StatelessConnectHandlerComponent)
[2026.04.26-18.58.41:312][ 42]LogNet: NotifyAcceptedConnection: Name: MP_Lobby, TimeStamp: 04/26/26 20:58:41, [UNetConnection] RemoteAddr: 192.168.0.4:64972, Name: IpConnection_13, Driver: GameNetDriver IpNetDriver_13, IsServer: YES, PC: NULL, Owner: NULL, UniqueId: INVALID
[2026.04.26-18.58.41:312][ 42]LogNet: AddClientConnection: Added client connection: [UNetConnection] RemoteAddr: 192.168.0.4:64972, Name: IpConnection_13, Driver: GameNetDriver IpNetDriver_13, IsServer: YES, PC: NULL, Owner: NULL, UniqueId: INVALID
[2026.04.26-18.58.41:342][ 43]LogNet: UPendingNetGame::SendInitialJoin: Sending hello. [UNetConnection] RemoteAddr: 192.168.0.4:7777, Name: IpConnection_12, Driver: PendingNetDriver IpNetDriver_14, IsServer: NO, PC: NULL, Owner: NULL, UniqueId: INVALID
[2026.04.26-18.58.41:344][ 43]LogNet: NotifyAcceptingChannel Control 0 server World /Game/Map/UEDPIE_2_MP_Lobby.MP_Lobby: Accepted
[2026.04.26-18.58.41:344][ 43]LogNet: Remote platform little endian=1
[2026.04.26-18.58.41:344][ 43]LogNet: This platform little endian=1
[2026.04.26-18.58.41:377][ 44]LogNet: Login request: ?Name=SIBIDI-B918A2EE47261D70B04EE2A05CC08F15 userId: NULL:SIBIDI-B918A2EE47261D70B04EE2A05CC08F15 platform: NULL
[2026.04.26-18.58.41:407][ 45]LogNet: Welcomed by server (Level: /Game/Map/UEDPIE_2_MP_Lobby, Game: /Game/FirstPerson/FirstPersonBP/Blueprints/FirstPersonGameMode.FirstPersonGameMode_C)
[2026.04.26-18.58.41:407][ 45]LogLoad: LoadMap: 192.168.0.4/Game/Map/UEDPIE_2_MP_Lobby?game=/Game/FirstPerson/FirstPersonBP/Blueprints/FirstPersonGameMode.FirstPersonGameMode_C
[2026.04.26-18.58.41:407][ 45]LogWorld: BeginTearingDown for /Game/Map/UEDPIE_1_Main_Menu
[2026.04.26-18.58.41:408][ 45]LogWorld: UWorld::CleanupWorld for Main_Menu, bSessionEnded=true, bCleanupResources=true
[2026.04.26-18.58.41:409][ 45]LogSlate: InvalidateAllWidgets triggered.  All widgets were invalidated
[2026.04.26-18.58.41:541][ 45]LogAudio: Display: Audio Device unregistered from world 'None'.
[2026.04.26-18.58.41:553][ 45]LogUObjectHash: Compacting FUObjectHashTables data took   8.59ms
[2026.04.26-18.58.41:623][ 45]LogAudio: Display: Audio Device (ID: 65) registered with world 'MP_Lobby'.
[2026.04.26-18.58.41:625][ 45]LogAIModule: Creating AISystem for world MP_Lobby
[2026.04.26-18.58.41:637][ 45]LogWorld: Bringing World /Game/Map/UEDPIE_1_MP_Lobby.MP_Lobby up for play (max tick rate 60) at 2026.04.26-20.58.41
[2026.04.26-18.58.41:637][ 45]LogWorld: Bringing up level for play took: 0.010960
[2026.04.26-18.58.41:637][ 45]LogLoad: Took 0.230139 seconds to LoadMap(/Game/Map/UEDPIE_2_MP_Lobby)
[2026.04.26-18.58.41:640][ 45]LogNet: Client netspeed is 100000
[2026.04.26-18.58.41:640][ 45]LogNet: Join request: /Game/StarterContent/Maps/Minimal_Default?Name=SIBIDI-B918A2EE47261D70B04EE2A05CC08F15?SplitscreenCount=1
[2026.04.26-18.58.41:641][ 45]LogOnlineVoice: OSS: RegisterRemoteTalker(SIBIDI-B918A2EE47261D70B04EE2A05CC08F15) returned 0x00000000
[2026.04.26-18.58.41:641][ 45]LogOnlineVoice: OSS: StartRemoteVoiceProcessing(SIBIDI-B918A2EE47261D70B04EE2A05CC08F15) returned 0x00000000
[2026.04.26-18.58.41:648][ 45]LogNet: Join succeeded: SIBIDI-B918A2EE47261
[2026.04.26-18.58.41:704][ 46]LogOnlineVoice: OSS: StopLocalVoiceProcessing(0) returned 0x00000000
[2026.04.26-18.58.41:704][ 46]LogOnlineVoice: OSS: Stopping networked voice for user: 0
[2026.04.26-18.58.41:828][ 48]PIE: Error: SetInputMode_UIOnly expects a valid player controller as 'PlayerController' target
[2026.04.26-18.58.41:828][ 48]LogOnlineVoice: OSS: RegisterRemoteTalker(SIBIDI-CDDFC340483D7A79CDC2DA8DB03BDABC) returned 0x00000000
[2026.04.26-18.58.41:828][ 48]LogOnlineVoice: OSS: StartRemoteVoiceProcessing(SIBIDI-CDDFC340483D7A79CDC2DA8DB03BDABC) returned 0x00000000
[2026.04.26-18.58.41:832][ 48]LogOnlineVoice: OSS: Unmuting remote talker (SIBIDI-B918A2EE47261D70B04EE2A05CC08F15)
[2026.04.26-18.58.41:860][ 49]LogOnlineVoice: OSS: Unmuting remote talker (SIBIDI-CDDFC340483D7A79CDC2DA8DB03BDABC)
[2026.04.26-18.58.50:869][300]LogSlate: Updating window title bar state: overlay mode, drag disabled, window buttons hidden, title bar hidden
[2026.04.26-18.58.50:869][300]LogWorld: BeginTearingDown for /Game/Map/UEDPIE_2_MP_Lobby
[2026.04.26-18.58.50:870][300]LogSlate: Window 'Playtime_Multiplayer Preview [NetMode: Client 2]  (64-bit/Windows) ' being destroyed
[2026.04.26-18.58.50:885][300]LogWorld: UWorld::CleanupWorld for MP_Lobby, bSessionEnded=true, bCleanupResources=true
[2026.04.26-18.58.50:891][300]LogSlate: InvalidateAllWidgets triggered.  All widgets were invalidated
[2026.04.26-18.58.50:902][300]LogNet: World NetDriver shutdown IpNetDriver_13 [GameNetDriver]
[2026.04.26-18.58.50:902][300]LogNet: DestroyNamedNetDriver IpNetDriver_13 [GameNetDriver]
[2026.04.26-18.58.50:902][300]LogNet: UNetConnection::Cleanup: Closing open connection. [UNetConnection] RemoteAddr: 192.168.0.4:64972, Name: IpConnection_13, Driver: GameNetDriver IpNetDriver_13, IsServer: YES, PC: BP_DefaultController_C_1, Owner: BP_DefaultController_C_1, UniqueId: NULL:SIBIDI-B918A2EE47261D70B04EE2A05CC08F15
[2026.04.26-18.58.50:903][300]LogNet: UNetConnection::Close: [UNetConnection] RemoteAddr: 192.168.0.4:64972, Name: IpConnection_13, Driver: GameNetDriver IpNetDriver_13, IsServer: YES, PC: BP_DefaultController_C_1, Owner: BP_DefaultController_C_1, UniqueId: NULL:SIBIDI-B918A2EE47261D70B04EE2A05CC08F15, Channels: 19, Time: 2026.04.26-18.58.50
[2026.04.26-18.58.50:903][300]LogNet: UChannel::Close: Sending CloseBunch. ChIndex == 0. Name: [UChannel] ChIndex: 0, Closing: 0 [UNetConnection] RemoteAddr: 192.168.0.4:64972, Name: IpConnection_13, Driver: GameNetDriver IpNetDriver_13, IsServer: YES, PC: BP_DefaultController_C_1, Owner: BP_DefaultController_C_1, UniqueId: NULL:SIBIDI-B918A2EE47261D70B04EE2A05CC08F15
[2026.04.26-18.58.50:903][300]LogExit: GameNetDriver IpNetDriver_13 shut down
[2026.04.26-18.58.50:908][300]LogWorld: BeginTearingDown for /Game/Map/UEDPIE_1_MP_Lobby
[2026.04.26-18.58.50:908][300]LogSlate: Updating window title bar state: overlay mode, drag disabled, window buttons hidden, title bar hidden
[2026.04.26-18.58.50:908][300]LogSlate: Window 'Playtime_Multiplayer Preview [NetMode: Client 1]  (64-bit/Windows) ' being destroyed
[2026.04.26-18.58.50:921][300]LogWorld: UWorld::CleanupWorld for MP_Lobby, bSessionEnded=true, bCleanupResources=true
[2026.04.26-18.58.50:923][300]LogSlate: InvalidateAllWidgets triggered.  All widgets were invalidated
[2026.04.26-18.58.50:936][300]LogNet: World NetDriver shutdown IpNetDriver_14 [GameNetDriver]
[2026.04.26-18.58.50:936][300]LogNet: DestroyNamedNetDriver IpNetDriver_14 [GameNetDriver]
[2026.04.26-18.58.50:936][300]LogNet: UNetConnection::Close: [UNetConnection] RemoteAddr: 192.168.0.4:7777, Name: IpConnection_12, Driver: GameNetDriver IpNetDriver_14, IsServer: NO, PC: BP_DefaultController_C_0, Owner: BP_DefaultController_C_0, UniqueId: NULL:SIBIDI-B918A2EE47261D70B04EE2A05CC08F15, Channels: 19, Time: 2026.04.26-18.58.50
[2026.04.26-18.58.50:936][300]LogNet: UChannel::Close: Sending CloseBunch. ChIndex == 0. Name: [UChannel] ChIndex: 0, Closing: 0 [UNetConnection] RemoteAddr: 192.168.0.4:7777, Name: IpConnection_12, Driver: GameNetDriver IpNetDriver_14, IsServer: NO, PC: BP_DefaultController_C_0, Owner: BP_DefaultController_C_0, UniqueId: NULL:SIBIDI-B918A2EE47261D70B04EE2A05CC08F15
[2026.04.26-18.58.50:937][300]LogExit: GameNetDriver IpNetDriver_14 shut down
[2026.04.26-18.58.50:977][300]LogWorld: BeginTearingDown for /Game/Map/UEDPIE_0_Main_Menu
[2026.04.26-18.58.50:977][300]LogWorld: UWorld::CleanupWorld for Main_Menu, bSessionEnded=true, bCleanupResources=true
[2026.04.26-18.58.50:978][300]LogSlate: InvalidateAllWidgets triggered.  All widgets were invalidated
[2026.04.26-18.58.50:978][300]LogNet: World NetDriver shutdown IpNetDriver_10 [GameNetDriver]
[2026.04.26-18.58.50:978][300]LogNet: DestroyNamedNetDriver IpNetDriver_10 [GameNetDriver]
[2026.04.26-18.58.50:978][300]LogExit: GameNetDriver IpNetDriver_10 shut down
[2026.04.26-18.58.50:980][300]LogPlayLevel: Display: Shutting down PIE online subsystems
[2026.04.26-18.58.50:994][300]LogSlate: InvalidateAllWidgets triggered.  All widgets were invalidated
[2026.04.26-18.58.51:103][300]LogAudioMixer: FMixerPlatformXAudio2::StopAudioStream() called
[2026.04.26-18.58.51:104][300]LogAudioMixer: FMixerPlatformXAudio2::StopAudioStream() called
[2026.04.26-18.58.51:107][300]LogAudioMixer: FMixerPlatformXAudio2::StopAudioStream() called
[2026.04.26-18.58.51:109][300]LogAudioMixer: FMixerPlatformXAudio2::StopAudioStream() called
[2026.04.26-18.58.51:130][300]LogUObjectHash: Compacting FUObjectHashTables data took   7.52ms
[2026.04.26-18.58.51:253][301]LogPlayLevel: Display: Destroying online subsystem :Context_92
[2026.04.26-18.58.51:253][301]LogPlayLevel: Display: Destroying online subsystem :Context_91
[2026.04.26-18.58.51:253][301]LogPlayLevel: Display: Destroying online subsystem :Context_90
[2026.04.26-18.59.15:232][644]BlueprintLog: New page: Compile choice_play
[2026.04.26-18.59.15:350][644]LogUObjectHash: Compacting FUObjectHashTables data took   6.97ms
[2026.04.26-19.00.37:308][ 31]LogTemp: Repeating last play command: New Editor Window (PIE)
[2026.04.26-19.00.37:320][ 31]BlueprintLog: New page: Pre-Play auto-recompile
[2026.04.26-19.00.37:329][ 31]LogPlayLevel: [PlayLevel] Compiling SERVER_LIST before play...
[2026.04.26-19.00.37:575][ 31]LogUObjectHash: Compacting FUObjectHashTables data took  10.16ms
[2026.04.26-19.00.37:579][ 31]LogPlayLevel: PlayLevel: Blueprint regeneration took 259 ms (1 blueprints)
[2026.04.26-19.00.37:580][ 31]PIE: New page: PIE session: Main_Menu (26 апр. 2026 г., 23:00:37)
[2026.04.26-19.00.37:587][ 31]LogPlayLevel: Creating play world package: /Game/Map/UEDPIE_0_Main_Menu
[2026.04.26-19.00.37:592][ 31]LogPlayLevel: PIE: StaticDuplicateObject took: (0.005082s)
[2026.04.26-19.00.37:594][ 31]LogAIModule: Creating AISystem for world Main_Menu
[2026.04.26-19.00.37:594][ 31]LogPlayLevel: PIE: World Init took: (0.002302s)
[2026.04.26-19.00.37:595][ 31]LogPlayLevel: PIE: Created PIE world by copying editor world from /Game/Map/Main_Menu.Main_Menu to /Game/Map/UEDPIE_0_Main_Menu.Main_Menu (0.007674s)
[2026.04.26-19.00.37:695][ 31]LogUObjectHash: Compacting FUObjectHashTables data took   8.00ms
[2026.04.26-19.00.37:697][ 31]LogLoad: Game class is 'FirstPersonGameMode_C'
[2026.04.26-19.00.37:699][ 31]LogWorld: Bringing World /Game/Map/UEDPIE_0_Main_Menu.Main_Menu up for play (max tick rate 60) at 2026.04.26-21.00.37
[2026.04.26-19.00.37:700][ 31]LogWorld: Bringing up level for play took: 0.002210
[2026.04.26-19.00.37:700][ 31]LogNet: ReplicationDriverClass is null! Not using ReplicationDriver.
[2026.04.26-19.00.37:700][ 31]LogNetCore: DDoS detection status: detection enabled: 0 analytics enabled: 0
[2026.04.26-19.00.37:700][ 31]LogInit: WinSock: Socket queue. Rx: 131072 (config 131072) Tx: 131072 (config 131072)
[2026.04.26-19.00.37:700][ 31]LogNet: Created socket for bind address: 0.0.0.0 on port 17777
[2026.04.26-19.00.37:700][ 31]PacketHandlerLog: Loaded PacketHandler component: Engine.EngineHandlerComponentFactory (StatelessConnectHandlerComponent)
[2026.04.26-19.00.37:700][ 31]LogNet: GameNetDriver IpNetDriver_15 IpNetDriver listening on port 17777
[2026.04.26-19.00.37:701][ 31]LogScript: Warning: Accessed None trying to read property CallFunc_Create_ReturnValue
	Main_Menu_C /Game/Map/UEDPIE_0_Main_Menu.Main_Menu:PersistentLevel.Main_Menu_C_1
	Function /Game/Map/Main_Menu.Main_Menu_C:ExecuteUbergraph_Main_Menu:004C
[2026.04.26-19.00.37:701][ 31]PIE: Error: Blueprint Runtime Error: "Accessed None trying to read property CallFunc_Create_ReturnValue". Blueprint:  Main_Menu Function:  Execute Ubergraph Main Menu Graph:  EventGraph Node:  Add to Viewport
[2026.04.26-19.00.37:701][ 31]LogScript: Warning: Accessed None trying to read property CallFunc_GetPlayerController_ReturnValue
	Main_Menu_C /Game/Map/UEDPIE_0_Main_Menu.Main_Menu:PersistentLevel.Main_Menu_C_1
	Function /Game/Map/Main_Menu.Main_Menu_C:ExecuteUbergraph_Main_Menu:008E
[2026.04.26-19.00.37:701][ 31]PIE: Error: Blueprint Runtime Error: "Accessed None trying to read property CallFunc_GetPlayerController_ReturnValue". Blueprint:  Main_Menu Function:  Execute Ubergraph Main Menu Graph:  EventGraph Node:  Set bShowMouseCursor
[2026.04.26-19.00.37:701][ 31]LogScript: Warning: Accessed None trying to read property CallFunc_GetPlayerController_ReturnValue_1
	Main_Menu_C /Game/Map/UEDPIE_0_Main_Menu.Main_Menu:PersistentLevel.Main_Menu_C_1
	Function /Game/Map/Main_Menu.Main_Menu_C:ExecuteUbergraph_Main_Menu:0108
[2026.04.26-19.00.37:701][ 31]PIE: Error: Blueprint Runtime Error: "Accessed None trying to read property CallFunc_GetPlayerController_ReturnValue_1". Blueprint:  Main_Menu Function:  Execute Ubergraph Main Menu Graph:  EventGraph Node:  Set View Target with Blend
[2026.04.26-19.00.37:701][ 31]LogScript: Warning: Accessed None trying to read property CallFunc_GetPlayerController_ReturnValue_2
	Main_Menu_C /Game/Map/UEDPIE_0_Main_Menu.Main_Menu:PersistentLevel.Main_Menu_C_1
	Function /Game/Map/Main_Menu.Main_Menu_C:ExecuteUbergraph_Main_Menu:015E
[2026.04.26-19.00.37:701][ 31]PIE: Error: Blueprint Runtime Error: "Accessed None trying to read property CallFunc_GetPlayerController_ReturnValue_2". Blueprint:  Main_Menu Function:  Execute Ubergraph Main Menu Graph:  EventGraph Node:  Reset Ignore Look Input
[2026.04.26-19.00.37:701][ 31]LogScript: Warning: Accessed None trying to read property CallFunc_GetPlayerController_ReturnValue_2
	Main_Menu_C /Game/Map/UEDPIE_0_Main_Menu.Main_Menu:PersistentLevel.Main_Menu_C_1
	Function /Game/Map/Main_Menu.Main_Menu_C:ExecuteUbergraph_Main_Menu:019E
[2026.04.26-19.00.37:701][ 31]PIE: Error: Blueprint Runtime Error: "Accessed None trying to read property CallFunc_GetPlayerController_ReturnValue_2". Blueprint:  Main_Menu Function:  Execute Ubergraph Main Menu Graph:  EventGraph Node:  Reset Ignore Move Input
[2026.04.26-19.00.37:701][ 31]PIE: Server logged in
[2026.04.26-19.00.37:701][ 31]PIE: Play in editor total start time 0,383 seconds.
[2026.04.26-19.00.37:703][ 31]LogAudio: Display: Creating Audio Device:                 Id: 67, Scope: Unique, Realtime: True
[2026.04.26-19.00.37:703][ 31]LogAudioMixer: Display: Audio Mixer Platform Settings:
[2026.04.26-19.00.37:703][ 31]LogAudioMixer: Display: 	Sample Rate:						  48000
[2026.04.26-19.00.37:703][ 31]LogAudioMixer: Display: 	Callback Buffer Frame Size Requested: 512
[2026.04.26-19.00.37:703][ 31]LogAudioMixer: Display: 	Callback Buffer Frame Size To Use:	  512
[2026.04.26-19.00.37:703][ 31]LogAudioMixer: Display: 	Number of buffers to queue:			  1
[2026.04.26-19.00.37:703][ 31]LogAudioMixer: Display: 	Max Channels (voices):				  0
[2026.04.26-19.00.37:703][ 31]LogAudioMixer: Display: 	Number of Async Source Workers:		  4
[2026.04.26-19.00.37:703][ 31]LogAudio: Display: AudioDevice MaxSources: 32
[2026.04.26-19.00.37:704][ 31]LogAudio: Display: Audio Spatialization Plugin: None (built-in).
[2026.04.26-19.00.37:704][ 31]LogAudio: Display: Audio Reverb Plugin: None (built-in).
[2026.04.26-19.00.37:704][ 31]LogAudio: Display: Audio Occlusion Plugin: None (built-in).
[2026.04.26-19.00.37:705][ 31]LogAudioMixer: Display: Initializing audio mixer.
[2026.04.26-19.00.37:709][ 31]LogAudioMixer: Display: 0: FrontLeft
[2026.04.26-19.00.37:709][ 31]LogAudioMixer: Display: 1: FrontRight
[2026.04.26-19.00.37:721][ 31]LogAudioMixer: Display: Using Audio Device Voicemeeter VAIO3 Input (VB-Audio Voicemeeter VAIO)
[2026.04.26-19.00.37:721][ 31]LogAudioMixer: Display: Initializing Sound Submixes...
[2026.04.26-19.00.37:721][ 31]LogAudioMixer: Display: Creating Master Submix 'MasterSubmixDefault'
[2026.04.26-19.00.37:721][ 31]LogAudioMixer: Display: Creating Master Submix 'MasterReverbSubmixDefault'
[2026.04.26-19.00.37:722][ 31]LogAudioMixer: Display: Creating Master Submix 'MasterEQSubmixDefault'
[2026.04.26-19.00.37:722][ 31]LogAudioMixer: FMixerPlatformXAudio2::StartAudioStream() called
[2026.04.26-19.00.37:722][ 31]LogAudioMixer: Display: Output buffers initialized: Frames=512, Channels=2, Samples=1024
[2026.04.26-19.00.37:724][ 31]LogAudioMixer: Display: Starting AudioMixerPlatformInterface::RunInternal()
[2026.04.26-19.00.37:724][ 31]LogAudioMixer: Display: FMixerPlatformXAudio2::SubmitBuffer() called for the first time
[2026.04.26-19.00.37:724][ 31]LogInit: FAudioDevice initialized.
[2026.04.26-19.00.37:724][ 31]LogAudioMixer: Display: Audio Buffer Underrun (starvation) detected.
[2026.04.26-19.00.37:724][ 31]LogAudio: Display: Audio Device (ID: 67) registered with world 'Untitled'.
[2026.04.26-19.00.37:725][ 31]PIE: Warning: UGameViewportClient::AddCursor: Could not load cursor class 'UI_Cursor_C'.
[2026.04.26-19.00.37:786][ 31]LogSlate: Updating window title bar state: overlay mode, drag disabled, window buttons hidden, title bar hidden
[2026.04.26-19.00.37:786][ 31]LogNet: Browse: 127.0.0.1:17777/Game/StarterContent/Maps/Minimal_Default
[2026.04.26-19.00.37:787][ 31]LogInit: WinSock: Socket queue. Rx: 32768 (config 32768) Tx: 32768 (config 32768)
[2026.04.26-19.00.37:787][ 31]LogNet: Created socket for bind address: 0.0.0.0 on port 0
[2026.04.26-19.00.37:787][ 31]PacketHandlerLog: Loaded PacketHandler component: Engine.EngineHandlerComponentFactory (StatelessConnectHandlerComponent)
[2026.04.26-19.00.37:787][ 31]LogNet: Game client on port 17777, rate 100000
[2026.04.26-19.00.37:790][ 31]PIE: Client logged in
[2026.04.26-19.00.37:792][ 31]PIE: Play in editor total start time 0,474 seconds.
[2026.04.26-19.00.37:796][ 31]LogAudio: Display: Creating Audio Device:                 Id: 68, Scope: Unique, Realtime: True
[2026.04.26-19.00.37:796][ 31]LogAudioMixer: Display: Audio Mixer Platform Settings:
[2026.04.26-19.00.37:796][ 31]LogAudioMixer: Display: 	Sample Rate:						  48000
[2026.04.26-19.00.37:796][ 31]LogAudioMixer: Display: 	Callback Buffer Frame Size Requested: 512
[2026.04.26-19.00.37:797][ 31]LogAudioMixer: Display: 	Callback Buffer Frame Size To Use:	  512
[2026.04.26-19.00.37:797][ 31]LogAudioMixer: Display: 	Number of buffers to queue:			  1
[2026.04.26-19.00.37:797][ 31]LogAudioMixer: Display: 	Max Channels (voices):				  0
[2026.04.26-19.00.37:797][ 31]LogAudioMixer: Display: 	Number of Async Source Workers:		  4
[2026.04.26-19.00.37:797][ 31]LogAudio: Display: AudioDevice MaxSources: 32
[2026.04.26-19.00.37:798][ 31]LogAudio: Display: Audio Spatialization Plugin: None (built-in).
[2026.04.26-19.00.37:798][ 31]LogAudio: Display: Audio Reverb Plugin: None (built-in).
[2026.04.26-19.00.37:798][ 31]LogAudio: Display: Audio Occlusion Plugin: None (built-in).
[2026.04.26-19.00.37:799][ 31]LogAudioMixer: Display: Initializing audio mixer.
[2026.04.26-19.00.37:807][ 31]LogAudioMixer: Display: 0: FrontLeft
[2026.04.26-19.00.37:807][ 31]LogAudioMixer: Display: 1: FrontRight
[2026.04.26-19.00.37:818][ 31]LogAudioMixer: Display: Using Audio Device Voicemeeter VAIO3 Input (VB-Audio Voicemeeter VAIO)
[2026.04.26-19.00.37:819][ 31]LogAudioMixer: Display: Initializing Sound Submixes...
[2026.04.26-19.00.37:819][ 31]LogAudioMixer: Display: Creating Master Submix 'MasterSubmixDefault'
[2026.04.26-19.00.37:819][ 31]LogAudioMixer: Display: Creating Master Submix 'MasterReverbSubmixDefault'
[2026.04.26-19.00.37:820][ 31]LogAudioMixer: Display: Creating Master Submix 'MasterEQSubmixDefault'
[2026.04.26-19.00.37:820][ 31]LogAudioMixer: FMixerPlatformXAudio2::StartAudioStream() called
[2026.04.26-19.00.37:820][ 31]LogAudioMixer: Display: Output buffers initialized: Frames=512, Channels=2, Samples=1024
[2026.04.26-19.00.37:821][ 31]LogAudioMixer: Display: Starting AudioMixerPlatformInterface::RunInternal()
[2026.04.26-19.00.37:821][ 31]LogAudioMixer: Display: FMixerPlatformXAudio2::SubmitBuffer() called for the first time
[2026.04.26-19.00.37:821][ 31]LogInit: FAudioDevice initialized.
[2026.04.26-19.00.37:821][ 31]LogAudio: Display: Audio Device (ID: 68) registered with world 'Untitled'.
[2026.04.26-19.00.37:822][ 31]PIE: Warning: UGameViewportClient::AddCursor: Could not load cursor class 'UI_Cursor_C'.
[2026.04.26-19.00.37:887][ 31]LogSlate: Updating window title bar state: overlay mode, drag disabled, window buttons hidden, title bar hidden
[2026.04.26-19.00.37:887][ 31]LogNet: Browse: 127.0.0.1:17777/Game/StarterContent/Maps/Minimal_Default
[2026.04.26-19.00.37:887][ 31]LogInit: WinSock: Socket queue. Rx: 32768 (config 32768) Tx: 32768 (config 32768)
[2026.04.26-19.00.37:887][ 31]LogNet: Created socket for bind address: 0.0.0.0 on port 0
[2026.04.26-19.00.37:888][ 31]PacketHandlerLog: Loaded PacketHandler component: Engine.EngineHandlerComponentFactory (StatelessConnectHandlerComponent)
[2026.04.26-19.00.37:888][ 31]LogNet: Game client on port 17777, rate 100000
[2026.04.26-19.00.37:891][ 31]PIE: Client logged in
[2026.04.26-19.00.37:895][ 31]PIE: Play in editor total start time 0,576 seconds.
[2026.04.26-19.00.37:897][ 31]LogOnline: OSS: Creating online subsystem instance for: :Context_93
[2026.04.26-19.00.37:900][ 31]LogVoiceEncode: Display: EncoderVersion: libopus unknown
[2026.04.26-19.00.38:823][ 75]LogNet: NotifyAcceptingConnection accepted from: 127.0.0.1:52054
[2026.04.26-19.00.38:823][ 75]LogHandshake: SendConnectChallenge. Timestamp: 1.530653, Cookie: 229000177097010254019050088142191056170079169218029175000106
[2026.04.26-19.00.38:824][ 75]LogHandshake: SendChallengeResponse. Timestamp: 1.530653, Cookie: 229000177097010254019050088142191056170079169218029175000106
[2026.04.26-19.00.38:843][ 76]LogNet: NotifyAcceptingConnection accepted from: 127.0.0.1:52054
[2026.04.26-19.00.38:843][ 76]LogHandshake: SendChallengeAck. InCookie: 229000177097010254019050088142191056170079169218029175000106
[2026.04.26-19.00.38:843][ 76]LogNet: Server accepting post-challenge connection from: 127.0.0.1:52054
[2026.04.26-19.00.38:844][ 76]PacketHandlerLog: Loaded PacketHandler component: Engine.EngineHandlerComponentFactory (StatelessConnectHandlerComponent)
[2026.04.26-19.00.38:844][ 76]LogNet: NotifyAcceptedConnection: Name: Main_Menu, TimeStamp: 04/26/26 21:00:38, [UNetConnection] RemoteAddr: 127.0.0.1:52054, Name: IpConnection_16, Driver: GameNetDriver IpNetDriver_15, IsServer: YES, PC: NULL, Owner: NULL, UniqueId: INVALID
[2026.04.26-19.00.38:844][ 76]LogNet: AddClientConnection: Added client connection: [UNetConnection] RemoteAddr: 127.0.0.1:52054, Name: IpConnection_16, Driver: GameNetDriver IpNetDriver_15, IsServer: YES, PC: NULL, Owner: NULL, UniqueId: INVALID
[2026.04.26-19.00.38:846][ 76]LogNet: UPendingNetGame::SendInitialJoin: Sending hello. [UNetConnection] RemoteAddr: 127.0.0.1:17777, Name: IpConnection_14, Driver: PendingNetDriver IpNetDriver_16, IsServer: NO, PC: NULL, Owner: NULL, UniqueId: INVALID
[2026.04.26-19.00.38:863][ 77]LogNet: NotifyAcceptingChannel Control 0 server World /Game/Map/UEDPIE_0_Main_Menu.Main_Menu: Accepted
[2026.04.26-19.00.38:863][ 77]LogNet: Remote platform little endian=1
[2026.04.26-19.00.38:863][ 77]LogNet: This platform little endian=1
[2026.04.26-19.00.38:865][ 77]LogOnline: OSS: Creating online subsystem instance for: :Context_94
[2026.04.26-19.00.38:888][ 78]LogNet: Login request: ?Name=SIBIDI-CF1F6DE14A0A5B4B249281A59EF137F3 userId: NULL:SIBIDI-CF1F6DE14A0A5B4B249281A59EF137F3 platform: NULL
[2026.04.26-19.00.38:890][ 78]LogNet: Welcomed by server (Level: /Game/Map/UEDPIE_0_Main_Menu, Game: /Game/FirstPerson/FirstPersonBP/Blueprints/FirstPersonGameMode.FirstPersonGameMode_C)
[2026.04.26-19.00.38:890][ 78]LogLoad: LoadMap: 127.0.0.1:17777/Game/Map/UEDPIE_0_Main_Menu?game=/Game/FirstPerson/FirstPersonBP/Blueprints/FirstPersonGameMode.FirstPersonGameMode_C
[2026.04.26-19.00.38:890][ 78]LogWorld: BeginTearingDown for /Temp/Untitled_6
[2026.04.26-19.00.38:890][ 78]LogWorld: UWorld::CleanupWorld for Untitled, bSessionEnded=true, bCleanupResources=true
[2026.04.26-19.00.38:890][ 78]LogSlate: InvalidateAllWidgets triggered.  All widgets were invalidated
[2026.04.26-19.00.39:007][ 78]LogAudio: Display: Audio Device unregistered from world 'None'.
[2026.04.26-19.00.39:017][ 78]LogUObjectHash: Compacting FUObjectHashTables data took   9.01ms
[2026.04.26-19.00.39:023][ 78]LogAudio: Display: Audio Device (ID: 67) registered with world 'Main_Menu'.
[2026.04.26-19.00.39:024][ 78]LogAIModule: Creating AISystem for world Main_Menu
[2026.04.26-19.00.39:025][ 78]LogWorld: Bringing World /Game/Map/UEDPIE_1_Main_Menu.Main_Menu up for play (max tick rate 60) at 2026.04.26-21.00.39
[2026.04.26-19.00.39:027][ 78]LogWorld: Bringing up level for play took: 0.002317
[2026.04.26-19.00.39:028][ 78]LogLoad: Took 0.137792 seconds to LoadMap(/Game/Map/UEDPIE_0_Main_Menu)
[2026.04.26-19.00.39:028][ 78]LogNavigation: Warning: NavData RegistrationFailed_DataPendingKill.
[2026.04.26-19.00.39:028][ 78]LogVoiceEncode: Display: EncoderVersion: libopus unknown
[2026.04.26-19.00.39:080][ 79]LogNet: Client netspeed is 100000
[2026.04.26-19.00.39:080][ 79]LogNet: Join request: /Game/StarterContent/Maps/Minimal_Default?Name=SIBIDI-CF1F6DE14A0A5B4B249281A59EF137F3?SplitscreenCount=1
[2026.04.26-19.00.39:080][ 79]LogOnlineSession: Warning: OSS: No game present to join for session (GameSession)
[2026.04.26-19.00.39:085][ 79]LogNet: Join succeeded: SIBIDI-CF1F6DE14A0A5
[2026.04.26-19.00.39:085][ 79]LogNet: NotifyAcceptingConnection accepted from: 127.0.0.1:52055
[2026.04.26-19.00.39:085][ 79]LogHandshake: SendConnectChallenge. Timestamp: 1.786787, Cookie: 080164077029041242145055083145146083205240166154043110221195
[2026.04.26-19.00.39:088][ 79]LogOnlineVoice: OSS: StopLocalVoiceProcessing(0) returned 0xFFFFFFFF
[2026.04.26-19.00.39:088][ 79]LogOnlineVoice: OSS: Stopping networked voice for user: 0
[2026.04.26-19.00.39:090][ 79]LogHandshake: SendChallengeResponse. Timestamp: 1.786787, Cookie: 080164077029041242145055083145146083205240166154043110221195
[2026.04.26-19.00.39:115][ 80]LogNet: NotifyAcceptingConnection accepted from: 127.0.0.1:52055
[2026.04.26-19.00.39:115][ 80]LogHandshake: SendChallengeAck. InCookie: 080164077029041242145055083145146083205240166154043110221195
[2026.04.26-19.00.39:115][ 80]LogNet: Server accepting post-challenge connection from: 127.0.0.1:52055
[2026.04.26-19.00.39:115][ 80]PacketHandlerLog: Loaded PacketHandler component: Engine.EngineHandlerComponentFactory (StatelessConnectHandlerComponent)
[2026.04.26-19.00.39:116][ 80]LogNet: NotifyAcceptedConnection: Name: Main_Menu, TimeStamp: 04/26/26 21:00:39, [UNetConnection] RemoteAddr: 127.0.0.1:52055, Name: IpConnection_17, Driver: GameNetDriver IpNetDriver_15, IsServer: YES, PC: NULL, Owner: NULL, UniqueId: INVALID
[2026.04.26-19.00.39:116][ 80]LogNet: AddClientConnection: Added client connection: [UNetConnection] RemoteAddr: 127.0.0.1:52055, Name: IpConnection_17, Driver: GameNetDriver IpNetDriver_15, IsServer: YES, PC: NULL, Owner: NULL, UniqueId: INVALID
[2026.04.26-19.00.39:125][ 80]LogNet: UPendingNetGame::SendInitialJoin: Sending hello. [UNetConnection] RemoteAddr: 127.0.0.1:17777, Name: IpConnection_15, Driver: PendingNetDriver IpNetDriver_17, IsServer: NO, PC: NULL, Owner: NULL, UniqueId: INVALID
[2026.04.26-19.00.39:153][ 81]LogNet: NotifyAcceptingChannel Control 0 server World /Game/Map/UEDPIE_0_Main_Menu.Main_Menu: Accepted
[2026.04.26-19.00.39:153][ 81]LogNet: Remote platform little endian=1
[2026.04.26-19.00.39:153][ 81]LogNet: This platform little endian=1
[2026.04.26-19.00.39:158][ 81]LogOnlineSession: Warning: OSS: No game present to join for session (GameSession)
[2026.04.26-19.00.39:160][ 81]LogOnline: OSS: Creating online subsystem instance for: :Context_95
[2026.04.26-19.00.39:199][ 82]LogNet: Login request: ?Name=SIBIDI-53722D7D4E9BE9898623D7B911B13502 userId: NULL:SIBIDI-53722D7D4E9BE9898623D7B911B13502 platform: NULL
[2026.04.26-19.00.39:201][ 82]LogNet: Welcomed by server (Level: /Game/Map/UEDPIE_0_Main_Menu, Game: /Game/FirstPerson/FirstPersonBP/Blueprints/FirstPersonGameMode.FirstPersonGameMode_C)
[2026.04.26-19.00.39:201][ 82]LogLoad: LoadMap: 127.0.0.1:17777/Game/Map/UEDPIE_0_Main_Menu?game=/Game/FirstPerson/FirstPersonBP/Blueprints/FirstPersonGameMode.FirstPersonGameMode_C
[2026.04.26-19.00.39:202][ 82]LogWorld: BeginTearingDown for /Temp/Untitled_7
[2026.04.26-19.00.39:202][ 82]LogWorld: UWorld::CleanupWorld for Untitled, bSessionEnded=true, bCleanupResources=true
[2026.04.26-19.00.39:202][ 82]LogSlate: InvalidateAllWidgets triggered.  All widgets were invalidated
[2026.04.26-19.00.39:315][ 82]LogAudio: Display: Audio Device unregistered from world 'None'.
[2026.04.26-19.00.39:324][ 82]LogUObjectHash: Compacting FUObjectHashTables data took   8.65ms
[2026.04.26-19.00.39:333][ 82]LogAudio: Display: Audio Device (ID: 68) registered with world 'Main_Menu'.
[2026.04.26-19.00.39:334][ 82]LogAIModule: Creating AISystem for world Main_Menu
[2026.04.26-19.00.39:337][ 82]LogWorld: Bringing World /Game/Map/UEDPIE_2_Main_Menu.Main_Menu up for play (max tick rate 60) at 2026.04.26-21.00.39
[2026.04.26-19.00.39:338][ 82]LogWorld: Bringing up level for play took: 0.002052
[2026.04.26-19.00.39:339][ 82]LogLoad: Took 0.136861 seconds to LoadMap(/Game/Map/UEDPIE_0_Main_Menu)
[2026.04.26-19.00.39:339][ 82]LogNavigation: Warning: NavData RegistrationFailed_DataPendingKill.
[2026.04.26-19.00.39:339][ 82]LogVoiceEncode: Display: EncoderVersion: libopus unknown
[2026.04.26-19.00.39:377][ 83]LogNet: Client netspeed is 100000
[2026.04.26-19.00.39:377][ 83]LogNet: Join request: /Game/StarterContent/Maps/Minimal_Default?Name=SIBIDI-53722D7D4E9BE9898623D7B911B13502?SplitscreenCount=1
[2026.04.26-19.00.39:379][ 83]LogOnlineSession: Warning: OSS: No game present to join for session (GameSession)
[2026.04.26-19.00.39:384][ 83]LogNet: Join succeeded: SIBIDI-53722D7D4E9BE
[2026.04.26-19.00.39:393][ 83]LogOnlineSession: Warning: OSS: No game present to join for session (GameSession)
[2026.04.26-19.00.39:397][ 83]LogOnlineVoice: OSS: StopLocalVoiceProcessing(0) returned 0xFFFFFFFF
[2026.04.26-19.00.39:398][ 83]LogOnlineVoice: OSS: Stopping networked voice for user: 0
[2026.04.26-19.00.39:472][ 85]LogOnlineSession: Warning: OSS: No game present to join for session (GameSession)
[2026.04.26-19.00.40:108][104]LogOnlineSession: Warning: OSS: No game present to join for session (GameSession)
[2026.04.26-19.00.41:206][136]LogSlate: Updating window title bar state: overlay mode, drag disabled, window buttons hidden, title bar hidden
[2026.04.26-19.00.41:206][136]LogWorld: BeginTearingDown for /Game/Map/UEDPIE_2_Main_Menu
[2026.04.26-19.00.41:206][136]LogSlate: Window 'Playtime_Multiplayer Preview [NetMode: Client 2]  (64-bit/Windows) ' being destroyed
[2026.04.26-19.00.41:219][136]LogWorld: UWorld::CleanupWorld for Main_Menu, bSessionEnded=true, bCleanupResources=true
[2026.04.26-19.00.41:220][136]LogSlate: InvalidateAllWidgets triggered.  All widgets were invalidated
[2026.04.26-19.00.41:232][136]LogNet: World NetDriver shutdown IpNetDriver_17 [GameNetDriver]
[2026.04.26-19.00.41:233][136]LogNet: DestroyNamedNetDriver IpNetDriver_17 [GameNetDriver]
[2026.04.26-19.00.41:233][136]LogNet: UNetConnection::Close: [UNetConnection] RemoteAddr: 127.0.0.1:17777, Name: IpConnection_15, Driver: GameNetDriver IpNetDriver_17, IsServer: NO, PC: BP_DefaultController_C_0, Owner: BP_DefaultController_C_0, UniqueId: NULL:SIBIDI-53722D7D4E9BE9898623D7B911B13502, Channels: 19, Time: 2026.04.26-19.00.41
[2026.04.26-19.00.41:233][136]LogNet: UChannel::Close: Sending CloseBunch. ChIndex == 0. Name: [UChannel] ChIndex: 0, Closing: 0 [UNetConnection] RemoteAddr: 127.0.0.1:17777, Name: IpConnection_15, Driver: GameNetDriver IpNetDriver_17, IsServer: NO, PC: BP_DefaultController_C_0, Owner: BP_DefaultController_C_0, UniqueId: NULL:SIBIDI-53722D7D4E9BE9898623D7B911B13502
[2026.04.26-19.00.41:233][136]LogExit: GameNetDriver IpNetDriver_17 shut down
[2026.04.26-19.00.41:235][136]LogWorld: BeginTearingDown for /Game/Map/UEDPIE_1_Main_Menu
[2026.04.26-19.00.41:236][136]LogSlate: Updating window title bar state: overlay mode, drag disabled, window buttons hidden, title bar hidden
[2026.04.26-19.00.41:236][136]LogSlate: Window 'Playtime_Multiplayer Preview [NetMode: Client 1]  (64-bit/Windows) ' being destroyed
[2026.04.26-19.00.41:247][136]LogWorld: UWorld::CleanupWorld for Main_Menu, bSessionEnded=true, bCleanupResources=true
[2026.04.26-19.00.41:248][136]LogSlate: InvalidateAllWidgets triggered.  All widgets were invalidated
[2026.04.26-19.00.41:258][136]LogNet: World NetDriver shutdown IpNetDriver_16 [GameNetDriver]
[2026.04.26-19.00.41:258][136]LogNet: DestroyNamedNetDriver IpNetDriver_16 [GameNetDriver]
[2026.04.26-19.00.41:258][136]LogNet: UNetConnection::Close: [UNetConnection] RemoteAddr: 127.0.0.1:17777, Name: IpConnection_14, Driver: GameNetDriver IpNetDriver_16, IsServer: NO, PC: BP_DefaultController_C_0, Owner: BP_DefaultController_C_0, UniqueId: NULL:SIBIDI-CF1F6DE14A0A5B4B249281A59EF137F3, Channels: 19, Time: 2026.04.26-19.00.41
[2026.04.26-19.00.41:258][136]LogNet: UChannel::Close: Sending CloseBunch. ChIndex == 0. Name: [UChannel] ChIndex: 0, Closing: 0 [UNetConnection] RemoteAddr: 127.0.0.1:17777, Name: IpConnection_14, Driver: GameNetDriver IpNetDriver_16, IsServer: NO, PC: BP_DefaultController_C_0, Owner: BP_DefaultController_C_0, UniqueId: NULL:SIBIDI-CF1F6DE14A0A5B4B249281A59EF137F3
[2026.04.26-19.00.41:259][136]LogExit: GameNetDriver IpNetDriver_16 shut down
[2026.04.26-19.00.41:260][136]LogWorld: BeginTearingDown for /Game/Map/UEDPIE_0_Main_Menu
[2026.04.26-19.00.41:260][136]LogWorld: UWorld::CleanupWorld for Main_Menu, bSessionEnded=true, bCleanupResources=true
[2026.04.26-19.00.41:264][136]LogSlate: InvalidateAllWidgets triggered.  All widgets were invalidated
[2026.04.26-19.00.41:264][136]LogNet: World NetDriver shutdown IpNetDriver_15 [GameNetDriver]
[2026.04.26-19.00.41:264][136]LogNet: DestroyNamedNetDriver IpNetDriver_15 [GameNetDriver]
[2026.04.26-19.00.41:264][136]LogNet: UNetConnection::Cleanup: Closing open connection. [UNetConnection] RemoteAddr: 127.0.0.1:52055, Name: IpConnection_17, Driver: GameNetDriver IpNetDriver_15, IsServer: YES, PC: BP_DefaultController_C_1, Owner: BP_DefaultController_C_1, UniqueId: NULL:SIBIDI-53722D7D4E9BE9898623D7B911B13502
[2026.04.26-19.00.41:264][136]LogNet: UNetConnection::Close: [UNetConnection] RemoteAddr: 127.0.0.1:52055, Name: IpConnection_17, Driver: GameNetDriver IpNetDriver_15, IsServer: YES, PC: BP_DefaultController_C_1, Owner: BP_DefaultController_C_1, UniqueId: NULL:SIBIDI-53722D7D4E9BE9898623D7B911B13502, Channels: 19, Time: 2026.04.26-19.00.41
[2026.04.26-19.00.41:264][136]LogNet: UChannel::Close: Sending CloseBunch. ChIndex == 0. Name: [UChannel] ChIndex: 0, Closing: 0 [UNetConnection] RemoteAddr: 127.0.0.1:52055, Name: IpConnection_17, Driver: GameNetDriver IpNetDriver_15, IsServer: YES, PC: BP_DefaultController_C_1, Owner: BP_DefaultController_C_1, UniqueId: NULL:SIBIDI-53722D7D4E9BE9898623D7B911B13502
[2026.04.26-19.00.41:265][136]LogNet: UNetConnection::Cleanup: Closing open connection. [UNetConnection] RemoteAddr: 127.0.0.1:52054, Name: IpConnection_16, Driver: GameNetDriver IpNetDriver_15, IsServer: YES, PC: BP_DefaultController_C_0, Owner: BP_DefaultController_C_0, UniqueId: NULL:SIBIDI-CF1F6DE14A0A5B4B249281A59EF137F3
[2026.04.26-19.00.41:265][136]LogNet: UNetConnection::Close: [UNetConnection] RemoteAddr: 127.0.0.1:52054, Name: IpConnection_16, Driver: GameNetDriver IpNetDriver_15, IsServer: YES, PC: BP_DefaultController_C_0, Owner: BP_DefaultController_C_0, UniqueId: NULL:SIBIDI-CF1F6DE14A0A5B4B249281A59EF137F3, Channels: 19, Time: 2026.04.26-19.00.41
[2026.04.26-19.00.41:265][136]LogNet: UChannel::Close: Sending CloseBunch. ChIndex == 0. Name: [UChannel] ChIndex: 0, Closing: 0 [UNetConnection] RemoteAddr: 127.0.0.1:52054, Name: IpConnection_16, Driver: GameNetDriver IpNetDriver_15, IsServer: YES, PC: BP_DefaultController_C_0, Owner: BP_DefaultController_C_0, UniqueId: NULL:SIBIDI-CF1F6DE14A0A5B4B249281A59EF137F3
[2026.04.26-19.00.41:265][136]LogExit: GameNetDriver IpNetDriver_15 shut down
[2026.04.26-19.00.41:267][136]LogPlayLevel: Display: Shutting down PIE online subsystems
[2026.04.26-19.00.41:282][136]LogSlate: InvalidateAllWidgets triggered.  All widgets were invalidated
[2026.04.26-19.00.41:379][136]LogAudioMixer: FMixerPlatformXAudio2::StopAudioStream() called
[2026.04.26-19.00.41:382][136]LogAudioMixer: FMixerPlatformXAudio2::StopAudioStream() called
[2026.04.26-19.00.41:384][136]LogAudioMixer: FMixerPlatformXAudio2::StopAudioStream() called
[2026.04.26-19.00.41:386][136]LogAudioMixer: FMixerPlatformXAudio2::StopAudioStream() called
[2026.04.26-19.00.41:400][136]LogUObjectHash: Compacting FUObjectHashTables data took   6.95ms
[2026.04.26-19.00.41:494][137]LogPlayLevel: Display: Destroying online subsystem :Context_95
[2026.04.26-19.00.41:494][137]LogPlayLevel: Display: Destroying online subsystem :Context_94
[2026.04.26-19.00.41:494][137]LogPlayLevel: Display: Destroying online subsystem :Context_93
[2026.04.26-19.01.50:094][717]BlueprintLog: New page: Compile BP_NetworkCharacter
[2026.04.26-19.01.50:552][717]LogUObjectHash: Compacting FUObjectHashTables data took  11.73ms
[2026.04.26-19.02.09:873][787]LogTemp: Repeating last play command: New Editor Window (PIE)
[2026.04.26-19.02.09:886][787]BlueprintLog: New page: Pre-Play auto-recompile
[2026.04.26-19.02.09:892][787]LogPlayLevel: [PlayLevel] Compiling BP_NetworkCharacter before play...
[2026.04.26-19.02.10:045][787]LogPlayLevel: [PlayLevel] Compiling PlayerMove before play...
[2026.04.26-19.02.10:283][787]LogUObjectHash: Compacting FUObjectHashTables data took  11.90ms
[2026.04.26-19.02.10:285][787]LogPlayLevel: PlayLevel: Blueprint regeneration took 398 ms (2 blueprints)
[2026.04.26-19.02.10:285][787]PIE: New page: PIE session: Main_Menu (26 апр. 2026 г., 23:02:10)
[2026.04.26-19.02.10:289][787]LogPlayLevel: Creating play world package: /Game/Map/UEDPIE_0_Main_Menu
[2026.04.26-19.02.10:294][787]LogPlayLevel: PIE: StaticDuplicateObject took: (0.004847s)
[2026.04.26-19.02.10:295][787]LogAIModule: Creating AISystem for world Main_Menu
[2026.04.26-19.02.10:295][787]LogPlayLevel: PIE: World Init took: (0.001731s)
[2026.04.26-19.02.10:295][787]LogPlayLevel: PIE: Created PIE world by copying editor world from /Game/Map/Main_Menu.Main_Menu to /Game/Map/UEDPIE_0_Main_Menu.Main_Menu (0.006827s)
[2026.04.26-19.02.10:400][787]LogUObjectHash: Compacting FUObjectHashTables data took   7.24ms
[2026.04.26-19.02.10:400][787]LogLoad: Game class is 'FirstPersonGameMode_C'
[2026.04.26-19.02.10:402][787]LogWorld: Bringing World /Game/Map/UEDPIE_0_Main_Menu.Main_Menu up for play (max tick rate 60) at 2026.04.26-21.02.10
[2026.04.26-19.02.10:403][787]LogWorld: Bringing up level for play took: 0.002308
[2026.04.26-19.02.10:403][787]LogNet: ReplicationDriverClass is null! Not using ReplicationDriver.
[2026.04.26-19.02.10:403][787]LogNetCore: DDoS detection status: detection enabled: 0 analytics enabled: 0
[2026.04.26-19.02.10:404][787]LogInit: WinSock: Socket queue. Rx: 131072 (config 131072) Tx: 131072 (config 131072)
[2026.04.26-19.02.10:404][787]LogNet: Created socket for bind address: 0.0.0.0 on port 17777
[2026.04.26-19.02.10:405][787]PacketHandlerLog: Loaded PacketHandler component: Engine.EngineHandlerComponentFactory (StatelessConnectHandlerComponent)
[2026.04.26-19.02.10:405][787]LogNet: GameNetDriver IpNetDriver_18 IpNetDriver listening on port 17777
[2026.04.26-19.02.10:405][787]LogScript: Warning: Accessed None trying to read property CallFunc_Create_ReturnValue
	Main_Menu_C /Game/Map/UEDPIE_0_Main_Menu.Main_Menu:PersistentLevel.Main_Menu_C_1
	Function /Game/Map/Main_Menu.Main_Menu_C:ExecuteUbergraph_Main_Menu:004C
[2026.04.26-19.02.10:405][787]PIE: Error: Blueprint Runtime Error: "Accessed None trying to read property CallFunc_Create_ReturnValue". Blueprint:  Main_Menu Function:  Execute Ubergraph Main Menu Graph:  EventGraph Node:  Add to Viewport
[2026.04.26-19.02.10:405][787]LogScript: Warning: Accessed None trying to read property CallFunc_GetPlayerController_ReturnValue
	Main_Menu_C /Game/Map/UEDPIE_0_Main_Menu.Main_Menu:PersistentLevel.Main_Menu_C_1
	Function /Game/Map/Main_Menu.Main_Menu_C:ExecuteUbergraph_Main_Menu:008E
[2026.04.26-19.02.10:405][787]PIE: Error: Blueprint Runtime Error: "Accessed None trying to read property CallFunc_GetPlayerController_ReturnValue". Blueprint:  Main_Menu Function:  Execute Ubergraph Main Menu Graph:  EventGraph Node:  Set bShowMouseCursor
[2026.04.26-19.02.10:405][787]LogScript: Warning: Accessed None trying to read property CallFunc_GetPlayerController_ReturnValue_1
	Main_Menu_C /Game/Map/UEDPIE_0_Main_Menu.Main_Menu:PersistentLevel.Main_Menu_C_1
	Function /Game/Map/Main_Menu.Main_Menu_C:ExecuteUbergraph_Main_Menu:0108
[2026.04.26-19.02.10:405][787]PIE: Error: Blueprint Runtime Error: "Accessed None trying to read property CallFunc_GetPlayerController_ReturnValue_1". Blueprint:  Main_Menu Function:  Execute Ubergraph Main Menu Graph:  EventGraph Node:  Set View Target with Blend
[2026.04.26-19.02.10:405][787]LogScript: Warning: Accessed None trying to read property CallFunc_GetPlayerController_ReturnValue_2
	Main_Menu_C /Game/Map/UEDPIE_0_Main_Menu.Main_Menu:PersistentLevel.Main_Menu_C_1
	Function /Game/Map/Main_Menu.Main_Menu_C:ExecuteUbergraph_Main_Menu:015E
[2026.04.26-19.02.10:405][787]PIE: Error: Blueprint Runtime Error: "Accessed None trying to read property CallFunc_GetPlayerController_ReturnValue_2". Blueprint:  Main_Menu Function:  Execute Ubergraph Main Menu Graph:  EventGraph Node:  Reset Ignore Look Input
[2026.04.26-19.02.10:406][787]LogScript: Warning: Accessed None trying to read property CallFunc_GetPlayerController_ReturnValue_2
	Main_Menu_C /Game/Map/UEDPIE_0_Main_Menu.Main_Menu:PersistentLevel.Main_Menu_C_1
	Function /Game/Map/Main_Menu.Main_Menu_C:ExecuteUbergraph_Main_Menu:019E
[2026.04.26-19.02.10:406][787]PIE: Error: Blueprint Runtime Error: "Accessed None trying to read property CallFunc_GetPlayerController_ReturnValue_2". Blueprint:  Main_Menu Function:  Execute Ubergraph Main Menu Graph:  EventGraph Node:  Reset Ignore Move Input
[2026.04.26-19.02.10:406][787]PIE: Server logged in
[2026.04.26-19.02.10:406][787]PIE: Play in editor total start time 0,521 seconds.
[2026.04.26-19.02.10:407][787]LogAudio: Display: Creating Audio Device:                 Id: 69, Scope: Unique, Realtime: True
[2026.04.26-19.02.10:407][787]LogAudioMixer: Display: Audio Mixer Platform Settings:
[2026.04.26-19.02.10:408][787]LogAudioMixer: Display: 	Sample Rate:						  48000
[2026.04.26-19.02.10:408][787]LogAudioMixer: Display: 	Callback Buffer Frame Size Requested: 512
[2026.04.26-19.02.10:408][787]LogAudioMixer: Display: 	Callback Buffer Frame Size To Use:	  512
[2026.04.26-19.02.10:408][787]LogAudioMixer: Display: 	Number of buffers to queue:			  1
[2026.04.26-19.02.10:408][787]LogAudioMixer: Display: 	Max Channels (voices):				  0
[2026.04.26-19.02.10:408][787]LogAudioMixer: Display: 	Number of Async Source Workers:		  4
[2026.04.26-19.02.10:408][787]LogAudio: Display: AudioDevice MaxSources: 32
[2026.04.26-19.02.10:408][787]LogAudio: Display: Audio Spatialization Plugin: None (built-in).
[2026.04.26-19.02.10:408][787]LogAudio: Display: Audio Reverb Plugin: None (built-in).
[2026.04.26-19.02.10:408][787]LogAudio: Display: Audio Occlusion Plugin: None (built-in).
[2026.04.26-19.02.10:408][787]LogAudioMixer: Display: Initializing audio mixer.
[2026.04.26-19.02.10:414][787]LogAudioMixer: Display: 0: FrontLeft
[2026.04.26-19.02.10:414][787]LogAudioMixer: Display: 1: FrontRight
[2026.04.26-19.02.10:426][787]LogAudioMixer: Display: Using Audio Device Voicemeeter VAIO3 Input (VB-Audio Voicemeeter VAIO)
[2026.04.26-19.02.10:427][787]LogAudioMixer: Display: Initializing Sound Submixes...
[2026.04.26-19.02.10:427][787]LogAudioMixer: Display: Creating Master Submix 'MasterSubmixDefault'
[2026.04.26-19.02.10:427][787]LogAudioMixer: Display: Creating Master Submix 'MasterReverbSubmixDefault'
[2026.04.26-19.02.10:428][787]LogAudioMixer: Display: Creating Master Submix 'MasterEQSubmixDefault'
[2026.04.26-19.02.10:428][787]LogAudioMixer: FMixerPlatformXAudio2::StartAudioStream() called
[2026.04.26-19.02.10:428][787]LogAudioMixer: Display: Output buffers initialized: Frames=512, Channels=2, Samples=1024
[2026.04.26-19.02.10:430][787]LogAudioMixer: Display: Starting AudioMixerPlatformInterface::RunInternal()
[2026.04.26-19.02.10:430][787]LogAudioMixer: Display: FMixerPlatformXAudio2::SubmitBuffer() called for the first time
[2026.04.26-19.02.10:430][787]LogInit: FAudioDevice initialized.
[2026.04.26-19.02.10:430][787]LogAudio: Display: Audio Device (ID: 69) registered with world 'Untitled'.
[2026.04.26-19.02.10:430][787]PIE: Warning: UGameViewportClient::AddCursor: Could not load cursor class 'UI_Cursor_C'.
[2026.04.26-19.02.10:489][787]LogSlate: Updating window title bar state: overlay mode, drag disabled, window buttons hidden, title bar hidden
[2026.04.26-19.02.10:489][787]LogNet: Browse: 127.0.0.1:17777/Game/StarterContent/Maps/Minimal_Default
[2026.04.26-19.02.10:490][787]LogInit: WinSock: Socket queue. Rx: 32768 (config 32768) Tx: 32768 (config 32768)
[2026.04.26-19.02.10:490][787]LogNet: Created socket for bind address: 0.0.0.0 on port 0
[2026.04.26-19.02.10:490][787]PacketHandlerLog: Loaded PacketHandler component: Engine.EngineHandlerComponentFactory (StatelessConnectHandlerComponent)
[2026.04.26-19.02.10:490][787]LogNet: Game client on port 17777, rate 100000
[2026.04.26-19.02.10:493][787]PIE: Client logged in
[2026.04.26-19.02.10:496][787]PIE: Play in editor total start time 0,612 seconds.
[2026.04.26-19.02.10:499][787]LogAudio: Display: Creating Audio Device:                 Id: 70, Scope: Unique, Realtime: True
[2026.04.26-19.02.10:499][787]LogAudioMixer: Display: Audio Mixer Platform Settings:
[2026.04.26-19.02.10:499][787]LogAudioMixer: Display: 	Sample Rate:						  48000
[2026.04.26-19.02.10:499][787]LogAudioMixer: Display: 	Callback Buffer Frame Size Requested: 512
[2026.04.26-19.02.10:499][787]LogAudioMixer: Display: 	Callback Buffer Frame Size To Use:	  512
[2026.04.26-19.02.10:500][787]LogAudioMixer: Display: 	Number of buffers to queue:			  1
[2026.04.26-19.02.10:500][787]LogAudioMixer: Display: 	Max Channels (voices):				  0
[2026.04.26-19.02.10:500][787]LogAudioMixer: Display: 	Number of Async Source Workers:		  4
[2026.04.26-19.02.10:500][787]LogAudio: Display: AudioDevice MaxSources: 32
[2026.04.26-19.02.10:501][787]LogAudio: Display: Audio Spatialization Plugin: None (built-in).
[2026.04.26-19.02.10:501][787]LogAudio: Display: Audio Reverb Plugin: None (built-in).
[2026.04.26-19.02.10:501][787]LogAudio: Display: Audio Occlusion Plugin: None (built-in).
[2026.04.26-19.02.10:502][787]LogAudioMixer: Display: Initializing audio mixer.
[2026.04.26-19.02.10:509][787]LogAudioMixer: Display: 0: FrontLeft
[2026.04.26-19.02.10:509][787]LogAudioMixer: Display: 1: FrontRight
[2026.04.26-19.02.10:521][787]LogAudioMixer: Display: Using Audio Device Voicemeeter VAIO3 Input (VB-Audio Voicemeeter VAIO)
[2026.04.26-19.02.10:521][787]LogAudioMixer: Display: Initializing Sound Submixes...
[2026.04.26-19.02.10:521][787]LogAudioMixer: Display: Creating Master Submix 'MasterSubmixDefault'
[2026.04.26-19.02.10:521][787]LogAudioMixer: Display: Creating Master Submix 'MasterReverbSubmixDefault'
[2026.04.26-19.02.10:522][787]LogAudioMixer: Display: Creating Master Submix 'MasterEQSubmixDefault'
[2026.04.26-19.02.10:522][787]LogAudioMixer: FMixerPlatformXAudio2::StartAudioStream() called
[2026.04.26-19.02.10:522][787]LogAudioMixer: Display: Output buffers initialized: Frames=512, Channels=2, Samples=1024
[2026.04.26-19.02.10:524][787]LogAudioMixer: Display: Starting AudioMixerPlatformInterface::RunInternal()
[2026.04.26-19.02.10:524][787]LogAudioMixer: Display: FMixerPlatformXAudio2::SubmitBuffer() called for the first time
[2026.04.26-19.02.10:524][787]LogInit: FAudioDevice initialized.
[2026.04.26-19.02.10:524][787]LogAudio: Display: Audio Device (ID: 70) registered with world 'Untitled'.
[2026.04.26-19.02.10:524][787]PIE: Warning: UGameViewportClient::AddCursor: Could not load cursor class 'UI_Cursor_C'.
[2026.04.26-19.02.10:572][787]LogSlate: Updating window title bar state: overlay mode, drag disabled, window buttons hidden, title bar hidden
[2026.04.26-19.02.10:572][787]LogNet: Browse: 127.0.0.1:17777/Game/StarterContent/Maps/Minimal_Default
[2026.04.26-19.02.10:573][787]LogInit: WinSock: Socket queue. Rx: 32768 (config 32768) Tx: 32768 (config 32768)
[2026.04.26-19.02.10:573][787]LogNet: Created socket for bind address: 0.0.0.0 on port 0
[2026.04.26-19.02.10:573][787]PacketHandlerLog: Loaded PacketHandler component: Engine.EngineHandlerComponentFactory (StatelessConnectHandlerComponent)
[2026.04.26-19.02.10:573][787]LogNet: Game client on port 17777, rate 100000
[2026.04.26-19.02.10:576][787]PIE: Client logged in
[2026.04.26-19.02.10:578][787]PIE: Play in editor total start time 0,694 seconds.
[2026.04.26-19.02.10:579][787]LogOnline: OSS: Creating online subsystem instance for: :Context_96
[2026.04.26-19.02.10:583][787]LogVoiceEncode: Display: EncoderVersion: libopus unknown
[2026.04.26-19.02.11:511][832]LogNet: NotifyAcceptingConnection accepted from: 127.0.0.1:52057
[2026.04.26-19.02.11:511][832]LogHandshake: SendConnectChallenge. Timestamp: 1.652740, Cookie: 134195013012139106194195049102071089122005064101224007039014
[2026.04.26-19.02.11:512][832]LogHandshake: SendChallengeResponse. Timestamp: 1.652740, Cookie: 134195013012139106194195049102071089122005064101224007039014
[2026.04.26-19.02.11:528][833]LogNet: NotifyAcceptingConnection accepted from: 127.0.0.1:52057
[2026.04.26-19.02.11:528][833]LogHandshake: SendChallengeAck. InCookie: 134195013012139106194195049102071089122005064101224007039014
[2026.04.26-19.02.11:528][833]LogNet: Server accepting post-challenge connection from: 127.0.0.1:52057
[2026.04.26-19.02.11:528][833]PacketHandlerLog: Loaded PacketHandler component: Engine.EngineHandlerComponentFactory (StatelessConnectHandlerComponent)
[2026.04.26-19.02.11:529][833]LogNet: NotifyAcceptedConnection: Name: Main_Menu, TimeStamp: 04/26/26 21:02:11, [UNetConnection] RemoteAddr: 127.0.0.1:52057, Name: IpConnection_20, Driver: GameNetDriver IpNetDriver_18, IsServer: YES, PC: NULL, Owner: NULL, UniqueId: INVALID
[2026.04.26-19.02.11:529][833]LogNet: AddClientConnection: Added client connection: [UNetConnection] RemoteAddr: 127.0.0.1:52057, Name: IpConnection_20, Driver: GameNetDriver IpNetDriver_18, IsServer: YES, PC: NULL, Owner: NULL, UniqueId: INVALID
[2026.04.26-19.02.11:530][833]LogNet: UPendingNetGame::SendInitialJoin: Sending hello. [UNetConnection] RemoteAddr: 127.0.0.1:17777, Name: IpConnection_18, Driver: PendingNetDriver IpNetDriver_19, IsServer: NO, PC: NULL, Owner: NULL, UniqueId: INVALID
[2026.04.26-19.02.11:546][834]LogNet: NotifyAcceptingChannel Control 0 server World /Game/Map/UEDPIE_0_Main_Menu.Main_Menu: Accepted
[2026.04.26-19.02.11:546][834]LogNet: Remote platform little endian=1
[2026.04.26-19.02.11:546][834]LogNet: This platform little endian=1
[2026.04.26-19.02.11:548][834]LogOnline: OSS: Creating online subsystem instance for: :Context_97
[2026.04.26-19.02.11:567][835]LogNet: Login request: ?Name=SIBIDI-86AA5138459ED0E9C5593B8B82374929 userId: NULL:SIBIDI-86AA5138459ED0E9C5593B8B82374929 platform: NULL
[2026.04.26-19.02.11:569][835]LogNet: Welcomed by server (Level: /Game/Map/UEDPIE_0_Main_Menu, Game: /Game/FirstPerson/FirstPersonBP/Blueprints/FirstPersonGameMode.FirstPersonGameMode_C)
[2026.04.26-19.02.11:569][835]LogLoad: LoadMap: 127.0.0.1:17777/Game/Map/UEDPIE_0_Main_Menu?game=/Game/FirstPerson/FirstPersonBP/Blueprints/FirstPersonGameMode.FirstPersonGameMode_C
[2026.04.26-19.02.11:569][835]LogWorld: BeginTearingDown for /Temp/Untitled_8
[2026.04.26-19.02.11:569][835]LogWorld: UWorld::CleanupWorld for Untitled, bSessionEnded=true, bCleanupResources=true
[2026.04.26-19.02.11:569][835]LogSlate: InvalidateAllWidgets triggered.  All widgets were invalidated
[2026.04.26-19.02.11:668][835]LogAudio: Display: Audio Device unregistered from world 'None'.
[2026.04.26-19.02.11:676][835]LogUObjectHash: Compacting FUObjectHashTables data took   7.26ms
[2026.04.26-19.02.11:683][835]LogAudio: Display: Audio Device (ID: 69) registered with world 'Main_Menu'.
[2026.04.26-19.02.11:685][835]LogAIModule: Creating AISystem for world Main_Menu
[2026.04.26-19.02.11:687][835]LogWorld: Bringing World /Game/Map/UEDPIE_1_Main_Menu.Main_Menu up for play (max tick rate 60) at 2026.04.26-21.02.11
[2026.04.26-19.02.11:687][835]LogWorld: Bringing up level for play took: 0.001936
[2026.04.26-19.02.11:688][835]LogLoad: Took 0.119056 seconds to LoadMap(/Game/Map/UEDPIE_0_Main_Menu)
[2026.04.26-19.02.11:688][835]LogNavigation: Warning: NavData RegistrationFailed_DataPendingKill.
[2026.04.26-19.02.11:689][835]LogVoiceEncode: Display: EncoderVersion: libopus unknown
[2026.04.26-19.02.11:735][836]LogNet: Client netspeed is 100000
[2026.04.26-19.02.11:735][836]LogNet: Join request: /Game/StarterContent/Maps/Minimal_Default?Name=SIBIDI-86AA5138459ED0E9C5593B8B82374929?SplitscreenCount=1
[2026.04.26-19.02.11:736][836]LogOnlineSession: Warning: OSS: No game present to join for session (GameSession)
[2026.04.26-19.02.11:741][836]LogNet: Join succeeded: SIBIDI-86AA5138459ED
[2026.04.26-19.02.11:741][836]LogNet: NotifyAcceptingConnection accepted from: 127.0.0.1:52058
[2026.04.26-19.02.11:741][836]LogHandshake: SendConnectChallenge. Timestamp: 1.876670, Cookie: 198118050097085022089023189000140205112251021200178233122151
[2026.04.26-19.02.11:744][836]LogOnlineVoice: OSS: StopLocalVoiceProcessing(0) returned 0xFFFFFFFF
[2026.04.26-19.02.11:745][836]LogOnlineVoice: OSS: Stopping networked voice for user: 0
[2026.04.26-19.02.11:745][836]LogHandshake: SendChallengeResponse. Timestamp: 1.876670, Cookie: 198118050097085022089023189000140205112251021200178233122151
[2026.04.26-19.02.11:768][837]LogNet: NotifyAcceptingConnection accepted from: 127.0.0.1:52058
[2026.04.26-19.02.11:768][837]LogHandshake: SendChallengeAck. InCookie: 198118050097085022089023189000140205112251021200178233122151
[2026.04.26-19.02.11:768][837]LogNet: Server accepting post-challenge connection from: 127.0.0.1:52058
[2026.04.26-19.02.11:769][837]PacketHandlerLog: Loaded PacketHandler component: Engine.EngineHandlerComponentFactory (StatelessConnectHandlerComponent)
[2026.04.26-19.02.11:769][837]LogNet: NotifyAcceptedConnection: Name: Main_Menu, TimeStamp: 04/26/26 21:02:11, [UNetConnection] RemoteAddr: 127.0.0.1:52058, Name: IpConnection_21, Driver: GameNetDriver IpNetDriver_18, IsServer: YES, PC: NULL, Owner: NULL, UniqueId: INVALID
[2026.04.26-19.02.11:769][837]LogNet: AddClientConnection: Added client connection: [UNetConnection] RemoteAddr: 127.0.0.1:52058, Name: IpConnection_21, Driver: GameNetDriver IpNetDriver_18, IsServer: YES, PC: NULL, Owner: NULL, UniqueId: INVALID
[2026.04.26-19.02.11:778][837]LogNet: UPendingNetGame::SendInitialJoin: Sending hello. [UNetConnection] RemoteAddr: 127.0.0.1:17777, Name: IpConnection_19, Driver: PendingNetDriver IpNetDriver_20, IsServer: NO, PC: NULL, Owner: NULL, UniqueId: INVALID
[2026.04.26-19.02.11:806][838]LogNet: NotifyAcceptingChannel Control 0 server World /Game/Map/UEDPIE_0_Main_Menu.Main_Menu: Accepted
[2026.04.26-19.02.11:806][838]LogNet: Remote platform little endian=1
[2026.04.26-19.02.11:806][838]LogNet: This platform little endian=1
[2026.04.26-19.02.11:811][838]LogOnlineSession: Warning: OSS: No game present to join for session (GameSession)
[2026.04.26-19.02.11:813][838]LogOnline: OSS: Creating online subsystem instance for: :Context_98
[2026.04.26-19.02.11:846][839]LogNet: Login request: ?Name=SIBIDI-1CCB7F4A44180EF230EBC1AB304A0044 userId: NULL:SIBIDI-1CCB7F4A44180EF230EBC1AB304A0044 platform: NULL
[2026.04.26-19.02.11:851][839]LogNet: Welcomed by server (Level: /Game/Map/UEDPIE_0_Main_Menu, Game: /Game/FirstPerson/FirstPersonBP/Blueprints/FirstPersonGameMode.FirstPersonGameMode_C)
[2026.04.26-19.02.11:851][839]LogLoad: LoadMap: 127.0.0.1:17777/Game/Map/UEDPIE_0_Main_Menu?game=/Game/FirstPerson/FirstPersonBP/Blueprints/FirstPersonGameMode.FirstPersonGameMode_C
[2026.04.26-19.02.11:851][839]LogWorld: BeginTearingDown for /Temp/Untitled_9
[2026.04.26-19.02.11:851][839]LogWorld: UWorld::CleanupWorld for Untitled, bSessionEnded=true, bCleanupResources=true
[2026.04.26-19.02.11:852][839]LogSlate: InvalidateAllWidgets triggered.  All widgets were invalidated
[2026.04.26-19.02.11:962][839]LogAudio: Display: Audio Device unregistered from world 'None'.
[2026.04.26-19.02.11:973][839]LogUObjectHash: Compacting FUObjectHashTables data took   9.08ms
[2026.04.26-19.02.11:984][839]LogAudio: Display: Audio Device (ID: 70) registered with world 'Main_Menu'.
[2026.04.26-19.02.11:986][839]LogAIModule: Creating AISystem for world Main_Menu
[2026.04.26-19.02.11:988][839]LogWorld: Bringing World /Game/Map/UEDPIE_2_Main_Menu.Main_Menu up for play (max tick rate 60) at 2026.04.26-21.02.11
[2026.04.26-19.02.11:989][839]LogWorld: Bringing up level for play took: 0.001851
[2026.04.26-19.02.11:989][839]LogLoad: Took 0.137913 seconds to LoadMap(/Game/Map/UEDPIE_0_Main_Menu)
[2026.04.26-19.02.11:989][839]LogNavigation: Warning: NavData RegistrationFailed_DataPendingKill.
[2026.04.26-19.02.11:989][839]LogVoiceEncode: Display: EncoderVersion: libopus unknown
[2026.04.26-19.02.12:030][840]LogNet: Client netspeed is 100000
[2026.04.26-19.02.12:031][840]LogNet: Join request: /Game/StarterContent/Maps/Minimal_Default?Name=SIBIDI-1CCB7F4A44180EF230EBC1AB304A0044?SplitscreenCount=1
[2026.04.26-19.02.12:031][840]LogOnlineSession: Warning: OSS: No game present to join for session (GameSession)
[2026.04.26-19.02.12:038][840]LogNet: Join succeeded: SIBIDI-1CCB7F4A44180
[2026.04.26-19.02.12:046][840]LogOnlineSession: Warning: OSS: No game present to join for session (GameSession)
[2026.04.26-19.02.12:050][840]LogOnlineVoice: OSS: StopLocalVoiceProcessing(0) returned 0xFFFFFFFF
[2026.04.26-19.02.12:050][840]LogOnlineVoice: OSS: Stopping networked voice for user: 0
[2026.04.26-19.02.12:152][842]LogOnlineSession: Warning: OSS: No game present to join for session (GameSession)
[2026.04.26-19.02.12:768][863]LogOnlineSession: Warning: OSS: No game present to join for session (GameSession)
[2026.04.26-19.02.41:890][807]LogBlueprintUserMessages: [SERVER_LIST_C_0] Client 2: GOOD
[2026.04.26-19.02.42:490][826]LogOnlineVoice: OSS: StartLocalProcessing(0) returned 0xFFFFFFFF
[2026.04.26-19.02.42:490][826]LogOnlineVoice: OSS: Starting networked voice for user: 0
[2026.04.26-19.02.42:641][826]LogOnlineVoice: OSS: RegisterLocalTalker(0) returned 0x00000000
[2026.04.26-19.02.42:641][826]LogOnlineVoice: OSS: Invalid user specified in RegisterLocalTalker(1)
[2026.04.26-19.02.42:641][826]LogOnlineVoice: OSS: Invalid user specified in RegisterLocalTalker(2)
[2026.04.26-19.02.42:641][826]LogOnlineVoice: OSS: Invalid user specified in RegisterLocalTalker(3)
[2026.04.26-19.02.42:647][826]LogNet: Browse: /Game/Map/MP_Lobby??listen
[2026.04.26-19.02.42:647][826]LogLoad: LoadMap: /Game/Map/MP_Lobby??listen
[2026.04.26-19.02.42:647][826]LogWorld: BeginTearingDown for /Game/Map/UEDPIE_2_Main_Menu
[2026.04.26-19.02.42:647][826]LogNet: World NetDriver shutdown IpNetDriver_20 [GameNetDriver]
[2026.04.26-19.02.42:647][826]LogNet: DestroyNamedNetDriver IpNetDriver_20 [GameNetDriver]
[2026.04.26-19.02.42:648][826]LogNet: UNetConnection::Close: [UNetConnection] RemoteAddr: 127.0.0.1:17777, Name: IpConnection_19, Driver: GameNetDriver IpNetDriver_20, IsServer: NO, PC: BP_DefaultController_C_0, Owner: BP_DefaultController_C_0, UniqueId: NULL:SIBIDI-1CCB7F4A44180EF230EBC1AB304A0044, Channels: 19, Time: 2026.04.26-19.02.42
[2026.04.26-19.02.42:648][826]LogNet: UChannel::Close: Sending CloseBunch. ChIndex == 0. Name: [UChannel] ChIndex: 0, Closing: 0 [UNetConnection] RemoteAddr: 127.0.0.1:17777, Name: IpConnection_19, Driver: GameNetDriver IpNetDriver_20, IsServer: NO, PC: BP_DefaultController_C_0, Owner: BP_DefaultController_C_0, UniqueId: NULL:SIBIDI-1CCB7F4A44180EF230EBC1AB304A0044
[2026.04.26-19.02.42:648][826]LogExit: GameNetDriver IpNetDriver_20 shut down
[2026.04.26-19.02.42:648][826]LogWorld: UWorld::CleanupWorld for Main_Menu, bSessionEnded=true, bCleanupResources=true
[2026.04.26-19.02.42:648][826]LogSlate: InvalidateAllWidgets triggered.  All widgets were invalidated
[2026.04.26-19.02.42:770][826]LogAudio: Display: Audio Device unregistered from world 'None'.
[2026.04.26-19.02.42:780][826]LogUObjectHash: Compacting FUObjectHashTables data took   8.53ms
[2026.04.26-19.02.42:869][826]LogAudio: Display: Audio Device (ID: 70) registered with world 'MP_Lobby'.
[2026.04.26-19.02.42:871][826]LogAIModule: Creating AISystem for world MP_Lobby
[2026.04.26-19.02.42:871][826]LogLoad: Game class is 'FirstPersonGameMode_C'
[2026.04.26-19.02.42:872][826]LogNet: ReplicationDriverClass is null! Not using ReplicationDriver.
[2026.04.26-19.02.42:872][826]LogNetCore: DDoS detection status: detection enabled: 0 analytics enabled: 0
[2026.04.26-19.02.42:872][826]LogInit: WinSock: Socket queue. Rx: 131072 (config 131072) Tx: 131072 (config 131072)
[2026.04.26-19.02.42:872][826]LogNet: Created socket for bind address: 0.0.0.0 on port 7777
[2026.04.26-19.02.42:872][826]PacketHandlerLog: Loaded PacketHandler component: Engine.EngineHandlerComponentFactory (StatelessConnectHandlerComponent)
[2026.04.26-19.02.42:872][826]LogNet: GameNetDriver IpNetDriver_21 IpNetDriver listening on port 7777
[2026.04.26-19.02.42:882][826]LogWorld: Bringing World /Game/Map/UEDPIE_2_MP_Lobby.MP_Lobby up for play (max tick rate 60) at 2026.04.26-21.02.42
[2026.04.26-19.02.42:882][826]LogWorld: Bringing up level for play took: 0.009547
[2026.04.26-19.02.42:885][826]LogOnlineVoice: OSS: StopLocalVoiceProcessing(0) returned 0x00000000
[2026.04.26-19.02.42:885][826]LogOnlineVoice: OSS: Stopping networked voice for user: 0
[2026.04.26-19.02.42:892][826]PIE: Error: SetInputMode_UIOnly expects a valid player controller as 'PlayerController' target
[2026.04.26-19.02.42:892][826]LogLoad: Took 0.244862 seconds to LoadMap(/Game/Map/MP_Lobby)
[2026.04.26-19.02.42:929][827]LogNet: UChannel::ReceivedSequencedBunch: Bunch.bClose == true. ChIndex == 0. Calling ConditionalCleanUp.
[2026.04.26-19.02.42:929][827]LogNet: UChannel::CleanUp: ChIndex == 0. Closing connection. [UChannel] ChIndex: 0, Closing: 0 [UNetConnection] RemoteAddr: 127.0.0.1:52058, Name: IpConnection_21, Driver: GameNetDriver IpNetDriver_18, IsServer: YES, PC: BP_DefaultController_C_1, Owner: BP_DefaultController_C_1, UniqueId: NULL:SIBIDI-1CCB7F4A44180EF230EBC1AB304A0044
[2026.04.26-19.02.42:930][827]LogNet: UNetConnection::Close: [UNetConnection] RemoteAddr: 127.0.0.1:52058, Name: IpConnection_21, Driver: GameNetDriver IpNetDriver_18, IsServer: YES, PC: BP_DefaultController_C_1, Owner: BP_DefaultController_C_1, UniqueId: NULL:SIBIDI-1CCB7F4A44180EF230EBC1AB304A0044, Channels: 19, Time: 2026.04.26-19.02.42
[2026.04.26-19.02.42:930][827]LogNet: UChannel::Close: Sending CloseBunch. ChIndex == 0. Name: [UChannel] ChIndex: 0, Closing: 0 [UNetConnection] RemoteAddr: 127.0.0.1:52058, Name: IpConnection_21, Driver: GameNetDriver IpNetDriver_18, IsServer: YES, PC: BP_DefaultController_C_1, Owner: BP_DefaultController_C_1, UniqueId: NULL:SIBIDI-1CCB7F4A44180EF230EBC1AB304A0044
[2026.04.26-19.02.42:932][827]LogOnlineSession: Warning: OSS: No game present to leave for session (GameSession)
[2026.04.26-19.02.42:934][827]LogOnlineSession: Warning: OSS: No game present to leave for session (GameSession)
[2026.04.26-19.02.52:432][153]LogScript: Script Msg: Found a session. Ping is 61
[2026.04.26-19.02.52:432][153]LogBlueprintUserMessages: [SERVER_LIST_C_0] Client 1: GOOD
[2026.04.26-19.02.53:303][180]LogOnlineVoice: OSS: StartLocalProcessing(0) returned 0xFFFFFFFF
[2026.04.26-19.02.53:303][180]LogOnlineVoice: OSS: Starting networked voice for user: 0
[2026.04.26-19.02.53:333][180]LogOnlineVoice: OSS: RegisterLocalTalker(0) returned 0x00000000
[2026.04.26-19.02.53:334][180]LogOnlineVoice: OSS: Invalid user specified in RegisterLocalTalker(1)
[2026.04.26-19.02.53:334][180]LogOnlineVoice: OSS: Invalid user specified in RegisterLocalTalker(2)
[2026.04.26-19.02.53:334][180]LogOnlineVoice: OSS: Invalid user specified in RegisterLocalTalker(3)
[2026.04.26-19.02.53:334][180]LogOnlineSession: OSS: Join session: traveling to 192.168.0.4:7777
[2026.04.26-19.02.53:334][180]LogBlueprintUserMessages: [SERVER_C_0] Client 1: Hello
[2026.04.26-19.02.53:336][180]LogNet: Browse: 192.168.0.4/Game/StarterContent/Maps/Minimal_Default
[2026.04.26-19.02.53:336][180]LogNet: World NetDriver shutdown IpNetDriver_19 [GameNetDriver]
[2026.04.26-19.02.53:336][180]LogNet: DestroyNamedNetDriver IpNetDriver_19 [GameNetDriver]
[2026.04.26-19.02.53:336][180]LogNet: UNetConnection::Close: [UNetConnection] RemoteAddr: 127.0.0.1:17777, Name: IpConnection_18, Driver: GameNetDriver IpNetDriver_19, IsServer: NO, PC: BP_DefaultController_C_0, Owner: BP_DefaultController_C_0, UniqueId: NULL:SIBIDI-86AA5138459ED0E9C5593B8B82374929, Channels: 13, Time: 2026.04.26-19.02.53
[2026.04.26-19.02.53:336][180]LogNet: UChannel::Close: Sending CloseBunch. ChIndex == 0. Name: [UChannel] ChIndex: 0, Closing: 0 [UNetConnection] RemoteAddr: 127.0.0.1:17777, Name: IpConnection_18, Driver: GameNetDriver IpNetDriver_19, IsServer: NO, PC: BP_DefaultController_C_0, Owner: BP_DefaultController_C_0, UniqueId: NULL:SIBIDI-86AA5138459ED0E9C5593B8B82374929
[2026.04.26-19.02.53:337][180]LogExit: GameNetDriver IpNetDriver_19 shut down
[2026.04.26-19.02.53:338][180]LogInit: WinSock: Socket queue. Rx: 32768 (config 32768) Tx: 32768 (config 32768)
[2026.04.26-19.02.53:338][180]LogNet: Created socket for bind address: 0.0.0.0 on port 0
[2026.04.26-19.02.53:338][180]PacketHandlerLog: Loaded PacketHandler component: Engine.EngineHandlerComponentFactory (StatelessConnectHandlerComponent)
[2026.04.26-19.02.53:338][180]LogNet: Game client on port 7777, rate 100000
[2026.04.26-19.02.53:364][181]LogNet: UChannel::ReceivedSequencedBunch: Bunch.bClose == true. ChIndex == 0. Calling ConditionalCleanUp.
[2026.04.26-19.02.53:365][181]LogNet: UChannel::CleanUp: ChIndex == 0. Closing connection. [UChannel] ChIndex: 0, Closing: 0 [UNetConnection] RemoteAddr: 127.0.0.1:52057, Name: IpConnection_20, Driver: GameNetDriver IpNetDriver_18, IsServer: YES, PC: BP_DefaultController_C_0, Owner: BP_DefaultController_C_0, UniqueId: NULL:SIBIDI-86AA5138459ED0E9C5593B8B82374929
[2026.04.26-19.02.53:365][181]LogNet: UNetConnection::Close: [UNetConnection] RemoteAddr: 127.0.0.1:52057, Name: IpConnection_20, Driver: GameNetDriver IpNetDriver_18, IsServer: YES, PC: BP_DefaultController_C_0, Owner: BP_DefaultController_C_0, UniqueId: NULL:SIBIDI-86AA5138459ED0E9C5593B8B82374929, Channels: 13, Time: 2026.04.26-19.02.53
[2026.04.26-19.02.53:365][181]LogNet: UChannel::Close: Sending CloseBunch. ChIndex == 0. Name: [UChannel] ChIndex: 0, Closing: 0 [UNetConnection] RemoteAddr: 127.0.0.1:52057, Name: IpConnection_20, Driver: GameNetDriver IpNetDriver_18, IsServer: YES, PC: BP_DefaultController_C_0, Owner: BP_DefaultController_C_0, UniqueId: NULL:SIBIDI-86AA5138459ED0E9C5593B8B82374929
[2026.04.26-19.02.53:366][181]LogOnlineSession: Warning: OSS: No game present to leave for session (GameSession)
[2026.04.26-19.02.54:359][213]LogNet: NotifyAcceptingConnection accepted from: 192.168.0.4:64743
[2026.04.26-19.02.54:359][213]LogHandshake: SendConnectChallenge. Timestamp: 11.902600, Cookie: 043180116008129247152207159173114027142226188132084241083126
[2026.04.26-19.02.54:388][214]LogHandshake: SendChallengeResponse. Timestamp: 11.902600, Cookie: 043180116008129247152207159173114027142226188132084241083126
[2026.04.26-19.02.54:389][214]LogNet: NotifyAcceptingConnection accepted from: 192.168.0.4:64743
[2026.04.26-19.02.54:389][214]LogHandshake: SendChallengeAck. InCookie: 043180116008129247152207159173114027142226188132084241083126
[2026.04.26-19.02.54:389][214]LogNet: Server accepting post-challenge connection from: 192.168.0.4:64743
[2026.04.26-19.02.54:390][214]PacketHandlerLog: Loaded PacketHandler component: Engine.EngineHandlerComponentFactory (StatelessConnectHandlerComponent)
[2026.04.26-19.02.54:390][214]LogNet: NotifyAcceptedConnection: Name: MP_Lobby, TimeStamp: 04/26/26 21:02:54, [UNetConnection] RemoteAddr: 192.168.0.4:64743, Name: IpConnection_23, Driver: GameNetDriver IpNetDriver_21, IsServer: YES, PC: NULL, Owner: NULL, UniqueId: INVALID
[2026.04.26-19.02.54:390][214]LogNet: AddClientConnection: Added client connection: [UNetConnection] RemoteAddr: 192.168.0.4:64743, Name: IpConnection_23, Driver: GameNetDriver IpNetDriver_21, IsServer: YES, PC: NULL, Owner: NULL, UniqueId: INVALID
[2026.04.26-19.02.54:420][215]LogNet: UPendingNetGame::SendInitialJoin: Sending hello. [UNetConnection] RemoteAddr: 192.168.0.4:7777, Name: IpConnection_22, Driver: PendingNetDriver IpNetDriver_22, IsServer: NO, PC: NULL, Owner: NULL, UniqueId: INVALID
[2026.04.26-19.02.54:421][215]LogNet: NotifyAcceptingChannel Control 0 server World /Game/Map/UEDPIE_2_MP_Lobby.MP_Lobby: Accepted
[2026.04.26-19.02.54:421][215]LogNet: Remote platform little endian=1
[2026.04.26-19.02.54:421][215]LogNet: This platform little endian=1
[2026.04.26-19.02.54:454][216]LogNet: Login request: ?Name=SIBIDI-86AA5138459ED0E9C5593B8B82374929 userId: NULL:SIBIDI-86AA5138459ED0E9C5593B8B82374929 platform: NULL
[2026.04.26-19.02.54:483][217]LogNet: Welcomed by server (Level: /Game/Map/UEDPIE_2_MP_Lobby, Game: /Game/FirstPerson/FirstPersonBP/Blueprints/FirstPersonGameMode.FirstPersonGameMode_C)
[2026.04.26-19.02.54:484][217]LogLoad: LoadMap: 192.168.0.4/Game/Map/UEDPIE_2_MP_Lobby?game=/Game/FirstPerson/FirstPersonBP/Blueprints/FirstPersonGameMode.FirstPersonGameMode_C
[2026.04.26-19.02.54:484][217]LogWorld: BeginTearingDown for /Game/Map/UEDPIE_1_Main_Menu
[2026.04.26-19.02.54:485][217]LogWorld: UWorld::CleanupWorld for Main_Menu, bSessionEnded=true, bCleanupResources=true
[2026.04.26-19.02.54:486][217]LogSlate: InvalidateAllWidgets triggered.  All widgets were invalidated
[2026.04.26-19.02.54:628][217]LogAudio: Display: Audio Device unregistered from world 'None'.
[2026.04.26-19.02.54:643][217]LogUObjectHash: Compacting FUObjectHashTables data took  11.28ms
[2026.04.26-19.02.54:722][217]LogAudio: Display: Audio Device (ID: 69) registered with world 'MP_Lobby'.
[2026.04.26-19.02.54:723][217]LogAIModule: Creating AISystem for world MP_Lobby
[2026.04.26-19.02.54:735][217]LogWorld: Bringing World /Game/Map/UEDPIE_1_MP_Lobby.MP_Lobby up for play (max tick rate 60) at 2026.04.26-21.02.54
[2026.04.26-19.02.54:735][217]LogWorld: Bringing up level for play took: 0.010142
[2026.04.26-19.02.54:736][217]LogLoad: Took 0.251535 seconds to LoadMap(/Game/Map/UEDPIE_2_MP_Lobby)
[2026.04.26-19.02.54:738][217]LogNet: Client netspeed is 100000
[2026.04.26-19.02.54:738][217]LogNet: Join request: /Game/StarterContent/Maps/Minimal_Default?Name=SIBIDI-86AA5138459ED0E9C5593B8B82374929?SplitscreenCount=1
[2026.04.26-19.02.54:739][217]LogOnlineVoice: OSS: RegisterRemoteTalker(SIBIDI-86AA5138459ED0E9C5593B8B82374929) returned 0x00000000
[2026.04.26-19.02.54:739][217]LogOnlineVoice: OSS: StartRemoteVoiceProcessing(SIBIDI-86AA5138459ED0E9C5593B8B82374929) returned 0x00000000
[2026.04.26-19.02.54:747][217]LogNet: Join succeeded: SIBIDI-86AA5138459ED
[2026.04.26-19.02.54:812][218]LogOnlineVoice: OSS: StopLocalVoiceProcessing(0) returned 0x00000000
[2026.04.26-19.02.54:812][218]LogOnlineVoice: OSS: Stopping networked voice for user: 0
[2026.04.26-19.02.55:047][220]LogOnlineVoice: OSS: RegisterRemoteTalker(SIBIDI-1CCB7F4A44180EF230EBC1AB304A0044) returned 0x00000000
[2026.04.26-19.02.55:047][220]LogOnlineVoice: OSS: StartRemoteVoiceProcessing(SIBIDI-1CCB7F4A44180EF230EBC1AB304A0044) returned 0x00000000
[2026.04.26-19.02.55:049][220]PIE: Error: SetInputMode_UIOnly expects a valid player controller as 'PlayerController' target
[2026.04.26-19.02.55:055][220]LogOnlineVoice: OSS: Unmuting remote talker (SIBIDI-86AA5138459ED0E9C5593B8B82374929)
[2026.04.26-19.02.55:055][220]LogOnlineVoice: OSS: Unmuting remote talker (SIBIDI-86AA5138459ED0E9C5593B8B82374929)
[2026.04.26-19.02.55:087][221]LogOnlineVoice: OSS: Unmuting remote talker (SIBIDI-1CCB7F4A44180EF230EBC1AB304A0044)
[2026.04.26-19.02.55:087][221]LogOnlineVoice: OSS: Unmuting remote talker (SIBIDI-1CCB7F4A44180EF230EBC1AB304A0044)
[2026.04.26-19.03.15:132][857]LogSlate: Updating window title bar state: overlay mode, drag disabled, window buttons hidden, title bar hidden
[2026.04.26-19.03.15:132][857]LogWorld: BeginTearingDown for /Game/Map/UEDPIE_2_MP_Lobby
[2026.04.26-19.03.15:134][857]LogSlate: Window 'Playtime_Multiplayer Preview [NetMode: Client 2]  (64-bit/Windows) ' being destroyed
[2026.04.26-19.03.15:143][857]LogWorld: UWorld::CleanupWorld for MP_Lobby, bSessionEnded=true, bCleanupResources=true
[2026.04.26-19.03.15:148][857]LogSlate: InvalidateAllWidgets triggered.  All widgets were invalidated
[2026.04.26-19.03.15:163][857]LogNet: World NetDriver shutdown IpNetDriver_21 [GameNetDriver]
[2026.04.26-19.03.15:163][857]LogNet: DestroyNamedNetDriver IpNetDriver_21 [GameNetDriver]
[2026.04.26-19.03.15:164][857]LogNet: UNetConnection::Cleanup: Closing open connection. [UNetConnection] RemoteAddr: 192.168.0.4:64743, Name: IpConnection_23, Driver: GameNetDriver IpNetDriver_21, IsServer: YES, PC: BP_DefaultController_C_1, Owner: BP_DefaultController_C_1, UniqueId: NULL:SIBIDI-86AA5138459ED0E9C5593B8B82374929
[2026.04.26-19.03.15:164][857]LogNet: UNetConnection::Close: [UNetConnection] RemoteAddr: 192.168.0.4:64743, Name: IpConnection_23, Driver: GameNetDriver IpNetDriver_21, IsServer: YES, PC: BP_DefaultController_C_1, Owner: BP_DefaultController_C_1, UniqueId: NULL:SIBIDI-86AA5138459ED0E9C5593B8B82374929, Channels: 19, Time: 2026.04.26-19.03.15
[2026.04.26-19.03.15:164][857]LogNet: UChannel::Close: Sending CloseBunch. ChIndex == 0. Name: [UChannel] ChIndex: 0, Closing: 0 [UNetConnection] RemoteAddr: 192.168.0.4:64743, Name: IpConnection_23, Driver: GameNetDriver IpNetDriver_21, IsServer: YES, PC: BP_DefaultController_C_1, Owner: BP_DefaultController_C_1, UniqueId: NULL:SIBIDI-86AA5138459ED0E9C5593B8B82374929
[2026.04.26-19.03.15:164][857]LogExit: GameNetDriver IpNetDriver_21 shut down
[2026.04.26-19.03.15:168][857]LogWorld: BeginTearingDown for /Game/Map/UEDPIE_1_MP_Lobby
[2026.04.26-19.03.15:169][857]LogSlate: Updating window title bar state: overlay mode, drag disabled, window buttons hidden, title bar hidden
[2026.04.26-19.03.15:169][857]LogSlate: Window 'Playtime_Multiplayer Preview [NetMode: Client 1]  (64-bit/Windows) ' being destroyed
[2026.04.26-19.03.15:180][857]LogWorld: UWorld::CleanupWorld for MP_Lobby, bSessionEnded=true, bCleanupResources=true
[2026.04.26-19.03.15:182][857]LogSlate: InvalidateAllWidgets triggered.  All widgets were invalidated
[2026.04.26-19.03.15:196][857]LogNet: World NetDriver shutdown IpNetDriver_22 [GameNetDriver]
[2026.04.26-19.03.15:196][857]LogNet: DestroyNamedNetDriver IpNetDriver_22 [GameNetDriver]
[2026.04.26-19.03.15:196][857]LogNet: UNetConnection::Close: [UNetConnection] RemoteAddr: 192.168.0.4:7777, Name: IpConnection_22, Driver: GameNetDriver IpNetDriver_22, IsServer: NO, PC: BP_DefaultController_C_0, Owner: BP_DefaultController_C_0, UniqueId: NULL:SIBIDI-86AA5138459ED0E9C5593B8B82374929, Channels: 19, Time: 2026.04.26-19.03.15
[2026.04.26-19.03.15:196][857]LogNet: UChannel::Close: Sending CloseBunch. ChIndex == 0. Name: [UChannel] ChIndex: 0, Closing: 0 [UNetConnection] RemoteAddr: 192.168.0.4:7777, Name: IpConnection_22, Driver: GameNetDriver IpNetDriver_22, IsServer: NO, PC: BP_DefaultController_C_0, Owner: BP_DefaultController_C_0, UniqueId: NULL:SIBIDI-86AA5138459ED0E9C5593B8B82374929
[2026.04.26-19.03.15:196][857]LogExit: GameNetDriver IpNetDriver_22 shut down
[2026.04.26-19.03.15:234][857]LogWorld: BeginTearingDown for /Game/Map/UEDPIE_0_Main_Menu
[2026.04.26-19.03.15:234][857]LogWorld: UWorld::CleanupWorld for Main_Menu, bSessionEnded=true, bCleanupResources=true
[2026.04.26-19.03.15:234][857]LogSlate: InvalidateAllWidgets triggered.  All widgets were invalidated
[2026.04.26-19.03.15:235][857]LogNet: World NetDriver shutdown IpNetDriver_18 [GameNetDriver]
[2026.04.26-19.03.15:235][857]LogNet: DestroyNamedNetDriver IpNetDriver_18 [GameNetDriver]
[2026.04.26-19.03.15:235][857]LogExit: GameNetDriver IpNetDriver_18 shut down
[2026.04.26-19.03.15:236][857]LogPlayLevel: Display: Shutting down PIE online subsystems
[2026.04.26-19.03.15:255][857]LogSlate: InvalidateAllWidgets triggered.  All widgets were invalidated
[2026.04.26-19.03.15:360][857]LogAudioMixer: FMixerPlatformXAudio2::StopAudioStream() called
[2026.04.26-19.03.15:361][857]LogAudioMixer: FMixerPlatformXAudio2::StopAudioStream() called
[2026.04.26-19.03.15:366][857]LogAudioMixer: FMixerPlatformXAudio2::StopAudioStream() called
[2026.04.26-19.03.15:367][857]LogAudioMixer: FMixerPlatformXAudio2::StopAudioStream() called
[2026.04.26-19.03.15:390][857]LogUObjectHash: Compacting FUObjectHashTables data took   7.64ms
[2026.04.26-19.03.15:484][858]LogPlayLevel: Display: Destroying online subsystem :Context_98
[2026.04.26-19.03.15:484][858]LogPlayLevel: Display: Destroying online subsystem :Context_97
[2026.04.26-19.03.15:484][858]LogPlayLevel: Display: Destroying online subsystem :Context_96
[2026.04.26-19.04.06:174][550]BlueprintLog: New page: Compile GrabPack
[2026.04.26-19.04.06:370][550]LogUObjectHash: Compacting FUObjectHashTables data took   9.01ms
[2026.04.26-19.04.06:382][550]LogActorComponent: RegisterComponentWithWorld: (/Engine/Transient.World_0:PersistentLevel.DESTROYED_GrabPack_C_CHILDACTOR_359.DefaultSceneRoot) Trying to register component with IsPendingKill() == true. Aborting.
[2026.04.26-19.04.06:387][550]LogActorComponent: RegisterComponentWithWorld: (/Engine/Transient.World_14:PersistentLevel.DESTROYED_GrabPack_C_CHILDACTOR_13.DefaultSceneRoot) Trying to register component with IsPendingKill() == true. Aborting.
[2026.04.26-19.04.06:394][550]LogActorComponent: RegisterComponentWithWorld: (/Engine/Transient.World_18:PersistentLevel.DESTROYED_GrabPack_C_CHILDACTOR_524.DefaultSceneRoot) Trying to register component with IsPendingKill() == true. Aborting.
[2026.04.26-19.04.06:394][550]LogActorComponent: RegisterComponentWithWorld: (/Engine/Transient.World_18:PersistentLevel.DESTROYED_GrabPack_C_CHILDACTOR_525.DefaultSceneRoot) Trying to register component with IsPendingKill() == true. Aborting.
[2026.04.26-19.04.06:408][550]LogActorComponent: RegisterComponentWithWorld: (/Engine/Transient.World_0:PersistentLevel.DESTROYED_GrabPack_C_CHILDACTOR_361.DefaultSceneRoot) Trying to register component with IsPendingKill() == true. Aborting.
[2026.04.26-19.04.06:410][550]LogActorComponent: RegisterComponentWithWorld: (/Engine/Transient.World_14:PersistentLevel.DESTROYED_GrabPack_C_CHILDACTOR_15.DefaultSceneRoot) Trying to register component with IsPendingKill() == true. Aborting.
[2026.04.26-19.04.06:416][550]LogActorComponent: RegisterComponentWithWorld: (/Engine/Transient.World_18:PersistentLevel.DESTROYED_GrabPack_C_CHILDACTOR_529.DefaultSceneRoot) Trying to register component with IsPendingKill() == true. Aborting.
[2026.04.26-19.04.06:416][550]LogActorComponent: RegisterComponentWithWorld: (/Engine/Transient.World_18:PersistentLevel.DESTROYED_GrabPack_C_CHILDACTOR_528.DefaultSceneRoot) Trying to register component with IsPendingKill() == true. Aborting.
[2026.04.26-19.04.07:954][632]LogTemp: Repeating last play command: New Editor Window (PIE)
[2026.04.26-19.04.07:968][632]LogPlayLevel: PlayLevel: No blueprints needed recompiling
[2026.04.26-19.04.07:968][632]PIE: New page: PIE session: Main_Menu (26 апр. 2026 г., 23:04:07)
[2026.04.26-19.04.07:974][632]LogPlayLevel: Creating play world package: /Game/Map/UEDPIE_0_Main_Menu
[2026.04.26-19.04.07:983][632]LogPlayLevel: PIE: StaticDuplicateObject took: (0.008699s)
[2026.04.26-19.04.07:984][632]LogAIModule: Creating AISystem for world Main_Menu
[2026.04.26-19.04.07:985][632]LogPlayLevel: PIE: World Init took: (0.002140s)
[2026.04.26-19.04.07:985][632]LogPlayLevel: PIE: Created PIE world by copying editor world from /Game/Map/Main_Menu.Main_Menu to /Game/Map/UEDPIE_0_Main_Menu.Main_Menu (0.011186s)
[2026.04.26-19.04.08:101][632]LogUObjectHash: Compacting FUObjectHashTables data took   9.76ms
[2026.04.26-19.04.08:104][632]LogLoad: Game class is 'FirstPersonGameMode_C'
[2026.04.26-19.04.08:108][632]LogWorld: Bringing World /Game/Map/UEDPIE_0_Main_Menu.Main_Menu up for play (max tick rate 60) at 2026.04.26-21.04.08
[2026.04.26-19.04.08:109][632]LogWorld: Bringing up level for play took: 0.003555
[2026.04.26-19.04.08:109][632]LogNet: ReplicationDriverClass is null! Not using ReplicationDriver.
[2026.04.26-19.04.08:109][632]LogNetCore: DDoS detection status: detection enabled: 0 analytics enabled: 0
[2026.04.26-19.04.08:110][632]LogInit: WinSock: Socket queue. Rx: 131072 (config 131072) Tx: 131072 (config 131072)
[2026.04.26-19.04.08:110][632]LogNet: Created socket for bind address: 0.0.0.0 on port 17777
[2026.04.26-19.04.08:110][632]PacketHandlerLog: Loaded PacketHandler component: Engine.EngineHandlerComponentFactory (StatelessConnectHandlerComponent)
[2026.04.26-19.04.08:110][632]LogNet: GameNetDriver IpNetDriver_23 IpNetDriver listening on port 17777
[2026.04.26-19.04.08:110][632]LogScript: Warning: Accessed None trying to read property CallFunc_Create_ReturnValue
	Main_Menu_C /Game/Map/UEDPIE_0_Main_Menu.Main_Menu:PersistentLevel.Main_Menu_C_1
	Function /Game/Map/Main_Menu.Main_Menu_C:ExecuteUbergraph_Main_Menu:004C
[2026.04.26-19.04.08:110][632]PIE: Error: Blueprint Runtime Error: "Accessed None trying to read property CallFunc_Create_ReturnValue". Blueprint:  Main_Menu Function:  Execute Ubergraph Main Menu Graph:  EventGraph Node:  Add to Viewport
[2026.04.26-19.04.08:110][632]PIE: Error: Blueprint Runtime Error: "Accessed None trying to read property CallFunc_GetPlayerController_ReturnValue". Blueprint:  Main_Menu Function:  Execute Ubergraph Main Menu Graph:  EventGraph Node:  Set bShowMouseCursor
[2026.04.26-19.04.08:110][632]PIE: Error: Blueprint Runtime Error: "Accessed None trying to read property CallFunc_GetPlayerController_ReturnValue_1". Blueprint:  Main_Menu Function:  Execute Ubergraph Main Menu Graph:  EventGraph Node:  Set View Target with Blend
[2026.04.26-19.04.08:110][632]PIE: Error: Blueprint Runtime Error: "Accessed None trying to read property CallFunc_GetPlayerController_ReturnValue_2". Blueprint:  Main_Menu Function:  Execute Ubergraph Main Menu Graph:  EventGraph Node:  Reset Ignore Look Input
[2026.04.26-19.04.08:110][632]PIE: Error: Blueprint Runtime Error: "Accessed None trying to read property CallFunc_GetPlayerController_ReturnValue_2". Blueprint:  Main_Menu Function:  Execute Ubergraph Main Menu Graph:  EventGraph Node:  Reset Ignore Move Input
[2026.04.26-19.04.08:110][632]PIE: Server logged in
[2026.04.26-19.04.08:110][632]PIE: Play in editor total start time 0,145 seconds.
[2026.04.26-19.04.08:112][632]LogAudio: Display: Creating Audio Device:                 Id: 71, Scope: Unique, Realtime: True
[2026.04.26-19.04.08:113][632]LogAudioMixer: Display: Audio Mixer Platform Settings:
[2026.04.26-19.04.08:113][632]LogAudioMixer: Display: 	Sample Rate:						  48000
[2026.04.26-19.04.08:113][632]LogAudioMixer: Display: 	Callback Buffer Frame Size Requested: 512
[2026.04.26-19.04.08:113][632]LogAudioMixer: Display: 	Callback Buffer Frame Size To Use:	  512
[2026.04.26-19.04.08:113][632]LogAudioMixer: Display: 	Number of buffers to queue:			  1
[2026.04.26-19.04.08:113][632]LogAudioMixer: Display: 	Max Channels (voices):				  0
[2026.04.26-19.04.08:113][632]LogAudioMixer: Display: 	Number of Async Source Workers:		  4
[2026.04.26-19.04.08:113][632]LogAudio: Display: AudioDevice MaxSources: 32
[2026.04.26-19.04.08:114][632]LogAudio: Display: Audio Spatialization Plugin: None (built-in).
[2026.04.26-19.04.08:114][632]LogAudio: Display: Audio Reverb Plugin: None (built-in).
[2026.04.26-19.04.08:114][632]LogAudio: Display: Audio Occlusion Plugin: None (built-in).
[2026.04.26-19.04.08:114][632]LogAudioMixer: Display: Initializing audio mixer.
[2026.04.26-19.04.08:120][632]LogAudioMixer: Display: 0: FrontLeft
[2026.04.26-19.04.08:120][632]LogAudioMixer: Display: 1: FrontRight
[2026.04.26-19.04.08:132][632]LogAudioMixer: Display: Using Audio Device Voicemeeter VAIO3 Input (VB-Audio Voicemeeter VAIO)
[2026.04.26-19.04.08:132][632]LogAudioMixer: Display: Initializing Sound Submixes...
[2026.04.26-19.04.08:132][632]LogAudioMixer: Display: Creating Master Submix 'MasterSubmixDefault'
[2026.04.26-19.04.08:132][632]LogAudioMixer: Display: Creating Master Submix 'MasterReverbSubmixDefault'
[2026.04.26-19.04.08:133][632]LogAudioMixer: Display: Creating Master Submix 'MasterEQSubmixDefault'
[2026.04.26-19.04.08:133][632]LogAudioMixer: FMixerPlatformXAudio2::StartAudioStream() called
[2026.04.26-19.04.08:133][632]LogAudioMixer: Display: Output buffers initialized: Frames=512, Channels=2, Samples=1024
[2026.04.26-19.04.08:135][632]LogAudioMixer: Display: Starting AudioMixerPlatformInterface::RunInternal()
[2026.04.26-19.04.08:135][632]LogAudioMixer: Display: FMixerPlatformXAudio2::SubmitBuffer() called for the first time
[2026.04.26-19.04.08:135][632]LogInit: FAudioDevice initialized.
[2026.04.26-19.04.08:135][632]LogAudio: Display: Audio Device (ID: 71) registered with world 'Untitled'.
[2026.04.26-19.04.08:136][632]PIE: Warning: UGameViewportClient::AddCursor: Could not load cursor class 'UI_Cursor_C'.
[2026.04.26-19.04.08:188][632]LogSlate: Updating window title bar state: overlay mode, drag disabled, window buttons hidden, title bar hidden
[2026.04.26-19.04.08:188][632]LogNet: Browse: 127.0.0.1:17777/Game/StarterContent/Maps/Minimal_Default
[2026.04.26-19.04.08:189][632]LogInit: WinSock: Socket queue. Rx: 32768 (config 32768) Tx: 32768 (config 32768)
[2026.04.26-19.04.08:189][632]LogNet: Created socket for bind address: 0.0.0.0 on port 0
[2026.04.26-19.04.08:190][632]PacketHandlerLog: Loaded PacketHandler component: Engine.EngineHandlerComponentFactory (StatelessConnectHandlerComponent)
[2026.04.26-19.04.08:190][632]LogNet: Game client on port 17777, rate 100000
[2026.04.26-19.04.08:193][632]PIE: Client logged in
[2026.04.26-19.04.08:196][632]PIE: Play in editor total start time 0,23 seconds.
[2026.04.26-19.04.08:201][632]LogAudio: Display: Creating Audio Device:                 Id: 72, Scope: Unique, Realtime: True
[2026.04.26-19.04.08:202][632]LogAudioMixer: Display: Audio Mixer Platform Settings:
[2026.04.26-19.04.08:202][632]LogAudioMixer: Display: 	Sample Rate:						  48000
[2026.04.26-19.04.08:202][632]LogAudioMixer: Display: 	Callback Buffer Frame Size Requested: 512
[2026.04.26-19.04.08:202][632]LogAudioMixer: Display: 	Callback Buffer Frame Size To Use:	  512
[2026.04.26-19.04.08:202][632]LogAudioMixer: Display: 	Number of buffers to queue:			  1
[2026.04.26-19.04.08:202][632]LogAudioMixer: Display: 	Max Channels (voices):				  0
[2026.04.26-19.04.08:202][632]LogAudioMixer: Display: 	Number of Async Source Workers:		  4
[2026.04.26-19.04.08:202][632]LogAudio: Display: AudioDevice MaxSources: 32
[2026.04.26-19.04.08:203][632]LogAudio: Display: Audio Spatialization Plugin: None (built-in).
[2026.04.26-19.04.08:204][632]LogAudio: Display: Audio Reverb Plugin: None (built-in).
[2026.04.26-19.04.08:204][632]LogAudio: Display: Audio Occlusion Plugin: None (built-in).
[2026.04.26-19.04.08:204][632]LogAudioMixer: Display: Initializing audio mixer.
[2026.04.26-19.04.08:210][632]LogAudioMixer: Display: 0: FrontLeft
[2026.04.26-19.04.08:210][632]LogAudioMixer: Display: 1: FrontRight
[2026.04.26-19.04.08:223][632]LogAudioMixer: Display: Using Audio Device Voicemeeter VAIO3 Input (VB-Audio Voicemeeter VAIO)
[2026.04.26-19.04.08:223][632]LogAudioMixer: Display: Initializing Sound Submixes...
[2026.04.26-19.04.08:223][632]LogAudioMixer: Display: Creating Master Submix 'MasterSubmixDefault'
[2026.04.26-19.04.08:223][632]LogAudioMixer: Display: Creating Master Submix 'MasterReverbSubmixDefault'
[2026.04.26-19.04.08:224][632]LogAudioMixer: Display: Creating Master Submix 'MasterEQSubmixDefault'
[2026.04.26-19.04.08:224][632]LogAudioMixer: FMixerPlatformXAudio2::StartAudioStream() called
[2026.04.26-19.04.08:224][632]LogAudioMixer: Display: Output buffers initialized: Frames=512, Channels=2, Samples=1024
[2026.04.26-19.04.08:226][632]LogAudioMixer: Display: Starting AudioMixerPlatformInterface::RunInternal()
[2026.04.26-19.04.08:226][632]LogAudioMixer: Display: FMixerPlatformXAudio2::SubmitBuffer() called for the first time
[2026.04.26-19.04.08:226][632]LogInit: FAudioDevice initialized.
[2026.04.26-19.04.08:226][632]LogAudio: Display: Audio Device (ID: 72) registered with world 'Untitled'.
[2026.04.26-19.04.08:226][632]PIE: Warning: UGameViewportClient::AddCursor: Could not load cursor class 'UI_Cursor_C'.
[2026.04.26-19.04.08:289][632]LogSlate: Updating window title bar state: overlay mode, drag disabled, window buttons hidden, title bar hidden
[2026.04.26-19.04.08:289][632]LogNet: Browse: 127.0.0.1:17777/Game/StarterContent/Maps/Minimal_Default
[2026.04.26-19.04.08:290][632]LogInit: WinSock: Socket queue. Rx: 32768 (config 32768) Tx: 32768 (config 32768)
[2026.04.26-19.04.08:290][632]LogNet: Created socket for bind address: 0.0.0.0 on port 0
[2026.04.26-19.04.08:290][632]PacketHandlerLog: Loaded PacketHandler component: Engine.EngineHandlerComponentFactory (StatelessConnectHandlerComponent)
[2026.04.26-19.04.08:290][632]LogNet: Game client on port 17777, rate 100000
[2026.04.26-19.04.08:294][632]PIE: Client logged in
[2026.04.26-19.04.08:296][632]PIE: Play in editor total start time 0,331 seconds.
[2026.04.26-19.04.08:298][632]LogOnline: OSS: Creating online subsystem instance for: :Context_99
[2026.04.26-19.04.08:301][632]LogVoiceEncode: Display: EncoderVersion: libopus unknown
[2026.04.26-19.04.09:217][674]LogNet: NotifyAcceptingConnection accepted from: 127.0.0.1:64003
[2026.04.26-19.04.09:218][674]LogHandshake: SendConnectChallenge. Timestamp: 1.277648, Cookie: 109195143062166254003079210065250051244099166100072169045223
[2026.04.26-19.04.09:218][674]LogHandshake: SendChallengeResponse. Timestamp: 1.277648, Cookie: 109195143062166254003079210065250051244099166100072169045223
[2026.04.26-19.04.09:238][675]LogNet: NotifyAcceptingConnection accepted from: 127.0.0.1:64003
[2026.04.26-19.04.09:238][675]LogHandshake: SendChallengeAck. InCookie: 109195143062166254003079210065250051244099166100072169045223
[2026.04.26-19.04.09:238][675]LogNet: Server accepting post-challenge connection from: 127.0.0.1:64003
[2026.04.26-19.04.09:238][675]PacketHandlerLog: Loaded PacketHandler component: Engine.EngineHandlerComponentFactory (StatelessConnectHandlerComponent)
[2026.04.26-19.04.09:238][675]LogNet: NotifyAcceptedConnection: Name: Main_Menu, TimeStamp: 04/26/26 21:04:09, [UNetConnection] RemoteAddr: 127.0.0.1:64003, Name: IpConnection_26, Driver: GameNetDriver IpNetDriver_23, IsServer: YES, PC: NULL, Owner: NULL, UniqueId: INVALID
[2026.04.26-19.04.09:238][675]LogNet: AddClientConnection: Added client connection: [UNetConnection] RemoteAddr: 127.0.0.1:64003, Name: IpConnection_26, Driver: GameNetDriver IpNetDriver_23, IsServer: YES, PC: NULL, Owner: NULL, UniqueId: INVALID
[2026.04.26-19.04.09:240][675]LogNet: UPendingNetGame::SendInitialJoin: Sending hello. [UNetConnection] RemoteAddr: 127.0.0.1:17777, Name: IpConnection_24, Driver: PendingNetDriver IpNetDriver_24, IsServer: NO, PC: NULL, Owner: NULL, UniqueId: INVALID
[2026.04.26-19.04.09:258][676]LogNet: NotifyAcceptingChannel Control 0 server World /Game/Map/UEDPIE_0_Main_Menu.Main_Menu: Accepted
[2026.04.26-19.04.09:258][676]LogNet: Remote platform little endian=1
[2026.04.26-19.04.09:258][676]LogNet: This platform little endian=1
[2026.04.26-19.04.09:259][676]LogOnline: OSS: Creating online subsystem instance for: :Context_100
[2026.04.26-19.04.09:283][677]LogNet: Login request: ?Name=SIBIDI-2014EBDF4059F4F2ABB0B890466F9A24 userId: NULL:SIBIDI-2014EBDF4059F4F2ABB0B890466F9A24 platform: NULL
[2026.04.26-19.04.09:285][677]LogNet: Welcomed by server (Level: /Game/Map/UEDPIE_0_Main_Menu, Game: /Game/FirstPerson/FirstPersonBP/Blueprints/FirstPersonGameMode.FirstPersonGameMode_C)
[2026.04.26-19.04.09:285][677]LogLoad: LoadMap: 127.0.0.1:17777/Game/Map/UEDPIE_0_Main_Menu?game=/Game/FirstPerson/FirstPersonBP/Blueprints/FirstPersonGameMode.FirstPersonGameMode_C
[2026.04.26-19.04.09:285][677]LogWorld: BeginTearingDown for /Temp/Untitled_10
[2026.04.26-19.04.09:285][677]LogWorld: UWorld::CleanupWorld for Untitled, bSessionEnded=true, bCleanupResources=true
[2026.04.26-19.04.09:286][677]LogSlate: InvalidateAllWidgets triggered.  All widgets were invalidated
[2026.04.26-19.04.09:389][677]LogAudio: Display: Audio Device unregistered from world 'None'.
[2026.04.26-19.04.09:397][677]LogUObjectHash: Compacting FUObjectHashTables data took   7.73ms
[2026.04.26-19.04.09:405][677]LogAudio: Display: Audio Device (ID: 71) registered with world 'Main_Menu'.
[2026.04.26-19.04.09:406][677]LogAIModule: Creating AISystem for world Main_Menu
[2026.04.26-19.04.09:409][677]LogWorld: Bringing World /Game/Map/UEDPIE_1_Main_Menu.Main_Menu up for play (max tick rate 60) at 2026.04.26-21.04.09
[2026.04.26-19.04.09:410][677]LogWorld: Bringing up level for play took: 0.002253
[2026.04.26-19.04.09:411][677]LogLoad: Took 0.125031 seconds to LoadMap(/Game/Map/UEDPIE_0_Main_Menu)
[2026.04.26-19.04.09:411][677]LogNavigation: Warning: NavData RegistrationFailed_DataPendingKill.
[2026.04.26-19.04.09:411][677]LogVoiceEncode: Display: EncoderVersion: libopus unknown
[2026.04.26-19.04.09:460][678]LogNet: Client netspeed is 100000
[2026.04.26-19.04.09:460][678]LogNet: Join request: /Game/StarterContent/Maps/Minimal_Default?Name=SIBIDI-2014EBDF4059F4F2ABB0B890466F9A24?SplitscreenCount=1
[2026.04.26-19.04.09:461][678]LogOnlineSession: Warning: OSS: No game present to join for session (GameSession)
[2026.04.26-19.04.09:467][678]LogNet: Join succeeded: SIBIDI-2014EBDF4059F
[2026.04.26-19.04.09:467][678]LogNet: NotifyAcceptingConnection accepted from: 127.0.0.1:64004
[2026.04.26-19.04.09:467][678]LogHandshake: SendConnectChallenge. Timestamp: 1.520048, Cookie: 129221159182000211075116235069233084131005169179048027128217
[2026.04.26-19.04.09:471][678]LogOnlineVoice: OSS: StopLocalVoiceProcessing(0) returned 0xFFFFFFFF
[2026.04.26-19.04.09:471][678]LogOnlineVoice: OSS: Stopping networked voice for user: 0
[2026.04.26-19.04.09:472][678]LogHandshake: SendChallengeResponse. Timestamp: 1.520048, Cookie: 129221159182000211075116235069233084131005169179048027128217
[2026.04.26-19.04.09:495][679]LogNet: NotifyAcceptingConnection accepted from: 127.0.0.1:64004
[2026.04.26-19.04.09:496][679]LogHandshake: SendChallengeAck. InCookie: 129221159182000211075116235069233084131005169179048027128217
[2026.04.26-19.04.09:496][679]LogNet: Server accepting post-challenge connection from: 127.0.0.1:64004
[2026.04.26-19.04.09:497][679]PacketHandlerLog: Loaded PacketHandler component: Engine.EngineHandlerComponentFactory (StatelessConnectHandlerComponent)
[2026.04.26-19.04.09:497][679]LogNet: NotifyAcceptedConnection: Name: Main_Menu, TimeStamp: 04/26/26 21:04:09, [UNetConnection] RemoteAddr: 127.0.0.1:64004, Name: IpConnection_27, Driver: GameNetDriver IpNetDriver_23, IsServer: YES, PC: NULL, Owner: NULL, UniqueId: INVALID
[2026.04.26-19.04.09:497][679]LogNet: AddClientConnection: Added client connection: [UNetConnection] RemoteAddr: 127.0.0.1:64004, Name: IpConnection_27, Driver: GameNetDriver IpNetDriver_23, IsServer: YES, PC: NULL, Owner: NULL, UniqueId: INVALID
[2026.04.26-19.04.09:506][679]LogNet: UPendingNetGame::SendInitialJoin: Sending hello. [UNetConnection] RemoteAddr: 127.0.0.1:17777, Name: IpConnection_25, Driver: PendingNetDriver IpNetDriver_25, IsServer: NO, PC: NULL, Owner: NULL, UniqueId: INVALID
[2026.04.26-19.04.09:527][680]LogNet: NotifyAcceptingChannel Control 0 server World /Game/Map/UEDPIE_0_Main_Menu.Main_Menu: Accepted
[2026.04.26-19.04.09:527][680]LogNet: Remote platform little endian=1
[2026.04.26-19.04.09:527][680]LogNet: This platform little endian=1
[2026.04.26-19.04.09:532][680]LogOnlineSession: Warning: OSS: No game present to join for session (GameSession)
[2026.04.26-19.04.09:534][680]LogOnline: OSS: Creating online subsystem instance for: :Context_101
[2026.04.26-19.04.09:566][681]LogNet: Login request: ?Name=SIBIDI-E39B85B64E8A0126FAC2689A99A5720A userId: NULL:SIBIDI-E39B85B64E8A0126FAC2689A99A5720A platform: NULL
[2026.04.26-19.04.09:568][681]LogNet: Welcomed by server (Level: /Game/Map/UEDPIE_0_Main_Menu, Game: /Game/FirstPerson/FirstPersonBP/Blueprints/FirstPersonGameMode.FirstPersonGameMode_C)
[2026.04.26-19.04.09:569][681]LogLoad: LoadMap: 127.0.0.1:17777/Game/Map/UEDPIE_0_Main_Menu?game=/Game/FirstPerson/FirstPersonBP/Blueprints/FirstPersonGameMode.FirstPersonGameMode_C
[2026.04.26-19.04.09:569][681]LogWorld: BeginTearingDown for /Temp/Untitled_11
[2026.04.26-19.04.09:569][681]LogWorld: UWorld::CleanupWorld for Untitled, bSessionEnded=true, bCleanupResources=true
[2026.04.26-19.04.09:569][681]LogSlate: InvalidateAllWidgets triggered.  All widgets were invalidated
[2026.04.26-19.04.09:676][681]LogAudio: Display: Audio Device unregistered from world 'None'.
[2026.04.26-19.04.09:686][681]LogUObjectHash: Compacting FUObjectHashTables data took   8.62ms
[2026.04.26-19.04.09:692][681]LogAudio: Display: Audio Device (ID: 72) registered with world 'Main_Menu'.
[2026.04.26-19.04.09:695][681]LogAIModule: Creating AISystem for world Main_Menu
[2026.04.26-19.04.09:696][681]LogWorld: Bringing World /Game/Map/UEDPIE_2_Main_Menu.Main_Menu up for play (max tick rate 60) at 2026.04.26-21.04.09
[2026.04.26-19.04.09:698][681]LogWorld: Bringing up level for play took: 0.001822
[2026.04.26-19.04.09:698][681]LogLoad: Took 0.130010 seconds to LoadMap(/Game/Map/UEDPIE_0_Main_Menu)
[2026.04.26-19.04.09:698][681]LogNavigation: Warning: NavData RegistrationFailed_DataPendingKill.
[2026.04.26-19.04.09:698][681]LogVoiceEncode: Display: EncoderVersion: libopus unknown
[2026.04.26-19.04.09:743][682]LogNet: Client netspeed is 100000
[2026.04.26-19.04.09:743][682]LogNet: Join request: /Game/StarterContent/Maps/Minimal_Default?Name=SIBIDI-E39B85B64E8A0126FAC2689A99A5720A?SplitscreenCount=1
[2026.04.26-19.04.09:744][682]LogOnlineSession: Warning: OSS: No game present to join for session (GameSession)
[2026.04.26-19.04.09:750][682]LogNet: Join succeeded: SIBIDI-E39B85B64E8A0
[2026.04.26-19.04.09:761][682]LogOnlineSession: Warning: OSS: No game present to join for session (GameSession)
[2026.04.26-19.04.09:763][682]LogOnlineVoice: OSS: StopLocalVoiceProcessing(0) returned 0xFFFFFFFF
[2026.04.26-19.04.09:763][682]LogOnlineVoice: OSS: Stopping networked voice for user: 0
[2026.04.26-19.04.09:831][684]LogOnlineSession: Warning: OSS: No game present to join for session (GameSession)
[2026.04.26-19.04.10:473][704]LogOnlineSession: Warning: OSS: No game present to join for session (GameSession)
[2026.04.26-19.04.24:628][151]LogOnlineVoice: OSS: StartLocalProcessing(0) returned 0xFFFFFFFF
[2026.04.26-19.04.24:628][151]LogOnlineVoice: OSS: Starting networked voice for user: 0
[2026.04.26-19.04.24:793][151]LogOnlineVoice: OSS: RegisterLocalTalker(0) returned 0x00000000
[2026.04.26-19.04.24:793][151]LogOnlineVoice: OSS: Invalid user specified in RegisterLocalTalker(1)
[2026.04.26-19.04.24:793][151]LogOnlineVoice: OSS: Invalid user specified in RegisterLocalTalker(2)
[2026.04.26-19.04.24:793][151]LogOnlineVoice: OSS: Invalid user specified in RegisterLocalTalker(3)
[2026.04.26-19.04.24:802][151]LogNet: Browse: /Game/Map/MP_Lobby??listen
[2026.04.26-19.04.24:802][151]LogLoad: LoadMap: /Game/Map/MP_Lobby??listen
[2026.04.26-19.04.24:802][151]LogWorld: BeginTearingDown for /Game/Map/UEDPIE_2_Main_Menu
[2026.04.26-19.04.24:802][151]LogNet: World NetDriver shutdown IpNetDriver_25 [GameNetDriver]
[2026.04.26-19.04.24:802][151]LogNet: DestroyNamedNetDriver IpNetDriver_25 [GameNetDriver]
[2026.04.26-19.04.24:802][151]LogNet: UNetConnection::Close: [UNetConnection] RemoteAddr: 127.0.0.1:17777, Name: IpConnection_25, Driver: GameNetDriver IpNetDriver_25, IsServer: NO, PC: BP_DefaultController_C_0, Owner: BP_DefaultController_C_0, UniqueId: NULL:SIBIDI-E39B85B64E8A0126FAC2689A99A5720A, Channels: 19, Time: 2026.04.26-19.04.24
[2026.04.26-19.04.24:802][151]LogNet: UChannel::Close: Sending CloseBunch. ChIndex == 0. Name: [UChannel] ChIndex: 0, Closing: 0 [UNetConnection] RemoteAddr: 127.0.0.1:17777, Name: IpConnection_25, Driver: GameNetDriver IpNetDriver_25, IsServer: NO, PC: BP_DefaultController_C_0, Owner: BP_DefaultController_C_0, UniqueId: NULL:SIBIDI-E39B85B64E8A0126FAC2689A99A5720A
[2026.04.26-19.04.24:802][151]LogExit: GameNetDriver IpNetDriver_25 shut down
[2026.04.26-19.04.24:803][151]LogWorld: UWorld::CleanupWorld for Main_Menu, bSessionEnded=true, bCleanupResources=true
[2026.04.26-19.04.24:803][151]LogSlate: InvalidateAllWidgets triggered.  All widgets were invalidated
[2026.04.26-19.04.24:922][151]LogAudio: Display: Audio Device unregistered from world 'None'.
[2026.04.26-19.04.24:933][151]LogUObjectHash: Compacting FUObjectHashTables data took   9.19ms
[2026.04.26-19.04.25:024][151]LogAudio: Display: Audio Device (ID: 72) registered with world 'MP_Lobby'.
[2026.04.26-19.04.25:025][151]LogAIModule: Creating AISystem for world MP_Lobby
[2026.04.26-19.04.25:026][151]LogLoad: Game class is 'FirstPersonGameMode_C'
[2026.04.26-19.04.25:026][151]LogNet: ReplicationDriverClass is null! Not using ReplicationDriver.
[2026.04.26-19.04.25:026][151]LogNetCore: DDoS detection status: detection enabled: 0 analytics enabled: 0
[2026.04.26-19.04.25:027][151]LogInit: WinSock: Socket queue. Rx: 131072 (config 131072) Tx: 131072 (config 131072)
[2026.04.26-19.04.25:027][151]LogNet: Created socket for bind address: 0.0.0.0 on port 7777
[2026.04.26-19.04.25:027][151]PacketHandlerLog: Loaded PacketHandler component: Engine.EngineHandlerComponentFactory (StatelessConnectHandlerComponent)
[2026.04.26-19.04.25:027][151]LogNet: GameNetDriver IpNetDriver_26 IpNetDriver listening on port 7777
[2026.04.26-19.04.25:036][151]LogWorld: Bringing World /Game/Map/UEDPIE_2_MP_Lobby.MP_Lobby up for play (max tick rate 60) at 2026.04.26-21.04.25
[2026.04.26-19.04.25:037][151]LogWorld: Bringing up level for play took: 0.009096
[2026.04.26-19.04.25:038][151]LogOnlineVoice: OSS: StopLocalVoiceProcessing(0) returned 0x00000000
[2026.04.26-19.04.25:038][151]LogOnlineVoice: OSS: Stopping networked voice for user: 0
[2026.04.26-19.04.25:045][151]PIE: Error: SetInputMode_UIOnly expects a valid player controller as 'PlayerController' target
[2026.04.26-19.04.25:046][151]LogLoad: Took 0.243818 seconds to LoadMap(/Game/Map/MP_Lobby)
[2026.04.26-19.04.25:094][152]LogNet: UChannel::ReceivedSequencedBunch: Bunch.bClose == true. ChIndex == 0. Calling ConditionalCleanUp.
[2026.04.26-19.04.25:094][152]LogNet: UChannel::CleanUp: ChIndex == 0. Closing connection. [UChannel] ChIndex: 0, Closing: 0 [UNetConnection] RemoteAddr: 127.0.0.1:64004, Name: IpConnection_27, Driver: GameNetDriver IpNetDriver_23, IsServer: YES, PC: BP_DefaultController_C_1, Owner: BP_DefaultController_C_1, UniqueId: NULL:SIBIDI-E39B85B64E8A0126FAC2689A99A5720A
[2026.04.26-19.04.25:094][152]LogNet: UNetConnection::Close: [UNetConnection] RemoteAddr: 127.0.0.1:64004, Name: IpConnection_27, Driver: GameNetDriver IpNetDriver_23, IsServer: YES, PC: BP_DefaultController_C_1, Owner: BP_DefaultController_C_1, UniqueId: NULL:SIBIDI-E39B85B64E8A0126FAC2689A99A5720A, Channels: 19, Time: 2026.04.26-19.04.25
[2026.04.26-19.04.25:094][152]LogNet: UChannel::Close: Sending CloseBunch. ChIndex == 0. Name: [UChannel] ChIndex: 0, Closing: 0 [UNetConnection] RemoteAddr: 127.0.0.1:64004, Name: IpConnection_27, Driver: GameNetDriver IpNetDriver_23, IsServer: YES, PC: BP_DefaultController_C_1, Owner: BP_DefaultController_C_1, UniqueId: NULL:SIBIDI-E39B85B64E8A0126FAC2689A99A5720A
[2026.04.26-19.04.25:097][152]LogOnlineSession: Warning: OSS: No game present to leave for session (GameSession)
[2026.04.26-19.04.25:100][152]LogOnlineSession: Warning: OSS: No game present to leave for session (GameSession)
[2026.04.26-19.04.35:201][484]LogOnlineSession: Warning: OSS: Ignoring game search request while one is pending
[2026.04.26-19.04.35:653][499]LogBlueprintUserMessages: [SERVER_LIST_C_0] Client 1: GOOD
[2026.04.26-19.04.35:653][499]LogScript: Script Msg: Found a session. Ping is 416
[2026.04.26-19.04.35:653][499]LogBlueprintUserMessages: [SERVER_LIST_C_0] Client 1: GOOD
[2026.04.26-19.04.36:207][517]LogOnlineVoice: OSS: StartLocalProcessing(0) returned 0xFFFFFFFF
[2026.04.26-19.04.36:207][517]LogOnlineVoice: OSS: Starting networked voice for user: 0
[2026.04.26-19.04.36:236][517]LogOnlineVoice: OSS: RegisterLocalTalker(0) returned 0x00000000
[2026.04.26-19.04.36:236][517]LogOnlineVoice: OSS: Invalid user specified in RegisterLocalTalker(1)
[2026.04.26-19.04.36:236][517]LogOnlineVoice: OSS: Invalid user specified in RegisterLocalTalker(2)
[2026.04.26-19.04.36:236][517]LogOnlineVoice: OSS: Invalid user specified in RegisterLocalTalker(3)
[2026.04.26-19.04.36:236][517]LogOnlineSession: OSS: Join session: traveling to 192.168.0.4:7777
[2026.04.26-19.04.36:236][517]LogBlueprintUserMessages: [SERVER_C_0] Client 1: Hello
[2026.04.26-19.04.36:239][517]LogNet: Browse: 192.168.0.4/Game/StarterContent/Maps/Minimal_Default
[2026.04.26-19.04.36:239][517]LogNet: World NetDriver shutdown IpNetDriver_24 [GameNetDriver]
[2026.04.26-19.04.36:239][517]LogNet: DestroyNamedNetDriver IpNetDriver_24 [GameNetDriver]
[2026.04.26-19.04.36:239][517]LogNet: UNetConnection::Close: [UNetConnection] RemoteAddr: 127.0.0.1:17777, Name: IpConnection_24, Driver: GameNetDriver IpNetDriver_24, IsServer: NO, PC: BP_DefaultController_C_0, Owner: BP_DefaultController_C_0, UniqueId: NULL:SIBIDI-2014EBDF4059F4F2ABB0B890466F9A24, Channels: 13, Time: 2026.04.26-19.04.36
[2026.04.26-19.04.36:239][517]LogNet: UChannel::Close: Sending CloseBunch. ChIndex == 0. Name: [UChannel] ChIndex: 0, Closing: 0 [UNetConnection] RemoteAddr: 127.0.0.1:17777, Name: IpConnection_24, Driver: GameNetDriver IpNetDriver_24, IsServer: NO, PC: BP_DefaultController_C_0, Owner: BP_DefaultController_C_0, UniqueId: NULL:SIBIDI-2014EBDF4059F4F2ABB0B890466F9A24
[2026.04.26-19.04.36:239][517]LogExit: GameNetDriver IpNetDriver_24 shut down
[2026.04.26-19.04.36:240][517]LogInit: WinSock: Socket queue. Rx: 32768 (config 32768) Tx: 32768 (config 32768)
[2026.04.26-19.04.36:240][517]LogNet: Created socket for bind address: 0.0.0.0 on port 0
[2026.04.26-19.04.36:240][517]PacketHandlerLog: Loaded PacketHandler component: Engine.EngineHandlerComponentFactory (StatelessConnectHandlerComponent)
[2026.04.26-19.04.36:240][517]LogNet: Game client on port 7777, rate 100000
[2026.04.26-19.04.36:265][518]LogNet: UChannel::ReceivedSequencedBunch: Bunch.bClose == true. ChIndex == 0. Calling ConditionalCleanUp.
[2026.04.26-19.04.36:265][518]LogNet: UChannel::CleanUp: ChIndex == 0. Closing connection. [UChannel] ChIndex: 0, Closing: 0 [UNetConnection] RemoteAddr: 127.0.0.1:64003, Name: IpConnection_26, Driver: GameNetDriver IpNetDriver_23, IsServer: YES, PC: BP_DefaultController_C_0, Owner: BP_DefaultController_C_0, UniqueId: NULL:SIBIDI-2014EBDF4059F4F2ABB0B890466F9A24
[2026.04.26-19.04.36:265][518]LogNet: UNetConnection::Close: [UNetConnection] RemoteAddr: 127.0.0.1:64003, Name: IpConnection_26, Driver: GameNetDriver IpNetDriver_23, IsServer: YES, PC: BP_DefaultController_C_0, Owner: BP_DefaultController_C_0, UniqueId: NULL:SIBIDI-2014EBDF4059F4F2ABB0B890466F9A24, Channels: 13, Time: 2026.04.26-19.04.36
[2026.04.26-19.04.36:266][518]LogNet: UChannel::Close: Sending CloseBunch. ChIndex == 0. Name: [UChannel] ChIndex: 0, Closing: 0 [UNetConnection] RemoteAddr: 127.0.0.1:64003, Name: IpConnection_26, Driver: GameNetDriver IpNetDriver_23, IsServer: YES, PC: BP_DefaultController_C_0, Owner: BP_DefaultController_C_0, UniqueId: NULL:SIBIDI-2014EBDF4059F4F2ABB0B890466F9A24
[2026.04.26-19.04.36:267][518]LogOnlineSession: Warning: OSS: No game present to leave for session (GameSession)
[2026.04.26-19.04.37:248][551]LogNet: NotifyAcceptingConnection accepted from: 192.168.0.4:53648
[2026.04.26-19.04.37:249][551]LogHandshake: SendConnectChallenge. Timestamp: 12.650278, Cookie: 045067226169187034159069166251103217206183253222150225085109
[2026.04.26-19.04.37:272][552]LogHandshake: SendChallengeResponse. Timestamp: 12.650278, Cookie: 045067226169187034159069166251103217206183253222150225085109
[2026.04.26-19.04.37:274][552]LogNet: NotifyAcceptingConnection accepted from: 192.168.0.4:53648
[2026.04.26-19.04.37:274][552]LogHandshake: SendChallengeAck. InCookie: 045067226169187034159069166251103217206183253222150225085109
[2026.04.26-19.04.37:274][552]LogNet: Server accepting post-challenge connection from: 192.168.0.4:53648
[2026.04.26-19.04.37:275][552]PacketHandlerLog: Loaded PacketHandler component: Engine.EngineHandlerComponentFactory (StatelessConnectHandlerComponent)
[2026.04.26-19.04.37:275][552]LogNet: NotifyAcceptedConnection: Name: MP_Lobby, TimeStamp: 04/26/26 21:04:37, [UNetConnection] RemoteAddr: 192.168.0.4:53648, Name: IpConnection_29, Driver: GameNetDriver IpNetDriver_26, IsServer: YES, PC: NULL, Owner: NULL, UniqueId: INVALID
[2026.04.26-19.04.37:275][552]LogNet: AddClientConnection: Added client connection: [UNetConnection] RemoteAddr: 192.168.0.4:53648, Name: IpConnection_29, Driver: GameNetDriver IpNetDriver_26, IsServer: YES, PC: NULL, Owner: NULL, UniqueId: INVALID
[2026.04.26-19.04.37:303][553]LogNet: UPendingNetGame::SendInitialJoin: Sending hello. [UNetConnection] RemoteAddr: 192.168.0.4:7777, Name: IpConnection_28, Driver: PendingNetDriver IpNetDriver_27, IsServer: NO, PC: NULL, Owner: NULL, UniqueId: INVALID
[2026.04.26-19.04.37:304][553]LogNet: NotifyAcceptingChannel Control 0 server World /Game/Map/UEDPIE_2_MP_Lobby.MP_Lobby: Accepted
[2026.04.26-19.04.37:304][553]LogNet: Remote platform little endian=1
[2026.04.26-19.04.37:304][553]LogNet: This platform little endian=1
[2026.04.26-19.04.37:333][554]LogNet: Login request: ?Name=SIBIDI-2014EBDF4059F4F2ABB0B890466F9A24 userId: NULL:SIBIDI-2014EBDF4059F4F2ABB0B890466F9A24 platform: NULL
[2026.04.26-19.04.37:360][555]LogNet: Welcomed by server (Level: /Game/Map/UEDPIE_2_MP_Lobby, Game: /Game/FirstPerson/FirstPersonBP/Blueprints/FirstPersonGameMode.FirstPersonGameMode_C)
[2026.04.26-19.04.37:361][555]LogLoad: LoadMap: 192.168.0.4/Game/Map/UEDPIE_2_MP_Lobby?game=/Game/FirstPerson/FirstPersonBP/Blueprints/FirstPersonGameMode.FirstPersonGameMode_C
[2026.04.26-19.04.37:361][555]LogWorld: BeginTearingDown for /Game/Map/UEDPIE_1_Main_Menu
[2026.04.26-19.04.37:362][555]LogWorld: UWorld::CleanupWorld for Main_Menu, bSessionEnded=true, bCleanupResources=true
[2026.04.26-19.04.37:362][555]LogSlate: InvalidateAllWidgets triggered.  All widgets were invalidated
[2026.04.26-19.04.37:485][555]LogAudio: Display: Audio Device unregistered from world 'None'.
[2026.04.26-19.04.37:496][555]LogUObjectHash: Compacting FUObjectHashTables data took   9.07ms
[2026.04.26-19.04.37:565][555]LogAudio: Display: Audio Device (ID: 71) registered with world 'MP_Lobby'.
[2026.04.26-19.04.37:566][555]LogAIModule: Creating AISystem for world MP_Lobby
[2026.04.26-19.04.37:574][555]LogWorld: Bringing World /Game/Map/UEDPIE_1_MP_Lobby.MP_Lobby up for play (max tick rate 60) at 2026.04.26-21.04.37
[2026.04.26-19.04.37:575][555]LogWorld: Bringing up level for play took: 0.007395
[2026.04.26-19.04.37:575][555]LogLoad: Took 0.214447 seconds to LoadMap(/Game/Map/UEDPIE_2_MP_Lobby)
[2026.04.26-19.04.37:577][555]LogNet: Client netspeed is 100000
[2026.04.26-19.04.37:577][555]LogNet: Join request: /Game/StarterContent/Maps/Minimal_Default?Name=SIBIDI-2014EBDF4059F4F2ABB0B890466F9A24?SplitscreenCount=1
[2026.04.26-19.04.37:577][555]LogOnlineVoice: OSS: RegisterRemoteTalker(SIBIDI-2014EBDF4059F4F2ABB0B890466F9A24) returned 0x00000000
[2026.04.26-19.04.37:577][555]LogOnlineVoice: OSS: StartRemoteVoiceProcessing(SIBIDI-2014EBDF4059F4F2ABB0B890466F9A24) returned 0x00000000
[2026.04.26-19.04.37:583][555]LogNet: Join succeeded: SIBIDI-2014EBDF4059F
[2026.04.26-19.04.37:664][556]LogOnlineVoice: OSS: StopLocalVoiceProcessing(0) returned 0x00000000
[2026.04.26-19.04.37:664][556]LogOnlineVoice: OSS: Stopping networked voice for user: 0
[2026.04.26-19.04.37:793][558]LogOnlineVoice: OSS: RegisterRemoteTalker(SIBIDI-E39B85B64E8A0126FAC2689A99A5720A) returned 0x00000000
[2026.04.26-19.04.37:793][558]LogOnlineVoice: OSS: StartRemoteVoiceProcessing(SIBIDI-E39B85B64E8A0126FAC2689A99A5720A) returned 0x00000000
[2026.04.26-19.04.37:794][558]PIE: Error: SetInputMode_UIOnly expects a valid player controller as 'PlayerController' target
[2026.04.26-19.04.37:800][558]LogOnlineVoice: OSS: Unmuting remote talker (SIBIDI-2014EBDF4059F4F2ABB0B890466F9A24)
[2026.04.26-19.04.37:800][558]LogOnlineVoice: OSS: Unmuting remote talker (SIBIDI-2014EBDF4059F4F2ABB0B890466F9A24)
[2026.04.26-19.04.37:827][559]LogOnlineVoice: OSS: Unmuting remote talker (SIBIDI-E39B85B64E8A0126FAC2689A99A5720A)
[2026.04.26-19.04.37:827][559]LogOnlineVoice: OSS: Unmuting remote talker (SIBIDI-E39B85B64E8A0126FAC2689A99A5720A)
[2026.04.26-19.05.03:502][312]LogSlate: Updating window title bar state: overlay mode, drag disabled, window buttons hidden, title bar hidden
[2026.04.26-19.05.03:502][312]LogWorld: BeginTearingDown for /Game/Map/UEDPIE_2_MP_Lobby
[2026.04.26-19.05.03:503][312]LogSlate: Window 'Playtime_Multiplayer Preview [NetMode: Client 2]  (64-bit/Windows) ' being destroyed
[2026.04.26-19.05.03:508][312]LogWorld: UWorld::CleanupWorld for MP_Lobby, bSessionEnded=true, bCleanupResources=true
[2026.04.26-19.05.03:516][312]LogSlate: InvalidateAllWidgets triggered.  All widgets were invalidated
[2026.04.26-19.05.03:525][312]LogNet: World NetDriver shutdown IpNetDriver_26 [GameNetDriver]
[2026.04.26-19.05.03:525][312]LogNet: DestroyNamedNetDriver IpNetDriver_26 [GameNetDriver]
[2026.04.26-19.05.03:525][312]LogNet: UNetConnection::Cleanup: Closing open connection. [UNetConnection] RemoteAddr: 192.168.0.4:53648, Name: IpConnection_29, Driver: GameNetDriver IpNetDriver_26, IsServer: YES, PC: BP_DefaultController_C_1, Owner: BP_DefaultController_C_1, UniqueId: NULL:SIBIDI-2014EBDF4059F4F2ABB0B890466F9A24
[2026.04.26-19.05.03:525][312]LogNet: UNetConnection::Close: [UNetConnection] RemoteAddr: 192.168.0.4:53648, Name: IpConnection_29, Driver: GameNetDriver IpNetDriver_26, IsServer: YES, PC: BP_DefaultController_C_1, Owner: BP_DefaultController_C_1, UniqueId: NULL:SIBIDI-2014EBDF4059F4F2ABB0B890466F9A24, Channels: 19, Time: 2026.04.26-19.05.03
[2026.04.26-19.05.03:526][312]LogNet: UChannel::Close: Sending CloseBunch. ChIndex == 0. Name: [UChannel] ChIndex: 0, Closing: 0 [UNetConnection] RemoteAddr: 192.168.0.4:53648, Name: IpConnection_29, Driver: GameNetDriver IpNetDriver_26, IsServer: YES, PC: BP_DefaultController_C_1, Owner: BP_DefaultController_C_1, UniqueId: NULL:SIBIDI-2014EBDF4059F4F2ABB0B890466F9A24
[2026.04.26-19.05.03:526][312]LogExit: GameNetDriver IpNetDriver_26 shut down
[2026.04.26-19.05.03:530][312]LogWorld: BeginTearingDown for /Game/Map/UEDPIE_1_MP_Lobby
[2026.04.26-19.05.03:531][312]LogSlate: Updating window title bar state: overlay mode, drag disabled, window buttons hidden, title bar hidden
[2026.04.26-19.05.03:531][312]LogSlate: Window 'Playtime_Multiplayer Preview [NetMode: Client 1]  (64-bit/Windows) ' being destroyed
[2026.04.26-19.05.03:541][312]LogWorld: UWorld::CleanupWorld for MP_Lobby, bSessionEnded=true, bCleanupResources=true
[2026.04.26-19.05.03:543][312]LogSlate: InvalidateAllWidgets triggered.  All widgets were invalidated
[2026.04.26-19.05.03:555][312]LogNet: World NetDriver shutdown IpNetDriver_27 [GameNetDriver]
[2026.04.26-19.05.03:556][312]LogNet: DestroyNamedNetDriver IpNetDriver_27 [GameNetDriver]
[2026.04.26-19.05.03:556][312]LogNet: UNetConnection::Close: [UNetConnection] RemoteAddr: 192.168.0.4:7777, Name: IpConnection_28, Driver: GameNetDriver IpNetDriver_27, IsServer: NO, PC: BP_DefaultController_C_0, Owner: BP_DefaultController_C_0, UniqueId: NULL:SIBIDI-2014EBDF4059F4F2ABB0B890466F9A24, Channels: 19, Time: 2026.04.26-19.05.03
[2026.04.26-19.05.03:556][312]LogNet: UChannel::Close: Sending CloseBunch. ChIndex == 0. Name: [UChannel] ChIndex: 0, Closing: 0 [UNetConnection] RemoteAddr: 192.168.0.4:7777, Name: IpConnection_28, Driver: GameNetDriver IpNetDriver_27, IsServer: NO, PC: BP_DefaultController_C_0, Owner: BP_DefaultController_C_0, UniqueId: NULL:SIBIDI-2014EBDF4059F4F2ABB0B890466F9A24
[2026.04.26-19.05.03:556][312]LogExit: GameNetDriver IpNetDriver_27 shut down
[2026.04.26-19.05.03:597][312]LogWorld: BeginTearingDown for /Game/Map/UEDPIE_0_Main_Menu
[2026.04.26-19.05.03:597][312]LogWorld: UWorld::CleanupWorld for Main_Menu, bSessionEnded=true, bCleanupResources=true
[2026.04.26-19.05.03:597][312]LogSlate: InvalidateAllWidgets triggered.  All widgets were invalidated
[2026.04.26-19.05.03:597][312]LogNet: World NetDriver shutdown IpNetDriver_23 [GameNetDriver]
[2026.04.26-19.05.03:597][312]LogNet: DestroyNamedNetDriver IpNetDriver_23 [GameNetDriver]
[2026.04.26-19.05.03:598][312]LogExit: GameNetDriver IpNetDriver_23 shut down
[2026.04.26-19.05.03:600][312]LogPlayLevel: Display: Shutting down PIE online subsystems
[2026.04.26-19.05.03:617][312]LogSlate: InvalidateAllWidgets triggered.  All widgets were invalidated
[2026.04.26-19.05.03:724][312]LogAudioMixer: FMixerPlatformXAudio2::StopAudioStream() called
[2026.04.26-19.05.03:725][312]LogAudioMixer: FMixerPlatformXAudio2::StopAudioStream() called
[2026.04.26-19.05.03:730][312]LogAudioMixer: FMixerPlatformXAudio2::StopAudioStream() called
[2026.04.26-19.05.03:731][312]LogAudioMixer: FMixerPlatformXAudio2::StopAudioStream() called
[2026.04.26-19.05.03:751][312]LogUObjectHash: Compacting FUObjectHashTables data took   6.68ms
[2026.04.26-19.05.03:844][313]LogPlayLevel: Display: Destroying online subsystem :Context_101
[2026.04.26-19.05.03:844][313]LogPlayLevel: Display: Destroying online subsystem :Context_100
[2026.04.26-19.05.03:844][313]LogPlayLevel: Display: Destroying online subsystem :Context_99
[2026.04.26-19.05.44:671][475]BlueprintLog: New page: Compile BP_DefaultController
[2026.04.26-19.05.44:683][475]LogBlueprint: Warning: [AssetLog] C:\LastStep\PROJECT-LAST-STEP\Playtime_Multiplayer\Content\BaseMultiplayer\GameModes\Default\BP_DefaultController.uasset: [Compiler] InputKey Event specifies axis FKey'MouseWheelAxis' for  Mouse Wheel Axis
[2026.04.26-19.05.44:861][475]LogUObjectHash: Compacting FUObjectHashTables data took   9.11ms
[2026.04.26-19.05.48:082][647]LogTemp: Repeating last play command: New Editor Window (PIE)
[2026.04.26-19.05.48:094][647]LogPlayLevel: PlayLevel: No blueprints needed recompiling
[2026.04.26-19.05.48:094][647]PIE: New page: PIE session: Main_Menu (26 апр. 2026 г., 23:05:48)
[2026.04.26-19.05.48:100][647]LogPlayLevel: Creating play world package: /Game/Map/UEDPIE_0_Main_Menu
[2026.04.26-19.05.48:107][647]LogPlayLevel: PIE: StaticDuplicateObject took: (0.006934s)
[2026.04.26-19.05.48:109][647]LogAIModule: Creating AISystem for world Main_Menu
[2026.04.26-19.05.48:110][647]LogPlayLevel: PIE: World Init took: (0.002328s)
[2026.04.26-19.05.48:110][647]LogPlayLevel: PIE: Created PIE world by copying editor world from /Game/Map/Main_Menu.Main_Menu to /Game/Map/UEDPIE_0_Main_Menu.Main_Menu (0.009550s)
[2026.04.26-19.05.48:222][647]LogUObjectHash: Compacting FUObjectHashTables data took  11.19ms
[2026.04.26-19.05.48:223][647]LogLoad: Game class is 'FirstPersonGameMode_C'
[2026.04.26-19.05.48:225][647]LogWorld: Bringing World /Game/Map/UEDPIE_0_Main_Menu.Main_Menu up for play (max tick rate 60) at 2026.04.26-21.05.48
[2026.04.26-19.05.48:226][647]LogWorld: Bringing up level for play took: 0.002229
[2026.04.26-19.05.48:226][647]LogNet: ReplicationDriverClass is null! Not using ReplicationDriver.
[2026.04.26-19.05.48:227][647]LogNetCore: DDoS detection status: detection enabled: 0 analytics enabled: 0
[2026.04.26-19.05.48:227][647]LogInit: WinSock: Socket queue. Rx: 131072 (config 131072) Tx: 131072 (config 131072)
[2026.04.26-19.05.48:227][647]LogNet: Created socket for bind address: 0.0.0.0 on port 17777
[2026.04.26-19.05.48:227][647]PacketHandlerLog: Loaded PacketHandler component: Engine.EngineHandlerComponentFactory (StatelessConnectHandlerComponent)
[2026.04.26-19.05.48:227][647]LogNet: GameNetDriver IpNetDriver_28 IpNetDriver listening on port 17777
[2026.04.26-19.05.48:228][647]PIE: Error: Blueprint Runtime Error: "Accessed None trying to read property CallFunc_Create_ReturnValue". Blueprint:  Main_Menu Function:  Execute Ubergraph Main Menu Graph:  EventGraph Node:  Add to Viewport
[2026.04.26-19.05.48:228][647]PIE: Error: Blueprint Runtime Error: "Accessed None trying to read property CallFunc_GetPlayerController_ReturnValue". Blueprint:  Main_Menu Function:  Execute Ubergraph Main Menu Graph:  EventGraph Node:  Set bShowMouseCursor
[2026.04.26-19.05.48:228][647]PIE: Error: Blueprint Runtime Error: "Accessed None trying to read property CallFunc_GetPlayerController_ReturnValue_1". Blueprint:  Main_Menu Function:  Execute Ubergraph Main Menu Graph:  EventGraph Node:  Set View Target with Blend
[2026.04.26-19.05.48:228][647]PIE: Error: Blueprint Runtime Error: "Accessed None trying to read property CallFunc_GetPlayerController_ReturnValue_2". Blueprint:  Main_Menu Function:  Execute Ubergraph Main Menu Graph:  EventGraph Node:  Reset Ignore Look Input
[2026.04.26-19.05.48:229][647]PIE: Error: Blueprint Runtime Error: "Accessed None trying to read property CallFunc_GetPlayerController_ReturnValue_2". Blueprint:  Main_Menu Function:  Execute Ubergraph Main Menu Graph:  EventGraph Node:  Reset Ignore Move Input
[2026.04.26-19.05.48:229][647]PIE: Server logged in
[2026.04.26-19.05.48:229][647]PIE: Play in editor total start time 0,136 seconds.
[2026.04.26-19.05.48:231][647]LogAudio: Display: Creating Audio Device:                 Id: 73, Scope: Unique, Realtime: True
[2026.04.26-19.05.48:231][647]LogAudioMixer: Display: Audio Mixer Platform Settings:
[2026.04.26-19.05.48:231][647]LogAudioMixer: Display: 	Sample Rate:						  48000
[2026.04.26-19.05.48:232][647]LogAudioMixer: Display: 	Callback Buffer Frame Size Requested: 512
[2026.04.26-19.05.48:232][647]LogAudioMixer: Display: 	Callback Buffer Frame Size To Use:	  512
[2026.04.26-19.05.48:232][647]LogAudioMixer: Display: 	Number of buffers to queue:			  1
[2026.04.26-19.05.48:232][647]LogAudioMixer: Display: 	Max Channels (voices):				  0
[2026.04.26-19.05.48:232][647]LogAudioMixer: Display: 	Number of Async Source Workers:		  4
[2026.04.26-19.05.48:232][647]LogAudio: Display: AudioDevice MaxSources: 32
[2026.04.26-19.05.48:233][647]LogAudio: Display: Audio Spatialization Plugin: None (built-in).
[2026.04.26-19.05.48:233][647]LogAudio: Display: Audio Reverb Plugin: None (built-in).
[2026.04.26-19.05.48:233][647]LogAudio: Display: Audio Occlusion Plugin: None (built-in).
[2026.04.26-19.05.48:233][647]LogAudioMixer: Display: Initializing audio mixer.
[2026.04.26-19.05.48:238][647]LogAudioMixer: Display: 0: FrontLeft
[2026.04.26-19.05.48:238][647]LogAudioMixer: Display: 1: FrontRight
[2026.04.26-19.05.48:250][647]LogAudioMixer: Display: Using Audio Device Voicemeeter VAIO3 Input (VB-Audio Voicemeeter VAIO)
[2026.04.26-19.05.48:250][647]LogAudioMixer: Display: Initializing Sound Submixes...
[2026.04.26-19.05.48:250][647]LogAudioMixer: Display: Creating Master Submix 'MasterSubmixDefault'
[2026.04.26-19.05.48:250][647]LogAudioMixer: Display: Creating Master Submix 'MasterReverbSubmixDefault'
[2026.04.26-19.05.48:251][647]LogAudioMixer: Display: Creating Master Submix 'MasterEQSubmixDefault'
[2026.04.26-19.05.48:251][647]LogAudioMixer: FMixerPlatformXAudio2::StartAudioStream() called
[2026.04.26-19.05.48:251][647]LogAudioMixer: Display: Output buffers initialized: Frames=512, Channels=2, Samples=1024
[2026.04.26-19.05.48:253][647]LogAudioMixer: Display: Starting AudioMixerPlatformInterface::RunInternal()
[2026.04.26-19.05.48:253][647]LogAudioMixer: Display: FMixerPlatformXAudio2::SubmitBuffer() called for the first time
[2026.04.26-19.05.48:253][647]LogInit: FAudioDevice initialized.
[2026.04.26-19.05.48:253][647]LogAudio: Display: Audio Device (ID: 73) registered with world 'Untitled'.
[2026.04.26-19.05.48:254][647]PIE: Warning: UGameViewportClient::AddCursor: Could not load cursor class 'UI_Cursor_C'.
[2026.04.26-19.05.48:309][647]LogSlate: Updating window title bar state: overlay mode, drag disabled, window buttons hidden, title bar hidden
[2026.04.26-19.05.48:309][647]LogNet: Browse: 127.0.0.1:17777/Game/StarterContent/Maps/Minimal_Default
[2026.04.26-19.05.48:309][647]LogInit: WinSock: Socket queue. Rx: 32768 (config 32768) Tx: 32768 (config 32768)
[2026.04.26-19.05.48:309][647]LogNet: Created socket for bind address: 0.0.0.0 on port 0
[2026.04.26-19.05.48:310][647]PacketHandlerLog: Loaded PacketHandler component: Engine.EngineHandlerComponentFactory (StatelessConnectHandlerComponent)
[2026.04.26-19.05.48:310][647]LogNet: Game client on port 17777, rate 100000
[2026.04.26-19.05.48:312][647]PIE: Client logged in
[2026.04.26-19.05.48:315][647]PIE: Play in editor total start time 0,223 seconds.
[2026.04.26-19.05.48:318][647]LogAudio: Display: Creating Audio Device:                 Id: 74, Scope: Unique, Realtime: True
[2026.04.26-19.05.48:320][647]LogAudioMixer: Display: Audio Mixer Platform Settings:
[2026.04.26-19.05.48:320][647]LogAudioMixer: Display: 	Sample Rate:						  48000
[2026.04.26-19.05.48:320][647]LogAudioMixer: Display: 	Callback Buffer Frame Size Requested: 512
[2026.04.26-19.05.48:320][647]LogAudioMixer: Display: 	Callback Buffer Frame Size To Use:	  512
[2026.04.26-19.05.48:320][647]LogAudioMixer: Display: 	Number of buffers to queue:			  1
[2026.04.26-19.05.48:320][647]LogAudioMixer: Display: 	Max Channels (voices):				  0
[2026.04.26-19.05.48:320][647]LogAudioMixer: Display: 	Number of Async Source Workers:		  4
[2026.04.26-19.05.48:320][647]LogAudio: Display: AudioDevice MaxSources: 32
[2026.04.26-19.05.48:321][647]LogAudio: Display: Audio Spatialization Plugin: None (built-in).
[2026.04.26-19.05.48:322][647]LogAudio: Display: Audio Reverb Plugin: None (built-in).
[2026.04.26-19.05.48:322][647]LogAudio: Display: Audio Occlusion Plugin: None (built-in).
[2026.04.26-19.05.48:322][647]LogAudioMixer: Display: Initializing audio mixer.
[2026.04.26-19.05.48:330][647]LogAudioMixer: Display: 0: FrontLeft
[2026.04.26-19.05.48:330][647]LogAudioMixer: Display: 1: FrontRight
[2026.04.26-19.05.48:342][647]LogAudioMixer: Display: Using Audio Device Voicemeeter VAIO3 Input (VB-Audio Voicemeeter VAIO)
[2026.04.26-19.05.48:342][647]LogAudioMixer: Display: Initializing Sound Submixes...
[2026.04.26-19.05.48:342][647]LogAudioMixer: Display: Creating Master Submix 'MasterSubmixDefault'
[2026.04.26-19.05.48:342][647]LogAudioMixer: Display: Creating Master Submix 'MasterReverbSubmixDefault'
[2026.04.26-19.05.48:343][647]LogAudioMixer: Display: Creating Master Submix 'MasterEQSubmixDefault'
[2026.04.26-19.05.48:343][647]LogAudioMixer: FMixerPlatformXAudio2::StartAudioStream() called
[2026.04.26-19.05.48:343][647]LogAudioMixer: Display: Output buffers initialized: Frames=512, Channels=2, Samples=1024
[2026.04.26-19.05.48:345][647]LogAudioMixer: Display: Starting AudioMixerPlatformInterface::RunInternal()
[2026.04.26-19.05.48:345][647]LogAudioMixer: Display: FMixerPlatformXAudio2::SubmitBuffer() called for the first time
[2026.04.26-19.05.48:345][647]LogInit: FAudioDevice initialized.
[2026.04.26-19.05.48:345][647]LogAudio: Display: Audio Device (ID: 74) registered with world 'Untitled'.
[2026.04.26-19.05.48:345][647]PIE: Warning: UGameViewportClient::AddCursor: Could not load cursor class 'UI_Cursor_C'.
[2026.04.26-19.05.48:391][647]LogSlate: Updating window title bar state: overlay mode, drag disabled, window buttons hidden, title bar hidden
[2026.04.26-19.05.48:391][647]LogNet: Browse: 127.0.0.1:17777/Game/StarterContent/Maps/Minimal_Default
[2026.04.26-19.05.48:392][647]LogInit: WinSock: Socket queue. Rx: 32768 (config 32768) Tx: 32768 (config 32768)
[2026.04.26-19.05.48:392][647]LogNet: Created socket for bind address: 0.0.0.0 on port 0
[2026.04.26-19.05.48:392][647]PacketHandlerLog: Loaded PacketHandler component: Engine.EngineHandlerComponentFactory (StatelessConnectHandlerComponent)
[2026.04.26-19.05.48:392][647]LogNet: Game client on port 17777, rate 100000
[2026.04.26-19.05.48:394][647]PIE: Client logged in
[2026.04.26-19.05.48:397][647]PIE: Play in editor total start time 0,305 seconds.
[2026.04.26-19.05.48:399][647]LogOnline: OSS: Creating online subsystem instance for: :Context_102
[2026.04.26-19.05.48:402][647]LogVoiceEncode: Display: EncoderVersion: libopus unknown
[2026.04.26-19.05.49:347][690]LogNet: NotifyAcceptingConnection accepted from: 127.0.0.1:51279
[2026.04.26-19.05.49:347][690]LogHandshake: SendConnectChallenge. Timestamp: 1.280703, Cookie: 068230075055027233009058159021144139099147068228123124033204
[2026.04.26-19.05.49:348][690]LogHandshake: SendChallengeResponse. Timestamp: 1.280703, Cookie: 068230075055027233009058159021144139099147068228123124033204
[2026.04.26-19.05.49:368][691]LogNet: NotifyAcceptingConnection accepted from: 127.0.0.1:51279
[2026.04.26-19.05.49:368][691]LogHandshake: SendChallengeAck. InCookie: 068230075055027233009058159021144139099147068228123124033204
[2026.04.26-19.05.49:369][691]LogNet: Server accepting post-challenge connection from: 127.0.0.1:51279
[2026.04.26-19.05.49:370][691]PacketHandlerLog: Loaded PacketHandler component: Engine.EngineHandlerComponentFactory (StatelessConnectHandlerComponent)
[2026.04.26-19.05.49:370][691]LogNet: NotifyAcceptedConnection: Name: Main_Menu, TimeStamp: 04/26/26 21:05:49, [UNetConnection] RemoteAddr: 127.0.0.1:51279, Name: IpConnection_32, Driver: GameNetDriver IpNetDriver_28, IsServer: YES, PC: NULL, Owner: NULL, UniqueId: INVALID
[2026.04.26-19.05.49:370][691]LogNet: AddClientConnection: Added client connection: [UNetConnection] RemoteAddr: 127.0.0.1:51279, Name: IpConnection_32, Driver: GameNetDriver IpNetDriver_28, IsServer: YES, PC: NULL, Owner: NULL, UniqueId: INVALID
[2026.04.26-19.05.49:372][691]LogNet: UPendingNetGame::SendInitialJoin: Sending hello. [UNetConnection] RemoteAddr: 127.0.0.1:17777, Name: IpConnection_30, Driver: PendingNetDriver IpNetDriver_29, IsServer: NO, PC: NULL, Owner: NULL, UniqueId: INVALID
[2026.04.26-19.05.49:394][692]LogNet: NotifyAcceptingChannel Control 0 server World /Game/Map/UEDPIE_0_Main_Menu.Main_Menu: Accepted
[2026.04.26-19.05.49:394][692]LogNet: Remote platform little endian=1
[2026.04.26-19.05.49:394][692]LogNet: This platform little endian=1
[2026.04.26-19.05.49:395][692]LogOnline: OSS: Creating online subsystem instance for: :Context_103
[2026.04.26-19.05.49:418][693]LogNet: Login request: ?Name=SIBIDI-E87F3F6749F41F352C97B58C5C1997D9 userId: NULL:SIBIDI-E87F3F6749F41F352C97B58C5C1997D9 platform: NULL
[2026.04.26-19.05.49:418][693]LogNet: NotifyAcceptingConnection accepted from: 127.0.0.1:51280
[2026.04.26-19.05.49:418][693]LogHandshake: SendConnectChallenge. Timestamp: 1.351035, Cookie: 222221099041045035215252120173239060079054252022117151211081
[2026.04.26-19.05.49:420][693]LogNet: Welcomed by server (Level: /Game/Map/UEDPIE_0_Main_Menu, Game: /Game/FirstPerson/FirstPersonBP/Blueprints/FirstPersonGameMode.FirstPersonGameMode_C)
[2026.04.26-19.05.49:420][693]LogLoad: LoadMap: 127.0.0.1:17777/Game/Map/UEDPIE_0_Main_Menu?game=/Game/FirstPerson/FirstPersonBP/Blueprints/FirstPersonGameMode.FirstPersonGameMode_C
[2026.04.26-19.05.49:420][693]LogWorld: BeginTearingDown for /Temp/Untitled_12
[2026.04.26-19.05.49:420][693]LogWorld: UWorld::CleanupWorld for Untitled, bSessionEnded=true, bCleanupResources=true
[2026.04.26-19.05.49:420][693]LogSlate: InvalidateAllWidgets triggered.  All widgets were invalidated
[2026.04.26-19.05.49:543][693]LogAudio: Display: Audio Device unregistered from world 'None'.
[2026.04.26-19.05.49:553][693]LogUObjectHash: Compacting FUObjectHashTables data took   9.92ms
[2026.04.26-19.05.49:566][693]LogAudio: Display: Audio Device (ID: 73) registered with world 'Main_Menu'.
[2026.04.26-19.05.49:568][693]LogAIModule: Creating AISystem for world Main_Menu
[2026.04.26-19.05.49:570][693]LogWorld: Bringing World /Game/Map/UEDPIE_1_Main_Menu.Main_Menu up for play (max tick rate 60) at 2026.04.26-21.05.49
[2026.04.26-19.05.49:571][693]LogWorld: Bringing up level for play took: 0.002474
[2026.04.26-19.05.49:571][693]LogLoad: Took 0.151685 seconds to LoadMap(/Game/Map/UEDPIE_0_Main_Menu)
[2026.04.26-19.05.49:571][693]LogNavigation: Warning: NavData RegistrationFailed_DataPendingKill.
[2026.04.26-19.05.49:573][693]LogVoiceEncode: Display: EncoderVersion: libopus unknown
[2026.04.26-19.05.49:573][693]LogHandshake: SendChallengeResponse. Timestamp: 1.351035, Cookie: 222221099041045035215252120173239060079054252022117151211081
[2026.04.26-19.05.49:625][694]LogNet: Client netspeed is 100000
[2026.04.26-19.05.49:625][694]LogNet: Join request: /Game/StarterContent/Maps/Minimal_Default?Name=SIBIDI-E87F3F6749F41F352C97B58C5C1997D9?SplitscreenCount=1
[2026.04.26-19.05.49:627][694]LogOnlineSession: Warning: OSS: No game present to join for session (GameSession)
[2026.04.26-19.05.49:632][694]LogNet: Join succeeded: SIBIDI-E87F3F6749F41
[2026.04.26-19.05.49:632][694]LogNet: NotifyAcceptingConnection accepted from: 127.0.0.1:51280
[2026.04.26-19.05.49:632][694]LogHandshake: SendChallengeAck. InCookie: 222221099041045035215252120173239060079054252022117151211081
[2026.04.26-19.05.49:632][694]LogNet: Server accepting post-challenge connection from: 127.0.0.1:51280
[2026.04.26-19.05.49:633][694]PacketHandlerLog: Loaded PacketHandler component: Engine.EngineHandlerComponentFactory (StatelessConnectHandlerComponent)
[2026.04.26-19.05.49:633][694]LogNet: NotifyAcceptedConnection: Name: Main_Menu, TimeStamp: 04/26/26 21:05:49, [UNetConnection] RemoteAddr: 127.0.0.1:51280, Name: IpConnection_33, Driver: GameNetDriver IpNetDriver_28, IsServer: YES, PC: NULL, Owner: NULL, UniqueId: INVALID
[2026.04.26-19.05.49:633][694]LogNet: AddClientConnection: Added client connection: [UNetConnection] RemoteAddr: 127.0.0.1:51280, Name: IpConnection_33, Driver: GameNetDriver IpNetDriver_28, IsServer: YES, PC: NULL, Owner: NULL, UniqueId: INVALID
[2026.04.26-19.05.49:636][694]LogOnlineVoice: OSS: StopLocalVoiceProcessing(0) returned 0xFFFFFFFF
[2026.04.26-19.05.49:636][694]LogOnlineVoice: OSS: Stopping networked voice for user: 0
[2026.04.26-19.05.49:637][694]LogNet: UPendingNetGame::SendInitialJoin: Sending hello. [UNetConnection] RemoteAddr: 127.0.0.1:17777, Name: IpConnection_31, Driver: PendingNetDriver IpNetDriver_30, IsServer: NO, PC: NULL, Owner: NULL, UniqueId: INVALID
[2026.04.26-19.05.49:662][695]LogNet: NotifyAcceptingChannel Control 0 server World /Game/Map/UEDPIE_0_Main_Menu.Main_Menu: Accepted
[2026.04.26-19.05.49:662][695]LogNet: Remote platform little endian=1
[2026.04.26-19.05.49:662][695]LogNet: This platform little endian=1
[2026.04.26-19.05.49:672][695]LogOnline: OSS: Creating online subsystem instance for: :Context_104
[2026.04.26-19.05.49:700][696]LogNet: Login request: ?Name=SIBIDI-282E3850409EE94C71ED11A3AB05A50D userId: NULL:SIBIDI-282E3850409EE94C71ED11A3AB05A50D platform: NULL
[2026.04.26-19.05.49:706][696]LogOnlineSession: Warning: OSS: No game present to join for session (GameSession)
[2026.04.26-19.05.49:707][696]LogNet: Welcomed by server (Level: /Game/Map/UEDPIE_0_Main_Menu, Game: /Game/FirstPerson/FirstPersonBP/Blueprints/FirstPersonGameMode.FirstPersonGameMode_C)
[2026.04.26-19.05.49:707][696]LogLoad: LoadMap: 127.0.0.1:17777/Game/Map/UEDPIE_0_Main_Menu?game=/Game/FirstPerson/FirstPersonBP/Blueprints/FirstPersonGameMode.FirstPersonGameMode_C
[2026.04.26-19.05.49:708][696]LogWorld: BeginTearingDown for /Temp/Untitled_13
[2026.04.26-19.05.49:708][696]LogWorld: UWorld::CleanupWorld for Untitled, bSessionEnded=true, bCleanupResources=true
[2026.04.26-19.05.49:708][696]LogSlate: InvalidateAllWidgets triggered.  All widgets were invalidated
[2026.04.26-19.05.49:813][696]LogAudio: Display: Audio Device unregistered from world 'None'.
[2026.04.26-19.05.49:822][696]LogUObjectHash: Compacting FUObjectHashTables data took   8.12ms
[2026.04.26-19.05.49:831][696]LogAudio: Display: Audio Device (ID: 74) registered with world 'Main_Menu'.
[2026.04.26-19.05.49:833][696]LogAIModule: Creating AISystem for world Main_Menu
[2026.04.26-19.05.49:836][696]LogWorld: Bringing World /Game/Map/UEDPIE_2_Main_Menu.Main_Menu up for play (max tick rate 60) at 2026.04.26-21.05.49
[2026.04.26-19.05.49:837][696]LogWorld: Bringing up level for play took: 0.002646
[2026.04.26-19.05.49:838][696]LogLoad: Took 0.130536 seconds to LoadMap(/Game/Map/UEDPIE_0_Main_Menu)
[2026.04.26-19.05.49:838][696]LogNavigation: Warning: NavData RegistrationFailed_DataPendingKill.
[2026.04.26-19.05.49:839][696]LogVoiceEncode: Display: EncoderVersion: libopus unknown
[2026.04.26-19.05.49:904][697]LogNet: Client netspeed is 100000
[2026.04.26-19.05.49:904][697]LogNet: Join request: /Game/StarterContent/Maps/Minimal_Default?Name=SIBIDI-282E3850409EE94C71ED11A3AB05A50D?SplitscreenCount=1
[2026.04.26-19.05.49:905][697]LogOnlineSession: Warning: OSS: No game present to join for session (GameSession)
[2026.04.26-19.05.49:912][697]LogNet: Join succeeded: SIBIDI-282E3850409EE
[2026.04.26-19.05.49:925][697]LogOnlineSession: Warning: OSS: No game present to join for session (GameSession)
[2026.04.26-19.05.49:929][697]LogOnlineVoice: OSS: StopLocalVoiceProcessing(0) returned 0xFFFFFFFF
[2026.04.26-19.05.49:929][697]LogOnlineVoice: OSS: Stopping networked voice for user: 0
[2026.04.26-19.05.50:001][699]LogOnlineSession: Warning: OSS: No game present to join for session (GameSession)
[2026.04.26-19.05.50:675][718]LogOnlineSession: Warning: OSS: No game present to join for session (GameSession)
[2026.04.26-19.05.51:673][746]AdvancedVoiceLog: Warning: Start Networked Voice couldn't get the voice interface!
[2026.04.26-19.05.52:120][760]AdvancedVoiceLog: Warning: Start Networked Voice couldn't get the voice interface!
[2026.04.26-19.05.57:558][926]LogOnlineVoice: OSS: StartLocalProcessing(0) returned 0xFFFFFFFF
[2026.04.26-19.05.57:558][926]LogOnlineVoice: OSS: Starting networked voice for user: 0
[2026.04.26-19.05.57:715][926]LogOnlineVoice: OSS: RegisterLocalTalker(0) returned 0x00000000
[2026.04.26-19.05.57:715][926]LogOnlineVoice: OSS: Invalid user specified in RegisterLocalTalker(1)
[2026.04.26-19.05.57:715][926]LogOnlineVoice: OSS: Invalid user specified in RegisterLocalTalker(2)
[2026.04.26-19.05.57:716][926]LogOnlineVoice: OSS: Invalid user specified in RegisterLocalTalker(3)
[2026.04.26-19.05.57:722][926]LogNet: Browse: /Game/Map/MP_Lobby??listen
[2026.04.26-19.05.57:722][926]LogLoad: LoadMap: /Game/Map/MP_Lobby??listen
[2026.04.26-19.05.57:722][926]LogWorld: BeginTearingDown for /Game/Map/UEDPIE_2_Main_Menu
[2026.04.26-19.05.57:722][926]LogNet: World NetDriver shutdown IpNetDriver_30 [GameNetDriver]
[2026.04.26-19.05.57:722][926]LogNet: DestroyNamedNetDriver IpNetDriver_30 [GameNetDriver]
[2026.04.26-19.05.57:722][926]LogNet: UNetConnection::Close: [UNetConnection] RemoteAddr: 127.0.0.1:17777, Name: IpConnection_31, Driver: GameNetDriver IpNetDriver_30, IsServer: NO, PC: BP_DefaultController_C_0, Owner: BP_DefaultController_C_0, UniqueId: NULL:SIBIDI-282E3850409EE94C71ED11A3AB05A50D, Channels: 19, Time: 2026.04.26-19.05.57
[2026.04.26-19.05.57:722][926]LogNet: UChannel::Close: Sending CloseBunch. ChIndex == 0. Name: [UChannel] ChIndex: 0, Closing: 0 [UNetConnection] RemoteAddr: 127.0.0.1:17777, Name: IpConnection_31, Driver: GameNetDriver IpNetDriver_30, IsServer: NO, PC: BP_DefaultController_C_0, Owner: BP_DefaultController_C_0, UniqueId: NULL:SIBIDI-282E3850409EE94C71ED11A3AB05A50D
[2026.04.26-19.05.57:722][926]LogExit: GameNetDriver IpNetDriver_30 shut down
[2026.04.26-19.05.57:723][926]LogWorld: UWorld::CleanupWorld for Main_Menu, bSessionEnded=true, bCleanupResources=true
[2026.04.26-19.05.57:723][926]LogSlate: InvalidateAllWidgets triggered.  All widgets were invalidated
[2026.04.26-19.05.57:854][926]LogAudio: Display: Audio Device unregistered from world 'None'.
[2026.04.26-19.05.57:865][926]LogUObjectHash: Compacting FUObjectHashTables data took   9.19ms
[2026.04.26-19.05.57:961][926]LogAudio: Display: Audio Device (ID: 74) registered with world 'MP_Lobby'.
[2026.04.26-19.05.57:962][926]LogAIModule: Creating AISystem for world MP_Lobby
[2026.04.26-19.05.57:962][926]LogLoad: Game class is 'FirstPersonGameMode_C'
[2026.04.26-19.05.57:963][926]LogNet: ReplicationDriverClass is null! Not using ReplicationDriver.
[2026.04.26-19.05.57:963][926]LogNetCore: DDoS detection status: detection enabled: 0 analytics enabled: 0
[2026.04.26-19.05.57:963][926]LogInit: WinSock: Socket queue. Rx: 131072 (config 131072) Tx: 131072 (config 131072)
[2026.04.26-19.05.57:963][926]LogNet: Created socket for bind address: 0.0.0.0 on port 7777
[2026.04.26-19.05.57:963][926]PacketHandlerLog: Loaded PacketHandler component: Engine.EngineHandlerComponentFactory (StatelessConnectHandlerComponent)
[2026.04.26-19.05.57:963][926]LogNet: GameNetDriver IpNetDriver_31 IpNetDriver listening on port 7777
[2026.04.26-19.05.57:974][926]LogWorld: Bringing World /Game/Map/UEDPIE_2_MP_Lobby.MP_Lobby up for play (max tick rate 60) at 2026.04.26-21.05.57
[2026.04.26-19.05.57:974][926]LogWorld: Bringing up level for play took: 0.010154
[2026.04.26-19.05.57:976][926]LogOnlineVoice: OSS: StopLocalVoiceProcessing(0) returned 0x00000000
[2026.04.26-19.05.57:976][926]LogOnlineVoice: OSS: Stopping networked voice for user: 0
[2026.04.26-19.05.57:980][926]PIE: Error: SetInputMode_UIOnly expects a valid player controller as 'PlayerController' target
[2026.04.26-19.05.57:981][926]LogLoad: Took 0.258715 seconds to LoadMap(/Game/Map/MP_Lobby)
[2026.04.26-19.05.58:011][927]LogNet: UChannel::ReceivedSequencedBunch: Bunch.bClose == true. ChIndex == 0. Calling ConditionalCleanUp.
[2026.04.26-19.05.58:011][927]LogNet: UChannel::CleanUp: ChIndex == 0. Closing connection. [UChannel] ChIndex: 0, Closing: 0 [UNetConnection] RemoteAddr: 127.0.0.1:51280, Name: IpConnection_33, Driver: GameNetDriver IpNetDriver_28, IsServer: YES, PC: BP_DefaultController_C_1, Owner: BP_DefaultController_C_1, UniqueId: NULL:SIBIDI-282E3850409EE94C71ED11A3AB05A50D
[2026.04.26-19.05.58:011][927]LogNet: UNetConnection::Close: [UNetConnection] RemoteAddr: 127.0.0.1:51280, Name: IpConnection_33, Driver: GameNetDriver IpNetDriver_28, IsServer: YES, PC: BP_DefaultController_C_1, Owner: BP_DefaultController_C_1, UniqueId: NULL:SIBIDI-282E3850409EE94C71ED11A3AB05A50D, Channels: 19, Time: 2026.04.26-19.05.58
[2026.04.26-19.05.58:011][927]LogNet: UChannel::Close: Sending CloseBunch. ChIndex == 0. Name: [UChannel] ChIndex: 0, Closing: 0 [UNetConnection] RemoteAddr: 127.0.0.1:51280, Name: IpConnection_33, Driver: GameNetDriver IpNetDriver_28, IsServer: YES, PC: BP_DefaultController_C_1, Owner: BP_DefaultController_C_1, UniqueId: NULL:SIBIDI-282E3850409EE94C71ED11A3AB05A50D
[2026.04.26-19.05.58:012][927]LogOnlineSession: Warning: OSS: No game present to leave for session (GameSession)
[2026.04.26-19.05.58:017][927]LogOnlineSession: Warning: OSS: No game present to leave for session (GameSession)
[2026.04.26-19.06.16:471][570]LogOnlineSession: Warning: OSS: Ignoring game search request while one is pending
[2026.04.26-19.06.16:668][576]LogOnlineSession: Warning: OSS: Ignoring game search request while one is pending
[2026.04.26-19.06.16:861][582]LogOnlineSession: Warning: OSS: Ignoring game search request while one is pending
[2026.04.26-19.06.19:827][673]LogBlueprintUserMessages: [SERVER_LIST_C_0] Client 1: GOOD
[2026.04.26-19.06.19:827][673]LogBlueprintUserMessages: [SERVER_LIST_C_0] Client 1: GOOD
[2026.04.26-19.06.19:827][673]LogBlueprintUserMessages: [SERVER_LIST_C_0] Client 1: GOOD
[2026.04.26-19.06.19:827][673]LogScript: Script Msg: Found a session. Ping is 378
[2026.04.26-19.06.19:827][673]LogBlueprintUserMessages: [SERVER_LIST_C_0] Client 1: GOOD
[2026.04.26-19.06.20:413][691]LogOnlineVoice: OSS: StartLocalProcessing(0) returned 0xFFFFFFFF
[2026.04.26-19.06.20:413][691]LogOnlineVoice: OSS: Starting networked voice for user: 0
[2026.04.26-19.06.20:446][691]LogOnlineVoice: OSS: RegisterLocalTalker(0) returned 0x00000000
[2026.04.26-19.06.20:446][691]LogOnlineVoice: OSS: Invalid user specified in RegisterLocalTalker(1)
[2026.04.26-19.06.20:446][691]LogOnlineVoice: OSS: Invalid user specified in RegisterLocalTalker(2)
[2026.04.26-19.06.20:446][691]LogOnlineVoice: OSS: Invalid user specified in RegisterLocalTalker(3)
[2026.04.26-19.06.20:446][691]LogOnlineSession: OSS: Join session: traveling to 192.168.0.4:7777
[2026.04.26-19.06.20:446][691]LogBlueprintUserMessages: [SERVER_C_0] Client 1: Hello
[2026.04.26-19.06.20:450][691]LogNet: Browse: 192.168.0.4/Game/StarterContent/Maps/Minimal_Default
[2026.04.26-19.06.20:450][691]LogNet: World NetDriver shutdown IpNetDriver_29 [GameNetDriver]
[2026.04.26-19.06.20:450][691]LogNet: DestroyNamedNetDriver IpNetDriver_29 [GameNetDriver]
[2026.04.26-19.06.20:450][691]LogNet: UNetConnection::Close: [UNetConnection] RemoteAddr: 127.0.0.1:17777, Name: IpConnection_30, Driver: GameNetDriver IpNetDriver_29, IsServer: NO, PC: BP_DefaultController_C_0, Owner: BP_DefaultController_C_0, UniqueId: NULL:SIBIDI-E87F3F6749F41F352C97B58C5C1997D9, Channels: 13, Time: 2026.04.26-19.06.20
[2026.04.26-19.06.20:450][691]LogNet: UChannel::Close: Sending CloseBunch. ChIndex == 0. Name: [UChannel] ChIndex: 0, Closing: 0 [UNetConnection] RemoteAddr: 127.0.0.1:17777, Name: IpConnection_30, Driver: GameNetDriver IpNetDriver_29, IsServer: NO, PC: BP_DefaultController_C_0, Owner: BP_DefaultController_C_0, UniqueId: NULL:SIBIDI-E87F3F6749F41F352C97B58C5C1997D9
[2026.04.26-19.06.20:450][691]LogExit: GameNetDriver IpNetDriver_29 shut down
[2026.04.26-19.06.20:451][691]LogInit: WinSock: Socket queue. Rx: 32768 (config 32768) Tx: 32768 (config 32768)
[2026.04.26-19.06.20:451][691]LogNet: Created socket for bind address: 0.0.0.0 on port 0
[2026.04.26-19.06.20:451][691]PacketHandlerLog: Loaded PacketHandler component: Engine.EngineHandlerComponentFactory (StatelessConnectHandlerComponent)
[2026.04.26-19.06.20:451][691]LogNet: Game client on port 7777, rate 100000
[2026.04.26-19.06.20:479][692]LogNet: UChannel::ReceivedSequencedBunch: Bunch.bClose == true. ChIndex == 0. Calling ConditionalCleanUp.
[2026.04.26-19.06.20:479][692]LogNet: UChannel::CleanUp: ChIndex == 0. Closing connection. [UChannel] ChIndex: 0, Closing: 0 [UNetConnection] RemoteAddr: 127.0.0.1:51279, Name: IpConnection_32, Driver: GameNetDriver IpNetDriver_28, IsServer: YES, PC: BP_DefaultController_C_0, Owner: BP_DefaultController_C_0, UniqueId: NULL:SIBIDI-E87F3F6749F41F352C97B58C5C1997D9
[2026.04.26-19.06.20:479][692]LogNet: UNetConnection::Close: [UNetConnection] RemoteAddr: 127.0.0.1:51279, Name: IpConnection_32, Driver: GameNetDriver IpNetDriver_28, IsServer: YES, PC: BP_DefaultController_C_0, Owner: BP_DefaultController_C_0, UniqueId: NULL:SIBIDI-E87F3F6749F41F352C97B58C5C1997D9, Channels: 13, Time: 2026.04.26-19.06.20
[2026.04.26-19.06.20:479][692]LogNet: UChannel::Close: Sending CloseBunch. ChIndex == 0. Name: [UChannel] ChIndex: 0, Closing: 0 [UNetConnection] RemoteAddr: 127.0.0.1:51279, Name: IpConnection_32, Driver: GameNetDriver IpNetDriver_28, IsServer: YES, PC: BP_DefaultController_C_0, Owner: BP_DefaultController_C_0, UniqueId: NULL:SIBIDI-E87F3F6749F41F352C97B58C5C1997D9
[2026.04.26-19.06.20:482][692]LogOnlineSession: Warning: OSS: No game present to leave for session (GameSession)
[2026.04.26-19.06.21:479][721]LogNet: NotifyAcceptingConnection accepted from: 192.168.0.4:51282
[2026.04.26-19.06.21:479][721]LogHandshake: SendConnectChallenge. Timestamp: 23.593797, Cookie: 237178129097185055057059092085115240140047190066078008079177
[2026.04.26-19.06.21:510][722]LogHandshake: SendChallengeResponse. Timestamp: 23.593797, Cookie: 237178129097185055057059092085115240140047190066078008079177
[2026.04.26-19.06.21:513][722]LogNet: NotifyAcceptingConnection accepted from: 192.168.0.4:51282
[2026.04.26-19.06.21:513][722]LogHandshake: SendChallengeAck. InCookie: 237178129097185055057059092085115240140047190066078008079177
[2026.04.26-19.06.21:513][722]LogNet: Server accepting post-challenge connection from: 192.168.0.4:51282
[2026.04.26-19.06.21:514][722]PacketHandlerLog: Loaded PacketHandler component: Engine.EngineHandlerComponentFactory (StatelessConnectHandlerComponent)
[2026.04.26-19.06.21:514][722]LogNet: NotifyAcceptedConnection: Name: MP_Lobby, TimeStamp: 04/26/26 21:06:21, [UNetConnection] RemoteAddr: 192.168.0.4:51282, Name: IpConnection_35, Driver: GameNetDriver IpNetDriver_31, IsServer: YES, PC: NULL, Owner: NULL, UniqueId: INVALID
[2026.04.26-19.06.21:514][722]LogNet: AddClientConnection: Added client connection: [UNetConnection] RemoteAddr: 192.168.0.4:51282, Name: IpConnection_35, Driver: GameNetDriver IpNetDriver_31, IsServer: YES, PC: NULL, Owner: NULL, UniqueId: INVALID
[2026.04.26-19.06.21:543][723]LogNet: UPendingNetGame::SendInitialJoin: Sending hello. [UNetConnection] RemoteAddr: 192.168.0.4:7777, Name: IpConnection_34, Driver: PendingNetDriver IpNetDriver_32, IsServer: NO, PC: NULL, Owner: NULL, UniqueId: INVALID
[2026.04.26-19.06.21:546][723]LogNet: NotifyAcceptingChannel Control 0 server World /Game/Map/UEDPIE_2_MP_Lobby.MP_Lobby: Accepted
[2026.04.26-19.06.21:546][723]LogNet: Remote platform little endian=1
[2026.04.26-19.06.21:546][723]LogNet: This platform little endian=1
[2026.04.26-19.06.21:579][724]LogNet: Login request: ?Name=SIBIDI-E87F3F6749F41F352C97B58C5C1997D9 userId: NULL:SIBIDI-E87F3F6749F41F352C97B58C5C1997D9 platform: NULL
[2026.04.26-19.06.21:607][725]LogNet: Welcomed by server (Level: /Game/Map/UEDPIE_2_MP_Lobby, Game: /Game/FirstPerson/FirstPersonBP/Blueprints/FirstPersonGameMode.FirstPersonGameMode_C)
[2026.04.26-19.06.21:608][725]LogLoad: LoadMap: 192.168.0.4/Game/Map/UEDPIE_2_MP_Lobby?game=/Game/FirstPerson/FirstPersonBP/Blueprints/FirstPersonGameMode.FirstPersonGameMode_C
[2026.04.26-19.06.21:608][725]LogWorld: BeginTearingDown for /Game/Map/UEDPIE_1_Main_Menu
[2026.04.26-19.06.21:610][725]LogWorld: UWorld::CleanupWorld for Main_Menu, bSessionEnded=true, bCleanupResources=true
[2026.04.26-19.06.21:611][725]LogSlate: InvalidateAllWidgets triggered.  All widgets were invalidated
[2026.04.26-19.06.21:847][725]LogAudio: Display: Audio Device unregistered from world 'None'.
[2026.04.26-19.06.21:868][725]LogUObjectHash: Compacting FUObjectHashTables data took  16.92ms
[2026.04.26-19.06.21:991][725]LogAudio: Display: Audio Device (ID: 73) registered with world 'MP_Lobby'.
[2026.04.26-19.06.21:993][725]LogAIModule: Creating AISystem for world MP_Lobby
[2026.04.26-19.06.22:011][725]LogWorld: Bringing World /Game/Map/UEDPIE_1_MP_Lobby.MP_Lobby up for play (max tick rate 60) at 2026.04.26-21.06.22
[2026.04.26-19.06.22:012][725]LogWorld: Bringing up level for play took: 0.015710
[2026.04.26-19.06.22:013][725]LogLoad: Took 0.404590 seconds to LoadMap(/Game/Map/UEDPIE_2_MP_Lobby)
[2026.04.26-19.06.22:015][725]LogNet: Client netspeed is 100000
[2026.04.26-19.06.22:015][725]LogNet: Join request: /Game/StarterContent/Maps/Minimal_Default?Name=SIBIDI-E87F3F6749F41F352C97B58C5C1997D9?SplitscreenCount=1
[2026.04.26-19.06.22:017][725]LogOnlineVoice: OSS: RegisterRemoteTalker(SIBIDI-E87F3F6749F41F352C97B58C5C1997D9) returned 0x00000000
[2026.04.26-19.06.22:017][725]LogOnlineVoice: OSS: StartRemoteVoiceProcessing(SIBIDI-E87F3F6749F41F352C97B58C5C1997D9) returned 0x00000000
[2026.04.26-19.06.22:027][725]LogNet: Join succeeded: SIBIDI-E87F3F6749F41
[2026.04.26-19.06.22:096][726]LogOnlineVoice: OSS: StopLocalVoiceProcessing(0) returned 0x00000000
[2026.04.26-19.06.22:096][726]LogOnlineVoice: OSS: Stopping networked voice for user: 0
[2026.04.26-19.06.22:203][728]LogOnlineVoice: OSS: RegisterRemoteTalker(SIBIDI-282E3850409EE94C71ED11A3AB05A50D) returned 0x00000000
[2026.04.26-19.06.22:203][728]LogOnlineVoice: OSS: StartRemoteVoiceProcessing(SIBIDI-282E3850409EE94C71ED11A3AB05A50D) returned 0x00000000
[2026.04.26-19.06.22:205][728]PIE: Error: SetInputMode_UIOnly expects a valid player controller as 'PlayerController' target
[2026.04.26-19.06.22:209][728]LogOnlineVoice: OSS: Unmuting remote talker (SIBIDI-E87F3F6749F41F352C97B58C5C1997D9)
[2026.04.26-19.06.22:242][729]LogOnlineVoice: OSS: Unmuting remote talker (SIBIDI-282E3850409EE94C71ED11A3AB05A50D)
[2026.04.26-19.06.22:245][729]LogOnlineVoice: OSS: Unmuting remote talker (SIBIDI-E87F3F6749F41F352C97B58C5C1997D9)
[2026.04.26-19.06.22:273][730]LogOnlineVoice: OSS: Unmuting remote talker (SIBIDI-282E3850409EE94C71ED11A3AB05A50D)
[2026.04.26-19.06.34:972][ 71]LogAudioMixer: Display: Audio Buffer Underrun (starvation) detected.
[2026.04.26-19.06.37:152][119]AdvancedVoiceLog: Warning: Start Networked Voice couldn't get the voice interface!
[2026.04.26-19.06.38:299][150]AdvancedVoiceLog: Warning: Start Networked Voice couldn't get the voice interface!
[2026.04.26-19.06.38:791][161]AdvancedVoiceLog: Warning: Start Networked Voice couldn't get the voice interface!
[2026.04.26-19.06.40:866][214]AdvancedVoiceLog: Warning: Start Networked Voice couldn't get the voice interface!
[2026.04.26-19.06.42:443][257]AdvancedVoiceLog: Warning: Start Networked Voice couldn't get the voice interface!
[2026.04.26-19.06.42:443][257]AdvancedVoiceLog: Warning: Start Networked Voice couldn't get the voice interface!
[2026.04.26-19.06.44:526][317]AdvancedVoiceLog: Warning: Start Networked Voice couldn't get the voice interface!
[2026.04.26-19.06.45:195][336]AdvancedVoiceLog: Warning: Start Networked Voice couldn't get the voice interface!
[2026.04.26-19.06.52:286][536]LogSlate: Updating window title bar state: overlay mode, drag disabled, window buttons hidden, title bar hidden
[2026.04.26-19.06.52:287][536]LogWorld: BeginTearingDown for /Game/Map/UEDPIE_2_MP_Lobby
[2026.04.26-19.06.52:288][536]LogSlate: Window 'Playtime_Multiplayer Preview [NetMode: Client 2]  (64-bit/Windows) ' being destroyed
[2026.04.26-19.06.52:294][536]LogWorld: UWorld::CleanupWorld for MP_Lobby, bSessionEnded=true, bCleanupResources=true
[2026.04.26-19.06.52:299][536]LogSlate: InvalidateAllWidgets triggered.  All widgets were invalidated
[2026.04.26-19.06.52:311][536]LogNet: World NetDriver shutdown IpNetDriver_31 [GameNetDriver]
[2026.04.26-19.06.52:311][536]LogNet: DestroyNamedNetDriver IpNetDriver_31 [GameNetDriver]
[2026.04.26-19.06.52:311][536]LogNet: UNetConnection::Cleanup: Closing open connection. [UNetConnection] RemoteAddr: 192.168.0.4:51282, Name: IpConnection_35, Driver: GameNetDriver IpNetDriver_31, IsServer: YES, PC: BP_DefaultController_C_1, Owner: BP_DefaultController_C_1, UniqueId: NULL:SIBIDI-E87F3F6749F41F352C97B58C5C1997D9
[2026.04.26-19.06.52:311][536]LogNet: UNetConnection::Close: [UNetConnection] RemoteAddr: 192.168.0.4:51282, Name: IpConnection_35, Driver: GameNetDriver IpNetDriver_31, IsServer: YES, PC: BP_DefaultController_C_1, Owner: BP_DefaultController_C_1, UniqueId: NULL:SIBIDI-E87F3F6749F41F352C97B58C5C1997D9, Channels: 19, Time: 2026.04.26-19.06.52
[2026.04.26-19.06.52:311][536]LogNet: UChannel::Close: Sending CloseBunch. ChIndex == 0. Name: [UChannel] ChIndex: 0, Closing: 0 [UNetConnection] RemoteAddr: 192.168.0.4:51282, Name: IpConnection_35, Driver: GameNetDriver IpNetDriver_31, IsServer: YES, PC: BP_DefaultController_C_1, Owner: BP_DefaultController_C_1, UniqueId: NULL:SIBIDI-E87F3F6749F41F352C97B58C5C1997D9
[2026.04.26-19.06.52:312][536]LogExit: GameNetDriver IpNetDriver_31 shut down
[2026.04.26-19.06.52:317][536]LogWorld: BeginTearingDown for /Game/Map/UEDPIE_1_MP_Lobby
[2026.04.26-19.06.52:317][536]LogSlate: Updating window title bar state: overlay mode, drag disabled, window buttons hidden, title bar hidden
[2026.04.26-19.06.52:317][536]LogSlate: Window 'Playtime_Multiplayer Preview [NetMode: Client 1]  (64-bit/Windows) ' being destroyed
[2026.04.26-19.06.52:328][536]LogWorld: UWorld::CleanupWorld for MP_Lobby, bSessionEnded=true, bCleanupResources=true
[2026.04.26-19.06.52:331][536]LogSlate: InvalidateAllWidgets triggered.  All widgets were invalidated
[2026.04.26-19.06.52:341][536]LogNet: World NetDriver shutdown IpNetDriver_32 [GameNetDriver]
[2026.04.26-19.06.52:341][536]LogNet: DestroyNamedNetDriver IpNetDriver_32 [GameNetDriver]
[2026.04.26-19.06.52:341][536]LogNet: UNetConnection::Close: [UNetConnection] RemoteAddr: 192.168.0.4:7777, Name: IpConnection_34, Driver: GameNetDriver IpNetDriver_32, IsServer: NO, PC: BP_DefaultController_C_0, Owner: BP_DefaultController_C_0, UniqueId: NULL:SIBIDI-E87F3F6749F41F352C97B58C5C1997D9, Channels: 19, Time: 2026.04.26-19.06.52
[2026.04.26-19.06.52:341][536]LogNet: UChannel::Close: Sending CloseBunch. ChIndex == 0. Name: [UChannel] ChIndex: 0, Closing: 0 [UNetConnection] RemoteAddr: 192.168.0.4:7777, Name: IpConnection_34, Driver: GameNetDriver IpNetDriver_32, IsServer: NO, PC: BP_DefaultController_C_0, Owner: BP_DefaultController_C_0, UniqueId: NULL:SIBIDI-E87F3F6749F41F352C97B58C5C1997D9
[2026.04.26-19.06.52:341][536]LogExit: GameNetDriver IpNetDriver_32 shut down
[2026.04.26-19.06.52:381][536]LogWorld: BeginTearingDown for /Game/Map/UEDPIE_0_Main_Menu
[2026.04.26-19.06.52:382][536]LogWorld: UWorld::CleanupWorld for Main_Menu, bSessionEnded=true, bCleanupResources=true
[2026.04.26-19.06.52:382][536]LogSlate: InvalidateAllWidgets triggered.  All widgets were invalidated
[2026.04.26-19.06.52:382][536]LogNet: World NetDriver shutdown IpNetDriver_28 [GameNetDriver]
[2026.04.26-19.06.52:382][536]LogNet: DestroyNamedNetDriver IpNetDriver_28 [GameNetDriver]
[2026.04.26-19.06.52:382][536]LogExit: GameNetDriver IpNetDriver_28 shut down
[2026.04.26-19.06.52:384][536]LogPlayLevel: Display: Shutting down PIE online subsystems
[2026.04.26-19.06.52:402][536]LogSlate: InvalidateAllWidgets triggered.  All widgets were invalidated
[2026.04.26-19.06.52:510][536]LogAudioMixer: FMixerPlatformXAudio2::StopAudioStream() called
[2026.04.26-19.06.52:512][536]LogAudioMixer: FMixerPlatformXAudio2::StopAudioStream() called
[2026.04.26-19.06.52:515][536]LogAudioMixer: FMixerPlatformXAudio2::StopAudioStream() called
[2026.04.26-19.06.52:517][536]LogAudioMixer: FMixerPlatformXAudio2::StopAudioStream() called
[2026.04.26-19.06.52:555][536]LogUObjectHash: Compacting FUObjectHashTables data took   7.78ms
[2026.04.26-19.06.52:649][537]LogPlayLevel: Display: Destroying online subsystem :Context_104
[2026.04.26-19.06.52:649][537]LogPlayLevel: Display: Destroying online subsystem :Context_103
[2026.04.26-19.06.52:650][537]LogPlayLevel: Display: Destroying online subsystem :Context_102
[2026.04.26-19.07.05:206][ 80]Cmd: OBJ SAVEPACKAGE PACKAGE="/Game/MULTIPLAYER/SERVER_LIST" FILE="../../../../../../LastStep/PROJECT-LAST-STEP/Playtime_Multiplayer/Content/MULTIPLAYER/SERVER_LIST.uasset" SILENT=true
[2026.04.26-19.07.05:287][ 80]LogSavePackage: Moving '../../../../../../LastStep/PROJECT-LAST-STEP/Playtime_Multiplayer/Saved/SERVER_LISTEC08976044563A5853DCF6B4CC7DC27B.tmp' to '../../../../../../LastStep/PROJECT-LAST-STEP/Playtime_Multiplayer/Content/MULTIPLAYER/SERVER_LIST.uasset'
[2026.04.26-19.07.05:577][ 80]AssetCheck: New page: Asset Save: SERVER_LIST
[2026.04.26-19.07.05:578][ 80]LogContentValidation: Display: Validating WidgetBlueprint /Game/MULTIPLAYER/SERVER_LIST.SERVER_LIST
[2026.04.26-19.07.08:847][244]LogUObjectHash: Compacting FUObjectHashTables data took   8.71ms
[2026.04.26-19.07.09:485][244]LogSlate: Window 'Save Content' being destroyed
[2026.04.26-19.07.09:566][244]LogSavePackage: Moving '../../../../../../LastStep/PROJECT-LAST-STEP/Playtime_Multiplayer/Saved/BP_DefaultController3E0356B94E025FCE6F1C28B4AA3480C5.tmp' to '../../../../../../LastStep/PROJECT-LAST-STEP/Playtime_Multiplayer/Content/BaseMultiplayer/GameModes/Default/BP_DefaultController.uasset'
[2026.04.26-19.07.09:568][244]Cmd: OBJ SAVEPACKAGE PACKAGE="/Game/Player/BP_NetworkCharacter" FILE="../../../../../../LastStep/PROJECT-LAST-STEP/Playtime_Multiplayer/Content/Player/BP_NetworkCharacter.uasset" SILENT=true
[2026.04.26-19.07.09:662][244]LogSavePackage: Moving '../../../../../../LastStep/PROJECT-LAST-STEP/Playtime_Multiplayer/Saved/BP_NetworkCharacterC44A5594427C8B2E129F94A6E42B1116.tmp' to '../../../../../../LastStep/PROJECT-LAST-STEP/Playtime_Multiplayer/Content/Player/BP_NetworkCharacter.uasset'
[2026.04.26-19.07.09:663][244]Cmd: OBJ SAVEPACKAGE PACKAGE="/Game/Widgets/choice_play" FILE="../../../../../../LastStep/PROJECT-LAST-STEP/Playtime_Multiplayer/Content/Widgets/choice_play.uasset" SILENT=true
[2026.04.26-19.07.09:685][244]LogSavePackage: Moving '../../../../../../LastStep/PROJECT-LAST-STEP/Playtime_Multiplayer/Saved/choice_playAB45FE0F4F7E1A6A715CE4A0E822A5B0.tmp' to '../../../../../../LastStep/PROJECT-LAST-STEP/Playtime_Multiplayer/Content/Widgets/choice_play.uasset'
[2026.04.26-19.07.09:721][244]Cmd: OBJ SAVEPACKAGE PACKAGE="/Game/Items/Cosmetics/BP_Cont/GrabPack" FILE="../../../../../../LastStep/PROJECT-LAST-STEP/Playtime_Multiplayer/Content/Items/Cosmetics/BP_Cont/GrabPack.uasset" SILENT=true
[2026.04.26-19.07.09:755][244]LogSavePackage: Moving '../../../../../../LastStep/PROJECT-LAST-STEP/Playtime_Multiplayer/Saved/GrabPack58E052124886430FEBB840A1B1348B6C.tmp' to '../../../../../../LastStep/PROJECT-LAST-STEP/Playtime_Multiplayer/Content/Items/Cosmetics/BP_Cont/GrabPack.uasset'
[2026.04.26-19.07.09:772][244]Cmd: OBJ SAVEPACKAGE PACKAGE="/Game/World/Character/Player/PlayerMove" FILE="../../../../../../LastStep/PROJECT-LAST-STEP/Playtime_Multiplayer/Content/World/Character/Player/PlayerMove.uasset" SILENT=true
[2026.04.26-19.07.09:801][244]LogSavePackage: Moving '../../../../../../LastStep/PROJECT-LAST-STEP/Playtime_Multiplayer/Saved/PlayerMoveF36456FA4C962F1DEC44DE9E490B35E0.tmp' to '../../../../../../LastStep/PROJECT-LAST-STEP/Playtime_Multiplayer/Content/World/Character/Player/PlayerMove.uasset'
[2026.04.26-19.07.09:839][244]AssetCheck: New page: Asset Save: multiple assets
[2026.04.26-19.07.09:839][244]LogContentValidation: Display: Validating AnimBlueprint /Game/World/Character/Player/PlayerMove.PlayerMove
[2026.04.26-19.07.09:839][244]LogContentValidation: Display: Validating Blueprint /Game/Items/Cosmetics/BP_Cont/GrabPack.GrabPack
[2026.04.26-19.07.09:839][244]LogContentValidation: Display: Validating Blueprint /Game/BaseMultiplayer/GameModes/Default/BP_DefaultController.BP_DefaultController
[2026.04.26-19.07.09:839][244]LogContentValidation: Display: Validating Blueprint /Game/Player/BP_NetworkCharacter.BP_NetworkCharacter
[2026.04.26-19.07.09:839][244]LogContentValidation: Display: Validating WidgetBlueprint /Game/Widgets/choice_play.choice_play
