Log file open, 04/26/26 13:46:21
LogWindows: Failed to load 'aqProf.dll' (GetLastError=126)
LogWindows: File 'aqProf.dll' does not exist
LogWindows: Failed to load 'VtuneApi.dll' (GetLastError=126)
LogWindows: File 'VtuneApi.dll' does not exist
LogWindows: Failed to load 'VtuneApi32e.dll' (GetLastError=126)
LogWindows: File 'VtuneApi32e.dll' does not exist
LogConsoleResponse: Display: Failed to find resolution value strings in scalability ini. Falling back to default.
LogConsoleResponse: Display: Failed to find resolution value strings in scalability ini. Falling back to default.
LogInit: Display: Running engine for game: Playtime_Multiplayer
LogPlatformFile: Not using cached read wrapper
LogTaskGraph: Started task graph with 5 named threads and 11 total threads with 3 sets of task threads.
LogStats: Stats thread started at 1.678597
LogICUInternationalization: ICU TimeZone Detection - Raw Offset: +2:00, Platform Override: ''
LogInit: Display: Loading text-based GConfig....
LogPluginManager: Mounting plugin MeshPainting
LogPluginManager: Mounting plugin XGEController
LogPluginManager: Mounting plugin Paper2D
LogPluginManager: Mounting plugin LightPropagationVolume
LogPluginManager: Mounting plugin AISupport
LogPluginManager: Mounting plugin EnvironmentQueryEditor
LogPluginManager: Mounting plugin LiveLink
LogPluginManager: Mounting plugin CameraShakePreviewer
LogPluginManager: Mounting plugin GameplayCameras
LogPluginManager: Mounting plugin OodleData
LogPluginManager: Mounting plugin OodleNetwork
LogPluginManager: Mounting plugin AssetManagerEditor
LogPluginManager: Mounting plugin CryptoKeys
LogPluginManager: Mounting plugin CurveEditorTools
LogPluginManager: Mounting plugin DataValidation
LogPluginManager: Mounting plugin FacialAnimation
LogPluginManager: Mounting plugin GameplayTagsEditor
LogPluginManager: Mounting plugin GeometryMode
LogPluginManager: Mounting plugin MacGraphicsSwitching
LogPluginManager: Mounting plugin MaterialAnalyzer
LogPluginManager: Mounting plugin MobileLauncherProfileWizard
LogPluginManager: Mounting plugin PluginBrowser
LogPluginManager: Mounting plugin SpeedTreeImporter
LogPluginManager: Mounting plugin AnimationSharing
LogPluginManager: Mounting plugin CLionSourceCodeAccess
LogPluginManager: Mounting plugin CodeLiteSourceCodeAccess
LogPluginManager: Mounting plugin GitSourceControl
LogPluginManager: Mounting plugin KDevelopSourceCodeAccess
LogPluginManager: Mounting plugin NullSourceCodeAccess
LogPluginManager: Mounting plugin PerforceSourceControl
LogPluginManager: Mounting plugin PixWinPlugin
LogPluginManager: Mounting plugin PlasticSourceControl
LogPluginManager: Mounting plugin PluginUtils
LogPluginManager: Mounting plugin PropertyAccessNode
LogPluginManager: Mounting plugin RiderSourceCodeAccess
LogPluginManager: Mounting plugin SubversionSourceControl
LogPluginManager: Mounting plugin TextureFormatOodle
LogPluginManager: Mounting plugin UObjectPlugin
LogPluginManager: Mounting plugin VisualStudioCodeSourceCodeAccess
LogPluginManager: Mounting plugin VisualStudioSourceCodeAccess
LogPluginManager: Mounting plugin XCodeSourceCodeAccess
LogPluginManager: Mounting plugin DatasmithContent
LogPluginManager: Mounting plugin Niagara
LogPluginManager: Mounting plugin VariantManagerContent
LogPluginManager: Mounting plugin AlembicImporter
LogPluginManager: Mounting plugin AutomationUtils
LogPluginManager: Mounting plugin BackChannel
LogPluginManager: Mounting plugin ChaosCloth
LogPluginManager: Mounting plugin ChaosClothEditor
LogPluginManager: Mounting plugin ChaosNiagara
LogPluginManager: Mounting plugin ChaosSolverPlugin
LogPluginManager: Mounting plugin ChaosEditor
LogPluginManager: Mounting plugin CharacterAI
LogPluginManager: Mounting plugin LuminPlatformFeatures
LogPluginManager: Mounting plugin MagicLeap
LogPluginManager: Mounting plugin MagicLeapLightEstimation
LogPluginManager: Mounting plugin MagicLeapMedia
LogPluginManager: Mounting plugin MagicLeapPassableWorld
LogPluginManager: Mounting plugin MLSDK
LogPluginManager: Mounting plugin GeometryCache
LogPluginManager: Mounting plugin GeometryProcessing
LogPluginManager: Mounting plugin GeometryCollectionPlugin
LogPluginManager: Mounting plugin MotoSynth
LogPluginManager: Mounting plugin OpenImageDenoise
LogPluginManager: Mounting plugin PlanarCut
LogPluginManager: Mounting plugin PlatformCrypto
LogPluginManager: Mounting plugin ProxyLODPlugin
LogPluginManager: Mounting plugin PythonScriptPlugin
LogPluginManager: Mounting plugin SkeletalReduction
LogPluginManager: Mounting plugin AndroidMedia
LogPluginManager: Mounting plugin AvfMedia
LogPluginManager: Mounting plugin ImgMedia
LogPluginManager: Mounting plugin MediaCompositing
LogPluginManager: Mounting plugin MediaPlayerEditor
LogPluginManager: Mounting plugin WmfMedia
LogPluginManager: Mounting plugin WebMMedia
LogPluginManager: Mounting plugin TcpMessaging
LogPluginManager: Mounting plugin UdpMessaging
LogPluginManager: Mounting plugin ActorSequence
LogPluginManager: Mounting plugin LevelSequenceEditor
LogPluginManager: Mounting plugin MatineeToLevelSequence
LogPluginManager: Mounting plugin TemplateSequence
LogPluginManager: Mounting plugin OnlineSubsystem
LogPluginManager: Mounting plugin OnlineSubsystemNull
LogPluginManager: Mounting plugin OnlineSubsystemSteam
LogPluginManager: Mounting plugin OnlineSubsystemUtils
LogPluginManager: Mounting plugin LauncherChunkInstaller
LogPluginManager: Mounting plugin ActorLayerUtilities
LogPluginManager: Mounting plugin AndroidDeviceProfileSelector
LogPluginManager: Mounting plugin AndroidMoviePlayer
LogPluginManager: Mounting plugin AndroidPermission
LogPluginManager: Mounting plugin AppleImageUtils
LogPluginManager: Mounting plugin AppleMoviePlayer
LogPluginManager: Mounting plugin ArchVisCharacter
LogPluginManager: Mounting plugin AssetTags
LogPluginManager: Mounting plugin AudioCapture
LogPluginManager: Mounting plugin AudioSynesthesia
LogPluginManager: Mounting plugin CableComponent
LogPluginManager: Mounting plugin ChunkDownloader
LogPluginManager: Mounting plugin CustomMeshComponent
LogPluginManager: Mounting plugin EditableMesh
LogPluginManager: Mounting plugin ExampleDeviceProfileSelector
LogPluginManager: Mounting plugin GoogleCloudMessaging
LogPluginManager: Mounting plugin GooglePAD
LogPluginManager: Mounting plugin IOSDeviceProfileSelector
LogPluginManager: Mounting plugin LinuxDeviceProfileSelector
LogPluginManager: Mounting plugin LocationServicesBPLibrary
LogPluginManager: Mounting plugin MobilePatchingUtils
LogPluginManager: Mounting plugin OpenXR
LogPluginManager: Mounting plugin OpenXRHandTracking
LogPluginManager: Mounting plugin OpenXREyeTracker
LogPluginManager: Mounting plugin ScreenshotTools
LogPluginManager: Mounting plugin PostSplashScreen
LogPluginManager: Mounting plugin PhysXVehicles
LogPluginManager: Mounting plugin ProceduralMeshComponent
LogPluginManager: Mounting plugin PropertyAccessEditor
LogPluginManager: Mounting plugin RuntimePhysXCooking
LogPluginManager: Mounting plugin SignificanceManager
LogPluginManager: Mounting plugin SoundFields
LogPluginManager: Mounting plugin Synthesis
LogPluginManager: Mounting plugin WebMMoviePlayer
LogPluginManager: Mounting plugin WindowsMoviePlayer
LogPluginManager: Mounting plugin Takes
LogPluginManager: Mounting plugin ContentBrowserAssetDataSource
LogPluginManager: Mounting plugin ContentBrowserClassDataSource
LogPluginManager: Mounting plugin ContentBrowserFileDataSource
LogPluginManager: Mounting plugin OnlineSubsystemGooglePlay
LogPluginManager: Mounting plugin OnlineSubsystemIOS
LogPluginManager: Mounting plugin OculusVR
LogPluginManager: Mounting plugin SteamShared
LogPluginManager: Mounting plugin SteamVR
LogPluginManager: Mounting plugin AdvancedSessions
LogPluginManager: Mounting plugin AdvancedSteamSessions
LogPluginManager: Mounting plugin VaRest
PixWinPlugin: PIX capture plugin failed to initialize! Check that the process is launched from PIX.
LogInit: Using libcurl 7.55.1-DEV
LogInit:  - built for x86_64-pc-win32
LogInit:  - supports SSL with OpenSSL/1.1.1
LogInit:  - supports HTTP deflate (compression) using libz 1.2.8
LogInit:  - other features:
LogInit:      CURL_VERSION_SSL
LogInit:      CURL_VERSION_LIBZ
LogInit:      CURL_VERSION_IPV6
LogInit:      CURL_VERSION_ASYNCHDNS
LogInit:      CURL_VERSION_LARGEFILE
LogInit:      CURL_VERSION_IDN
LogInit:  CurlRequestOptions (configurable via config and command line):
LogInit:  - bVerifyPeer = true  - Libcurl will verify peer certificate
LogInit:  - bUseHttpProxy = false  - Libcurl will NOT use HTTP proxy
LogInit:  - bDontReuseConnections = false  - Libcurl will reuse connections
LogInit:  - MaxHostConnections = 16  - Libcurl will limit the number of connections to a host
LogInit:  - LocalHostAddr = Default
LogInit:  - BufferSize = 65536
LogSteamShared: Display: Loading Steam SDK 1.51
LogSteamShared: Steam SDK Loaded!
LogOnline: OSS: Creating online subsystem instance for: Steam
LogOnline: Display: STEAM: OnlineSubsystemSteam::Shutdown()
LogOnline: OSS: Unable to create OnlineSubsystem module Steam
LogOnline: OSS: Creating online subsystem instance for: NULL
LogInit: WinSock: version 1.1 (2.2), MaxSocks=32767, MaxUdp=65467
LogOnline: OSS: TryLoadSubsystemAndSetDefault: Loaded subsystem for module [NULL]
LogOculusPluginWrapper: OculusPlugin initialized successfully
LogHMD: Failed initializing OVRPlugin 1.59.0
LogInit: Build: ++UE4+Release-4.27-CL-18319896
LogInit: Engine Version: 4.27.2-18319896+++UE4+Release-4.27
LogInit: Compatible Engine Version: 4.27.0-17155196+++UE4+Release-4.27
LogInit: Net CL: 17155196
LogInit: OS: Windows 10 (Release 2009) (), CPU: AMD Ryzen 3 3250U with Radeon Graphics         , GPU: AMD Radeon(TM) Graphics
LogInit: Compiled (64-bit): Nov 30 2021 07:12:08
LogInit: Compiled with Visual C++: 19.24.28315.00
LogInit: Build Configuration: Development
LogInit: Branch Name: ++UE4+Release-4.27
LogInit: Command Line: 
LogInit: Base Directory: C:/Program Files/Epic Games/UE_4.27/Engine/Binaries/Win64/
LogInit: Allocator: TBB
LogInit: Installed Engine Build: 1
LogDevObjectVersion: Number of dev versions registered: 29
LogDevObjectVersion:   Dev-Blueprints (B0D832E4-1F89-4F0D-ACCF-7EB736FD4AA2): 10
LogDevObjectVersion:   Dev-Build (E1C64328-A22C-4D53-A36C-8E866417BD8C): 0
LogDevObjectVersion:   Dev-Core (375EC13C-06E4-48FB-B500-84F0262A717E): 4
LogDevObjectVersion:   Dev-Editor (E4B068ED-F494-42E9-A231-DA0B2E46BB41): 40
LogDevObjectVersion:   Dev-Framework (CFFC743F-43B0-4480-9391-14DF171D2073): 37
LogDevObjectVersion:   Dev-Mobile (B02B49B5-BB20-44E9-A304-32B752E40360): 3
LogDevObjectVersion:   Dev-Networking (A4E4105C-59A1-49B5-A7C5-40C4547EDFEE): 0
LogDevObjectVersion:   Dev-Online (39C831C9-5AE6-47DC-9A44-9C173E1C8E7C): 0
LogDevObjectVersion:   Dev-Physics (78F01B33-EBEA-4F98-B9B4-84EACCB95AA2): 14
LogDevObjectVersion:   Dev-Platform (6631380F-2D4D-43E0-8009-CF276956A95A): 0
LogDevObjectVersion:   Dev-Rendering (12F88B9F-8875-4AFC-A67C-D90C383ABD29): 45
LogDevObjectVersion:   Dev-Sequencer (7B5AE74C-D270-4C10-A958-57980B212A5A): 13
LogDevObjectVersion:   Dev-VR (D7296918-1DD6-4BDD-9DE2-64A83CC13884): 3
LogDevObjectVersion:   Dev-LoadTimes (C2A15278-BFE7-4AFE-6C17-90FF531DF755): 1
LogDevObjectVersion:   Private-Geometry (6EACA3D4-40EC-4CC1-B786-8BED09428FC5): 3
LogDevObjectVersion:   Dev-AnimPhys (29E575DD-E0A3-4627-9D10-D276232CDCEA): 17
LogDevObjectVersion:   Dev-Anim (AF43A65D-7FD3-4947-9873-3E8ED9C1BB05): 15
LogDevObjectVersion:   Dev-ReflectionCapture (6B266CEC-1EC7-4B8F-A30B-E4D90942FC07): 1
LogDevObjectVersion:   Dev-Automation (0DF73D61-A23F-47EA-B727-89E90C41499A): 1
LogDevObjectVersion:   FortniteMain (601D1886-AC64-4F84-AA16-D3DE0DEAC7D6): 47
LogDevObjectVersion:   FortniteRelease (E7086368-6B23-4C58-8439-1B7016265E91): 1
LogDevObjectVersion:   Dev-Enterprise (9DFFBCD6-494F-0158-E221-12823C92A888): 10
LogDevObjectVersion:   Dev-Niagara (F2AED0AC-9AFE-416F-8664-AA7FFA26D6FC): 1
LogDevObjectVersion:   Dev-Destruction (174F1F0B-B4C6-45A5-B13F-2EE8D0FB917D): 10
LogDevObjectVersion:   Dev-Physics-Ext (35F94A83-E258-406C-A318-09F59610247C): 41
LogDevObjectVersion:   Dev-PhysicsMaterial-Chaos (B68FC16E-8B1B-42E2-B453-215C058844FE): 1
LogDevObjectVersion:   Dev-CineCamera (B2E18506-4273-CFC2-A54E-F4BB758BBA07): 1
LogDevObjectVersion:   Dev-VirtualProduction (64F58936-FD1B-42BA-BA96-7289D5D0FA4E): 1
LogDevObjectVersion:   Dev-MediaFramework (6F0ED827-A609-4895-9C91-998D90180EA4): 2
LogLinker: AddRedirectList(C:/LastStep/PROJECT-LAST-STEP/Playtime_Multiplayer/Saved/Config/Windows/VaRest.ini) has substring redirect /VaRestPlugin/, these are very slow and should be resolved as soon as possible!
LogInit: Presizing for max 25165824 objects, including 0 objects not considered by GC, pre-allocating 0 bytes for permanent pool.
LogConfig: Applying CVar settings from Section [/Script/Engine.StreamingSettings] File [C:/LastStep/PROJECT-LAST-STEP/Playtime_Multiplayer/Saved/Config/Windows/Engine.ini]
LogConfig: Setting CVar [[s.MinBulkDataSizeForAsyncLoading:131072]]
LogConfig: Setting CVar [[s.AsyncLoadingThreadEnabled:0]]
LogConfig: Setting CVar [[s.EventDrivenLoaderEnabled:1]]
LogConfig: Setting CVar [[s.WarnIfTimeLimitExceeded:0]]
LogConfig: Setting CVar [[s.TimeLimitExceededMultiplier:1.5]]
LogConfig: Setting CVar [[s.TimeLimitExceededMinTime:0.005]]
LogConfig: Setting CVar [[s.UseBackgroundLevelStreaming:1]]
LogConfig: Setting CVar [[s.PriorityAsyncLoadingExtraTime:15.0]]
LogConfig: Setting CVar [[s.LevelStreamingActorsUpdateTimeLimit:5.0]]
LogConfig: Setting CVar [[s.PriorityLevelStreamingActorsUpdateExtraTime:5.0]]
LogConfig: Setting CVar [[s.LevelStreamingComponentsRegistrationGranularity:10]]
LogConfig: Setting CVar [[s.UnregisterComponentsTimeLimit:1.0]]
LogConfig: Setting CVar [[s.LevelStreamingComponentsUnregistrationGranularity:5]]
LogConfig: Setting CVar [[s.FlushStreamingOnExit:1]]
LogInit: Object subsystem initialized
LogConfig: Setting CVar [[con.DebugEarlyDefault:1]]
LogConfig: Setting CVar [[r.setres:1280x720]]
[2026.04.26-11.46.23:602][  0]LogConfig: Setting CVar [[r.VSync:0]]
[2026.04.26-11.46.23:602][  0]LogConfig: Setting CVar [[r.RHICmdBypass:0]]
[2026.04.26-11.46.23:603][  0]LogConfig: Applying CVar settings from Section [/Script/Engine.RendererSettings] File [C:/LastStep/PROJECT-LAST-STEP/Playtime_Multiplayer/Saved/Config/Windows/Engine.ini]
[2026.04.26-11.46.23:603][  0]LogConfig: Setting CVar [[r.GPUCrashDebugging:0]]
[2026.04.26-11.46.23:603][  0]LogConfig: Applying CVar settings from Section [/Script/Engine.RendererOverrideSettings] File [C:/LastStep/PROJECT-LAST-STEP/Playtime_Multiplayer/Saved/Config/Windows/Engine.ini]
[2026.04.26-11.46.23:603][  0]LogConfig: Applying CVar settings from Section [/Script/Engine.StreamingSettings] File [C:/LastStep/PROJECT-LAST-STEP/Playtime_Multiplayer/Saved/Config/Windows/Engine.ini]
[2026.04.26-11.46.23:603][  0]LogConfig: Setting CVar [[s.MinBulkDataSizeForAsyncLoading:131072]]
[2026.04.26-11.46.23:603][  0]LogConfig: Setting CVar [[s.AsyncLoadingThreadEnabled:0]]
[2026.04.26-11.46.23:603][  0]LogConfig: Setting CVar [[s.EventDrivenLoaderEnabled:1]]
[2026.04.26-11.46.23:603][  0]LogConfig: Setting CVar [[s.WarnIfTimeLimitExceeded:0]]
[2026.04.26-11.46.23:603][  0]LogConfig: Setting CVar [[s.TimeLimitExceededMultiplier:1.5]]
[2026.04.26-11.46.23:603][  0]LogConfig: Setting CVar [[s.TimeLimitExceededMinTime:0.005]]
[2026.04.26-11.46.23:603][  0]LogConfig: Setting CVar [[s.UseBackgroundLevelStreaming:1]]
[2026.04.26-11.46.23:603][  0]LogConfig: Setting CVar [[s.PriorityAsyncLoadingExtraTime:15.0]]
[2026.04.26-11.46.23:603][  0]LogConfig: Setting CVar [[s.LevelStreamingActorsUpdateTimeLimit:5.0]]
[2026.04.26-11.46.23:603][  0]LogConfig: Setting CVar [[s.PriorityLevelStreamingActorsUpdateExtraTime:5.0]]
[2026.04.26-11.46.23:603][  0]LogConfig: Setting CVar [[s.LevelStreamingComponentsRegistrationGranularity:10]]
[2026.04.26-11.46.23:603][  0]LogConfig: Setting CVar [[s.UnregisterComponentsTimeLimit:1.0]]
[2026.04.26-11.46.23:603][  0]LogConfig: Setting CVar [[s.LevelStreamingComponentsUnregistrationGranularity:5]]
[2026.04.26-11.46.23:603][  0]LogConfig: Setting CVar [[s.FlushStreamingOnExit:1]]
[2026.04.26-11.46.23:603][  0]LogConfig: Applying CVar settings from Section [/Script/Engine.GarbageCollectionSettings] File [C:/LastStep/PROJECT-LAST-STEP/Playtime_Multiplayer/Saved/Config/Windows/Engine.ini]
[2026.04.26-11.46.23:603][  0]LogConfig: Setting CVar [[gc.MaxObjectsNotConsideredByGC:1]]
[2026.04.26-11.46.23:604][  0]LogConfig: Setting CVar [[gc.SizeOfPermanentObjectPool:0]]
[2026.04.26-11.46.23:604][  0]LogConfig: Setting CVar [[gc.FlushStreamingOnGC:0]]
[2026.04.26-11.46.23:604][  0]LogConfig: Setting CVar [[gc.NumRetriesBeforeForcingGC:10]]
[2026.04.26-11.46.23:604][  0]LogConfig: Setting CVar [[gc.AllowParallelGC:1]]
[2026.04.26-11.46.23:604][  0]LogConfig: Setting CVar [[gc.TimeBetweenPurgingPendingKillObjects:61.1]]
[2026.04.26-11.46.23:604][  0]LogConfig: Setting CVar [[gc.MaxObjectsInEditor:25165824]]
[2026.04.26-11.46.23:604][  0]LogConfig: Setting CVar [[gc.IncrementalBeginDestroyEnabled:1]]
[2026.04.26-11.46.23:604][  0]LogConfig: Setting CVar [[gc.CreateGCClusters:1]]
[2026.04.26-11.46.23:604][  0]LogConfig: Setting CVar [[gc.MinGCClusterSize:5]]
[2026.04.26-11.46.23:604][  0]LogConfig: Setting CVar [[gc.ActorClusteringEnabled:0]]
[2026.04.26-11.46.23:604][  0]LogConfig: Setting CVar [[gc.BlueprintClusteringEnabled:0]]
[2026.04.26-11.46.23:604][  0]LogConfig: Setting CVar [[gc.UseDisregardForGCOnDedicatedServers:0]]
[2026.04.26-11.46.23:604][  0]LogConfig: Setting CVar [[gc.MultithreadedDestructionEnabled:1]]
[2026.04.26-11.46.23:604][  0]LogConfig: Applying CVar settings from Section [/Script/Engine.NetworkSettings] File [C:/LastStep/PROJECT-LAST-STEP/Playtime_Multiplayer/Saved/Config/Windows/Engine.ini]
[2026.04.26-11.46.23:604][  0]LogConfig: Applying CVar settings from Section [/Script/UnrealEd.CookerSettings] File [C:/LastStep/PROJECT-LAST-STEP/Playtime_Multiplayer/Saved/Config/Windows/Engine.ini]
[2026.04.26-11.46.23:604][  0]LogConfig: Setting CVar [[cook.AllowCookedDataInEditorBuilds:1]]
[2026.04.26-11.46.23:604][  0]LogConfig: Setting CVar [[s.AllowUnversionedContentInEditor:1]]
[2026.04.26-11.46.23:616][  0]LogConfig: Applying CVar settings from Section [ViewDistanceQuality@3] File [C:/LastStep/PROJECT-LAST-STEP/Playtime_Multiplayer/Saved/Config/Windows/Scalability.ini]
[2026.04.26-11.46.23:616][  0]LogConfig: Setting CVar [[r.SkeletalMeshLODBias:0]]
[2026.04.26-11.46.23:616][  0]LogConfig: Setting CVar [[r.ViewDistanceScale:1.0]]
[2026.04.26-11.46.23:616][  0]LogConfig: Applying CVar settings from Section [AntiAliasingQuality@3] File [C:/LastStep/PROJECT-LAST-STEP/Playtime_Multiplayer/Saved/Config/Windows/Scalability.ini]
[2026.04.26-11.46.23:616][  0]LogConfig: Setting CVar [[r.PostProcessAAQuality:4]]
[2026.04.26-11.46.23:616][  0]LogConfig: Applying CVar settings from Section [ShadowQuality@3] File [C:/LastStep/PROJECT-LAST-STEP/Playtime_Multiplayer/Saved/Config/Windows/Scalability.ini]
[2026.04.26-11.46.23:616][  0]LogConfig: Setting CVar [[r.LightFunctionQuality:1]]
[2026.04.26-11.46.23:616][  0]LogConfig: Setting CVar [[r.ShadowQuality:5]]
[2026.04.26-11.46.23:616][  0]LogConfig: Setting CVar [[r.Shadow.CSM.MaxCascades:10]]
[2026.04.26-11.46.23:616][  0]LogConfig: Setting CVar [[r.Shadow.MaxResolution:2048]]
[2026.04.26-11.46.23:616][  0]LogConfig: Setting CVar [[r.Shadow.MaxCSMResolution:2048]]
[2026.04.26-11.46.23:616][  0]LogConfig: Setting CVar [[r.Shadow.RadiusThreshold:0.01]]
[2026.04.26-11.46.23:617][  0]LogConfig: Setting CVar [[r.Shadow.DistanceScale:1.0]]
[2026.04.26-11.46.23:617][  0]LogConfig: Setting CVar [[r.Shadow.CSM.TransitionScale:1.0]]
[2026.04.26-11.46.23:617][  0]LogConfig: Setting CVar [[r.Shadow.PreShadowResolutionFactor:1.0]]
[2026.04.26-11.46.23:617][  0]LogConfig: Setting CVar [[r.DistanceFieldShadowing:1]]
[2026.04.26-11.46.23:617][  0]LogConfig: Setting CVar [[r.DistanceFieldAO:1]]
[2026.04.26-11.46.23:617][  0]LogConfig: Setting CVar [[r.AOQuality:2]]
[2026.04.26-11.46.23:617][  0]LogConfig: Setting CVar [[r.VolumetricFog:1]]
[2026.04.26-11.46.23:617][  0]LogConfig: Setting CVar [[r.VolumetricFog.GridPixelSize:8]]
[2026.04.26-11.46.23:617][  0]LogConfig: Setting CVar [[r.VolumetricFog.GridSizeZ:128]]
[2026.04.26-11.46.23:617][  0]LogConfig: Setting CVar [[r.VolumetricFog.HistoryMissSupersampleCount:4]]
[2026.04.26-11.46.23:617][  0]LogConfig: Setting CVar [[r.LightMaxDrawDistanceScale:1]]
[2026.04.26-11.46.23:617][  0]LogConfig: Setting CVar [[r.CapsuleShadows:1]]
[2026.04.26-11.46.23:617][  0]LogConfig: Applying CVar settings from Section [PostProcessQuality@3] File [C:/LastStep/PROJECT-LAST-STEP/Playtime_Multiplayer/Saved/Config/Windows/Scalability.ini]
[2026.04.26-11.46.23:617][  0]LogConfig: Setting CVar [[r.MotionBlurQuality:4]]
[2026.04.26-11.46.23:617][  0]LogConfig: Setting CVar [[r.AmbientOcclusionMipLevelFactor:0.4]]
[2026.04.26-11.46.23:617][  0]LogConfig: Setting CVar [[r.AmbientOcclusionMaxQuality:100]]
[2026.04.26-11.46.23:617][  0]LogConfig: Setting CVar [[r.AmbientOcclusionLevels:-1]]
[2026.04.26-11.46.23:617][  0]LogConfig: Setting CVar [[r.AmbientOcclusionRadiusScale:1.0]]
[2026.04.26-11.46.23:617][  0]LogConfig: Setting CVar [[r.DepthOfFieldQuality:2]]
[2026.04.26-11.46.23:617][  0]LogConfig: Setting CVar [[r.RenderTargetPoolMin:400]]
[2026.04.26-11.46.23:617][  0]LogConfig: Setting CVar [[r.LensFlareQuality:2]]
[2026.04.26-11.46.23:617][  0]LogConfig: Setting CVar [[r.SceneColorFringeQuality:1]]
[2026.04.26-11.46.23:617][  0]LogConfig: Setting CVar [[r.EyeAdaptationQuality:2]]
[2026.04.26-11.46.23:617][  0]LogConfig: Setting CVar [[r.BloomQuality:5]]
[2026.04.26-11.46.23:617][  0]LogConfig: Setting CVar [[r.FastBlurThreshold:100]]
[2026.04.26-11.46.23:617][  0]LogConfig: Setting CVar [[r.Upscale.Quality:3]]
[2026.04.26-11.46.23:617][  0]LogConfig: Setting CVar [[r.Tonemapper.GrainQuantization:1]]
[2026.04.26-11.46.23:617][  0]LogConfig: Setting CVar [[r.LightShaftQuality:1]]
[2026.04.26-11.46.23:617][  0]LogConfig: Setting CVar [[r.Filter.SizeScale:1]]
[2026.04.26-11.46.23:617][  0]LogConfig: Setting CVar [[r.Tonemapper.Quality:5]]
[2026.04.26-11.46.23:617][  0]LogConfig: Setting CVar [[r.DOF.Gather.AccumulatorQuality:1        ; higher gathering accumulator quality]]
[2026.04.26-11.46.23:617][  0]LogConfig: Setting CVar [[r.DOF.Gather.PostfilterMethod:1          ; Median3x3 postfilering method]]
[2026.04.26-11.46.23:617][  0]LogConfig: Setting CVar [[r.DOF.Gather.EnableBokehSettings:0       ; no bokeh simulation when gathering]]
[2026.04.26-11.46.23:617][  0]LogConfig: Setting CVar [[r.DOF.Gather.RingCount:4                 ; medium number of samples when gathering]]
[2026.04.26-11.46.23:617][  0]LogConfig: Setting CVar [[r.DOF.Scatter.ForegroundCompositing:1    ; additive foreground scattering]]
[2026.04.26-11.46.23:617][  0]LogConfig: Setting CVar [[r.DOF.Scatter.BackgroundCompositing:2    ; additive background scattering]]
[2026.04.26-11.46.23:617][  0]LogConfig: Setting CVar [[r.DOF.Scatter.EnableBokehSettings:1      ; bokeh simulation when scattering]]
[2026.04.26-11.46.23:618][  0]LogConfig: Setting CVar [[r.DOF.Scatter.MaxSpriteRatio:0.1         ; only a maximum of 10% of scattered bokeh]]
[2026.04.26-11.46.23:618][  0]LogConfig: Setting CVar [[r.DOF.Recombine.Quality:1                ; cheap slight out of focus]]
[2026.04.26-11.46.23:618][  0]LogConfig: Setting CVar [[r.DOF.Recombine.EnableBokehSettings:0    ; no bokeh simulation on slight out of focus]]
[2026.04.26-11.46.23:618][  0]LogConfig: Setting CVar [[r.DOF.TemporalAAQuality:1                ; more stable temporal accumulation]]
[2026.04.26-11.46.23:618][  0]LogConfig: Setting CVar [[r.DOF.Kernel.MaxForegroundRadius:0.025]]
[2026.04.26-11.46.23:618][  0]LogConfig: Setting CVar [[r.DOF.Kernel.MaxBackgroundRadius:0.025]]
[2026.04.26-11.46.23:618][  0]LogConfig: Applying CVar settings from Section [TextureQuality@3] File [C:/LastStep/PROJECT-LAST-STEP/Playtime_Multiplayer/Saved/Config/Windows/Scalability.ini]
[2026.04.26-11.46.23:618][  0]LogConfig: Setting CVar [[r.Streaming.MipBias:0]]
[2026.04.26-11.46.23:618][  0]LogConfig: Setting CVar [[r.Streaming.AmortizeCPUToGPUCopy:0]]
[2026.04.26-11.46.23:618][  0]LogConfig: Setting CVar [[r.Streaming.MaxNumTexturesToStreamPerFrame:0]]
[2026.04.26-11.46.23:618][  0]LogConfig: Setting CVar [[r.Streaming.Boost:1]]
[2026.04.26-11.46.23:618][  0]LogConfig: Setting CVar [[r.MaxAnisotropy:8]]
[2026.04.26-11.46.23:618][  0]LogConfig: Setting CVar [[r.VT.MaxAnisotropy:8]]
[2026.04.26-11.46.23:618][  0]LogConfig: Setting CVar [[r.Streaming.LimitPoolSizeToVRAM:0]]
[2026.04.26-11.46.23:618][  0]LogConfig: Setting CVar [[r.Streaming.PoolSize:1000]]
[2026.04.26-11.46.23:618][  0]LogConfig: Setting CVar [[r.Streaming.MaxEffectiveScreenSize:0]]
[2026.04.26-11.46.23:618][  0]LogConfig: Applying CVar settings from Section [EffectsQuality@3] File [C:/LastStep/PROJECT-LAST-STEP/Playtime_Multiplayer/Saved/Config/Windows/Scalability.ini]
[2026.04.26-11.46.23:618][  0]LogConfig: Setting CVar [[r.TranslucencyLightingVolumeDim:64]]
[2026.04.26-11.46.23:618][  0]LogConfig: Setting CVar [[r.RefractionQuality:2]]
[2026.04.26-11.46.23:618][  0]LogConfig: Setting CVar [[r.SSR.Quality:3]]
[2026.04.26-11.46.23:618][  0]LogConfig: Setting CVar [[r.SSR.HalfResSceneColor:0]]
[2026.04.26-11.46.23:618][  0]LogConfig: Setting CVar [[r.SceneColorFormat:4]]
[2026.04.26-11.46.23:618][  0]LogConfig: Setting CVar [[r.DetailMode:2]]
[2026.04.26-11.46.23:618][  0]LogConfig: Setting CVar [[r.TranslucencyVolumeBlur:1]]
[2026.04.26-11.46.23:618][  0]LogConfig: Setting CVar [[r.MaterialQualityLevel:1 ; High quality]]
[2026.04.26-11.46.23:618][  0]LogConfig: Setting CVar [[r.AnisotropicMaterials:1]]
[2026.04.26-11.46.23:618][  0]LogConfig: Setting CVar [[r.SSS.Scale:1]]
[2026.04.26-11.46.23:618][  0]LogConfig: Setting CVar [[r.SSS.SampleSet:2]]
[2026.04.26-11.46.23:618][  0]LogConfig: Setting CVar [[r.SSS.Quality:1]]
[2026.04.26-11.46.23:618][  0]LogConfig: Setting CVar [[r.SSS.HalfRes:0]]
[2026.04.26-11.46.23:618][  0]LogConfig: Setting CVar [[r.SSGI.Quality:3]]
[2026.04.26-11.46.23:618][  0]LogConfig: Setting CVar [[r.EmitterSpawnRateScale:1.0]]
[2026.04.26-11.46.23:618][  0]LogConfig: Setting CVar [[r.ParticleLightQuality:2]]
[2026.04.26-11.46.23:618][  0]LogConfig: Setting CVar [[r.SkyAtmosphere.AerialPerspectiveLUT.FastApplyOnOpaque:1 ; Always have FastSkyLUT 1 in this case to avoid wrong sky]]
[2026.04.26-11.46.23:618][  0]LogConfig: Setting CVar [[r.SkyAtmosphere.AerialPerspectiveLUT.SampleCountMaxPerSlice:4]]
[2026.04.26-11.46.23:618][  0]LogConfig: Setting CVar [[r.SkyAtmosphere.AerialPerspectiveLUT.DepthResolution:16.0]]
[2026.04.26-11.46.23:618][  0]LogConfig: Setting CVar [[r.SkyAtmosphere.FastSkyLUT:1]]
[2026.04.26-11.46.23:618][  0]LogConfig: Setting CVar [[r.SkyAtmosphere.FastSkyLUT.SampleCountMin:4.0]]
[2026.04.26-11.46.23:618][  0]LogConfig: Setting CVar [[r.SkyAtmosphere.FastSkyLUT.SampleCountMax:128.0]]
[2026.04.26-11.46.23:618][  0]LogConfig: Setting CVar [[r.SkyAtmosphere.SampleCountMin:4.0]]
[2026.04.26-11.46.23:618][  0]LogConfig: Setting CVar [[r.SkyAtmosphere.SampleCountMax:128.0]]
[2026.04.26-11.46.23:618][  0]LogConfig: Setting CVar [[r.SkyAtmosphere.TransmittanceLUT.UseSmallFormat:0]]
[2026.04.26-11.46.23:618][  0]LogConfig: Setting CVar [[r.SkyAtmosphere.TransmittanceLUT.SampleCount:10.0]]
[2026.04.26-11.46.23:618][  0]LogConfig: Setting CVar [[r.SkyAtmosphere.MultiScatteringLUT.SampleCount:15.0]]
[2026.04.26-11.46.23:618][  0]LogConfig: Setting CVar [[r.SkyLight.RealTimeReflectionCapture:1]]
[2026.04.26-11.46.23:618][  0]LogConfig: Applying CVar settings from Section [FoliageQuality@3] File [C:/LastStep/PROJECT-LAST-STEP/Playtime_Multiplayer/Saved/Config/Windows/Scalability.ini]
[2026.04.26-11.46.23:618][  0]LogConfig: Setting CVar [[foliage.DensityScale:1.0]]
[2026.04.26-11.46.23:619][  0]LogConfig: Setting CVar [[grass.DensityScale:1.0]]
[2026.04.26-11.46.23:619][  0]LogConfig: Applying CVar settings from Section [ShadingQuality@3] File [C:/LastStep/PROJECT-LAST-STEP/Playtime_Multiplayer/Saved/Config/Windows/Scalability.ini]
[2026.04.26-11.46.23:619][  0]LogConfig: Setting CVar [[r.HairStrands.SkyLighting.IntegrationType:2]]
[2026.04.26-11.46.23:619][  0]LogConfig: Setting CVar [[r.HairStrands.SkyAO.SampleCount:4]]
[2026.04.26-11.46.23:619][  0]LogConfig: Setting CVar [[r.HairStrands.Visibility.MSAA.SamplePerPixel:4]]
[2026.04.26-11.46.23:621][  0]LogInit: Selected Device Profile: [Windows]
[2026.04.26-11.46.23:622][  0]LogInit: Applying CVar settings loaded from the selected device profile: [Windows]
[2026.04.26-11.46.23:623][  0]LogHAL: Display: Platform has ~ 6 GB [6358228992 / 8589934592 / 6], which maps to Smaller [LargestMinGB=32, LargerMinGB=12, DefaultMinGB=8, SmallerMinGB=6, SmallestMinGB=0)
[2026.04.26-11.46.23:623][  0]LogInit: Going up to parent DeviceProfile []
[2026.04.26-11.46.23:624][  0]LogConfig: Applying CVar settings from Section [ViewDistanceQuality@3] File [C:/LastStep/PROJECT-LAST-STEP/Playtime_Multiplayer/Saved/Config/Windows/Scalability.ini]
[2026.04.26-11.46.23:624][  0]LogConfig: Setting CVar [[r.SkeletalMeshLODBias:0]]
[2026.04.26-11.46.23:624][  0]LogConfig: Setting CVar [[r.ViewDistanceScale:1.0]]
[2026.04.26-11.46.23:624][  0]LogConfig: Applying CVar settings from Section [AntiAliasingQuality@3] File [C:/LastStep/PROJECT-LAST-STEP/Playtime_Multiplayer/Saved/Config/Windows/Scalability.ini]
[2026.04.26-11.46.23:624][  0]LogConfig: Setting CVar [[r.PostProcessAAQuality:4]]
[2026.04.26-11.46.23:624][  0]LogConfig: Applying CVar settings from Section [ShadowQuality@3] File [C:/LastStep/PROJECT-LAST-STEP/Playtime_Multiplayer/Saved/Config/Windows/Scalability.ini]
[2026.04.26-11.46.23:624][  0]LogConfig: Setting CVar [[r.LightFunctionQuality:1]]
[2026.04.26-11.46.23:624][  0]LogConfig: Setting CVar [[r.ShadowQuality:5]]
[2026.04.26-11.46.23:624][  0]LogConfig: Setting CVar [[r.Shadow.CSM.MaxCascades:10]]
[2026.04.26-11.46.23:624][  0]LogConfig: Setting CVar [[r.Shadow.MaxResolution:2048]]
[2026.04.26-11.46.23:624][  0]LogConfig: Setting CVar [[r.Shadow.MaxCSMResolution:2048]]
[2026.04.26-11.46.23:624][  0]LogConfig: Setting CVar [[r.Shadow.RadiusThreshold:0.01]]
[2026.04.26-11.46.23:624][  0]LogConfig: Setting CVar [[r.Shadow.DistanceScale:1.0]]
[2026.04.26-11.46.23:624][  0]LogConfig: Setting CVar [[r.Shadow.CSM.TransitionScale:1.0]]
[2026.04.26-11.46.23:624][  0]LogConfig: Setting CVar [[r.Shadow.PreShadowResolutionFactor:1.0]]
[2026.04.26-11.46.23:624][  0]LogConfig: Setting CVar [[r.DistanceFieldShadowing:1]]
[2026.04.26-11.46.23:624][  0]LogConfig: Setting CVar [[r.DistanceFieldAO:1]]
[2026.04.26-11.46.23:624][  0]LogConfig: Setting CVar [[r.AOQuality:2]]
[2026.04.26-11.46.23:624][  0]LogConfig: Setting CVar [[r.VolumetricFog:1]]
[2026.04.26-11.46.23:624][  0]LogConfig: Setting CVar [[r.VolumetricFog.GridPixelSize:8]]
[2026.04.26-11.46.23:624][  0]LogConfig: Setting CVar [[r.VolumetricFog.GridSizeZ:128]]
[2026.04.26-11.46.23:624][  0]LogConfig: Setting CVar [[r.VolumetricFog.HistoryMissSupersampleCount:4]]
[2026.04.26-11.46.23:624][  0]LogConfig: Setting CVar [[r.LightMaxDrawDistanceScale:1]]
[2026.04.26-11.46.23:624][  0]LogConfig: Setting CVar [[r.CapsuleShadows:1]]
[2026.04.26-11.46.23:624][  0]LogConfig: Applying CVar settings from Section [PostProcessQuality@3] File [C:/LastStep/PROJECT-LAST-STEP/Playtime_Multiplayer/Saved/Config/Windows/Scalability.ini]
[2026.04.26-11.46.23:624][  0]LogConfig: Setting CVar [[r.MotionBlurQuality:4]]
[2026.04.26-11.46.23:624][  0]LogConfig: Setting CVar [[r.AmbientOcclusionMipLevelFactor:0.4]]
[2026.04.26-11.46.23:624][  0]LogConfig: Setting CVar [[r.AmbientOcclusionMaxQuality:100]]
[2026.04.26-11.46.23:624][  0]LogConfig: Setting CVar [[r.AmbientOcclusionLevels:-1]]
[2026.04.26-11.46.23:624][  0]LogConfig: Setting CVar [[r.AmbientOcclusionRadiusScale:1.0]]
[2026.04.26-11.46.23:624][  0]LogConfig: Setting CVar [[r.DepthOfFieldQuality:2]]
[2026.04.26-11.46.23:624][  0]LogConfig: Setting CVar [[r.RenderTargetPoolMin:400]]
[2026.04.26-11.46.23:624][  0]LogConfig: Setting CVar [[r.LensFlareQuality:2]]
[2026.04.26-11.46.23:624][  0]LogConfig: Setting CVar [[r.SceneColorFringeQuality:1]]
[2026.04.26-11.46.23:624][  0]LogConfig: Setting CVar [[r.EyeAdaptationQuality:2]]
[2026.04.26-11.46.23:624][  0]LogConfig: Setting CVar [[r.BloomQuality:5]]
[2026.04.26-11.46.23:624][  0]LogConfig: Setting CVar [[r.FastBlurThreshold:100]]
[2026.04.26-11.46.23:624][  0]LogConfig: Setting CVar [[r.Upscale.Quality:3]]
[2026.04.26-11.46.23:624][  0]LogConfig: Setting CVar [[r.Tonemapper.GrainQuantization:1]]
[2026.04.26-11.46.23:625][  0]LogConfig: Setting CVar [[r.LightShaftQuality:1]]
[2026.04.26-11.46.23:625][  0]LogConfig: Setting CVar [[r.Filter.SizeScale:1]]
[2026.04.26-11.46.23:625][  0]LogConfig: Setting CVar [[r.Tonemapper.Quality:5]]
[2026.04.26-11.46.23:625][  0]LogConfig: Setting CVar [[r.DOF.Gather.AccumulatorQuality:1        ; higher gathering accumulator quality]]
[2026.04.26-11.46.23:625][  0]LogConfig: Setting CVar [[r.DOF.Gather.PostfilterMethod:1          ; Median3x3 postfilering method]]
[2026.04.26-11.46.23:625][  0]LogConfig: Setting CVar [[r.DOF.Gather.EnableBokehSettings:0       ; no bokeh simulation when gathering]]
[2026.04.26-11.46.23:625][  0]LogConfig: Setting CVar [[r.DOF.Gather.RingCount:4                 ; medium number of samples when gathering]]
[2026.04.26-11.46.23:625][  0]LogConfig: Setting CVar [[r.DOF.Scatter.ForegroundCompositing:1    ; additive foreground scattering]]
[2026.04.26-11.46.23:625][  0]LogConfig: Setting CVar [[r.DOF.Scatter.BackgroundCompositing:2    ; additive background scattering]]
[2026.04.26-11.46.23:625][  0]LogConfig: Setting CVar [[r.DOF.Scatter.EnableBokehSettings:1      ; bokeh simulation when scattering]]
[2026.04.26-11.46.23:625][  0]LogConfig: Setting CVar [[r.DOF.Scatter.MaxSpriteRatio:0.1         ; only a maximum of 10% of scattered bokeh]]
[2026.04.26-11.46.23:625][  0]LogConfig: Setting CVar [[r.DOF.Recombine.Quality:1                ; cheap slight out of focus]]
[2026.04.26-11.46.23:625][  0]LogConfig: Setting CVar [[r.DOF.Recombine.EnableBokehSettings:0    ; no bokeh simulation on slight out of focus]]
[2026.04.26-11.46.23:625][  0]LogConfig: Setting CVar [[r.DOF.TemporalAAQuality:1                ; more stable temporal accumulation]]
[2026.04.26-11.46.23:625][  0]LogConfig: Setting CVar [[r.DOF.Kernel.MaxForegroundRadius:0.025]]
[2026.04.26-11.46.23:625][  0]LogConfig: Setting CVar [[r.DOF.Kernel.MaxBackgroundRadius:0.025]]
[2026.04.26-11.46.23:625][  0]LogConfig: Applying CVar settings from Section [TextureQuality@3] File [C:/LastStep/PROJECT-LAST-STEP/Playtime_Multiplayer/Saved/Config/Windows/Scalability.ini]
[2026.04.26-11.46.23:625][  0]LogConfig: Setting CVar [[r.Streaming.MipBias:0]]
[2026.04.26-11.46.23:625][  0]LogConfig: Setting CVar [[r.Streaming.AmortizeCPUToGPUCopy:0]]
[2026.04.26-11.46.23:625][  0]LogConfig: Setting CVar [[r.Streaming.MaxNumTexturesToStreamPerFrame:0]]
[2026.04.26-11.46.23:625][  0]LogConfig: Setting CVar [[r.Streaming.Boost:1]]
[2026.04.26-11.46.23:625][  0]LogConfig: Setting CVar [[r.MaxAnisotropy:8]]
[2026.04.26-11.46.23:625][  0]LogConfig: Setting CVar [[r.VT.MaxAnisotropy:8]]
[2026.04.26-11.46.23:625][  0]LogConfig: Setting CVar [[r.Streaming.LimitPoolSizeToVRAM:0]]
[2026.04.26-11.46.23:625][  0]LogConfig: Setting CVar [[r.Streaming.PoolSize:1000]]
[2026.04.26-11.46.23:625][  0]LogConfig: Setting CVar [[r.Streaming.MaxEffectiveScreenSize:0]]
[2026.04.26-11.46.23:625][  0]LogConfig: Applying CVar settings from Section [EffectsQuality@3] File [C:/LastStep/PROJECT-LAST-STEP/Playtime_Multiplayer/Saved/Config/Windows/Scalability.ini]
[2026.04.26-11.46.23:625][  0]LogConfig: Setting CVar [[r.TranslucencyLightingVolumeDim:64]]
[2026.04.26-11.46.23:625][  0]LogConfig: Setting CVar [[r.RefractionQuality:2]]
[2026.04.26-11.46.23:625][  0]LogConfig: Setting CVar [[r.SSR.Quality:3]]
[2026.04.26-11.46.23:625][  0]LogConfig: Setting CVar [[r.SSR.HalfResSceneColor:0]]
[2026.04.26-11.46.23:625][  0]LogConfig: Setting CVar [[r.SceneColorFormat:4]]
[2026.04.26-11.46.23:625][  0]LogConfig: Setting CVar [[r.DetailMode:2]]
[2026.04.26-11.46.23:625][  0]LogConfig: Setting CVar [[r.TranslucencyVolumeBlur:1]]
[2026.04.26-11.46.23:625][  0]LogConfig: Setting CVar [[r.MaterialQualityLevel:1 ; High quality]]
[2026.04.26-11.46.23:625][  0]LogConfig: Setting CVar [[r.AnisotropicMaterials:1]]
[2026.04.26-11.46.23:625][  0]LogConfig: Setting CVar [[r.SSS.Scale:1]]
[2026.04.26-11.46.23:625][  0]LogConfig: Setting CVar [[r.SSS.SampleSet:2]]
[2026.04.26-11.46.23:625][  0]LogConfig: Setting CVar [[r.SSS.Quality:1]]
[2026.04.26-11.46.23:625][  0]LogConfig: Setting CVar [[r.SSS.HalfRes:0]]
[2026.04.26-11.46.23:625][  0]LogConfig: Setting CVar [[r.SSGI.Quality:3]]
[2026.04.26-11.46.23:625][  0]LogConfig: Setting CVar [[r.EmitterSpawnRateScale:1.0]]
[2026.04.26-11.46.23:625][  0]LogConfig: Setting CVar [[r.ParticleLightQuality:2]]
[2026.04.26-11.46.23:625][  0]LogConfig: Setting CVar [[r.SkyAtmosphere.AerialPerspectiveLUT.FastApplyOnOpaque:1 ; Always have FastSkyLUT 1 in this case to avoid wrong sky]]
[2026.04.26-11.46.23:625][  0]LogConfig: Setting CVar [[r.SkyAtmosphere.AerialPerspectiveLUT.SampleCountMaxPerSlice:4]]
[2026.04.26-11.46.23:625][  0]LogConfig: Setting CVar [[r.SkyAtmosphere.AerialPerspectiveLUT.DepthResolution:16.0]]
[2026.04.26-11.46.23:625][  0]LogConfig: Setting CVar [[r.SkyAtmosphere.FastSkyLUT:1]]
[2026.04.26-11.46.23:625][  0]LogConfig: Setting CVar [[r.SkyAtmosphere.FastSkyLUT.SampleCountMin:4.0]]
[2026.04.26-11.46.23:625][  0]LogConfig: Setting CVar [[r.SkyAtmosphere.FastSkyLUT.SampleCountMax:128.0]]
[2026.04.26-11.46.23:625][  0]LogConfig: Setting CVar [[r.SkyAtmosphere.SampleCountMin:4.0]]
[2026.04.26-11.46.23:625][  0]LogConfig: Setting CVar [[r.SkyAtmosphere.SampleCountMax:128.0]]
[2026.04.26-11.46.23:625][  0]LogConfig: Setting CVar [[r.SkyAtmosphere.TransmittanceLUT.UseSmallFormat:0]]
[2026.04.26-11.46.23:625][  0]LogConfig: Setting CVar [[r.SkyAtmosphere.TransmittanceLUT.SampleCount:10.0]]
[2026.04.26-11.46.23:625][  0]LogConfig: Setting CVar [[r.SkyAtmosphere.MultiScatteringLUT.SampleCount:15.0]]
[2026.04.26-11.46.23:626][  0]LogConfig: Setting CVar [[r.SkyLight.RealTimeReflectionCapture:1]]
[2026.04.26-11.46.23:626][  0]LogConfig: Applying CVar settings from Section [FoliageQuality@3] File [C:/LastStep/PROJECT-LAST-STEP/Playtime_Multiplayer/Saved/Config/Windows/Scalability.ini]
[2026.04.26-11.46.23:626][  0]LogConfig: Setting CVar [[foliage.DensityScale:1.0]]
[2026.04.26-11.46.23:626][  0]LogConfig: Setting CVar [[grass.DensityScale:1.0]]
[2026.04.26-11.46.23:626][  0]LogConfig: Applying CVar settings from Section [ShadingQuality@3] File [C:/LastStep/PROJECT-LAST-STEP/Playtime_Multiplayer/Saved/Config/Windows/Scalability.ini]
[2026.04.26-11.46.23:626][  0]LogConfig: Setting CVar [[r.HairStrands.SkyLighting.IntegrationType:2]]
[2026.04.26-11.46.23:626][  0]LogConfig: Setting CVar [[r.HairStrands.SkyAO.SampleCount:4]]
[2026.04.26-11.46.23:626][  0]LogConfig: Setting CVar [[r.HairStrands.Visibility.MSAA.SamplePerPixel:4]]
[2026.04.26-11.46.23:626][  0]LogConfig: Applying CVar settings from Section [Startup] File [../../../Engine/Config/ConsoleVariables.ini]
[2026.04.26-11.46.23:626][  0]LogConfig: Setting CVar [[net.UseAdaptiveNetUpdateFrequency:0]]
[2026.04.26-11.46.23:626][  0]LogConfig: Setting CVar [[p.chaos.AllowCreatePhysxBodies:1]]
[2026.04.26-11.46.23:627][  0]LogConfig: Setting CVar [[fx.SkipVectorVMBackendOptimizations:1]]
[2026.04.26-11.46.23:627][  0]LogConfig: Applying CVar settings from Section [ConsoleVariables] File [C:/LastStep/PROJECT-LAST-STEP/Playtime_Multiplayer/Saved/Config/Windows/Engine.ini]
[2026.04.26-11.46.23:627][  0]LogConfig: Applying CVar settings from Section [ConsoleVariables] File [C:/LastStep/PROJECT-LAST-STEP/Playtime_Multiplayer/Saved/Config/Windows/Editor.ini]
[2026.04.26-11.46.23:628][  0]LogInit: Computer: SIBIDI
[2026.04.26-11.46.23:628][  0]LogInit: User: Xdox2
[2026.04.26-11.46.23:628][  0]LogInit: CPU Page size=4096, Cores=2
[2026.04.26-11.46.23:628][  0]LogInit: High frequency timer resolution =10.000000 MHz
[2026.04.26-11.46.23:629][  0]LogMemory: Memory total: Physical=5.9GB (6GB approx)
[2026.04.26-11.46.23:629][  0]LogMemory: Platform Memory Stats for Windows
[2026.04.26-11.46.23:629][  0]LogMemory: Process Physical Memory: 143.40 MB used, 143.40 MB peak
[2026.04.26-11.46.23:629][  0]LogMemory: Process Virtual Memory: 115.35 MB used, 115.35 MB peak
[2026.04.26-11.46.23:629][  0]LogMemory: Physical Memory: 4741.87 MB used,  1321.81 MB free, 6063.68 MB total
[2026.04.26-11.46.23:629][  0]LogMemory: Virtual Memory: 134209752.00 MB used,  7973.04 MB free, 134217728.00 MB total
[2026.04.26-11.46.23:643][  0]LogWindows: WindowsPlatformFeatures enabled
[2026.04.26-11.46.23:811][  0]LogInit: Physics initialised using underlying interface: PhysX
[2026.04.26-11.46.23:815][  0]LogInit: Using OS detected language (ru-RU).
[2026.04.26-11.46.23:815][  0]LogInit: Using OS detected locale (ru-RU).
[2026.04.26-11.46.23:850][  0]LogTextLocalizationManager: No specific localization for 'ru-RU' exists, so the 'ru' localization will be used.
[2026.04.26-11.46.23:852][  0]LogTextLocalizationResource: LocRes '../../../Engine/Content/Localization/Editor/ru/Editor.locres' could not be opened for reading!
[2026.04.26-11.46.23:852][  0]LogTextLocalizationResource: LocRes '../../../Engine/Content/Localization/EditorTutorials/ru/EditorTutorials.locres' could not be opened for reading!
[2026.04.26-11.46.23:852][  0]LogTextLocalizationResource: LocRes '../../../Engine/Content/Localization/Keywords/ru/Keywords.locres' could not be opened for reading!
[2026.04.26-11.46.23:852][  0]LogTextLocalizationResource: LocRes '../../../Engine/Content/Localization/Category/ru/Category.locres' could not be opened for reading!
[2026.04.26-11.46.23:854][  0]LogTextLocalizationResource: LocRes '../../../Engine/Content/Localization/ToolTips/ru/ToolTips.locres' could not be opened for reading!
[2026.04.26-11.46.23:854][  0]LogTextLocalizationResource: LocRes '../../../Engine/Content/Localization/PropertyNames/ru/PropertyNames.locres' could not be opened for reading!
[2026.04.26-11.46.23:854][  0]LogTextLocalizationResource: LocRes '../../../Engine/Content/Localization/Engine/ru/Engine.locres' could not be opened for reading!
[2026.04.26-11.46.23:860][  0]LogInit: Setting process to per monitor DPI aware
[2026.04.26-11.46.23:906][  0]LogWindowsTextInputMethodSystem: Display: IME system deactivated.
[2026.04.26-11.46.23:953][  0]LogSlate: New Slate User Created.  User Index 0, Is Virtual User: 0
[2026.04.26-11.46.23:953][  0]LogSlate: Slate User Registered.  User Index 0, Is Virtual User: 0
[2026.04.26-11.46.24:533][  0]LogD3D11RHI: Loaded GFSDK_Aftermath_Lib.x64.dll
[2026.04.26-11.46.24:546][  0]LogHMD: Failed to initialize OpenVR with code 110
[2026.04.26-11.46.24:546][  0]LogD3D11RHI: D3D11 min allowed feature level: 11_0
[2026.04.26-11.46.24:546][  0]LogD3D11RHI: D3D11 max allowed feature level: 11_0
[2026.04.26-11.46.24:546][  0]LogD3D11RHI: D3D11 adapters:
[2026.04.26-11.46.24:687][  0]LogD3D11RHI:    0. 'AMD Radeon(TM) Graphics' (Feature Level 11_0)
[2026.04.26-11.46.24:687][  0]LogD3D11RHI:       2033/0/3031 MB DedicatedVideo/DedicatedSystem/SharedSystem, Outputs:1, VendorId:0x1002
[2026.04.26-11.46.24:693][  0]LogD3D11RHI:    1. 'Microsoft Basic Render Driver' (Feature Level 11_0)
[2026.04.26-11.46.24:693][  0]LogD3D11RHI:       0/0/3031 MB DedicatedVideo/DedicatedSystem/SharedSystem, Outputs:0, VendorId:0x1414
[2026.04.26-11.46.24:693][  0]LogD3D11RHI: Chosen D3D11 Adapter:
[2026.04.26-11.46.24:694][  0]LogD3D11RHI:     Description : AMD Radeon(TM) Graphics
[2026.04.26-11.46.24:694][  0]LogD3D11RHI:     VendorId    : 1002
[2026.04.26-11.46.24:694][  0]LogD3D11RHI:     DeviceId    : 15d8
[2026.04.26-11.46.24:694][  0]LogD3D11RHI:     SubSysId    : 8706103c
[2026.04.26-11.46.24:694][  0]LogD3D11RHI:     Revision    : 00c4
[2026.04.26-11.46.24:694][  0]LogD3D11RHI:     DedicatedVideoMemory : 2132467712 bytes
[2026.04.26-11.46.24:694][  0]LogD3D11RHI:     DedicatedSystemMemory : 0 bytes
[2026.04.26-11.46.24:694][  0]LogD3D11RHI:     SharedSystemMemory : 3179114496 bytes
[2026.04.26-11.46.24:694][  0]LogD3D11RHI:     AdapterLuid : 0 69907
[2026.04.26-11.46.24:705][  0]LogD3D11RHI: Creating new Direct3DDevice
[2026.04.26-11.46.24:705][  0]LogD3D11RHI:     GPU DeviceId: 0x15d8 (for the marketing name, search the web for "GPU Device Id")
[2026.04.26-11.46.24:705][  0]LogWindows: EnumDisplayDevices:
[2026.04.26-11.46.24:705][  0]LogWindows:    0. 'AMD Radeon(TM) Graphics' (P:1 D:1)
[2026.04.26-11.46.24:706][  0]LogWindows:    1. 'AMD Radeon(TM) Graphics' (P:0 D:0)
[2026.04.26-11.46.24:706][  0]LogWindows:    2. 'AMD Radeon(TM) Graphics' (P:0 D:0)
[2026.04.26-11.46.24:707][  0]LogWindows: DebugString: FoundDriverCount:3 
[2026.04.26-11.46.24:707][  0]LogD3D11RHI:     Adapter Name: AMD Radeon(TM) Graphics
[2026.04.26-11.46.24:707][  0]LogD3D11RHI:   Driver Version: AMD Software: Adrenalin Edition 25.8.1 (internal:31.0.21923.11000, unified:31.0.21923.11000)
[2026.04.26-11.46.24:707][  0]LogD3D11RHI:      Driver Date: 7-1-2025
[2026.04.26-11.46.24:708][  0]LogRHI: Texture pool is 3191 MB (70% of 4558 MB)
[2026.04.26-11.46.24:792][  0]LogD3D11RHI: Creating D3DDevice with AMD AGS, using adapter:
[2026.04.26-11.46.24:792][  0]LogD3D11RHI:     Description : AMD Radeon(TM) Graphics
[2026.04.26-11.46.24:792][  0]LogD3D11RHI:     VendorId    : 1002
[2026.04.26-11.46.24:792][  0]LogD3D11RHI:     DeviceId    : 15d8
[2026.04.26-11.46.24:792][  0]LogD3D11RHI:     SubSysId    : 8706103c
[2026.04.26-11.46.24:792][  0]LogD3D11RHI:     Revision    : 00c4
[2026.04.26-11.46.24:792][  0]LogD3D11RHI:     DedicatedVideoMemory : 2132467712 bytes
[2026.04.26-11.46.24:792][  0]LogD3D11RHI:     DedicatedSystemMemory : 0 bytes
[2026.04.26-11.46.24:792][  0]LogD3D11RHI:     SharedSystemMemory : 3179114496 bytes
[2026.04.26-11.46.24:792][  0]LogD3D11RHI:     AdapterLuid : 0 69907
[2026.04.26-11.46.24:932][  0]LogD3D11RHI: Created device via AGS, feature level 11_0, supported extensions 1fffffbf.
[2026.04.26-11.46.24:932][  0]LogD3D11RHI: RHI has support for 64 bit atomics
[2026.04.26-11.46.24:933][  0]LogD3D11RHI: Async texture creation enabled
[2026.04.26-11.46.24:933][  0]LogD3D11RHI: Array index from any shader is supported
[2026.04.26-11.46.24:994][  0]LogD3D11RHI: GPU Timing Frequency: 25.000000 (Debug: 2 1)
[2026.04.26-11.46.28:201][  0]LogTargetPlatformManager: Display: Loaded TargetPlatform 'AllDesktop'
[2026.04.26-11.46.28:264][  0]LogTargetPlatformManager: Display: Loaded TargetPlatform 'Android'
[2026.04.26-11.46.28:264][  0]LogTargetPlatformManager: Display: Loaded TargetPlatform 'Android_ASTC'
[2026.04.26-11.46.28:264][  0]LogTargetPlatformManager: Display: Loaded TargetPlatform 'Android_DXT'
[2026.04.26-11.46.28:264][  0]LogTargetPlatformManager: Display: Loaded TargetPlatform 'Android_ETC2'
[2026.04.26-11.46.28:264][  0]LogTargetPlatformManager: Display: Loaded TargetPlatform 'AndroidClient'
[2026.04.26-11.46.28:264][  0]LogTargetPlatformManager: Display: Loaded TargetPlatform 'Android_ASTCClient'
[2026.04.26-11.46.28:264][  0]LogTargetPlatformManager: Display: Loaded TargetPlatform 'Android_DXTClient'
[2026.04.26-11.46.28:264][  0]LogTargetPlatformManager: Display: Loaded TargetPlatform 'Android_ETC2Client'
[2026.04.26-11.46.28:264][  0]LogTargetPlatformManager: Display: Loaded TargetPlatform 'Android_Multi'
[2026.04.26-11.46.28:264][  0]LogTargetPlatformManager: Display: Loaded TargetPlatform 'Android_MultiClient'
[2026.04.26-11.46.28:341][  0]LogTargetPlatformManager: Display: Loaded TargetPlatform 'IOSClient'
[2026.04.26-11.46.28:342][  0]LogTargetPlatformManager: Display: Loaded TargetPlatform 'IOS'
[2026.04.26-11.46.28:371][  0]LogTargetPlatformManager: Display: Loaded TargetPlatform 'Linux'
[2026.04.26-11.46.28:386][  0]LogTargetPlatformManager: Display: Loaded TargetPlatform 'LinuxNoEditor'
[2026.04.26-11.46.28:401][  0]LogTargetPlatformManager: Display: Loaded TargetPlatform 'LinuxClient'
[2026.04.26-11.46.28:415][  0]LogTargetPlatformManager: Display: Loaded TargetPlatform 'LinuxServer'
[2026.04.26-11.46.28:442][  0]LogTargetPlatformManager: Display: Loaded TargetPlatform 'LinuxAArch64NoEditor'
[2026.04.26-11.46.28:456][  0]LogTargetPlatformManager: Display: Loaded TargetPlatform 'LinuxAArch64Client'
[2026.04.26-11.46.28:472][  0]LogTargetPlatformManager: Display: Loaded TargetPlatform 'LinuxAArch64Server'
[2026.04.26-11.46.28:573][  0]LogTargetPlatformManager: Display: Loaded TargetPlatform 'Lumin'
[2026.04.26-11.46.28:573][  0]LogTargetPlatformManager: Display: Loaded TargetPlatform 'LuminClient'
[2026.04.26-11.46.28:593][  0]LogTargetPlatformManager: Display: Loaded TargetPlatform 'MacNoEditor'
[2026.04.26-11.46.28:604][  0]LogTargetPlatformManager: Display: Loaded TargetPlatform 'Mac'
[2026.04.26-11.46.28:614][  0]LogTargetPlatformManager: Display: Loaded TargetPlatform 'MacClient'
[2026.04.26-11.46.28:623][  0]LogTargetPlatformManager: Display: Loaded TargetPlatform 'MacServer'
[2026.04.26-11.46.28:642][  0]LogTargetPlatformManager: Display: Loaded TargetPlatform 'TVOSClient'
[2026.04.26-11.46.28:642][  0]LogTargetPlatformManager: Display: Loaded TargetPlatform 'TVOS'
[2026.04.26-11.46.28:664][  0]LogTargetPlatformManager: Display: Loaded TargetPlatform 'WindowsNoEditor'
[2026.04.26-11.46.28:678][  0]LogTargetPlatformManager: Display: Loaded TargetPlatform 'Windows'
[2026.04.26-11.46.28:692][  0]LogTargetPlatformManager: Display: Loaded TargetPlatform 'WindowsClient'
[2026.04.26-11.46.28:704][  0]LogTargetPlatformManager: Display: Loaded TargetPlatform 'WindowsServer'
[2026.04.26-11.46.28:704][  0]LogTargetPlatformManager: Display: Building Assets For Windows
[2026.04.26-11.46.28:730][  0]LogAudioDebug: Display: Lib vorbis DLL was dynamically loaded.
[2026.04.26-11.46.28:866][  0]LogTextureFormatOodle: Display: Oodle Texture 2.9.0 init RDO Off
[2026.04.26-11.46.29:117][  0]LogRendererCore: Ray tracing is disabled. Reason: r.RayTracing=0.
[2026.04.26-11.46.29:119][  0]LogShaderLibrary: Display: Running without a pakfile and did not find a monolithic library 'Global' - attempting disk search for its chunks
[2026.04.26-11.46.29:119][  0]LogShaderLibrary: Display:    ....  not found
[2026.04.26-11.46.29:126][  0]LogShaderCompilers: Guid format shader working directory is -19 characters bigger than the processId version (../../../../../../LastStep/PROJECT-LAST-STEP/Playtime_Multiplayer/Intermediate/Shaders/WorkingDirectory/5604/).
[2026.04.26-11.46.29:126][  0]LogShaderCompilers: Cleaned the shader compiler working directory 'C:/Users/Xdox2/AppData/Local/Temp/UnrealShaderWorkingDir/F40806704BC8FA75F63C5CB54A3AE07F/'.
[2026.04.26-11.46.29:133][  0]LogXGEController: Cannot use XGE Controller as Incredibuild is not installed on this machine.
[2026.04.26-11.46.29:134][  0]LogShaderCompilers: Cannot use XGE Shader Compiler as Incredibuild is not installed on this machine.
[2026.04.26-11.46.29:135][  0]LogShaderCompilers: Display: Using Local Shader Compiler.
[2026.04.26-11.46.30:783][  0]LogDerivedDataCache: Display: Max Cache Size: 512 MB
[2026.04.26-11.46.31:190][  0]LogDerivedDataCache: Loaded boot cache 0.41s 94MB C:/Users/Xdox2/AppData/Local/UnrealEngine/4.27/DerivedDataCache/Boot.ddc.
[2026.04.26-11.46.31:190][  0]LogDerivedDataCache: Display: Loaded Boot cache: C:/Users/Xdox2/AppData/Local/UnrealEngine/4.27/DerivedDataCache/Boot.ddc
[2026.04.26-11.46.31:190][  0]LogDerivedDataCache: FDerivedDataBackendGraph:  Pak pak cache file ../../../../../../LastStep/PROJECT-LAST-STEP/Playtime_Multiplayer/DerivedDataCache/DDC.ddp not found, will not use a pak cache.
[2026.04.26-11.46.31:190][  0]LogDerivedDataCache: Unable to find inner node Pak for hierarchical cache Hierarchy.
[2026.04.26-11.46.31:190][  0]LogDerivedDataCache: FDerivedDataBackendGraph:  CompressedPak pak cache file ../../../../../../LastStep/PROJECT-LAST-STEP/Playtime_Multiplayer/DerivedDataCache/Compressed.ddp not found, will not use a pak cache.
[2026.04.26-11.46.31:190][  0]LogDerivedDataCache: Unable to find inner node CompressedPak for hierarchical cache Hierarchy.
[2026.04.26-11.46.31:226][  0]LogDerivedDataCache: Display: Pak cache opened for reading ../../../Engine/DerivedDataCache/Compressed.ddp.
[2026.04.26-11.46.31:226][  0]LogDerivedDataCache: FDerivedDataBackendGraph:  EnterprisePak pak cache file ../../../Enterprise/DerivedDataCache/Compressed.ddp not found, will not use a pak cache.
[2026.04.26-11.46.31:226][  0]LogDerivedDataCache: Unable to find inner node EnterprisePak for hierarchical cache Hierarchy.
[2026.04.26-11.46.31:254][  0]LogDerivedDataCache: Speed tests for C:/Users/Xdox2/AppData/Local/UnrealEngine/Common/DerivedDataCache took 0.03 seconds
[2026.04.26-11.46.31:255][  0]LogDerivedDataCache: Display: Performance to C:/Users/Xdox2/AppData/Local/UnrealEngine/Common/DerivedDataCache: Latency=0.16ms. RandomReadSpeed=124.86MBs, RandomWriteSpeed=50.32MBs. Assigned SpeedClass 'Local'
[2026.04.26-11.46.31:262][  0]LogDerivedDataCache: Using Local data cache path C:/Users/Xdox2/AppData/Local/UnrealEngine/Common/DerivedDataCache: Writable
[2026.04.26-11.46.31:263][  0]LogDerivedDataCache: Shared data cache path not found in *engine.ini, will not use an Shared cache.
[2026.04.26-11.46.31:263][  0]LogDerivedDataCache: Unable to find inner node Shared for hierarchical cache Hierarchy.
[2026.04.26-11.46.31:493][  0]LogSlate: Using FreeType 2.10.0
[2026.04.26-11.46.31:503][  0]LogSlate: SlateFontServices - WITH_FREETYPE: 1, WITH_HARFBUZZ: 1
[2026.04.26-11.46.31:687][  0]LogAssetRegistry: FAssetRegistry took 0.0098 seconds to start up
[2026.04.26-11.46.33:191][  0]LogInit: Selected Device Profile: [Windows]
[2026.04.26-11.46.33:191][  0]LogInit: Active device profile: [0000016DD85FC700][0000016DD90A2C80 49] Windows
[2026.04.26-11.46.33:191][  0]LogInit: Profiles: [0000016DD85FC700][0000016DD90A2C80 49] Windows, [0000016DD85CB700][0000016DD5CD6DC0 49] WindowsNoEditor, [0000016DD85FF300][0000016DD91B0F00 49] WindowsServer, [0000016DD85C8F00][0000016DD91B5040 49] WindowsClient, [0000016DD85FF500][0000016DD91B9180 49] IOS, [0000016DD85BBF00][0000016DD91C1300 49] iPadAir, [0000016DD85CBB00][0000016DD91C5480 49] iPadAir2, [0000016DD8580500][0000016DD91CD740 49] IPadPro, [0000016DD8580600][0000016DD91C9780 49] iPadAir3, [0000016DD85B8100][0000016DD91D1900 49] iPadAir4, [0000016DD8582C00][0000016DD91D5A80 49] iPadMini2, [0000016DD85BA500][0000016DD91D9C00 49] iPadMini3, [0000016DD8583400][0000016DD91DC200 49] iPadMini4, [0000016DD85B8F00][0000016DD91E0380 49] iPadMini5, [0000016DD856FE00][0000016DD91E8640 49] iPhone6, [0000016DD856FF00][0000016DD91E4680 49] iPodTouch6, [0000016DD85FF900][0000016DD91F0940 49] iPhone7, [0000016DD85FE100][0000016DD91EC980 49] iPodTouch7, [0000016DD856C400][0000016DD91F4B00 49] iPhone5S, [0000016DD8583D00][0000016DD91F8C80 49] iPhone6Plus, [0000016DD85FF400][0000016DD91FCE00 49] iPhone6S, [0000016DD8582000][0000016DD91BCF40 49] iPhone6SPlus, [0000016DD85FC900][0000016DD9201080 49] iPhone7Plus, [0000016DD8580E00][0000016DD92051C0 49] iPhoneSE, [0000016DD85FF100][0000016DD9209300 49] iPhone8, [0000016DD8582400][0000016DD9211480 49] iPhone8Plus, [0000016DD85FFA00][0000016DD9215600 49] iPhoneX, [0000016DD8583E00][0000016DD9219780 49] iPhoneXS, [0000016DD85FD500][0000016DD921D900 49] iPhoneXSMax, [0000016DD8582500][0000016DD9221A80 49] iPhoneXR, [0000016DD85FEA00][0000016DD9225C00 49] iPhone11, [0000016DD8583A00][0000016DD9228200 49] iPhone11Pro, [0000016DD85FCF00][0000016DD922C380 49] iPhone11ProMax, [0000016DD8582300][0000016DD9230500 49] iPhoneSE2, [0000016DD85FD700][0000016DD9234680 49] iPhone12Mini, [0000016DD8580700][0000016DD9238800 49] iPhone12, [0000016DD85FC300][0000016DD923C980 49] iPhone12Pro, [0000016DD8583500][0000016DD9240B00 49] iPhone12ProMax, [0000016DD85FCB00][0000016DD9244C80 49] iPadPro105, [0000016DD8581B00][0000016DD9248E00 49] iPadPro129, [0000016DD85FC200][0000016DD924CF80 49] iPadPro97, [0000016DD8582100][0000016DC1B89100 49] iPadPro2_129, [0000016DD85FCD00][0000016DD920D240 49] iPad5, [0000016DD8583000][0000016DC1B8D380 49] iPad6, [0000016DD85FEC00][0000016DC1B914C0 49] iPad7, [0000016DD8582E00][0000016DC1B99640 49] iPad8, [0000016DD85FD900][0000016DC1B9D7C0 49] iPadPro11, [0000016DD8583F00][0000016DC1BA1940 49] iPadPro2_11, [0000016DD85FD600][0000016DC1BA5AC0 49] iPadPro3_129, [0000016DD8582700][0000016DC1BA80C0 49] iPadPro4_129, [0000016DD85FE600][0000016DC1BAC240 49] AppleTV, [0000016DD8582B00][0000016DC1BB03C0 49] AppleTV4K, [0000016DD85FDB00][0000016DC1BB4540 49] TVOS, [0000016DD8580900][0000016DD92606C0 49] Mac, [0000016DD85FE700][0000016DD9264840 49] MacClient, [0000016DD8582F00][0000016DD92689C0 49] MacNoEditor, [0000016DD85FFB00][0000016DD926CB40 49] MacServer, [0000016DD8580400][0000016DD9270CC0 49] Linux, [0000016DD85FEE00][0000016DD9274E40 49] LinuxAArch64, [0000016DD8581500][0000016DD9278FC0 49] LinuxNoEditor, [0000016DD85FEB00][0000016DD927D140 49] LinuxAArch64NoEditor, [0000016DD8583600][0000016DD92812C0 49] LinuxClient, [0000016DD85FED00][0000016DC1B95400 49] LinuxAArch64Client, [0000016DD8580B00][0000016DD9285540 49] LinuxServer, [0000016DD85FC400][0000016DD9289680 49] LinuxAArch64Server, [0000016DD8583C00][0000016DD928D7C0 49] Android, [0000016DD85BBA00][0000016DD9295940 49] Android_Low, [0000016DD856DB00][0000016DD9299AC0 49] Android_Mid, [0000016DD85BB000][0000016DD929C0C0 49] Android_High, [0000016DD856E300][0000016DD92A0240 49] Android_Default, [0000016DD85BA000][0000016DD92A43C0 49] Android_Adreno4xx, [0000016DD856C100][0000016DD92A8540 49] Android_Adreno5xx_Low, [0000016DD85B8B00][0000016DD92AC6C0 49] Android_Adreno5xx, [0000016DD856D800][0000016DD92B0840 49] Android_Adreno6xx, [0000016DD85B9100][0000016DD92B49C0 49] Android_Adreno6xx_Vulkan, [0000016DD856C800][0000016DD92B8B40 49] Android_Mali_T6xx, [0000016DD85BB600][0000016DD92BCCC0 49] Android_Mali_T7xx, [0000016DD856CD00][0000016DD92C0E40 49] Android_Mali_T8xx, [0000016DD85BBC00][0000016DD92C4FC0 49] Android_Mali_G71, [0000016DD856D500][0000016DD92C9140 49] Android_Mali_G72, [0000016DD85BBE00][0000016DD92CD2C0 49] Android_Mali_G72_Vulkan, [0000016DD856FD00][0000016DD92D1440 49] Android_Mali_G76, [0000016DD85BB900][0000016DD9291580 49] Android_Mali_G76_Vulkan, [0000016DD856F600][0000016DD92D56C0 49] Android_Mali_G77, [0000016DD85BA200][0000016DD92D9800 49] Android_Mali_G77_Vulkan, [0000016DD856F800][0000016DD92DD940 49] Android_Mali_G78, [0000016DD85B8A00][0000016DD92E5AC0 49] Android_Mali_G78_Vulkan, [0000016DD856F400][0000016DD92E80C0 49] Android_Mali_G710, [0000016DD85B9400][0000016DD92EC240 49] Android_Mali_G710_Vulkan, [0000016DD856C600][0000016DD92F03C0 49] Android_Vulkan_SM5, [0000016DD85BA400][0000016DD92F4540 49] Android_PowerVR_G6xxx, [0000016DD856CE00][0000016DD92F86C0 49] Android_PowerVR_GT7xxx, [0000016DD85B8200][0000016DD92FC840 49] Android_PowerVR_GE8xxx, [0000016DD856C700][0000016DD93009C0 49] Android_PowerVR_GM9xxx, [0000016DD85BA100][0000016DD9304B40 49] Android_PowerVR_GM9xxx_Vulkan, [0000016DD8582600][0000016DD9308CC0 49] Android_TegraK1, [0000016DD85BAA00][0000016DD930CE40 49] Android_Unknown_Vulkan, [0000016DD8581400][0000016DD9310FC0 49] Lumin, [0000016DD85B9300][0000016DD9315140 49] Lumin_Desktop, [0000016DD8580C00][0000016DD93192C0 49] HoloLens, 
[2026.04.26-11.46.33:908][  0]LogMeshReduction: Using QuadricMeshReduction for automatic static mesh reduction
[2026.04.26-11.46.33:908][  0]LogMeshReduction: Using SimplygonMeshReduction for automatic skeletal mesh reduction
[2026.04.26-11.46.33:908][  0]LogMeshReduction: Using ProxyLODMeshReduction for automatic mesh merging
[2026.04.26-11.46.33:908][  0]LogMeshReduction: No distributed automatic mesh merging module available
[2026.04.26-11.46.33:909][  0]LogMeshMerging: No distributed automatic mesh merging module available
[2026.04.26-11.46.34:006][  0]LogNetVersion: Playtime_Multiplayer 1.0.0, NetCL: 17155196, EngineNetVer: 17, GameNetVer: 0 (Checksum: 2025055209)
[2026.04.26-11.46.36:517][  0]LogTexture: Default maximum texture size for cubemaps generated from long-lat sources has been changed from 512 to unlimited. In order to preserve old behaiour for '/Engine/MapTemplates/Sky/DaylightAmbientCubemap.DaylightAmbientCubemap', its maximum texture size has been explicitly set to 512.
[2026.04.26-11.46.36:728][  0]LogHMD: PokeAHoleMaterial loaded successfully
[2026.04.26-11.46.36:747][  0]LogUObjectArray: 17186 objects as part of root set at end of initial load.
[2026.04.26-11.46.36:747][  0]LogUObjectAllocator: 4313952 out of 0 bytes used by permanent object pool.
[2026.04.26-11.46.36:748][  0]LogUObjectArray: CloseDisregardForGC: 0/0 objects in disregard for GC pool
[2026.04.26-11.46.37:919][  0]LogNiagaraDebuggerClient: Niagara Debugger Client Initialized | Session: D48BC11D42AE74104A26DFA868D76975 | Instance: B77AB00849E1A53194BBCDBD3B7FA172 (SIBIDI-5604).
[2026.04.26-11.46.38:478][  0]LogPython: Using Python 3.7.7
[2026.04.26-11.46.39:741][  0]LogTcpMessaging: Initializing TcpMessaging bridge
[2026.04.26-11.46.39:759][  0]LogUdpMessaging: Initializing bridge on interface 0.0.0.0:0 to multicast group 230.0.0.1:6666.
[2026.04.26-11.46.39:958][  0]LogVaRest: FVaRestModule::StartupModule(28): VaRest (1.1.33) module started
[2026.04.26-11.46.39:994][  0]LogPython: Warning: 'EBoxySoundSet' and 'BoxySoundSet' have the same name (BoxySoundSet) when exposed to Python. Rename one of them using 'ScriptName' meta-data.
[2026.04.26-11.46.39:998][  0]LogPython: Warning: 'EMommySoundSet' and 'MommySoundSet' have the same name (MommySoundSet) when exposed to Python. Rename one of them using 'ScriptName' meta-data.
[2026.04.26-11.46.40:689][  0]SourceControl: Source control is disabled
[2026.04.26-11.46.40:690][  0]SourceControl: Source control is disabled
[2026.04.26-11.46.40:713][  0]SourceControl: Source control is disabled
[2026.04.26-11.46.40:729][  0]SourceControl: Source control is disabled
[2026.04.26-11.46.40:757][  0]SourceControl: Source control is disabled
[2026.04.26-11.46.40:776][  0]LogUProjectInfo: Found projects:
[2026.04.26-11.46.41:424][  0]LogOpenImageDenoise: OIDN starting up
[2026.04.26-11.46.41:537][  0]LogAndroidPermission: UAndroidPermissionCallbackProxy::GetInstance
[2026.04.26-11.46.41:607][  0]LogAudioCaptureCore: Display: No Audio Capture implementations found. Audio input will be silent.
[2026.04.26-11.46.41:607][  0]LogAudioCaptureCore: Display: No Audio Capture implementations found. Audio input will be silent.
[2026.04.26-11.46.42:165][  0]LogCollectionManager: Loaded 0 collections in 0.004399 seconds
[2026.04.26-11.46.42:243][  0]LogFileCache: Scanning file cache for directory 'C:/LastStep/PROJECT-LAST-STEP/Playtime_Multiplayer/Saved/Collections/' took 0.00s
[2026.04.26-11.46.42:243][  0]LogFileCache: Scanning file cache for directory 'C:/LastStep/PROJECT-LAST-STEP/Playtime_Multiplayer/Content/Developers/Xdox2/Collections/' took 0.00s
[2026.04.26-11.46.42:243][  0]LogFileCache: Scanning file cache for directory 'C:/LastStep/PROJECT-LAST-STEP/Playtime_Multiplayer/Content/Collections/' took 0.00s
[2026.04.26-11.46.42:243][  0]LogOcInput: OculusInput pre-init called
[2026.04.26-11.46.43:538][  0]LogClass: Display: BoolProperty FBPSteamGroupOfficer::bIsOwner is not initialized properly. Module:AdvancedSteamSessions File:Classes/SteamRequestGroupOfficersCallbackProxy.h
[2026.04.26-11.46.43:539][  0]LogClass: Display: IntProperty FBPSteamGroupInfo::numOnline is not initialized properly. Module:AdvancedSteamSessions File:Classes/AdvancedSteamFriendsLibrary.h
[2026.04.26-11.46.43:539][  0]LogClass: Display: IntProperty FBPSteamGroupInfo::numInGame is not initialized properly. Module:AdvancedSteamSessions File:Classes/AdvancedSteamFriendsLibrary.h
[2026.04.26-11.46.43:539][  0]LogClass: Display: IntProperty FBPSteamGroupInfo::numChatting is not initialized properly. Module:AdvancedSteamSessions File:Classes/AdvancedSteamFriendsLibrary.h
[2026.04.26-11.46.43:541][  0]LogClass: Warning: StructProperty FPlaytimeEvent::StartDate is not initialized properly even though its struct probably has a custom default constructor. Module:Playtime_Multiplayer File:PlaytimeEvent.h
[2026.04.26-11.46.43:541][  0]LogClass: Warning: StructProperty FPlaytimeEvent::EndDate is not initialized properly even though its struct probably has a custom default constructor. Module:Playtime_Multiplayer File:PlaytimeEvent.h
[2026.04.26-11.46.43:541][  0]LogClass: Warning: StructProperty FShoppyItemResponseSet::StartTime is not initialized properly even though its struct probably has a custom default constructor. Module:Playtime_Multiplayer File:ShoppyItemResponseSet.h
[2026.04.26-11.46.43:541][  0]LogClass: Warning: StructProperty FShoppyItemResponseSet::EndTime is not initialized properly even though its struct probably has a custom default constructor. Module:Playtime_Multiplayer File:ShoppyItemResponseSet.h
[2026.04.26-11.46.43:541][  0]LogClass: Warning: StructProperty FShoppySaleResponse::StartTime is not initialized properly even though its struct probably has a custom default constructor. Module:Playtime_Multiplayer File:ShoppySaleResponse.h
[2026.04.26-11.46.43:541][  0]LogClass: Warning: StructProperty FShoppySaleResponse::EndTime is not initialized properly even though its struct probably has a custom default constructor. Module:Playtime_Multiplayer File:ShoppySaleResponse.h
[2026.04.26-11.46.43:541][  0]LogClass: Warning: StructProperty FToyBoxResponse::StartTime is not initialized properly even though its struct probably has a custom default constructor. Module:Playtime_Multiplayer File:ToyBoxResponse.h
[2026.04.26-11.46.43:541][  0]LogClass: Warning: StructProperty FToyBoxResponse::EndTime is not initialized properly even though its struct probably has a custom default constructor. Module:Playtime_Multiplayer File:ToyBoxResponse.h
[2026.04.26-11.46.43:551][  0]LogClass: Display: EnumProperty FVaRest_NamedType::Type is not initialized properly. Module:VaRestEditor File:Public/VaRest_BreakJson.h
[2026.04.26-11.46.43:551][  0]LogClass: Display: BoolProperty FVaRest_NamedType::bIsArray is not initialized properly. Module:VaRestEditor File:Public/VaRest_BreakJson.h
[2026.04.26-11.46.43:551][  0]LogClass: Display: 14 Uninitialized script struct members found including 0 object properties
[2026.04.26-11.46.43:555][  0]LogAutomationTest: Warning: StructProperty FPlaytimeEvent::StartDate is not initialized properly even though its struct probably has a custom default constructor. Module:Playtime_Multiplayer File:PlaytimeEvent.h
[2026.04.26-11.46.43:555][  0]LogAutomationTest: Warning: StructProperty FPlaytimeEvent::EndDate is not initialized properly even though its struct probably has a custom default constructor. Module:Playtime_Multiplayer File:PlaytimeEvent.h
[2026.04.26-11.46.43:555][  0]LogAutomationTest: Warning: StructProperty FShoppyItemResponseSet::StartTime is not initialized properly even though its struct probably has a custom default constructor. Module:Playtime_Multiplayer File:ShoppyItemResponseSet.h
[2026.04.26-11.46.43:555][  0]LogAutomationTest: Warning: StructProperty FShoppyItemResponseSet::EndTime is not initialized properly even though its struct probably has a custom default constructor. Module:Playtime_Multiplayer File:ShoppyItemResponseSet.h
[2026.04.26-11.46.43:555][  0]LogAutomationTest: Warning: StructProperty FShoppySaleResponse::StartTime is not initialized properly even though its struct probably has a custom default constructor. Module:Playtime_Multiplayer File:ShoppySaleResponse.h
[2026.04.26-11.46.43:555][  0]LogAutomationTest: Warning: StructProperty FShoppySaleResponse::EndTime is not initialized properly even though its struct probably has a custom default constructor. Module:Playtime_Multiplayer File:ShoppySaleResponse.h
[2026.04.26-11.46.43:555][  0]LogAutomationTest: Warning: StructProperty FToyBoxResponse::StartTime is not initialized properly even though its struct probably has a custom default constructor. Module:Playtime_Multiplayer File:ToyBoxResponse.h
[2026.04.26-11.46.43:555][  0]LogAutomationTest: Warning: StructProperty FToyBoxResponse::EndTime is not initialized properly even though its struct probably has a custom default constructor. Module:Playtime_Multiplayer File:ToyBoxResponse.h
[2026.04.26-11.46.43:564][  0]LogEngine: Initializing Engine...
[2026.04.26-11.46.43:571][  0]LogVaRest: UVaRestSubsystem::Initialize(24): VaRest subsystem initialized
[2026.04.26-11.46.43:593][  0]LogHMD: Failed to enumerate extensions. Please check that you have a valid OpenXR runtime installed.
[2026.04.26-11.46.43:594][  0]LogHMD: Failed to initialize OpenVR with code 110
[2026.04.26-11.46.43:594][  0]LogMagicLeap: Warning: VR disabled because ZI is not enabled.  To enable, in the editor, Edit -> Project Settings -> Plugins -> Magic Leap Plugin -> Enable Zero Iteration
[2026.04.26-11.46.43:605][  0]LogStats: UGameplayTagsManager::InitializeManager -  0.003 s
[2026.04.26-11.46.43:994][  0]LogLinker: Warning: Failed to load '/Game/PSHOWTIMEPHASE3/UI/UI_Utility/UI_Cursor': Can't find file.
[2026.04.26-11.46.43:995][  0]LogLinker: Warning: Failed to load '/Game/PSHOWTIMEPHASE3/UI/UI_Utility/UI_Cursor': Can't find file.
[2026.04.26-11.46.43:995][  0]LogUObjectGlobals: Warning: Failed to find object 'Object /Game/PSHOWTIMEPHASE3/UI/UI_Utility/UI_Cursor.UI_Cursor_C'
[2026.04.26-11.46.43:995][  0]LogLoad: Warning: UUserInterfaceSettings::ForceLoadResources: Failed to load cursor resource 0.
[2026.04.26-11.46.43:995][  0]LogInit: Initializing FReadOnlyCVARCache
[2026.04.26-11.46.44:109][  0]LogAIModule: Creating AISystem for world Untitled
[2026.04.26-11.46.44:144][  0]LogAudio: Display: Initializing Audio Device Manager...
[2026.04.26-11.46.44:157][  0]LogAudio: Display: Loading Default Audio Settings Objects...
[2026.04.26-11.46.44:159][  0]LogAudio: Display: No default SoundConcurrencyObject specified (or failed to load).
[2026.04.26-11.46.44:164][  0]LogAudio: Display: Audio Device Manager Initialized
[2026.04.26-11.46.44:164][  0]LogAudio: Display: Creating Audio Device:                 Id: 1, Scope: Shared, Realtime: True
[2026.04.26-11.46.44:168][  0]LogAudioMixer: Display: Audio Mixer Platform Settings:
[2026.04.26-11.46.44:168][  0]LogAudioMixer: Display: 	Sample Rate:						  48000
[2026.04.26-11.46.44:168][  0]LogAudioMixer: Display: 	Callback Buffer Frame Size Requested: 512
[2026.04.26-11.46.44:168][  0]LogAudioMixer: Display: 	Callback Buffer Frame Size To Use:	  512
[2026.04.26-11.46.44:168][  0]LogAudioMixer: Display: 	Number of buffers to queue:			  1
[2026.04.26-11.46.44:168][  0]LogAudioMixer: Display: 	Max Channels (voices):				  0
[2026.04.26-11.46.44:168][  0]LogAudioMixer: Display: 	Number of Async Source Workers:		  4
[2026.04.26-11.46.44:168][  0]LogAudio: Display: AudioDevice MaxSources: 32
[2026.04.26-11.46.44:173][  0]LogAudio: Display: Audio Spatialization Plugin: None (built-in).
[2026.04.26-11.46.44:173][  0]LogAudio: Display: Audio Reverb Plugin: None (built-in).
[2026.04.26-11.46.44:173][  0]LogAudio: Display: Audio Occlusion Plugin: None (built-in).
[2026.04.26-11.46.44:174][  0]LogAudioMixer: Display: Initializing audio mixer.
[2026.04.26-11.46.44:228][  0]LogAudioMixer: Display: 0: FrontLeft
[2026.04.26-11.46.44:228][  0]LogAudioMixer: Display: 1: FrontRight
[2026.04.26-11.46.44:354][  0]LogAudioMixer: Display: Using Audio Device Voicemeeter VAIO3 Input (VB-Audio Voicemeeter VAIO)
[2026.04.26-11.46.44:368][  0]LogAudioMixer: Display: Initializing Sound Submixes...
[2026.04.26-11.46.44:378][  0]LogAudioMixer: Display: Creating Master Submix 'MasterSubmixDefault'
[2026.04.26-11.46.44:380][  0]LogAudioMixer: Display: Creating Master Submix 'MasterReverbSubmixDefault'
[2026.04.26-11.46.44:386][  0]LogAudioMixer: Display: Creating Master Submix 'MasterEQSubmixDefault'
[2026.04.26-11.46.44:386][  0]LogAudioMixer: FMixerPlatformXAudio2::StartAudioStream() called
[2026.04.26-11.46.44:386][  0]LogAudioMixer: Display: Output buffers initialized: Frames=512, Channels=2, Samples=1024
[2026.04.26-11.46.44:390][  0]LogAudioMixer: Display: Starting AudioMixerPlatformInterface::RunInternal()
[2026.04.26-11.46.44:390][  0]LogAudioMixer: Display: FMixerPlatformXAudio2::SubmitBuffer() called for the first time
[2026.04.26-11.46.44:390][  0]LogInit: FAudioDevice initialized.
[2026.04.26-11.46.44:393][  0]LogAudio: Display: Audio Device (ID: 1) registered with world 'Untitled'.
[2026.04.26-11.46.44:399][  0]LogNetVersion: Set ProjectVersion to 1.0.0.0. Version Checksum will be recalculated on next use.
[2026.04.26-11.46.44:747][  0]LogDerivedDataCache: Saved boot cache 0.35s 94MB C:/Users/Xdox2/AppData/Local/UnrealEngine/4.27/DerivedDataCache/Boot.ddc.
[2026.04.26-11.46.44:750][  0]LogInit: Texture streaming: Enabled
[2026.04.26-11.46.44:812][  0]LogAnalytics: Display: [UEEditor.Rocket.Release] APIServer = https://datarouter.ol.epicgames.com/. AppVersion = 4.27.2-18319896+++UE4+Release-4.27
[2026.04.26-11.46.44:835][  0]LogEngineSessionManager: EngineSessionManager initialized
[2026.04.26-11.46.44:835][  0]LogEngineSessionManager: EngineSessionManager sent abnormal shutdown report. Type=AbnormalShutdown, SessionId={D20B7B51-4527-4D47-98F9-1E95DBBF969D}
[2026.04.26-11.46.44:835][  0]LogEditorSessionSummary: Verbose: Initializing EditorSessionSummaryWriter for editor session tracking
[2026.04.26-11.46.44:841][  0]LogEditorSessionSummary: EditorSessionSummaryWriter initialized
[2026.04.26-11.46.44:949][  0]LogInit: Transaction tracking system initialized
[2026.04.26-11.46.45:114][  0]BlueprintLog: New page: Editor Load
[2026.04.26-11.46.45:817][  0]LocalizationService: Localization service is disabled
[2026.04.26-11.46.45:943][  0]TimingProfiler: Initialize
[2026.04.26-11.46.45:948][  0]TimingProfiler: OnSessionChanged
[2026.04.26-11.46.45:948][  0]LoadingProfiler: Initialize
[2026.04.26-11.46.45:950][  0]LoadingProfiler: OnSessionChanged
[2026.04.26-11.46.45:950][  0]NetworkingProfiler: Initialize
[2026.04.26-11.46.45:950][  0]NetworkingProfiler: OnSessionChanged
[2026.04.26-11.46.45:950][  0]MemoryProfiler: Initialize
[2026.04.26-11.46.45:950][  0]MemoryProfiler: OnSessionChanged
[2026.04.26-11.46.46:607][  0]LogCook: Display: CookSettings for Memory: MemoryMaxUsedVirtual 0MiB, MemoryMaxUsedPhysical 16384MiB, MemoryMinFreeVirtual 0MiB, MemoryMinFreePhysical 1024MiB
[2026.04.26-11.46.46:607][  0]LogCook: Display: Mobile HDR setting 1
[2026.04.26-11.46.46:633][  0]LogFileCache: Scanning file cache for directory 'C:/LastStep/PROJECT-LAST-STEP/Playtime_Multiplayer/Content/' took 0.05s
[2026.04.26-11.46.48:860][  0]LogInit: Display: Engine is initialized. Leaving FEngineLoop::Init()
[2026.04.26-11.46.48:886][  0]SourceControl: Source control is disabled
[2026.04.26-11.46.48:887][  0]LogUnrealEdMisc: Loading editor; pre map load, took 31.780
[2026.04.26-11.46.48:892][  0]Cmd: MAP LOAD FILE="../../../../../../LastStep/PROJECT-LAST-STEP/Playtime_Multiplayer/Content/StarterContent/Maps/Minimal_Default.umap" TEMPLATE=0 SHOWPROGRESS=1 FEATURELEVEL=3
[2026.04.26-11.46.48:893][  0]LogEditorServer: Warning: Can't find file '../../../../../../LastStep/PROJECT-LAST-STEP/Playtime_Multiplayer/Content/StarterContent/Maps/Minimal_Default.umap'
[2026.04.26-11.46.48:898][  0]Cmd: MAP CHECKDEP NOCLEARLOG
[2026.04.26-11.46.48:902][  0]MapCheck: Map check complete: 0 Error(s), 0 Warning(s), took 4,881ms to complete.
[2026.04.26-11.46.48:904][  0]LogFileHelpers: Loading map 'Minimal_Default' took 0.014
[2026.04.26-11.46.49:108][  0]LogUnrealEdMisc: Total Editor Startup Time, took 32.000
[2026.04.26-11.46.49:642][  0]LogSlate: Updating window title bar state: overlay mode, drag disabled, window buttons hidden, title bar hidden
[2026.04.26-11.46.49:667][  0]LogSlate: Updating window title bar state: overlay mode, drag disabled, window buttons hidden, title bar hidden
[2026.04.26-11.46.49:683][  0]LogSlate: Updating window title bar state: overlay mode, drag disabled, window buttons hidden, title bar hidden
[2026.04.26-11.46.49:699][  0]LogSlate: Updating window title bar state: overlay mode, drag disabled, window buttons hidden, title bar hidden
[2026.04.26-11.46.49:825][  0]LogNativeClassHierarchy: Verbose: Native class hierarchy populated in 0.0428 seconds. Added 3870 classes and 945 folders.
[2026.04.26-11.46.49:857][  0]LogNativeClassHierarchy: Verbose: Native class hierarchy updated for 'WidgetCarousel' in 0.0007 seconds. Added 0 classes and 0 folders.
[2026.04.26-11.46.49:886][  0]LogNativeClassHierarchy: Verbose: Native class hierarchy updated for 'AddContentDialog' in 0.0005 seconds. Added 0 classes and 0 folders.
[2026.04.26-11.46.49:897][  0]LogNativeClassHierarchy: Verbose: Native class hierarchy updated for 'SceneOutliner' in 0.0005 seconds. Added 2 classes and 0 folders.
[2026.04.26-11.46.50:370][  0]LogSlate: Took 0.001645 seconds to synchronously load lazily loaded font '../../../Engine/Content/Slate/Fonts/Roboto-Regular.ttf' (155K)
[2026.04.26-11.46.50:380][  0]LogSlate: Took 0.002998 seconds to synchronously load lazily loaded font '../../../Engine/Content/Editor/Slate/Fonts/FontAwesome.ttf' (139K)
[2026.04.26-11.46.50:386][  0]LogSlate: Took 0.002433 seconds to synchronously load lazily loaded font '../../../Engine/Content/Slate/Fonts/Roboto-Bold.ttf' (160K)
[2026.04.26-11.46.50:690][  0]LogRenderer: Reallocating scene render targets to support 1392x232 Format 10 NumSamples 1 (Frame:1).
[2026.04.26-11.46.52:264][  0]LogSlate: Took 0.001634 seconds to synchronously load lazily loaded font '../../../Engine/Content/Slate/Fonts/Roboto-Light.ttf' (167K)
[2026.04.26-11.46.52:565][  0]LogNativeClassHierarchy: Verbose: Native class hierarchy updated for 'HierarchicalLODOutliner' in 0.0004 seconds. Added 0 classes and 0 folders.
[2026.04.26-11.46.52:566][  0]LogLoad: (Engine Initialization) Total time: 35.46 seconds
[2026.04.26-11.46.52:566][  0]LogLoad: (Engine Initialization) Total Blueprint compile time: 0.00 seconds
[2026.04.26-11.46.52:706][  0]LogContentStreaming: Texture pool size now 1000 MB
[2026.04.26-11.46.52:844][  1]LogAssetRegistry: Asset discovery search completed in 21.1598 seconds
[2026.04.26-11.46.52:865][  1]LogCollectionManager: Fixed up redirectors for 0 collections in 0.000387 seconds (updated 0 objects)
[2026.04.26-11.46.53:695][ 40]LogSlate: Took 0.000533 seconds to synchronously load lazily loaded font '../../../Engine/Content/Slate/Fonts/Roboto-Light.ttf' (167K)
[2026.04.26-11.47.06:559][670]LogEditorClassViewer: Warning: Class /Engine/Tutorial/InWorldBlueprintEditing/TutorialAssets/IWBE_Blutility.IWBE_Blutility_C has parent /Script/Blutility.PlacedEditorUtilityBase, but this parent is not found. The Class will not be shown in ClassViewer.
[2026.04.26-11.47.06:560][670]LogEditorClassViewer: Warning: Class /Engine/Transient.ORPHANED_DATA_ONLY_DmgTypeBP_Environmental_C_0 has parent None, but this parent is not found. The Class will not be shown in ClassViewer.
[2026.04.26-11.47.18:059][670]LogSlate: Window 'Pick Parent Class' being destroyed
[2026.04.26-11.47.23:058][918]LogAssetEditorSubsystem: Opening Asset editor for DataTable /Game/Items/ALLItems.ALLItems
[2026.04.26-11.47.26:006][ 20]LogSlate: Window 'ALLItems' being destroyed
[2026.04.26-11.47.29:573][167]LogAssetEditorSubsystem: Opening Asset editor for CosmeticAsset /Game/Items/Cosmetics/GP_PotOGold.GP_PotOGold
[2026.04.26-11.47.32:777][353]LogSlate: Prevented a slow task dialog from being summoned while a context menu was open
[2026.04.26-11.47.32:811][353]LogEditorClassViewer: Warning: Class /Engine/Tutorial/InWorldBlueprintEditing/TutorialAssets/IWBE_Blutility.IWBE_Blutility_C has parent /Script/Blutility.PlacedEditorUtilityBase, but this parent is not found. The Class will not be shown in ClassViewer.
[2026.04.26-11.47.32:811][353]LogEditorClassViewer: Warning: Class /Engine/Transient.ORPHANED_DATA_ONLY_DmgTypeBP_Environmental_C_0 has parent None, but this parent is not found. The Class will not be shown in ClassViewer.
[2026.04.26-11.47.58:712][523]LogSlate: Window 'Pick Parent Class' being destroyed
[2026.04.26-11.47.58:731][523]LogContentBrowser: Deferred new asset file creation: NewBlueprint
[2026.04.26-11.47.58:741][523]LogContentBrowser: Creating deferred item: NewBlueprint
[2026.04.26-11.48.20:258][517]LogContentBrowser: Attempting asset rename: NewBlueprint -> BP_PlayerCosmeticmesh
[2026.04.26-11.48.20:284][517]LogContentBrowser: End creating deferred item NewBlueprint
[2026.04.26-11.48.21:911][583]LogUObjectHash: Compacting FUObjectHashTables data took   2.40ms
[2026.04.26-11.48.22:765][583]LogSlate: Window 'Save Content' being destroyed
[2026.04.26-11.48.22:853][583]LogSavePackage: Moving '../../../../../../LastStep/PROJECT-LAST-STEP/Playtime_Multiplayer/Saved/BP_PlayerCosmeticmesh3DEFCBCF4195A90101C96E8800D7E29B.tmp' to '../../../../../../LastStep/PROJECT-LAST-STEP/Playtime_Multiplayer/Content/Items/Cosmetics/BP_Cont/BP_PlayerCosmeticmesh.uasset'
[2026.04.26-11.48.22:884][583]AssetCheck: New page: Asset Save: BP_PlayerCosmeticmesh
[2026.04.26-11.48.22:884][583]LogContentValidation: Display: Validating Blueprint /Game/Items/Cosmetics/BP_Cont/BP_PlayerCosmeticmesh.BP_PlayerCosmeticmesh
[2026.04.26-11.48.31:929][951]LogBlueprint: Error: [AssetLog] C:\LastStep\PROJECT-LAST-STEP\Playtime_Multiplayer\Content\FirstPerson\FirstPersonBP\Run1.uasset: [Compiler] Run1  - The skeleton asset for this animation Blueprint is missing, so it cannot be compiled!
[2026.04.26-11.48.32:016][951]LogAssetEditorSubsystem: Opening Asset editor for Blueprint /Game/FirstPerson/FirstPersonBP/Blueprints/FirstPersonCharacter.FirstPersonCharacter
[2026.04.26-11.48.32:659][951]LogNativeClassHierarchy: Verbose: Native class hierarchy updated for 'BlueprintGraph' in 0.0010 seconds. Added 126 classes and 0 folders.
[2026.04.26-11.48.34:623][951]LogSkinnedMeshComp: Warning: GetSocketByName(torso_JNT): No SkeletalMesh for Component(CharacterMesh0) Actor(FirstPersonCharacter_C_0)
[2026.04.26-11.48.34:623][951]LogSkinnedMeshComp: Warning: GetSocketByName(torso_JNT): No SkeletalMesh for Component(CharacterMesh0) Actor(FirstPersonCharacter_C_0)
[2026.04.26-11.48.34:644][951]LogSlate: Took 0.001658 seconds to synchronously load lazily loaded font '../../../Engine/Content/Slate/Fonts/Roboto-BoldCondensed.ttf' (158K)
[2026.04.26-11.48.34:923][952]LogSlate: Took 0.014604 seconds to synchronously load lazily loaded font '../../../Engine/Content/Slate/Fonts/Roboto-Italic.ttf' (157K)
[2026.04.26-11.48.37:799][ 45]BlueprintLog: New page: Compile FirstPersonCharacter
[2026.04.26-11.48.37:882][ 45]LogSkinnedMeshComp: Warning: GetSocketByName(torso_JNT): No SkeletalMesh for Component(CharacterMesh0) Actor(FirstPersonCharacter_C_0)
[2026.04.26-11.48.37:882][ 45]LogSkinnedMeshComp: Warning: GetSocketByName(torso_JNT): No SkeletalMesh for Component(CharacterMesh0) Actor(FirstPersonCharacter_C_0)
[2026.04.26-11.48.37:968][ 45]LogUObjectHash: Compacting FUObjectHashTables data took   4.99ms
[2026.04.26-11.48.37:974][ 45]LogSkinnedMeshComp: Warning: GetSocketByName(torso_JNT): No SkeletalMesh for Component(CharacterMesh0) Actor(FirstPersonCharacter_C_0)
[2026.04.26-11.48.37:974][ 45]LogSkinnedMeshComp: Warning: GetSocketByName(torso_JNT): No SkeletalMesh for Component(CharacterMesh0) Actor(FirstPersonCharacter_C_0)
[2026.04.26-11.48.37:975][ 45]LogSkinnedMeshComp: Warning: GetSocketByName(torso_JNT): No SkeletalMesh for Component(CharacterMesh0) Actor(FirstPersonCharacter_C_0)
[2026.04.26-11.48.37:975][ 45]LogSkinnedMeshComp: Warning: GetSocketByName(torso_JNT): No SkeletalMesh for Component(CharacterMesh0) Actor(FirstPersonCharacter_C_0)
[2026.04.26-11.48.37:975][ 45]LogSkinnedMeshComp: Warning: GetSocketByName(torso_JNT): No SkeletalMesh for Component(CharacterMesh0) Actor(FirstPersonCharacter_C_0)
[2026.04.26-11.48.37:975][ 45]LogSkinnedMeshComp: Warning: GetSocketByName(torso_JNT): No SkeletalMesh for Component(CharacterMesh0) Actor(FirstPersonCharacter_C_0)
[2026.04.26-11.48.37:991][ 45]LogSkinnedMeshComp: Warning: GetSocketByName(torso_JNT): No SkeletalMesh for Component(CharacterMesh0) Actor(FirstPersonCharacter_C_0)
[2026.04.26-11.48.37:993][ 45]LogSkinnedMeshComp: Warning: GetSocketByName(torso_JNT): No SkeletalMesh for Component(CharacterMesh0) Actor(FirstPersonCharacter_C_0)
[2026.04.26-11.48.37:993][ 45]LogSkinnedMeshComp: Warning: GetSocketByName(torso_JNT): No SkeletalMesh for Component(CharacterMesh0) Actor(FirstPersonCharacter_C_0)
[2026.04.26-11.48.37:993][ 45]LogSkinnedMeshComp: Warning: GetSocketByName(torso_JNT): No SkeletalMesh for Component(CharacterMesh0) Actor(FirstPersonCharacter_C_0)
[2026.04.26-11.48.37:993][ 45]LogSkinnedMeshComp: Warning: GetSocketByName(torso_JNT): No SkeletalMesh for Component(CharacterMesh0) Actor(FirstPersonCharacter_C_0)
[2026.04.26-11.48.37:993][ 45]LogSkinnedMeshComp: Warning: GetSocketByName(torso_JNT): No SkeletalMesh for Component(CharacterMesh0) Actor(FirstPersonCharacter_C_0)
[2026.04.26-11.48.38:152][ 45]LogSlate: Took 0.001335 seconds to synchronously load lazily loaded font '../../../Engine/Content/Slate/Fonts/DroidSansMono.ttf' (77K)
[2026.04.26-11.48.38:739][ 61]LogSkinnedMeshComp: Warning: GetSocketByName(torso_JNT): No SkeletalMesh for Component(CharacterMesh0) Actor(FirstPersonCharacter_C_0)
[2026.04.26-11.48.38:739][ 61]LogSkinnedMeshComp: Warning: GetSocketByName(torso_JNT): No SkeletalMesh for Component(CharacterMesh0) Actor(FirstPersonCharacter_C_0)
[2026.04.26-11.48.38:739][ 61]LogSkinnedMeshComp: Warning: GetSocketByName(torso_JNT): No SkeletalMesh for Component(CharacterMesh0) Actor(FirstPersonCharacter_C_0)
[2026.04.26-11.48.38:739][ 61]LogSkinnedMeshComp: Warning: GetSocketByName(torso_JNT): No SkeletalMesh for Component(CharacterMesh0) Actor(FirstPersonCharacter_C_0)
[2026.04.26-11.48.38:740][ 61]LogSkinnedMeshComp: Warning: GetSocketByName(torso_JNT): No SkeletalMesh for Component(CharacterMesh0) Actor(FirstPersonCharacter_C_0)
[2026.04.26-11.48.38:740][ 61]LogSkinnedMeshComp: Warning: GetSocketByName(torso_JNT): No SkeletalMesh for Component(CharacterMesh0) Actor(FirstPersonCharacter_C_0)
[2026.04.26-11.48.38:764][ 62]LogRenderer: Reallocating scene render targets to support 1392x512 Format 10 NumSamples 1 (Frame:1).
[2026.04.26-11.48.46:721][260]LogSkinnedMeshComp: Warning: GetSocketByName(torso_JNT): No SkeletalMesh for Component(CharacterMesh0) Actor(FirstPersonCharacter_C_0)
[2026.04.26-11.48.46:721][260]LogSkinnedMeshComp: Warning: GetSocketByName(torso_JNT): No SkeletalMesh for Component(CharacterMesh0) Actor(FirstPersonCharacter_C_0)
[2026.04.26-11.48.46:721][260]LogSkinnedMeshComp: Warning: GetSocketByName(torso_JNT): No SkeletalMesh for Component(CharacterMesh0) Actor(FirstPersonCharacter_C_0)
[2026.04.26-11.48.46:723][260]LogSkinnedMeshComp: Warning: GetSocketByName(torso_JNT): No SkeletalMesh for Component(CharacterMesh0) Actor(FirstPersonCharacter_C_0)
[2026.04.26-11.48.46:724][260]LogSkinnedMeshComp: Warning: GetSocketByName(torso_JNT): No SkeletalMesh for Component(CharacterMesh0) Actor(FirstPersonCharacter_C_0)
[2026.04.26-11.48.46:726][260]LogSkinnedMeshComp: Warning: GetSocketByName(torso_JNT): No SkeletalMesh for Component(CharacterMesh0) Actor(FirstPersonCharacter_C_0)
[2026.04.26-11.48.50:616][336]LogSkinnedMeshComp: Warning: GetSocketByName(torso_JNT): No SkeletalMesh for Component(CharacterMesh0) Actor(FirstPersonCharacter_C_0)
[2026.04.26-11.48.50:618][336]LogSkinnedMeshComp: Warning: GetSocketByName(torso_JNT): No SkeletalMesh for Component(CharacterMesh0) Actor(FirstPersonCharacter_C_0)
[2026.04.26-11.48.50:619][336]LogSkinnedMeshComp: Warning: GetSocketByName(torso_JNT): No SkeletalMesh for Component(CharacterMesh0) Actor(FirstPersonCharacter_C_0)
[2026.04.26-11.48.50:619][336]LogSkinnedMeshComp: Warning: GetSocketByName(torso_JNT): No SkeletalMesh for Component(CharacterMesh0) Actor(FirstPersonCharacter_C_0)
[2026.04.26-11.48.50:665][337]LogSkinnedMeshComp: Warning: GetSocketByName(torso_JNT): No SkeletalMesh for Component(CharacterMesh0) Actor(FirstPersonCharacter_C_0)
[2026.04.26-11.48.50:665][337]LogSkinnedMeshComp: Warning: GetSocketByName(torso_JNT): No SkeletalMesh for Component(CharacterMesh0) Actor(FirstPersonCharacter_C_0)
[2026.04.26-11.48.50:667][337]LogSkinnedMeshComp: Warning: GetSocketByName(torso_JNT): No SkeletalMesh for Component(CharacterMesh0) Actor(FirstPersonCharacter_C_0)
[2026.04.26-11.48.50:667][337]LogSkinnedMeshComp: Warning: GetSocketByName(torso_JNT): No SkeletalMesh for Component(CharacterMesh0) Actor(FirstPersonCharacter_C_0)
[2026.04.26-11.48.50:715][338]LogSkinnedMeshComp: Warning: GetSocketByName(torso_JNT): No SkeletalMesh for Component(CharacterMesh0) Actor(FirstPersonCharacter_C_0)
[2026.04.26-11.48.50:717][338]LogSkinnedMeshComp: Warning: GetSocketByName(torso_JNT): No SkeletalMesh for Component(CharacterMesh0) Actor(FirstPersonCharacter_C_0)
[2026.04.26-11.48.50:717][338]LogSkinnedMeshComp: Warning: GetSocketByName(torso_JNT): No SkeletalMesh for Component(CharacterMesh0) Actor(FirstPersonCharacter_C_0)
[2026.04.26-11.48.50:717][338]LogSkinnedMeshComp: Warning: GetSocketByName(torso_JNT): No SkeletalMesh for Component(CharacterMesh0) Actor(FirstPersonCharacter_C_0)
[2026.04.26-11.48.50:767][339]LogSkinnedMeshComp: Warning: GetSocketByName(torso_JNT): No SkeletalMesh for Component(CharacterMesh0) Actor(FirstPersonCharacter_C_0)
[2026.04.26-11.48.50:768][339]LogSkinnedMeshComp: Warning: GetSocketByName(torso_JNT): No SkeletalMesh for Component(CharacterMesh0) Actor(FirstPersonCharacter_C_0)
[2026.04.26-11.48.50:769][339]LogSkinnedMeshComp: Warning: GetSocketByName(torso_JNT): No SkeletalMesh for Component(CharacterMesh0) Actor(FirstPersonCharacter_C_0)
[2026.04.26-11.48.50:769][339]LogSkinnedMeshComp: Warning: GetSocketByName(torso_JNT): No SkeletalMesh for Component(CharacterMesh0) Actor(FirstPersonCharacter_C_0)
[2026.04.26-11.48.50:819][340]LogSkinnedMeshComp: Warning: GetSocketByName(torso_JNT): No SkeletalMesh for Component(CharacterMesh0) Actor(FirstPersonCharacter_C_0)
[2026.04.26-11.48.50:821][340]LogSkinnedMeshComp: Warning: GetSocketByName(torso_JNT): No SkeletalMesh for Component(CharacterMesh0) Actor(FirstPersonCharacter_C_0)
[2026.04.26-11.48.50:822][340]LogSkinnedMeshComp: Warning: GetSocketByName(torso_JNT): No SkeletalMesh for Component(CharacterMesh0) Actor(FirstPersonCharacter_C_0)
[2026.04.26-11.48.50:822][340]LogSkinnedMeshComp: Warning: GetSocketByName(torso_JNT): No SkeletalMesh for Component(CharacterMesh0) Actor(FirstPersonCharacter_C_0)
[2026.04.26-11.48.50:871][341]LogSkinnedMeshComp: Warning: GetSocketByName(torso_JNT): No SkeletalMesh for Component(CharacterMesh0) Actor(FirstPersonCharacter_C_0)
[2026.04.26-11.48.50:873][341]LogSkinnedMeshComp: Warning: GetSocketByName(torso_JNT): No SkeletalMesh for Component(CharacterMesh0) Actor(FirstPersonCharacter_C_0)
[2026.04.26-11.48.50:873][341]LogSkinnedMeshComp: Warning: GetSocketByName(torso_JNT): No SkeletalMesh for Component(CharacterMesh0) Actor(FirstPersonCharacter_C_0)
[2026.04.26-11.48.50:873][341]LogSkinnedMeshComp: Warning: GetSocketByName(torso_JNT): No SkeletalMesh for Component(CharacterMesh0) Actor(FirstPersonCharacter_C_0)
[2026.04.26-11.48.50:924][342]LogSkinnedMeshComp: Warning: GetSocketByName(torso_JNT): No SkeletalMesh for Component(CharacterMesh0) Actor(FirstPersonCharacter_C_0)
[2026.04.26-11.48.50:925][342]LogSkinnedMeshComp: Warning: GetSocketByName(torso_JNT): No SkeletalMesh for Component(CharacterMesh0) Actor(FirstPersonCharacter_C_0)
[2026.04.26-11.48.50:925][342]LogSkinnedMeshComp: Warning: GetSocketByName(torso_JNT): No SkeletalMesh for Component(CharacterMesh0) Actor(FirstPersonCharacter_C_0)
[2026.04.26-11.48.50:925][342]LogSkinnedMeshComp: Warning: GetSocketByName(torso_JNT): No SkeletalMesh for Component(CharacterMesh0) Actor(FirstPersonCharacter_C_0)
[2026.04.26-11.48.50:976][343]LogSkinnedMeshComp: Warning: GetSocketByName(torso_JNT): No SkeletalMesh for Component(CharacterMesh0) Actor(FirstPersonCharacter_C_0)
[2026.04.26-11.48.50:976][343]LogSkinnedMeshComp: Warning: GetSocketByName(torso_JNT): No SkeletalMesh for Component(CharacterMesh0) Actor(FirstPersonCharacter_C_0)
[2026.04.26-11.48.50:978][343]LogSkinnedMeshComp: Warning: GetSocketByName(torso_JNT): No SkeletalMesh for Component(CharacterMesh0) Actor(FirstPersonCharacter_C_0)
[2026.04.26-11.48.50:978][343]LogSkinnedMeshComp: Warning: GetSocketByName(torso_JNT): No SkeletalMesh for Component(CharacterMesh0) Actor(FirstPersonCharacter_C_0)
[2026.04.26-11.48.59:764][591]LogSkinnedMeshComp: Warning: GetSocketByName(torso_JNT): No SkeletalMesh for Component(CharacterMesh0) Actor(FirstPersonCharacter_C_0)
[2026.04.26-11.48.59:766][591]LogSkinnedMeshComp: Warning: GetSocketByName(torso_JNT): No SkeletalMesh for Component(CharacterMesh0) Actor(FirstPersonCharacter_C_0)
[2026.04.26-11.48.59:766][591]LogSkinnedMeshComp: Warning: GetSocketByName(torso_JNT): No SkeletalMesh for Component(CharacterMesh0) Actor(FirstPersonCharacter_C_0)
[2026.04.26-11.48.59:766][591]LogSkinnedMeshComp: Warning: GetSocketByName(torso_JNT): No SkeletalMesh for Component(CharacterMesh0) Actor(FirstPersonCharacter_C_0)
[2026.04.26-11.48.59:812][592]LogSkinnedMeshComp: Warning: GetSocketByName(torso_JNT): No SkeletalMesh for Component(CharacterMesh0) Actor(FirstPersonCharacter_C_0)
[2026.04.26-11.48.59:812][592]LogSkinnedMeshComp: Warning: GetSocketByName(torso_JNT): No SkeletalMesh for Component(CharacterMesh0) Actor(FirstPersonCharacter_C_0)
[2026.04.26-11.48.59:814][592]LogSkinnedMeshComp: Warning: GetSocketByName(torso_JNT): No SkeletalMesh for Component(CharacterMesh0) Actor(FirstPersonCharacter_C_0)
[2026.04.26-11.48.59:814][592]LogSkinnedMeshComp: Warning: GetSocketByName(torso_JNT): No SkeletalMesh for Component(CharacterMesh0) Actor(FirstPersonCharacter_C_0)
[2026.04.26-11.48.59:858][593]LogSkinnedMeshComp: Warning: GetSocketByName(torso_JNT): No SkeletalMesh for Component(CharacterMesh0) Actor(FirstPersonCharacter_C_0)
[2026.04.26-11.48.59:858][593]LogSkinnedMeshComp: Warning: GetSocketByName(torso_JNT): No SkeletalMesh for Component(CharacterMesh0) Actor(FirstPersonCharacter_C_0)
[2026.04.26-11.48.59:859][593]LogSkinnedMeshComp: Warning: GetSocketByName(torso_JNT): No SkeletalMesh for Component(CharacterMesh0) Actor(FirstPersonCharacter_C_0)
[2026.04.26-11.48.59:860][593]LogSkinnedMeshComp: Warning: GetSocketByName(torso_JNT): No SkeletalMesh for Component(CharacterMesh0) Actor(FirstPersonCharacter_C_0)
[2026.04.26-11.48.59:907][594]LogSkinnedMeshComp: Warning: GetSocketByName(torso_JNT): No SkeletalMesh for Component(CharacterMesh0) Actor(FirstPersonCharacter_C_0)
[2026.04.26-11.48.59:908][594]LogSkinnedMeshComp: Warning: GetSocketByName(torso_JNT): No SkeletalMesh for Component(CharacterMesh0) Actor(FirstPersonCharacter_C_0)
[2026.04.26-11.48.59:910][594]LogSkinnedMeshComp: Warning: GetSocketByName(torso_JNT): No SkeletalMesh for Component(CharacterMesh0) Actor(FirstPersonCharacter_C_0)
[2026.04.26-11.48.59:910][594]LogSkinnedMeshComp: Warning: GetSocketByName(torso_JNT): No SkeletalMesh for Component(CharacterMesh0) Actor(FirstPersonCharacter_C_0)
[2026.04.26-11.48.59:957][595]LogSkinnedMeshComp: Warning: GetSocketByName(torso_JNT): No SkeletalMesh for Component(CharacterMesh0) Actor(FirstPersonCharacter_C_0)
[2026.04.26-11.48.59:957][595]LogSkinnedMeshComp: Warning: GetSocketByName(torso_JNT): No SkeletalMesh for Component(CharacterMesh0) Actor(FirstPersonCharacter_C_0)
[2026.04.26-11.48.59:959][595]LogSkinnedMeshComp: Warning: GetSocketByName(torso_JNT): No SkeletalMesh for Component(CharacterMesh0) Actor(FirstPersonCharacter_C_0)
[2026.04.26-11.48.59:959][595]LogSkinnedMeshComp: Warning: GetSocketByName(torso_JNT): No SkeletalMesh for Component(CharacterMesh0) Actor(FirstPersonCharacter_C_0)
[2026.04.26-11.49.00:004][596]LogSkinnedMeshComp: Warning: GetSocketByName(torso_JNT): No SkeletalMesh for Component(CharacterMesh0) Actor(FirstPersonCharacter_C_0)
[2026.04.26-11.49.00:006][596]LogSkinnedMeshComp: Warning: GetSocketByName(torso_JNT): No SkeletalMesh for Component(CharacterMesh0) Actor(FirstPersonCharacter_C_0)
[2026.04.26-11.49.00:008][596]LogSkinnedMeshComp: Warning: GetSocketByName(torso_JNT): No SkeletalMesh for Component(CharacterMesh0) Actor(FirstPersonCharacter_C_0)
[2026.04.26-11.49.00:008][596]LogSkinnedMeshComp: Warning: GetSocketByName(torso_JNT): No SkeletalMesh for Component(CharacterMesh0) Actor(FirstPersonCharacter_C_0)
[2026.04.26-11.49.00:054][597]LogSkinnedMeshComp: Warning: GetSocketByName(torso_JNT): No SkeletalMesh for Component(CharacterMesh0) Actor(FirstPersonCharacter_C_0)
[2026.04.26-11.49.00:056][597]LogSkinnedMeshComp: Warning: GetSocketByName(torso_JNT): No SkeletalMesh for Component(CharacterMesh0) Actor(FirstPersonCharacter_C_0)
[2026.04.26-11.49.00:056][597]LogSkinnedMeshComp: Warning: GetSocketByName(torso_JNT): No SkeletalMesh for Component(CharacterMesh0) Actor(FirstPersonCharacter_C_0)
[2026.04.26-11.49.00:056][597]LogSkinnedMeshComp: Warning: GetSocketByName(torso_JNT): No SkeletalMesh for Component(CharacterMesh0) Actor(FirstPersonCharacter_C_0)
[2026.04.26-11.49.00:104][598]LogSkinnedMeshComp: Warning: GetSocketByName(torso_JNT): No SkeletalMesh for Component(CharacterMesh0) Actor(FirstPersonCharacter_C_0)
[2026.04.26-11.49.00:106][598]LogSkinnedMeshComp: Warning: GetSocketByName(torso_JNT): No SkeletalMesh for Component(CharacterMesh0) Actor(FirstPersonCharacter_C_0)
[2026.04.26-11.49.00:106][598]LogSkinnedMeshComp: Warning: GetSocketByName(torso_JNT): No SkeletalMesh for Component(CharacterMesh0) Actor(FirstPersonCharacter_C_0)
[2026.04.26-11.49.00:106][598]LogSkinnedMeshComp: Warning: GetSocketByName(torso_JNT): No SkeletalMesh for Component(CharacterMesh0) Actor(FirstPersonCharacter_C_0)
[2026.04.26-11.49.00:153][599]LogSkinnedMeshComp: Warning: GetSocketByName(torso_JNT): No SkeletalMesh for Component(CharacterMesh0) Actor(FirstPersonCharacter_C_0)
[2026.04.26-11.49.00:153][599]LogSkinnedMeshComp: Warning: GetSocketByName(torso_JNT): No SkeletalMesh for Component(CharacterMesh0) Actor(FirstPersonCharacter_C_0)
[2026.04.26-11.49.00:155][599]LogSkinnedMeshComp: Warning: GetSocketByName(torso_JNT): No SkeletalMesh for Component(CharacterMesh0) Actor(FirstPersonCharacter_C_0)
[2026.04.26-11.49.00:155][599]LogSkinnedMeshComp: Warning: GetSocketByName(torso_JNT): No SkeletalMesh for Component(CharacterMesh0) Actor(FirstPersonCharacter_C_0)
[2026.04.26-11.49.00:202][600]LogSkinnedMeshComp: Warning: GetSocketByName(torso_JNT): No SkeletalMesh for Component(CharacterMesh0) Actor(FirstPersonCharacter_C_0)
[2026.04.26-11.49.00:202][600]LogSkinnedMeshComp: Warning: GetSocketByName(torso_JNT): No SkeletalMesh for Component(CharacterMesh0) Actor(FirstPersonCharacter_C_0)
[2026.04.26-11.49.00:204][600]LogSkinnedMeshComp: Warning: GetSocketByName(torso_JNT): No SkeletalMesh for Component(CharacterMesh0) Actor(FirstPersonCharacter_C_0)
[2026.04.26-11.49.00:204][600]LogSkinnedMeshComp: Warning: GetSocketByName(torso_JNT): No SkeletalMesh for Component(CharacterMesh0) Actor(FirstPersonCharacter_C_0)
[2026.04.26-11.49.00:248][601]LogSkinnedMeshComp: Warning: GetSocketByName(torso_JNT): No SkeletalMesh for Component(CharacterMesh0) Actor(FirstPersonCharacter_C_0)
[2026.04.26-11.49.00:250][601]LogSkinnedMeshComp: Warning: GetSocketByName(torso_JNT): No SkeletalMesh for Component(CharacterMesh0) Actor(FirstPersonCharacter_C_0)
[2026.04.26-11.49.00:250][601]LogSkinnedMeshComp: Warning: GetSocketByName(torso_JNT): No SkeletalMesh for Component(CharacterMesh0) Actor(FirstPersonCharacter_C_0)
[2026.04.26-11.49.00:250][601]LogSkinnedMeshComp: Warning: GetSocketByName(torso_JNT): No SkeletalMesh for Component(CharacterMesh0) Actor(FirstPersonCharacter_C_0)
[2026.04.26-11.49.00:297][602]LogSkinnedMeshComp: Warning: GetSocketByName(torso_JNT): No SkeletalMesh for Component(CharacterMesh0) Actor(FirstPersonCharacter_C_0)
[2026.04.26-11.49.00:297][602]LogSkinnedMeshComp: Warning: GetSocketByName(torso_JNT): No SkeletalMesh for Component(CharacterMesh0) Actor(FirstPersonCharacter_C_0)
[2026.04.26-11.49.00:299][602]LogSkinnedMeshComp: Warning: GetSocketByName(torso_JNT): No SkeletalMesh for Component(CharacterMesh0) Actor(FirstPersonCharacter_C_0)
[2026.04.26-11.49.00:300][602]LogSkinnedMeshComp: Warning: GetSocketByName(torso_JNT): No SkeletalMesh for Component(CharacterMesh0) Actor(FirstPersonCharacter_C_0)
[2026.04.26-11.49.00:345][603]LogSkinnedMeshComp: Warning: GetSocketByName(torso_JNT): No SkeletalMesh for Component(CharacterMesh0) Actor(FirstPersonCharacter_C_0)
[2026.04.26-11.49.00:345][603]LogSkinnedMeshComp: Warning: GetSocketByName(torso_JNT): No SkeletalMesh for Component(CharacterMesh0) Actor(FirstPersonCharacter_C_0)
[2026.04.26-11.49.00:347][603]LogSkinnedMeshComp: Warning: GetSocketByName(torso_JNT): No SkeletalMesh for Component(CharacterMesh0) Actor(FirstPersonCharacter_C_0)
[2026.04.26-11.49.00:347][603]LogSkinnedMeshComp: Warning: GetSocketByName(torso_JNT): No SkeletalMesh for Component(CharacterMesh0) Actor(FirstPersonCharacter_C_0)
[2026.04.26-11.49.00:394][604]LogSkinnedMeshComp: Warning: GetSocketByName(torso_JNT): No SkeletalMesh for Component(CharacterMesh0) Actor(FirstPersonCharacter_C_0)
[2026.04.26-11.49.00:395][604]LogSkinnedMeshComp: Warning: GetSocketByName(torso_JNT): No SkeletalMesh for Component(CharacterMesh0) Actor(FirstPersonCharacter_C_0)
[2026.04.26-11.49.00:396][604]LogSkinnedMeshComp: Warning: GetSocketByName(torso_JNT): No SkeletalMesh for Component(CharacterMesh0) Actor(FirstPersonCharacter_C_0)
[2026.04.26-11.49.00:396][604]LogSkinnedMeshComp: Warning: GetSocketByName(torso_JNT): No SkeletalMesh for Component(CharacterMesh0) Actor(FirstPersonCharacter_C_0)
[2026.04.26-11.49.00:441][605]LogSkinnedMeshComp: Warning: GetSocketByName(torso_JNT): No SkeletalMesh for Component(CharacterMesh0) Actor(FirstPersonCharacter_C_0)
[2026.04.26-11.49.00:441][605]LogSkinnedMeshComp: Warning: GetSocketByName(torso_JNT): No SkeletalMesh for Component(CharacterMesh0) Actor(FirstPersonCharacter_C_0)
[2026.04.26-11.49.00:442][605]LogSkinnedMeshComp: Warning: GetSocketByName(torso_JNT): No SkeletalMesh for Component(CharacterMesh0) Actor(FirstPersonCharacter_C_0)
[2026.04.26-11.49.00:442][605]LogSkinnedMeshComp: Warning: GetSocketByName(torso_JNT): No SkeletalMesh for Component(CharacterMesh0) Actor(FirstPersonCharacter_C_0)
[2026.04.26-11.49.01:696][631]LogEditorTransaction: Undo Modify Component(s)
[2026.04.26-11.49.01:851][631]LogSkinnedMeshComp: Warning: GetSocketByName(torso_JNT): No SkeletalMesh for Component(CharacterMesh0) Actor(FirstPersonCharacter_C_0)
[2026.04.26-11.49.01:851][631]LogSkinnedMeshComp: Warning: GetSocketByName(torso_JNT): No SkeletalMesh for Component(CharacterMesh0) Actor(FirstPersonCharacter_C_0)
[2026.04.26-11.49.01:851][631]LogSkinnedMeshComp: Warning: GetSocketByName(torso_JNT): No SkeletalMesh for Component(CharacterMesh0) Actor(FirstPersonCharacter_C_0)
[2026.04.26-11.49.01:851][631]LogSkinnedMeshComp: Warning: GetSocketByName(torso_JNT): No SkeletalMesh for Component(CharacterMesh0) Actor(FirstPersonCharacter_C_0)
[2026.04.26-11.49.01:852][631]LogSkinnedMeshComp: Warning: GetSocketByName(torso_JNT): No SkeletalMesh for Component(CharacterMesh0) Actor(FirstPersonCharacter_C_0)
[2026.04.26-11.49.01:852][631]LogSkinnedMeshComp: Warning: GetSocketByName(torso_JNT): No SkeletalMesh for Component(CharacterMesh0) Actor(FirstPersonCharacter_C_0)
[2026.04.26-11.49.26:485][432]LogSkinnedMeshComp: Warning: GetSocketByName(torso_JNT): No SkeletalMesh for Component(CharacterMesh0) Actor(FirstPersonCharacter_C_0)
[2026.04.26-11.49.26:489][432]LogSkinnedMeshComp: Warning: GetSocketByName(torso_JNT): No SkeletalMesh for Component(CharacterMesh0) Actor(FirstPersonCharacter_C_0)
[2026.04.26-11.49.26:490][432]LogSkinnedMeshComp: Warning: GetSocketByName(torso_JNT): No SkeletalMesh for Component(CharacterMesh0) Actor(FirstPersonCharacter_C_0)
[2026.04.26-11.49.26:490][432]LogAnimation: Warning: AnimBP Run1_C is incompatible with skeleton SK_PlayerMeshCosmetics_Skeleton, removing AnimBP from actor.
[2026.04.26-11.49.26:490][432]LogAnimation: Warning: AnimBP Run1_C is incompatible with skeleton SK_PlayerMeshCosmetics_Skeleton, removing AnimBP from actor.
[2026.04.26-11.49.26:491][432]LogSkinnedMeshComp: Warning: GetSocketByName(torso_JNT): No SkeletalMesh for Component(CharacterMesh0) Actor(FirstPersonCharacter_C_0)
[2026.04.26-11.49.26:494][432]LogSkinnedMeshComp: Warning: GetSocketByName(torso_JNT): No SkeletalMesh for Component(CharacterMesh0) Actor(FirstPersonCharacter_C_0)
[2026.04.26-11.49.26:494][432]LogSkinnedMeshComp: Warning: GetSocketByName(torso_JNT): No SkeletalMesh for Component(CharacterMesh0) Actor(FirstPersonCharacter_C_0)
[2026.04.26-11.49.26:496][432]LogSkinnedMeshComp: Warning: GetSocketByName(torso_JNT): No SkeletalMesh for Component(CharacterMesh0) Actor(FirstPersonCharacter_C_0)
[2026.04.26-11.49.26:496][432]LogSkinnedMeshComp: Warning: GetSocketByName(torso_JNT): No SkeletalMesh for Component(CharacterMesh0) Actor(FirstPersonCharacter_C_0)
[2026.04.26-11.49.26:498][432]LogSkinnedMeshComp: Warning: GetSocketByName(torso_JNT): No SkeletalMesh for Component(CharacterMesh0) Actor(FirstPersonCharacter_C_0)
[2026.04.26-11.49.26:517][432]LogSkinnedMeshComp: Warning: GetSocketByName(torso_JNT): No SkeletalMesh for Component(CharacterMesh0) Actor(FirstPersonCharacter_C_0)
[2026.04.26-11.49.26:517][432]LogSkinnedMeshComp: Warning: GetSocketByName(torso_JNT): No SkeletalMesh for Component(CharacterMesh0) Actor(FirstPersonCharacter_C_0)
[2026.04.26-11.49.26:517][432]LogSkinnedMeshComp: Warning: GetSocketByName(torso_JNT): No SkeletalMesh for Component(CharacterMesh0) Actor(FirstPersonCharacter_C_0)
[2026.04.26-11.49.26:537][432]LogSkinnedMeshComp: Warning: GetSocketByName(torso_JNT): No SkeletalMesh for Component(CharacterMesh0) Actor(FirstPersonCharacter_C_0)
[2026.04.26-11.49.26:537][432]LogSkinnedMeshComp: Warning: GetSocketByName(torso_JNT): No SkeletalMesh for Component(CharacterMesh0) Actor(FirstPersonCharacter_C_0)
[2026.04.26-11.49.26:539][432]LogSkinnedMeshComp: Warning: GetSocketByName(torso_JNT): No SkeletalMesh for Component(CharacterMesh0) Actor(FirstPersonCharacter_C_0)
[2026.04.26-11.49.26:539][432]LogSkinnedMeshComp: Warning: GetSocketByName(torso_JNT): No SkeletalMesh for Component(CharacterMesh0) Actor(FirstPersonCharacter_C_0)
[2026.04.26-11.49.26:542][432]LogSkinnedMeshComp: Warning: GetSocketByName(torso_JNT): No SkeletalMesh for Component(CharacterMesh0) Actor(FirstPersonCharacter_C_0)
[2026.04.26-11.49.26:542][432]LogSkinnedMeshComp: Warning: GetSocketByName(torso_JNT): No SkeletalMesh for Component(CharacterMesh0) Actor(FirstPersonCharacter_C_0)
[2026.04.26-11.49.39:736][704]LogSkinnedMeshComp: Warning: GetSocketByName(torso_JNT): No SkeletalMesh for Component(CharacterMesh0) Actor(FirstPersonCharacter_C_0)
[2026.04.26-11.49.39:738][704]LogSkinnedMeshComp: Warning: GetSocketByName(torso_JNT): No SkeletalMesh for Component(CharacterMesh0) Actor(FirstPersonCharacter_C_0)
[2026.04.26-11.49.39:738][704]LogSkinnedMeshComp: Warning: GetSocketByName(torso_JNT): No SkeletalMesh for Component(CharacterMesh0) Actor(FirstPersonCharacter_C_0)
[2026.04.26-11.49.39:804][705]LogSkinnedMeshComp: Warning: GetSocketByName(torso_JNT): No SkeletalMesh for Component(CharacterMesh0) Actor(FirstPersonCharacter_C_0)
[2026.04.26-11.49.39:806][705]LogSkinnedMeshComp: Warning: GetSocketByName(torso_JNT): No SkeletalMesh for Component(CharacterMesh0) Actor(FirstPersonCharacter_C_0)
[2026.04.26-11.49.39:806][705]LogSkinnedMeshComp: Warning: GetSocketByName(torso_JNT): No SkeletalMesh for Component(CharacterMesh0) Actor(FirstPersonCharacter_C_0)
[2026.04.26-11.49.39:855][706]LogSkinnedMeshComp: Warning: GetSocketByName(torso_JNT): No SkeletalMesh for Component(CharacterMesh0) Actor(FirstPersonCharacter_C_0)
[2026.04.26-11.49.39:857][706]LogSkinnedMeshComp: Warning: GetSocketByName(torso_JNT): No SkeletalMesh for Component(CharacterMesh0) Actor(FirstPersonCharacter_C_0)
[2026.04.26-11.49.39:857][706]LogSkinnedMeshComp: Warning: GetSocketByName(torso_JNT): No SkeletalMesh for Component(CharacterMesh0) Actor(FirstPersonCharacter_C_0)
[2026.04.26-11.49.39:903][707]LogSkinnedMeshComp: Warning: GetSocketByName(torso_JNT): No SkeletalMesh for Component(CharacterMesh0) Actor(FirstPersonCharacter_C_0)
[2026.04.26-11.49.39:905][707]LogSkinnedMeshComp: Warning: GetSocketByName(torso_JNT): No SkeletalMesh for Component(CharacterMesh0) Actor(FirstPersonCharacter_C_0)
[2026.04.26-11.49.39:905][707]LogSkinnedMeshComp: Warning: GetSocketByName(torso_JNT): No SkeletalMesh for Component(CharacterMesh0) Actor(FirstPersonCharacter_C_0)
[2026.04.26-11.49.39:976][708]LogSkinnedMeshComp: Warning: GetSocketByName(torso_JNT): No SkeletalMesh for Component(CharacterMesh0) Actor(FirstPersonCharacter_C_0)
[2026.04.26-11.49.39:978][708]LogSkinnedMeshComp: Warning: GetSocketByName(torso_JNT): No SkeletalMesh for Component(CharacterMesh0) Actor(FirstPersonCharacter_C_0)
[2026.04.26-11.49.39:978][708]LogSkinnedMeshComp: Warning: GetSocketByName(torso_JNT): No SkeletalMesh for Component(CharacterMesh0) Actor(FirstPersonCharacter_C_0)
[2026.04.26-11.49.40:025][709]LogSkinnedMeshComp: Warning: GetSocketByName(torso_JNT): No SkeletalMesh for Component(CharacterMesh0) Actor(FirstPersonCharacter_C_0)
[2026.04.26-11.49.40:027][709]LogSkinnedMeshComp: Warning: GetSocketByName(torso_JNT): No SkeletalMesh for Component(CharacterMesh0) Actor(FirstPersonCharacter_C_0)
[2026.04.26-11.49.40:027][709]LogSkinnedMeshComp: Warning: GetSocketByName(torso_JNT): No SkeletalMesh for Component(CharacterMesh0) Actor(FirstPersonCharacter_C_0)
[2026.04.26-11.49.40:075][710]LogSkinnedMeshComp: Warning: GetSocketByName(torso_JNT): No SkeletalMesh for Component(CharacterMesh0) Actor(FirstPersonCharacter_C_0)
[2026.04.26-11.49.40:077][710]LogSkinnedMeshComp: Warning: GetSocketByName(torso_JNT): No SkeletalMesh for Component(CharacterMesh0) Actor(FirstPersonCharacter_C_0)
[2026.04.26-11.49.40:077][710]LogSkinnedMeshComp: Warning: GetSocketByName(torso_JNT): No SkeletalMesh for Component(CharacterMesh0) Actor(FirstPersonCharacter_C_0)
[2026.04.26-11.49.40:124][711]LogSkinnedMeshComp: Warning: GetSocketByName(torso_JNT): No SkeletalMesh for Component(CharacterMesh0) Actor(FirstPersonCharacter_C_0)
[2026.04.26-11.49.40:127][711]LogSkinnedMeshComp: Warning: GetSocketByName(torso_JNT): No SkeletalMesh for Component(CharacterMesh0) Actor(FirstPersonCharacter_C_0)
[2026.04.26-11.49.40:127][711]LogSkinnedMeshComp: Warning: GetSocketByName(torso_JNT): No SkeletalMesh for Component(CharacterMesh0) Actor(FirstPersonCharacter_C_0)
[2026.04.26-11.49.40:174][712]LogSkinnedMeshComp: Warning: GetSocketByName(torso_JNT): No SkeletalMesh for Component(CharacterMesh0) Actor(FirstPersonCharacter_C_0)
[2026.04.26-11.49.40:176][712]LogSkinnedMeshComp: Warning: GetSocketByName(torso_JNT): No SkeletalMesh for Component(CharacterMesh0) Actor(FirstPersonCharacter_C_0)
[2026.04.26-11.49.40:176][712]LogSkinnedMeshComp: Warning: GetSocketByName(torso_JNT): No SkeletalMesh for Component(CharacterMesh0) Actor(FirstPersonCharacter_C_0)
[2026.04.26-11.49.40:225][713]LogSkinnedMeshComp: Warning: GetSocketByName(torso_JNT): No SkeletalMesh for Component(CharacterMesh0) Actor(FirstPersonCharacter_C_0)
[2026.04.26-11.49.40:227][713]LogSkinnedMeshComp: Warning: GetSocketByName(torso_JNT): No SkeletalMesh for Component(CharacterMesh0) Actor(FirstPersonCharacter_C_0)
[2026.04.26-11.49.40:227][713]LogSkinnedMeshComp: Warning: GetSocketByName(torso_JNT): No SkeletalMesh for Component(CharacterMesh0) Actor(FirstPersonCharacter_C_0)
[2026.04.26-11.49.40:276][714]LogSkinnedMeshComp: Warning: GetSocketByName(torso_JNT): No SkeletalMesh for Component(CharacterMesh0) Actor(FirstPersonCharacter_C_0)
[2026.04.26-11.49.40:277][714]LogSkinnedMeshComp: Warning: GetSocketByName(torso_JNT): No SkeletalMesh for Component(CharacterMesh0) Actor(FirstPersonCharacter_C_0)
[2026.04.26-11.49.40:277][714]LogSkinnedMeshComp: Warning: GetSocketByName(torso_JNT): No SkeletalMesh for Component(CharacterMesh0) Actor(FirstPersonCharacter_C_0)
[2026.04.26-11.49.40:325][715]LogSkinnedMeshComp: Warning: GetSocketByName(torso_JNT): No SkeletalMesh for Component(CharacterMesh0) Actor(FirstPersonCharacter_C_0)
[2026.04.26-11.49.40:328][715]LogSkinnedMeshComp: Warning: GetSocketByName(torso_JNT): No SkeletalMesh for Component(CharacterMesh0) Actor(FirstPersonCharacter_C_0)
[2026.04.26-11.49.40:328][715]LogSkinnedMeshComp: Warning: GetSocketByName(torso_JNT): No SkeletalMesh for Component(CharacterMesh0) Actor(FirstPersonCharacter_C_0)
[2026.04.26-11.49.40:377][716]LogSkinnedMeshComp: Warning: GetSocketByName(torso_JNT): No SkeletalMesh for Component(CharacterMesh0) Actor(FirstPersonCharacter_C_0)
[2026.04.26-11.49.40:380][716]LogSkinnedMeshComp: Warning: GetSocketByName(torso_JNT): No SkeletalMesh for Component(CharacterMesh0) Actor(FirstPersonCharacter_C_0)
[2026.04.26-11.49.40:380][716]LogSkinnedMeshComp: Warning: GetSocketByName(torso_JNT): No SkeletalMesh for Component(CharacterMesh0) Actor(FirstPersonCharacter_C_0)
[2026.04.26-11.49.40:431][717]LogSkinnedMeshComp: Warning: GetSocketByName(torso_JNT): No SkeletalMesh for Component(CharacterMesh0) Actor(FirstPersonCharacter_C_0)
[2026.04.26-11.49.40:435][717]LogSkinnedMeshComp: Warning: GetSocketByName(torso_JNT): No SkeletalMesh for Component(CharacterMesh0) Actor(FirstPersonCharacter_C_0)
[2026.04.26-11.49.40:435][717]LogSkinnedMeshComp: Warning: GetSocketByName(torso_JNT): No SkeletalMesh for Component(CharacterMesh0) Actor(FirstPersonCharacter_C_0)
[2026.04.26-11.49.40:482][718]LogSkinnedMeshComp: Warning: GetSocketByName(torso_JNT): No SkeletalMesh for Component(CharacterMesh0) Actor(FirstPersonCharacter_C_0)
[2026.04.26-11.49.40:485][718]LogSkinnedMeshComp: Warning: GetSocketByName(torso_JNT): No SkeletalMesh for Component(CharacterMesh0) Actor(FirstPersonCharacter_C_0)
[2026.04.26-11.49.40:485][718]LogSkinnedMeshComp: Warning: GetSocketByName(torso_JNT): No SkeletalMesh for Component(CharacterMesh0) Actor(FirstPersonCharacter_C_0)
[2026.04.26-11.49.40:537][719]LogSkinnedMeshComp: Warning: GetSocketByName(torso_JNT): No SkeletalMesh for Component(CharacterMesh0) Actor(FirstPersonCharacter_C_0)
[2026.04.26-11.49.40:540][719]LogSkinnedMeshComp: Warning: GetSocketByName(torso_JNT): No SkeletalMesh for Component(CharacterMesh0) Actor(FirstPersonCharacter_C_0)
[2026.04.26-11.49.40:540][719]LogSkinnedMeshComp: Warning: GetSocketByName(torso_JNT): No SkeletalMesh for Component(CharacterMesh0) Actor(FirstPersonCharacter_C_0)
[2026.04.26-11.49.40:592][720]LogSkinnedMeshComp: Warning: GetSocketByName(torso_JNT): No SkeletalMesh for Component(CharacterMesh0) Actor(FirstPersonCharacter_C_0)
[2026.04.26-11.49.40:594][720]LogSkinnedMeshComp: Warning: GetSocketByName(torso_JNT): No SkeletalMesh for Component(CharacterMesh0) Actor(FirstPersonCharacter_C_0)
[2026.04.26-11.49.40:594][720]LogSkinnedMeshComp: Warning: GetSocketByName(torso_JNT): No SkeletalMesh for Component(CharacterMesh0) Actor(FirstPersonCharacter_C_0)
[2026.04.26-11.49.40:644][721]LogSkinnedMeshComp: Warning: GetSocketByName(torso_JNT): No SkeletalMesh for Component(CharacterMesh0) Actor(FirstPersonCharacter_C_0)
[2026.04.26-11.49.40:646][721]LogSkinnedMeshComp: Warning: GetSocketByName(torso_JNT): No SkeletalMesh for Component(CharacterMesh0) Actor(FirstPersonCharacter_C_0)
[2026.04.26-11.49.40:647][721]LogSkinnedMeshComp: Warning: GetSocketByName(torso_JNT): No SkeletalMesh for Component(CharacterMesh0) Actor(FirstPersonCharacter_C_0)
[2026.04.26-11.49.40:697][722]LogSkinnedMeshComp: Warning: GetSocketByName(torso_JNT): No SkeletalMesh for Component(CharacterMesh0) Actor(FirstPersonCharacter_C_0)
[2026.04.26-11.49.40:699][722]LogSkinnedMeshComp: Warning: GetSocketByName(torso_JNT): No SkeletalMesh for Component(CharacterMesh0) Actor(FirstPersonCharacter_C_0)
[2026.04.26-11.49.40:699][722]LogSkinnedMeshComp: Warning: GetSocketByName(torso_JNT): No SkeletalMesh for Component(CharacterMesh0) Actor(FirstPersonCharacter_C_0)
[2026.04.26-11.49.40:749][723]LogSkinnedMeshComp: Warning: GetSocketByName(torso_JNT): No SkeletalMesh for Component(CharacterMesh0) Actor(FirstPersonCharacter_C_0)
[2026.04.26-11.49.40:751][723]LogSkinnedMeshComp: Warning: GetSocketByName(torso_JNT): No SkeletalMesh for Component(CharacterMesh0) Actor(FirstPersonCharacter_C_0)
[2026.04.26-11.49.40:751][723]LogSkinnedMeshComp: Warning: GetSocketByName(torso_JNT): No SkeletalMesh for Component(CharacterMesh0) Actor(FirstPersonCharacter_C_0)
[2026.04.26-11.49.40:800][724]LogSkinnedMeshComp: Warning: GetSocketByName(torso_JNT): No SkeletalMesh for Component(CharacterMesh0) Actor(FirstPersonCharacter_C_0)
[2026.04.26-11.49.40:802][724]LogSkinnedMeshComp: Warning: GetSocketByName(torso_JNT): No SkeletalMesh for Component(CharacterMesh0) Actor(FirstPersonCharacter_C_0)
[2026.04.26-11.49.40:802][724]LogSkinnedMeshComp: Warning: GetSocketByName(torso_JNT): No SkeletalMesh for Component(CharacterMesh0) Actor(FirstPersonCharacter_C_0)
[2026.04.26-11.49.40:851][725]LogSkinnedMeshComp: Warning: GetSocketByName(torso_JNT): No SkeletalMesh for Component(CharacterMesh0) Actor(FirstPersonCharacter_C_0)
[2026.04.26-11.49.40:853][725]LogSkinnedMeshComp: Warning: GetSocketByName(torso_JNT): No SkeletalMesh for Component(CharacterMesh0) Actor(FirstPersonCharacter_C_0)
[2026.04.26-11.49.40:853][725]LogSkinnedMeshComp: Warning: GetSocketByName(torso_JNT): No SkeletalMesh for Component(CharacterMesh0) Actor(FirstPersonCharacter_C_0)
[2026.04.26-11.49.40:899][726]LogSkinnedMeshComp: Warning: GetSocketByName(torso_JNT): No SkeletalMesh for Component(CharacterMesh0) Actor(FirstPersonCharacter_C_0)
[2026.04.26-11.49.40:902][726]LogSkinnedMeshComp: Warning: GetSocketByName(torso_JNT): No SkeletalMesh for Component(CharacterMesh0) Actor(FirstPersonCharacter_C_0)
[2026.04.26-11.49.40:902][726]LogSkinnedMeshComp: Warning: GetSocketByName(torso_JNT): No SkeletalMesh for Component(CharacterMesh0) Actor(FirstPersonCharacter_C_0)
[2026.04.26-11.49.40:948][727]LogSkinnedMeshComp: Warning: GetSocketByName(torso_JNT): No SkeletalMesh for Component(CharacterMesh0) Actor(FirstPersonCharacter_C_0)
[2026.04.26-11.49.40:950][727]LogSkinnedMeshComp: Warning: GetSocketByName(torso_JNT): No SkeletalMesh for Component(CharacterMesh0) Actor(FirstPersonCharacter_C_0)
[2026.04.26-11.49.40:950][727]LogSkinnedMeshComp: Warning: GetSocketByName(torso_JNT): No SkeletalMesh for Component(CharacterMesh0) Actor(FirstPersonCharacter_C_0)
[2026.04.26-11.49.40:996][728]LogSkinnedMeshComp: Warning: GetSocketByName(torso_JNT): No SkeletalMesh for Component(CharacterMesh0) Actor(FirstPersonCharacter_C_0)
[2026.04.26-11.49.40:998][728]LogSkinnedMeshComp: Warning: GetSocketByName(torso_JNT): No SkeletalMesh for Component(CharacterMesh0) Actor(FirstPersonCharacter_C_0)
[2026.04.26-11.49.40:998][728]LogSkinnedMeshComp: Warning: GetSocketByName(torso_JNT): No SkeletalMesh for Component(CharacterMesh0) Actor(FirstPersonCharacter_C_0)
[2026.04.26-11.49.41:045][729]LogSkinnedMeshComp: Warning: GetSocketByName(torso_JNT): No SkeletalMesh for Component(CharacterMesh0) Actor(FirstPersonCharacter_C_0)
[2026.04.26-11.49.41:046][729]LogSkinnedMeshComp: Warning: GetSocketByName(torso_JNT): No SkeletalMesh for Component(CharacterMesh0) Actor(FirstPersonCharacter_C_0)
[2026.04.26-11.49.41:046][729]LogSkinnedMeshComp: Warning: GetSocketByName(torso_JNT): No SkeletalMesh for Component(CharacterMesh0) Actor(FirstPersonCharacter_C_0)
[2026.04.26-11.49.41:093][730]LogSkinnedMeshComp: Warning: GetSocketByName(torso_JNT): No SkeletalMesh for Component(CharacterMesh0) Actor(FirstPersonCharacter_C_0)
[2026.04.26-11.49.41:095][730]LogSkinnedMeshComp: Warning: GetSocketByName(torso_JNT): No SkeletalMesh for Component(CharacterMesh0) Actor(FirstPersonCharacter_C_0)
[2026.04.26-11.49.41:095][730]LogSkinnedMeshComp: Warning: GetSocketByName(torso_JNT): No SkeletalMesh for Component(CharacterMesh0) Actor(FirstPersonCharacter_C_0)
[2026.04.26-11.49.41:141][731]LogSkinnedMeshComp: Warning: GetSocketByName(torso_JNT): No SkeletalMesh for Component(CharacterMesh0) Actor(FirstPersonCharacter_C_0)
[2026.04.26-11.49.41:144][731]LogSkinnedMeshComp: Warning: GetSocketByName(torso_JNT): No SkeletalMesh for Component(CharacterMesh0) Actor(FirstPersonCharacter_C_0)
[2026.04.26-11.49.41:144][731]LogSkinnedMeshComp: Warning: GetSocketByName(torso_JNT): No SkeletalMesh for Component(CharacterMesh0) Actor(FirstPersonCharacter_C_0)
[2026.04.26-11.49.41:192][732]LogSkinnedMeshComp: Warning: GetSocketByName(torso_JNT): No SkeletalMesh for Component(CharacterMesh0) Actor(FirstPersonCharacter_C_0)
[2026.04.26-11.49.41:194][732]LogSkinnedMeshComp: Warning: GetSocketByName(torso_JNT): No SkeletalMesh for Component(CharacterMesh0) Actor(FirstPersonCharacter_C_0)
[2026.04.26-11.49.41:194][732]LogSkinnedMeshComp: Warning: GetSocketByName(torso_JNT): No SkeletalMesh for Component(CharacterMesh0) Actor(FirstPersonCharacter_C_0)
[2026.04.26-11.49.41:241][733]LogSkinnedMeshComp: Warning: GetSocketByName(torso_JNT): No SkeletalMesh for Component(CharacterMesh0) Actor(FirstPersonCharacter_C_0)
[2026.04.26-11.49.41:242][733]LogSkinnedMeshComp: Warning: GetSocketByName(torso_JNT): No SkeletalMesh for Component(CharacterMesh0) Actor(FirstPersonCharacter_C_0)
[2026.04.26-11.49.41:242][733]LogSkinnedMeshComp: Warning: GetSocketByName(torso_JNT): No SkeletalMesh for Component(CharacterMesh0) Actor(FirstPersonCharacter_C_0)
[2026.04.26-11.49.41:291][734]LogSkinnedMeshComp: Warning: GetSocketByName(torso_JNT): No SkeletalMesh for Component(CharacterMesh0) Actor(FirstPersonCharacter_C_0)
[2026.04.26-11.49.41:293][734]LogSkinnedMeshComp: Warning: GetSocketByName(torso_JNT): No SkeletalMesh for Component(CharacterMesh0) Actor(FirstPersonCharacter_C_0)
[2026.04.26-11.49.41:293][734]LogSkinnedMeshComp: Warning: GetSocketByName(torso_JNT): No SkeletalMesh for Component(CharacterMesh0) Actor(FirstPersonCharacter_C_0)
[2026.04.26-11.49.41:345][735]LogSkinnedMeshComp: Warning: GetSocketByName(torso_JNT): No SkeletalMesh for Component(CharacterMesh0) Actor(FirstPersonCharacter_C_0)
[2026.04.26-11.49.41:348][735]LogSkinnedMeshComp: Warning: GetSocketByName(torso_JNT): No SkeletalMesh for Component(CharacterMesh0) Actor(FirstPersonCharacter_C_0)
[2026.04.26-11.49.41:348][735]LogSkinnedMeshComp: Warning: GetSocketByName(torso_JNT): No SkeletalMesh for Component(CharacterMesh0) Actor(FirstPersonCharacter_C_0)
[2026.04.26-11.49.41:399][736]LogSkinnedMeshComp: Warning: GetSocketByName(torso_JNT): No SkeletalMesh for Component(CharacterMesh0) Actor(FirstPersonCharacter_C_0)
[2026.04.26-11.49.41:400][736]LogSkinnedMeshComp: Warning: GetSocketByName(torso_JNT): No SkeletalMesh for Component(CharacterMesh0) Actor(FirstPersonCharacter_C_0)
[2026.04.26-11.49.41:400][736]LogSkinnedMeshComp: Warning: GetSocketByName(torso_JNT): No SkeletalMesh for Component(CharacterMesh0) Actor(FirstPersonCharacter_C_0)
[2026.04.26-11.49.41:452][737]LogSkinnedMeshComp: Warning: GetSocketByName(torso_JNT): No SkeletalMesh for Component(CharacterMesh0) Actor(FirstPersonCharacter_C_0)
[2026.04.26-11.49.41:454][737]LogSkinnedMeshComp: Warning: GetSocketByName(torso_JNT): No SkeletalMesh for Component(CharacterMesh0) Actor(FirstPersonCharacter_C_0)
[2026.04.26-11.49.41:454][737]LogSkinnedMeshComp: Warning: GetSocketByName(torso_JNT): No SkeletalMesh for Component(CharacterMesh0) Actor(FirstPersonCharacter_C_0)
[2026.04.26-11.49.41:508][738]LogSkinnedMeshComp: Warning: GetSocketByName(torso_JNT): No SkeletalMesh for Component(CharacterMesh0) Actor(FirstPersonCharacter_C_0)
[2026.04.26-11.49.41:509][738]LogSkinnedMeshComp: Warning: GetSocketByName(torso_JNT): No SkeletalMesh for Component(CharacterMesh0) Actor(FirstPersonCharacter_C_0)
[2026.04.26-11.49.41:509][738]LogSkinnedMeshComp: Warning: GetSocketByName(torso_JNT): No SkeletalMesh for Component(CharacterMesh0) Actor(FirstPersonCharacter_C_0)
[2026.04.26-11.49.41:563][739]LogSkinnedMeshComp: Warning: GetSocketByName(torso_JNT): No SkeletalMesh for Component(CharacterMesh0) Actor(FirstPersonCharacter_C_0)
[2026.04.26-11.49.41:565][739]LogSkinnedMeshComp: Warning: GetSocketByName(torso_JNT): No SkeletalMesh for Component(CharacterMesh0) Actor(FirstPersonCharacter_C_0)
[2026.04.26-11.49.41:565][739]LogSkinnedMeshComp: Warning: GetSocketByName(torso_JNT): No SkeletalMesh for Component(CharacterMesh0) Actor(FirstPersonCharacter_C_0)
[2026.04.26-11.49.41:621][740]LogSkinnedMeshComp: Warning: GetSocketByName(torso_JNT): No SkeletalMesh for Component(CharacterMesh0) Actor(FirstPersonCharacter_C_0)
[2026.04.26-11.49.41:623][740]LogSkinnedMeshComp: Warning: GetSocketByName(torso_JNT): No SkeletalMesh for Component(CharacterMesh0) Actor(FirstPersonCharacter_C_0)
[2026.04.26-11.49.41:624][740]LogSkinnedMeshComp: Warning: GetSocketByName(torso_JNT): No SkeletalMesh for Component(CharacterMesh0) Actor(FirstPersonCharacter_C_0)
[2026.04.26-11.49.41:678][741]LogSkinnedMeshComp: Warning: GetSocketByName(torso_JNT): No SkeletalMesh for Component(CharacterMesh0) Actor(FirstPersonCharacter_C_0)
[2026.04.26-11.49.41:680][741]LogSkinnedMeshComp: Warning: GetSocketByName(torso_JNT): No SkeletalMesh for Component(CharacterMesh0) Actor(FirstPersonCharacter_C_0)
[2026.04.26-11.49.41:680][741]LogSkinnedMeshComp: Warning: GetSocketByName(torso_JNT): No SkeletalMesh for Component(CharacterMesh0) Actor(FirstPersonCharacter_C_0)
[2026.04.26-11.49.41:731][742]LogSkinnedMeshComp: Warning: GetSocketByName(torso_JNT): No SkeletalMesh for Component(CharacterMesh0) Actor(FirstPersonCharacter_C_0)
[2026.04.26-11.49.41:733][742]LogSkinnedMeshComp: Warning: GetSocketByName(torso_JNT): No SkeletalMesh for Component(CharacterMesh0) Actor(FirstPersonCharacter_C_0)
[2026.04.26-11.49.41:733][742]LogSkinnedMeshComp: Warning: GetSocketByName(torso_JNT): No SkeletalMesh for Component(CharacterMesh0) Actor(FirstPersonCharacter_C_0)
[2026.04.26-11.49.41:783][743]LogSkinnedMeshComp: Warning: GetSocketByName(torso_JNT): No SkeletalMesh for Component(CharacterMesh0) Actor(FirstPersonCharacter_C_0)
[2026.04.26-11.49.41:784][743]LogSkinnedMeshComp: Warning: GetSocketByName(torso_JNT): No SkeletalMesh for Component(CharacterMesh0) Actor(FirstPersonCharacter_C_0)
[2026.04.26-11.49.41:786][743]LogSkinnedMeshComp: Warning: GetSocketByName(torso_JNT): No SkeletalMesh for Component(CharacterMesh0) Actor(FirstPersonCharacter_C_0)
[2026.04.26-11.49.41:834][744]LogSkinnedMeshComp: Warning: GetSocketByName(torso_JNT): No SkeletalMesh for Component(CharacterMesh0) Actor(FirstPersonCharacter_C_0)
[2026.04.26-11.49.41:836][744]LogSkinnedMeshComp: Warning: GetSocketByName(torso_JNT): No SkeletalMesh for Component(CharacterMesh0) Actor(FirstPersonCharacter_C_0)
[2026.04.26-11.49.41:837][744]LogSkinnedMeshComp: Warning: GetSocketByName(torso_JNT): No SkeletalMesh for Component(CharacterMesh0) Actor(FirstPersonCharacter_C_0)
[2026.04.26-11.49.41:886][745]LogSkinnedMeshComp: Warning: GetSocketByName(torso_JNT): No SkeletalMesh for Component(CharacterMesh0) Actor(FirstPersonCharacter_C_0)
[2026.04.26-11.49.41:887][745]LogSkinnedMeshComp: Warning: GetSocketByName(torso_JNT): No SkeletalMesh for Component(CharacterMesh0) Actor(FirstPersonCharacter_C_0)
[2026.04.26-11.49.41:887][745]LogSkinnedMeshComp: Warning: GetSocketByName(torso_JNT): No SkeletalMesh for Component(CharacterMesh0) Actor(FirstPersonCharacter_C_0)
[2026.04.26-11.49.41:937][746]LogSkinnedMeshComp: Warning: GetSocketByName(torso_JNT): No SkeletalMesh for Component(CharacterMesh0) Actor(FirstPersonCharacter_C_0)
[2026.04.26-11.49.41:940][746]LogSkinnedMeshComp: Warning: GetSocketByName(torso_JNT): No SkeletalMesh for Component(CharacterMesh0) Actor(FirstPersonCharacter_C_0)
[2026.04.26-11.49.41:940][746]LogSkinnedMeshComp: Warning: GetSocketByName(torso_JNT): No SkeletalMesh for Component(CharacterMesh0) Actor(FirstPersonCharacter_C_0)
[2026.04.26-11.49.41:987][747]LogSkinnedMeshComp: Warning: GetSocketByName(torso_JNT): No SkeletalMesh for Component(CharacterMesh0) Actor(FirstPersonCharacter_C_0)
[2026.04.26-11.49.41:990][747]LogSkinnedMeshComp: Warning: GetSocketByName(torso_JNT): No SkeletalMesh for Component(CharacterMesh0) Actor(FirstPersonCharacter_C_0)
[2026.04.26-11.49.41:990][747]LogSkinnedMeshComp: Warning: GetSocketByName(torso_JNT): No SkeletalMesh for Component(CharacterMesh0) Actor(FirstPersonCharacter_C_0)
[2026.04.26-11.49.42:039][748]LogSkinnedMeshComp: Warning: GetSocketByName(torso_JNT): No SkeletalMesh for Component(CharacterMesh0) Actor(FirstPersonCharacter_C_0)
[2026.04.26-11.49.42:041][748]LogSkinnedMeshComp: Warning: GetSocketByName(torso_JNT): No SkeletalMesh for Component(CharacterMesh0) Actor(FirstPersonCharacter_C_0)
[2026.04.26-11.49.42:041][748]LogSkinnedMeshComp: Warning: GetSocketByName(torso_JNT): No SkeletalMesh for Component(CharacterMesh0) Actor(FirstPersonCharacter_C_0)
[2026.04.26-11.49.42:090][749]LogSkinnedMeshComp: Warning: GetSocketByName(torso_JNT): No SkeletalMesh for Component(CharacterMesh0) Actor(FirstPersonCharacter_C_0)
[2026.04.26-11.49.42:091][749]LogSkinnedMeshComp: Warning: GetSocketByName(torso_JNT): No SkeletalMesh for Component(CharacterMesh0) Actor(FirstPersonCharacter_C_0)
[2026.04.26-11.49.42:091][749]LogSkinnedMeshComp: Warning: GetSocketByName(torso_JNT): No SkeletalMesh for Component(CharacterMesh0) Actor(FirstPersonCharacter_C_0)
[2026.04.26-11.49.42:140][750]LogSkinnedMeshComp: Warning: GetSocketByName(torso_JNT): No SkeletalMesh for Component(CharacterMesh0) Actor(FirstPersonCharacter_C_0)
[2026.04.26-11.49.42:143][750]LogSkinnedMeshComp: Warning: GetSocketByName(torso_JNT): No SkeletalMesh for Component(CharacterMesh0) Actor(FirstPersonCharacter_C_0)
[2026.04.26-11.49.42:143][750]LogSkinnedMeshComp: Warning: GetSocketByName(torso_JNT): No SkeletalMesh for Component(CharacterMesh0) Actor(FirstPersonCharacter_C_0)
[2026.04.26-11.49.42:188][751]LogSkinnedMeshComp: Warning: GetSocketByName(torso_JNT): No SkeletalMesh for Component(CharacterMesh0) Actor(FirstPersonCharacter_C_0)
[2026.04.26-11.49.42:191][751]LogSkinnedMeshComp: Warning: GetSocketByName(torso_JNT): No SkeletalMesh for Component(CharacterMesh0) Actor(FirstPersonCharacter_C_0)
[2026.04.26-11.49.42:191][751]LogSkinnedMeshComp: Warning: GetSocketByName(torso_JNT): No SkeletalMesh for Component(CharacterMesh0) Actor(FirstPersonCharacter_C_0)
[2026.04.26-11.49.42:236][752]LogSkinnedMeshComp: Warning: GetSocketByName(torso_JNT): No SkeletalMesh for Component(CharacterMesh0) Actor(FirstPersonCharacter_C_0)
[2026.04.26-11.49.42:239][752]LogSkinnedMeshComp: Warning: GetSocketByName(torso_JNT): No SkeletalMesh for Component(CharacterMesh0) Actor(FirstPersonCharacter_C_0)
[2026.04.26-11.49.42:239][752]LogSkinnedMeshComp: Warning: GetSocketByName(torso_JNT): No SkeletalMesh for Component(CharacterMesh0) Actor(FirstPersonCharacter_C_0)
[2026.04.26-11.49.42:286][753]LogSkinnedMeshComp: Warning: GetSocketByName(torso_JNT): No SkeletalMesh for Component(CharacterMesh0) Actor(FirstPersonCharacter_C_0)
[2026.04.26-11.49.42:287][753]LogSkinnedMeshComp: Warning: GetSocketByName(torso_JNT): No SkeletalMesh for Component(CharacterMesh0) Actor(FirstPersonCharacter_C_0)
[2026.04.26-11.49.42:287][753]LogSkinnedMeshComp: Warning: GetSocketByName(torso_JNT): No SkeletalMesh for Component(CharacterMesh0) Actor(FirstPersonCharacter_C_0)
[2026.04.26-11.49.42:333][754]LogSkinnedMeshComp: Warning: GetSocketByName(torso_JNT): No SkeletalMesh for Component(CharacterMesh0) Actor(FirstPersonCharacter_C_0)
[2026.04.26-11.49.42:334][754]LogSkinnedMeshComp: Warning: GetSocketByName(torso_JNT): No SkeletalMesh for Component(CharacterMesh0) Actor(FirstPersonCharacter_C_0)
[2026.04.26-11.49.42:334][754]LogSkinnedMeshComp: Warning: GetSocketByName(torso_JNT): No SkeletalMesh for Component(CharacterMesh0) Actor(FirstPersonCharacter_C_0)
[2026.04.26-11.49.42:382][755]LogSkinnedMeshComp: Warning: GetSocketByName(torso_JNT): No SkeletalMesh for Component(CharacterMesh0) Actor(FirstPersonCharacter_C_0)
[2026.04.26-11.49.42:384][755]LogSkinnedMeshComp: Warning: GetSocketByName(torso_JNT): No SkeletalMesh for Component(CharacterMesh0) Actor(FirstPersonCharacter_C_0)
[2026.04.26-11.49.42:384][755]LogSkinnedMeshComp: Warning: GetSocketByName(torso_JNT): No SkeletalMesh for Component(CharacterMesh0) Actor(FirstPersonCharacter_C_0)
[2026.04.26-11.49.42:432][756]LogSkinnedMeshComp: Warning: GetSocketByName(torso_JNT): No SkeletalMesh for Component(CharacterMesh0) Actor(FirstPersonCharacter_C_0)
[2026.04.26-11.49.42:433][756]LogSkinnedMeshComp: Warning: GetSocketByName(torso_JNT): No SkeletalMesh for Component(CharacterMesh0) Actor(FirstPersonCharacter_C_0)
[2026.04.26-11.49.42:433][756]LogSkinnedMeshComp: Warning: GetSocketByName(torso_JNT): No SkeletalMesh for Component(CharacterMesh0) Actor(FirstPersonCharacter_C_0)
[2026.04.26-11.49.42:481][757]LogSkinnedMeshComp: Warning: GetSocketByName(torso_JNT): No SkeletalMesh for Component(CharacterMesh0) Actor(FirstPersonCharacter_C_0)
[2026.04.26-11.49.42:483][757]LogSkinnedMeshComp: Warning: GetSocketByName(torso_JNT): No SkeletalMesh for Component(CharacterMesh0) Actor(FirstPersonCharacter_C_0)
[2026.04.26-11.49.42:483][757]LogSkinnedMeshComp: Warning: GetSocketByName(torso_JNT): No SkeletalMesh for Component(CharacterMesh0) Actor(FirstPersonCharacter_C_0)
[2026.04.26-11.49.42:534][758]LogSkinnedMeshComp: Warning: GetSocketByName(torso_JNT): No SkeletalMesh for Component(CharacterMesh0) Actor(FirstPersonCharacter_C_0)
[2026.04.26-11.49.42:537][758]LogSkinnedMeshComp: Warning: GetSocketByName(torso_JNT): No SkeletalMesh for Component(CharacterMesh0) Actor(FirstPersonCharacter_C_0)
[2026.04.26-11.49.42:537][758]LogSkinnedMeshComp: Warning: GetSocketByName(torso_JNT): No SkeletalMesh for Component(CharacterMesh0) Actor(FirstPersonCharacter_C_0)
[2026.04.26-11.49.42:591][759]LogSkinnedMeshComp: Warning: GetSocketByName(torso_JNT): No SkeletalMesh for Component(CharacterMesh0) Actor(FirstPersonCharacter_C_0)
[2026.04.26-11.49.42:594][759]LogSkinnedMeshComp: Warning: GetSocketByName(torso_JNT): No SkeletalMesh for Component(CharacterMesh0) Actor(FirstPersonCharacter_C_0)
[2026.04.26-11.49.42:594][759]LogSkinnedMeshComp: Warning: GetSocketByName(torso_JNT): No SkeletalMesh for Component(CharacterMesh0) Actor(FirstPersonCharacter_C_0)
[2026.04.26-11.49.42:645][760]LogSkinnedMeshComp: Warning: GetSocketByName(torso_JNT): No SkeletalMesh for Component(CharacterMesh0) Actor(FirstPersonCharacter_C_0)
[2026.04.26-11.49.42:647][760]LogSkinnedMeshComp: Warning: GetSocketByName(torso_JNT): No SkeletalMesh for Component(CharacterMesh0) Actor(FirstPersonCharacter_C_0)
[2026.04.26-11.49.42:647][760]LogSkinnedMeshComp: Warning: GetSocketByName(torso_JNT): No SkeletalMesh for Component(CharacterMesh0) Actor(FirstPersonCharacter_C_0)
[2026.04.26-11.49.42:698][761]LogSkinnedMeshComp: Warning: GetSocketByName(torso_JNT): No SkeletalMesh for Component(CharacterMesh0) Actor(FirstPersonCharacter_C_0)
[2026.04.26-11.49.42:700][761]LogSkinnedMeshComp: Warning: GetSocketByName(torso_JNT): No SkeletalMesh for Component(CharacterMesh0) Actor(FirstPersonCharacter_C_0)
[2026.04.26-11.49.42:700][761]LogSkinnedMeshComp: Warning: GetSocketByName(torso_JNT): No SkeletalMesh for Component(CharacterMesh0) Actor(FirstPersonCharacter_C_0)
[2026.04.26-11.49.42:751][762]LogSkinnedMeshComp: Warning: GetSocketByName(torso_JNT): No SkeletalMesh for Component(CharacterMesh0) Actor(FirstPersonCharacter_C_0)
[2026.04.26-11.49.42:754][762]LogSkinnedMeshComp: Warning: GetSocketByName(torso_JNT): No SkeletalMesh for Component(CharacterMesh0) Actor(FirstPersonCharacter_C_0)
[2026.04.26-11.49.42:754][762]LogSkinnedMeshComp: Warning: GetSocketByName(torso_JNT): No SkeletalMesh for Component(CharacterMesh0) Actor(FirstPersonCharacter_C_0)
[2026.04.26-11.49.42:804][763]LogSkinnedMeshComp: Warning: GetSocketByName(torso_JNT): No SkeletalMesh for Component(CharacterMesh0) Actor(FirstPersonCharacter_C_0)
[2026.04.26-11.49.42:806][763]LogSkinnedMeshComp: Warning: GetSocketByName(torso_JNT): No SkeletalMesh for Component(CharacterMesh0) Actor(FirstPersonCharacter_C_0)
[2026.04.26-11.49.42:806][763]LogSkinnedMeshComp: Warning: GetSocketByName(torso_JNT): No SkeletalMesh for Component(CharacterMesh0) Actor(FirstPersonCharacter_C_0)
[2026.04.26-11.49.45:181][808]LogSkinnedMeshComp: Warning: GetSocketByName(torso_JNT): No SkeletalMesh for Component(CharacterMesh0) Actor(FirstPersonCharacter_C_0)
[2026.04.26-11.49.45:184][808]LogSkinnedMeshComp: Warning: GetSocketByName(torso_JNT): No SkeletalMesh for Component(CharacterMesh0) Actor(FirstPersonCharacter_C_0)
[2026.04.26-11.49.45:184][808]LogSkinnedMeshComp: Warning: GetSocketByName(torso_JNT): No SkeletalMesh for Component(CharacterMesh0) Actor(FirstPersonCharacter_C_0)
[2026.04.26-11.49.45:243][809]LogSkinnedMeshComp: Warning: GetSocketByName(torso_JNT): No SkeletalMesh for Component(CharacterMesh0) Actor(FirstPersonCharacter_C_0)
[2026.04.26-11.49.45:246][809]LogSkinnedMeshComp: Warning: GetSocketByName(torso_JNT): No SkeletalMesh for Component(CharacterMesh0) Actor(FirstPersonCharacter_C_0)
[2026.04.26-11.49.45:246][809]LogSkinnedMeshComp: Warning: GetSocketByName(torso_JNT): No SkeletalMesh for Component(CharacterMesh0) Actor(FirstPersonCharacter_C_0)
[2026.04.26-11.49.45:290][810]LogSkinnedMeshComp: Warning: GetSocketByName(torso_JNT): No SkeletalMesh for Component(CharacterMesh0) Actor(FirstPersonCharacter_C_0)
[2026.04.26-11.49.45:291][810]LogSkinnedMeshComp: Warning: GetSocketByName(torso_JNT): No SkeletalMesh for Component(CharacterMesh0) Actor(FirstPersonCharacter_C_0)
[2026.04.26-11.49.45:291][810]LogSkinnedMeshComp: Warning: GetSocketByName(torso_JNT): No SkeletalMesh for Component(CharacterMesh0) Actor(FirstPersonCharacter_C_0)
[2026.04.26-11.49.45:365][811]LogSkinnedMeshComp: Warning: GetSocketByName(torso_JNT): No SkeletalMesh for Component(CharacterMesh0) Actor(FirstPersonCharacter_C_0)
[2026.04.26-11.49.45:367][811]LogSkinnedMeshComp: Warning: GetSocketByName(torso_JNT): No SkeletalMesh for Component(CharacterMesh0) Actor(FirstPersonCharacter_C_0)
[2026.04.26-11.49.45:368][811]LogSkinnedMeshComp: Warning: GetSocketByName(torso_JNT): No SkeletalMesh for Component(CharacterMesh0) Actor(FirstPersonCharacter_C_0)
[2026.04.26-11.49.45:412][812]LogSkinnedMeshComp: Warning: GetSocketByName(torso_JNT): No SkeletalMesh for Component(CharacterMesh0) Actor(FirstPersonCharacter_C_0)
[2026.04.26-11.49.45:415][812]LogSkinnedMeshComp: Warning: GetSocketByName(torso_JNT): No SkeletalMesh for Component(CharacterMesh0) Actor(FirstPersonCharacter_C_0)
[2026.04.26-11.49.45:415][812]LogSkinnedMeshComp: Warning: GetSocketByName(torso_JNT): No SkeletalMesh for Component(CharacterMesh0) Actor(FirstPersonCharacter_C_0)
[2026.04.26-11.49.45:459][813]LogSkinnedMeshComp: Warning: GetSocketByName(torso_JNT): No SkeletalMesh for Component(CharacterMesh0) Actor(FirstPersonCharacter_C_0)
[2026.04.26-11.49.45:461][813]LogSkinnedMeshComp: Warning: GetSocketByName(torso_JNT): No SkeletalMesh for Component(CharacterMesh0) Actor(FirstPersonCharacter_C_0)
[2026.04.26-11.49.45:462][813]LogSkinnedMeshComp: Warning: GetSocketByName(torso_JNT): No SkeletalMesh for Component(CharacterMesh0) Actor(FirstPersonCharacter_C_0)
[2026.04.26-11.49.45:506][814]LogSkinnedMeshComp: Warning: GetSocketByName(torso_JNT): No SkeletalMesh for Component(CharacterMesh0) Actor(FirstPersonCharacter_C_0)
[2026.04.26-11.49.45:509][814]LogSkinnedMeshComp: Warning: GetSocketByName(torso_JNT): No SkeletalMesh for Component(CharacterMesh0) Actor(FirstPersonCharacter_C_0)
[2026.04.26-11.49.45:509][814]LogSkinnedMeshComp: Warning: GetSocketByName(torso_JNT): No SkeletalMesh for Component(CharacterMesh0) Actor(FirstPersonCharacter_C_0)
[2026.04.26-11.49.45:561][815]LogSkinnedMeshComp: Warning: GetSocketByName(torso_JNT): No SkeletalMesh for Component(CharacterMesh0) Actor(FirstPersonCharacter_C_0)
[2026.04.26-11.49.45:563][815]LogSkinnedMeshComp: Warning: GetSocketByName(torso_JNT): No SkeletalMesh for Component(CharacterMesh0) Actor(FirstPersonCharacter_C_0)
[2026.04.26-11.49.45:563][815]LogSkinnedMeshComp: Warning: GetSocketByName(torso_JNT): No SkeletalMesh for Component(CharacterMesh0) Actor(FirstPersonCharacter_C_0)
[2026.04.26-11.49.45:608][816]LogSkinnedMeshComp: Warning: GetSocketByName(torso_JNT): No SkeletalMesh for Component(CharacterMesh0) Actor(FirstPersonCharacter_C_0)
[2026.04.26-11.49.45:610][816]LogSkinnedMeshComp: Warning: GetSocketByName(torso_JNT): No SkeletalMesh for Component(CharacterMesh0) Actor(FirstPersonCharacter_C_0)
[2026.04.26-11.49.45:610][816]LogSkinnedMeshComp: Warning: GetSocketByName(torso_JNT): No SkeletalMesh for Component(CharacterMesh0) Actor(FirstPersonCharacter_C_0)
[2026.04.26-11.49.45:656][817]LogSkinnedMeshComp: Warning: GetSocketByName(torso_JNT): No SkeletalMesh for Component(CharacterMesh0) Actor(FirstPersonCharacter_C_0)
[2026.04.26-11.49.45:658][817]LogSkinnedMeshComp: Warning: GetSocketByName(torso_JNT): No SkeletalMesh for Component(CharacterMesh0) Actor(FirstPersonCharacter_C_0)
[2026.04.26-11.49.45:658][817]LogSkinnedMeshComp: Warning: GetSocketByName(torso_JNT): No SkeletalMesh for Component(CharacterMesh0) Actor(FirstPersonCharacter_C_0)
[2026.04.26-11.49.45:704][818]LogSkinnedMeshComp: Warning: GetSocketByName(torso_JNT): No SkeletalMesh for Component(CharacterMesh0) Actor(FirstPersonCharacter_C_0)
[2026.04.26-11.49.45:706][818]LogSkinnedMeshComp: Warning: GetSocketByName(torso_JNT): No SkeletalMesh for Component(CharacterMesh0) Actor(FirstPersonCharacter_C_0)
[2026.04.26-11.49.45:706][818]LogSkinnedMeshComp: Warning: GetSocketByName(torso_JNT): No SkeletalMesh for Component(CharacterMesh0) Actor(FirstPersonCharacter_C_0)
[2026.04.26-11.49.45:753][819]LogSkinnedMeshComp: Warning: GetSocketByName(torso_JNT): No SkeletalMesh for Component(CharacterMesh0) Actor(FirstPersonCharacter_C_0)
[2026.04.26-11.49.45:755][819]LogSkinnedMeshComp: Warning: GetSocketByName(torso_JNT): No SkeletalMesh for Component(CharacterMesh0) Actor(FirstPersonCharacter_C_0)
[2026.04.26-11.49.45:755][819]LogSkinnedMeshComp: Warning: GetSocketByName(torso_JNT): No SkeletalMesh for Component(CharacterMesh0) Actor(FirstPersonCharacter_C_0)
[2026.04.26-11.49.45:800][820]LogSkinnedMeshComp: Warning: GetSocketByName(torso_JNT): No SkeletalMesh for Component(CharacterMesh0) Actor(FirstPersonCharacter_C_0)
[2026.04.26-11.49.45:802][820]LogSkinnedMeshComp: Warning: GetSocketByName(torso_JNT): No SkeletalMesh for Component(CharacterMesh0) Actor(FirstPersonCharacter_C_0)
[2026.04.26-11.49.45:802][820]LogSkinnedMeshComp: Warning: GetSocketByName(torso_JNT): No SkeletalMesh for Component(CharacterMesh0) Actor(FirstPersonCharacter_C_0)
[2026.04.26-11.49.45:848][821]LogSkinnedMeshComp: Warning: GetSocketByName(torso_JNT): No SkeletalMesh for Component(CharacterMesh0) Actor(FirstPersonCharacter_C_0)
[2026.04.26-11.49.45:850][821]LogSkinnedMeshComp: Warning: GetSocketByName(torso_JNT): No SkeletalMesh for Component(CharacterMesh0) Actor(FirstPersonCharacter_C_0)
[2026.04.26-11.49.45:850][821]LogSkinnedMeshComp: Warning: GetSocketByName(torso_JNT): No SkeletalMesh for Component(CharacterMesh0) Actor(FirstPersonCharacter_C_0)
[2026.04.26-11.49.45:895][822]LogSkinnedMeshComp: Warning: GetSocketByName(torso_JNT): No SkeletalMesh for Component(CharacterMesh0) Actor(FirstPersonCharacter_C_0)
[2026.04.26-11.49.45:896][822]LogSkinnedMeshComp: Warning: GetSocketByName(torso_JNT): No SkeletalMesh for Component(CharacterMesh0) Actor(FirstPersonCharacter_C_0)
[2026.04.26-11.49.45:896][822]LogSkinnedMeshComp: Warning: GetSocketByName(torso_JNT): No SkeletalMesh for Component(CharacterMesh0) Actor(FirstPersonCharacter_C_0)
[2026.04.26-11.49.45:943][823]LogSkinnedMeshComp: Warning: GetSocketByName(torso_JNT): No SkeletalMesh for Component(CharacterMesh0) Actor(FirstPersonCharacter_C_0)
[2026.04.26-11.49.45:946][823]LogSkinnedMeshComp: Warning: GetSocketByName(torso_JNT): No SkeletalMesh for Component(CharacterMesh0) Actor(FirstPersonCharacter_C_0)
[2026.04.26-11.49.45:946][823]LogSkinnedMeshComp: Warning: GetSocketByName(torso_JNT): No SkeletalMesh for Component(CharacterMesh0) Actor(FirstPersonCharacter_C_0)
[2026.04.26-11.49.45:991][824]LogSkinnedMeshComp: Warning: GetSocketByName(torso_JNT): No SkeletalMesh for Component(CharacterMesh0) Actor(FirstPersonCharacter_C_0)
[2026.04.26-11.49.45:994][824]LogSkinnedMeshComp: Warning: GetSocketByName(torso_JNT): No SkeletalMesh for Component(CharacterMesh0) Actor(FirstPersonCharacter_C_0)
[2026.04.26-11.49.45:994][824]LogSkinnedMeshComp: Warning: GetSocketByName(torso_JNT): No SkeletalMesh for Component(CharacterMesh0) Actor(FirstPersonCharacter_C_0)
[2026.04.26-11.49.46:039][825]LogSkinnedMeshComp: Warning: GetSocketByName(torso_JNT): No SkeletalMesh for Component(CharacterMesh0) Actor(FirstPersonCharacter_C_0)
[2026.04.26-11.49.46:041][825]LogSkinnedMeshComp: Warning: GetSocketByName(torso_JNT): No SkeletalMesh for Component(CharacterMesh0) Actor(FirstPersonCharacter_C_0)
[2026.04.26-11.49.46:041][825]LogSkinnedMeshComp: Warning: GetSocketByName(torso_JNT): No SkeletalMesh for Component(CharacterMesh0) Actor(FirstPersonCharacter_C_0)
[2026.04.26-11.49.46:086][826]LogSkinnedMeshComp: Warning: GetSocketByName(torso_JNT): No SkeletalMesh for Component(CharacterMesh0) Actor(FirstPersonCharacter_C_0)
[2026.04.26-11.49.46:089][826]LogSkinnedMeshComp: Warning: GetSocketByName(torso_JNT): No SkeletalMesh for Component(CharacterMesh0) Actor(FirstPersonCharacter_C_0)
[2026.04.26-11.49.46:089][826]LogSkinnedMeshComp: Warning: GetSocketByName(torso_JNT): No SkeletalMesh for Component(CharacterMesh0) Actor(FirstPersonCharacter_C_0)
[2026.04.26-11.49.46:134][827]LogSkinnedMeshComp: Warning: GetSocketByName(torso_JNT): No SkeletalMesh for Component(CharacterMesh0) Actor(FirstPersonCharacter_C_0)
[2026.04.26-11.49.46:136][827]LogSkinnedMeshComp: Warning: GetSocketByName(torso_JNT): No SkeletalMesh for Component(CharacterMesh0) Actor(FirstPersonCharacter_C_0)
[2026.04.26-11.49.46:136][827]LogSkinnedMeshComp: Warning: GetSocketByName(torso_JNT): No SkeletalMesh for Component(CharacterMesh0) Actor(FirstPersonCharacter_C_0)
[2026.04.26-11.49.46:181][828]LogSkinnedMeshComp: Warning: GetSocketByName(torso_JNT): No SkeletalMesh for Component(CharacterMesh0) Actor(FirstPersonCharacter_C_0)
[2026.04.26-11.49.46:183][828]LogSkinnedMeshComp: Warning: GetSocketByName(torso_JNT): No SkeletalMesh for Component(CharacterMesh0) Actor(FirstPersonCharacter_C_0)
[2026.04.26-11.49.46:183][828]LogSkinnedMeshComp: Warning: GetSocketByName(torso_JNT): No SkeletalMesh for Component(CharacterMesh0) Actor(FirstPersonCharacter_C_0)
[2026.04.26-11.49.46:229][829]LogSkinnedMeshComp: Warning: GetSocketByName(torso_JNT): No SkeletalMesh for Component(CharacterMesh0) Actor(FirstPersonCharacter_C_0)
[2026.04.26-11.49.46:230][829]LogSkinnedMeshComp: Warning: GetSocketByName(torso_JNT): No SkeletalMesh for Component(CharacterMesh0) Actor(FirstPersonCharacter_C_0)
[2026.04.26-11.49.46:230][829]LogSkinnedMeshComp: Warning: GetSocketByName(torso_JNT): No SkeletalMesh for Component(CharacterMesh0) Actor(FirstPersonCharacter_C_0)
[2026.04.26-11.49.46:276][830]LogSkinnedMeshComp: Warning: GetSocketByName(torso_JNT): No SkeletalMesh for Component(CharacterMesh0) Actor(FirstPersonCharacter_C_0)
[2026.04.26-11.49.46:277][830]LogSkinnedMeshComp: Warning: GetSocketByName(torso_JNT): No SkeletalMesh for Component(CharacterMesh0) Actor(FirstPersonCharacter_C_0)
[2026.04.26-11.49.46:277][830]LogSkinnedMeshComp: Warning: GetSocketByName(torso_JNT): No SkeletalMesh for Component(CharacterMesh0) Actor(FirstPersonCharacter_C_0)
[2026.04.26-11.49.46:323][831]LogSkinnedMeshComp: Warning: GetSocketByName(torso_JNT): No SkeletalMesh for Component(CharacterMesh0) Actor(FirstPersonCharacter_C_0)
[2026.04.26-11.49.46:324][831]LogSkinnedMeshComp: Warning: GetSocketByName(torso_JNT): No SkeletalMesh for Component(CharacterMesh0) Actor(FirstPersonCharacter_C_0)
[2026.04.26-11.49.46:324][831]LogSkinnedMeshComp: Warning: GetSocketByName(torso_JNT): No SkeletalMesh for Component(CharacterMesh0) Actor(FirstPersonCharacter_C_0)
[2026.04.26-11.49.46:371][832]LogSkinnedMeshComp: Warning: GetSocketByName(torso_JNT): No SkeletalMesh for Component(CharacterMesh0) Actor(FirstPersonCharacter_C_0)
[2026.04.26-11.49.46:372][832]LogSkinnedMeshComp: Warning: GetSocketByName(torso_JNT): No SkeletalMesh for Component(CharacterMesh0) Actor(FirstPersonCharacter_C_0)
[2026.04.26-11.49.46:372][832]LogSkinnedMeshComp: Warning: GetSocketByName(torso_JNT): No SkeletalMesh for Component(CharacterMesh0) Actor(FirstPersonCharacter_C_0)
[2026.04.26-11.49.46:417][833]LogSkinnedMeshComp: Warning: GetSocketByName(torso_JNT): No SkeletalMesh for Component(CharacterMesh0) Actor(FirstPersonCharacter_C_0)
[2026.04.26-11.49.46:418][833]LogSkinnedMeshComp: Warning: GetSocketByName(torso_JNT): No SkeletalMesh for Component(CharacterMesh0) Actor(FirstPersonCharacter_C_0)
[2026.04.26-11.49.46:418][833]LogSkinnedMeshComp: Warning: GetSocketByName(torso_JNT): No SkeletalMesh for Component(CharacterMesh0) Actor(FirstPersonCharacter_C_0)
[2026.04.26-11.49.46:465][834]LogSkinnedMeshComp: Warning: GetSocketByName(torso_JNT): No SkeletalMesh for Component(CharacterMesh0) Actor(FirstPersonCharacter_C_0)
[2026.04.26-11.49.46:466][834]LogSkinnedMeshComp: Warning: GetSocketByName(torso_JNT): No SkeletalMesh for Component(CharacterMesh0) Actor(FirstPersonCharacter_C_0)
[2026.04.26-11.49.46:466][834]LogSkinnedMeshComp: Warning: GetSocketByName(torso_JNT): No SkeletalMesh for Component(CharacterMesh0) Actor(FirstPersonCharacter_C_0)
[2026.04.26-11.49.46:511][835]LogSkinnedMeshComp: Warning: GetSocketByName(torso_JNT): No SkeletalMesh for Component(CharacterMesh0) Actor(FirstPersonCharacter_C_0)
[2026.04.26-11.49.46:513][835]LogSkinnedMeshComp: Warning: GetSocketByName(torso_JNT): No SkeletalMesh for Component(CharacterMesh0) Actor(FirstPersonCharacter_C_0)
[2026.04.26-11.49.46:513][835]LogSkinnedMeshComp: Warning: GetSocketByName(torso_JNT): No SkeletalMesh for Component(CharacterMesh0) Actor(FirstPersonCharacter_C_0)
[2026.04.26-11.49.47:705][858]LogSkinnedMeshComp: Warning: GetSocketByName(torso_JNT): No SkeletalMesh for Component(CharacterMesh0) Actor(FirstPersonCharacter_C_0)
[2026.04.26-11.49.47:706][858]LogSkinnedMeshComp: Warning: GetSocketByName(torso_JNT): No SkeletalMesh for Component(CharacterMesh0) Actor(FirstPersonCharacter_C_0)
[2026.04.26-11.49.47:706][858]LogSkinnedMeshComp: Warning: GetSocketByName(torso_JNT): No SkeletalMesh for Component(CharacterMesh0) Actor(FirstPersonCharacter_C_0)
[2026.04.26-11.49.47:941][863]LogSkinnedMeshComp: Warning: GetSocketByName(torso_JNT): No SkeletalMesh for Component(CharacterMesh0) Actor(FirstPersonCharacter_C_0)
[2026.04.26-11.49.47:943][863]LogSkinnedMeshComp: Warning: GetSocketByName(torso_JNT): No SkeletalMesh for Component(CharacterMesh0) Actor(FirstPersonCharacter_C_0)
[2026.04.26-11.49.47:943][863]LogSkinnedMeshComp: Warning: GetSocketByName(torso_JNT): No SkeletalMesh for Component(CharacterMesh0) Actor(FirstPersonCharacter_C_0)
[2026.04.26-11.49.49:068][887]LogSkinnedMeshComp: Warning: GetSocketByName(torso_JNT): No SkeletalMesh for Component(CharacterMesh0) Actor(FirstPersonCharacter_C_0)
[2026.04.26-11.49.49:070][887]LogSkinnedMeshComp: Warning: GetSocketByName(torso_JNT): No SkeletalMesh for Component(CharacterMesh0) Actor(FirstPersonCharacter_C_0)
[2026.04.26-11.49.49:070][887]LogSkinnedMeshComp: Warning: GetSocketByName(torso_JNT): No SkeletalMesh for Component(CharacterMesh0) Actor(FirstPersonCharacter_C_0)
[2026.04.26-11.49.49:634][899]LogSkinnedMeshComp: Warning: GetSocketByName(torso_JNT): No SkeletalMesh for Component(CharacterMesh0) Actor(FirstPersonCharacter_C_0)
[2026.04.26-11.49.49:636][899]LogSkinnedMeshComp: Warning: GetSocketByName(torso_JNT): No SkeletalMesh for Component(CharacterMesh0) Actor(FirstPersonCharacter_C_0)
[2026.04.26-11.49.49:636][899]LogSkinnedMeshComp: Warning: GetSocketByName(torso_JNT): No SkeletalMesh for Component(CharacterMesh0) Actor(FirstPersonCharacter_C_0)
[2026.04.26-11.49.55:981][ 23]LogSkinnedMeshComp: Warning: GetSocketByName(torso_JNT): No SkeletalMesh for Component(CharacterMesh0) Actor(FirstPersonCharacter_C_0)
[2026.04.26-11.49.55:984][ 23]LogSkinnedMeshComp: Warning: GetSocketByName(torso_JNT): No SkeletalMesh for Component(CharacterMesh0) Actor(FirstPersonCharacter_C_0)
[2026.04.26-11.49.55:984][ 23]LogSkinnedMeshComp: Warning: GetSocketByName(torso_JNT): No SkeletalMesh for Component(CharacterMesh0) Actor(FirstPersonCharacter_C_0)
[2026.04.26-11.49.56:047][ 24]LogSkinnedMeshComp: Warning: GetSocketByName(torso_JNT): No SkeletalMesh for Component(CharacterMesh0) Actor(FirstPersonCharacter_C_0)
[2026.04.26-11.49.56:050][ 24]LogSkinnedMeshComp: Warning: GetSocketByName(torso_JNT): No SkeletalMesh for Component(CharacterMesh0) Actor(FirstPersonCharacter_C_0)
[2026.04.26-11.49.56:050][ 24]LogSkinnedMeshComp: Warning: GetSocketByName(torso_JNT): No SkeletalMesh for Component(CharacterMesh0) Actor(FirstPersonCharacter_C_0)
[2026.04.26-11.49.56:124][ 25]LogSkinnedMeshComp: Warning: GetSocketByName(torso_JNT): No SkeletalMesh for Component(CharacterMesh0) Actor(FirstPersonCharacter_C_0)
[2026.04.26-11.49.56:127][ 25]LogSkinnedMeshComp: Warning: GetSocketByName(torso_JNT): No SkeletalMesh for Component(CharacterMesh0) Actor(FirstPersonCharacter_C_0)
[2026.04.26-11.49.56:127][ 25]LogSkinnedMeshComp: Warning: GetSocketByName(torso_JNT): No SkeletalMesh for Component(CharacterMesh0) Actor(FirstPersonCharacter_C_0)
[2026.04.26-11.49.56:171][ 26]LogSkinnedMeshComp: Warning: GetSocketByName(torso_JNT): No SkeletalMesh for Component(CharacterMesh0) Actor(FirstPersonCharacter_C_0)
[2026.04.26-11.49.56:175][ 26]LogSkinnedMeshComp: Warning: GetSocketByName(torso_JNT): No SkeletalMesh for Component(CharacterMesh0) Actor(FirstPersonCharacter_C_0)
[2026.04.26-11.49.56:175][ 26]LogSkinnedMeshComp: Warning: GetSocketByName(torso_JNT): No SkeletalMesh for Component(CharacterMesh0) Actor(FirstPersonCharacter_C_0)
[2026.04.26-11.49.56:225][ 27]LogSkinnedMeshComp: Warning: GetSocketByName(torso_JNT): No SkeletalMesh for Component(CharacterMesh0) Actor(FirstPersonCharacter_C_0)
[2026.04.26-11.49.56:226][ 27]LogSkinnedMeshComp: Warning: GetSocketByName(torso_JNT): No SkeletalMesh for Component(CharacterMesh0) Actor(FirstPersonCharacter_C_0)
[2026.04.26-11.49.56:226][ 27]LogSkinnedMeshComp: Warning: GetSocketByName(torso_JNT): No SkeletalMesh for Component(CharacterMesh0) Actor(FirstPersonCharacter_C_0)
[2026.04.26-11.49.56:273][ 28]LogSkinnedMeshComp: Warning: GetSocketByName(torso_JNT): No SkeletalMesh for Component(CharacterMesh0) Actor(FirstPersonCharacter_C_0)
[2026.04.26-11.49.56:275][ 28]LogSkinnedMeshComp: Warning: GetSocketByName(torso_JNT): No SkeletalMesh for Component(CharacterMesh0) Actor(FirstPersonCharacter_C_0)
[2026.04.26-11.49.56:276][ 28]LogSkinnedMeshComp: Warning: GetSocketByName(torso_JNT): No SkeletalMesh for Component(CharacterMesh0) Actor(FirstPersonCharacter_C_0)
[2026.04.26-11.49.56:324][ 29]LogSkinnedMeshComp: Warning: GetSocketByName(torso_JNT): No SkeletalMesh for Component(CharacterMesh0) Actor(FirstPersonCharacter_C_0)
[2026.04.26-11.49.56:327][ 29]LogSkinnedMeshComp: Warning: GetSocketByName(torso_JNT): No SkeletalMesh for Component(CharacterMesh0) Actor(FirstPersonCharacter_C_0)
[2026.04.26-11.49.56:327][ 29]LogSkinnedMeshComp: Warning: GetSocketByName(torso_JNT): No SkeletalMesh for Component(CharacterMesh0) Actor(FirstPersonCharacter_C_0)
[2026.04.26-11.49.56:374][ 30]LogSkinnedMeshComp: Warning: GetSocketByName(torso_JNT): No SkeletalMesh for Component(CharacterMesh0) Actor(FirstPersonCharacter_C_0)
[2026.04.26-11.49.56:376][ 30]LogSkinnedMeshComp: Warning: GetSocketByName(torso_JNT): No SkeletalMesh for Component(CharacterMesh0) Actor(FirstPersonCharacter_C_0)
[2026.04.26-11.49.56:376][ 30]LogSkinnedMeshComp: Warning: GetSocketByName(torso_JNT): No SkeletalMesh for Component(CharacterMesh0) Actor(FirstPersonCharacter_C_0)
[2026.04.26-11.49.56:422][ 31]LogSkinnedMeshComp: Warning: GetSocketByName(torso_JNT): No SkeletalMesh for Component(CharacterMesh0) Actor(FirstPersonCharacter_C_0)
[2026.04.26-11.49.56:424][ 31]LogSkinnedMeshComp: Warning: GetSocketByName(torso_JNT): No SkeletalMesh for Component(CharacterMesh0) Actor(FirstPersonCharacter_C_0)
[2026.04.26-11.49.56:424][ 31]LogSkinnedMeshComp: Warning: GetSocketByName(torso_JNT): No SkeletalMesh for Component(CharacterMesh0) Actor(FirstPersonCharacter_C_0)
[2026.04.26-11.49.56:473][ 32]LogSkinnedMeshComp: Warning: GetSocketByName(torso_JNT): No SkeletalMesh for Component(CharacterMesh0) Actor(FirstPersonCharacter_C_0)
[2026.04.26-11.49.56:475][ 32]LogSkinnedMeshComp: Warning: GetSocketByName(torso_JNT): No SkeletalMesh for Component(CharacterMesh0) Actor(FirstPersonCharacter_C_0)
[2026.04.26-11.49.56:475][ 32]LogSkinnedMeshComp: Warning: GetSocketByName(torso_JNT): No SkeletalMesh for Component(CharacterMesh0) Actor(FirstPersonCharacter_C_0)
[2026.04.26-11.49.56:524][ 33]LogSkinnedMeshComp: Warning: GetSocketByName(torso_JNT): No SkeletalMesh for Component(CharacterMesh0) Actor(FirstPersonCharacter_C_0)
[2026.04.26-11.49.56:526][ 33]LogSkinnedMeshComp: Warning: GetSocketByName(torso_JNT): No SkeletalMesh for Component(CharacterMesh0) Actor(FirstPersonCharacter_C_0)
[2026.04.26-11.49.56:526][ 33]LogSkinnedMeshComp: Warning: GetSocketByName(torso_JNT): No SkeletalMesh for Component(CharacterMesh0) Actor(FirstPersonCharacter_C_0)
[2026.04.26-11.49.56:573][ 34]LogSkinnedMeshComp: Warning: GetSocketByName(torso_JNT): No SkeletalMesh for Component(CharacterMesh0) Actor(FirstPersonCharacter_C_0)
[2026.04.26-11.49.56:575][ 34]LogSkinnedMeshComp: Warning: GetSocketByName(torso_JNT): No SkeletalMesh for Component(CharacterMesh0) Actor(FirstPersonCharacter_C_0)
[2026.04.26-11.49.56:575][ 34]LogSkinnedMeshComp: Warning: GetSocketByName(torso_JNT): No SkeletalMesh for Component(CharacterMesh0) Actor(FirstPersonCharacter_C_0)
[2026.04.26-11.49.56:627][ 35]LogSkinnedMeshComp: Warning: GetSocketByName(torso_JNT): No SkeletalMesh for Component(CharacterMesh0) Actor(FirstPersonCharacter_C_0)
[2026.04.26-11.49.56:628][ 35]LogSkinnedMeshComp: Warning: GetSocketByName(torso_JNT): No SkeletalMesh for Component(CharacterMesh0) Actor(FirstPersonCharacter_C_0)
[2026.04.26-11.49.56:628][ 35]LogSkinnedMeshComp: Warning: GetSocketByName(torso_JNT): No SkeletalMesh for Component(CharacterMesh0) Actor(FirstPersonCharacter_C_0)
[2026.04.26-11.49.56:676][ 36]LogSkinnedMeshComp: Warning: GetSocketByName(torso_JNT): No SkeletalMesh for Component(CharacterMesh0) Actor(FirstPersonCharacter_C_0)
[2026.04.26-11.49.56:678][ 36]LogSkinnedMeshComp: Warning: GetSocketByName(torso_JNT): No SkeletalMesh for Component(CharacterMesh0) Actor(FirstPersonCharacter_C_0)
[2026.04.26-11.49.56:678][ 36]LogSkinnedMeshComp: Warning: GetSocketByName(torso_JNT): No SkeletalMesh for Component(CharacterMesh0) Actor(FirstPersonCharacter_C_0)
[2026.04.26-11.49.56:725][ 37]LogSkinnedMeshComp: Warning: GetSocketByName(torso_JNT): No SkeletalMesh for Component(CharacterMesh0) Actor(FirstPersonCharacter_C_0)
[2026.04.26-11.49.56:726][ 37]LogSkinnedMeshComp: Warning: GetSocketByName(torso_JNT): No SkeletalMesh for Component(CharacterMesh0) Actor(FirstPersonCharacter_C_0)
[2026.04.26-11.49.56:726][ 37]LogSkinnedMeshComp: Warning: GetSocketByName(torso_JNT): No SkeletalMesh for Component(CharacterMesh0) Actor(FirstPersonCharacter_C_0)
[2026.04.26-11.49.56:773][ 38]LogSkinnedMeshComp: Warning: GetSocketByName(torso_JNT): No SkeletalMesh for Component(CharacterMesh0) Actor(FirstPersonCharacter_C_0)
[2026.04.26-11.49.56:774][ 38]LogSkinnedMeshComp: Warning: GetSocketByName(torso_JNT): No SkeletalMesh for Component(CharacterMesh0) Actor(FirstPersonCharacter_C_0)
[2026.04.26-11.49.56:776][ 38]LogSkinnedMeshComp: Warning: GetSocketByName(torso_JNT): No SkeletalMesh for Component(CharacterMesh0) Actor(FirstPersonCharacter_C_0)
[2026.04.26-11.49.56:821][ 39]LogSkinnedMeshComp: Warning: GetSocketByName(torso_JNT): No SkeletalMesh for Component(CharacterMesh0) Actor(FirstPersonCharacter_C_0)
[2026.04.26-11.49.56:823][ 39]LogSkinnedMeshComp: Warning: GetSocketByName(torso_JNT): No SkeletalMesh for Component(CharacterMesh0) Actor(FirstPersonCharacter_C_0)
[2026.04.26-11.49.56:823][ 39]LogSkinnedMeshComp: Warning: GetSocketByName(torso_JNT): No SkeletalMesh for Component(CharacterMesh0) Actor(FirstPersonCharacter_C_0)
[2026.04.26-11.49.56:872][ 40]LogSkinnedMeshComp: Warning: GetSocketByName(torso_JNT): No SkeletalMesh for Component(CharacterMesh0) Actor(FirstPersonCharacter_C_0)
[2026.04.26-11.49.56:874][ 40]LogSkinnedMeshComp: Warning: GetSocketByName(torso_JNT): No SkeletalMesh for Component(CharacterMesh0) Actor(FirstPersonCharacter_C_0)
[2026.04.26-11.49.56:874][ 40]LogSkinnedMeshComp: Warning: GetSocketByName(torso_JNT): No SkeletalMesh for Component(CharacterMesh0) Actor(FirstPersonCharacter_C_0)
[2026.04.26-11.49.56:923][ 41]LogSkinnedMeshComp: Warning: GetSocketByName(torso_JNT): No SkeletalMesh for Component(CharacterMesh0) Actor(FirstPersonCharacter_C_0)
[2026.04.26-11.49.56:924][ 41]LogSkinnedMeshComp: Warning: GetSocketByName(torso_JNT): No SkeletalMesh for Component(CharacterMesh0) Actor(FirstPersonCharacter_C_0)
[2026.04.26-11.49.56:924][ 41]LogSkinnedMeshComp: Warning: GetSocketByName(torso_JNT): No SkeletalMesh for Component(CharacterMesh0) Actor(FirstPersonCharacter_C_0)
[2026.04.26-11.49.56:976][ 42]LogSkinnedMeshComp: Warning: GetSocketByName(torso_JNT): No SkeletalMesh for Component(CharacterMesh0) Actor(FirstPersonCharacter_C_0)
[2026.04.26-11.49.56:977][ 42]LogSkinnedMeshComp: Warning: GetSocketByName(torso_JNT): No SkeletalMesh for Component(CharacterMesh0) Actor(FirstPersonCharacter_C_0)
[2026.04.26-11.49.56:977][ 42]LogSkinnedMeshComp: Warning: GetSocketByName(torso_JNT): No SkeletalMesh for Component(CharacterMesh0) Actor(FirstPersonCharacter_C_0)
[2026.04.26-11.49.57:022][ 43]LogSkinnedMeshComp: Warning: GetSocketByName(torso_JNT): No SkeletalMesh for Component(CharacterMesh0) Actor(FirstPersonCharacter_C_0)
[2026.04.26-11.49.57:025][ 43]LogSkinnedMeshComp: Warning: GetSocketByName(torso_JNT): No SkeletalMesh for Component(CharacterMesh0) Actor(FirstPersonCharacter_C_0)
[2026.04.26-11.49.57:025][ 43]LogSkinnedMeshComp: Warning: GetSocketByName(torso_JNT): No SkeletalMesh for Component(CharacterMesh0) Actor(FirstPersonCharacter_C_0)
[2026.04.26-11.49.57:073][ 44]LogSkinnedMeshComp: Warning: GetSocketByName(torso_JNT): No SkeletalMesh for Component(CharacterMesh0) Actor(FirstPersonCharacter_C_0)
[2026.04.26-11.49.57:076][ 44]LogSkinnedMeshComp: Warning: GetSocketByName(torso_JNT): No SkeletalMesh for Component(CharacterMesh0) Actor(FirstPersonCharacter_C_0)
[2026.04.26-11.49.57:076][ 44]LogSkinnedMeshComp: Warning: GetSocketByName(torso_JNT): No SkeletalMesh for Component(CharacterMesh0) Actor(FirstPersonCharacter_C_0)
[2026.04.26-11.49.57:121][ 45]LogSkinnedMeshComp: Warning: GetSocketByName(torso_JNT): No SkeletalMesh for Component(CharacterMesh0) Actor(FirstPersonCharacter_C_0)
[2026.04.26-11.49.57:124][ 45]LogSkinnedMeshComp: Warning: GetSocketByName(torso_JNT): No SkeletalMesh for Component(CharacterMesh0) Actor(FirstPersonCharacter_C_0)
[2026.04.26-11.49.57:124][ 45]LogSkinnedMeshComp: Warning: GetSocketByName(torso_JNT): No SkeletalMesh for Component(CharacterMesh0) Actor(FirstPersonCharacter_C_0)
[2026.04.26-11.49.57:170][ 46]LogSkinnedMeshComp: Warning: GetSocketByName(torso_JNT): No SkeletalMesh for Component(CharacterMesh0) Actor(FirstPersonCharacter_C_0)
[2026.04.26-11.49.57:172][ 46]LogSkinnedMeshComp: Warning: GetSocketByName(torso_JNT): No SkeletalMesh for Component(CharacterMesh0) Actor(FirstPersonCharacter_C_0)
[2026.04.26-11.49.57:172][ 46]LogSkinnedMeshComp: Warning: GetSocketByName(torso_JNT): No SkeletalMesh for Component(CharacterMesh0) Actor(FirstPersonCharacter_C_0)
[2026.04.26-11.49.57:218][ 47]LogSkinnedMeshComp: Warning: GetSocketByName(torso_JNT): No SkeletalMesh for Component(CharacterMesh0) Actor(FirstPersonCharacter_C_0)
[2026.04.26-11.49.57:220][ 47]LogSkinnedMeshComp: Warning: GetSocketByName(torso_JNT): No SkeletalMesh for Component(CharacterMesh0) Actor(FirstPersonCharacter_C_0)
[2026.04.26-11.49.57:220][ 47]LogSkinnedMeshComp: Warning: GetSocketByName(torso_JNT): No SkeletalMesh for Component(CharacterMesh0) Actor(FirstPersonCharacter_C_0)
[2026.04.26-11.49.57:266][ 48]LogSkinnedMeshComp: Warning: GetSocketByName(torso_JNT): No SkeletalMesh for Component(CharacterMesh0) Actor(FirstPersonCharacter_C_0)
[2026.04.26-11.49.57:268][ 48]LogSkinnedMeshComp: Warning: GetSocketByName(torso_JNT): No SkeletalMesh for Component(CharacterMesh0) Actor(FirstPersonCharacter_C_0)
[2026.04.26-11.49.57:268][ 48]LogSkinnedMeshComp: Warning: GetSocketByName(torso_JNT): No SkeletalMesh for Component(CharacterMesh0) Actor(FirstPersonCharacter_C_0)
[2026.04.26-11.49.57:314][ 49]LogSkinnedMeshComp: Warning: GetSocketByName(torso_JNT): No SkeletalMesh for Component(CharacterMesh0) Actor(FirstPersonCharacter_C_0)
[2026.04.26-11.49.57:315][ 49]LogSkinnedMeshComp: Warning: GetSocketByName(torso_JNT): No SkeletalMesh for Component(CharacterMesh0) Actor(FirstPersonCharacter_C_0)
[2026.04.26-11.49.57:315][ 49]LogSkinnedMeshComp: Warning: GetSocketByName(torso_JNT): No SkeletalMesh for Component(CharacterMesh0) Actor(FirstPersonCharacter_C_0)
[2026.04.26-11.49.57:362][ 50]LogSkinnedMeshComp: Warning: GetSocketByName(torso_JNT): No SkeletalMesh for Component(CharacterMesh0) Actor(FirstPersonCharacter_C_0)
[2026.04.26-11.49.57:365][ 50]LogSkinnedMeshComp: Warning: GetSocketByName(torso_JNT): No SkeletalMesh for Component(CharacterMesh0) Actor(FirstPersonCharacter_C_0)
[2026.04.26-11.49.57:365][ 50]LogSkinnedMeshComp: Warning: GetSocketByName(torso_JNT): No SkeletalMesh for Component(CharacterMesh0) Actor(FirstPersonCharacter_C_0)
[2026.04.26-11.49.57:411][ 51]LogSkinnedMeshComp: Warning: GetSocketByName(torso_JNT): No SkeletalMesh for Component(CharacterMesh0) Actor(FirstPersonCharacter_C_0)
[2026.04.26-11.49.57:413][ 51]LogSkinnedMeshComp: Warning: GetSocketByName(torso_JNT): No SkeletalMesh for Component(CharacterMesh0) Actor(FirstPersonCharacter_C_0)
[2026.04.26-11.49.57:413][ 51]LogSkinnedMeshComp: Warning: GetSocketByName(torso_JNT): No SkeletalMesh for Component(CharacterMesh0) Actor(FirstPersonCharacter_C_0)
[2026.04.26-11.49.57:461][ 52]LogSkinnedMeshComp: Warning: GetSocketByName(torso_JNT): No SkeletalMesh for Component(CharacterMesh0) Actor(FirstPersonCharacter_C_0)
[2026.04.26-11.49.57:463][ 52]LogSkinnedMeshComp: Warning: GetSocketByName(torso_JNT): No SkeletalMesh for Component(CharacterMesh0) Actor(FirstPersonCharacter_C_0)
[2026.04.26-11.49.57:463][ 52]LogSkinnedMeshComp: Warning: GetSocketByName(torso_JNT): No SkeletalMesh for Component(CharacterMesh0) Actor(FirstPersonCharacter_C_0)
[2026.04.26-11.49.57:510][ 53]LogSkinnedMeshComp: Warning: GetSocketByName(torso_JNT): No SkeletalMesh for Component(CharacterMesh0) Actor(FirstPersonCharacter_C_0)
[2026.04.26-11.49.57:511][ 53]LogSkinnedMeshComp: Warning: GetSocketByName(torso_JNT): No SkeletalMesh for Component(CharacterMesh0) Actor(FirstPersonCharacter_C_0)
[2026.04.26-11.49.57:511][ 53]LogSkinnedMeshComp: Warning: GetSocketByName(torso_JNT): No SkeletalMesh for Component(CharacterMesh0) Actor(FirstPersonCharacter_C_0)
[2026.04.26-11.49.57:558][ 54]LogSkinnedMeshComp: Warning: GetSocketByName(torso_JNT): No SkeletalMesh for Component(CharacterMesh0) Actor(FirstPersonCharacter_C_0)
[2026.04.26-11.49.57:559][ 54]LogSkinnedMeshComp: Warning: GetSocketByName(torso_JNT): No SkeletalMesh for Component(CharacterMesh0) Actor(FirstPersonCharacter_C_0)
[2026.04.26-11.49.57:559][ 54]LogSkinnedMeshComp: Warning: GetSocketByName(torso_JNT): No SkeletalMesh for Component(CharacterMesh0) Actor(FirstPersonCharacter_C_0)
[2026.04.26-11.49.57:613][ 55]LogSkinnedMeshComp: Warning: GetSocketByName(torso_JNT): No SkeletalMesh for Component(CharacterMesh0) Actor(FirstPersonCharacter_C_0)
[2026.04.26-11.49.57:615][ 55]LogSkinnedMeshComp: Warning: GetSocketByName(torso_JNT): No SkeletalMesh for Component(CharacterMesh0) Actor(FirstPersonCharacter_C_0)
[2026.04.26-11.49.57:615][ 55]LogSkinnedMeshComp: Warning: GetSocketByName(torso_JNT): No SkeletalMesh for Component(CharacterMesh0) Actor(FirstPersonCharacter_C_0)
[2026.04.26-11.49.57:663][ 56]LogSkinnedMeshComp: Warning: GetSocketByName(torso_JNT): No SkeletalMesh for Component(CharacterMesh0) Actor(FirstPersonCharacter_C_0)
[2026.04.26-11.49.57:665][ 56]LogSkinnedMeshComp: Warning: GetSocketByName(torso_JNT): No SkeletalMesh for Component(CharacterMesh0) Actor(FirstPersonCharacter_C_0)
[2026.04.26-11.49.57:665][ 56]LogSkinnedMeshComp: Warning: GetSocketByName(torso_JNT): No SkeletalMesh for Component(CharacterMesh0) Actor(FirstPersonCharacter_C_0)
[2026.04.26-11.49.57:712][ 57]LogSkinnedMeshComp: Warning: GetSocketByName(torso_JNT): No SkeletalMesh for Component(CharacterMesh0) Actor(FirstPersonCharacter_C_0)
[2026.04.26-11.49.57:714][ 57]LogSkinnedMeshComp: Warning: GetSocketByName(torso_JNT): No SkeletalMesh for Component(CharacterMesh0) Actor(FirstPersonCharacter_C_0)
[2026.04.26-11.49.57:714][ 57]LogSkinnedMeshComp: Warning: GetSocketByName(torso_JNT): No SkeletalMesh for Component(CharacterMesh0) Actor(FirstPersonCharacter_C_0)
[2026.04.26-11.49.57:761][ 58]LogSkinnedMeshComp: Warning: GetSocketByName(torso_JNT): No SkeletalMesh for Component(CharacterMesh0) Actor(FirstPersonCharacter_C_0)
[2026.04.26-11.49.57:763][ 58]LogSkinnedMeshComp: Warning: GetSocketByName(torso_JNT): No SkeletalMesh for Component(CharacterMesh0) Actor(FirstPersonCharacter_C_0)
[2026.04.26-11.49.57:763][ 58]LogSkinnedMeshComp: Warning: GetSocketByName(torso_JNT): No SkeletalMesh for Component(CharacterMesh0) Actor(FirstPersonCharacter_C_0)
[2026.04.26-11.49.57:811][ 59]LogSkinnedMeshComp: Warning: GetSocketByName(torso_JNT): No SkeletalMesh for Component(CharacterMesh0) Actor(FirstPersonCharacter_C_0)
[2026.04.26-11.49.57:814][ 59]LogSkinnedMeshComp: Warning: GetSocketByName(torso_JNT): No SkeletalMesh for Component(CharacterMesh0) Actor(FirstPersonCharacter_C_0)
[2026.04.26-11.49.57:814][ 59]LogSkinnedMeshComp: Warning: GetSocketByName(torso_JNT): No SkeletalMesh for Component(CharacterMesh0) Actor(FirstPersonCharacter_C_0)
[2026.04.26-11.49.57:859][ 60]LogSkinnedMeshComp: Warning: GetSocketByName(torso_JNT): No SkeletalMesh for Component(CharacterMesh0) Actor(FirstPersonCharacter_C_0)
[2026.04.26-11.49.57:861][ 60]LogSkinnedMeshComp: Warning: GetSocketByName(torso_JNT): No SkeletalMesh for Component(CharacterMesh0) Actor(FirstPersonCharacter_C_0)
[2026.04.26-11.49.57:861][ 60]LogSkinnedMeshComp: Warning: GetSocketByName(torso_JNT): No SkeletalMesh for Component(CharacterMesh0) Actor(FirstPersonCharacter_C_0)
[2026.04.26-11.49.57:908][ 61]LogSkinnedMeshComp: Warning: GetSocketByName(torso_JNT): No SkeletalMesh for Component(CharacterMesh0) Actor(FirstPersonCharacter_C_0)
[2026.04.26-11.49.57:909][ 61]LogSkinnedMeshComp: Warning: GetSocketByName(torso_JNT): No SkeletalMesh for Component(CharacterMesh0) Actor(FirstPersonCharacter_C_0)
[2026.04.26-11.49.57:909][ 61]LogSkinnedMeshComp: Warning: GetSocketByName(torso_JNT): No SkeletalMesh for Component(CharacterMesh0) Actor(FirstPersonCharacter_C_0)
[2026.04.26-11.49.57:955][ 62]LogSkinnedMeshComp: Warning: GetSocketByName(torso_JNT): No SkeletalMesh for Component(CharacterMesh0) Actor(FirstPersonCharacter_C_0)
[2026.04.26-11.49.57:957][ 62]LogSkinnedMeshComp: Warning: GetSocketByName(torso_JNT): No SkeletalMesh for Component(CharacterMesh0) Actor(FirstPersonCharacter_C_0)
[2026.04.26-11.49.57:957][ 62]LogSkinnedMeshComp: Warning: GetSocketByName(torso_JNT): No SkeletalMesh for Component(CharacterMesh0) Actor(FirstPersonCharacter_C_0)
[2026.04.26-11.49.58:004][ 63]LogSkinnedMeshComp: Warning: GetSocketByName(torso_JNT): No SkeletalMesh for Component(CharacterMesh0) Actor(FirstPersonCharacter_C_0)
[2026.04.26-11.49.58:006][ 63]LogSkinnedMeshComp: Warning: GetSocketByName(torso_JNT): No SkeletalMesh for Component(CharacterMesh0) Actor(FirstPersonCharacter_C_0)
[2026.04.26-11.49.58:006][ 63]LogSkinnedMeshComp: Warning: GetSocketByName(torso_JNT): No SkeletalMesh for Component(CharacterMesh0) Actor(FirstPersonCharacter_C_0)
[2026.04.26-11.49.58:053][ 64]LogSkinnedMeshComp: Warning: GetSocketByName(torso_JNT): No SkeletalMesh for Component(CharacterMesh0) Actor(FirstPersonCharacter_C_0)
[2026.04.26-11.49.58:055][ 64]LogSkinnedMeshComp: Warning: GetSocketByName(torso_JNT): No SkeletalMesh for Component(CharacterMesh0) Actor(FirstPersonCharacter_C_0)
[2026.04.26-11.49.58:055][ 64]LogSkinnedMeshComp: Warning: GetSocketByName(torso_JNT): No SkeletalMesh for Component(CharacterMesh0) Actor(FirstPersonCharacter_C_0)
[2026.04.26-11.49.58:103][ 65]LogSkinnedMeshComp: Warning: GetSocketByName(torso_JNT): No SkeletalMesh for Component(CharacterMesh0) Actor(FirstPersonCharacter_C_0)
[2026.04.26-11.49.58:106][ 65]LogSkinnedMeshComp: Warning: GetSocketByName(torso_JNT): No SkeletalMesh for Component(CharacterMesh0) Actor(FirstPersonCharacter_C_0)
[2026.04.26-11.49.58:106][ 65]LogSkinnedMeshComp: Warning: GetSocketByName(torso_JNT): No SkeletalMesh for Component(CharacterMesh0) Actor(FirstPersonCharacter_C_0)
[2026.04.26-11.49.58:153][ 66]LogSkinnedMeshComp: Warning: GetSocketByName(torso_JNT): No SkeletalMesh for Component(CharacterMesh0) Actor(FirstPersonCharacter_C_0)
[2026.04.26-11.49.58:154][ 66]LogSkinnedMeshComp: Warning: GetSocketByName(torso_JNT): No SkeletalMesh for Component(CharacterMesh0) Actor(FirstPersonCharacter_C_0)
[2026.04.26-11.49.58:154][ 66]LogSkinnedMeshComp: Warning: GetSocketByName(torso_JNT): No SkeletalMesh for Component(CharacterMesh0) Actor(FirstPersonCharacter_C_0)
[2026.04.26-11.49.58:202][ 67]LogSkinnedMeshComp: Warning: GetSocketByName(torso_JNT): No SkeletalMesh for Component(CharacterMesh0) Actor(FirstPersonCharacter_C_0)
[2026.04.26-11.49.58:203][ 67]LogSkinnedMeshComp: Warning: GetSocketByName(torso_JNT): No SkeletalMesh for Component(CharacterMesh0) Actor(FirstPersonCharacter_C_0)
[2026.04.26-11.49.58:203][ 67]LogSkinnedMeshComp: Warning: GetSocketByName(torso_JNT): No SkeletalMesh for Component(CharacterMesh0) Actor(FirstPersonCharacter_C_0)
[2026.04.26-11.50.02:105][144]BlueprintLog: New page: Compile FirstPersonCharacter
[2026.04.26-11.50.02:256][144]LogUObjectHash: Compacting FUObjectHashTables data took   5.97ms
[2026.04.26-11.50.03:458][164]LogSavePackage: Moving '../../../../../../LastStep/PROJECT-LAST-STEP/Playtime_Multiplayer/Saved/FirstPersonCharacter231B38694F1087B209A8DF9F5919A44E.tmp' to '../../../../../../LastStep/PROJECT-LAST-STEP/Playtime_Multiplayer/Content/FirstPerson/FirstPersonBP/Blueprints/FirstPersonCharacter.uasset'
[2026.04.26-11.50.03:489][164]AssetCheck: New page: Asset Save: FirstPersonCharacter
[2026.04.26-11.50.03:489][164]LogContentValidation: Display: Validating Blueprint /Game/FirstPerson/FirstPersonBP/Blueprints/FirstPersonCharacter.FirstPersonCharacter
[2026.04.26-11.50.04:816][220]LogSlate: Window 'FirstPersonCharacter' being destroyed
[2026.04.26-11.50.18:154][557]LogContentBrowser: Attempting asset rename: FirstPersonCharacter -> BP_NetworkCharacter
[2026.04.26-11.50.18:263][557]LogMetaData: Removing '/Game/FirstPerson/FirstPersonBP/Blueprints/BP_NetworkCharacter.BP_NetworkCharacter_C' ref from Metadata '/Game/FirstPerson/FirstPersonBP/Blueprints/FirstPersonCharacter.PackageMetaData'
[2026.04.26-11.50.18:263][557]LogMetaData: Removing '/Game/FirstPerson/FirstPersonBP/Blueprints/BP_NetworkCharacter.BP_NetworkCharacter:GetPlayerViewPoint.K2Node_FunctionResult_0' ref from Metadata '/Game/FirstPerson/FirstPersonBP/Blueprints/FirstPersonCharacter.PackageMetaData'
[2026.04.26-11.50.18:263][557]LogMetaData: Removing '/Game/FirstPerson/FirstPersonBP/Blueprints/BP_NetworkCharacter.BP_NetworkCharacter:GetPlayerViewPoint.K2Node_FunctionEntry_111' ref from Metadata '/Game/FirstPerson/FirstPersonBP/Blueprints/FirstPersonCharacter.PackageMetaData'
[2026.04.26-11.50.18:263][557]LogMetaData: Removing '/Game/FirstPerson/FirstPersonBP/Blueprints/BP_NetworkCharacter.SKEL_BP_NetworkCharacter_C' ref from Metadata '/Game/FirstPerson/FirstPersonBP/Blueprints/FirstPersonCharacter.PackageMetaData'
[2026.04.26-11.50.18:264][557]LogMetaData: Removing '/Game/FirstPerson/FirstPersonBP/Blueprints/BP_NetworkCharacter.SKEL_BP_NetworkCharacter_C:InpAxisEvt_Turn_K2Node_InputAxisEvent_157' ref from Metadata '/Game/FirstPerson/FirstPersonBP/Blueprints/FirstPersonCharacter.PackageMetaData'
[2026.04.26-11.50.18:264][557]LogMetaData: Removing '/Game/FirstPerson/FirstPersonBP/Blueprints/BP_NetworkCharacter.SKEL_BP_NetworkCharacter_C:InpAxisEvt_LookUp_K2Node_InputAxisEvent_172' ref from Metadata '/Game/FirstPerson/FirstPersonBP/Blueprints/FirstPersonCharacter.PackageMetaData'
[2026.04.26-11.50.18:264][557]LogMetaData: Removing '/Game/FirstPerson/FirstPersonBP/Blueprints/BP_NetworkCharacter.SKEL_BP_NetworkCharacter_C:InpAxisEvt_MoveForward_K2Node_InputAxisEvent_181' ref from Metadata '/Game/FirstPerson/FirstPersonBP/Blueprints/FirstPersonCharacter.PackageMetaData'
[2026.04.26-11.50.18:264][557]LogMetaData: Removing '/Game/FirstPerson/FirstPersonBP/Blueprints/BP_NetworkCharacter.SKEL_BP_NetworkCharacter_C:InpAxisEvt_MoveRight_K2Node_InputAxisEvent_192' ref from Metadata '/Game/FirstPerson/FirstPersonBP/Blueprints/FirstPersonCharacter.PackageMetaData'
[2026.04.26-11.50.18:264][557]LogMetaData: Removing '/Game/FirstPerson/FirstPersonBP/Blueprints/BP_NetworkCharacter.SKEL_BP_NetworkCharacter_C:InpAxisEvt_TurnRate_K2Node_InputAxisEvent_34' ref from Metadata '/Game/FirstPerson/FirstPersonBP/Blueprints/FirstPersonCharacter.PackageMetaData'
[2026.04.26-11.50.18:264][557]LogMetaData: Removing '/Game/FirstPerson/FirstPersonBP/Blueprints/BP_NetworkCharacter.SKEL_BP_NetworkCharacter_C:InpAxisEvt_LookUpRate_K2Node_InputAxisEvent_62' ref from Metadata '/Game/FirstPerson/FirstPersonBP/Blueprints/FirstPersonCharacter.PackageMetaData'
[2026.04.26-11.50.18:264][557]LogMetaData: Removing '/Game/FirstPerson/FirstPersonBP/Blueprints/BP_NetworkCharacter.SKEL_BP_NetworkCharacter_C:ReceiveBeginPlay' ref from Metadata '/Game/FirstPerson/FirstPersonBP/Blueprints/FirstPersonCharacter.PackageMetaData'
[2026.04.26-11.50.18:264][557]LogMetaData: Removing '/Game/FirstPerson/FirstPersonBP/Blueprints/BP_NetworkCharacter.SKEL_BP_NetworkCharacter_C:UserConstructionScript' ref from Metadata '/Game/FirstPerson/FirstPersonBP/Blueprints/FirstPersonCharacter.PackageMetaData'
[2026.04.26-11.50.18:264][557]LogMetaData: Removing '/Game/FirstPerson/FirstPersonBP/Blueprints/BP_NetworkCharacter.BP_NetworkCharacter_C:ReceiveBeginPlay' ref from Metadata '/Game/FirstPerson/FirstPersonBP/Blueprints/FirstPersonCharacter.PackageMetaData'
[2026.04.26-11.50.18:432][557]LogSavePackage: Moving '../../../../../../LastStep/PROJECT-LAST-STEP/Playtime_Multiplayer/Saved/BP_NetworkCharacter1666AC90443BBAFDA9C85AA6754008DE.tmp' to '../../../../../../LastStep/PROJECT-LAST-STEP/Playtime_Multiplayer/Content/FirstPerson/FirstPersonBP/Blueprints/BP_NetworkCharacter.uasset'
[2026.04.26-11.50.18:437][557]LogSavePackage: Moving '../../../../../../LastStep/PROJECT-LAST-STEP/Playtime_Multiplayer/Saved/FirstPersonCharacter573F3C26424A7A3B1276C6BDC199937F.tmp' to '../../../../../../LastStep/PROJECT-LAST-STEP/Playtime_Multiplayer/Content/FirstPerson/FirstPersonBP/Blueprints/FirstPersonCharacter.uasset'
[2026.04.26-11.50.18:513][557]AssetCheck: New page: Asset Save: multiple assets
[2026.04.26-11.50.18:513][557]LogContentValidation: Display: Validating Blueprint /Game/FirstPerson/FirstPersonBP/Blueprints/BP_NetworkCharacter.BP_NetworkCharacter
[2026.04.26-11.50.18:513][557]LogContentValidation: Display: Validating ObjectRedirector /Game/FirstPerson/FirstPersonBP/Blueprints/FirstPersonCharacter.FirstPersonCharacter
[2026.04.26-11.50.18:513][557]LogContentValidation: Display: Validating ObjectRedirector /Game/FirstPerson/FirstPersonBP/Blueprints/FirstPersonCharacter.Default__FirstPersonCharacter_C
[2026.04.26-11.50.18:513][557]LogContentValidation: Display: Validating ObjectRedirector /Game/FirstPerson/FirstPersonBP/Blueprints/FirstPersonCharacter.FirstPersonCharacter_C
[2026.04.26-11.50.34:908][ 98]LogContentBrowser: Deferred new asset folder creation: NewFolder
[2026.04.26-11.50.34:941][ 98]LogContentBrowser: Creating deferred item: NewFolder
[2026.04.26-11.50.37:012][187]LogContentBrowser: Attempting asset rename: NewFolder -> Player
[2026.04.26-11.50.37:014][187]LogContentBrowser: End creating deferred item NewFolder
[2026.04.26-11.50.39:659][312]LogContentBrowser: Deferred new asset folder creation: NewFolder
[2026.04.26-11.50.39:689][312]LogContentBrowser: Creating deferred item: NewFolder
[2026.04.26-11.50.42:903][450]LogContentBrowser: Attempting asset rename: NewFolder -> Survivors
[2026.04.26-11.50.42:904][450]LogContentBrowser: End creating deferred item NewFolder
[2026.04.26-11.51.24:222][170]LogMetaData: Removing '/Game/Player/BP_NetworkCharacter.BP_NetworkCharacter_C' ref from Metadata '/Game/FirstPerson/FirstPersonBP/Blueprints/BP_NetworkCharacter.PackageMetaData'
[2026.04.26-11.51.24:222][170]LogMetaData: Removing '/Game/Player/BP_NetworkCharacter.BP_NetworkCharacter_C:ReceiveBeginPlay' ref from Metadata '/Game/FirstPerson/FirstPersonBP/Blueprints/BP_NetworkCharacter.PackageMetaData'
[2026.04.26-11.51.24:222][170]LogMetaData: Removing '/Game/Player/BP_NetworkCharacter.SKEL_BP_NetworkCharacter_C' ref from Metadata '/Game/FirstPerson/FirstPersonBP/Blueprints/BP_NetworkCharacter.PackageMetaData'
[2026.04.26-11.51.24:222][170]LogMetaData: Removing '/Game/Player/BP_NetworkCharacter.SKEL_BP_NetworkCharacter_C:InpAxisEvt_Turn_K2Node_InputAxisEvent_157' ref from Metadata '/Game/FirstPerson/FirstPersonBP/Blueprints/BP_NetworkCharacter.PackageMetaData'
[2026.04.26-11.51.24:222][170]LogMetaData: Removing '/Game/Player/BP_NetworkCharacter.SKEL_BP_NetworkCharacter_C:InpAxisEvt_LookUp_K2Node_InputAxisEvent_172' ref from Metadata '/Game/FirstPerson/FirstPersonBP/Blueprints/BP_NetworkCharacter.PackageMetaData'
[2026.04.26-11.51.24:222][170]LogMetaData: Removing '/Game/Player/BP_NetworkCharacter.SKEL_BP_NetworkCharacter_C:InpAxisEvt_MoveForward_K2Node_InputAxisEvent_181' ref from Metadata '/Game/FirstPerson/FirstPersonBP/Blueprints/BP_NetworkCharacter.PackageMetaData'
[2026.04.26-11.51.24:222][170]LogMetaData: Removing '/Game/Player/BP_NetworkCharacter.SKEL_BP_NetworkCharacter_C:InpAxisEvt_MoveRight_K2Node_InputAxisEvent_192' ref from Metadata '/Game/FirstPerson/FirstPersonBP/Blueprints/BP_NetworkCharacter.PackageMetaData'
[2026.04.26-11.51.24:222][170]LogMetaData: Removing '/Game/Player/BP_NetworkCharacter.SKEL_BP_NetworkCharacter_C:InpAxisEvt_TurnRate_K2Node_InputAxisEvent_34' ref from Metadata '/Game/FirstPerson/FirstPersonBP/Blueprints/BP_NetworkCharacter.PackageMetaData'
[2026.04.26-11.51.24:222][170]LogMetaData: Removing '/Game/Player/BP_NetworkCharacter.SKEL_BP_NetworkCharacter_C:InpAxisEvt_LookUpRate_K2Node_InputAxisEvent_62' ref from Metadata '/Game/FirstPerson/FirstPersonBP/Blueprints/BP_NetworkCharacter.PackageMetaData'
[2026.04.26-11.51.24:222][170]LogMetaData: Removing '/Game/Player/BP_NetworkCharacter.SKEL_BP_NetworkCharacter_C:ReceiveBeginPlay' ref from Metadata '/Game/FirstPerson/FirstPersonBP/Blueprints/BP_NetworkCharacter.PackageMetaData'
[2026.04.26-11.51.24:222][170]LogMetaData: Removing '/Game/Player/BP_NetworkCharacter.SKEL_BP_NetworkCharacter_C:UserConstructionScript' ref from Metadata '/Game/FirstPerson/FirstPersonBP/Blueprints/BP_NetworkCharacter.PackageMetaData'
[2026.04.26-11.51.24:222][170]LogMetaData: Removing '/Game/Player/BP_NetworkCharacter.BP_NetworkCharacter:GetPlayerViewPoint.K2Node_FunctionResult_0' ref from Metadata '/Game/FirstPerson/FirstPersonBP/Blueprints/BP_NetworkCharacter.PackageMetaData'
[2026.04.26-11.51.24:222][170]LogMetaData: Removing '/Game/Player/BP_NetworkCharacter.BP_NetworkCharacter:GetPlayerViewPoint.K2Node_FunctionEntry_111' ref from Metadata '/Game/FirstPerson/FirstPersonBP/Blueprints/BP_NetworkCharacter.PackageMetaData'
[2026.04.26-11.51.24:295][170]Cmd: OBJ SAVEPACKAGE PACKAGE="/Game/Player/BP_NetworkCharacter" FILE="../../../../../../LastStep/PROJECT-LAST-STEP/Playtime_Multiplayer/Content/Player/BP_NetworkCharacter.uasset" SILENT=true
[2026.04.26-11.51.24:358][170]LogSavePackage: Moving '../../../../../../LastStep/PROJECT-LAST-STEP/Playtime_Multiplayer/Saved/BP_NetworkCharacter0B4F4FE648658CA1AB0DD795296A54E4.tmp' to '../../../../../../LastStep/PROJECT-LAST-STEP/Playtime_Multiplayer/Content/Player/BP_NetworkCharacter.uasset'
[2026.04.26-11.51.24:519][170]LogUObjectHash: Compacting FUObjectHashTables data took   4.73ms
[2026.04.26-11.51.24:596][170]LogUObjectHash: Compacting FUObjectHashTables data took   3.03ms
[2026.04.26-11.51.24:637][170]LogUObjectHash: Compacting FUObjectHashTables data took   0.98ms
[2026.04.26-11.51.24:673][170]LogSavePackage: Moving '../../../../../../LastStep/PROJECT-LAST-STEP/Playtime_Multiplayer/Saved/FirstPersonCharacter4B10DF794F5AAD868253A399515227BA.tmp' to '../../../../../../LastStep/PROJECT-LAST-STEP/Playtime_Multiplayer/Content/FirstPerson/FirstPersonBP/Blueprints/FirstPersonCharacter.uasset'
[2026.04.26-11.51.24:745][170]AssetCheck: New page: Asset Save: multiple assets
[2026.04.26-11.51.24:745][170]LogContentValidation: Display: Validating Blueprint /Game/Player/BP_NetworkCharacter.BP_NetworkCharacter
[2026.04.26-11.51.24:745][170]LogContentValidation: Display: Validating ObjectRedirector /Game/FirstPerson/FirstPersonBP/Blueprints/FirstPersonCharacter.FirstPersonCharacter
[2026.04.26-11.51.24:745][170]LogContentValidation: Display: Validating ObjectRedirector /Game/FirstPerson/FirstPersonBP/Blueprints/FirstPersonCharacter.Default__FirstPersonCharacter_C
[2026.04.26-11.51.24:745][170]LogContentValidation: Display: Validating ObjectRedirector /Game/FirstPerson/FirstPersonBP/Blueprints/FirstPersonCharacter.FirstPersonCharacter_C
[2026.04.26-11.53.05:464][102]BlueprintLog: New page: Compile BP_NetworkCharacter
[2026.04.26-11.53.05:574][102]LogUObjectHash: Compacting FUObjectHashTables data took   6.06ms
[2026.04.26-11.53.11:993][378]LogAssetEditorSubsystem: Opening Asset editor for Blueprint /Game/Items/Cosmetics/BP_Cont/BP_PlayerCosmeticmesh.BP_PlayerCosmeticmesh
[2026.04.26-11.53.16:340][546]LogActorComponent: RegisterComponentWithWorld: (/Engine/Transient.World_5:PersistentLevel.DESTROYED_BP_PlayerCosmeticmesh_C_CHILDACTOR_9.DefaultSceneRoot) Trying to register component with IsPendingKill() == true. Aborting.
[2026.04.26-11.53.16:343][546]LogActorComponent: RegisterComponentWithWorld: (/Engine/Transient.World_2:PersistentLevel.DESTROYED_BP_PlayerCosmeticmesh_C_CHILDACTOR_9.DefaultSceneRoot) Trying to register component with IsPendingKill() == true. Aborting.
[2026.04.26-11.53.16:345][546]LogActorComponent: RegisterComponentWithWorld: (/Engine/Transient.World_0:PersistentLevel.DESTROYED_BP_PlayerCosmeticmesh_C_CHILDACTOR_35.DefaultSceneRoot) Trying to register component with IsPendingKill() == true. Aborting.
[2026.04.26-11.53.22:126][765]LogActorComponent: RegisterComponentWithWorld: (/Engine/Transient.World_5:PersistentLevel.DESTROYED_BP_PlayerCosmeticmesh_C_CHILDACTOR_11.DefaultSceneRoot) Trying to register component with IsPendingKill() == true. Aborting.
[2026.04.26-11.53.22:130][765]LogActorComponent: RegisterComponentWithWorld: (/Engine/Transient.World_2:PersistentLevel.DESTROYED_BP_PlayerCosmeticmesh_C_CHILDACTOR_11.DefaultSceneRoot) Trying to register component with IsPendingKill() == true. Aborting.
[2026.04.26-11.53.22:133][765]LogActorComponent: RegisterComponentWithWorld: (/Engine/Transient.World_0:PersistentLevel.DESTROYED_BP_PlayerCosmeticmesh_C_CHILDACTOR_37.DefaultSceneRoot) Trying to register component with IsPendingKill() == true. Aborting.
[2026.04.26-11.53.25:507][917]LogActorComponent: RegisterComponentWithWorld: (/Engine/Transient.World_5:PersistentLevel.DESTROYED_BP_PlayerCosmeticmesh_C_CHILDACTOR_13.DefaultSceneRoot) Trying to register component with IsPendingKill() == true. Aborting.
[2026.04.26-11.53.25:510][917]LogActorComponent: RegisterComponentWithWorld: (/Engine/Transient.World_2:PersistentLevel.DESTROYED_BP_PlayerCosmeticmesh_C_CHILDACTOR_13.DefaultSceneRoot) Trying to register component with IsPendingKill() == true. Aborting.
[2026.04.26-11.53.25:511][917]LogActorComponent: RegisterComponentWithWorld: (/Engine/Transient.World_0:PersistentLevel.DESTROYED_BP_PlayerCosmeticmesh_C_CHILDACTOR_39.DefaultSceneRoot) Trying to register component with IsPendingKill() == true. Aborting.
[2026.04.26-11.53.28:696][ 25]LogActorComponent: RegisterComponentWithWorld: (/Engine/Transient.World_5:PersistentLevel.DESTROYED_BP_PlayerCosmeticmesh_C_CHILDACTOR_15.DefaultSceneRoot) Trying to register component with IsPendingKill() == true. Aborting.
[2026.04.26-11.53.28:699][ 25]LogActorComponent: RegisterComponentWithWorld: (/Engine/Transient.World_2:PersistentLevel.DESTROYED_BP_PlayerCosmeticmesh_C_CHILDACTOR_15.DefaultSceneRoot) Trying to register component with IsPendingKill() == true. Aborting.
[2026.04.26-11.53.28:701][ 25]LogActorComponent: RegisterComponentWithWorld: (/Engine/Transient.World_0:PersistentLevel.DESTROYED_BP_PlayerCosmeticmesh_C_CHILDACTOR_41.DefaultSceneRoot) Trying to register component with IsPendingKill() == true. Aborting.
[2026.04.26-11.53.31:703][155]LogActorComponent: RegisterComponentWithWorld: (/Engine/Transient.World_5:PersistentLevel.DESTROYED_BP_PlayerCosmeticmesh_C_CHILDACTOR_17.DefaultSceneRoot) Trying to register component with IsPendingKill() == true. Aborting.
[2026.04.26-11.53.31:704][155]LogActorComponent: RegisterComponentWithWorld: (/Engine/Transient.World_2:PersistentLevel.DESTROYED_BP_PlayerCosmeticmesh_C_CHILDACTOR_17.DefaultSceneRoot) Trying to register component with IsPendingKill() == true. Aborting.
[2026.04.26-11.53.31:707][155]LogActorComponent: RegisterComponentWithWorld: (/Engine/Transient.World_0:PersistentLevel.DESTROYED_BP_PlayerCosmeticmesh_C_CHILDACTOR_43.DefaultSceneRoot) Trying to register component with IsPendingKill() == true. Aborting.
[2026.04.26-11.53.32:885][205]LogActorComponent: RegisterComponentWithWorld: (/Engine/Transient.World_5:PersistentLevel.DESTROYED_BP_PlayerCosmeticmesh_C_CHILDACTOR_19.DefaultSceneRoot) Trying to register component with IsPendingKill() == true. Aborting.
[2026.04.26-11.53.32:887][205]LogActorComponent: RegisterComponentWithWorld: (/Engine/Transient.World_2:PersistentLevel.DESTROYED_BP_PlayerCosmeticmesh_C_CHILDACTOR_19.DefaultSceneRoot) Trying to register component with IsPendingKill() == true. Aborting.
[2026.04.26-11.53.32:890][205]LogActorComponent: RegisterComponentWithWorld: (/Engine/Transient.World_0:PersistentLevel.DESTROYED_BP_PlayerCosmeticmesh_C_CHILDACTOR_45.DefaultSceneRoot) Trying to register component with IsPendingKill() == true. Aborting.
[2026.04.26-11.53.43:450][645]LogActorComponent: RegisterComponentWithWorld: (/Engine/Transient.World_5:PersistentLevel.DESTROYED_BP_PlayerCosmeticmesh_C_CHILDACTOR_21.DefaultSceneRoot) Trying to register component with IsPendingKill() == true. Aborting.
[2026.04.26-11.53.43:451][645]LogActorComponent: RegisterComponentWithWorld: (/Engine/Transient.World_2:PersistentLevel.DESTROYED_BP_PlayerCosmeticmesh_C_CHILDACTOR_21.DefaultSceneRoot) Trying to register component with IsPendingKill() == true. Aborting.
[2026.04.26-11.53.43:453][645]LogActorComponent: RegisterComponentWithWorld: (/Engine/Transient.World_0:PersistentLevel.DESTROYED_BP_PlayerCosmeticmesh_C_CHILDACTOR_47.DefaultSceneRoot) Trying to register component with IsPendingKill() == true. Aborting.
[2026.04.26-11.54.28:611][270]LogActorComponent: RegisterComponentWithWorld: (/Engine/Transient.World_5:PersistentLevel.DESTROYED_BP_PlayerCosmeticmesh_C_CHILDACTOR_23.DefaultSceneRoot) Trying to register component with IsPendingKill() == true. Aborting.
[2026.04.26-11.54.28:615][270]LogActorComponent: RegisterComponentWithWorld: (/Engine/Transient.World_2:PersistentLevel.DESTROYED_BP_PlayerCosmeticmesh_C_CHILDACTOR_23.DefaultSceneRoot) Trying to register component with IsPendingKill() == true. Aborting.
[2026.04.26-11.54.28:616][270]LogActorComponent: RegisterComponentWithWorld: (/Engine/Transient.World_0:PersistentLevel.DESTROYED_BP_PlayerCosmeticmesh_C_CHILDACTOR_49.DefaultSceneRoot) Trying to register component with IsPendingKill() == true. Aborting.
[2026.04.26-11.54.32:673][405]LogActorComponent: RegisterComponentWithWorld: (/Engine/Transient.World_5:PersistentLevel.DESTROYED_BP_PlayerCosmeticmesh_C_CHILDACTOR_25.DefaultSceneRoot) Trying to register component with IsPendingKill() == true. Aborting.
[2026.04.26-11.54.32:676][405]LogActorComponent: RegisterComponentWithWorld: (/Engine/Transient.World_2:PersistentLevel.DESTROYED_BP_PlayerCosmeticmesh_C_CHILDACTOR_25.DefaultSceneRoot) Trying to register component with IsPendingKill() == true. Aborting.
[2026.04.26-11.54.32:678][405]LogActorComponent: RegisterComponentWithWorld: (/Engine/Transient.World_0:PersistentLevel.DESTROYED_BP_PlayerCosmeticmesh_C_CHILDACTOR_51.DefaultSceneRoot) Trying to register component with IsPendingKill() == true. Aborting.
[2026.04.26-11.54.34:726][497]LogActorComponent: RegisterComponentWithWorld: (/Engine/Transient.World_5:PersistentLevel.DESTROYED_BP_PlayerCosmeticmesh_C_CHILDACTOR_27.DefaultSceneRoot) Trying to register component with IsPendingKill() == true. Aborting.
[2026.04.26-11.54.34:728][497]LogActorComponent: RegisterComponentWithWorld: (/Engine/Transient.World_2:PersistentLevel.DESTROYED_BP_PlayerCosmeticmesh_C_CHILDACTOR_27.DefaultSceneRoot) Trying to register component with IsPendingKill() == true. Aborting.
[2026.04.26-11.54.34:731][497]LogActorComponent: RegisterComponentWithWorld: (/Engine/Transient.World_0:PersistentLevel.DESTROYED_BP_PlayerCosmeticmesh_C_CHILDACTOR_53.DefaultSceneRoot) Trying to register component with IsPendingKill() == true. Aborting.
[2026.04.26-11.54.37:901][626]LogActorComponent: RegisterComponentWithWorld: (/Engine/Transient.World_5:PersistentLevel.DESTROYED_BP_PlayerCosmeticmesh_C_CHILDACTOR_29.DefaultSceneRoot) Trying to register component with IsPendingKill() == true. Aborting.
[2026.04.26-11.54.37:902][626]LogActorComponent: RegisterComponentWithWorld: (/Engine/Transient.World_2:PersistentLevel.DESTROYED_BP_PlayerCosmeticmesh_C_CHILDACTOR_29.DefaultSceneRoot) Trying to register component with IsPendingKill() == true. Aborting.
[2026.04.26-11.54.37:904][626]LogActorComponent: RegisterComponentWithWorld: (/Engine/Transient.World_0:PersistentLevel.DESTROYED_BP_PlayerCosmeticmesh_C_CHILDACTOR_55.DefaultSceneRoot) Trying to register component with IsPendingKill() == true. Aborting.
[2026.04.26-11.54.41:240][737]LogActorComponent: RegisterComponentWithWorld: (/Engine/Transient.World_5:PersistentLevel.DESTROYED_BP_PlayerCosmeticmesh_C_CHILDACTOR_31.DefaultSceneRoot) Trying to register component with IsPendingKill() == true. Aborting.
[2026.04.26-11.54.41:243][737]LogActorComponent: RegisterComponentWithWorld: (/Engine/Transient.World_2:PersistentLevel.DESTROYED_BP_PlayerCosmeticmesh_C_CHILDACTOR_31.DefaultSceneRoot) Trying to register component with IsPendingKill() == true. Aborting.
[2026.04.26-11.54.41:245][737]LogActorComponent: RegisterComponentWithWorld: (/Engine/Transient.World_0:PersistentLevel.DESTROYED_BP_PlayerCosmeticmesh_C_CHILDACTOR_57.DefaultSceneRoot) Trying to register component with IsPendingKill() == true. Aborting.
[2026.04.26-11.54.43:891][853]LogActorComponent: RegisterComponentWithWorld: (/Engine/Transient.World_5:PersistentLevel.DESTROYED_BP_PlayerCosmeticmesh_C_CHILDACTOR_33.DefaultSceneRoot) Trying to register component with IsPendingKill() == true. Aborting.
[2026.04.26-11.54.43:894][853]LogActorComponent: RegisterComponentWithWorld: (/Engine/Transient.World_2:PersistentLevel.DESTROYED_BP_PlayerCosmeticmesh_C_CHILDACTOR_33.DefaultSceneRoot) Trying to register component with IsPendingKill() == true. Aborting.
[2026.04.26-11.54.43:896][853]LogActorComponent: RegisterComponentWithWorld: (/Engine/Transient.World_0:PersistentLevel.DESTROYED_BP_PlayerCosmeticmesh_C_CHILDACTOR_59.DefaultSceneRoot) Trying to register component with IsPendingKill() == true. Aborting.
[2026.04.26-11.54.51:401][146]LogActorComponent: RegisterComponentWithWorld: (/Engine/Transient.World_5:PersistentLevel.DESTROYED_BP_PlayerCosmeticmesh_C_CHILDACTOR_35.DefaultSceneRoot) Trying to register component with IsPendingKill() == true. Aborting.
[2026.04.26-11.54.51:404][146]LogActorComponent: RegisterComponentWithWorld: (/Engine/Transient.World_2:PersistentLevel.DESTROYED_BP_PlayerCosmeticmesh_C_CHILDACTOR_35.DefaultSceneRoot) Trying to register component with IsPendingKill() == true. Aborting.
[2026.04.26-11.54.51:405][146]LogActorComponent: RegisterComponentWithWorld: (/Engine/Transient.World_0:PersistentLevel.DESTROYED_BP_PlayerCosmeticmesh_C_CHILDACTOR_61.DefaultSceneRoot) Trying to register component with IsPendingKill() == true. Aborting.
[2026.04.26-11.54.54:401][248]LogActorComponent: RegisterComponentWithWorld: (/Engine/Transient.World_5:PersistentLevel.DESTROYED_BP_PlayerCosmeticmesh_C_CHILDACTOR_37.DefaultSceneRoot) Trying to register component with IsPendingKill() == true. Aborting.
[2026.04.26-11.54.54:403][248]LogActorComponent: RegisterComponentWithWorld: (/Engine/Transient.World_2:PersistentLevel.DESTROYED_BP_PlayerCosmeticmesh_C_CHILDACTOR_37.DefaultSceneRoot) Trying to register component with IsPendingKill() == true. Aborting.
[2026.04.26-11.54.54:404][248]LogActorComponent: RegisterComponentWithWorld: (/Engine/Transient.World_0:PersistentLevel.DESTROYED_BP_PlayerCosmeticmesh_C_CHILDACTOR_63.DefaultSceneRoot) Trying to register component with IsPendingKill() == true. Aborting.
[2026.04.26-11.54.58:764][466]LogActorComponent: RegisterComponentWithWorld: (/Engine/Transient.World_5:PersistentLevel.DESTROYED_BP_PlayerCosmeticmesh_C_CHILDACTOR_39.DefaultSceneRoot) Trying to register component with IsPendingKill() == true. Aborting.
[2026.04.26-11.54.58:766][466]LogActorComponent: RegisterComponentWithWorld: (/Engine/Transient.World_2:PersistentLevel.DESTROYED_BP_PlayerCosmeticmesh_C_CHILDACTOR_39.DefaultSceneRoot) Trying to register component with IsPendingKill() == true. Aborting.
[2026.04.26-11.54.58:769][466]LogActorComponent: RegisterComponentWithWorld: (/Engine/Transient.World_0:PersistentLevel.DESTROYED_BP_PlayerCosmeticmesh_C_CHILDACTOR_65.DefaultSceneRoot) Trying to register component with IsPendingKill() == true. Aborting.
[2026.04.26-11.55.00:291][529]LogActorComponent: RegisterComponentWithWorld: (/Engine/Transient.World_5:PersistentLevel.DESTROYED_BP_PlayerCosmeticmesh_C_CHILDACTOR_41.DefaultSceneRoot) Trying to register component with IsPendingKill() == true. Aborting.
[2026.04.26-11.55.00:293][529]LogActorComponent: RegisterComponentWithWorld: (/Engine/Transient.World_2:PersistentLevel.DESTROYED_BP_PlayerCosmeticmesh_C_CHILDACTOR_41.DefaultSceneRoot) Trying to register component with IsPendingKill() == true. Aborting.
[2026.04.26-11.55.00:296][529]LogActorComponent: RegisterComponentWithWorld: (/Engine/Transient.World_0:PersistentLevel.DESTROYED_BP_PlayerCosmeticmesh_C_CHILDACTOR_67.DefaultSceneRoot) Trying to register component with IsPendingKill() == true. Aborting.
[2026.04.26-11.55.06:847][823]LogActorComponent: RegisterComponentWithWorld: (/Engine/Transient.World_5:PersistentLevel.DESTROYED_BP_PlayerCosmeticmesh_C_CHILDACTOR_43.DefaultSceneRoot) Trying to register component with IsPendingKill() == true. Aborting.
[2026.04.26-11.55.06:852][823]LogActorComponent: RegisterComponentWithWorld: (/Engine/Transient.World_2:PersistentLevel.DESTROYED_BP_PlayerCosmeticmesh_C_CHILDACTOR_43.DefaultSceneRoot) Trying to register component with IsPendingKill() == true. Aborting.
[2026.04.26-11.55.06:853][823]LogActorComponent: RegisterComponentWithWorld: (/Engine/Transient.World_0:PersistentLevel.DESTROYED_BP_PlayerCosmeticmesh_C_CHILDACTOR_69.DefaultSceneRoot) Trying to register component with IsPendingKill() == true. Aborting.
[2026.04.26-11.55.09:469][908]LogActorComponent: RegisterComponentWithWorld: (/Engine/Transient.World_5:PersistentLevel.DESTROYED_BP_PlayerCosmeticmesh_C_CHILDACTOR_45.DefaultSceneRoot) Trying to register component with IsPendingKill() == true. Aborting.
[2026.04.26-11.55.09:472][908]LogActorComponent: RegisterComponentWithWorld: (/Engine/Transient.World_2:PersistentLevel.DESTROYED_BP_PlayerCosmeticmesh_C_CHILDACTOR_45.DefaultSceneRoot) Trying to register component with IsPendingKill() == true. Aborting.
[2026.04.26-11.55.09:473][908]LogActorComponent: RegisterComponentWithWorld: (/Engine/Transient.World_0:PersistentLevel.DESTROYED_BP_PlayerCosmeticmesh_C_CHILDACTOR_71.DefaultSceneRoot) Trying to register component with IsPendingKill() == true. Aborting.
[2026.04.26-11.55.21:979][405]LogActorComponent: RegisterComponentWithWorld: (/Engine/Transient.World_5:PersistentLevel.DESTROYED_BP_PlayerCosmeticmesh_C_CHILDACTOR_47.DefaultSceneRoot) Trying to register component with IsPendingKill() == true. Aborting.
[2026.04.26-11.55.21:981][405]LogActorComponent: RegisterComponentWithWorld: (/Engine/Transient.World_2:PersistentLevel.DESTROYED_BP_PlayerCosmeticmesh_C_CHILDACTOR_47.DefaultSceneRoot) Trying to register component with IsPendingKill() == true. Aborting.
[2026.04.26-11.55.21:984][405]LogActorComponent: RegisterComponentWithWorld: (/Engine/Transient.World_0:PersistentLevel.DESTROYED_BP_PlayerCosmeticmesh_C_CHILDACTOR_73.DefaultSceneRoot) Trying to register component with IsPendingKill() == true. Aborting.
[2026.04.26-11.55.26:126][564]LogActorComponent: RegisterComponentWithWorld: (/Engine/Transient.World_5:PersistentLevel.DESTROYED_BP_PlayerCosmeticmesh_C_CHILDACTOR_49.DefaultSceneRoot) Trying to register component with IsPendingKill() == true. Aborting.
[2026.04.26-11.55.26:129][564]LogActorComponent: RegisterComponentWithWorld: (/Engine/Transient.World_2:PersistentLevel.DESTROYED_BP_PlayerCosmeticmesh_C_CHILDACTOR_49.DefaultSceneRoot) Trying to register component with IsPendingKill() == true. Aborting.
[2026.04.26-11.55.26:132][564]LogActorComponent: RegisterComponentWithWorld: (/Engine/Transient.World_0:PersistentLevel.DESTROYED_BP_PlayerCosmeticmesh_C_CHILDACTOR_75.DefaultSceneRoot) Trying to register component with IsPendingKill() == true. Aborting.
[2026.04.26-11.55.31:411][752]LogActorComponent: RegisterComponentWithWorld: (/Engine/Transient.World_5:PersistentLevel.DESTROYED_BP_PlayerCosmeticmesh_C_CHILDACTOR_51.DefaultSceneRoot) Trying to register component with IsPendingKill() == true. Aborting.
[2026.04.26-11.55.31:414][752]LogActorComponent: RegisterComponentWithWorld: (/Engine/Transient.World_2:PersistentLevel.DESTROYED_BP_PlayerCosmeticmesh_C_CHILDACTOR_51.DefaultSceneRoot) Trying to register component with IsPendingKill() == true. Aborting.
[2026.04.26-11.55.31:416][752]LogActorComponent: RegisterComponentWithWorld: (/Engine/Transient.World_0:PersistentLevel.DESTROYED_BP_PlayerCosmeticmesh_C_CHILDACTOR_77.DefaultSceneRoot) Trying to register component with IsPendingKill() == true. Aborting.
[2026.04.26-11.56.33:810][129]LogActorComponent: RegisterComponentWithWorld: (/Engine/Transient.World_5:PersistentLevel.DESTROYED_BP_PlayerCosmeticmesh_C_CHILDACTOR_55.DefaultSceneRoot) Trying to register component with IsPendingKill() == true. Aborting.
[2026.04.26-11.56.33:813][129]LogActorComponent: RegisterComponentWithWorld: (/Engine/Transient.World_2:PersistentLevel.DESTROYED_BP_PlayerCosmeticmesh_C_CHILDACTOR_55.DefaultSceneRoot) Trying to register component with IsPendingKill() == true. Aborting.
[2026.04.26-11.56.33:816][129]LogActorComponent: RegisterComponentWithWorld: (/Engine/Transient.World_0:PersistentLevel.DESTROYED_BP_PlayerCosmeticmesh_C_CHILDACTOR_81.DefaultSceneRoot) Trying to register component with IsPendingKill() == true. Aborting.
[2026.04.26-11.57.07:161][357]LogActorComponent: RegisterComponentWithWorld: (/Engine/Transient.World_5:PersistentLevel.DESTROYED_BP_PlayerCosmeticmesh_C_CHILDACTOR_57.DefaultSceneRoot) Trying to register component with IsPendingKill() == true. Aborting.
[2026.04.26-11.57.07:164][357]LogActorComponent: RegisterComponentWithWorld: (/Engine/Transient.World_2:PersistentLevel.DESTROYED_BP_PlayerCosmeticmesh_C_CHILDACTOR_57.DefaultSceneRoot) Trying to register component with IsPendingKill() == true. Aborting.
[2026.04.26-11.57.07:168][357]LogActorComponent: RegisterComponentWithWorld: (/Engine/Transient.World_0:PersistentLevel.DESTROYED_BP_PlayerCosmeticmesh_C_CHILDACTOR_83.DefaultSceneRoot) Trying to register component with IsPendingKill() == true. Aborting.
[2026.04.26-11.57.13:257][616]LogActorComponent: RegisterComponentWithWorld: (/Engine/Transient.World_5:PersistentLevel.DESTROYED_BP_PlayerCosmeticmesh_C_CHILDACTOR_61.DefaultSceneRoot) Trying to register component with IsPendingKill() == true. Aborting.
[2026.04.26-11.57.13:260][616]LogActorComponent: RegisterComponentWithWorld: (/Engine/Transient.World_2:PersistentLevel.DESTROYED_BP_PlayerCosmeticmesh_C_CHILDACTOR_61.DefaultSceneRoot) Trying to register component with IsPendingKill() == true. Aborting.
[2026.04.26-11.57.13:264][616]LogActorComponent: RegisterComponentWithWorld: (/Engine/Transient.World_0:PersistentLevel.DESTROYED_BP_PlayerCosmeticmesh_C_CHILDACTOR_87.DefaultSceneRoot) Trying to register component with IsPendingKill() == true. Aborting.
[2026.04.26-11.57.16:819][729]LogEditorTransaction: Undo Modify Component(s)
[2026.04.26-11.57.28:595][121]LogSlate: Prevented a slow task dialog from being summoned while a context menu was open
[2026.04.26-11.57.28:636][121]LogEditorClassViewer: Warning: Class /Engine/Tutorial/InWorldBlueprintEditing/TutorialAssets/IWBE_Blutility.IWBE_Blutility_C has parent /Script/Blutility.PlacedEditorUtilityBase, but this parent is not found. The Class will not be shown in ClassViewer.
[2026.04.26-11.57.34:980][375]LogActorComponent: RegisterComponentWithWorld: (/Engine/Transient.World_5:PersistentLevel.DESTROYED_BP_PlayerCosmeticmesh_C_CHILDACTOR_65.DefaultSceneRoot) Trying to register component with IsPendingKill() == true. Aborting.
[2026.04.26-11.57.34:983][375]LogActorComponent: RegisterComponentWithWorld: (/Engine/Transient.World_2:PersistentLevel.DESTROYED_BP_PlayerCosmeticmesh_C_CHILDACTOR_65.DefaultSceneRoot) Trying to register component with IsPendingKill() == true. Aborting.
[2026.04.26-11.57.34:989][375]LogActorComponent: RegisterComponentWithWorld: (/Engine/Transient.World_0:PersistentLevel.DESTROYED_BP_PlayerCosmeticmesh_C_CHILDACTOR_91.DefaultSceneRoot) Trying to register component with IsPendingKill() == true. Aborting.
[2026.04.26-11.57.43:430][813]LogActorComponent: RegisterComponentWithWorld: (/Engine/Transient.World_5:PersistentLevel.DESTROYED_BP_PlayerCosmeticmesh_C_CHILDACTOR_69.DefaultSceneRoot) Trying to register component with IsPendingKill() == true. Aborting.
[2026.04.26-11.57.43:433][813]LogActorComponent: RegisterComponentWithWorld: (/Engine/Transient.World_2:PersistentLevel.DESTROYED_BP_PlayerCosmeticmesh_C_CHILDACTOR_69.DefaultSceneRoot) Trying to register component with IsPendingKill() == true. Aborting.
[2026.04.26-11.57.43:439][813]LogActorComponent: RegisterComponentWithWorld: (/Engine/Transient.World_0:PersistentLevel.DESTROYED_BP_PlayerCosmeticmesh_C_CHILDACTOR_95.DefaultSceneRoot) Trying to register component with IsPendingKill() == true. Aborting.
[2026.04.26-11.58.42:218][907]LogActorComponent: RegisterComponentWithWorld: (/Engine/Transient.World_5:PersistentLevel.DESTROYED_BP_PlayerCosmeticmesh_C_CHILDACTOR_71.DefaultSceneRoot) Trying to register component with IsPendingKill() == true. Aborting.
[2026.04.26-11.58.42:222][907]LogActorComponent: RegisterComponentWithWorld: (/Engine/Transient.World_2:PersistentLevel.DESTROYED_BP_PlayerCosmeticmesh_C_CHILDACTOR_71.DefaultSceneRoot) Trying to register component with IsPendingKill() == true. Aborting.
[2026.04.26-11.58.42:227][907]LogActorComponent: RegisterComponentWithWorld: (/Engine/Transient.World_0:PersistentLevel.DESTROYED_BP_PlayerCosmeticmesh_C_CHILDACTOR_97.DefaultSceneRoot) Trying to register component with IsPendingKill() == true. Aborting.
[2026.04.26-11.58.47:428][150]BlueprintLog: New page: Compile BP_PlayerCosmeticmesh
[2026.04.26-11.58.47:612][150]LogUObjectHash: Compacting FUObjectHashTables data took   5.32ms
[2026.04.26-11.58.47:625][150]LogActorComponent: RegisterComponentWithWorld: (/Engine/Transient.World_5:PersistentLevel.DESTROYED_BP_PlayerCosmeticmesh_C_CHILDACTOR_73.DefaultSceneRoot) Trying to register component with IsPendingKill() == true. Aborting.
[2026.04.26-11.58.47:628][150]LogActorComponent: RegisterComponentWithWorld: (/Engine/Transient.World_2:PersistentLevel.DESTROYED_BP_PlayerCosmeticmesh_C_CHILDACTOR_73.DefaultSceneRoot) Trying to register component with IsPendingKill() == true. Aborting.
[2026.04.26-11.58.47:633][150]LogActorComponent: RegisterComponentWithWorld: (/Engine/Transient.World_0:PersistentLevel.DESTROYED_BP_PlayerCosmeticmesh_C_CHILDACTOR_99.DefaultSceneRoot) Trying to register component with IsPendingKill() == true. Aborting.
[2026.04.26-11.58.47:645][150]LogActorComponent: RegisterComponentWithWorld: (/Engine/Transient.World_5:PersistentLevel.DESTROYED_BP_PlayerCosmeticmesh_C_CHILDACTOR_75.DefaultSceneRoot) Trying to register component with IsPendingKill() == true. Aborting.
[2026.04.26-11.58.47:649][150]LogActorComponent: RegisterComponentWithWorld: (/Engine/Transient.World_2:PersistentLevel.DESTROYED_BP_PlayerCosmeticmesh_C_CHILDACTOR_75.DefaultSceneRoot) Trying to register component with IsPendingKill() == true. Aborting.
[2026.04.26-11.58.47:653][150]LogActorComponent: RegisterComponentWithWorld: (/Engine/Transient.World_0:PersistentLevel.DESTROYED_BP_PlayerCosmeticmesh_C_CHILDACTOR_101.DefaultSceneRoot) Trying to register component with IsPendingKill() == true. Aborting.
[2026.04.26-11.59.40:626][951]LogUObjectHash: Compacting FUObjectHashTables data took   5.52ms
[2026.04.26-11.59.40:629][951]LogFileHelpers: Editor autosave (incl. external actors) for '/Temp/Untitled_0' took 0.065
[2026.04.26-11.59.40:633][951]OBJ SavePackage: Generating thumbnails for [2] asset(s) in package [/Game/Items/Cosmetics/BP_Cont/BP_PlayerCosmeticmesh] ([2] browsable assets)...
[2026.04.26-11.59.40:676][951]OBJ SavePackage:     Rendered thumbnail for [Blueprint /Game/Items/Cosmetics/BP_Cont/BP_PlayerCosmeticmesh.BP_PlayerCosmeticmesh]
[2026.04.26-11.59.40:676][951]OBJ SavePackage: Finished generating thumbnails for package [/Game/Items/Cosmetics/BP_Cont/BP_PlayerCosmeticmesh]
[2026.04.26-11.59.40:698][951]LogSavePackage: Moving '../../../../../../LastStep/PROJECT-LAST-STEP/Playtime_Multiplayer/Saved/BP_PlayerCosmeticmesh_Auto17C342406473D6BC4EFD34792C56DEC1B.tmp' to '../../../../../../LastStep/PROJECT-LAST-STEP/Playtime_Multiplayer/Saved/Autosaves/Game/Items/Cosmetics/BP_Cont/BP_PlayerCosmeticmesh_Auto1.uasset'
[2026.04.26-11.59.40:701][951]OBJ SavePackage: Generating thumbnails for [0] asset(s) in package [/Game/Player/BP_NetworkCharacter] ([2] browsable assets)...
[2026.04.26-11.59.40:701][951]OBJ SavePackage: Finished generating thumbnails for package [/Game/Player/BP_NetworkCharacter]
[2026.04.26-11.59.40:746][951]LogSavePackage: Moving '../../../../../../LastStep/PROJECT-LAST-STEP/Playtime_Multiplayer/Saved/BP_NetworkCharacter_Auto1F8555AFB4F593785CEA01F93908CA029.tmp' to '../../../../../../LastStep/PROJECT-LAST-STEP/Playtime_Multiplayer/Saved/Autosaves/Game/Player/BP_NetworkCharacter_Auto1.uasset'
[2026.04.26-11.59.40:748][951]LogFileHelpers: Auto-saving content packages took 0.117
[2026.04.26-12.08.04:511][952]LogActorComponent: RegisterComponentWithWorld: (/Engine/Transient.World_0:PersistentLevel.DESTROYED_BP_PlayerCosmeticmesh_C_CHILDACTOR_105.DefaultSceneRoot) Trying to register component with IsPendingKill() == true. Aborting.
[2026.04.26-12.08.04:514][952]LogActorComponent: RegisterComponentWithWorld: (/Engine/Transient.World_2:PersistentLevel.DESTROYED_BP_PlayerCosmeticmesh_C_CHILDACTOR_79.DefaultSceneRoot) Trying to register component with IsPendingKill() == true. Aborting.
[2026.04.26-12.08.04:518][952]LogActorComponent: RegisterComponentWithWorld: (/Engine/Transient.World_5:PersistentLevel.DESTROYED_BP_PlayerCosmeticmesh_C_CHILDACTOR_79.DefaultSceneRoot) Trying to register component with IsPendingKill() == true. Aborting.
[2026.04.26-12.08.08:695][ 88]LogEditorTransaction: Undo Edit Skeletal Mesh
[2026.04.26-12.08.19:766][453]LogScript: Warning: Attempted to access TRASH_SkeletalMeshComponent_81 via property Grabpack, but TRASH_SkeletalMeshComponent_81 is pending kill
	BP_PlayerCosmeticmesh_C /Engine/Transient.World_8:PersistentLevel.BP_PlayerCosmeticmesh_C_0
	Function /Game/Items/Cosmetics/BP_Cont/BP_PlayerCosmeticmesh.BP_PlayerCosmeticmesh_C:UserConstructionScript:0061
[2026.04.26-12.08.19:771][453]LogScript: Warning: Attempted to access TRASH_SkeletalMeshComponent_31 via property Grabpack, but TRASH_SkeletalMeshComponent_31 is pending kill
	BP_PlayerCosmeticmesh_C /Engine/Transient.World_9:PersistentLevel.BP_PlayerCosmeticmesh_C_1
	Function /Game/Items/Cosmetics/BP_Cont/BP_PlayerCosmeticmesh.BP_PlayerCosmeticmesh_C:UserConstructionScript:0061
[2026.04.26-12.08.19:776][453]LogScript: Warning: Accessed None trying to read property Grabpack
	BP_PlayerCosmeticmesh_C /Engine/Transient.World_0:PersistentLevel.BP_PlayerCosmeticmesh_GEN_VARIABLE_BP_PlayerCosmeticmesh_C_CAT_108
	Function /Game/Items/Cosmetics/BP_Cont/BP_PlayerCosmeticmesh.BP_PlayerCosmeticmesh_C:UserConstructionScript:0061
[2026.04.26-12.08.19:777][453]LogActorComponent: RegisterComponentWithWorld: (/Engine/Transient.World_0:PersistentLevel.DESTROYED_BP_PlayerCosmeticmesh_C_CHILDACTOR_107.DefaultSceneRoot) Trying to register component with IsPendingKill() == true. Aborting.
[2026.04.26-12.08.19:780][453]LogScript: Warning: Accessed None trying to read property Grabpack
	BP_PlayerCosmeticmesh_C /Engine/Transient.World_2:PersistentLevel.BP_PlayerCosmeticmesh_GEN_VARIABLE_BP_PlayerCosmeticmesh_C_CAT_82
	Function /Game/Items/Cosmetics/BP_Cont/BP_PlayerCosmeticmesh.BP_PlayerCosmeticmesh_C:UserConstructionScript:0061
[2026.04.26-12.08.19:781][453]LogActorComponent: RegisterComponentWithWorld: (/Engine/Transient.World_2:PersistentLevel.DESTROYED_BP_PlayerCosmeticmesh_C_CHILDACTOR_81.DefaultSceneRoot) Trying to register component with IsPendingKill() == true. Aborting.
[2026.04.26-12.08.19:786][453]LogScript: Warning: Accessed None trying to read property Grabpack
	BP_PlayerCosmeticmesh_C /Engine/Transient.World_5:PersistentLevel.BP_PlayerCosmeticmesh_GEN_VARIABLE_BP_PlayerCosmeticmesh_C_CAT_82
	Function /Game/Items/Cosmetics/BP_Cont/BP_PlayerCosmeticmesh.BP_PlayerCosmeticmesh_C:UserConstructionScript:0061
[2026.04.26-12.08.19:787][453]LogActorComponent: RegisterComponentWithWorld: (/Engine/Transient.World_5:PersistentLevel.DESTROYED_BP_PlayerCosmeticmesh_C_CHILDACTOR_81.DefaultSceneRoot) Trying to register component with IsPendingKill() == true. Aborting.
[2026.04.26-12.08.19:834][453]LogScript: Warning: Attempted to access TRASH_SkeletalMeshComponent_81 via property Grabpack, but TRASH_SkeletalMeshComponent_81 is pending kill
	BP_PlayerCosmeticmesh_C /Engine/Transient.World_8:PersistentLevel.BP_PlayerCosmeticmesh_C_0
	Function /Game/Items/Cosmetics/BP_Cont/BP_PlayerCosmeticmesh.BP_PlayerCosmeticmesh_C:UserConstructionScript:0061
[2026.04.26-12.08.28:586][750]LogUObjectHash: Compacting FUObjectHashTables data took   4.32ms
[2026.04.26-12.08.29:431][750]LogSlate: Window 'Save Content' being destroyed
[2026.04.26-12.08.29:486][750]Cmd: OBJ SAVEPACKAGE PACKAGE="/Game/Player/BP_NetworkCharacter" FILE="../../../../../../LastStep/PROJECT-LAST-STEP/Playtime_Multiplayer/Content/Player/BP_NetworkCharacter.uasset" SILENT=true
[2026.04.26-12.08.29:559][750]LogSavePackage: Moving '../../../../../../LastStep/PROJECT-LAST-STEP/Playtime_Multiplayer/Saved/BP_NetworkCharacterEFC301144DEE1B7451DD2284D153EAD7.tmp' to '../../../../../../LastStep/PROJECT-LAST-STEP/Playtime_Multiplayer/Content/Player/BP_NetworkCharacter.uasset'
[2026.04.26-12.08.29:638][750]LogSavePackage: Moving '../../../../../../LastStep/PROJECT-LAST-STEP/Playtime_Multiplayer/Saved/BP_PlayerCosmeticmesh4A3C461F41EB31CE95EB28A14CB7BFB9.tmp' to '../../../../../../LastStep/PROJECT-LAST-STEP/Playtime_Multiplayer/Content/Items/Cosmetics/BP_Cont/BP_PlayerCosmeticmesh.uasset'
[2026.04.26-12.08.29:666][750]AssetCheck: New page: Asset Save: multiple assets
[2026.04.26-12.08.29:666][750]LogContentValidation: Display: Validating Blueprint /Game/Player/BP_NetworkCharacter.BP_NetworkCharacter
[2026.04.26-12.08.29:666][750]LogContentValidation: Display: Validating Blueprint /Game/Items/Cosmetics/BP_Cont/BP_PlayerCosmeticmesh.BP_PlayerCosmeticmesh
[2026.04.26-12.08.32:633][855]LogUObjectHash: Compacting FUObjectHashTables data took   1.03ms
[2026.04.26-12.08.32:672][855]LogWorld: UWorld::CleanupWorld for World_0, bSessionEnded=true, bCleanupResources=true
[2026.04.26-12.08.32:675][855]LogSlate: InvalidateAllWidgets triggered.  All widgets were invalidated
[2026.04.26-12.08.32:787][855]LogActorComponent: UnregisterComponent: (/Engine/Transient.EditorFloorComp) Not registered. Aborting.
[2026.04.26-12.08.32:787][855]LogWorld: UWorld::CleanupWorld for World_8, bSessionEnded=true, bCleanupResources=true
[2026.04.26-12.08.32:787][855]LogSlate: InvalidateAllWidgets triggered.  All widgets were invalidated
[2026.04.26-12.08.32:938][855]LogSlate: Window 'Playtime_Multiplayer - Unreal Editor' being destroyed
[2026.04.26-12.08.33:139][856]Cmd: QUIT_EDITOR
[2026.04.26-12.08.33:139][856]LogCore: Engine exit requested (reason: UUnrealEdEngine::CloseEditor())
[2026.04.26-12.08.33:149][856]LogCore: Engine exit requested (reason: EngineExit() was called; note: exit was already requested)
[2026.04.26-12.08.33:162][856]LogAudio: Display: Beginning Audio Device Manager Shutdown (Module: AudioMixerXAudio2)...
[2026.04.26-12.08.33:162][856]LogAudio: Display: Destroying 1 Remaining Audio Device(s)...
[2026.04.26-12.08.33:164][856]LogAudio: Display: Audio Device unregistered from world 'Untitled'.
[2026.04.26-12.08.33:169][856]LogAudioMixer: FMixerPlatformXAudio2::StopAudioStream() called
[2026.04.26-12.08.33:171][856]LogAudioMixer: FMixerPlatformXAudio2::StopAudioStream() called
[2026.04.26-12.08.33:185][856]LogAudio: Display: Audio Device Manager Shutdown
[2026.04.26-12.08.33:186][856]LogWindowsTextInputMethodSystem: Display: IME system deactivated.
[2026.04.26-12.08.33:199][856]LogExit: Preparing to exit.
[2026.04.26-12.08.33:867][856]LogUObjectHash: Compacting FUObjectHashTables data took   6.50ms
[2026.04.26-12.08.34:101][856]LogWorld: UWorld::CleanupWorld for World_2, bSessionEnded=true, bCleanupResources=true
[2026.04.26-12.08.34:105][856]LogWorld: UWorld::CleanupWorld for World_5, bSessionEnded=true, bCleanupResources=true
[2026.04.26-12.08.34:109][856]LogWorld: UWorld::CleanupWorld for World_9, bSessionEnded=true, bCleanupResources=true
[2026.04.26-12.08.34:113][856]LogWorld: UWorld::CleanupWorld for World_4, bSessionEnded=true, bCleanupResources=true
[2026.04.26-12.08.34:117][856]LogWorld: UWorld::CleanupWorld for World_3, bSessionEnded=true, bCleanupResources=true
[2026.04.26-12.08.34:121][856]LogWorld: UWorld::CleanupWorld for World_1, bSessionEnded=true, bCleanupResources=true
[2026.04.26-12.08.34:124][856]LogWorld: UWorld::CleanupWorld for World_7, bSessionEnded=true, bCleanupResources=true
[2026.04.26-12.08.34:129][856]LogWorld: UWorld::CleanupWorld for World_6, bSessionEnded=true, bCleanupResources=true
[2026.04.26-12.08.34:253][856]LogDemo: Cleaned up 0 splitscreen connections with owner deletion
[2026.04.26-12.08.34:298][856]LogWorld: UWorld::CleanupWorld for None, bSessionEnded=true, bCleanupResources=true
[2026.04.26-12.08.34:301][856]LogExit: Editor shut down
[2026.04.26-12.08.34:305][856]LogExit: Transaction tracking system shut down
[2026.04.26-12.08.35:457][856]LogExit: Object subsystem successfully closed.
[2026.04.26-12.08.35:474][856]LogShaderCompilers: Display: === FShaderJobCache stats ===
[2026.04.26-12.08.35:474][856]LogShaderCompilers: Display: Total job queries 0, among them cache hits 0 (0.00%)
[2026.04.26-12.08.35:474][856]LogShaderCompilers: Display: Tracking 0 distinct input hashes that result in 0 distinct outputs (0.00%)
[2026.04.26-12.08.35:474][856]LogShaderCompilers: Display: RAM used: 0.00 MB (0.00 GB) of 307.20 MB (0.30 GB) budget. Usage: 0.00%
[2026.04.26-12.08.35:474][856]LogShaderCompilers: Display: ================================================
[2026.04.26-12.08.35:588][856]LogShaderCompilers: Display: Shaders left to compile 0
[2026.04.26-12.08.35:798][856]LogModuleManager: Shutting down and abandoning module BlueprintGraph (886)
[2026.04.26-12.08.35:798][856]LogModuleManager: Shutting down and abandoning module DataTableEditor (884)
[2026.04.26-12.08.35:798][856]LogModuleManager: Shutting down and abandoning module HierarchicalLODOutliner (882)
[2026.04.26-12.08.35:798][856]LogModuleManager: Shutting down and abandoning module SceneOutliner (880)
[2026.04.26-12.08.35:798][856]LogModuleManager: Shutting down and abandoning module AddContentDialog (878)
[2026.04.26-12.08.35:801][856]LogModuleManager: Shutting down and abandoning module WidgetCarousel (877)
[2026.04.26-12.08.35:802][856]LogModuleManager: Shutting down and abandoning module EditorWidgets (874)
[2026.04.26-12.08.35:802][856]LogModuleManager: Shutting down and abandoning module PIEPreviewDeviceProfileSelector (872)
[2026.04.26-12.08.35:803][856]LogModuleManager: Shutting down and abandoning module SequenceRecorderSections (870)
[2026.04.26-12.08.35:803][856]LogModuleManager: Shutting down and abandoning module AutomationWorker (868)
[2026.04.26-12.08.35:804][856]LogModuleManager: Shutting down and abandoning module SteamVREditor (866)
[2026.04.26-12.08.35:804][856]LogModuleManager: Shutting down and abandoning module OculusMR (864)
[2026.04.26-12.08.35:804][856]LogModuleManager: Shutting down and abandoning module TakeRecorderSources (862)
[2026.04.26-12.08.35:806][856]LogModuleManager: Shutting down and abandoning module TakeRecorder (861)
[2026.04.26-12.08.35:808][856]LogModuleManager: Shutting down and abandoning module TakeTrackRecorders (858)
[2026.04.26-12.08.35:808][856]LogModuleManager: Shutting down and abandoning module TakesCore (856)
[2026.04.26-12.08.35:809][856]LogModuleManager: Shutting down and abandoning module OpenXRInput (854)
[2026.04.26-12.08.35:810][856]LogModuleManager: Shutting down and abandoning module GooglePADEditor (852)
[2026.04.26-12.08.35:810][856]LogModuleManager: Shutting down and abandoning module AudioCaptureEditor (850)
[2026.04.26-12.08.35:810][856]LogModuleManager: Shutting down and abandoning module TemplateSequenceEditor (848)
[2026.04.26-12.08.35:810][856]LogModuleManager: Shutting down and abandoning module MatineeToLevelSequence (846)
[2026.04.26-12.08.35:811][856]LogModuleManager: Shutting down and abandoning module LevelSequenceEditor (844)
[2026.04.26-12.08.35:814][856]LogModuleManager: Shutting down and abandoning module ActorSequenceEditor (842)
[2026.04.26-12.08.35:819][856]LogModuleManager: Shutting down and abandoning module WebMMediaFactory (840)
[2026.04.26-12.08.35:819][856]LogModuleManager: Shutting down and abandoning module WebMMediaEditor (838)
[2026.04.26-12.08.35:819][856]LogModuleManager: Shutting down and abandoning module WebMMedia (836)
[2026.04.26-12.08.35:820][856]LogModuleManager: Shutting down and abandoning module WmfMediaFactory (834)
[2026.04.26-12.08.35:820][856]LogModuleManager: Shutting down and abandoning module WmfMediaEditor (832)
[2026.04.26-12.08.35:820][856]LogModuleManager: Shutting down and abandoning module MediaPlayerEditor (830)
[2026.04.26-12.08.35:823][856]LogModuleManager: Shutting down and abandoning module MediaCompositingEditor (828)
[2026.04.26-12.08.35:825][856]LogModuleManager: Shutting down and abandoning module SequenceRecorder (827)
[2026.04.26-12.08.35:827][856]LogModuleManager: Shutting down and abandoning module OpenExrWrapper (824)
[2026.04.26-12.08.35:827][856]LogModuleManager: Shutting down and abandoning module ImgMediaFactory (822)
[2026.04.26-12.08.35:827][856]LogModuleManager: Shutting down and abandoning module ImgMediaEditor (820)
[2026.04.26-12.08.35:827][856]LogModuleManager: Shutting down and abandoning module AvfMediaFactory (818)
[2026.04.26-12.08.35:827][856]LogModuleManager: Shutting down and abandoning module AvfMediaEditor (816)
[2026.04.26-12.08.35:827][856]LogModuleManager: Shutting down and abandoning module AndroidMediaFactory (814)
[2026.04.26-12.08.35:828][856]LogModuleManager: Shutting down and abandoning module AndroidMediaEditor (812)
[2026.04.26-12.08.35:828][856]LogModuleManager: Shutting down and abandoning module PlanarCut (810)
[2026.04.26-12.08.35:831][856]LogModuleManager: Shutting down and abandoning module MagicLeapMediaCodecFactory (808)
[2026.04.26-12.08.35:831][856]LogModuleManager: Shutting down and abandoning module MagicLeapMediaFactory (806)
[2026.04.26-12.08.35:831][856]LogModuleManager: Shutting down and abandoning module MagicLeapMediaEditor (804)
[2026.04.26-12.08.35:831][856]LogModuleManager: Shutting down and abandoning module CharacterAI (802)
[2026.04.26-12.08.35:831][856]LogModuleManager: Shutting down and abandoning module TextureAlignMode (800)
[2026.04.26-12.08.35:831][856]LogModuleManager: Shutting down and abandoning module BspMode (798)
[2026.04.26-12.08.35:832][856]LogModuleManager: Shutting down and abandoning module GeometryMode (796)
[2026.04.26-12.08.35:834][856]LogModuleManager: Shutting down and abandoning module CameraShakePreviewer (794)
[2026.04.26-12.08.35:836][856]LogModuleManager: Shutting down and abandoning module SmartSnapping (792)
[2026.04.26-12.08.35:836][856]LogModuleManager: Shutting down and abandoning module SessionServices (790)
[2026.04.26-12.08.35:836][856]LogModuleManager: Shutting down and abandoning module MeshPaint (788)
[2026.04.26-12.08.35:840][856]LogModuleManager: Shutting down and abandoning module VirtualTexturingEditor (786)
[2026.04.26-12.08.35:841][856]LogModuleManager: Shutting down and abandoning module FoliageEdit (784)
[2026.04.26-12.08.35:844][856]LogModuleManager: Shutting down and abandoning module LandscapeEditor (782)
[2026.04.26-12.08.35:854][856]LogModuleManager: Shutting down and abandoning module MeshPaintMode (780)
[2026.04.26-12.08.35:854][856]LogModuleManager: Shutting down and abandoning module SceneDepthPickerMode (778)
[2026.04.26-12.08.35:854][856]LogModuleManager: Shutting down and abandoning module ActorPickerMode (776)
[2026.04.26-12.08.35:854][856]LogModuleManager: Shutting down and abandoning module PlacementMode (774)
[2026.04.26-12.08.35:854][856]LogModuleManager: Shutting down and abandoning module ViewportSnapping (772)
[2026.04.26-12.08.35:855][856]LogModuleManager: Shutting down and abandoning module ViewportInteraction (770)
[2026.04.26-12.08.35:855][856]LogModuleManager: Shutting down and abandoning module ClothPainter (768)
[2026.04.26-12.08.35:858][856]LogModuleManager: Shutting down and abandoning module SkeletalMeshEditor (767)
[2026.04.26-12.08.35:866][856]LogModuleManager: Shutting down and abandoning module LogVisualizer (764)
[2026.04.26-12.08.35:868][856]LogModuleManager: Shutting down and abandoning module IntroTutorials (762)
[2026.04.26-12.08.35:870][856]LogModuleManager: Shutting down and abandoning module GameProjectGeneration (761)
[2026.04.26-12.08.35:870][856]LogModuleManager: Shutting down and abandoning module LuminPlatformEditor (758)
[2026.04.26-12.08.35:870][856]LogModuleManager: Shutting down and abandoning module IOSPlatformEditor (756)
[2026.04.26-12.08.35:872][856]LogModuleManager: Shutting down and abandoning module AndroidPlatformEditor (754)
[2026.04.26-12.08.35:873][856]LogModuleManager: Shutting down and abandoning module AndroidDeviceDetection (753)
[2026.04.26-12.08.36:121][856]LogModuleManager: Shutting down and abandoning module WindowsPlatformEditor (750)
[2026.04.26-12.08.36:121][856]LogModuleManager: Shutting down and abandoning module LuminRuntimeSettings (748)
[2026.04.26-12.08.36:121][856]LogModuleManager: Shutting down and abandoning module IOSRuntimeSettings (746)
[2026.04.26-12.08.36:121][856]LogModuleManager: Shutting down and abandoning module AndroidRuntimeSettings (744)
[2026.04.26-12.08.36:121][856]LogModuleManager: Shutting down and abandoning module TraceInsights (742)
[2026.04.26-12.08.36:130][856]MemoryProfiler: Shutdown
[2026.04.26-12.08.36:130][856]NetworkingProfiler: Shutdown
[2026.04.26-12.08.36:130][856]LoadingProfiler: Shutdown
[2026.04.26-12.08.36:132][856]TimingProfiler: Shutdown
[2026.04.26-12.08.36:136][856]LogModuleManager: Shutting down and abandoning module TraceServices (741)
[2026.04.26-12.08.36:143][856]LogModuleManager: Shutting down and abandoning module EditorInteractiveToolsFramework (738)
[2026.04.26-12.08.36:143][856]LogModuleManager: Shutting down and abandoning module TimeManagementEditor (736)
[2026.04.26-12.08.36:143][856]LogModuleManager: Shutting down and abandoning module InputBindingEditor (734)
[2026.04.26-12.08.36:148][856]LogModuleManager: Shutting down and abandoning module MergeActors (732)
[2026.04.26-12.08.36:152][856]LogModuleManager: Shutting down and abandoning module LocalizationDashboard (730)
[2026.04.26-12.08.36:153][856]LogModuleManager: Shutting down and abandoning module LocalizationService (729)
[2026.04.26-12.08.36:153][856]LogModuleManager: Shutting down and abandoning module HardwareTargeting (726)
[2026.04.26-12.08.36:153][856]LogModuleManager: Shutting down and abandoning module DeviceProfileEditor (724)
[2026.04.26-12.08.36:154][856]LogModuleManager: Shutting down and abandoning module UndoHistory (722)
[2026.04.26-12.08.36:155][856]LogModuleManager: Shutting down and abandoning module XmlParser (720)
[2026.04.26-12.08.36:156][856]LogModuleManager: Shutting down and abandoning module Blutility (718)
[2026.04.26-12.08.36:156][856]LogModuleManager: Shutting down and abandoning module ProjectSettingsViewer (716)
[2026.04.26-12.08.36:156][856]LogModuleManager: Shutting down and abandoning module ProjectTargetPlatformEditor (715)
[2026.04.26-12.08.36:156][856]LogModuleManager: Shutting down and abandoning module EditorSettingsViewer (712)
[2026.04.26-12.08.36:156][856]LogModuleManager: Shutting down and abandoning module InternationalizationSettings (711)
[2026.04.26-12.08.36:156][856]LogModuleManager: Shutting down and abandoning module SettingsEditor (708)
[2026.04.26-12.08.36:158][856]LogModuleManager: Shutting down and abandoning module ProjectLauncher (706)
[2026.04.26-12.08.36:158][856]LogModuleManager: Shutting down and abandoning module SessionFrontend (704)
[2026.04.26-12.08.36:159][856]LogModuleManager: Shutting down and abandoning module ProfilerClient (702)
[2026.04.26-12.08.36:160][856]LogModuleManager: Shutting down and abandoning module DeviceManager (700)
[2026.04.26-12.08.36:161][856]LogModuleManager: Shutting down and abandoning module TargetDeviceServices (699)
[2026.04.26-12.08.36:194][856]LogModuleManager: Shutting down and abandoning module AutomationController (696)
[2026.04.26-12.08.36:197][856]LogModuleManager: Shutting down and abandoning module AutomationWindow (694)
[2026.04.26-12.08.36:198][856]LogModuleManager: Shutting down and abandoning module Layers (692)
[2026.04.26-12.08.36:202][856]LogModuleManager: Shutting down and abandoning module ComponentVisualizers (690)
[2026.04.26-12.08.36:202][856]LogModuleManager: Shutting down and abandoning module DetailCustomizations (688)
[2026.04.26-12.08.36:202][856]LogModuleManager: Shutting down and abandoning module PackagesDialog (686)
[2026.04.26-12.08.36:204][856]LogModuleManager: Shutting down and abandoning module AnimationBlueprintEditor (684)
[2026.04.26-12.08.36:205][856]LogModuleManager: Shutting down and abandoning module Persona (682)
[2026.04.26-12.08.36:208][856]LogModuleManager: Shutting down and abandoning module AdvancedPreviewScene (681)
[2026.04.26-12.08.36:208][856]LogModuleManager: Shutting down and abandoning module AnimGraph (679)
[2026.04.26-12.08.36:209][856]LogModuleManager: Shutting down and abandoning module Kismet (676)
[2026.04.26-12.08.36:248][856]LogModuleManager: Shutting down and abandoning module KismetWidgets (675)
[2026.04.26-12.08.36:248][856]LogModuleManager: Shutting down and abandoning module GraphEditor (672)
[2026.04.26-12.08.36:248][856]LogModuleManager: Shutting down and abandoning module StructViewer (670)
[2026.04.26-12.08.36:248][856]LogModuleManager: Shutting down and abandoning module ClassViewer (668)
[2026.04.26-12.08.36:261][856]LogModuleManager: Shutting down and abandoning module Toolbox (666)
[2026.04.26-12.08.36:261][856]LogModuleManager: Shutting down and abandoning module ModuleUI (664)
[2026.04.26-12.08.36:262][856]LogModuleManager: Shutting down and abandoning module OutputLog (662)
[2026.04.26-12.08.36:263][856]LogModuleManager: Shutting down and abandoning module GammaUI (660)
[2026.04.26-12.08.36:264][856]LogModuleManager: Shutting down and abandoning module Documentation (658)
[2026.04.26-12.08.36:264][856]LogModuleManager: Shutting down and abandoning module LiveCoding (656)
[2026.04.26-12.08.36:267][856]LogModuleManager: Shutting down and abandoning module LevelSequence (654)
[2026.04.26-12.08.36:268][856]LogModuleManager: Shutting down and abandoning module MovieSceneTracks (652)
[2026.04.26-12.08.36:268][856]LogModuleManager: Shutting down and abandoning module MovieScene (650)
[2026.04.26-12.08.36:270][856]LogModuleManager: Shutting down and abandoning module StreamingPauseRendering (648)
[2026.04.26-12.08.36:272][856]LogModuleManager: Shutting down and abandoning module LauncherPlatform (646)
[2026.04.26-12.08.36:272][856]LogModuleManager: Shutting down and abandoning module AnalyticsET (644)
[2026.04.26-12.08.36:272][856]LogModuleManager: Shutting down and abandoning module PortalServices (642)
[2026.04.26-12.08.36:272][856]LogModuleManager: Shutting down and abandoning module PortalRpc (640)
[2026.04.26-12.08.36:272][856]LogModuleManager: Shutting down and abandoning module MessagingRpc (638)
[2026.04.26-12.08.36:272][856]LogModuleManager: Shutting down and abandoning module AudioMixerXAudio2 (636)
[2026.04.26-12.08.36:272][856]LogModuleManager: Shutting down and abandoning module AudioMixerCore (635)
[2026.04.26-12.08.36:272][856]LogModuleManager: Shutting down and abandoning module AIModule (632)
[2026.04.26-12.08.36:273][856]LogModuleManager: Shutting down and abandoning module GameplayDebugger (631)
[2026.04.26-12.08.36:273][856]LogModuleManager: Shutting down and abandoning module AITestSuite (629)
[2026.04.26-12.08.36:273][856]LogModuleManager: Shutting down and abandoning module NavigationSystem (627)
[2026.04.26-12.08.36:273][856]LogModuleManager: Shutting down and abandoning module ImageWriteQueue (624)
[2026.04.26-12.08.36:278][856]LogModuleManager: Shutting down and abandoning module ProfilerService (622)
[2026.04.26-12.08.36:698][856]LogModuleManager: Shutting down and abandoning module TaskGraph (620)
[2026.04.26-12.08.36:703][856]LogModuleManager: Shutting down and abandoning module AudioSynesthesiaEditor (618)
[2026.04.26-12.08.36:703][856]LogModuleManager: Shutting down and abandoning module VaRestEditor (616)
[2026.04.26-12.08.36:703][856]LogModuleManager: Shutting down and abandoning module OculusEditor (614)
[2026.04.26-12.08.36:727][856]LogModuleManager: Shutting down and abandoning module OculusInput (612)
[2026.04.26-12.08.36:727][856]LogModuleManager: Shutting down and abandoning module ContentBrowserFileDataSource (610)
[2026.04.26-12.08.36:727][856]LogModuleManager: Shutting down and abandoning module ContentBrowserClassDataSource (608)
[2026.04.26-12.08.36:727][856]LogModuleManager: Shutting down and abandoning module ContentBrowserAssetDataSource (606)
[2026.04.26-12.08.36:727][856]LogModuleManager: Shutting down and abandoning module CollectionManager (605)
[2026.04.26-12.08.36:743][856]LogModuleManager: Shutting down and abandoning module TakeSequencer (602)
[2026.04.26-12.08.36:743][856]LogModuleManager: Shutting down and abandoning module TakeMovieScene (600)
[2026.04.26-12.08.36:743][856]LogModuleManager: Shutting down and abandoning module SynthesisEditor (598)
[2026.04.26-12.08.36:743][856]LogModuleManager: Shutting down and abandoning module Synthesis (596)
[2026.04.26-12.08.36:746][856]LogModuleManager: Shutting down and abandoning module ProceduralMeshComponentEditor (594)
[2026.04.26-12.08.36:749][856]LogModuleManager: Shutting down and abandoning module ProceduralMeshComponent (592)
[2026.04.26-12.08.36:749][856]LogModuleManager: Shutting down and abandoning module ScreenshotTools (590)
[2026.04.26-12.08.36:749][856]LogModuleManager: Shutting down and abandoning module OpenXREditor (588)
[2026.04.26-12.08.36:750][856]LogModuleManager: Shutting down and abandoning module MobilePatchingUtils (586)
[2026.04.26-12.08.36:750][856]LogModuleManager: Shutting down and abandoning module GooglePAD (584)
[2026.04.26-12.08.36:750][856]LogModuleManager: Shutting down and abandoning module EditableMesh (582)
[2026.04.26-12.08.36:754][856]LogModuleManager: Shutting down and abandoning module CustomMeshComponent (580)
[2026.04.26-12.08.36:755][856]LogModuleManager: Shutting down and abandoning module CableComponent (578)
[2026.04.26-12.08.36:755][856]LogModuleManager: Shutting down and abandoning module AudioCapture (576)
[2026.04.26-12.08.36:755][856]LogModuleManager: Shutting down and abandoning module AudioCaptureRtAudio (575)
[2026.04.26-12.08.36:756][856]LogModuleManager: Shutting down and abandoning module AssetTags (572)
[2026.04.26-12.08.36:756][856]LogModuleManager: Shutting down and abandoning module ArchVisCharacter (570)
[2026.04.26-12.08.36:756][856]LogModuleManager: Shutting down and abandoning module AppleImageUtilsBlueprintSupport (568)
[2026.04.26-12.08.36:756][856]LogModuleManager: Shutting down and abandoning module AppleImageUtils (566)
[2026.04.26-12.08.36:756][856]LogModuleManager: Shutting down and abandoning module AndroidPermission (564)
[2026.04.26-12.08.36:756][856]LogModuleManager: Shutting down and abandoning module ActorLayerUtilitiesEditor (562)
[2026.04.26-12.08.36:756][856]LogModuleManager: Shutting down and abandoning module ActorLayerUtilities (560)
[2026.04.26-12.08.36:756][856]LogModuleManager: Shutting down and abandoning module TemplateSequence (558)
[2026.04.26-12.08.36:758][856]LogModuleManager: Shutting down and abandoning module MediaCompositing (556)
[2026.04.26-12.08.36:759][856]LogModuleManager: Shutting down and abandoning module ImgMedia (554)
[2026.04.26-12.08.36:759][856]LogModuleManager: Shutting down and abandoning module OpenImageDenoise (552)
[2026.04.26-12.08.36:759][856]LogOpenImageDenoise: OIDN shutting down
[2026.04.26-12.08.36:759][856]LogModuleManager: Shutting down and abandoning module MotoSynthEditor (550)
[2026.04.26-12.08.36:759][856]LogModuleManager: Shutting down and abandoning module MotoSynth (548)
[2026.04.26-12.08.36:759][856]LogModuleManager: Shutting down and abandoning module GeometryCollectionTracks (546)
[2026.04.26-12.08.36:759][856]LogModuleManager: Shutting down and abandoning module GeometryCollectionSequencer (545)
[2026.04.26-12.08.36:759][856]LogModuleManager: Shutting down and abandoning module GeometryCollectionEditor (542)
[2026.04.26-12.08.36:759][856]LogModuleManager: Shutting down and abandoning module MeshConversion (540)
[2026.04.26-12.08.36:761][856]LogModuleManager: Shutting down and abandoning module DynamicMesh (538)
[2026.04.26-12.08.36:767][856]LogModuleManager: Shutting down and abandoning module GeometryAlgorithms (536)
[2026.04.26-12.08.36:778][856]LogModuleManager: Shutting down and abandoning module GeometricObjects (534)
[2026.04.26-12.08.36:789][856]LogModuleManager: Shutting down and abandoning module GeometryCacheTracks (532)
[2026.04.26-12.08.36:790][856]LogModuleManager: Shutting down and abandoning module GeometryCacheStreamer (530)
[2026.04.26-12.08.36:793][856]LogModuleManager: Shutting down and abandoning module GeometryCacheSequencer (528)
[2026.04.26-12.08.36:793][856]LogModuleManager: Shutting down and abandoning module MagicLeapSharedWorld (526)
[2026.04.26-12.08.36:793][856]LogModuleManager: Shutting down and abandoning module MagicLeapLightEstimation (524)
[2026.04.26-12.08.36:793][856]LogModuleManager: Shutting down and abandoning module MagicLeapHelperVulkan (522)
[2026.04.26-12.08.36:793][856]LogModuleManager: Shutting down and abandoning module MagicLeapHelperOpenGL (520)
[2026.04.26-12.08.36:793][856]LogModuleManager: Shutting down and abandoning module MagicLeapAudio (518)
[2026.04.26-12.08.36:799][856]LogModuleManager: Shutting down and abandoning module FractureEditor (516)
[2026.04.26-12.08.36:801][856]LogModuleManager: Shutting down and abandoning module ChaosSolverEditor (514)
[2026.04.26-12.08.36:802][856]LogModuleManager: Shutting down and abandoning module ChaosNiagara (512)
[2026.04.26-12.08.36:803][856]LogModuleManager: Shutting down and abandoning module FieldSystemEngine (511)
[2026.04.26-12.08.36:803][856]LogModuleManager: Shutting down and abandoning module ChaosClothEditor (508)
[2026.04.26-12.08.36:804][856]LogModuleManager: Shutting down and abandoning module BackChannel (506)
[2026.04.26-12.08.36:805][856]LogModuleManager: Shutting down and abandoning module AutomationUtilsEditor (504)
[2026.04.26-12.08.36:805][856]LogModuleManager: Shutting down and abandoning module AutomationUtils (502)
[2026.04.26-12.08.36:805][856]LogModuleManager: Shutting down and abandoning module AlembicImporter (500)
[2026.04.26-12.08.36:805][856]LogModuleManager: Shutting down and abandoning module AlembicLibrary (499)
[2026.04.26-12.08.36:805][856]LogModuleManager: Shutting down and abandoning module GeometryCache (498)
[2026.04.26-12.08.36:805][856]LogModuleManager: Shutting down and abandoning module GeometryCacheEd (497)
[2026.04.26-12.08.36:805][856]LogModuleManager: Shutting down and abandoning module VariantManagerContentEditor (492)
[2026.04.26-12.08.36:806][856]LogModuleManager: Shutting down and abandoning module NiagaraEditorWidgets (490)
[2026.04.26-12.08.36:817][856]LogModuleManager: Shutting down and abandoning module DatasmithContentEditor (488)
[2026.04.26-12.08.36:819][856]LogModuleManager: Shutting down and abandoning module VisualStudioSourceCodeAccess (486)
[2026.04.26-12.08.36:823][856]LogModuleManager: Shutting down and abandoning module VisualStudioCodeSourceCodeAccess (484)
[2026.04.26-12.08.36:823][856]LogModuleManager: Shutting down and abandoning module UObjectPlugin (482)
[2026.04.26-12.08.36:823][856]LogModuleManager: Shutting down and abandoning module SubversionSourceControl (480)
[2026.04.26-12.08.36:845][856]LogModuleManager: Shutting down and abandoning module RiderSourceCodeAccess (478)
[2026.04.26-12.08.36:845][856]LogModuleManager: Shutting down and abandoning module PluginUtils (476)
[2026.04.26-12.08.36:869][856]LogModuleManager: Shutting down and abandoning module PlasticSourceControl (474)
[2026.04.26-12.08.36:904][856]LogModuleManager: Shutting down and abandoning module PerforceSourceControl (472)
[2026.04.26-12.08.38:016][856]LogModuleManager: Shutting down and abandoning module GitSourceControl (470)
[2026.04.26-12.08.38:073][856]LogModuleManager: Shutting down and abandoning module SourceControl (469)
[2026.04.26-12.08.38:074][856]LogModuleManager: Shutting down and abandoning module CLionSourceCodeAccess (466)
[2026.04.26-12.08.38:074][856]LogModuleManager: Shutting down and abandoning module AnimationSharingEd (464)
[2026.04.26-12.08.38:074][856]LogModuleManager: Shutting down and abandoning module SpeedTreeImporter (462)
[2026.04.26-12.08.38:074][856]LogModuleManager: Shutting down and abandoning module PluginBrowser (460)
[2026.04.26-12.08.38:419][856]LogModuleManager: Shutting down and abandoning module MobileLauncherProfileWizard (458)
[2026.04.26-12.08.38:421][856]LogModuleManager: Shutting down and abandoning module MaterialAnalyzer (456)
[2026.04.26-12.08.38:422][856]LogModuleManager: Shutting down and abandoning module CurveEditorTools (454)
[2026.04.26-12.08.38:423][856]LogModuleManager: Shutting down and abandoning module CryptoKeysOpenSSL (452)
[2026.04.26-12.08.38:423][856]LogModuleManager: Shutting down and abandoning module CryptoKeys (450)
[2026.04.26-12.08.38:423][856]LogModuleManager: Shutting down and abandoning module OodleNetworkHandlerComponent (448)
[2026.04.26-12.08.38:423][856]LogModuleManager: Shutting down and abandoning module LiveLinkSequencer (446)
[2026.04.26-12.08.38:423][856]LogModuleManager: Shutting down and abandoning module LiveLinkMovieScene (444)
[2026.04.26-12.08.38:423][856]LogModuleManager: Shutting down and abandoning module LiveLinkGraphNode (442)
[2026.04.26-12.08.38:423][856]LogModuleManager: Shutting down and abandoning module LiveLinkEditor (440)
[2026.04.26-12.08.38:437][856]LogModuleManager: Shutting down and abandoning module LiveLinkComponents (438)
[2026.04.26-12.08.38:437][856]LogModuleManager: Shutting down and abandoning module LiveLink (436)
[2026.04.26-12.08.39:275][856]LogModuleManager: Shutting down and abandoning module LightPropagationVolumeEditor (434)
[2026.04.26-12.08.39:275][856]LogModuleManager: Shutting down and abandoning module PaperTiledImporter (432)
[2026.04.26-12.08.39:275][856]LogModuleManager: Shutting down and abandoning module PaperSpriteSheetImporter (430)
[2026.04.26-12.08.39:277][856]LogModuleManager: Shutting down and abandoning module Paper2DEditor (428)
[2026.04.26-12.08.39:285][856]LogModuleManager: Shutting down and abandoning module MeshPaintingToolset (426)
[2026.04.26-12.08.39:285][856]LogModuleManager: Shutting down and abandoning module MeshPaintEditorMode (424)
[2026.04.26-12.08.39:287][856]LogModuleManager: Shutting down and abandoning module Playtime_Multiplayer (422)
[2026.04.26-12.08.39:287][856]LogModuleManager: Shutting down and abandoning module VaRest (420)
[2026.04.26-12.08.39:288][856]LogModuleManager: Shutting down and abandoning module AdvancedSteamSessions (418)
[2026.04.26-12.08.39:288][856]LogModuleManager: Shutting down and abandoning module AdvancedSessions (416)
[2026.04.26-12.08.39:288][856]LogModuleManager: Shutting down and abandoning module SoundFields (414)
[2026.04.26-12.08.39:288][856]LogModuleManager: Shutting down and abandoning module SignificanceManager (412)
[2026.04.26-12.08.39:288][856]LogModuleManager: Shutting down and abandoning module RuntimePhysXCooking (410)
[2026.04.26-12.08.39:288][856]LogModuleManager: Shutting down and abandoning module PropertyAccessEditor (408)
[2026.04.26-12.08.39:289][856]LogModuleManager: Shutting down and abandoning module PhysXVehiclesEditor (406)
[2026.04.26-12.08.39:289][856]LogModuleManager: Shutting down and abandoning module LocationServicesBPLibrary (402)
[2026.04.26-12.08.39:289][856]LogModuleManager: Shutting down and abandoning module AudioSynesthesia (400)
[2026.04.26-12.08.39:289][856]LogModuleManager: Shutting down and abandoning module AudioSynesthesiaCore (398)
[2026.04.26-12.08.39:289][856]LogModuleManager: Shutting down and abandoning module ActorSequence (396)
[2026.04.26-12.08.39:289][856]LogModuleManager: Shutting down and abandoning module UdpMessaging (394)
[2026.04.26-12.08.39:391][856]LogModuleManager: Shutting down and abandoning module TcpMessaging (392)
[2026.04.26-12.08.39:493][856]LogModuleManager: Shutting down and abandoning module ImgMediaEngine (390)
[2026.04.26-12.08.39:493][856]LogModuleManager: Shutting down and abandoning module PythonScriptPlugin (388)
[2026.04.26-12.08.39:494][856]LogModuleManager: Shutting down and abandoning module MagicLeapARPin (386)
[2026.04.26-12.08.39:494][856]LogModuleManager: Shutting down and abandoning module MagicLeapHandMeshing (384)
[2026.04.26-12.08.39:494][856]LogModuleManager: Shutting down and abandoning module MagicLeapSecureStorage (382)
[2026.04.26-12.08.39:494][856]LogModuleManager: Shutting down and abandoning module MagicLeapPrivileges (380)
[2026.04.26-12.08.39:494][856]LogModuleManager: Shutting down and abandoning module MagicLeapPlanes (378)
[2026.04.26-12.08.39:497][856]LogMagicLeapPlanes: Planes tracker already destroyed.
[2026.04.26-12.08.39:497][856]LogModuleManager: Shutting down and abandoning module MagicLeapImageTracker (376)
[2026.04.26-12.08.39:498][856]LogModuleManager: Shutting down and abandoning module MagicLeapIdentity (374)
[2026.04.26-12.08.39:498][856]LogModuleManager: Shutting down and abandoning module MagicLeapHandTracking (372)
[2026.04.26-12.08.39:498][856]LogModuleManager: Shutting down and abandoning module MagicLeapEyeTracker (370)
[2026.04.26-12.08.39:498][856]LogModuleManager: Shutting down and abandoning module MagicLeapController (368)
[2026.04.26-12.08.39:498][856]LogModuleManager: Shutting down and abandoning module MagicLeapARPinImpl (366)
[2026.04.26-12.08.39:498][856]LogModuleManager: Shutting down and abandoning module MagicLeapAR (364)
[2026.04.26-12.08.39:498][856]LogModuleManager: Shutting down and abandoning module NiagaraAnimNotifies (362)
[2026.04.26-12.08.39:498][856]LogModuleManager: Shutting down and abandoning module Niagara (360)
[2026.04.26-12.08.39:500][856]LogModuleManager: Shutting down and abandoning module SignalProcessing (359)
[2026.04.26-12.08.39:501][856]LogModuleManager: Shutting down and abandoning module NiagaraEditor (357)
[2026.04.26-12.08.39:504][856]LogModuleManager: Shutting down and abandoning module NiagaraCore (354)
[2026.04.26-12.08.39:504][856]LogModuleManager: Shutting down and abandoning module PropertyAccessNode (352)
[2026.04.26-12.08.39:504][856]LogModuleManager: Shutting down and abandoning module AnimationSharing (350)
[2026.04.26-12.08.39:504][856]LogModuleManager: Shutting down and abandoning module GameplayTagsEditor (348)
[2026.04.26-12.08.39:505][856]LogModuleManager: Shutting down and abandoning module FacialAnimationEditor (346)
[2026.04.26-12.08.39:505][856]LogModuleManager: Shutting down and abandoning module FacialAnimation (344)
[2026.04.26-12.08.39:505][856]LogModuleManager: Shutting down and abandoning module DataValidation (342)
[2026.04.26-12.08.39:505][856]LogModuleManager: Shutting down and abandoning module AssetManagerEditor (340)
[2026.04.26-12.08.39:506][856]LogModuleManager: Shutting down and abandoning module LevelEditor (339)
[2026.04.26-12.08.39:509][856]LogModuleManager: Shutting down and abandoning module PixelInspectorModule (338)
[2026.04.26-12.08.39:516][856]LogModuleManager: Shutting down and abandoning module CommonMenuExtensions (336)
[2026.04.26-12.08.39:516][856]LogModuleManager: Shutting down and abandoning module MainFrame (334)
[2026.04.26-12.08.39:517][856]LogModuleManager: Shutting down and abandoning module HotReload (333)
[2026.04.26-12.08.39:527][856]LogModuleManager: Shutting down and abandoning module ToolMenus (329)
[2026.04.26-12.08.39:528][856]LogModuleManager: Shutting down and abandoning module ContentBrowser (327)
[2026.04.26-12.08.39:528][856]LogModuleManager: Shutting down and abandoning module ContentBrowserData (326)
[2026.04.26-12.08.39:528][856]LogModuleManager: Shutting down and abandoning module TreeMap (323)
[2026.04.26-12.08.39:529][856]LogModuleManager: Shutting down and abandoning module GameplayCameras (320)
[2026.04.26-12.08.39:529][856]LogModuleManager: Shutting down and abandoning module EnvironmentQueryEditor (318)
[2026.04.26-12.08.39:533][856]LogModuleManager: Shutting down and abandoning module LightPropagationVolumeRuntime (316)
[2026.04.26-12.08.39:533][856]LogModuleManager: Shutting down and abandoning module Paper2D (314)
[2026.04.26-12.08.39:534][856]LogModuleManager: Shutting down and abandoning module WindowsMoviePlayer (312)
[2026.04.26-12.08.39:537][856]LogModuleManager: Shutting down and abandoning module WebMMoviePlayer (310)
[2026.04.26-12.08.39:537][856]LogModuleManager: Shutting down and abandoning module NetworkReplayStreaming (308)
[2026.04.26-12.08.39:537][856]LogModuleManager: Shutting down and abandoning module PacketHandler (306)
[2026.04.26-12.08.39:537][856]LogModuleManager: Shutting down and abandoning module ClothingSystemEditor (304)
[2026.04.26-12.08.39:537][856]LogModuleManager: Shutting down and abandoning module ClothingSystemRuntimeNv (302)
[2026.04.26-12.08.39:538][856]LogModuleManager: Shutting down and abandoning module MediaAssets (300)
[2026.04.26-12.08.39:538][856]LogModuleManager: Shutting down and abandoning module Overlay (298)
[2026.04.26-12.08.39:538][856]LogModuleManager: Shutting down and abandoning module OverlayEditor (297)
[2026.04.26-12.08.39:538][856]LogModuleManager: Shutting down and abandoning module VREditor (294)
[2026.04.26-12.08.39:540][856]LogModuleManager: Shutting down and abandoning module StringTableEditor (292)
[2026.04.26-12.08.39:544][856]LogModuleManager: Shutting down and abandoning module GameplayTasksEditor (290)
[2026.04.26-12.08.39:544][856]LogModuleManager: Shutting down and abandoning module BehaviorTreeEditor (288)
[2026.04.26-12.08.39:546][856]LogModuleManager: Shutting down and abandoning module FunctionalTesting (286)
[2026.04.26-12.08.39:549][856]LogModuleManager: Shutting down and abandoning module CollisionAnalyzer (284)
[2026.04.26-12.08.39:551][856]LogModuleManager: Shutting down and abandoning module WorkspaceMenuStructure (283)
[2026.04.26-12.08.39:551][856]LogModuleManager: Shutting down and abandoning module UMG (280)
[2026.04.26-12.08.39:552][856]LogModuleManager: Shutting down and abandoning module UMGEditor (279)
[2026.04.26-12.08.39:553][856]LogModuleManager: Shutting down and abandoning module MessageLog (277)
[2026.04.26-12.08.39:553][856]LogModuleManager: Shutting down and abandoning module SlateReflector (272)
[2026.04.26-12.08.39:558][856]LogModuleManager: Shutting down and abandoning module Slate (270)
[2026.04.26-12.08.39:559][856]LogModuleManager: Shutting down and abandoning module SlateCore (268)
[2026.04.26-12.08.39:560][856]LogModuleManager: Shutting down and abandoning module LandscapeEditorUtilities (266)
[2026.04.26-12.08.39:560][856]LogModuleManager: Shutting down and abandoning module UnrealEd (264)
[2026.04.26-12.08.39:560][856]LogModuleManager: Shutting down and abandoning module MRMesh (262)
[2026.04.26-12.08.39:561][856]LogModuleManager: Shutting down and abandoning module SourceCodeAccess (260)
[2026.04.26-12.08.39:561][856]LogModuleManager: Shutting down and abandoning module HeadMountedDisplay (258)
[2026.04.26-12.08.39:561][856]LogModuleManager: Shutting down and abandoning module XAudio2 (256)
[2026.04.26-12.08.39:561][856]LogModuleManager: Shutting down and abandoning module Networking (254)
[2026.04.26-12.08.39:561][856]LogModuleManager: Shutting down and abandoning module Core (252)
[2026.04.26-12.08.39:561][856]LogModuleManager: Shutting down and abandoning module MaterialEditor (250)
[2026.04.26-12.08.39:567][856]LogModuleManager: Shutting down and abandoning module MovieSceneTools (248)
[2026.04.26-12.08.39:568][856]LogModuleManager: Shutting down and abandoning module CurveEditor (247)
[2026.04.26-12.08.39:570][856]LogModuleManager: Shutting down and abandoning module Sequencer (245)
[2026.04.26-12.08.39:573][856]LogModuleManager: Shutting down and abandoning module EditorStyle (244)
[2026.04.26-12.08.39:574][856]LogModuleManager: Shutting down and abandoning module KismetCompiler (240)
[2026.04.26-12.08.39:574][856]LogModuleManager: Shutting down and abandoning module MeshBuilder (238)
[2026.04.26-12.08.39:575][856]LogModuleManager: Shutting down and abandoning module MeshUtilities (236)
[2026.04.26-12.08.39:575][856]LogModuleManager: Shutting down and abandoning module MeshMergeUtilities (235)
[2026.04.26-12.08.39:576][856]LogModuleManager: Shutting down and abandoning module MeshReductionInterface (234)
[2026.04.26-12.08.39:576][856]LogModuleManager: Shutting down and abandoning module MeshBoneReduction (233)
[2026.04.26-12.08.39:576][856]LogModuleManager: Shutting down and abandoning module SkeletalMeshReduction (231)
[2026.04.26-12.08.39:577][856]LogModuleManager: Shutting down and abandoning module ProxyLODMeshReduction (229)
[2026.04.26-12.08.39:581][856]LogModuleManager: Shutting down and abandoning module QuadricMeshReduction (227)
[2026.04.26-12.08.39:582][856]LogModuleManager: Shutting down and abandoning module MaterialBaking (223)
[2026.04.26-12.08.39:583][856]LogModuleManager: Shutting down and abandoning module NullInstallBundleManager (218)
[2026.04.26-12.08.39:583][856]LogModuleManager: Shutting down and abandoning module DerivedDataCache (216)
[2026.04.26-12.08.39:584][856]LogModuleManager: Shutting down and abandoning module TargetPlatform (214)
[2026.04.26-12.08.39:584][856]LogModuleManager: Shutting down and abandoning module VulkanShaderFormat (213)
[2026.04.26-12.08.39:587][856]LogModuleManager: Shutting down and abandoning module ShaderFormatVectorVM (211)
[2026.04.26-12.08.39:656][856]LogModuleManager: Shutting down and abandoning module ShaderFormatOpenGL (209)
[2026.04.26-12.08.39:657][856]LogModuleManager: Shutting down and abandoning module ShaderFormatD3D (207)
[2026.04.26-12.08.39:658][856]LogModuleManager: Shutting down and abandoning module MetalShaderFormat (205)
[2026.04.26-12.08.39:659][856]LogModuleManager: Shutting down and abandoning module TextureFormatOodle (203)
[2026.04.26-12.08.39:660][856]LogModuleManager: Shutting down and abandoning module TextureFormatUncompressed (201)
[2026.04.26-12.08.39:660][856]LogModuleManager: Shutting down and abandoning module TextureFormatPVR (199)
[2026.04.26-12.08.39:660][856]LogModuleManager: Shutting down and abandoning module TextureFormatETC2 (197)
[2026.04.26-12.08.39:660][856]LogModuleManager: Shutting down and abandoning module TextureFormatDXT (195)
[2026.04.26-12.08.39:660][856]LogModuleManager: Shutting down and abandoning module TextureFormatIntelISPCTexComp (193)
[2026.04.26-12.08.39:661][856]LogModuleManager: Shutting down and abandoning module TextureFormatASTC (191)
[2026.04.26-12.08.39:661][856]LogModuleManager: Shutting down and abandoning module ImageWrapper (190)
[2026.04.26-12.08.39:661][856]LogModuleManager: Shutting down and abandoning module AudioFormatOpus (187)
[2026.04.26-12.08.39:661][856]LogModuleManager: Shutting down and abandoning module AudioFormatOgg (185)
[2026.04.26-12.08.39:661][856]LogModuleManager: Shutting down and abandoning module AudioFormatADPCM (183)
[2026.04.26-12.08.39:661][856]LogModuleManager: Shutting down and abandoning module WindowsServerTargetPlatform (181)
[2026.04.26-12.08.39:661][856]LogModuleManager: Shutting down and abandoning module WindowsClientTargetPlatform (179)
[2026.04.26-12.08.39:661][856]LogModuleManager: Shutting down and abandoning module WindowsTargetPlatform (177)
[2026.04.26-12.08.39:661][856]LogModuleManager: Shutting down and abandoning module WindowsNoEditorTargetPlatform (175)
[2026.04.26-12.08.39:662][856]LogModuleManager: Shutting down and abandoning module TVOSTargetPlatform (173)
[2026.04.26-12.08.39:669][856]LogModuleManager: Shutting down and abandoning module MacServerTargetPlatform (171)
[2026.04.26-12.08.39:669][856]LogModuleManager: Shutting down and abandoning module MacClientTargetPlatform (169)
[2026.04.26-12.08.39:669][856]LogModuleManager: Shutting down and abandoning module MacTargetPlatform (167)
[2026.04.26-12.08.39:670][856]LogModuleManager: Shutting down and abandoning module MacNoEditorTargetPlatform (165)
[2026.04.26-12.08.39:670][856]LogModuleManager: Shutting down and abandoning module LuminTargetPlatform (163)
[2026.04.26-12.08.39:674][856]LogModuleManager: Shutting down and abandoning module LinuxAArch64ServerTargetPlatform (161)
[2026.04.26-12.08.39:674][856]LogModuleManager: Shutting down and abandoning module LinuxAArch64ClientTargetPlatform (159)
[2026.04.26-12.08.39:674][856]LogModuleManager: Shutting down and abandoning module LinuxAArch64NoEditorTargetPlatform (157)
[2026.04.26-12.08.39:674][856]LogModuleManager: Shutting down and abandoning module LinuxServerTargetPlatform (155)
[2026.04.26-12.08.39:674][856]LogModuleManager: Shutting down and abandoning module LinuxClientTargetPlatform (153)
[2026.04.26-12.08.39:674][856]LogModuleManager: Shutting down and abandoning module LinuxNoEditorTargetPlatform (151)
[2026.04.26-12.08.39:674][856]LogModuleManager: Shutting down and abandoning module LinuxTargetPlatform (149)
[2026.04.26-12.08.39:674][856]LogModuleManager: Shutting down and abandoning module Messaging (147)
[2026.04.26-12.08.39:674][856]LogModuleManager: Shutting down and abandoning module IOSTargetPlatform (145)
[2026.04.26-12.08.39:677][856]LogModuleManager: Shutting down and abandoning module AndroidTargetPlatform (143)
[2026.04.26-12.08.39:705][856]LogModuleManager: Shutting down and abandoning module AllDesktopTargetPlatform (141)
[2026.04.26-12.08.39:705][856]LogModuleManager: Shutting down and abandoning module D3D11RHI (138)
[2026.04.26-12.08.39:705][856]LogModuleManager: Shutting down and abandoning module InputCore (136)
[2026.04.26-12.08.39:705][856]LogModuleManager: Shutting down and abandoning module Settings (134)
[2026.04.26-12.08.39:705][856]LogModuleManager: Shutting down and abandoning module DirectoryWatcher (132)
[2026.04.26-12.08.39:706][856]LogModuleManager: Shutting down and abandoning module PhysXCooking (130)
[2026.04.26-12.08.39:706][856]LogModuleManager: Shutting down and abandoning module Chaos (128)
[2026.04.26-12.08.39:706][856]LogModuleManager: Shutting down and abandoning module WindowsPlatformFeatures (126)
[2026.04.26-12.08.39:707][856]LogModuleManager: Shutting down and abandoning module GameplayMediaEncoder (125)
[2026.04.26-12.08.39:707][856]LogModuleManager: Shutting down and abandoning module AVEncoder (124)
[2026.04.26-12.08.39:707][856]LogModuleManager: Shutting down and abandoning module SteamVRInputDevice (120)
[2026.04.26-12.08.39:707][856]LogModuleManager: Shutting down and abandoning module SteamVRInput (118)
[2026.04.26-12.08.39:707][856]LogModuleManager: Shutting down and abandoning module SteamVR (116)
[2026.04.26-12.08.39:708][856]LogHMD: Freeing OpenVRDLLHandle.
[2026.04.26-12.08.39:708][856]LogModuleManager: Shutting down and abandoning module OculusHMD (114)
[2026.04.26-12.08.39:709][856]LogModuleManager: Shutting down and abandoning module OpenXREyeTracker (112)
[2026.04.26-12.08.39:709][856]LogModuleManager: Shutting down and abandoning module OpenXRHandTracking (110)
[2026.04.26-12.08.39:712][856]LogSlate: Slate User Destroyed.  User Index 0, Is Virtual User: 0
[2026.04.26-12.08.39:715][856]LogModuleManager: Shutting down and abandoning module OpenXRAR (108)
[2026.04.26-12.08.39:715][856]LogModuleManager: Shutting down and abandoning module AugmentedReality (107)
[2026.04.26-12.08.39:715][856]LogModuleManager: Shutting down and abandoning module OpenXRHMD (104)
[2026.04.26-12.08.39:717][856]LogModuleManager: Shutting down and abandoning module ExampleDeviceProfileSelector (102)
[2026.04.26-12.08.39:717][856]LogModuleManager: Shutting down and abandoning module ChunkDownloader (100)
[2026.04.26-12.08.39:718][856]LogModuleManager: Shutting down and abandoning module LauncherChunkInstaller (98)
[2026.04.26-12.08.39:719][856]LogModuleManager: Shutting down and abandoning module OnlineBlueprintSupport (96)
[2026.04.26-12.08.39:719][856]LogModuleManager: Shutting down and abandoning module OnlineSubsystem (92)
[2026.04.26-12.08.39:736][856]LogModuleManager: Shutting down and abandoning module SteamShared (86)
[2026.04.26-12.08.39:736][856]LogSteamShared: Freeing the Steam Loaded Modules...
[2026.04.26-12.08.39:737][856]LogModuleManager: Shutting down and abandoning module XMPP (83)
[2026.04.26-12.08.39:739][856]LogModuleManager: Shutting down and abandoning module WebSockets (82)
[2026.04.26-12.08.39:782][856]LogModuleManager: Shutting down and abandoning module HTTP (79)
[2026.04.26-12.08.39:782][856]LogHttp: Display: Http module shutting down, but needs to wait on 1 outstanding Http requests:
[2026.04.26-12.08.39:783][856]LogHttp: Display: 	verb=[POST] url=[https://datarouter.ol.epicgames.com/datarouter/api/v1/public/data?SessionID=%7B6E4874C0-4052-3530-D71F-5CA4125E91FE%7D&AppID=UEEditor.Rocket.Release&AppVersion=4.27.2-18319896%2B%2B%2BUE4%2BRelease-4.27&UserID=387152a84f93d08b31cd9bae8fdb03fa%7C2f35fa386ab34120bb37a2c6d493fe6c%7C137d323e-960a-4d72-a068-cc0852ec6234&AppEnvironment=datacollector-binary&UploadType=eteventstream] refs=[1] status=Processing
[2026.04.26-12.08.39:783][856]LogHttp: Display: cleaning up 1 outstanding Http requests.
[2026.04.26-12.08.39:803][856]LogModuleManager: Shutting down and abandoning module SSL (78)
[2026.04.26-12.08.39:810][856]LogModuleManager: Shutting down and abandoning module WmfMedia (74)
[2026.04.26-12.08.39:822][856]LogModuleManager: Shutting down and abandoning module Media (73)
[2026.04.26-12.08.39:824][856]LogModuleManager: Shutting down and abandoning module MediaInfo (72)
[2026.04.26-12.08.39:824][856]LogModuleManager: Shutting down and abandoning module ExrReaderGpu (68)
[2026.04.26-12.08.39:825][856]LogModuleManager: Shutting down and abandoning module MLSDK (66)
[2026.04.26-12.08.39:825][856]LogModuleManager: Shutting down and abandoning module MagicLeap (64)
[2026.04.26-12.08.39:825][856]LogModuleManager: Shutting down and abandoning module ChaosCloth (62)
[2026.04.26-12.08.39:826][856]LogModuleManager: Shutting down and abandoning module VariantManagerContent (60)
[2026.04.26-12.08.39:826][856]LogModuleManager: Shutting down and abandoning module NiagaraVertexFactories (58)
[2026.04.26-12.08.39:826][856]LogModuleManager: Shutting down and abandoning module NiagaraShader (56)
[2026.04.26-12.08.39:826][856]LogModuleManager: Shutting down and abandoning module DatasmithContent (54)
[2026.04.26-12.08.39:826][856]LogModuleManager: Shutting down and abandoning module PixWinPlugin (52)
[2026.04.26-12.08.39:827][856]LogModuleManager: Shutting down and abandoning module AISupportModule (50)
[2026.04.26-12.08.39:827][856]LogModuleManager: Shutting down and abandoning module DesktopPlatform (48)
[2026.04.26-12.08.39:827][856]LogModuleManager: Shutting down and abandoning module PythonScriptPluginPreload (46)
[2026.04.26-12.08.39:827][856]LogModuleManager: Shutting down and abandoning module PlatformCryptoOpenSSL (44)
[2026.04.26-12.08.39:828][856]LogModuleManager: Shutting down and abandoning module PlatformCryptoTypes (42)
[2026.04.26-12.08.39:828][856]LogModuleManager: Shutting down and abandoning module PlatformCrypto (40)
[2026.04.26-12.08.39:828][856]LogModuleManager: Shutting down and abandoning module OodleDataCompressionFormat (38)
[2026.04.26-12.08.39:831][856]LogModuleManager: Shutting down and abandoning module XGEController (36)
[2026.04.26-12.08.39:832][856]LogXGEController: Cleaning working directory: C:/Users/Xdox2/AppData/Local/Temp/UnrealXGEWorkingDir/
[2026.04.26-12.08.39:832][856]LogModuleManager: Shutting down and abandoning module AnimationModifiers (34)
[2026.04.26-12.08.39:833][856]LogModuleManager: Shutting down and abandoning module AudioEditor (32)
[2026.04.26-12.08.39:835][856]LogModuleManager: Shutting down and abandoning module PropertyEditor (31)
[2026.04.26-12.08.39:836][856]LogModuleManager: Shutting down and abandoning module TextureCompressor (28)
[2026.04.26-12.08.39:837][856]LogModuleManager: Shutting down and abandoning module RenderCore (26)
[2026.04.26-12.08.39:837][856]LogModuleManager: Shutting down and abandoning module Landscape (24)
[2026.04.26-12.08.39:837][856]LogModuleManager: Shutting down and abandoning module SlateRHIRenderer (22)
[2026.04.26-12.08.39:840][856]LogModuleManager: Shutting down and abandoning module AnimGraphRuntime (20)
[2026.04.26-12.08.39:841][856]LogModuleManager: Shutting down and abandoning module Renderer (18)
[2026.04.26-12.08.39:841][856]LogModuleManager: Shutting down and abandoning module Engine (16)
[2026.04.26-12.08.39:841][856]LogModuleManager: Shutting down and abandoning module CoreUObject (14)
[2026.04.26-12.08.39:841][856]LogModuleManager: Shutting down and abandoning module NetworkFile (12)
[2026.04.26-12.08.39:843][856]LogModuleManager: Shutting down and abandoning module CookedIterativeFile (10)
[2026.04.26-12.08.39:843][856]LogModuleManager: Shutting down and abandoning module StreamingFile (8)
[2026.04.26-12.08.39:843][856]LogModuleManager: Shutting down and abandoning module SandboxFile (6)
[2026.04.26-12.08.39:843][856]LogModuleManager: Shutting down and abandoning module PakFile (4)
[2026.04.26-12.08.39:845][856]LogModuleManager: Shutting down and abandoning module RSA (3)
[2026.04.26-12.08.39:850][856]LogContentStreaming: Display: There are 1 unreleased StreamingManagers
[2026.04.26-12.08.39:905][856]LogD3D11RHI: Shutdown
[2026.04.26-12.08.39:905][856]LogD3D11RHI: CleanupD3DDevice
[2026.04.26-12.08.39:944][856]LogExit: Exiting.
[2026.04.26-12.08.39:967][856]Log file closed, 04/26/26 14:08:39
