Log file open, 04/04/26 18:59:59
LogWindows: Failed to load 'aqProf.dll' (GetLastError=126)
LogWindows: File 'aqProf.dll' does not exist
LogWindows: Failed to load 'VtuneApi.dll' (GetLastError=126)
LogWindows: File 'VtuneApi.dll' does not exist
LogWindows: Failed to load 'VtuneApi32e.dll' (GetLastError=126)
LogWindows: File 'VtuneApi32e.dll' does not exist
LogConsoleResponse: Display: Failed to find resolution value strings in scalability ini. Falling back to default.
LogConsoleResponse: Display: Failed to find resolution value strings in scalability ini. Falling back to default.
LogInit: Display: Running engine for game: Playtime_Multiplayer
LogPlatformFile: Not using cached read wrapper
LogTaskGraph: Started task graph with 5 named threads and 35 total threads with 3 sets of task threads.
LogStats: Stats thread started at 0.266551
LogICUInternationalization: ICU TimeZone Detection - Raw Offset: +3:00, Platform Override: ''
LogInit: Display: Loading text-based GConfig....
LogPluginManager: Mounting plugin MeshPainting
LogPluginManager: Mounting plugin XGEController
LogPluginManager: Mounting plugin Paper2D
LogPluginManager: Mounting plugin EnvironmentQueryEditor
LogPluginManager: Mounting plugin AISupport
LogPluginManager: Mounting plugin LightPropagationVolume
LogPluginManager: Mounting plugin LiveLink
LogPluginManager: Mounting plugin CameraShakePreviewer
LogPluginManager: Mounting plugin GameplayCameras
LogPluginManager: Mounting plugin OodleData
LogPluginManager: Mounting plugin OodleNetwork
LogPluginManager: Mounting plugin AnimationSharing
LogPluginManager: Mounting plugin AssetManagerEditor
LogPluginManager: Mounting plugin CLionSourceCodeAccess
LogPluginManager: Mounting plugin CodeLiteSourceCodeAccess
LogPluginManager: Mounting plugin CryptoKeys
LogPluginManager: Mounting plugin GitSourceControl
LogPluginManager: Mounting plugin CurveEditorTools
LogPluginManager: Mounting plugin KDevelopSourceCodeAccess
LogPluginManager: Mounting plugin DataValidation
LogPluginManager: Mounting plugin DatasmithContent
LogPluginManager: Mounting plugin FacialAnimation
LogPluginManager: Mounting plugin GeometryMode
LogPluginManager: Mounting plugin AlembicImporter
LogPluginManager: Mounting plugin AutomationUtils
LogPluginManager: Mounting plugin BackChannel
LogPluginManager: Mounting plugin GameplayTagsEditor
LogPluginManager: Mounting plugin ChaosCloth
LogPluginManager: Mounting plugin VariantManagerContent
LogPluginManager: Mounting plugin ChaosClothEditor
LogPluginManager: Mounting plugin ChaosEditor
LogPluginManager: Mounting plugin ChaosSolverPlugin
LogPluginManager: Mounting plugin MacGraphicsSwitching
LogPluginManager: Mounting plugin CharacterAI
LogPluginManager: Mounting plugin MaterialAnalyzer
LogPluginManager: Mounting plugin MobileLauncherProfileWizard
LogPluginManager: Mounting plugin ChaosNiagara
LogPluginManager: Mounting plugin PluginBrowser
LogPluginManager: Mounting plugin SpeedTreeImporter
LogPluginManager: Mounting plugin NullSourceCodeAccess
LogPluginManager: Mounting plugin GeometryCollectionPlugin
LogPluginManager: Mounting plugin PerforceSourceControl
LogPluginManager: Mounting plugin PixWinPlugin
LogPluginManager: Mounting plugin PlasticSourceControl
LogPluginManager: Mounting plugin PluginUtils
LogPluginManager: Mounting plugin PropertyAccessNode
LogPluginManager: Mounting plugin GeometryCache
LogPluginManager: Mounting plugin RiderSourceCodeAccess
LogPluginManager: Mounting plugin SubversionSourceControl
LogPluginManager: Mounting plugin TextureFormatOodle
LogPluginManager: Mounting plugin UObjectPlugin
LogPluginManager: Mounting plugin VisualStudioCodeSourceCodeAccess
LogPluginManager: Mounting plugin VisualStudioSourceCodeAccess
LogPluginManager: Mounting plugin XCodeSourceCodeAccess
LogPluginManager: Mounting plugin GeometryProcessing
LogPluginManager: Mounting plugin MotoSynth
LogPluginManager: Mounting plugin OpenImageDenoise
LogPluginManager: Mounting plugin PythonScriptPlugin
LogPluginManager: Mounting plugin PlanarCut
LogPluginManager: Mounting plugin PlatformCrypto
LogPluginManager: Mounting plugin ProxyLODPlugin
LogPluginManager: Mounting plugin SkeletalReduction
LogPluginManager: Mounting plugin MultiplayerShooterPlugin
LogPluginManager: Mounting plugin LuminPlatformFeatures
LogPluginManager: Mounting plugin Niagara
LogPluginManager: Mounting plugin MagicLeap
LogPluginManager: Mounting plugin MagicLeapLightEstimation
LogPluginManager: Mounting plugin MagicLeapMedia
LogPluginManager: Mounting plugin MagicLeapPassableWorld
LogPluginManager: Mounting plugin MLSDK
LogPluginManager: Mounting plugin TcpMessaging
LogPluginManager: Mounting plugin ActorSequence
LogPluginManager: Mounting plugin UdpMessaging
LogPluginManager: Mounting plugin OnlineSubsystem
LogPluginManager: Mounting plugin LevelSequenceEditor
LogPluginManager: Mounting plugin MatineeToLevelSequence
LogPluginManager: Mounting plugin OnlineSubsystemNull
LogPluginManager: Mounting plugin TemplateSequence
LogPluginManager: Mounting plugin OnlineSubsystemUtils
LogPluginManager: Mounting plugin AvfMedia
LogPluginManager: Mounting plugin AndroidMedia
LogPluginManager: Mounting plugin MediaCompositing
LogPluginManager: Mounting plugin ImgMedia
LogPluginManager: Mounting plugin MediaPlayerEditor
LogPluginManager: Mounting plugin WebMMedia
LogPluginManager: Mounting plugin WmfMedia
LogPluginManager: Mounting plugin LauncherChunkInstaller
LogPluginManager: Mounting plugin ScreenshotTools
LogPluginManager: Mounting plugin ActorLayerUtilities
LogPluginManager: Mounting plugin AndroidDeviceProfileSelector
LogPluginManager: Mounting plugin AndroidMoviePlayer
LogPluginManager: Mounting plugin AndroidPermission
LogPluginManager: Mounting plugin AppleImageUtils
LogPluginManager: Mounting plugin AppleMoviePlayer
LogPluginManager: Mounting plugin ArchVisCharacter
LogPluginManager: Mounting plugin AudioCapture
LogPluginManager: Mounting plugin AssetTags
LogPluginManager: Mounting plugin AudioSynesthesia
LogPluginManager: Mounting plugin CableComponent
LogPluginManager: Mounting plugin ChunkDownloader
LogPluginManager: Mounting plugin CustomMeshComponent
LogPluginManager: Mounting plugin ExampleDeviceProfileSelector
LogPluginManager: Mounting plugin EditableMesh
LogPluginManager: Mounting plugin GoogleCloudMessaging
LogPluginManager: Mounting plugin GooglePAD
LogPluginManager: Mounting plugin Takes
LogPluginManager: Mounting plugin IOSDeviceProfileSelector
LogPluginManager: Mounting plugin LinuxDeviceProfileSelector
LogPluginManager: Mounting plugin LocationServicesBPLibrary
LogPluginManager: Mounting plugin MobilePatchingUtils
LogPluginManager: Mounting plugin OpenXR
LogPluginManager: Mounting plugin OpenXREyeTracker
LogPluginManager: Mounting plugin OpenXRHandTracking
LogPluginManager: Mounting plugin PhysXVehicles
LogPluginManager: Mounting plugin PostSplashScreen
LogPluginManager: Mounting plugin ProceduralMeshComponent
LogPluginManager: Mounting plugin PropertyAccessEditor
LogPluginManager: Mounting plugin RuntimePhysXCooking
LogPluginManager: Mounting plugin SignificanceManager
LogPluginManager: Mounting plugin SoundFields
LogPluginManager: Mounting plugin Synthesis
LogPluginManager: Mounting plugin WebMMoviePlayer
LogPluginManager: Mounting plugin WindowsMoviePlayer
LogPluginManager: Mounting plugin ContentBrowserAssetDataSource
LogPluginManager: Mounting plugin ContentBrowserClassDataSource
LogPluginManager: Mounting plugin ContentBrowserFileDataSource
LogPluginManager: Mounting plugin OnlineSubsystemGooglePlay
LogPluginManager: Mounting plugin OnlineSubsystemIOS
LogPluginManager: Mounting plugin OculusVR
LogPluginManager: Mounting plugin SteamVR
LogPluginManager: Mounting plugin AdvancedSessions
PixWinPlugin: PIX capture plugin failed to initialize! Check that the process is launched from PIX.
LogInit: Using libcurl 7.55.1-DEV
LogInit:  - built for x86_64-pc-win32
LogInit:  - supports SSL with OpenSSL/1.1.1
LogInit:  - supports HTTP deflate (compression) using libz 1.2.8
LogInit:  - other features:
LogInit:      CURL_VERSION_SSL
LogInit:      CURL_VERSION_LIBZ
LogInit:      CURL_VERSION_IPV6
LogInit:      CURL_VERSION_ASYNCHDNS
LogInit:      CURL_VERSION_LARGEFILE
LogInit:      CURL_VERSION_IDN
LogInit:  CurlRequestOptions (configurable via config and command line):
LogInit:  - bVerifyPeer = true  - Libcurl will verify peer certificate
LogInit:  - bUseHttpProxy = false  - Libcurl will NOT use HTTP proxy
LogInit:  - bDontReuseConnections = false  - Libcurl will reuse connections
LogInit:  - MaxHostConnections = 16  - Libcurl will limit the number of connections to a host
LogInit:  - LocalHostAddr = Default
LogInit:  - BufferSize = 65536
LogModuleManager: Warning: ModuleManager: Unable to load module 'OnlineSubsystemSteam'  - 0 instances of that module name found.
LogOnline: Warning: OSS: TryLoadSubsystemAndSetDefault: LoadSubsystemModule([Steam]) failed
LogOnline: OSS: Creating online subsystem instance for: NULL
LogInit: WinSock: version 1.1 (2.2), MaxSocks=32767, MaxUdp=65467
LogOnline: OSS: TryLoadSubsystemAndSetDefault: Loaded subsystem for module [NULL]
LogOculusPluginWrapper: OculusPlugin initialized successfully
LogHMD: Failed initializing OVRPlugin 1.59.0
LogInit: Build: ++UE4+Release-4.27-CL-18319896
LogInit: Engine Version: 4.27.2-18319896+++UE4+Release-4.27
LogInit: Compatible Engine Version: 4.27.0-17155196+++UE4+Release-4.27
LogInit: Net CL: 17155196
LogInit: OS: Windows 10 (Release 2009) (), CPU: Intel(R) Core(TM) i5-10400T CPU @ 2.00GHz, GPU: Intel(R) UHD Graphics 630
LogInit: Compiled (64-bit): Nov 30 2021 07:12:08
LogInit: Compiled with Visual C++: 19.24.28315.00
LogInit: Build Configuration: Development
LogInit: Branch Name: ++UE4+Release-4.27
LogInit: Command Line: 
LogInit: Base Directory: C:/Program Files/Epic Games/UE_4.27/Engine/Binaries/Win64/
LogInit: Allocator: TBB
LogInit: Installed Engine Build: 1
LogDevObjectVersion: Number of dev versions registered: 29
LogDevObjectVersion:   Dev-Blueprints (B0D832E4-1F89-4F0D-ACCF-7EB736FD4AA2): 10
LogDevObjectVersion:   Dev-Build (E1C64328-A22C-4D53-A36C-8E866417BD8C): 0
LogDevObjectVersion:   Dev-Core (375EC13C-06E4-48FB-B500-84F0262A717E): 4
LogDevObjectVersion:   Dev-Editor (E4B068ED-F494-42E9-A231-DA0B2E46BB41): 40
LogDevObjectVersion:   Dev-Framework (CFFC743F-43B0-4480-9391-14DF171D2073): 37
LogDevObjectVersion:   Dev-Mobile (B02B49B5-BB20-44E9-A304-32B752E40360): 3
LogDevObjectVersion:   Dev-Networking (A4E4105C-59A1-49B5-A7C5-40C4547EDFEE): 0
LogDevObjectVersion:   Dev-Online (39C831C9-5AE6-47DC-9A44-9C173E1C8E7C): 0
LogDevObjectVersion:   Dev-Physics (78F01B33-EBEA-4F98-B9B4-84EACCB95AA2): 14
LogDevObjectVersion:   Dev-Platform (6631380F-2D4D-43E0-8009-CF276956A95A): 0
LogDevObjectVersion:   Dev-Rendering (12F88B9F-8875-4AFC-A67C-D90C383ABD29): 45
LogDevObjectVersion:   Dev-Sequencer (7B5AE74C-D270-4C10-A958-57980B212A5A): 13
LogDevObjectVersion:   Dev-VR (D7296918-1DD6-4BDD-9DE2-64A83CC13884): 3
LogDevObjectVersion:   Dev-LoadTimes (C2A15278-BFE7-4AFE-6C17-90FF531DF755): 1
LogDevObjectVersion:   Private-Geometry (6EACA3D4-40EC-4CC1-B786-8BED09428FC5): 3
LogDevObjectVersion:   Dev-AnimPhys (29E575DD-E0A3-4627-9D10-D276232CDCEA): 17
LogDevObjectVersion:   Dev-Anim (AF43A65D-7FD3-4947-9873-3E8ED9C1BB05): 15
LogDevObjectVersion:   Dev-ReflectionCapture (6B266CEC-1EC7-4B8F-A30B-E4D90942FC07): 1
LogDevObjectVersion:   Dev-Automation (0DF73D61-A23F-47EA-B727-89E90C41499A): 1
LogDevObjectVersion:   FortniteMain (601D1886-AC64-4F84-AA16-D3DE0DEAC7D6): 47
LogDevObjectVersion:   FortniteRelease (E7086368-6B23-4C58-8439-1B7016265E91): 1
LogDevObjectVersion:   Dev-Enterprise (9DFFBCD6-494F-0158-E221-12823C92A888): 10
LogDevObjectVersion:   Dev-Niagara (F2AED0AC-9AFE-416F-8664-AA7FFA26D6FC): 1
LogDevObjectVersion:   Dev-Destruction (174F1F0B-B4C6-45A5-B13F-2EE8D0FB917D): 10
LogDevObjectVersion:   Dev-Physics-Ext (35F94A83-E258-406C-A318-09F59610247C): 41
LogDevObjectVersion:   Dev-PhysicsMaterial-Chaos (B68FC16E-8B1B-42E2-B453-215C058844FE): 1
LogDevObjectVersion:   Dev-CineCamera (B2E18506-4273-CFC2-A54E-F4BB758BBA07): 1
LogDevObjectVersion:   Dev-VirtualProduction (64F58936-FD1B-42BA-BA96-7289D5D0FA4E): 1
LogDevObjectVersion:   Dev-MediaFramework (6F0ED827-A609-4895-9C91-998D90180EA4): 2
LogInit: Presizing for max 25165824 objects, including 0 objects not considered by GC, pre-allocating 0 bytes for permanent pool.
LogConfig: Applying CVar settings from Section [/Script/Engine.StreamingSettings] File [C:/Users/User/Documents/Unreal Projects/Playtime_Multiplayer/Saved/Config/Windows/Engine.ini]
LogConfig: Setting CVar [[s.MinBulkDataSizeForAsyncLoading:131072]]
LogConfig: Setting CVar [[s.AsyncLoadingThreadEnabled:0]]
LogConfig: Setting CVar [[s.EventDrivenLoaderEnabled:1]]
LogConfig: Setting CVar [[s.WarnIfTimeLimitExceeded:0]]
LogConfig: Setting CVar [[s.TimeLimitExceededMultiplier:1.5]]
LogConfig: Setting CVar [[s.TimeLimitExceededMinTime:0.005]]
LogConfig: Setting CVar [[s.UseBackgroundLevelStreaming:1]]
LogConfig: Setting CVar [[s.PriorityAsyncLoadingExtraTime:15.0]]
LogConfig: Setting CVar [[s.LevelStreamingActorsUpdateTimeLimit:5.0]]
LogConfig: Setting CVar [[s.PriorityLevelStreamingActorsUpdateExtraTime:5.0]]
LogConfig: Setting CVar [[s.LevelStreamingComponentsRegistrationGranularity:10]]
LogConfig: Setting CVar [[s.UnregisterComponentsTimeLimit:1.0]]
LogConfig: Setting CVar [[s.LevelStreamingComponentsUnregistrationGranularity:5]]
LogConfig: Setting CVar [[s.FlushStreamingOnExit:1]]
LogInit: Object subsystem initialized
LogConfig: Setting CVar [[con.DebugEarlyDefault:1]]
LogConfig: Setting CVar [[r.setres:1280x720]]
[2026.04.04-16.00.00:310][  0]LogConfig: Setting CVar [[r.VSync:0]]
[2026.04.04-16.00.00:310][  0]LogConfig: Setting CVar [[r.RHICmdBypass:0]]
[2026.04.04-16.00.00:310][  0]LogConfig: Applying CVar settings from Section [/Script/Engine.RendererSettings] File [C:/Users/User/Documents/Unreal Projects/Playtime_Multiplayer/Saved/Config/Windows/Engine.ini]
[2026.04.04-16.00.00:310][  0]LogConfig: Setting CVar [[r.GPUCrashDebugging:0]]
[2026.04.04-16.00.00:310][  0]LogConfig: Applying CVar settings from Section [/Script/Engine.RendererOverrideSettings] File [C:/Users/User/Documents/Unreal Projects/Playtime_Multiplayer/Saved/Config/Windows/Engine.ini]
[2026.04.04-16.00.00:310][  0]LogConfig: Applying CVar settings from Section [/Script/Engine.StreamingSettings] File [C:/Users/User/Documents/Unreal Projects/Playtime_Multiplayer/Saved/Config/Windows/Engine.ini]
[2026.04.04-16.00.00:310][  0]LogConfig: Setting CVar [[s.MinBulkDataSizeForAsyncLoading:131072]]
[2026.04.04-16.00.00:310][  0]LogConfig: Setting CVar [[s.AsyncLoadingThreadEnabled:0]]
[2026.04.04-16.00.00:310][  0]LogConfig: Setting CVar [[s.EventDrivenLoaderEnabled:1]]
[2026.04.04-16.00.00:310][  0]LogConfig: Setting CVar [[s.WarnIfTimeLimitExceeded:0]]
[2026.04.04-16.00.00:310][  0]LogConfig: Setting CVar [[s.TimeLimitExceededMultiplier:1.5]]
[2026.04.04-16.00.00:310][  0]LogConfig: Setting CVar [[s.TimeLimitExceededMinTime:0.005]]
[2026.04.04-16.00.00:310][  0]LogConfig: Setting CVar [[s.UseBackgroundLevelStreaming:1]]
[2026.04.04-16.00.00:310][  0]LogConfig: Setting CVar [[s.PriorityAsyncLoadingExtraTime:15.0]]
[2026.04.04-16.00.00:310][  0]LogConfig: Setting CVar [[s.LevelStreamingActorsUpdateTimeLimit:5.0]]
[2026.04.04-16.00.00:310][  0]LogConfig: Setting CVar [[s.PriorityLevelStreamingActorsUpdateExtraTime:5.0]]
[2026.04.04-16.00.00:310][  0]LogConfig: Setting CVar [[s.LevelStreamingComponentsRegistrationGranularity:10]]
[2026.04.04-16.00.00:310][  0]LogConfig: Setting CVar [[s.UnregisterComponentsTimeLimit:1.0]]
[2026.04.04-16.00.00:310][  0]LogConfig: Setting CVar [[s.LevelStreamingComponentsUnregistrationGranularity:5]]
[2026.04.04-16.00.00:310][  0]LogConfig: Setting CVar [[s.FlushStreamingOnExit:1]]
[2026.04.04-16.00.00:310][  0]LogConfig: Applying CVar settings from Section [/Script/Engine.GarbageCollectionSettings] File [C:/Users/User/Documents/Unreal Projects/Playtime_Multiplayer/Saved/Config/Windows/Engine.ini]
[2026.04.04-16.00.00:310][  0]LogConfig: Setting CVar [[gc.MaxObjectsNotConsideredByGC:1]]
[2026.04.04-16.00.00:310][  0]LogConfig: Setting CVar [[gc.SizeOfPermanentObjectPool:0]]
[2026.04.04-16.00.00:310][  0]LogConfig: Setting CVar [[gc.FlushStreamingOnGC:0]]
[2026.04.04-16.00.00:310][  0]LogConfig: Setting CVar [[gc.NumRetriesBeforeForcingGC:10]]
[2026.04.04-16.00.00:310][  0]LogConfig: Setting CVar [[gc.AllowParallelGC:1]]
[2026.04.04-16.00.00:310][  0]LogConfig: Setting CVar [[gc.TimeBetweenPurgingPendingKillObjects:61.1]]
[2026.04.04-16.00.00:310][  0]LogConfig: Setting CVar [[gc.MaxObjectsInEditor:25165824]]
[2026.04.04-16.00.00:310][  0]LogConfig: Setting CVar [[gc.IncrementalBeginDestroyEnabled:1]]
[2026.04.04-16.00.00:310][  0]LogConfig: Setting CVar [[gc.CreateGCClusters:1]]
[2026.04.04-16.00.00:310][  0]LogConfig: Setting CVar [[gc.MinGCClusterSize:5]]
[2026.04.04-16.00.00:310][  0]LogConfig: Setting CVar [[gc.ActorClusteringEnabled:0]]
[2026.04.04-16.00.00:310][  0]LogConfig: Setting CVar [[gc.BlueprintClusteringEnabled:0]]
[2026.04.04-16.00.00:310][  0]LogConfig: Setting CVar [[gc.UseDisregardForGCOnDedicatedServers:0]]
[2026.04.04-16.00.00:310][  0]LogConfig: Setting CVar [[gc.MultithreadedDestructionEnabled:1]]
[2026.04.04-16.00.00:310][  0]LogConfig: Applying CVar settings from Section [/Script/Engine.NetworkSettings] File [C:/Users/User/Documents/Unreal Projects/Playtime_Multiplayer/Saved/Config/Windows/Engine.ini]
[2026.04.04-16.00.00:310][  0]LogConfig: Applying CVar settings from Section [/Script/UnrealEd.CookerSettings] File [C:/Users/User/Documents/Unreal Projects/Playtime_Multiplayer/Saved/Config/Windows/Engine.ini]
[2026.04.04-16.00.00:335][  0]LogConfig: Applying CVar settings from Section [ViewDistanceQuality@3] File [C:/Users/User/Documents/Unreal Projects/Playtime_Multiplayer/Saved/Config/Windows/Scalability.ini]
[2026.04.04-16.00.00:335][  0]LogConfig: Setting CVar [[r.SkeletalMeshLODBias:0]]
[2026.04.04-16.00.00:335][  0]LogConfig: Setting CVar [[r.ViewDistanceScale:1.0]]
[2026.04.04-16.00.00:335][  0]LogConfig: Applying CVar settings from Section [AntiAliasingQuality@3] File [C:/Users/User/Documents/Unreal Projects/Playtime_Multiplayer/Saved/Config/Windows/Scalability.ini]
[2026.04.04-16.00.00:335][  0]LogConfig: Setting CVar [[r.PostProcessAAQuality:4]]
[2026.04.04-16.00.00:335][  0]LogConfig: Applying CVar settings from Section [ShadowQuality@3] File [C:/Users/User/Documents/Unreal Projects/Playtime_Multiplayer/Saved/Config/Windows/Scalability.ini]
[2026.04.04-16.00.00:335][  0]LogConfig: Setting CVar [[r.LightFunctionQuality:1]]
[2026.04.04-16.00.00:335][  0]LogConfig: Setting CVar [[r.ShadowQuality:5]]
[2026.04.04-16.00.00:335][  0]LogConfig: Setting CVar [[r.Shadow.CSM.MaxCascades:10]]
[2026.04.04-16.00.00:335][  0]LogConfig: Setting CVar [[r.Shadow.MaxResolution:2048]]
[2026.04.04-16.00.00:335][  0]LogConfig: Setting CVar [[r.Shadow.MaxCSMResolution:2048]]
[2026.04.04-16.00.00:335][  0]LogConfig: Setting CVar [[r.Shadow.RadiusThreshold:0.01]]
[2026.04.04-16.00.00:335][  0]LogConfig: Setting CVar [[r.Shadow.DistanceScale:1.0]]
[2026.04.04-16.00.00:335][  0]LogConfig: Setting CVar [[r.Shadow.CSM.TransitionScale:1.0]]
[2026.04.04-16.00.00:335][  0]LogConfig: Setting CVar [[r.Shadow.PreShadowResolutionFactor:1.0]]
[2026.04.04-16.00.00:335][  0]LogConfig: Setting CVar [[r.DistanceFieldShadowing:1]]
[2026.04.04-16.00.00:335][  0]LogConfig: Setting CVar [[r.DistanceFieldAO:1]]
[2026.04.04-16.00.00:335][  0]LogConfig: Setting CVar [[r.AOQuality:2]]
[2026.04.04-16.00.00:335][  0]LogConfig: Setting CVar [[r.VolumetricFog:1]]
[2026.04.04-16.00.00:335][  0]LogConfig: Setting CVar [[r.VolumetricFog.GridPixelSize:8]]
[2026.04.04-16.00.00:335][  0]LogConfig: Setting CVar [[r.VolumetricFog.GridSizeZ:128]]
[2026.04.04-16.00.00:335][  0]LogConfig: Setting CVar [[r.VolumetricFog.HistoryMissSupersampleCount:4]]
[2026.04.04-16.00.00:335][  0]LogConfig: Setting CVar [[r.LightMaxDrawDistanceScale:1]]
[2026.04.04-16.00.00:335][  0]LogConfig: Setting CVar [[r.CapsuleShadows:1]]
[2026.04.04-16.00.00:335][  0]LogConfig: Applying CVar settings from Section [PostProcessQuality@3] File [C:/Users/User/Documents/Unreal Projects/Playtime_Multiplayer/Saved/Config/Windows/Scalability.ini]
[2026.04.04-16.00.00:335][  0]LogConfig: Setting CVar [[r.MotionBlurQuality:4]]
[2026.04.04-16.00.00:335][  0]LogConfig: Setting CVar [[r.AmbientOcclusionMipLevelFactor:0.4]]
[2026.04.04-16.00.00:335][  0]LogConfig: Setting CVar [[r.AmbientOcclusionMaxQuality:100]]
[2026.04.04-16.00.00:335][  0]LogConfig: Setting CVar [[r.AmbientOcclusionLevels:-1]]
[2026.04.04-16.00.00:335][  0]LogConfig: Setting CVar [[r.AmbientOcclusionRadiusScale:1.0]]
[2026.04.04-16.00.00:335][  0]LogConfig: Setting CVar [[r.DepthOfFieldQuality:2]]
[2026.04.04-16.00.00:335][  0]LogConfig: Setting CVar [[r.RenderTargetPoolMin:400]]
[2026.04.04-16.00.00:335][  0]LogConfig: Setting CVar [[r.LensFlareQuality:2]]
[2026.04.04-16.00.00:335][  0]LogConfig: Setting CVar [[r.SceneColorFringeQuality:1]]
[2026.04.04-16.00.00:335][  0]LogConfig: Setting CVar [[r.EyeAdaptationQuality:2]]
[2026.04.04-16.00.00:335][  0]LogConfig: Setting CVar [[r.BloomQuality:5]]
[2026.04.04-16.00.00:335][  0]LogConfig: Setting CVar [[r.FastBlurThreshold:100]]
[2026.04.04-16.00.00:335][  0]LogConfig: Setting CVar [[r.Upscale.Quality:3]]
[2026.04.04-16.00.00:335][  0]LogConfig: Setting CVar [[r.Tonemapper.GrainQuantization:1]]
[2026.04.04-16.00.00:335][  0]LogConfig: Setting CVar [[r.LightShaftQuality:1]]
[2026.04.04-16.00.00:335][  0]LogConfig: Setting CVar [[r.Filter.SizeScale:1]]
[2026.04.04-16.00.00:335][  0]LogConfig: Setting CVar [[r.Tonemapper.Quality:5]]
[2026.04.04-16.00.00:335][  0]LogConfig: Setting CVar [[r.DOF.Gather.AccumulatorQuality:1        ; higher gathering accumulator quality]]
[2026.04.04-16.00.00:335][  0]LogConfig: Setting CVar [[r.DOF.Gather.PostfilterMethod:1          ; Median3x3 postfilering method]]
[2026.04.04-16.00.00:335][  0]LogConfig: Setting CVar [[r.DOF.Gather.EnableBokehSettings:0       ; no bokeh simulation when gathering]]
[2026.04.04-16.00.00:335][  0]LogConfig: Setting CVar [[r.DOF.Gather.RingCount:4                 ; medium number of samples when gathering]]
[2026.04.04-16.00.00:335][  0]LogConfig: Setting CVar [[r.DOF.Scatter.ForegroundCompositing:1    ; additive foreground scattering]]
[2026.04.04-16.00.00:335][  0]LogConfig: Setting CVar [[r.DOF.Scatter.BackgroundCompositing:2    ; additive background scattering]]
[2026.04.04-16.00.00:335][  0]LogConfig: Setting CVar [[r.DOF.Scatter.EnableBokehSettings:1      ; bokeh simulation when scattering]]
[2026.04.04-16.00.00:335][  0]LogConfig: Setting CVar [[r.DOF.Scatter.MaxSpriteRatio:0.1         ; only a maximum of 10% of scattered bokeh]]
[2026.04.04-16.00.00:335][  0]LogConfig: Setting CVar [[r.DOF.Recombine.Quality:1                ; cheap slight out of focus]]
[2026.04.04-16.00.00:335][  0]LogConfig: Setting CVar [[r.DOF.Recombine.EnableBokehSettings:0    ; no bokeh simulation on slight out of focus]]
[2026.04.04-16.00.00:335][  0]LogConfig: Setting CVar [[r.DOF.TemporalAAQuality:1                ; more stable temporal accumulation]]
[2026.04.04-16.00.00:335][  0]LogConfig: Setting CVar [[r.DOF.Kernel.MaxForegroundRadius:0.025]]
[2026.04.04-16.00.00:335][  0]LogConfig: Setting CVar [[r.DOF.Kernel.MaxBackgroundRadius:0.025]]
[2026.04.04-16.00.00:335][  0]LogConfig: Applying CVar settings from Section [TextureQuality@3] File [C:/Users/User/Documents/Unreal Projects/Playtime_Multiplayer/Saved/Config/Windows/Scalability.ini]
[2026.04.04-16.00.00:335][  0]LogConfig: Setting CVar [[r.Streaming.MipBias:0]]
[2026.04.04-16.00.00:335][  0]LogConfig: Setting CVar [[r.Streaming.AmortizeCPUToGPUCopy:0]]
[2026.04.04-16.00.00:335][  0]LogConfig: Setting CVar [[r.Streaming.MaxNumTexturesToStreamPerFrame:0]]
[2026.04.04-16.00.00:336][  0]LogConfig: Setting CVar [[r.Streaming.Boost:1]]
[2026.04.04-16.00.00:336][  0]LogConfig: Setting CVar [[r.MaxAnisotropy:8]]
[2026.04.04-16.00.00:336][  0]LogConfig: Setting CVar [[r.VT.MaxAnisotropy:8]]
[2026.04.04-16.00.00:336][  0]LogConfig: Setting CVar [[r.Streaming.LimitPoolSizeToVRAM:0]]
[2026.04.04-16.00.00:336][  0]LogConfig: Setting CVar [[r.Streaming.PoolSize:1000]]
[2026.04.04-16.00.00:336][  0]LogConfig: Setting CVar [[r.Streaming.MaxEffectiveScreenSize:0]]
[2026.04.04-16.00.00:336][  0]LogConfig: Applying CVar settings from Section [EffectsQuality@3] File [C:/Users/User/Documents/Unreal Projects/Playtime_Multiplayer/Saved/Config/Windows/Scalability.ini]
[2026.04.04-16.00.00:336][  0]LogConfig: Setting CVar [[r.TranslucencyLightingVolumeDim:64]]
[2026.04.04-16.00.00:336][  0]LogConfig: Setting CVar [[r.RefractionQuality:2]]
[2026.04.04-16.00.00:336][  0]LogConfig: Setting CVar [[r.SSR.Quality:3]]
[2026.04.04-16.00.00:336][  0]LogConfig: Setting CVar [[r.SSR.HalfResSceneColor:0]]
[2026.04.04-16.00.00:336][  0]LogConfig: Setting CVar [[r.SceneColorFormat:4]]
[2026.04.04-16.00.00:336][  0]LogConfig: Setting CVar [[r.DetailMode:2]]
[2026.04.04-16.00.00:336][  0]LogConfig: Setting CVar [[r.TranslucencyVolumeBlur:1]]
[2026.04.04-16.00.00:336][  0]LogConfig: Setting CVar [[r.MaterialQualityLevel:1 ; High quality]]
[2026.04.04-16.00.00:336][  0]LogConfig: Setting CVar [[r.AnisotropicMaterials:1]]
[2026.04.04-16.00.00:336][  0]LogConfig: Setting CVar [[r.SSS.Scale:1]]
[2026.04.04-16.00.00:336][  0]LogConfig: Setting CVar [[r.SSS.SampleSet:2]]
[2026.04.04-16.00.00:336][  0]LogConfig: Setting CVar [[r.SSS.Quality:1]]
[2026.04.04-16.00.00:336][  0]LogConfig: Setting CVar [[r.SSS.HalfRes:0]]
[2026.04.04-16.00.00:336][  0]LogConfig: Setting CVar [[r.SSGI.Quality:3]]
[2026.04.04-16.00.00:336][  0]LogConfig: Setting CVar [[r.EmitterSpawnRateScale:1.0]]
[2026.04.04-16.00.00:336][  0]LogConfig: Setting CVar [[r.ParticleLightQuality:2]]
[2026.04.04-16.00.00:336][  0]LogConfig: Setting CVar [[r.SkyAtmosphere.AerialPerspectiveLUT.FastApplyOnOpaque:1 ; Always have FastSkyLUT 1 in this case to avoid wrong sky]]
[2026.04.04-16.00.00:336][  0]LogConfig: Setting CVar [[r.SkyAtmosphere.AerialPerspectiveLUT.SampleCountMaxPerSlice:4]]
[2026.04.04-16.00.00:336][  0]LogConfig: Setting CVar [[r.SkyAtmosphere.AerialPerspectiveLUT.DepthResolution:16.0]]
[2026.04.04-16.00.00:336][  0]LogConfig: Setting CVar [[r.SkyAtmosphere.FastSkyLUT:1]]
[2026.04.04-16.00.00:336][  0]LogConfig: Setting CVar [[r.SkyAtmosphere.FastSkyLUT.SampleCountMin:4.0]]
[2026.04.04-16.00.00:336][  0]LogConfig: Setting CVar [[r.SkyAtmosphere.FastSkyLUT.SampleCountMax:128.0]]
[2026.04.04-16.00.00:336][  0]LogConfig: Setting CVar [[r.SkyAtmosphere.SampleCountMin:4.0]]
[2026.04.04-16.00.00:336][  0]LogConfig: Setting CVar [[r.SkyAtmosphere.SampleCountMax:128.0]]
[2026.04.04-16.00.00:336][  0]LogConfig: Setting CVar [[r.SkyAtmosphere.TransmittanceLUT.UseSmallFormat:0]]
[2026.04.04-16.00.00:336][  0]LogConfig: Setting CVar [[r.SkyAtmosphere.TransmittanceLUT.SampleCount:10.0]]
[2026.04.04-16.00.00:336][  0]LogConfig: Setting CVar [[r.SkyAtmosphere.MultiScatteringLUT.SampleCount:15.0]]
[2026.04.04-16.00.00:336][  0]LogConfig: Setting CVar [[r.SkyLight.RealTimeReflectionCapture:1]]
[2026.04.04-16.00.00:336][  0]LogConfig: Applying CVar settings from Section [FoliageQuality@3] File [C:/Users/User/Documents/Unreal Projects/Playtime_Multiplayer/Saved/Config/Windows/Scalability.ini]
[2026.04.04-16.00.00:336][  0]LogConfig: Setting CVar [[foliage.DensityScale:1.0]]
[2026.04.04-16.00.00:336][  0]LogConfig: Setting CVar [[grass.DensityScale:1.0]]
[2026.04.04-16.00.00:336][  0]LogConfig: Applying CVar settings from Section [ShadingQuality@3] File [C:/Users/User/Documents/Unreal Projects/Playtime_Multiplayer/Saved/Config/Windows/Scalability.ini]
[2026.04.04-16.00.00:336][  0]LogConfig: Setting CVar [[r.HairStrands.SkyLighting.IntegrationType:2]]
[2026.04.04-16.00.00:336][  0]LogConfig: Setting CVar [[r.HairStrands.SkyAO.SampleCount:4]]
[2026.04.04-16.00.00:336][  0]LogConfig: Setting CVar [[r.HairStrands.Visibility.MSAA.SamplePerPixel:4]]
[2026.04.04-16.00.00:336][  0]LogInit: Selected Device Profile: [Windows]
[2026.04.04-16.00.00:336][  0]LogInit: Applying CVar settings loaded from the selected device profile: [Windows]
[2026.04.04-16.00.00:336][  0]LogHAL: Display: Platform has ~ 8 GB [8391213056 / 8589934592 / 8], which maps to Default [LargestMinGB=32, LargerMinGB=12, DefaultMinGB=8, SmallerMinGB=6, SmallestMinGB=0)
[2026.04.04-16.00.00:336][  0]LogInit: Going up to parent DeviceProfile []
[2026.04.04-16.00.00:336][  0]LogConfig: Applying CVar settings from Section [ViewDistanceQuality@2] File [C:/Users/User/Documents/Unreal Projects/Playtime_Multiplayer/Saved/Config/Windows/Scalability.ini]
[2026.04.04-16.00.00:336][  0]LogConfig: Setting CVar [[r.SkeletalMeshLODBias:0]]
[2026.04.04-16.00.00:336][  0]LogConfig: Setting CVar [[r.ViewDistanceScale:0.8]]
[2026.04.04-16.00.00:336][  0]LogConfig: Applying CVar settings from Section [AntiAliasingQuality@2] File [C:/Users/User/Documents/Unreal Projects/Playtime_Multiplayer/Saved/Config/Windows/Scalability.ini]
[2026.04.04-16.00.00:336][  0]LogConfig: Setting CVar [[r.PostProcessAAQuality:3]]
[2026.04.04-16.00.00:336][  0]LogConfig: Applying CVar settings from Section [ShadowQuality@2] File [C:/Users/User/Documents/Unreal Projects/Playtime_Multiplayer/Saved/Config/Windows/Scalability.ini]
[2026.04.04-16.00.00:336][  0]LogConfig: Setting CVar [[r.LightFunctionQuality:1]]
[2026.04.04-16.00.00:336][  0]LogConfig: Setting CVar [[r.ShadowQuality:5]]
[2026.04.04-16.00.00:336][  0]LogConfig: Setting CVar [[r.Shadow.CSM.MaxCascades:4]]
[2026.04.04-16.00.00:336][  0]LogConfig: Setting CVar [[r.Shadow.MaxResolution:1024]]
[2026.04.04-16.00.00:336][  0]LogConfig: Setting CVar [[r.Shadow.MaxCSMResolution:2048]]
[2026.04.04-16.00.00:336][  0]LogConfig: Setting CVar [[r.Shadow.RadiusThreshold:0.04]]
[2026.04.04-16.00.00:336][  0]LogConfig: Setting CVar [[r.Shadow.DistanceScale:0.85]]
[2026.04.04-16.00.00:336][  0]LogConfig: Setting CVar [[r.Shadow.CSM.TransitionScale:0.8]]
[2026.04.04-16.00.00:336][  0]LogConfig: Setting CVar [[r.Shadow.PreShadowResolutionFactor:0.5]]
[2026.04.04-16.00.00:336][  0]LogConfig: Setting CVar [[r.DistanceFieldShadowing:1]]
[2026.04.04-16.00.00:336][  0]LogConfig: Setting CVar [[r.DistanceFieldAO:1]]
[2026.04.04-16.00.00:336][  0]LogConfig: Setting CVar [[r.AOQuality:1]]
[2026.04.04-16.00.00:336][  0]LogConfig: Setting CVar [[r.VolumetricFog:1]]
[2026.04.04-16.00.00:336][  0]LogConfig: Setting CVar [[r.VolumetricFog.GridPixelSize:16]]
[2026.04.04-16.00.00:336][  0]LogConfig: Setting CVar [[r.VolumetricFog.GridSizeZ:64]]
[2026.04.04-16.00.00:336][  0]LogConfig: Setting CVar [[r.VolumetricFog.HistoryMissSupersampleCount:4]]
[2026.04.04-16.00.00:336][  0]LogConfig: Setting CVar [[r.LightMaxDrawDistanceScale:1]]
[2026.04.04-16.00.00:336][  0]LogConfig: Setting CVar [[r.CapsuleShadows:1]]
[2026.04.04-16.00.00:336][  0]LogConfig: Applying CVar settings from Section [PostProcessQuality@2] File [C:/Users/User/Documents/Unreal Projects/Playtime_Multiplayer/Saved/Config/Windows/Scalability.ini]
[2026.04.04-16.00.00:336][  0]LogConfig: Setting CVar [[r.MotionBlurQuality:3]]
[2026.04.04-16.00.00:336][  0]LogConfig: Setting CVar [[r.AmbientOcclusionMipLevelFactor:0.6]]
[2026.04.04-16.00.00:336][  0]LogConfig: Setting CVar [[r.AmbientOcclusionMaxQuality:100]]
[2026.04.04-16.00.00:337][  0]LogConfig: Setting CVar [[r.AmbientOcclusionLevels:-1]]
[2026.04.04-16.00.00:337][  0]LogConfig: Setting CVar [[r.AmbientOcclusionRadiusScale:1.5]]
[2026.04.04-16.00.00:337][  0]LogConfig: Setting CVar [[r.DepthOfFieldQuality:2]]
[2026.04.04-16.00.00:337][  0]LogConfig: Setting CVar [[r.RenderTargetPoolMin:400]]
[2026.04.04-16.00.00:337][  0]LogConfig: Setting CVar [[r.LensFlareQuality:2]]
[2026.04.04-16.00.00:337][  0]LogConfig: Setting CVar [[r.SceneColorFringeQuality:1]]
[2026.04.04-16.00.00:337][  0]LogConfig: Setting CVar [[r.EyeAdaptationQuality:2]]
[2026.04.04-16.00.00:337][  0]LogConfig: Setting CVar [[r.BloomQuality:5]]
[2026.04.04-16.00.00:337][  0]LogConfig: Setting CVar [[r.FastBlurThreshold:3]]
[2026.04.04-16.00.00:337][  0]LogConfig: Setting CVar [[r.Upscale.Quality:2]]
[2026.04.04-16.00.00:337][  0]LogConfig: Setting CVar [[r.Tonemapper.GrainQuantization:1]]
[2026.04.04-16.00.00:337][  0]LogConfig: Setting CVar [[r.LightShaftQuality:1]]
[2026.04.04-16.00.00:337][  0]LogConfig: Setting CVar [[r.Filter.SizeScale:0.8]]
[2026.04.04-16.00.00:337][  0]LogConfig: Setting CVar [[r.Tonemapper.Quality:5]]
[2026.04.04-16.00.00:337][  0]LogConfig: Setting CVar [[r.DOF.Gather.AccumulatorQuality:0        ; lower gathering accumulator quality]]
[2026.04.04-16.00.00:337][  0]LogConfig: Setting CVar [[r.DOF.Gather.PostfilterMethod:2          ; Max3x3 postfilering method]]
[2026.04.04-16.00.00:337][  0]LogConfig: Setting CVar [[r.DOF.Gather.EnableBokehSettings:0       ; no bokeh simulation when gathering]]
[2026.04.04-16.00.00:337][  0]LogConfig: Setting CVar [[r.DOF.Gather.RingCount:4                 ; medium number of samples when gathering]]
[2026.04.04-16.00.00:337][  0]LogConfig: Setting CVar [[r.DOF.Scatter.ForegroundCompositing:1    ; additive foreground scattering]]
[2026.04.04-16.00.00:337][  0]LogConfig: Setting CVar [[r.DOF.Scatter.BackgroundCompositing:1    ; no background occlusion]]
[2026.04.04-16.00.00:337][  0]LogConfig: Setting CVar [[r.DOF.Scatter.EnableBokehSettings:0      ; no bokeh simulation when scattering]]
[2026.04.04-16.00.00:337][  0]LogConfig: Setting CVar [[r.DOF.Scatter.MaxSpriteRatio:0.04        ; only a maximum of 4% of scattered bokeh]]
[2026.04.04-16.00.00:337][  0]LogConfig: Setting CVar [[r.DOF.Recombine.Quality:0                ; no slight out of focus]]
[2026.04.04-16.00.00:337][  0]LogConfig: Setting CVar [[r.DOF.TemporalAAQuality:0                ; faster temporal accumulation]]
[2026.04.04-16.00.00:337][  0]LogConfig: Setting CVar [[r.DOF.Kernel.MaxForegroundRadius:0.012   ; required because of AccumulatorQuality=0]]
[2026.04.04-16.00.00:337][  0]LogConfig: Setting CVar [[r.DOF.Kernel.MaxBackgroundRadius:0.012   ; required because of AccumulatorQuality=0]]
[2026.04.04-16.00.00:337][  0]LogConfig: Applying CVar settings from Section [TextureQuality@2] File [C:/Users/User/Documents/Unreal Projects/Playtime_Multiplayer/Saved/Config/Windows/Scalability.ini]
[2026.04.04-16.00.00:337][  0]LogConfig: Setting CVar [[r.Streaming.MipBias:0]]
[2026.04.04-16.00.00:337][  0]LogConfig: Setting CVar [[r.Streaming.AmortizeCPUToGPUCopy:0]]
[2026.04.04-16.00.00:337][  0]LogConfig: Setting CVar [[r.Streaming.MaxNumTexturesToStreamPerFrame:0]]
[2026.04.04-16.00.00:337][  0]LogConfig: Setting CVar [[r.Streaming.Boost:1]]
[2026.04.04-16.00.00:337][  0]LogConfig: Setting CVar [[r.MaxAnisotropy:4]]
[2026.04.04-16.00.00:337][  0]LogConfig: Setting CVar [[r.VT.MaxAnisotropy:8]]
[2026.04.04-16.00.00:337][  0]LogConfig: Setting CVar [[r.Streaming.LimitPoolSizeToVRAM:1]]
[2026.04.04-16.00.00:337][  0]LogConfig: Setting CVar [[r.Streaming.PoolSize:800]]
[2026.04.04-16.00.00:337][  0]LogConfig: Setting CVar [[r.Streaming.MaxEffectiveScreenSize:0]]
[2026.04.04-16.00.00:337][  0]LogConfig: Applying CVar settings from Section [EffectsQuality@2] File [C:/Users/User/Documents/Unreal Projects/Playtime_Multiplayer/Saved/Config/Windows/Scalability.ini]
[2026.04.04-16.00.00:337][  0]LogConfig: Setting CVar [[r.TranslucencyLightingVolumeDim:48]]
[2026.04.04-16.00.00:337][  0]LogConfig: Setting CVar [[r.RefractionQuality:2]]
[2026.04.04-16.00.00:337][  0]LogConfig: Setting CVar [[r.SSR.Quality:2]]
[2026.04.04-16.00.00:337][  0]LogConfig: Setting CVar [[r.SSR.HalfResSceneColor:1]]
[2026.04.04-16.00.00:337][  0]LogConfig: Setting CVar [[r.SceneColorFormat:3]]
[2026.04.04-16.00.00:337][  0]LogConfig: Setting CVar [[r.DetailMode:1]]
[2026.04.04-16.00.00:337][  0]LogConfig: Setting CVar [[r.TranslucencyVolumeBlur:1]]
[2026.04.04-16.00.00:337][  0]LogConfig: Setting CVar [[r.MaterialQualityLevel:1 ; High quality]]
[2026.04.04-16.00.00:337][  0]LogConfig: Setting CVar [[r.AnisotropicMaterials:1]]
[2026.04.04-16.00.00:337][  0]LogConfig: Setting CVar [[r.SSS.Scale:1]]
[2026.04.04-16.00.00:337][  0]LogConfig: Setting CVar [[r.SSS.SampleSet:1]]
[2026.04.04-16.00.00:337][  0]LogConfig: Setting CVar [[r.SSS.Quality:-1]]
[2026.04.04-16.00.00:337][  0]LogConfig: Setting CVar [[r.SSS.HalfRes:1]]
[2026.04.04-16.00.00:337][  0]LogConfig: Setting CVar [[r.SSGI.Quality:2]]
[2026.04.04-16.00.00:337][  0]LogConfig: Setting CVar [[r.EmitterSpawnRateScale:0.5]]
[2026.04.04-16.00.00:337][  0]LogConfig: Setting CVar [[r.ParticleLightQuality:1]]
[2026.04.04-16.00.00:337][  0]LogConfig: Setting CVar [[r.SkyAtmosphere.AerialPerspectiveLUT.FastApplyOnOpaque:1 ; Always have FastSkyLUT 1 in this case to avoid wrong sky]]
[2026.04.04-16.00.00:337][  0]LogConfig: Setting CVar [[r.SkyAtmosphere.AerialPerspectiveLUT.SampleCountMaxPerSlice:2]]
[2026.04.04-16.00.00:337][  0]LogConfig: Setting CVar [[r.SkyAtmosphere.AerialPerspectiveLUT.DepthResolution:16.0]]
[2026.04.04-16.00.00:337][  0]LogConfig: Setting CVar [[r.SkyAtmosphere.FastSkyLUT:1]]
[2026.04.04-16.00.00:337][  0]LogConfig: Setting CVar [[r.SkyAtmosphere.FastSkyLUT.SampleCountMin:4.0]]
[2026.04.04-16.00.00:337][  0]LogConfig: Setting CVar [[r.SkyAtmosphere.FastSkyLUT.SampleCountMax:64.0]]
[2026.04.04-16.00.00:337][  0]LogConfig: Setting CVar [[r.SkyAtmosphere.SampleCountMin:4.0]]
[2026.04.04-16.00.00:337][  0]LogConfig: Setting CVar [[r.SkyAtmosphere.SampleCountMax:64.0]]
[2026.04.04-16.00.00:337][  0]LogConfig: Setting CVar [[r.SkyAtmosphere.TransmittanceLUT.UseSmallFormat:0]]
[2026.04.04-16.00.00:337][  0]LogConfig: Setting CVar [[r.SkyAtmosphere.TransmittanceLUT.SampleCount:10.0]]
[2026.04.04-16.00.00:337][  0]LogConfig: Setting CVar [[r.SkyAtmosphere.MultiScatteringLUT.SampleCount:15.0]]
[2026.04.04-16.00.00:337][  0]LogConfig: Setting CVar [[r.SkyLight.RealTimeReflectionCapture:1]]
[2026.04.04-16.00.00:337][  0]LogConfig: Applying CVar settings from Section [FoliageQuality@2] File [C:/Users/User/Documents/Unreal Projects/Playtime_Multiplayer/Saved/Config/Windows/Scalability.ini]
[2026.04.04-16.00.00:337][  0]LogConfig: Setting CVar [[foliage.DensityScale:0.8]]
[2026.04.04-16.00.00:337][  0]LogConfig: Setting CVar [[grass.DensityScale:0.8]]
[2026.04.04-16.00.00:337][  0]LogConfig: Applying CVar settings from Section [ShadingQuality@2] File [C:/Users/User/Documents/Unreal Projects/Playtime_Multiplayer/Saved/Config/Windows/Scalability.ini]
[2026.04.04-16.00.00:337][  0]LogConfig: Setting CVar [[r.HairStrands.SkyLighting.IntegrationType:2]]
[2026.04.04-16.00.00:337][  0]LogConfig: Setting CVar [[r.HairStrands.SkyAO.SampleCount:4]]
[2026.04.04-16.00.00:337][  0]LogConfig: Setting CVar [[r.HairStrands.Visibility.MSAA.SamplePerPixel:4]]
[2026.04.04-16.00.00:337][  0]LogConfig: Applying CVar settings from Section [Startup] File [../../../Engine/Config/ConsoleVariables.ini]
[2026.04.04-16.00.00:338][  0]LogConfig: Setting CVar [[net.UseAdaptiveNetUpdateFrequency:0]]
[2026.04.04-16.00.00:338][  0]LogConfig: Setting CVar [[p.chaos.AllowCreatePhysxBodies:1]]
[2026.04.04-16.00.00:338][  0]LogConfig: Setting CVar [[fx.SkipVectorVMBackendOptimizations:1]]
[2026.04.04-16.00.00:338][  0]LogConfig: Applying CVar settings from Section [ConsoleVariables] File [C:/Users/User/Documents/Unreal Projects/Playtime_Multiplayer/Saved/Config/Windows/Engine.ini]
[2026.04.04-16.00.00:338][  0]LogConfig: Applying CVar settings from Section [ConsoleVariables] File [C:/Users/User/Documents/Unreal Projects/Playtime_Multiplayer/Saved/Config/Windows/Editor.ini]
[2026.04.04-16.00.00:338][  0]LogInit: Computer: WIN-O5Q6NLQMTLB
[2026.04.04-16.00.00:338][  0]LogInit: User: User
[2026.04.04-16.00.00:338][  0]LogInit: CPU Page size=4096, Cores=6
[2026.04.04-16.00.00:338][  0]LogInit: High frequency timer resolution =10.000000 MHz
[2026.04.04-16.00.00:338][  0]LogMemory: Memory total: Physical=7.8GB (8GB approx)
[2026.04.04-16.00.00:338][  0]LogMemory: Platform Memory Stats for Windows
[2026.04.04-16.00.00:338][  0]LogMemory: Process Physical Memory: 149.81 MB used, 149.81 MB peak
[2026.04.04-16.00.00:338][  0]LogMemory: Process Virtual Memory: 127.97 MB used, 127.97 MB peak
[2026.04.04-16.00.00:338][  0]LogMemory: Physical Memory: 5801.14 MB used,  2201.34 MB free, 8002.48 MB total
[2026.04.04-16.00.00:338][  0]LogMemory: Virtual Memory: 134210080.00 MB used,  7644.97 MB free, 134217728.00 MB total
[2026.04.04-16.00.00:348][  0]LogWindows: WindowsPlatformFeatures enabled
[2026.04.04-16.00.00:385][  0]LogInit: Physics initialised using underlying interface: PhysX
[2026.04.04-16.00.00:387][  0]LogInit: Using OS detected language (ru-RU).
[2026.04.04-16.00.00:387][  0]LogInit: Using OS detected locale (ru-RU).
[2026.04.04-16.00.00:403][  0]LogTextLocalizationManager: No specific localization for 'ru-RU' exists, so the 'ru' localization will be used.
[2026.04.04-16.00.00:404][  0]LogTextLocalizationResource: LocRes '../../../Engine/Content/Localization/Editor/ru/Editor.locres' could not be opened for reading!
[2026.04.04-16.00.00:404][  0]LogTextLocalizationResource: LocRes '../../../Engine/Content/Localization/EditorTutorials/ru/EditorTutorials.locres' could not be opened for reading!
[2026.04.04-16.00.00:404][  0]LogTextLocalizationResource: LocRes '../../../Engine/Content/Localization/Keywords/ru/Keywords.locres' could not be opened for reading!
[2026.04.04-16.00.00:404][  0]LogTextLocalizationResource: LocRes '../../../Engine/Content/Localization/Category/ru/Category.locres' could not be opened for reading!
[2026.04.04-16.00.00:404][  0]LogTextLocalizationResource: LocRes '../../../Engine/Content/Localization/ToolTips/ru/ToolTips.locres' could not be opened for reading!
[2026.04.04-16.00.00:404][  0]LogTextLocalizationResource: LocRes '../../../Engine/Content/Localization/PropertyNames/ru/PropertyNames.locres' could not be opened for reading!
[2026.04.04-16.00.00:404][  0]LogTextLocalizationResource: LocRes '../../../Engine/Content/Localization/Engine/ru/Engine.locres' could not be opened for reading!
[2026.04.04-16.00.00:430][  0]LogWindowsTextInputMethodSystem: Display: IME system deactivated.
[2026.04.04-16.00.00:447][  0]LogSlate: New Slate User Created.  User Index 0, Is Virtual User: 0
[2026.04.04-16.00.00:447][  0]LogSlate: Slate User Registered.  User Index 0, Is Virtual User: 0
[2026.04.04-16.00.00:785][  0]LogD3D11RHI: Loaded GFSDK_Aftermath_Lib.x64.dll
[2026.04.04-16.00.00:788][  0]LogHMD: Failed to initialize OpenVR with code 110
[2026.04.04-16.00.00:788][  0]LogD3D11RHI: D3D11 min allowed feature level: 11_0
[2026.04.04-16.00.00:788][  0]LogD3D11RHI: D3D11 max allowed feature level: 11_0
[2026.04.04-16.00.00:788][  0]LogD3D11RHI: D3D11 adapters:
[2026.04.04-16.00.01:108][  0]LogD3D11RHI:    0. 'Intel(R) UHD Graphics 630' (Feature Level 11_0)
[2026.04.04-16.00.01:108][  0]LogD3D11RHI:       128/0/4001 MB DedicatedVideo/DedicatedSystem/SharedSystem, Outputs:1, VendorId:0x8086
[2026.04.04-16.00.01:111][  0]LogD3D11RHI:    1. 'Microsoft Basic Render Driver' (Feature Level 11_0)
[2026.04.04-16.00.01:111][  0]LogD3D11RHI:       0/0/4001 MB DedicatedVideo/DedicatedSystem/SharedSystem, Outputs:0, VendorId:0x1414
[2026.04.04-16.00.01:111][  0]LogD3D11RHI: Chosen D3D11 Adapter:
[2026.04.04-16.00.01:111][  0]LogD3D11RHI:     Description : Intel(R) UHD Graphics 630
[2026.04.04-16.00.01:111][  0]LogD3D11RHI:     VendorId    : 8086
[2026.04.04-16.00.01:111][  0]LogD3D11RHI:     DeviceId    : 9bc8
[2026.04.04-16.00.01:111][  0]LogD3D11RHI:     SubSysId    : 372117aa
[2026.04.04-16.00.01:111][  0]LogD3D11RHI:     Revision    : 0003
[2026.04.04-16.00.01:111][  0]LogD3D11RHI:     DedicatedVideoMemory : 134217728 bytes
[2026.04.04-16.00.01:111][  0]LogD3D11RHI:     DedicatedSystemMemory : 0 bytes
[2026.04.04-16.00.01:111][  0]LogD3D11RHI:     SharedSystemMemory : 4195606528 bytes
[2026.04.04-16.00.01:111][  0]LogD3D11RHI:     AdapterLuid : 0 69680
[2026.04.04-16.00.01:118][  0]LogD3D11RHI: Creating new Direct3DDevice
[2026.04.04-16.00.01:118][  0]LogD3D11RHI:     GPU DeviceId: 0x9bc8 (for the marketing name, search the web for "GPU Device Id")
[2026.04.04-16.00.01:118][  0]LogWindows: EnumDisplayDevices:
[2026.04.04-16.00.01:118][  0]LogWindows:    0. 'Intel(R) UHD Graphics 630' (P:1 D:1)
[2026.04.04-16.00.01:119][  0]LogWindows:    1. 'Intel(R) UHD Graphics 630' (P:0 D:0)
[2026.04.04-16.00.01:119][  0]LogWindows:    2. 'Intel(R) UHD Graphics 630' (P:0 D:0)
[2026.04.04-16.00.01:119][  0]LogWindows: DebugString: FoundDriverCount:3 
[2026.04.04-16.00.01:119][  0]LogD3D11RHI:     Adapter Name: Intel(R) UHD Graphics 630
[2026.04.04-16.00.01:119][  0]LogD3D11RHI:   Driver Version: 31.0.101.2130 (internal:31.0.101.2130, unified:31.0.101.2130)
[2026.04.04-16.00.01:119][  0]LogD3D11RHI:      Driver Date: 8-13-2024
[2026.04.04-16.00.01:119][  0]LogRHI: Texture pool is 1490 MB (70% of 2128 MB)
[2026.04.04-16.00.01:176][  0]LogD3D11RHI: Creating D3DDevice using adapter:
[2026.04.04-16.00.01:176][  0]LogD3D11RHI:     Description : Intel(R) UHD Graphics 630
[2026.04.04-16.00.01:176][  0]LogD3D11RHI:     VendorId    : 8086
[2026.04.04-16.00.01:176][  0]LogD3D11RHI:     DeviceId    : 9bc8
[2026.04.04-16.00.01:176][  0]LogD3D11RHI:     SubSysId    : 372117aa
[2026.04.04-16.00.01:176][  0]LogD3D11RHI:     Revision    : 0003
[2026.04.04-16.00.01:176][  0]LogD3D11RHI:     DedicatedVideoMemory : 134217728 bytes
[2026.04.04-16.00.01:176][  0]LogD3D11RHI:     DedicatedSystemMemory : 0 bytes
[2026.04.04-16.00.01:176][  0]LogD3D11RHI:     SharedSystemMemory : 4195606528 bytes
[2026.04.04-16.00.01:176][  0]LogD3D11RHI:     AdapterLuid : 0 69680
[2026.04.04-16.00.01:435][  0]LogD3D11RHI: RHI does not have support for 64 bit atomics
[2026.04.04-16.00.01:466][  0]LogD3D11RHI: Intel Extensions support version Full=16777216, Major=1, Minor=0, Revision=0
[2026.04.04-16.00.01:466][  0]LogD3D11RHI: Intel Extensions support version Full=16777217, Major=1, Minor=0, Revision=1
[2026.04.04-16.00.01:466][  0]LogD3D11RHI: Intel Extensions Framework enabled
[2026.04.04-16.00.01:467][  0]LogD3D11RHI: [IntelMetricsDiscovery] Started
[2026.04.04-16.00.01:467][  0]LogD3D11RHI: Async texture creation enabled
[2026.04.04-16.00.01:467][  0]LogD3D11RHI: Array index from any shader is supported
[2026.04.04-16.00.01:477][  0]LogD3D11RHI: GPU Timing Frequency: 12.000048 (Debug: 2 0)
[2026.04.04-16.00.01:874][  0]LogTargetPlatformManager: Display: Loaded TargetPlatform 'AllDesktop'
[2026.04.04-16.00.01:898][  0]LogTargetPlatformManager: Display: Loaded TargetPlatform 'Android'
[2026.04.04-16.00.01:898][  0]LogTargetPlatformManager: Display: Loaded TargetPlatform 'Android_ASTC'
[2026.04.04-16.00.01:898][  0]LogTargetPlatformManager: Display: Loaded TargetPlatform 'Android_DXT'
[2026.04.04-16.00.01:898][  0]LogTargetPlatformManager: Display: Loaded TargetPlatform 'Android_ETC2'
[2026.04.04-16.00.01:898][  0]LogTargetPlatformManager: Display: Loaded TargetPlatform 'AndroidClient'
[2026.04.04-16.00.01:898][  0]LogTargetPlatformManager: Display: Loaded TargetPlatform 'Android_ASTCClient'
[2026.04.04-16.00.01:898][  0]LogTargetPlatformManager: Display: Loaded TargetPlatform 'Android_DXTClient'
[2026.04.04-16.00.01:898][  0]LogTargetPlatformManager: Display: Loaded TargetPlatform 'Android_ETC2Client'
[2026.04.04-16.00.01:898][  0]LogTargetPlatformManager: Display: Loaded TargetPlatform 'Android_Multi'
[2026.04.04-16.00.01:898][  0]LogTargetPlatformManager: Display: Loaded TargetPlatform 'Android_MultiClient'
[2026.04.04-16.00.01:920][  0]LogTargetPlatformManager: Display: Loaded TargetPlatform 'IOSClient'
[2026.04.04-16.00.01:920][  0]LogTargetPlatformManager: Display: Loaded TargetPlatform 'IOS'
[2026.04.04-16.00.01:930][  0]LogTargetPlatformManager: Display: Loaded TargetPlatform 'Linux'
[2026.04.04-16.00.01:936][  0]LogTargetPlatformManager: Display: Loaded TargetPlatform 'LinuxNoEditor'
[2026.04.04-16.00.01:943][  0]LogTargetPlatformManager: Display: Loaded TargetPlatform 'LinuxClient'
[2026.04.04-16.00.01:949][  0]LogTargetPlatformManager: Display: Loaded TargetPlatform 'LinuxServer'
[2026.04.04-16.00.01:960][  0]LogTargetPlatformManager: Display: Loaded TargetPlatform 'LinuxAArch64NoEditor'
[2026.04.04-16.00.01:966][  0]LogTargetPlatformManager: Display: Loaded TargetPlatform 'LinuxAArch64Client'
[2026.04.04-16.00.01:971][  0]LogTargetPlatformManager: Display: Loaded TargetPlatform 'LinuxAArch64Server'
[2026.04.04-16.00.01:996][  0]LogTargetPlatformManager: Display: Loaded TargetPlatform 'Lumin'
[2026.04.04-16.00.01:996][  0]LogTargetPlatformManager: Display: Loaded TargetPlatform 'LuminClient'
[2026.04.04-16.00.02:006][  0]LogTargetPlatformManager: Display: Loaded TargetPlatform 'MacNoEditor'
[2026.04.04-16.00.02:012][  0]LogTargetPlatformManager: Display: Loaded TargetPlatform 'Mac'
[2026.04.04-16.00.02:018][  0]LogTargetPlatformManager: Display: Loaded TargetPlatform 'MacClient'
[2026.04.04-16.00.02:028][  0]LogTargetPlatformManager: Display: Loaded TargetPlatform 'MacServer'
[2026.04.04-16.00.02:038][  0]LogTargetPlatformManager: Display: Loaded TargetPlatform 'TVOSClient'
[2026.04.04-16.00.02:038][  0]LogTargetPlatformManager: Display: Loaded TargetPlatform 'TVOS'
[2026.04.04-16.00.02:048][  0]LogTargetPlatformManager: Display: Loaded TargetPlatform 'WindowsNoEditor'
[2026.04.04-16.00.02:054][  0]LogTargetPlatformManager: Display: Loaded TargetPlatform 'Windows'
[2026.04.04-16.00.02:061][  0]LogTargetPlatformManager: Display: Loaded TargetPlatform 'WindowsClient'
[2026.04.04-16.00.02:066][  0]LogTargetPlatformManager: Display: Loaded TargetPlatform 'WindowsServer'
[2026.04.04-16.00.02:066][  0]LogTargetPlatformManager: Display: Building Assets For Windows
[2026.04.04-16.00.02:081][  0]LogAudioDebug: Display: Lib vorbis DLL was dynamically loaded.
[2026.04.04-16.00.02:123][  0]LogTextureFormatOodle: Display: Oodle Texture 2.9.0 init RDO Off
[2026.04.04-16.00.02:170][  0]LogRendererCore: Ray tracing is disabled. Reason: r.RayTracing=0.
[2026.04.04-16.00.02:170][  0]LogShaderCompilers: Guid format shader working directory is -31 characters bigger than the processId version (../../../../../../Users/User/Documents/Unreal Projects/Playtime_Multiplayer/Intermediate/Shaders/WorkingDirectory/15592/).
[2026.04.04-16.00.02:170][  0]LogShaderCompilers: Cleaned the shader compiler working directory 'C:/Users/User/AppData/Local/Temp/UnrealShaderWorkingDir/EA80430D429EFAB4092FE093311C1093/'.
[2026.04.04-16.00.02:170][  0]LogXGEController: Cannot use XGE Controller as Incredibuild is not installed on this machine.
[2026.04.04-16.00.02:170][  0]LogShaderCompilers: Cannot use XGE Shader Compiler as Incredibuild is not installed on this machine.
[2026.04.04-16.00.02:170][  0]LogShaderCompilers: Display: Using Local Shader Compiler.
[2026.04.04-16.00.03:158][  0]LogDerivedDataCache: Display: Max Cache Size: 512 MB
[2026.04.04-16.00.03:278][  0]LogDerivedDataCache: Loaded boot cache 0.12s 94MB C:/Users/User/AppData/Local/UnrealEngine/4.27/DerivedDataCache/Boot.ddc.
[2026.04.04-16.00.03:278][  0]LogDerivedDataCache: Display: Loaded Boot cache: C:/Users/User/AppData/Local/UnrealEngine/4.27/DerivedDataCache/Boot.ddc
[2026.04.04-16.00.03:278][  0]LogDerivedDataCache: FDerivedDataBackendGraph:  Pak pak cache file ../../../../../../Users/User/Documents/Unreal Projects/Playtime_Multiplayer/DerivedDataCache/DDC.ddp not found, will not use a pak cache.
[2026.04.04-16.00.03:278][  0]LogDerivedDataCache: Unable to find inner node Pak for hierarchical cache Hierarchy.
[2026.04.04-16.00.03:278][  0]LogDerivedDataCache: FDerivedDataBackendGraph:  CompressedPak pak cache file ../../../../../../Users/User/Documents/Unreal Projects/Playtime_Multiplayer/DerivedDataCache/Compressed.ddp not found, will not use a pak cache.
[2026.04.04-16.00.03:278][  0]LogDerivedDataCache: Unable to find inner node CompressedPak for hierarchical cache Hierarchy.
[2026.04.04-16.00.03:298][  0]LogDerivedDataCache: Display: Pak cache opened for reading ../../../Engine/DerivedDataCache/Compressed.ddp.
[2026.04.04-16.00.03:298][  0]LogDerivedDataCache: FDerivedDataBackendGraph:  EnterprisePak pak cache file ../../../Enterprise/DerivedDataCache/Compressed.ddp not found, will not use a pak cache.
[2026.04.04-16.00.03:298][  0]LogDerivedDataCache: Unable to find inner node EnterprisePak for hierarchical cache Hierarchy.
[2026.04.04-16.00.03:313][  0]LogDerivedDataCache: Speed tests for C:/Users/User/AppData/Local/UnrealEngine/Common/DerivedDataCache took 0.01 seconds
[2026.04.04-16.00.03:313][  0]LogDerivedDataCache: Display: Performance to C:/Users/User/AppData/Local/UnrealEngine/Common/DerivedDataCache: Latency=0.02ms. RandomReadSpeed=140.28MBs, RandomWriteSpeed=126.48MBs. Assigned SpeedClass 'Local'
[2026.04.04-16.00.03:314][  0]LogDerivedDataCache: Using Local data cache path C:/Users/User/AppData/Local/UnrealEngine/Common/DerivedDataCache: Writable
[2026.04.04-16.00.03:314][  0]LogDerivedDataCache: Shared data cache path not found in *engine.ini, will not use an Shared cache.
[2026.04.04-16.00.03:314][  0]LogDerivedDataCache: Unable to find inner node Shared for hierarchical cache Hierarchy.
[2026.04.04-16.00.03:367][  0]LogSlate: Using FreeType 2.10.0
[2026.04.04-16.00.03:369][  0]LogSlate: SlateFontServices - WITH_FREETYPE: 1, WITH_HARFBUZZ: 1
[2026.04.04-16.00.03:403][  0]LogAssetRegistry: FAssetRegistry took 0.0029 seconds to start up
[2026.04.04-16.00.03:678][  0]LogInit: Selected Device Profile: [Windows]
[2026.04.04-16.00.03:678][  0]LogInit: Active device profile: [00000242BD799100][00000242BA979780 49] Windows
[2026.04.04-16.00.03:678][  0]LogInit: Profiles: [00000242BD799100][00000242BA979780 49] Windows, [00000242BD77A600][00000242B9D3F900 49] WindowsNoEditor, [00000242BD79A200][00000242B9D43A80 49] WindowsServer, [00000242BD779800][00000242B9D47C00 49] WindowsClient, [00000242BD799700][00000242B9D4A200 49] IOS, [00000242BD77A800][00000242BA272380 49] iPadAir, [00000242BD79BC00][00000242BA276500 49] iPadAir2, [00000242BD71D400][00000242BA27E7C0 49] IPadPro, [00000242BD71D500][00000242BA27A800 49] iPadAir3, [00000242BD77B900][00000242BA97C940 49] iPadAir4, [00000242BD71E300][00000242BA282A80 49] iPadMini2, [00000242BD77B000][00000242BA286BC0 49] iPadMini3, [00000242BD71EF00][00000242BA28AD00 49] iPadMini4, [00000242BD779D00][00000242BA292E80 49] iPadMini5, [00000242BD745000][00000242BA29B140 49] iPhone6, [00000242BD745100][00000242BA297180 49] iPodTouch6, [00000242BD79B900][00000242BA2A3440 49] iPhone7, [00000242BD79A900][00000242BA29F480 49] iPodTouch7, [00000242BD71D000][00000242BA2A7600 49] iPhone5S, [00000242BD79AF00][00000242BA2AB780 49] iPhone6Plus, [00000242BD71F600][00000242BA2AF900 49] iPhone6S, [00000242BD798C00][00000242BA2B3A80 49] iPhone6SPlus, [00000242BD799D00][00000242BA2B7C00 49] iPhone7Plus, [00000242BD744800][00000242BA2BA200 49] iPhoneSE, [00000242BD798400][00000242BA2BE380 49] iPhone8, [00000242BD744900][00000242BA2C2500 49] iPhone8Plus, [00000242BD746E00][00000242BA2C6680 49] iPhoneX, [00000242BD71DD00][00000242BA2CA800 49] iPhoneXS, [00000242BD746700][00000242BA2CE980 49] iPhoneXSMax, [00000242BD71DC00][00000242BA2D2B00 49] iPhoneXR, [00000242BD746800][00000242BA28EC40 49] iPhone11, [00000242BD71CF00][00000242BA2D6D80 49] iPhone11Pro, [00000242BD744B00][00000242BA2DAEC0 49] iPhone11ProMax, [00000242BD71CD00][00000242BA2E3040 49] iPhoneSE2, [00000242BD744E00][00000242BA2E71C0 49] iPhone12Mini, [00000242BD79B800][00000242BA2EB340 49] iPhone12, [00000242BD747000][00000242BA2EF4C0 49] iPhone12Pro, [00000242BD79B700][00000242BA2F3640 49] iPhone12ProMax, [00000242BD745E00][00000242BA2F77C0 49] iPadPro105, [00000242BD799300][00000242BA2FB940 49] iPadPro129, [00000242BD747E00][00000242BA2FFAC0 49] iPadPro97, [00000242BD799C00][00000242BA3020C0 49] iPadPro2_129, [00000242BD746000][00000242BA306240 49] iPad5, [00000242BD79A300][00000242BA30A3C0 49] iPad6, [00000242BD747B00][00000242BA30E540 49] iPad7, [00000242BD799E00][00000242BA3126C0 49] iPad8, [00000242BD744A00][00000242BA316840 49] iPadPro11, [00000242BD79A600][00000242BA31A9C0 49] iPadPro2_11, [00000242BD744F00][00000242BA31EB40 49] iPadPro3_129, [00000242BD79A800][00000242BA322CC0 49] iPadPro4_129, [00000242BD747C00][00000242BA2DEE00 49] AppleTV, [00000242BD799A00][00000242BA326F40 49] AppleTV4K, [00000242BD746600][00000242BA32B080 49] TVOS, [00000242BD79A100][00000242BA32F1C0 49] Mac, [00000242BD746F00][00000242BA337340 49] MacClient, [00000242BD79AA00][00000242BA33B4C0 49] MacNoEditor, [00000242BD746C00][00000242BA33F640 49] MacServer, [00000242BD79B000][00000242BA3437C0 49] Linux, [00000242BD744400][00000242BA347940 49] LinuxAArch64, [00000242BD798700][00000242BA34BAC0 49] LinuxNoEditor, [00000242BD747700][00000242BA34E0C0 49] LinuxAArch64NoEditor, [00000242BD79BB00][00000242BA352240 49] LinuxClient, [00000242BD747400][00000242BA3563C0 49] LinuxAArch64Client, [00000242BD79BE00][00000242BA35A540 49] LinuxServer, [00000242BD744700][00000242BA35E6C0 49] LinuxAArch64Server, [00000242BD799F00][00000242BA362840 49] Android, [00000242BD746A00][00000242BA3669C0 49] Android_Low, [00000242BD79AD00][00000242BA36AB40 49] Android_Mid, [00000242BD745F00][00000242BA36ECC0 49] Android_High, [00000242BD79AB00][00000242BA372E40 49] Android_Default, [00000242BD744100][00000242BA332F80 49] Android_Adreno4xx, [00000242BD798500][00000242BA3770C0 49] Android_Adreno5xx_Low, [00000242BD745400][00000242B4565200 49] Android_Adreno5xx, [00000242BD79B400][00000242B4569340 49] Android_Adreno6xx, [00000242BD746300][00000242B45714C0 49] Android_Adreno6xx_Vulkan, [00000242BD79BD00][00000242B4575640 49] Android_Mali_T6xx, [00000242BD744200][00000242B45797C0 49] Android_Mali_T7xx, [00000242BD79B600][00000242B457D940 49] Android_Mali_T8xx, [00000242BD747200][00000242B4581AC0 49] Android_Mali_G71, [00000242BD71F100][00000242B45840C0 49] Android_Mali_G72, [00000242BD77AE00][00000242B4588240 49] Android_Mali_G72_Vulkan, [00000242BD71EB00][00000242B458C3C0 49] Android_Mali_G76, [00000242BD778500][00000242B4590540 49] Android_Mali_G76_Vulkan, [00000242BD71CC00][00000242B45946C0 49] Android_Mali_G77, [00000242BD778600][00000242B4598840 49] Android_Mali_G77_Vulkan, [00000242BD71E400][00000242B459C9C0 49] Android_Mali_G78, [00000242BD778D00][00000242B45A0B40 49] Android_Mali_G78_Vulkan, [00000242BD71FD00][00000242B45A4CC0 49] Android_Mali_G710, [00000242BD77AA00][00000242B45A8E40 49] Android_Mali_G710_Vulkan, [00000242BD71EA00][00000242B45ACFC0 49] Android_Vulkan_SM5, [00000242BD779900][00000242B45B1140 49] Android_PowerVR_G6xxx, [00000242BD71C500][00000242B456D280 49] Android_PowerVR_GT7xxx, [00000242BD778200][00000242B45B53C0 49] Android_PowerVR_GE8xxx, [00000242BD71FB00][00000242B45B9500 49] Android_PowerVR_GM9xxx, [00000242BD77A000][00000242B45C1680 49] Android_PowerVR_GM9xxx_Vulkan, [00000242BD71DF00][00000242B45C5800 49] Android_TegraK1, [00000242BD778A00][00000242B45C9980 49] Android_Unknown_Vulkan, [00000242BD71F900][00000242B45CDB00 49] Lumin, [00000242BD779100][00000242B45D0100 49] Lumin_Desktop, [00000242BD71E000][00000242B45D4280 49] HoloLens, 
[2026.04.04-16.00.03:853][  0]LogMeshReduction: Using QuadricMeshReduction for automatic static mesh reduction
[2026.04.04-16.00.03:853][  0]LogMeshReduction: Using SimplygonMeshReduction for automatic skeletal mesh reduction
[2026.04.04-16.00.03:853][  0]LogMeshReduction: Using ProxyLODMeshReduction for automatic mesh merging
[2026.04.04-16.00.03:853][  0]LogMeshReduction: No distributed automatic mesh merging module available
[2026.04.04-16.00.03:853][  0]LogMeshMerging: No distributed automatic mesh merging module available
[2026.04.04-16.00.03:875][  0]LogNetVersion: Playtime_Multiplayer 1.0.0, NetCL: 17155196, EngineNetVer: 17, GameNetVer: 0 (Checksum: 2025055209)
[2026.04.04-16.00.04:520][  0]LogTexture: Default maximum texture size for cubemaps generated from long-lat sources has been changed from 512 to unlimited. In order to preserve old behaiour for '/Engine/MapTemplates/Sky/DaylightAmbientCubemap.DaylightAmbientCubemap', its maximum texture size has been explicitly set to 512.
[2026.04.04-16.00.04:590][  0]LogHMD: PokeAHoleMaterial loaded successfully
[2026.04.04-16.00.04:597][  0]LogUObjectArray: 17178 objects as part of root set at end of initial load.
[2026.04.04-16.00.04:597][  0]LogUObjectAllocator: 4302048 out of 0 bytes used by permanent object pool.
[2026.04.04-16.00.04:597][  0]LogUObjectArray: CloseDisregardForGC: 0/0 objects in disregard for GC pool
[2026.04.04-16.00.04:980][  0]LogPython: Using Python 3.7.7
[2026.04.04-16.00.05:587][  0]LogNiagaraDebuggerClient: Niagara Debugger Client Initialized | Session: 3FC4808E48F6ECC39F398F83FA3BA383 | Instance: 85D2D31B4EB7109B43557F8A916278CA (WIN-O5Q6NLQMTLB-15592).
[2026.04.04-16.00.05:798][  0]LogTcpMessaging: Initializing TcpMessaging bridge
[2026.04.04-16.00.05:810][  0]LogUdpMessaging: Initializing bridge on interface 0.0.0.0:0 to multicast group 230.0.0.1:6666.
[2026.04.04-16.00.05:925][  0]LogLinker: Warning: Failed to load '/Game/FirstPersonBP/FirstPersonOverview': Can't find file.
[2026.04.04-16.00.05:925][  0]LogLinker: Warning: Failed to load '/Game/FirstPersonBP/FirstPersonOverview': Can't find file.
[2026.04.04-16.00.05:925][  0]LogUObjectGlobals: Warning: Failed to find object 'Class /Game/FirstPersonBP/FirstPersonOverview.FirstPersonOverview_C'
[2026.04.04-16.00.06:045][  0]SourceControl: Source control is disabled
[2026.04.04-16.00.06:045][  0]SourceControl: Source control is disabled
[2026.04.04-16.00.06:270][  0]SourceControl: Source control is disabled
[2026.04.04-16.00.06:274][  0]SourceControl: Source control is disabled
[2026.04.04-16.00.06:297][  0]SourceControl: Source control is disabled
[2026.04.04-16.00.06:303][  0]LogUProjectInfo: Found projects:
[2026.04.04-16.00.06:328][  0]LogOpenImageDenoise: OIDN starting up
[2026.04.04-16.00.06:414][  0]LogAndroidPermission: UAndroidPermissionCallbackProxy::GetInstance
[2026.04.04-16.00.06:437][  0]LogAudioCaptureCore: Display: No Audio Capture implementations found. Audio input will be silent.
[2026.04.04-16.00.06:437][  0]LogAudioCaptureCore: Display: No Audio Capture implementations found. Audio input will be silent.
[2026.04.04-16.00.06:617][  0]LogCollectionManager: Loaded 0 collections in 0.001653 seconds
[2026.04.04-16.00.06:647][  0]LogFileCache: Scanning file cache for directory 'C:/Users/User/Documents/Unreal Projects/Playtime_Multiplayer/Saved/Collections/' took 0.00s
[2026.04.04-16.00.06:647][  0]LogFileCache: Scanning file cache for directory 'C:/Users/User/Documents/Unreal Projects/Playtime_Multiplayer/Content/Developers/User/Collections/' took 0.00s
[2026.04.04-16.00.06:647][  0]LogFileCache: Scanning file cache for directory 'C:/Users/User/Documents/Unreal Projects/Playtime_Multiplayer/Content/Collections/' took 0.00s
[2026.04.04-16.00.06:647][  0]LogOcInput: OculusInput pre-init called
[2026.04.04-16.00.06:964][  0]LogEngine: Initializing Engine...
[2026.04.04-16.00.06:967][  0]LogHMD: Failed to enumerate extensions. Please check that you have a valid OpenXR runtime installed.
[2026.04.04-16.00.06:967][  0]LogHMD: Failed to initialize OpenVR with code 110
[2026.04.04-16.00.06:967][  0]LogMagicLeap: Warning: VR disabled because ZI is not enabled.  To enable, in the editor, Edit -> Project Settings -> Plugins -> Magic Leap Plugin -> Enable Zero Iteration
[2026.04.04-16.00.06:968][  0]LogStats: UGameplayTagsManager::InitializeManager -  0.000 s
[2026.04.04-16.00.07:141][  0]LogInit: Initializing FReadOnlyCVARCache
[2026.04.04-16.00.07:154][  0]LogAIModule: Creating AISystem for world Untitled
[2026.04.04-16.00.07:155][  0]LogAudio: Display: Initializing Audio Device Manager...
[2026.04.04-16.00.07:160][  0]LogAudio: Display: Loading Default Audio Settings Objects...
[2026.04.04-16.00.07:160][  0]LogAudio: Display: No default SoundConcurrencyObject specified (or failed to load).
[2026.04.04-16.00.07:160][  0]LogAudio: Display: Audio Device Manager Initialized
[2026.04.04-16.00.07:160][  0]LogAudio: Display: Creating Audio Device:                 Id: 1, Scope: Shared, Realtime: True
[2026.04.04-16.00.07:161][  0]LogAudioMixer: Display: Audio Mixer Platform Settings:
[2026.04.04-16.00.07:161][  0]LogAudioMixer: Display: 	Sample Rate:						  48000
[2026.04.04-16.00.07:161][  0]LogAudioMixer: Display: 	Callback Buffer Frame Size Requested: 1024
[2026.04.04-16.00.07:161][  0]LogAudioMixer: Display: 	Callback Buffer Frame Size To Use:	  1024
[2026.04.04-16.00.07:161][  0]LogAudioMixer: Display: 	Number of buffers to queue:			  2
[2026.04.04-16.00.07:161][  0]LogAudioMixer: Display: 	Max Channels (voices):				  32
[2026.04.04-16.00.07:161][  0]LogAudioMixer: Display: 	Number of Async Source Workers:		  0
[2026.04.04-16.00.07:161][  0]LogAudio: Display: AudioDevice MaxSources: 32
[2026.04.04-16.00.07:161][  0]LogAudio: Display: Audio Spatialization Plugin: None (built-in).
[2026.04.04-16.00.07:161][  0]LogAudio: Display: Audio Reverb Plugin: None (built-in).
[2026.04.04-16.00.07:161][  0]LogAudio: Display: Audio Occlusion Plugin: None (built-in).
[2026.04.04-16.00.07:161][  0]LogAudioMixer: Display: Initializing audio mixer.
[2026.04.04-16.00.07:189][  0]LogAudioMixer: Display: 0: FrontLeft
[2026.04.04-16.00.07:189][  0]LogAudioMixer: Display: 1: FrontRight
[2026.04.04-16.00.07:221][  0]LogAudioMixer: Display: Using Audio Device Headphones (Realtek(R) Audio)
[2026.04.04-16.00.07:222][  0]LogAudioMixer: Display: Initializing Sound Submixes...
[2026.04.04-16.00.07:226][  0]LogAudioMixer: Display: Creating Master Submix 'MasterSubmixDefault'
[2026.04.04-16.00.07:226][  0]LogAudioMixer: Display: Creating Master Submix 'MasterReverbSubmixDefault'
[2026.04.04-16.00.07:227][  0]LogAudioMixer: Display: Creating Master Submix 'MasterEQSubmixDefault'
[2026.04.04-16.00.07:227][  0]LogAudioMixer: FMixerPlatformXAudio2::StartAudioStream() called
[2026.04.04-16.00.07:227][  0]LogAudioMixer: Display: Output buffers initialized: Frames=1024, Channels=2, Samples=2048
[2026.04.04-16.00.07:228][  0]LogAudioMixer: Display: Starting AudioMixerPlatformInterface::RunInternal()
[2026.04.04-16.00.07:228][  0]LogAudioMixer: Display: FMixerPlatformXAudio2::SubmitBuffer() called for the first time
[2026.04.04-16.00.07:228][  0]LogInit: FAudioDevice initialized.
[2026.04.04-16.00.07:228][  0]LogAudio: Display: Audio Device (ID: 1) registered with world 'Untitled'.
[2026.04.04-16.00.07:228][  0]LogNetVersion: Set ProjectVersion to 1.0.0.0. Version Checksum will be recalculated on next use.
[2026.04.04-16.00.07:480][  0]LogDerivedDataCache: Saved boot cache 0.25s 94MB C:/Users/User/AppData/Local/UnrealEngine/4.27/DerivedDataCache/Boot.ddc.
[2026.04.04-16.00.07:483][  0]LogInit: Texture streaming: Enabled
[2026.04.04-16.00.07:502][  0]LogAnalytics: Display: [UEEditor.Rocket.Release] APIServer = https://datarouter.ol.epicgames.com/. AppVersion = 4.27.2-18319896+++UE4+Release-4.27
[2026.04.04-16.00.07:506][  0]LogEngineSessionManager: EngineSessionManager initialized
[2026.04.04-16.00.07:506][  0]LogEditorSessionSummary: Verbose: Initializing EditorSessionSummaryWriter for editor session tracking
[2026.04.04-16.00.07:508][  0]LogEditorSessionSummary: EditorSessionSummaryWriter initialized
[2026.04.04-16.00.07:540][  0]LogInit: Transaction tracking system initialized
[2026.04.04-16.00.07:574][  0]BlueprintLog: New page: Editor Load
[2026.04.04-16.00.07:659][  0]LocalizationService: Localization service is disabled
[2026.04.04-16.00.07:691][  0]TimingProfiler: Initialize
[2026.04.04-16.00.07:692][  0]TimingProfiler: OnSessionChanged
[2026.04.04-16.00.07:692][  0]LoadingProfiler: Initialize
[2026.04.04-16.00.07:692][  0]LoadingProfiler: OnSessionChanged
[2026.04.04-16.00.07:692][  0]NetworkingProfiler: Initialize
[2026.04.04-16.00.07:692][  0]NetworkingProfiler: OnSessionChanged
[2026.04.04-16.00.07:692][  0]MemoryProfiler: Initialize
[2026.04.04-16.00.07:692][  0]MemoryProfiler: OnSessionChanged
[2026.04.04-16.00.07:883][  0]LogCook: Display: CookSettings for Memory: MemoryMaxUsedVirtual 0MiB, MemoryMaxUsedPhysical 16384MiB, MemoryMinFreeVirtual 0MiB, MemoryMinFreePhysical 1024MiB
[2026.04.04-16.00.07:883][  0]LogCook: Display: Mobile HDR setting 1
[2026.04.04-16.00.08:126][  0]LogFileCache: Scanning file cache for directory 'C:/Users/User/Documents/Unreal Projects/Playtime_Multiplayer/Content/' took 0.01s
[2026.04.04-16.00.08:346][  0]LogInit: Display: Engine is initialized. Leaving FEngineLoop::Init()
[2026.04.04-16.00.08:350][  0]SourceControl: Source control is disabled
[2026.04.04-16.00.08:350][  0]LogUnrealEdMisc: Loading editor; pre map load, took 9.719
[2026.04.04-16.00.08:350][  0]Cmd: MAP LOAD FILE="../../../../../../Users/User/Documents/Unreal Projects/Playtime_Multiplayer/Content/StarterContent/Maps/Minimal_Default.umap" TEMPLATE=0 SHOWPROGRESS=1 FEATURELEVEL=3
[2026.04.04-16.00.08:350][  0]LogEditorServer: Warning: Can't find file '../../../../../../Users/User/Documents/Unreal Projects/Playtime_Multiplayer/Content/StarterContent/Maps/Minimal_Default.umap'
[2026.04.04-16.00.08:350][  0]Cmd: MAP CHECKDEP NOCLEARLOG
[2026.04.04-16.00.08:350][  0]MapCheck: Map check complete: 0 Error(s), 0 Warning(s), took 0,112ms to complete.
[2026.04.04-16.00.08:350][  0]LogFileHelpers: Loading map 'Minimal_Default' took 0.000
[2026.04.04-16.00.08:353][  0]LogUnrealEdMisc: Total Editor Startup Time, took 9.722
[2026.04.04-16.00.08:525][  0]LogSlate: Updating window title bar state: overlay mode, drag disabled, window buttons hidden, title bar hidden
[2026.04.04-16.00.08:532][  0]LogSlate: Updating window title bar state: overlay mode, drag disabled, window buttons hidden, title bar hidden
[2026.04.04-16.00.08:540][  0]LogSlate: Updating window title bar state: overlay mode, drag disabled, window buttons hidden, title bar hidden
[2026.04.04-16.00.08:547][  0]LogSlate: Updating window title bar state: overlay mode, drag disabled, window buttons hidden, title bar hidden
[2026.04.04-16.00.08:589][  0]LogNativeClassHierarchy: Verbose: Native class hierarchy populated in 0.0111 seconds. Added 3845 classes and 934 folders.
[2026.04.04-16.00.08:592][  0]LogNativeClassHierarchy: Verbose: Native class hierarchy updated for 'WidgetCarousel' in 0.0003 seconds. Added 0 classes and 0 folders.
[2026.04.04-16.00.08:612][  0]LogPakFile: PakFile PrimaryIndexSize=187
[2026.04.04-16.00.08:612][  0]LogPakFile: PakFile PathHashIndexSize=101
[2026.04.04-16.00.08:612][  0]LogPakFile: PakFile FullDirectoryIndexSize=148
[2026.04.04-16.00.08:612][  0]LogShaderLibrary: Display: ShaderCodeLibraryPakFileMountedCallback: PakFile 'C:/Program Files/Epic Games/UE_4.27/FeaturePacks/FP_FirstPerson.upack' (chunk index -1, root 'root:/') mounted
[2026.04.04-16.00.08:612][  0]LogShaderLibrary: Display: ShaderCodeLibraryPakFileMountedCallback: pending pak file info (ChunkID:-1 Root:root:/ File:C:/Program Files/Epic Games/UE_4.27/FeaturePacks/FP_FirstPerson.upack)
[2026.04.04-16.00.08:612][  0]LogPakFile: OnPakFileMounted2Time == 0.000074
[2026.04.04-16.00.08:613][  0]LogPakFile: PakFile PrimaryIndexSize=189
[2026.04.04-16.00.08:613][  0]LogPakFile: PakFile PathHashIndexSize=101
[2026.04.04-16.00.08:613][  0]LogPakFile: PakFile FullDirectoryIndexSize=152
[2026.04.04-16.00.08:613][  0]LogShaderLibrary: Display: ShaderCodeLibraryPakFileMountedCallback: PakFile 'C:/Program Files/Epic Games/UE_4.27/FeaturePacks/FP_FirstPersonBP.upack' (chunk index -1, root 'root:/') mounted
[2026.04.04-16.00.08:613][  0]LogShaderLibrary: Display: ShaderCodeLibraryPakFileMountedCallback: pending pak file info (ChunkID:-1 Root:root:/ File:C:/Program Files/Epic Games/UE_4.27/FeaturePacks/FP_FirstPersonBP.upack)
[2026.04.04-16.00.08:613][  0]LogPakFile: OnPakFileMounted2Time == 0.000048
[2026.04.04-16.00.08:613][  0]LogPakFile: PakFile PrimaryIndexSize=191
[2026.04.04-16.00.08:613][  0]LogPakFile: PakFile PathHashIndexSize=101
[2026.04.04-16.00.08:613][  0]LogPakFile: PakFile FullDirectoryIndexSize=160
[2026.04.04-16.00.08:613][  0]LogShaderLibrary: Display: ShaderCodeLibraryPakFileMountedCallback: PakFile 'C:/Program Files/Epic Games/UE_4.27/FeaturePacks/MobileStarterContent.upack' (chunk index -1, root 'root:/') mounted
[2026.04.04-16.00.08:613][  0]LogShaderLibrary: Display: ShaderCodeLibraryPakFileMountedCallback: pending pak file info (ChunkID:-1 Root:root:/ File:C:/Program Files/Epic Games/UE_4.27/FeaturePacks/MobileStarterContent.upack)
[2026.04.04-16.00.08:613][  0]LogPakFile: OnPakFileMounted2Time == 0.000037
[2026.04.04-16.00.08:625][  0]LogPakFile: PakFile PrimaryIndexSize=185
[2026.04.04-16.00.08:626][  0]LogPakFile: PakFile PathHashIndexSize=101
[2026.04.04-16.00.08:626][  0]LogPakFile: PakFile FullDirectoryIndexSize=148
[2026.04.04-16.00.08:626][  0]LogShaderLibrary: Display: ShaderCodeLibraryPakFileMountedCallback: PakFile 'C:/Program Files/Epic Games/UE_4.27/FeaturePacks/StarterContent.upack' (chunk index -1, root 'root:/') mounted
[2026.04.04-16.00.08:626][  0]LogShaderLibrary: Display: ShaderCodeLibraryPakFileMountedCallback: pending pak file info (ChunkID:-1 Root:root:/ File:C:/Program Files/Epic Games/UE_4.27/FeaturePacks/StarterContent.upack)
[2026.04.04-16.00.08:626][  0]LogPakFile: OnPakFileMounted2Time == 0.000049
[2026.04.04-16.00.08:663][  0]LogPakFile: PakFile PrimaryIndexSize=190
[2026.04.04-16.00.08:663][  0]LogPakFile: PakFile PathHashIndexSize=101
[2026.04.04-16.00.08:663][  0]LogPakFile: PakFile FullDirectoryIndexSize=154
[2026.04.04-16.00.08:663][  0]LogShaderLibrary: Display: ShaderCodeLibraryPakFileMountedCallback: PakFile 'C:/Program Files/Epic Games/UE_4.27/FeaturePacks/TP_2DSideScroller.upack' (chunk index -1, root 'root:/') mounted
[2026.04.04-16.00.08:663][  0]LogShaderLibrary: Display: ShaderCodeLibraryPakFileMountedCallback: pending pak file info (ChunkID:-1 Root:root:/ File:C:/Program Files/Epic Games/UE_4.27/FeaturePacks/TP_2DSideScroller.upack)
[2026.04.04-16.00.08:664][  0]LogPakFile: OnPakFileMounted2Time == 0.000059
[2026.04.04-16.00.08:664][  0]LogPakFile: PakFile PrimaryIndexSize=192
[2026.04.04-16.00.08:664][  0]LogPakFile: PakFile PathHashIndexSize=101
[2026.04.04-16.00.08:664][  0]LogPakFile: PakFile FullDirectoryIndexSize=158
[2026.04.04-16.00.08:664][  0]LogShaderLibrary: Display: ShaderCodeLibraryPakFileMountedCallback: PakFile 'C:/Program Files/Epic Games/UE_4.27/FeaturePacks/TP_2DSideScrollerBP.upack' (chunk index -1, root 'root:/') mounted
[2026.04.04-16.00.08:664][  0]LogShaderLibrary: Display: ShaderCodeLibraryPakFileMountedCallback: pending pak file info (ChunkID:-1 Root:root:/ File:C:/Program Files/Epic Games/UE_4.27/FeaturePacks/TP_2DSideScrollerBP.upack)
[2026.04.04-16.00.08:664][  0]LogPakFile: OnPakFileMounted2Time == 0.000036
[2026.04.04-16.00.08:665][  0]LogPakFile: PakFile PrimaryIndexSize=182
[2026.04.04-16.00.08:665][  0]LogPakFile: PakFile PathHashIndexSize=101
[2026.04.04-16.00.08:665][  0]LogPakFile: PakFile FullDirectoryIndexSize=138
[2026.04.04-16.00.08:665][  0]LogShaderLibrary: Display: ShaderCodeLibraryPakFileMountedCallback: PakFile 'C:/Program Files/Epic Games/UE_4.27/FeaturePacks/TP_Flying.upack' (chunk index -1, root 'root:/') mounted
[2026.04.04-16.00.08:665][  0]LogShaderLibrary: Display: ShaderCodeLibraryPakFileMountedCallback: pending pak file info (ChunkID:-1 Root:root:/ File:C:/Program Files/Epic Games/UE_4.27/FeaturePacks/TP_Flying.upack)
[2026.04.04-16.00.08:665][  0]LogPakFile: OnPakFileMounted2Time == 0.000036
[2026.04.04-16.00.08:676][  0]LogPakFile: PakFile PrimaryIndexSize=184
[2026.04.04-16.00.08:676][  0]LogPakFile: PakFile PathHashIndexSize=101
[2026.04.04-16.00.08:676][  0]LogPakFile: PakFile FullDirectoryIndexSize=142
[2026.04.04-16.00.08:676][  0]LogShaderLibrary: Display: ShaderCodeLibraryPakFileMountedCallback: PakFile 'C:/Program Files/Epic Games/UE_4.27/FeaturePacks/TP_FlyingBP.upack' (chunk index -1, root 'root:/') mounted
[2026.04.04-16.00.08:676][  0]LogShaderLibrary: Display: ShaderCodeLibraryPakFileMountedCallback: pending pak file info (ChunkID:-1 Root:root:/ File:C:/Program Files/Epic Games/UE_4.27/FeaturePacks/TP_FlyingBP.upack)
[2026.04.04-16.00.08:676][  0]LogPakFile: OnPakFileMounted2Time == 0.000048
[2026.04.04-16.00.08:710][  0]LogPakFile: PakFile PrimaryIndexSize=188
[2026.04.04-16.00.08:710][  0]LogPakFile: PakFile PathHashIndexSize=101
[2026.04.04-16.00.08:710][  0]LogPakFile: PakFile FullDirectoryIndexSize=150
[2026.04.04-16.00.08:710][  0]LogShaderLibrary: Display: ShaderCodeLibraryPakFileMountedCallback: PakFile 'C:/Program Files/Epic Games/UE_4.27/FeaturePacks/TP_HandheldARBP.upack' (chunk index -1, root 'root:/') mounted
[2026.04.04-16.00.08:710][  0]LogShaderLibrary: Display: ShaderCodeLibraryPakFileMountedCallback: pending pak file info (ChunkID:-1 Root:root:/ File:C:/Program Files/Epic Games/UE_4.27/FeaturePacks/TP_HandheldARBP.upack)
[2026.04.04-16.00.08:710][  0]LogPakFile: OnPakFileMounted2Time == 0.000054
[2026.04.04-16.00.08:711][  0]LogPakFile: PakFile PrimaryIndexSize=182
[2026.04.04-16.00.08:711][  0]LogPakFile: PakFile PathHashIndexSize=101
[2026.04.04-16.00.08:711][  0]LogPakFile: PakFile FullDirectoryIndexSize=138
[2026.04.04-16.00.08:711][  0]LogShaderLibrary: Display: ShaderCodeLibraryPakFileMountedCallback: PakFile 'C:/Program Files/Epic Games/UE_4.27/FeaturePacks/TP_Puzzle.upack' (chunk index -1, root 'root:/') mounted
[2026.04.04-16.00.08:711][  0]LogShaderLibrary: Display: ShaderCodeLibraryPakFileMountedCallback: pending pak file info (ChunkID:-1 Root:root:/ File:C:/Program Files/Epic Games/UE_4.27/FeaturePacks/TP_Puzzle.upack)
[2026.04.04-16.00.08:711][  0]LogPakFile: OnPakFileMounted2Time == 0.000037
[2026.04.04-16.00.08:712][  0]LogPakFile: PakFile PrimaryIndexSize=184
[2026.04.04-16.00.08:712][  0]LogPakFile: PakFile PathHashIndexSize=101
[2026.04.04-16.00.08:712][  0]LogPakFile: PakFile FullDirectoryIndexSize=142
[2026.04.04-16.00.08:712][  0]LogShaderLibrary: Display: ShaderCodeLibraryPakFileMountedCallback: PakFile 'C:/Program Files/Epic Games/UE_4.27/FeaturePacks/TP_PuzzleBP.upack' (chunk index -1, root 'root:/') mounted
[2026.04.04-16.00.08:712][  0]LogShaderLibrary: Display: ShaderCodeLibraryPakFileMountedCallback: pending pak file info (ChunkID:-1 Root:root:/ File:C:/Program Files/Epic Games/UE_4.27/FeaturePacks/TP_PuzzleBP.upack)
[2026.04.04-16.00.08:712][  0]LogPakFile: OnPakFileMounted2Time == 0.000036
[2026.04.04-16.00.08:724][  0]LogPakFile: PakFile PrimaryIndexSize=183
[2026.04.04-16.00.08:724][  0]LogPakFile: PakFile PathHashIndexSize=101
[2026.04.04-16.00.08:724][  0]LogPakFile: PakFile FullDirectoryIndexSize=140
[2026.04.04-16.00.08:724][  0]LogShaderLibrary: Display: ShaderCodeLibraryPakFileMountedCallback: PakFile 'C:/Program Files/Epic Games/UE_4.27/FeaturePacks/TP_Rolling.upack' (chunk index -1, root 'root:/') mounted
[2026.04.04-16.00.08:724][  0]LogShaderLibrary: Display: ShaderCodeLibraryPakFileMountedCallback: pending pak file info (ChunkID:-1 Root:root:/ File:C:/Program Files/Epic Games/UE_4.27/FeaturePacks/TP_Rolling.upack)
[2026.04.04-16.00.08:724][  0]LogPakFile: OnPakFileMounted2Time == 0.000045
[2026.04.04-16.00.08:786][  0]LogPakFile: PakFile PrimaryIndexSize=185
[2026.04.04-16.00.08:786][  0]LogPakFile: PakFile PathHashIndexSize=101
[2026.04.04-16.00.08:786][  0]LogPakFile: PakFile FullDirectoryIndexSize=144
[2026.04.04-16.00.08:786][  0]LogShaderLibrary: Display: ShaderCodeLibraryPakFileMountedCallback: PakFile 'C:/Program Files/Epic Games/UE_4.27/FeaturePacks/TP_RollingBP.upack' (chunk index -1, root 'root:/') mounted
[2026.04.04-16.00.08:786][  0]LogShaderLibrary: Display: ShaderCodeLibraryPakFileMountedCallback: pending pak file info (ChunkID:-1 Root:root:/ File:C:/Program Files/Epic Games/UE_4.27/FeaturePacks/TP_RollingBP.upack)
[2026.04.04-16.00.08:786][  0]LogPakFile: OnPakFileMounted2Time == 0.000053
[2026.04.04-16.00.08:787][  0]LogPakFile: PakFile PrimaryIndexSize=188
[2026.04.04-16.00.08:787][  0]LogPakFile: PakFile PathHashIndexSize=101
[2026.04.04-16.00.08:787][  0]LogPakFile: PakFile FullDirectoryIndexSize=150
[2026.04.04-16.00.08:787][  0]LogShaderLibrary: Display: ShaderCodeLibraryPakFileMountedCallback: PakFile 'C:/Program Files/Epic Games/UE_4.27/FeaturePacks/TP_SideScroller.upack' (chunk index -1, root 'root:/') mounted
[2026.04.04-16.00.08:787][  0]LogShaderLibrary: Display: ShaderCodeLibraryPakFileMountedCallback: pending pak file info (ChunkID:-1 Root:root:/ File:C:/Program Files/Epic Games/UE_4.27/FeaturePacks/TP_SideScroller.upack)
[2026.04.04-16.00.08:787][  0]LogPakFile: OnPakFileMounted2Time == 0.000044
[2026.04.04-16.00.08:791][  0]LogPakFile: PakFile PrimaryIndexSize=190
[2026.04.04-16.00.08:791][  0]LogPakFile: PakFile PathHashIndexSize=101
[2026.04.04-16.00.08:791][  0]LogPakFile: PakFile FullDirectoryIndexSize=154
[2026.04.04-16.00.08:791][  0]LogShaderLibrary: Display: ShaderCodeLibraryPakFileMountedCallback: PakFile 'C:/Program Files/Epic Games/UE_4.27/FeaturePacks/TP_SideScrollerBP.upack' (chunk index -1, root 'root:/') mounted
[2026.04.04-16.00.08:791][  0]LogShaderLibrary: Display: ShaderCodeLibraryPakFileMountedCallback: pending pak file info (ChunkID:-1 Root:root:/ File:C:/Program Files/Epic Games/UE_4.27/FeaturePacks/TP_SideScrollerBP.upack)
[2026.04.04-16.00.08:791][  0]LogPakFile: OnPakFileMounted2Time == 0.000060
[2026.04.04-16.00.08:829][  0]LogPakFile: PakFile PrimaryIndexSize=187
[2026.04.04-16.00.08:829][  0]LogPakFile: PakFile PathHashIndexSize=101
[2026.04.04-16.00.08:829][  0]LogPakFile: PakFile FullDirectoryIndexSize=148
[2026.04.04-16.00.08:829][  0]LogShaderLibrary: Display: ShaderCodeLibraryPakFileMountedCallback: PakFile 'C:/Program Files/Epic Games/UE_4.27/FeaturePacks/TP_ThirdPerson.upack' (chunk index -1, root 'root:/') mounted
[2026.04.04-16.00.08:829][  0]LogShaderLibrary: Display: ShaderCodeLibraryPakFileMountedCallback: pending pak file info (ChunkID:-1 Root:root:/ File:C:/Program Files/Epic Games/UE_4.27/FeaturePacks/TP_ThirdPerson.upack)
[2026.04.04-16.00.08:829][  0]LogPakFile: OnPakFileMounted2Time == 0.000044
[2026.04.04-16.00.08:830][  0]LogPakFile: PakFile PrimaryIndexSize=189
[2026.04.04-16.00.08:830][  0]LogPakFile: PakFile PathHashIndexSize=101
[2026.04.04-16.00.08:830][  0]LogPakFile: PakFile FullDirectoryIndexSize=152
[2026.04.04-16.00.08:830][  0]LogShaderLibrary: Display: ShaderCodeLibraryPakFileMountedCallback: PakFile 'C:/Program Files/Epic Games/UE_4.27/FeaturePacks/TP_ThirdPersonBP.upack' (chunk index -1, root 'root:/') mounted
[2026.04.04-16.00.08:830][  0]LogShaderLibrary: Display: ShaderCodeLibraryPakFileMountedCallback: pending pak file info (ChunkID:-1 Root:root:/ File:C:/Program Files/Epic Games/UE_4.27/FeaturePacks/TP_ThirdPersonBP.upack)
[2026.04.04-16.00.08:830][  0]LogPakFile: OnPakFileMounted2Time == 0.000038
[2026.04.04-16.00.08:838][  0]LogPakFile: PakFile PrimaryIndexSize=183
[2026.04.04-16.00.08:839][  0]LogPakFile: PakFile PathHashIndexSize=101
[2026.04.04-16.00.08:839][  0]LogPakFile: PakFile FullDirectoryIndexSize=140
[2026.04.04-16.00.08:839][  0]LogShaderLibrary: Display: ShaderCodeLibraryPakFileMountedCallback: PakFile 'C:/Program Files/Epic Games/UE_4.27/FeaturePacks/TP_TopDown.upack' (chunk index -1, root 'root:/') mounted
[2026.04.04-16.00.08:839][  0]LogShaderLibrary: Display: ShaderCodeLibraryPakFileMountedCallback: pending pak file info (ChunkID:-1 Root:root:/ File:C:/Program Files/Epic Games/UE_4.27/FeaturePacks/TP_TopDown.upack)
[2026.04.04-16.00.08:839][  0]LogPakFile: OnPakFileMounted2Time == 0.000085
[2026.04.04-16.00.08:880][  0]LogPakFile: PakFile PrimaryIndexSize=185
[2026.04.04-16.00.08:880][  0]LogPakFile: PakFile PathHashIndexSize=101
[2026.04.04-16.00.08:880][  0]LogPakFile: PakFile FullDirectoryIndexSize=144
[2026.04.04-16.00.08:880][  0]LogShaderLibrary: Display: ShaderCodeLibraryPakFileMountedCallback: PakFile 'C:/Program Files/Epic Games/UE_4.27/FeaturePacks/TP_TopDownBP.upack' (chunk index -1, root 'root:/') mounted
[2026.04.04-16.00.08:880][  0]LogShaderLibrary: Display: ShaderCodeLibraryPakFileMountedCallback: pending pak file info (ChunkID:-1 Root:root:/ File:C:/Program Files/Epic Games/UE_4.27/FeaturePacks/TP_TopDownBP.upack)
[2026.04.04-16.00.08:880][  0]LogPakFile: OnPakFileMounted2Time == 0.000085
[2026.04.04-16.00.08:881][  0]LogPakFile: PakFile PrimaryIndexSize=185
[2026.04.04-16.00.08:881][  0]LogPakFile: PakFile PathHashIndexSize=101
[2026.04.04-16.00.08:881][  0]LogPakFile: PakFile FullDirectoryIndexSize=144
[2026.04.04-16.00.08:881][  0]LogShaderLibrary: Display: ShaderCodeLibraryPakFileMountedCallback: PakFile 'C:/Program Files/Epic Games/UE_4.27/FeaturePacks/TP_TwinStick.upack' (chunk index -1, root 'root:/') mounted
[2026.04.04-16.00.08:881][  0]LogShaderLibrary: Display: ShaderCodeLibraryPakFileMountedCallback: pending pak file info (ChunkID:-1 Root:root:/ File:C:/Program Files/Epic Games/UE_4.27/FeaturePacks/TP_TwinStick.upack)
[2026.04.04-16.00.08:881][  0]LogPakFile: OnPakFileMounted2Time == 0.000071
[2026.04.04-16.00.08:899][  0]LogPakFile: PakFile PrimaryIndexSize=187
[2026.04.04-16.00.08:899][  0]LogPakFile: PakFile PathHashIndexSize=101
[2026.04.04-16.00.08:899][  0]LogPakFile: PakFile FullDirectoryIndexSize=148
[2026.04.04-16.00.08:899][  0]LogShaderLibrary: Display: ShaderCodeLibraryPakFileMountedCallback: PakFile 'C:/Program Files/Epic Games/UE_4.27/FeaturePacks/TP_TwinStickBP.upack' (chunk index -1, root 'root:/') mounted
[2026.04.04-16.00.08:899][  0]LogShaderLibrary: Display: ShaderCodeLibraryPakFileMountedCallback: pending pak file info (ChunkID:-1 Root:root:/ File:C:/Program Files/Epic Games/UE_4.27/FeaturePacks/TP_TwinStickBP.upack)
[2026.04.04-16.00.08:899][  0]LogPakFile: OnPakFileMounted2Time == 0.000066
[2026.04.04-16.00.08:932][  0]LogPakFile: PakFile PrimaryIndexSize=183
[2026.04.04-16.00.08:932][  0]LogPakFile: PakFile PathHashIndexSize=101
[2026.04.04-16.00.08:932][  0]LogPakFile: PakFile FullDirectoryIndexSize=140
[2026.04.04-16.00.08:932][  0]LogShaderLibrary: Display: ShaderCodeLibraryPakFileMountedCallback: PakFile 'C:/Program Files/Epic Games/UE_4.27/FeaturePacks/TP_Vehicle.upack' (chunk index -1, root 'root:/') mounted
[2026.04.04-16.00.08:932][  0]LogShaderLibrary: Display: ShaderCodeLibraryPakFileMountedCallback: pending pak file info (ChunkID:-1 Root:root:/ File:C:/Program Files/Epic Games/UE_4.27/FeaturePacks/TP_Vehicle.upack)
[2026.04.04-16.00.08:932][  0]LogPakFile: OnPakFileMounted2Time == 0.000063
[2026.04.04-16.00.08:933][  0]LogPakFile: PakFile PrimaryIndexSize=186
[2026.04.04-16.00.08:933][  0]LogPakFile: PakFile PathHashIndexSize=101
[2026.04.04-16.00.08:933][  0]LogPakFile: PakFile FullDirectoryIndexSize=146
[2026.04.04-16.00.08:933][  0]LogShaderLibrary: Display: ShaderCodeLibraryPakFileMountedCallback: PakFile 'C:/Program Files/Epic Games/UE_4.27/FeaturePacks/TP_VehicleAdv.upack' (chunk index -1, root 'root:/') mounted
[2026.04.04-16.00.08:933][  0]LogShaderLibrary: Display: ShaderCodeLibraryPakFileMountedCallback: pending pak file info (ChunkID:-1 Root:root:/ File:C:/Program Files/Epic Games/UE_4.27/FeaturePacks/TP_VehicleAdv.upack)
[2026.04.04-16.00.08:933][  0]LogPakFile: OnPakFileMounted2Time == 0.000055
[2026.04.04-16.00.08:934][  0]LogPakFile: PakFile PrimaryIndexSize=188
[2026.04.04-16.00.08:934][  0]LogPakFile: PakFile PathHashIndexSize=101
[2026.04.04-16.00.08:934][  0]LogPakFile: PakFile FullDirectoryIndexSize=150
[2026.04.04-16.00.08:934][  0]LogShaderLibrary: Display: ShaderCodeLibraryPakFileMountedCallback: PakFile 'C:/Program Files/Epic Games/UE_4.27/FeaturePacks/TP_VehicleAdvBP.upack' (chunk index -1, root 'root:/') mounted
[2026.04.04-16.00.08:934][  0]LogShaderLibrary: Display: ShaderCodeLibraryPakFileMountedCallback: pending pak file info (ChunkID:-1 Root:root:/ File:C:/Program Files/Epic Games/UE_4.27/FeaturePacks/TP_VehicleAdvBP.upack)
[2026.04.04-16.00.08:934][  0]LogPakFile: OnPakFileMounted2Time == 0.000052
[2026.04.04-16.00.08:951][  0]LogPakFile: PakFile PrimaryIndexSize=185
[2026.04.04-16.00.08:951][  0]LogPakFile: PakFile PathHashIndexSize=101
[2026.04.04-16.00.08:951][  0]LogPakFile: PakFile FullDirectoryIndexSize=144
[2026.04.04-16.00.08:951][  0]LogShaderLibrary: Display: ShaderCodeLibraryPakFileMountedCallback: PakFile 'C:/Program Files/Epic Games/UE_4.27/FeaturePacks/TP_VehicleBP.upack' (chunk index -1, root 'root:/') mounted
[2026.04.04-16.00.08:951][  0]LogShaderLibrary: Display: ShaderCodeLibraryPakFileMountedCallback: pending pak file info (ChunkID:-1 Root:root:/ File:C:/Program Files/Epic Games/UE_4.27/FeaturePacks/TP_VehicleBP.upack)
[2026.04.04-16.00.08:951][  0]LogPakFile: OnPakFileMounted2Time == 0.000066
[2026.04.04-16.00.09:000][  0]LogPakFile: PakFile PrimaryIndexSize=192
[2026.04.04-16.00.09:000][  0]LogPakFile: PakFile PathHashIndexSize=101
[2026.04.04-16.00.09:000][  0]LogPakFile: PakFile FullDirectoryIndexSize=158
[2026.04.04-16.00.09:000][  0]LogShaderLibrary: Display: ShaderCodeLibraryPakFileMountedCallback: PakFile 'C:/Program Files/Epic Games/UE_4.27/FeaturePacks/TP_VirtualRealityBP.upack' (chunk index -1, root 'root:/') mounted
[2026.04.04-16.00.09:000][  0]LogShaderLibrary: Display: ShaderCodeLibraryPakFileMountedCallback: pending pak file info (ChunkID:-1 Root:root:/ File:C:/Program Files/Epic Games/UE_4.27/FeaturePacks/TP_VirtualRealityBP.upack)
[2026.04.04-16.00.09:000][  0]LogPakFile: OnPakFileMounted2Time == 0.000044
[2026.04.04-16.00.09:525][  0]LogNativeClassHierarchy: Verbose: Native class hierarchy updated for 'AddContentDialog' in 0.0003 seconds. Added 0 classes and 0 folders.
[2026.04.04-16.00.09:526][  0]LogNativeClassHierarchy: Verbose: Native class hierarchy updated for 'SceneOutliner' in 0.0003 seconds. Added 2 classes and 0 folders.
[2026.04.04-16.00.09:620][  0]LogSlate: Took 0.000209 seconds to synchronously load lazily loaded font '../../../Engine/Content/Slate/Fonts/Roboto-Regular.ttf' (155K)
[2026.04.04-16.00.09:623][  0]LogSlate: Took 0.001027 seconds to synchronously load lazily loaded font '../../../Engine/Content/Editor/Slate/Fonts/FontAwesome.ttf' (139K)
[2026.04.04-16.00.09:624][  0]LogSlate: Took 0.000191 seconds to synchronously load lazily loaded font '../../../Engine/Content/Slate/Fonts/Roboto-Bold.ttf' (160K)
[2026.04.04-16.00.09:742][  0]LogRenderer: Reallocating scene render targets to support 688x460 Format 9 NumSamples 1 (Frame:1).
[2026.04.04-16.00.09:888][  0]LogNativeClassHierarchy: Verbose: Native class hierarchy updated for 'HierarchicalLODOutliner' in 0.0003 seconds. Added 0 classes and 0 folders.
[2026.04.04-16.00.09:889][  0]LogLoad: (Engine Initialization) Total time: 11.26 seconds
[2026.04.04-16.00.09:889][  0]LogLoad: (Engine Initialization) Total Blueprint compile time: 0.00 seconds
[2026.04.04-16.00.09:947][  0]LogAssetRegistry: Asset discovery search completed in 6.5463 seconds
[2026.04.04-16.00.09:954][  0]LogCollectionManager: Fixed up redirectors for 0 collections in 0.000005 seconds (updated 0 objects)
[2026.04.04-16.00.09:957][  0]LogContentStreaming: Texture pool size now 800 MB
[2026.04.04-16.00.09:971][  1]LogEditorViewport: Clicking Background
[2026.04.04-16.00.10:200][  3]LogSlate: Took 0.000289 seconds to synchronously load lazily loaded font '../../../Engine/Content/Slate/Fonts/Roboto-Light.ttf' (167K)
[2026.04.04-16.00.12:745][203]LogUObjectHash: Compacting FUObjectHashTables data took   1.45ms
[2026.04.04-16.00.12:760][203]LogSlate: Took 0.000165 seconds to synchronously load lazily loaded font '../../../Engine/Content/Slate/Fonts/Roboto-Light.ttf' (167K)
[2026.04.04-16.00.13:603][203]LogAssetEditorSubsystem: Opening Asset editor for World /Game/MAPS/Main_Menu.Main_Menu
[2026.04.04-16.00.13:603][203]Cmd: MAP LOAD FILE="../../../../../../Users/User/Documents/Unreal Projects/Playtime_Multiplayer/Content/MAPS/Main_Menu.umap" TEMPLATE=0 SHOWPROGRESS=1 FEATURELEVEL=3
[2026.04.04-16.00.13:603][203]LightingResults: New page: Lighting Build
[2026.04.04-16.00.13:604][203]LogNativeClassHierarchy: Verbose: Native class hierarchy updated for 'StatsViewer' in 0.0003 seconds. Added 6 classes and 0 folders.
[2026.04.04-16.00.13:604][203]LoadErrors: New page: Loading map: Main_Menu.umap
[2026.04.04-16.00.13:605][203]LogWorld: UWorld::CleanupWorld for Untitled, bSessionEnded=true, bCleanupResources=true
[2026.04.04-16.00.13:605][203]LogSlate: InvalidateAllWidgets triggered.  All widgets were invalidated
[2026.04.04-16.00.13:606][203]MapCheck: New page: Map Check
[2026.04.04-16.00.13:606][203]LightingResults: New page: Lighting Build
[2026.04.04-16.00.13:612][203]LogAudio: Display: Audio Device unregistered from world 'None'.
[2026.04.04-16.00.13:615][203]LogUObjectHash: Compacting FUObjectHashTables data took   1.03ms
[2026.04.04-16.00.13:617][203]LogAudio: Display: Audio Device (ID: 1) registered with world 'Main_Menu'.
[2026.04.04-16.00.13:658][203]LogEditorServer: Finished looking for orphan Actors (0.000 secs)
[2026.04.04-16.00.13:658][203]LogAIModule: Creating AISystem for world Main_Menu
[2026.04.04-16.00.13:668][203]LogUObjectHash: Compacting FUObjectHashTables data took   0.75ms
[2026.04.04-16.00.13:673][203]Cmd: MAP CHECKDEP NOCLEARLOG
[2026.04.04-16.00.13:673][203]MapCheck: Map check complete: 0 Error(s), 0 Warning(s), took 0,08ms to complete.
[2026.04.04-16.00.13:673][203]LogFileHelpers: Loading map 'Main_Menu' took 0.071
[2026.04.04-16.00.16:942][486]LogUObjectHash: Compacting FUObjectHashTables data took   0.31ms
[2026.04.04-16.00.19:069][486]LogMainFrame: Project requires temp target (MultiplayerShooterPlugin plugin is enabled)
[2026.04.04-16.00.19:070][486]LogLauncherProfile: Unable to use promoted target - ../../../../../../Users/User/Documents/Unreal Projects/Playtime_Multiplayer/Binaries/Win64/UE4Game.target does not exist.
[2026.04.04-16.00.19:171][488]UATHelper: Packaging (Windows (64-bit)): Running AutomationTool...
[2026.04.04-16.00.19:297][494]UATHelper: Packaging (Windows (64-bit)): Parsing command line: -ScriptsForProject="C:/Users/User/Documents/Unreal Projects/Playtime_Multiplayer/Playtime_Multiplayer.uproject" BuildCookRun -nocompileeditor -installed -nop4 -project="C:/Users/User/Documents/Unreal Projects/Playtime_Multiplayer/Playtime_Multiplayer.uproject" -cook -stage -archive -archivedirectory="C:/Users/User/Documents/Unreal Projects/Playtime_Multiplayer/Playtime_Multiplayer" -package -ue4exe="C:\Program Files\Epic Games\UE_4.27\Engine\Binaries\Win64\UE4Editor-Cmd.exe" -compressed -ddc=InstalledDerivedDataBackendGraph -pak -prereqs -nodebuginfo -targetplatform=Win64 -build -clientconfig=Development -utf8output
[2026.04.04-16.00.20:188][531]UATHelper: Packaging (Windows (64-bit)): Setting up ProjectParams for C:\Users\User\Documents\Unreal Projects\Playtime_Multiplayer\Playtime_Multiplayer.uproject
[2026.04.04-16.00.20:498][544]UATHelper: Packaging (Windows (64-bit)): Playtime_Multiplayer.uproject requires a temporary target.cs to be generated (MultiplayerShooterPlugin plugin is enabled)
[2026.04.04-16.00.20:917][561]UATHelper: Packaging (Windows (64-bit)): ********** BUILD COMMAND STARTED **********
[2026.04.04-16.00.20:959][563]UATHelper: Packaging (Windows (64-bit)): Running: C:\Program Files\Epic Games\UE_4.27\Engine\Binaries\DotNET\UnrealBuildTool.exe Playtime_Multiplayer Win64 Development -Project="C:\Users\User\Documents\Unreal Projects\Playtime_Multiplayer\Playtime_Multiplayer.uproject"  "C:\Users\User\Documents\Unreal Projects\Playtime_Multiplayer\Playtime_Multiplayer.uproject" -NoUBTMakefiles  -remoteini="C:\Users\User\Documents\Unreal Projects\Playtime_Multiplayer" -skipdeploy -Manifest="C:\Users\User\Documents\Unreal Projects\Playtime_Multiplayer\Intermediate\Build\Manifest.xml" -NoHotReload -log="C:\Users\User\AppData\Roaming\Unreal Engine\AutomationTool\Logs\C+Program+Files+Epic+Games+UE_4.27\UBT-Playtime_Multiplayer-Win64-Development.txt"
[2026.04.04-16.00.22:237][622]UATHelper: Packaging (Windows (64-bit)):   WARNING: Visual Studio 2022 is installed, but is missing the C++ toolchain. Please verify that the "VC++ 2022 toolset" component is selected in the Visual Studio 2022 installation options.
[2026.04.04-16.00.22:237][622]PackagingResults: Warning: Visual Studio 2022 is installed, but is missing the C++ toolchain. Please verify that the "VC++ 2022 toolset" component is selected in the Visual Studio 2022 installation options.
[2026.04.04-16.00.22:275][624]UATHelper: Packaging (Windows (64-bit)):   ERROR: Visual Studio 2019 must be installed in order to build this target.
[2026.04.04-16.00.22:275][624]PackagingResults: Error: Visual Studio 2019 must be installed in order to build this target.
[2026.04.04-16.00.22:370][628]UATHelper: Packaging (Windows (64-bit)): Took 1,4161654s to run UnrealBuildTool.exe, ExitCode=6
[2026.04.04-16.00.22:376][629]UATHelper: Packaging (Windows (64-bit)): UnrealBuildTool failed. See log for more details. (C:\Users\User\AppData\Roaming\Unreal Engine\AutomationTool\Logs\C+Program+Files+Epic+Games+UE_4.27\UBT-Playtime_Multiplayer-Win64-Development.txt)
[2026.04.04-16.00.22:411][630]UATHelper: Packaging (Windows (64-bit)): AutomationTool exiting with ExitCode=6 (6)
[2026.04.04-16.00.22:439][631]UATHelper: Packaging (Windows (64-bit)): BUILD FAILED
[2026.04.04-16.00.22:453][631]PackagingResults: Error: Unknown Error
[2026.04.04-16.00.24:788][724]LogSlate: Took 0.000572 seconds to synchronously load lazily loaded font '../../../Engine/Content/Slate/Fonts/DroidSansMono.ttf' (77K)
[2026.04.04-16.00.25:983][777]LogSlate: Window 'Output Log' being destroyed
[2026.04.04-16.00.25:994][777]LogSlate: Window 'Output Log' being destroyed
[2026.04.04-16.00.27:270][886]LogConfig: Applying CVar settings from Section [ViewDistanceQuality@0] File [C:/Users/User/Documents/Unreal Projects/Playtime_Multiplayer/Saved/Config/Windows/Scalability.ini]
[2026.04.04-16.00.27:270][886]LogConfig: Setting CVar [[r.SkeletalMeshLODBias:2]]
[2026.04.04-16.00.27:270][886]LogConfig: Setting CVar [[r.ViewDistanceScale:0.4]]
[2026.04.04-16.00.27:270][886]LogConfig: Applying CVar settings from Section [AntiAliasingQuality@0] File [C:/Users/User/Documents/Unreal Projects/Playtime_Multiplayer/Saved/Config/Windows/Scalability.ini]
[2026.04.04-16.00.27:270][886]LogConfig: Setting CVar [[r.PostProcessAAQuality:0]]
[2026.04.04-16.00.27:270][886]LogConfig: Applying CVar settings from Section [ShadowQuality@0] File [C:/Users/User/Documents/Unreal Projects/Playtime_Multiplayer/Saved/Config/Windows/Scalability.ini]
[2026.04.04-16.00.27:270][886]LogConfig: Setting CVar [[r.LightFunctionQuality:0]]
[2026.04.04-16.00.27:270][886]LogConfig: Setting CVar [[r.ShadowQuality:0]]
[2026.04.04-16.00.27:270][886]LogConfig: Setting CVar [[r.Shadow.CSM.MaxCascades:1]]
[2026.04.04-16.00.27:270][886]LogConfig: Setting CVar [[r.Shadow.MaxResolution:512]]
[2026.04.04-16.00.27:270][886]LogConfig: Setting CVar [[r.Shadow.MaxCSMResolution:512]]
[2026.04.04-16.00.27:270][886]LogConfig: Setting CVar [[r.Shadow.RadiusThreshold:0.06]]
[2026.04.04-16.00.27:270][886]LogConfig: Setting CVar [[r.Shadow.DistanceScale:0.6]]
[2026.04.04-16.00.27:270][886]LogConfig: Setting CVar [[r.Shadow.CSM.TransitionScale:0]]
[2026.04.04-16.00.27:270][886]LogConfig: Setting CVar [[r.Shadow.PreShadowResolutionFactor:0.5]]
[2026.04.04-16.00.27:271][886]LogConfig: Setting CVar [[r.DistanceFieldShadowing:0]]
[2026.04.04-16.00.27:271][886]LogConfig: Setting CVar [[r.DistanceFieldAO:0]]
[2026.04.04-16.00.27:271][886]LogConfig: Setting CVar [[r.VolumetricFog:0]]
[2026.04.04-16.00.27:271][886]LogConfig: Setting CVar [[r.LightMaxDrawDistanceScale:0]]
[2026.04.04-16.00.27:271][886]LogConfig: Setting CVar [[r.CapsuleShadows:0]]
[2026.04.04-16.00.27:271][886]LogConfig: Applying CVar settings from Section [PostProcessQuality@0] File [C:/Users/User/Documents/Unreal Projects/Playtime_Multiplayer/Saved/Config/Windows/Scalability.ini]
[2026.04.04-16.00.27:271][886]LogConfig: Setting CVar [[r.MotionBlurQuality:0]]
[2026.04.04-16.00.27:271][886]LogConfig: Setting CVar [[r.AmbientOcclusionMipLevelFactor:1.0]]
[2026.04.04-16.00.27:271][886]LogConfig: Setting CVar [[r.AmbientOcclusionMaxQuality:0]]
[2026.04.04-16.00.27:271][886]LogConfig: Setting CVar [[r.AmbientOcclusionLevels:0]]
[2026.04.04-16.00.27:271][886]LogConfig: Setting CVar [[r.AmbientOcclusionRadiusScale:1.2]]
[2026.04.04-16.00.27:271][886]LogConfig: Setting CVar [[r.DepthOfFieldQuality:0]]
[2026.04.04-16.00.27:271][886]LogConfig: Setting CVar [[r.RenderTargetPoolMin:300]]
[2026.04.04-16.00.27:271][886]LogConfig: Setting CVar [[r.LensFlareQuality:0]]
[2026.04.04-16.00.27:271][886]LogConfig: Setting CVar [[r.SceneColorFringeQuality:0]]
[2026.04.04-16.00.27:271][886]LogConfig: Setting CVar [[r.EyeAdaptationQuality:2]]
[2026.04.04-16.00.27:271][886]LogConfig: Setting CVar [[r.BloomQuality:4]]
[2026.04.04-16.00.27:271][886]LogConfig: Setting CVar [[r.FastBlurThreshold:0]]
[2026.04.04-16.00.27:271][886]LogConfig: Setting CVar [[r.Upscale.Quality:1]]
[2026.04.04-16.00.27:271][886]LogConfig: Setting CVar [[r.Tonemapper.GrainQuantization:0]]
[2026.04.04-16.00.27:271][886]LogConfig: Setting CVar [[r.LightShaftQuality:0]]
[2026.04.04-16.00.27:271][886]LogConfig: Setting CVar [[r.Filter.SizeScale:0.6]]
[2026.04.04-16.00.27:271][886]LogConfig: Setting CVar [[r.Tonemapper.Quality:0]]
[2026.04.04-16.00.27:271][886]LogConfig: Applying CVar settings from Section [TextureQuality@0] File [C:/Users/User/Documents/Unreal Projects/Playtime_Multiplayer/Saved/Config/Windows/Scalability.ini]
[2026.04.04-16.00.27:271][886]LogConfig: Setting CVar [[r.Streaming.MipBias:16]]
[2026.04.04-16.00.27:271][886]LogConfig: Setting CVar [[r.Streaming.AmortizeCPUToGPUCopy:1]]
[2026.04.04-16.00.27:271][886]LogConfig: Setting CVar [[r.Streaming.MaxNumTexturesToStreamPerFrame:1]]
[2026.04.04-16.00.27:271][886]LogConfig: Setting CVar [[r.Streaming.Boost:0.3]]
[2026.04.04-16.00.27:271][886]LogConfig: Setting CVar [[r.MaxAnisotropy:0]]
[2026.04.04-16.00.27:271][886]LogConfig: Setting CVar [[r.VT.MaxAnisotropy:4]]
[2026.04.04-16.00.27:271][886]LogConfig: Setting CVar [[r.Streaming.LimitPoolSizeToVRAM:1]]
[2026.04.04-16.00.27:271][886]LogConfig: Setting CVar [[r.Streaming.PoolSize:400]]
[2026.04.04-16.00.27:271][886]LogConfig: Setting CVar [[r.Streaming.MaxEffectiveScreenSize:0]]
[2026.04.04-16.00.27:271][886]LogConfig: Applying CVar settings from Section [EffectsQuality@0] File [C:/Users/User/Documents/Unreal Projects/Playtime_Multiplayer/Saved/Config/Windows/Scalability.ini]
[2026.04.04-16.00.27:271][886]LogConfig: Setting CVar [[r.TranslucencyLightingVolumeDim:24]]
[2026.04.04-16.00.27:271][886]LogConfig: Setting CVar [[r.RefractionQuality:0]]
[2026.04.04-16.00.27:271][886]LogConfig: Setting CVar [[r.SSR.Quality:0]]
[2026.04.04-16.00.27:271][886]LogConfig: Setting CVar [[r.SSR.HalfResSceneColor:1]]
[2026.04.04-16.00.27:271][886]LogConfig: Setting CVar [[r.SceneColorFormat:3]]
[2026.04.04-16.00.27:271][886]LogConfig: Setting CVar [[r.DetailMode:0]]
[2026.04.04-16.00.27:271][886]LogConfig: Setting CVar [[r.TranslucencyVolumeBlur:0]]
[2026.04.04-16.00.27:271][886]LogConfig: Setting CVar [[r.MaterialQualityLevel:0 ; Low quality]]
[2026.04.04-16.00.27:271][886]LogConfig: Setting CVar [[r.AnisotropicMaterials:0]]
[2026.04.04-16.00.27:271][886]LogConfig: Setting CVar [[r.SSS.Scale:0]]
[2026.04.04-16.00.27:271][886]LogConfig: Setting CVar [[r.SSS.SampleSet:0]]
[2026.04.04-16.00.27:271][886]LogConfig: Setting CVar [[r.SSS.Quality:0]]
[2026.04.04-16.00.27:271][886]LogConfig: Setting CVar [[r.SSS.HalfRes:1]]
[2026.04.04-16.00.27:271][886]LogConfig: Setting CVar [[r.SSGI.Quality:0]]
[2026.04.04-16.00.27:271][886]LogConfig: Setting CVar [[r.EmitterSpawnRateScale:0.125]]
[2026.04.04-16.00.27:271][886]LogConfig: Setting CVar [[r.ParticleLightQuality:0]]
[2026.04.04-16.00.27:271][886]LogConfig: Setting CVar [[r.SkyAtmosphere.AerialPerspectiveLUT.FastApplyOnOpaque:1 ; Always have FastSkyLUT 1 in this case to avoid wrong sky]]
[2026.04.04-16.00.27:271][886]LogConfig: Setting CVar [[r.SkyAtmosphere.AerialPerspectiveLUT.SampleCountMaxPerSlice:1]]
[2026.04.04-16.00.27:271][886]LogConfig: Setting CVar [[r.SkyAtmosphere.AerialPerspectiveLUT.DepthResolution:8.0]]
[2026.04.04-16.00.27:271][886]LogConfig: Setting CVar [[r.SkyAtmosphere.FastSkyLUT:1]]
[2026.04.04-16.00.27:271][886]LogConfig: Setting CVar [[r.SkyAtmosphere.FastSkyLUT.SampleCountMin:2.0]]
[2026.04.04-16.00.27:271][886]LogConfig: Setting CVar [[r.SkyAtmosphere.FastSkyLUT.SampleCountMax:16.0]]
[2026.04.04-16.00.27:271][886]LogConfig: Setting CVar [[r.SkyAtmosphere.SampleCountMin:2.0]]
[2026.04.04-16.00.27:271][886]LogConfig: Setting CVar [[r.SkyAtmosphere.SampleCountMax:16.0]]
[2026.04.04-16.00.27:271][886]LogConfig: Setting CVar [[r.SkyAtmosphere.TransmittanceLUT.UseSmallFormat:1]]
[2026.04.04-16.00.27:271][886]LogConfig: Setting CVar [[r.SkyAtmosphere.TransmittanceLUT.SampleCount:10.0]]
[2026.04.04-16.00.27:271][886]LogConfig: Setting CVar [[r.SkyAtmosphere.MultiScatteringLUT.SampleCount:15.0]]
[2026.04.04-16.00.27:271][886]LogConfig: Setting CVar [[r.SkyLight.RealTimeReflectionCapture:0]]
[2026.04.04-16.00.27:271][886]LogConfig: Setting CVar [[fx.Niagara.QualityLevel:0]]
[2026.04.04-16.00.27:272][886]LogConfig: Applying CVar settings from Section [FoliageQuality@0] File [C:/Users/User/Documents/Unreal Projects/Playtime_Multiplayer/Saved/Config/Windows/Scalability.ini]
[2026.04.04-16.00.27:272][886]LogConfig: Setting CVar [[foliage.DensityScale:0]]
[2026.04.04-16.00.27:272][886]LogConfig: Setting CVar [[grass.DensityScale:0]]
[2026.04.04-16.00.27:272][886]LogConfig: Applying CVar settings from Section [ShadingQuality@0] File [C:/Users/User/Documents/Unreal Projects/Playtime_Multiplayer/Saved/Config/Windows/Scalability.ini]
[2026.04.04-16.00.27:272][886]LogConfig: Setting CVar [[r.HairStrands.SkyLighting.IntegrationType:2]]
[2026.04.04-16.00.27:272][886]LogConfig: Setting CVar [[r.HairStrands.SkyAO.SampleCount:4]]
[2026.04.04-16.00.27:272][886]LogConfig: Setting CVar [[r.HairStrands.Visibility.MSAA.SamplePerPixel:1]]
[2026.04.04-16.00.27:298][888]LogRenderer: Reallocating scene render targets to support 688x460 Format 9 NumSamples 1 (Frame:348).
[2026.04.04-16.00.27:329][889]LogContentStreaming: Texture pool size now 400 MB
[2026.04.04-16.00.27:819][937]LogEditorViewport: Clicking on Actor (LMB): StaticMeshActor (Cube2)
[2026.04.04-16.00.30:183][134]UATHelper: Cooking (Windows (64-bit)): Running AutomationTool...
[2026.04.04-16.00.30:249][136]UATHelper: Cooking (Windows (64-bit)): Parsing command line: -ScriptsForProject="C:/Users/User/Documents/Unreal Projects/Playtime_Multiplayer/Playtime_Multiplayer.uproject" BuildCookRun -nocompileeditor -installed -nop4 -project="C:/Users/User/Documents/Unreal Projects/Playtime_Multiplayer/Playtime_Multiplayer.uproject" -cook -skipstage -ue4exe="C:\Program Files\Epic Games\UE_4.27\Engine\Binaries\Win64\UE4Editor-Cmd.exe" -targetplatform=Win64 -ddc=InstalledDerivedDataBackendGraph -utf8output
[2026.04.04-16.00.30:921][164]UATHelper: Cooking (Windows (64-bit)): Setting up ProjectParams for C:\Users\User\Documents\Unreal Projects\Playtime_Multiplayer\Playtime_Multiplayer.uproject
[2026.04.04-16.00.31:234][189]UATHelper: Cooking (Windows (64-bit)): Playtime_Multiplayer.uproject requires a temporary target.cs to be generated (MultiplayerShooterPlugin plugin is enabled)
[2026.04.04-16.00.34:141][468]LogUObjectHash: Compacting FUObjectHashTables data took   0.92ms
[2026.04.04-16.00.35:195][468]LogMainFrame: Project requires temp target (MultiplayerShooterPlugin plugin is enabled)
[2026.04.04-16.00.35:195][468]LogLauncherProfile: Unable to use promoted target - ../../../../../../Users/User/Documents/Unreal Projects/Playtime_Multiplayer/Binaries/Win64/UE4Game.target does not exist.
[2026.04.04-16.00.35:247][469]UATHelper: Packaging (Windows (64-bit)): Running AutomationTool...
[2026.04.04-16.00.35:365][477]UATHelper: Packaging (Windows (64-bit)): Parsing command line: -ScriptsForProject="C:/Users/User/Documents/Unreal Projects/Playtime_Multiplayer/Playtime_Multiplayer.uproject" BuildCookRun -nocompileeditor -installed -nop4 -project="C:/Users/User/Documents/Unreal Projects/Playtime_Multiplayer/Playtime_Multiplayer.uproject" -cook -stage -archive -archivedirectory="C:/Users/User/Documents/Unreal Projects/Playtime_Multiplayer/Playtime_Multiplayer" -package -ue4exe="C:\Program Files\Epic Games\UE_4.27\Engine\Binaries\Win64\UE4Editor-Cmd.exe" -compressed -ddc=InstalledDerivedDataBackendGraph -pak -prereqs -nodebuginfo -targetplatform=Win64 -build -clientconfig=Development -utf8output
[2026.04.04-16.00.36:186][545]UATHelper: Packaging (Windows (64-bit)): Setting up ProjectParams for C:\Users\User\Documents\Unreal Projects\Playtime_Multiplayer\Playtime_Multiplayer.uproject
[2026.04.04-16.00.36:461][568]UATHelper: Packaging (Windows (64-bit)): Playtime_Multiplayer.uproject requires a temporary target.cs to be generated (MultiplayerShooterPlugin plugin is enabled)
[2026.04.04-16.00.36:727][590]UATHelper: Packaging (Windows (64-bit)): ********** BUILD COMMAND STARTED **********
[2026.04.04-16.00.36:740][591]UATHelper: Packaging (Windows (64-bit)): Running: C:\Program Files\Epic Games\UE_4.27\Engine\Binaries\DotNET\UnrealBuildTool.exe Playtime_Multiplayer Win64 Development -Project="C:\Users\User\Documents\Unreal Projects\Playtime_Multiplayer\Playtime_Multiplayer.uproject"  "C:\Users\User\Documents\Unreal Projects\Playtime_Multiplayer\Playtime_Multiplayer.uproject" -NoUBTMakefiles  -remoteini="C:\Users\User\Documents\Unreal Projects\Playtime_Multiplayer" -skipdeploy -Manifest="C:\Users\User\Documents\Unreal Projects\Playtime_Multiplayer\Intermediate\Build\Manifest.xml" -NoHotReload -log="C:\Users\User\AppData\Roaming\Unreal Engine\AutomationTool\Logs\C+Program+Files+Epic+Games+UE_4.27\UBT-Playtime_Multiplayer-Win64-Development.txt"
[2026.04.04-16.00.37:953][687]UATHelper: Packaging (Windows (64-bit)):   WARNING: Visual Studio 2022 is installed, but is missing the C++ toolchain. Please verify that the "VC++ 2022 toolset" component is selected in the Visual Studio 2022 installation options.
[2026.04.04-16.00.37:953][687]PackagingResults: Warning: Visual Studio 2022 is installed, but is missing the C++ toolchain. Please verify that the "VC++ 2022 toolset" component is selected in the Visual Studio 2022 installation options.
[2026.04.04-16.00.37:976][689]UATHelper: Packaging (Windows (64-bit)):   ERROR: Visual Studio 2019 must be installed in order to build this target.
[2026.04.04-16.00.37:976][689]PackagingResults: Error: Visual Studio 2019 must be installed in order to build this target.
[2026.04.04-16.00.38:039][694]UATHelper: Packaging (Windows (64-bit)): Took 1,2933859s to run UnrealBuildTool.exe, ExitCode=6
[2026.04.04-16.00.38:039][694]UATHelper: Packaging (Windows (64-bit)): UnrealBuildTool failed. See log for more details. (C:\Users\User\AppData\Roaming\Unreal Engine\AutomationTool\Logs\C+Program+Files+Epic+Games+UE_4.27\UBT-Playtime_Multiplayer-Win64-Development.txt)
[2026.04.04-16.00.38:061][696]UATHelper: Packaging (Windows (64-bit)): AutomationTool exiting with ExitCode=6 (6)
[2026.04.04-16.00.38:094][698]UATHelper: Packaging (Windows (64-bit)): BUILD FAILED
[2026.04.04-16.00.38:094][698]PackagingResults: Error: Unknown Error
[2026.04.04-16.00.47:426][176]LogSlate: Took 0.000750 seconds to synchronously load lazily loaded font '../../../Engine/Content/Slate/Fonts/Roboto-Italic.ttf' (157K)
[2026.04.04-16.00.52:900][612]LogEditorViewport: Clicking Background
[2026.04.04-16.00.59:760][257]LogEditorViewport: Clicking on Actor (LMB): SkeletalMeshActor (huggy_wuggy_PhysicsAsset)
[2026.04.04-16.01.04:264][567]LogConfig: Applying CVar settings from Section [ViewDistanceQuality@1] File [C:/Users/User/Documents/Unreal Projects/Playtime_Multiplayer/Saved/Config/Windows/Scalability.ini]
[2026.04.04-16.01.04:264][567]LogConfig: Setting CVar [[r.SkeletalMeshLODBias:1]]
[2026.04.04-16.01.04:264][567]LogConfig: Setting CVar [[r.ViewDistanceScale:0.6]]
[2026.04.04-16.01.04:264][567]LogConfig: Applying CVar settings from Section [AntiAliasingQuality@1] File [C:/Users/User/Documents/Unreal Projects/Playtime_Multiplayer/Saved/Config/Windows/Scalability.ini]
[2026.04.04-16.01.04:264][567]LogConfig: Setting CVar [[r.PostProcessAAQuality:2]]
[2026.04.04-16.01.04:264][567]LogConfig: Applying CVar settings from Section [ShadowQuality@1] File [C:/Users/User/Documents/Unreal Projects/Playtime_Multiplayer/Saved/Config/Windows/Scalability.ini]
[2026.04.04-16.01.04:264][567]LogConfig: Setting CVar [[r.LightFunctionQuality:1]]
[2026.04.04-16.01.04:264][567]LogConfig: Setting CVar [[r.ShadowQuality:3]]
[2026.04.04-16.01.04:264][567]LogConfig: Setting CVar [[r.Shadow.CSM.MaxCascades:1]]
[2026.04.04-16.01.04:264][567]LogConfig: Setting CVar [[r.Shadow.MaxResolution:1024]]
[2026.04.04-16.01.04:264][567]LogConfig: Setting CVar [[r.Shadow.MaxCSMResolution:1024]]
[2026.04.04-16.01.04:264][567]LogConfig: Setting CVar [[r.Shadow.RadiusThreshold:0.05]]
[2026.04.04-16.01.04:264][567]LogConfig: Setting CVar [[r.Shadow.DistanceScale:0.7]]
[2026.04.04-16.01.04:264][567]LogConfig: Setting CVar [[r.Shadow.CSM.TransitionScale:0.25]]
[2026.04.04-16.01.04:264][567]LogConfig: Setting CVar [[r.Shadow.PreShadowResolutionFactor:0.5]]
[2026.04.04-16.01.04:264][567]LogConfig: Setting CVar [[r.DistanceFieldShadowing:0]]
[2026.04.04-16.01.04:264][567]LogConfig: Setting CVar [[r.DistanceFieldAO:0]]
[2026.04.04-16.01.04:264][567]LogConfig: Setting CVar [[r.VolumetricFog:0]]
[2026.04.04-16.01.04:264][567]LogConfig: Setting CVar [[r.LightMaxDrawDistanceScale:.5]]
[2026.04.04-16.01.04:264][567]LogConfig: Setting CVar [[r.CapsuleShadows:1]]
[2026.04.04-16.01.04:264][567]LogConfig: Applying CVar settings from Section [PostProcessQuality@1] File [C:/Users/User/Documents/Unreal Projects/Playtime_Multiplayer/Saved/Config/Windows/Scalability.ini]
[2026.04.04-16.01.04:264][567]LogConfig: Setting CVar [[r.MotionBlurQuality:3]]
[2026.04.04-16.01.04:264][567]LogConfig: Setting CVar [[r.AmbientOcclusionMipLevelFactor:1.0]]
[2026.04.04-16.01.04:264][567]LogConfig: Setting CVar [[r.AmbientOcclusionMaxQuality:60]]
[2026.04.04-16.01.04:264][567]LogConfig: Setting CVar [[r.AmbientOcclusionLevels:-1]]
[2026.04.04-16.01.04:264][567]LogConfig: Setting CVar [[r.AmbientOcclusionRadiusScale:1.5]]
[2026.04.04-16.01.04:264][567]LogConfig: Setting CVar [[r.DepthOfFieldQuality:1]]
[2026.04.04-16.01.04:264][567]LogConfig: Setting CVar [[r.RenderTargetPoolMin:350]]
[2026.04.04-16.01.04:264][567]LogConfig: Setting CVar [[r.LensFlareQuality:0]]
[2026.04.04-16.01.04:264][567]LogConfig: Setting CVar [[r.SceneColorFringeQuality:0]]
[2026.04.04-16.01.04:264][567]LogConfig: Setting CVar [[r.EyeAdaptationQuality:2]]
[2026.04.04-16.01.04:264][567]LogConfig: Setting CVar [[r.BloomQuality:4]]
[2026.04.04-16.01.04:264][567]LogConfig: Setting CVar [[r.FastBlurThreshold:2]]
[2026.04.04-16.01.04:264][567]LogConfig: Setting CVar [[r.Upscale.Quality:2]]
[2026.04.04-16.01.04:264][567]LogConfig: Setting CVar [[r.Tonemapper.GrainQuantization:0]]
[2026.04.04-16.01.04:264][567]LogConfig: Setting CVar [[r.LightShaftQuality:0]]
[2026.04.04-16.01.04:264][567]LogConfig: Setting CVar [[r.Filter.SizeScale:0.7]]
[2026.04.04-16.01.04:264][567]LogConfig: Setting CVar [[r.Tonemapper.Quality:2]]
[2026.04.04-16.01.04:264][567]LogConfig: Setting CVar [[r.DOF.Gather.AccumulatorQuality:0        ; lower gathering accumulator quality]]
[2026.04.04-16.01.04:264][567]LogConfig: Setting CVar [[r.DOF.Gather.PostfilterMethod:2          ; Max3x3 postfilering method]]
[2026.04.04-16.01.04:264][567]LogConfig: Setting CVar [[r.DOF.Gather.EnableBokehSettings:0       ; no bokeh simulation when gathering]]
[2026.04.04-16.01.04:264][567]LogConfig: Setting CVar [[r.DOF.Gather.RingCount:3                 ; low number of samples when gathering]]
[2026.04.04-16.01.04:264][567]LogConfig: Setting CVar [[r.DOF.Scatter.ForegroundCompositing:0    ; no foreground scattering]]
[2026.04.04-16.01.04:264][567]LogConfig: Setting CVar [[r.DOF.Scatter.BackgroundCompositing:0    ; no foreground scattering]]
[2026.04.04-16.01.04:265][567]LogConfig: Setting CVar [[r.DOF.Recombine.Quality:0                ; no slight out of focus]]
[2026.04.04-16.01.04:265][567]LogConfig: Setting CVar [[r.DOF.TemporalAAQuality:0                ; faster temporal accumulation]]
[2026.04.04-16.01.04:265][567]LogConfig: Setting CVar [[r.DOF.Kernel.MaxForegroundRadius:0.006   ; required because low gathering and no scattering and not looking great at 1080p]]
[2026.04.04-16.01.04:265][567]LogConfig: Setting CVar [[r.DOF.Kernel.MaxBackgroundRadius:0.006   ; required because low gathering and no scattering and not looking great at 1080p]]
[2026.04.04-16.01.04:265][567]LogConfig: Applying CVar settings from Section [TextureQuality@1] File [C:/Users/User/Documents/Unreal Projects/Playtime_Multiplayer/Saved/Config/Windows/Scalability.ini]
[2026.04.04-16.01.04:265][567]LogConfig: Setting CVar [[r.Streaming.MipBias:1]]
[2026.04.04-16.01.04:265][567]LogConfig: Setting CVar [[r.Streaming.AmortizeCPUToGPUCopy:0]]
[2026.04.04-16.01.04:265][567]LogConfig: Setting CVar [[r.Streaming.MaxNumTexturesToStreamPerFrame:0]]
[2026.04.04-16.01.04:265][567]LogConfig: Setting CVar [[r.Streaming.Boost:1]]
[2026.04.04-16.01.04:265][567]LogConfig: Setting CVar [[r.MaxAnisotropy:2]]
[2026.04.04-16.01.04:265][567]LogConfig: Setting CVar [[r.VT.MaxAnisotropy:4]]
[2026.04.04-16.01.04:265][567]LogConfig: Setting CVar [[r.Streaming.LimitPoolSizeToVRAM:1]]
[2026.04.04-16.01.04:265][567]LogConfig: Setting CVar [[r.Streaming.PoolSize:600]]
[2026.04.04-16.01.04:265][567]LogConfig: Setting CVar [[r.Streaming.MaxEffectiveScreenSize:0]]
[2026.04.04-16.01.04:265][567]LogConfig: Applying CVar settings from Section [EffectsQuality@1] File [C:/Users/User/Documents/Unreal Projects/Playtime_Multiplayer/Saved/Config/Windows/Scalability.ini]
[2026.04.04-16.01.04:265][567]LogConfig: Setting CVar [[r.TranslucencyLightingVolumeDim:32]]
[2026.04.04-16.01.04:265][567]LogConfig: Setting CVar [[r.RefractionQuality:0]]
[2026.04.04-16.01.04:265][567]LogConfig: Setting CVar [[r.SSR.Quality:0]]
[2026.04.04-16.01.04:265][567]LogConfig: Setting CVar [[r.SSR.HalfResSceneColor:1]]
[2026.04.04-16.01.04:265][567]LogConfig: Setting CVar [[r.SceneColorFormat:3]]
[2026.04.04-16.01.04:265][567]LogConfig: Setting CVar [[r.DetailMode:1]]
[2026.04.04-16.01.04:265][567]LogConfig: Setting CVar [[r.TranslucencyVolumeBlur:0]]
[2026.04.04-16.01.04:265][567]LogConfig: Setting CVar [[r.MaterialQualityLevel:2 ; Medium quality]]
[2026.04.04-16.01.04:265][567]LogConfig: Setting CVar [[r.AnisotropicMaterials:0]]
[2026.04.04-16.01.04:265][567]LogConfig: Setting CVar [[r.SSS.Scale:0.75]]
[2026.04.04-16.01.04:265][567]LogConfig: Setting CVar [[r.SSS.SampleSet:0]]
[2026.04.04-16.01.04:265][567]LogConfig: Setting CVar [[r.SSS.Quality:0]]
[2026.04.04-16.01.04:265][567]LogConfig: Setting CVar [[r.SSS.HalfRes:1]]
[2026.04.04-16.01.04:265][567]LogConfig: Setting CVar [[r.SSGI.Quality:1]]
[2026.04.04-16.01.04:265][567]LogConfig: Setting CVar [[r.EmitterSpawnRateScale:0.25]]
[2026.04.04-16.01.04:265][567]LogConfig: Setting CVar [[r.ParticleLightQuality:0]]
[2026.04.04-16.01.04:265][567]LogConfig: Setting CVar [[r.SkyAtmosphere.AerialPerspectiveLUT.FastApplyOnOpaque:1 ; Always have FastSkyLUT 1 in this case to avoid wrong sky]]
[2026.04.04-16.01.04:265][567]LogConfig: Setting CVar [[r.SkyAtmosphere.AerialPerspectiveLUT.SampleCountMaxPerSlice:1]]
[2026.04.04-16.01.04:265][567]LogConfig: Setting CVar [[r.SkyAtmosphere.AerialPerspectiveLUT.DepthResolution:16.0]]
[2026.04.04-16.01.04:265][567]LogConfig: Setting CVar [[r.SkyAtmosphere.FastSkyLUT:1]]
[2026.04.04-16.01.04:265][567]LogConfig: Setting CVar [[r.SkyAtmosphere.FastSkyLUT.SampleCountMin:4.0]]
[2026.04.04-16.01.04:265][567]LogConfig: Setting CVar [[r.SkyAtmosphere.FastSkyLUT.SampleCountMax:32.0]]
[2026.04.04-16.01.04:265][567]LogConfig: Setting CVar [[r.SkyAtmosphere.SampleCountMin:4.0]]
[2026.04.04-16.01.04:265][567]LogConfig: Setting CVar [[r.SkyAtmosphere.SampleCountMax:32.0]]
[2026.04.04-16.01.04:265][567]LogConfig: Setting CVar [[r.SkyAtmosphere.TransmittanceLUT.UseSmallFormat:0]]
[2026.04.04-16.01.04:265][567]LogConfig: Setting CVar [[r.SkyAtmosphere.TransmittanceLUT.SampleCount:10.0]]
[2026.04.04-16.01.04:265][567]LogConfig: Setting CVar [[r.SkyAtmosphere.MultiScatteringLUT.SampleCount:15.0]]
[2026.04.04-16.01.04:265][567]LogConfig: Setting CVar [[r.SkyLight.RealTimeReflectionCapture:0]]
[2026.04.04-16.01.04:265][567]LogConfig: Setting CVar [[fx.Niagara.QualityLevel:1]]
[2026.04.04-16.01.04:266][567]LogConfig: Applying CVar settings from Section [FoliageQuality@1] File [C:/Users/User/Documents/Unreal Projects/Playtime_Multiplayer/Saved/Config/Windows/Scalability.ini]
[2026.04.04-16.01.04:266][567]LogConfig: Setting CVar [[foliage.DensityScale:0.4]]
[2026.04.04-16.01.04:266][567]LogConfig: Setting CVar [[grass.DensityScale:0.4]]
[2026.04.04-16.01.04:266][567]LogConfig: Applying CVar settings from Section [ShadingQuality@1] File [C:/Users/User/Documents/Unreal Projects/Playtime_Multiplayer/Saved/Config/Windows/Scalability.ini]
[2026.04.04-16.01.04:266][567]LogConfig: Setting CVar [[r.HairStrands.SkyLighting.IntegrationType:2]]
[2026.04.04-16.01.04:266][567]LogConfig: Setting CVar [[r.HairStrands.SkyAO.SampleCount:4]]
[2026.04.04-16.01.04:266][567]LogConfig: Setting CVar [[r.HairStrands.Visibility.MSAA.SamplePerPixel:1]]
[2026.04.04-16.01.04:296][569]LogRenderer: Reallocating scene render targets to support 688x460 Format 9 NumSamples 1 (Frame:2681).
[2026.04.04-16.01.04:342][570]LogContentStreaming: Texture pool size now 600 MB
[2026.04.04-16.01.07:056][771]LogTemp: Repeating last play command: Simulate
[2026.04.04-16.01.07:068][771]LogPlayLevel: PlayLevel: No blueprints needed recompiling
[2026.04.04-16.01.07:070][771]PIE: New page: SIE session: Main_Menu (4 апр. 2026 г., 22:01:07)
[2026.04.04-16.01.07:072][771]LogModuleManager: Warning: ModuleManager: Unable to load module 'OnlineSubsystemSteam'  - 0 instances of that module name found.
[2026.04.04-16.01.07:073][771]LogOnline: Warning: OSS: TryLoadSubsystemAndSetDefault: LoadSubsystemModule([Steam]) failed
[2026.04.04-16.01.07:073][771]LogOnline: OSS: Creating online subsystem instance for: NULL
[2026.04.04-16.01.07:075][771]LogOnline: OSS: TryLoadSubsystemAndSetDefault: Loaded subsystem for module [NULL]
[2026.04.04-16.01.07:076][771]LogPlayLevel: Creating play world package: /Game/MAPS/UEDPIE_0_Main_Menu
[2026.04.04-16.01.07:088][771]LogPlayLevel: PIE: StaticDuplicateObject took: (0.012405s)
[2026.04.04-16.01.07:090][771]LogAIModule: Creating AISystem for world Main_Menu
[2026.04.04-16.01.07:093][771]LogPlayLevel: PIE: World Init took: (0.004616s)
[2026.04.04-16.01.07:095][771]LogPlayLevel: PIE: Created PIE world by copying editor world from /Game/MAPS/Main_Menu.Main_Menu to /Game/MAPS/UEDPIE_0_Main_Menu.Main_Menu (0.019140s)
[2026.04.04-16.01.07:101][771]LogUObjectHash: Compacting FUObjectHashTables data took   0.77ms
[2026.04.04-16.01.07:104][771]LogAudio: Display: Creating Audio Device:                 Id: 2, Scope: Unique, Realtime: True
[2026.04.04-16.01.07:105][771]LogAudioMixer: Display: Audio Mixer Platform Settings:
[2026.04.04-16.01.07:105][771]LogAudioMixer: Display: 	Sample Rate:						  48000
[2026.04.04-16.01.07:105][771]LogAudioMixer: Display: 	Callback Buffer Frame Size Requested: 1024
[2026.04.04-16.01.07:105][771]LogAudioMixer: Display: 	Callback Buffer Frame Size To Use:	  1024
[2026.04.04-16.01.07:105][771]LogAudioMixer: Display: 	Number of buffers to queue:			  2
[2026.04.04-16.01.07:105][771]LogAudioMixer: Display: 	Max Channels (voices):				  32
[2026.04.04-16.01.07:105][771]LogAudioMixer: Display: 	Number of Async Source Workers:		  0
[2026.04.04-16.01.07:105][771]LogAudio: Display: AudioDevice MaxSources: 32
[2026.04.04-16.01.07:105][771]LogAudio: Display: Audio Spatialization Plugin: None (built-in).
[2026.04.04-16.01.07:105][771]LogAudio: Display: Audio Reverb Plugin: None (built-in).
[2026.04.04-16.01.07:105][771]LogAudio: Display: Audio Occlusion Plugin: None (built-in).
[2026.04.04-16.01.07:105][771]LogAudioMixer: Display: Initializing audio mixer.
[2026.04.04-16.01.07:110][771]LogAudioMixer: Display: 0: FrontLeft
[2026.04.04-16.01.07:110][771]LogAudioMixer: Display: 1: FrontRight
[2026.04.04-16.01.07:137][771]LogAudioMixer: Display: Using Audio Device Headphones (Realtek(R) Audio)
[2026.04.04-16.01.07:137][771]LogAudioMixer: Display: Initializing Sound Submixes...
[2026.04.04-16.01.07:137][771]LogAudioMixer: Display: Creating Master Submix 'MasterSubmixDefault'
[2026.04.04-16.01.07:137][771]LogAudioMixer: Display: Creating Master Submix 'MasterReverbSubmixDefault'
[2026.04.04-16.01.07:138][771]LogAudioMixer: Display: Creating Master Submix 'MasterEQSubmixDefault'
[2026.04.04-16.01.07:138][771]LogAudioMixer: FMixerPlatformXAudio2::StartAudioStream() called
[2026.04.04-16.01.07:138][771]LogAudioMixer: Display: Output buffers initialized: Frames=1024, Channels=2, Samples=2048
[2026.04.04-16.01.07:140][771]LogAudioMixer: Display: Starting AudioMixerPlatformInterface::RunInternal()
[2026.04.04-16.01.07:140][771]LogAudioMixer: Display: FMixerPlatformXAudio2::SubmitBuffer() called for the first time
[2026.04.04-16.01.07:140][771]LogInit: FAudioDevice initialized.
[2026.04.04-16.01.07:140][771]LogAudio: Display: Audio Device (ID: 2) registered with world 'Main_Menu'.
[2026.04.04-16.01.07:149][771]LogLoad: Game class is 'FirstPersonGameMode_C'
[2026.04.04-16.01.07:152][771]LogWorld: Bringing World /Game/MAPS/UEDPIE_0_Main_Menu.Main_Menu up for play (max tick rate 0) at 2026.04.04-19.01.07
[2026.04.04-16.01.07:156][771]LogWorld: Bringing up level for play took: 0.004945
[2026.04.04-16.01.07:157][771]LogOnline: OSS: Creating online subsystem instance for: :Context_4
[2026.04.04-16.01.07:161][771]LogGameMode: FindPlayerStart: PATHS NOT DEFINED or NO PLAYERSTART with positive rating
[2026.04.04-16.01.07:171][771]LogNativeClassHierarchy: Verbose: Native class hierarchy updated for 'MovieSceneCapture' in 0.0004 seconds. Added 20 classes and 0 folders.
[2026.04.04-16.01.07:184][771]PIE: Server logged in
[2026.04.04-16.01.07:185][771]PIE: Play in editor total start time 0,122 seconds.
[2026.04.04-16.01.23:513][517]LogSlate: Updating window title bar state: overlay mode, drag disabled, window buttons hidden, title bar hidden
[2026.04.04-16.01.23:513][517]LogWorld: BeginTearingDown for /Game/MAPS/UEDPIE_0_Main_Menu
[2026.04.04-16.01.23:513][517]LogWorld: UWorld::CleanupWorld for Main_Menu, bSessionEnded=true, bCleanupResources=true
[2026.04.04-16.01.23:513][517]LogSlate: InvalidateAllWidgets triggered.  All widgets were invalidated
[2026.04.04-16.01.23:526][517]LogPlayLevel: Display: Shutting down PIE online subsystems
[2026.04.04-16.01.23:547][517]LogSlate: InvalidateAllWidgets triggered.  All widgets were invalidated
[2026.04.04-16.01.23:553][517]LogAudio: Display: Audio Device unregistered from world 'None'.
[2026.04.04-16.01.23:554][517]LogAudioMixer: FMixerPlatformXAudio2::StopAudioStream() called
[2026.04.04-16.01.23:555][517]LogAudioMixer: FMixerPlatformXAudio2::StopAudioStream() called
[2026.04.04-16.01.23:558][517]LogSlate: Updating window title bar state: overlay mode, drag disabled, window buttons hidden, title bar hidden
[2026.04.04-16.01.23:560][517]LogUObjectHash: Compacting FUObjectHashTables data took   0.82ms
[2026.04.04-16.01.23:611][518]LogPlayLevel: Display: Destroying online subsystem :Context_4
[2026.04.04-16.01.26:332][687]LogUObjectHash: Compacting FUObjectHashTables data took   0.80ms
[2026.04.04-16.01.27:318][687]LogSlate: Window 'Save Content' being destroyed
[2026.04.04-16.01.27:361][687]LogUObjectHash: Compacting FUObjectHashTables data took   0.31ms
[2026.04.04-16.01.27:393][687]LogSavePackage: Moving '../../../../../../Users/User/Documents/Unreal Projects/Playtime_Multiplayer/Saved/Main_MenuAD9629254DF77BA159314881904F19AF.tmp' to '../../../../../../Users/User/Documents/Unreal Projects/Playtime_Multiplayer/Content/MAPS/Main_Menu.umap'
[2026.04.04-16.01.27:401][687]LogFileHelpers: Saving map 'Main_Menu' took 0.048
[2026.04.04-16.01.27:441][687]LogSlate: Window 'Playtime_Multiplayer - Unreal Editor' being destroyed
[2026.04.04-16.01.27:551][687]AssetCheck: New page: Asset Save: Main_Menu
[2026.04.04-16.01.27:551][687]LogContentValidation: Display: Validating World /Game/MAPS/Main_Menu.Main_Menu
[2026.04.04-16.01.27:551][688]Cmd: QUIT_EDITOR
[2026.04.04-16.01.27:551][688]LogCore: Engine exit requested (reason: UUnrealEdEngine::CloseEditor())
[2026.04.04-16.01.27:554][688]LogCore: Engine exit requested (reason: EngineExit() was called; note: exit was already requested)
[2026.04.04-16.01.28:246][688]LogAudio: Display: Beginning Audio Device Manager Shutdown (Module: AudioMixerXAudio2)...
[2026.04.04-16.01.28:246][688]LogAudio: Display: Destroying 1 Remaining Audio Device(s)...
[2026.04.04-16.01.28:246][688]LogAudio: Display: Audio Device unregistered from world 'Main_Menu'.
[2026.04.04-16.01.28:247][688]LogAudioMixer: FMixerPlatformXAudio2::StopAudioStream() called
[2026.04.04-16.01.28:248][688]LogAudioMixer: FMixerPlatformXAudio2::StopAudioStream() called
[2026.04.04-16.01.28:250][688]LogAudio: Display: Audio Device Manager Shutdown
[2026.04.04-16.01.28:251][688]LogWindowsTextInputMethodSystem: Display: IME system deactivated.
[2026.04.04-16.01.28:256][688]LogExit: Preparing to exit.
[2026.04.04-16.01.28:870][688]LogUObjectHash: Compacting FUObjectHashTables data took   0.91ms
[2026.04.04-16.01.28:980][688]LogWorld: UWorld::CleanupWorld for World_1, bSessionEnded=true, bCleanupResources=true
[2026.04.04-16.01.28:980][688]LogWorld: UWorld::CleanupWorld for World_0, bSessionEnded=true, bCleanupResources=true
[2026.04.04-16.01.28:980][688]LogWorld: UWorld::CleanupWorld for World_2, bSessionEnded=true, bCleanupResources=true
[2026.04.04-16.01.28:986][688]LogDirectoryWatcher: Display: A directory notification failed, and we were unable to create a new request. GetLastError code [6] Handle [FFFFFFFFFFFFFFFF], Path [C:/Users/User/Documents/Unreal Projects/Playtime_Multiplayer/Content/] 
[2026.04.04-16.01.28:994][688]LogDemo: Cleaned up 0 splitscreen connections with owner deletion
[2026.04.04-16.01.29:001][688]LogWorld: UWorld::CleanupWorld for None, bSessionEnded=true, bCleanupResources=true
[2026.04.04-16.01.29:002][688]LogExit: Editor shut down
[2026.04.04-16.01.29:004][688]LogExit: Transaction tracking system shut down
[2026.04.04-16.01.29:137][688]LogExit: Object subsystem successfully closed.
[2026.04.04-16.01.29:166][688]LogShaderCompilers: Display: === FShaderJobCache stats ===
[2026.04.04-16.01.29:166][688]LogShaderCompilers: Display: Total job queries 0, among them cache hits 0 (0.00%)
[2026.04.04-16.01.29:166][688]LogShaderCompilers: Display: Tracking 0 distinct input hashes that result in 0 distinct outputs (0.00%)
[2026.04.04-16.01.29:166][688]LogShaderCompilers: Display: RAM used: 0.00 MB (0.00 GB) of 409.60 MB (0.40 GB) budget. Usage: 0.00%
[2026.04.04-16.01.29:166][688]LogShaderCompilers: Display: ================================================
[2026.04.04-16.01.29:177][688]LogShaderCompilers: Display: Shaders left to compile 0
[2026.04.04-16.01.29:194][688]LogModuleManager: Shutting down and abandoning module MovieSceneCapture (883)
[2026.04.04-16.01.29:194][688]LogModuleManager: Shutting down and abandoning module Voice (881)
[2026.04.04-16.01.29:194][688]LogModuleManager: Shutting down and abandoning module UATHelper (879)
[2026.04.04-16.01.29:194][688]LogModuleManager: Shutting down and abandoning module LauncherServices (877)
[2026.04.04-16.01.29:195][688]LogModuleManager: Shutting down and abandoning module StatsViewer (875)
[2026.04.04-16.01.29:195][688]LogModuleManager: Shutting down and abandoning module HierarchicalLODOutliner (873)
[2026.04.04-16.01.29:195][688]LogModuleManager: Shutting down and abandoning module SceneOutliner (871)
[2026.04.04-16.01.29:195][688]LogModuleManager: Shutting down and abandoning module AddContentDialog (869)
[2026.04.04-16.01.29:196][688]LogModuleManager: Shutting down and abandoning module WidgetCarousel (868)
[2026.04.04-16.01.29:196][688]LogModuleManager: Shutting down and abandoning module EditorWidgets (865)
[2026.04.04-16.01.29:196][688]LogModuleManager: Shutting down and abandoning module PIEPreviewDeviceProfileSelector (863)
[2026.04.04-16.01.29:196][688]LogModuleManager: Shutting down and abandoning module SequenceRecorderSections (861)
[2026.04.04-16.01.29:196][688]LogModuleManager: Shutting down and abandoning module AutomationWorker (859)
[2026.04.04-16.01.29:196][688]LogModuleManager: Shutting down and abandoning module SteamVREditor (857)
[2026.04.04-16.01.29:196][688]LogModuleManager: Shutting down and abandoning module OculusMR (855)
[2026.04.04-16.01.29:196][688]LogModuleManager: Shutting down and abandoning module OpenXRInput (853)
[2026.04.04-16.01.29:196][688]LogModuleManager: Shutting down and abandoning module TakeRecorderSources (851)
[2026.04.04-16.01.29:196][688]LogModuleManager: Shutting down and abandoning module TakeRecorder (850)
[2026.04.04-16.01.29:196][688]LogModuleManager: Shutting down and abandoning module TakeTrackRecorders (847)
[2026.04.04-16.01.29:196][688]LogModuleManager: Shutting down and abandoning module TakesCore (845)
[2026.04.04-16.01.29:196][688]LogModuleManager: Shutting down and abandoning module GooglePADEditor (843)
[2026.04.04-16.01.29:196][688]LogModuleManager: Shutting down and abandoning module AudioCaptureEditor (841)
[2026.04.04-16.01.29:196][688]LogModuleManager: Shutting down and abandoning module WmfMediaFactory (839)
[2026.04.04-16.01.29:196][688]LogModuleManager: Shutting down and abandoning module WmfMediaEditor (837)
[2026.04.04-16.01.29:196][688]LogModuleManager: Shutting down and abandoning module WebMMediaFactory (835)
[2026.04.04-16.01.29:196][688]LogModuleManager: Shutting down and abandoning module WebMMediaEditor (833)
[2026.04.04-16.01.29:196][688]LogModuleManager: Shutting down and abandoning module WebMMedia (831)
[2026.04.04-16.01.29:196][688]LogModuleManager: Shutting down and abandoning module MediaPlayerEditor (829)
[2026.04.04-16.01.29:196][688]LogModuleManager: Shutting down and abandoning module OpenExrWrapper (827)
[2026.04.04-16.01.29:196][688]LogModuleManager: Shutting down and abandoning module ImgMediaFactory (825)
[2026.04.04-16.01.29:196][688]LogModuleManager: Shutting down and abandoning module ImgMediaEditor (823)
[2026.04.04-16.01.29:196][688]LogModuleManager: Shutting down and abandoning module MediaCompositingEditor (821)
[2026.04.04-16.01.29:196][688]LogModuleManager: Shutting down and abandoning module SequenceRecorder (820)
[2026.04.04-16.01.29:196][688]LogModuleManager: Shutting down and abandoning module AndroidMediaFactory (817)
[2026.04.04-16.01.29:196][688]LogModuleManager: Shutting down and abandoning module AndroidMediaEditor (815)
[2026.04.04-16.01.29:196][688]LogModuleManager: Shutting down and abandoning module AvfMediaFactory (813)
[2026.04.04-16.01.29:196][688]LogModuleManager: Shutting down and abandoning module AvfMediaEditor (811)
[2026.04.04-16.01.29:196][688]LogModuleManager: Shutting down and abandoning module TemplateSequenceEditor (809)
[2026.04.04-16.01.29:196][688]LogModuleManager: Shutting down and abandoning module MatineeToLevelSequence (807)
[2026.04.04-16.01.29:196][688]LogModuleManager: Shutting down and abandoning module LevelSequenceEditor (805)
[2026.04.04-16.01.29:196][688]LogModuleManager: Shutting down and abandoning module ActorSequenceEditor (803)
[2026.04.04-16.01.29:196][688]LogModuleManager: Shutting down and abandoning module MagicLeapMediaCodecFactory (801)
[2026.04.04-16.01.29:196][688]LogModuleManager: Shutting down and abandoning module MagicLeapMediaFactory (799)
[2026.04.04-16.01.29:196][688]LogModuleManager: Shutting down and abandoning module MagicLeapMediaEditor (797)
[2026.04.04-16.01.29:196][688]LogModuleManager: Shutting down and abandoning module PlanarCut (795)
[2026.04.04-16.01.29:196][688]LogModuleManager: Shutting down and abandoning module CharacterAI (793)
[2026.04.04-16.01.29:196][688]LogModuleManager: Shutting down and abandoning module TextureAlignMode (791)
[2026.04.04-16.01.29:196][688]LogModuleManager: Shutting down and abandoning module BspMode (789)
[2026.04.04-16.01.29:196][688]LogModuleManager: Shutting down and abandoning module GeometryMode (787)
[2026.04.04-16.01.29:196][688]LogModuleManager: Shutting down and abandoning module CameraShakePreviewer (785)
[2026.04.04-16.01.29:198][688]LogModuleManager: Shutting down and abandoning module SmartSnapping (783)
[2026.04.04-16.01.29:198][688]LogModuleManager: Shutting down and abandoning module SessionServices (781)
[2026.04.04-16.01.29:198][688]LogModuleManager: Shutting down and abandoning module MeshPaint (779)
[2026.04.04-16.01.29:198][688]LogModuleManager: Shutting down and abandoning module VirtualTexturingEditor (777)
[2026.04.04-16.01.29:198][688]LogModuleManager: Shutting down and abandoning module FoliageEdit (775)
[2026.04.04-16.01.29:198][688]LogModuleManager: Shutting down and abandoning module LandscapeEditor (773)
[2026.04.04-16.01.29:198][688]LogModuleManager: Shutting down and abandoning module MeshPaintMode (771)
[2026.04.04-16.01.29:198][688]LogModuleManager: Shutting down and abandoning module SceneDepthPickerMode (769)
[2026.04.04-16.01.29:198][688]LogModuleManager: Shutting down and abandoning module ActorPickerMode (767)
[2026.04.04-16.01.29:198][688]LogModuleManager: Shutting down and abandoning module PlacementMode (765)
[2026.04.04-16.01.29:198][688]LogModuleManager: Shutting down and abandoning module ViewportSnapping (763)
[2026.04.04-16.01.29:198][688]LogModuleManager: Shutting down and abandoning module ViewportInteraction (761)
[2026.04.04-16.01.29:198][688]LogModuleManager: Shutting down and abandoning module ClothPainter (759)
[2026.04.04-16.01.29:198][688]LogModuleManager: Shutting down and abandoning module SkeletalMeshEditor (758)
[2026.04.04-16.01.29:198][688]LogModuleManager: Shutting down and abandoning module LogVisualizer (755)
[2026.04.04-16.01.29:198][688]LogModuleManager: Shutting down and abandoning module IntroTutorials (753)
[2026.04.04-16.01.29:198][688]LogModuleManager: Shutting down and abandoning module GameProjectGeneration (752)
[2026.04.04-16.01.29:198][688]LogModuleManager: Shutting down and abandoning module LuminPlatformEditor (749)
[2026.04.04-16.01.29:198][688]LogModuleManager: Shutting down and abandoning module IOSPlatformEditor (747)
[2026.04.04-16.01.29:198][688]LogModuleManager: Shutting down and abandoning module AndroidPlatformEditor (745)
[2026.04.04-16.01.29:198][688]LogModuleManager: Shutting down and abandoning module AndroidDeviceDetection (744)
[2026.04.04-16.01.29:782][688]LogModuleManager: Shutting down and abandoning module WindowsPlatformEditor (741)
[2026.04.04-16.01.29:782][688]LogModuleManager: Shutting down and abandoning module LuminRuntimeSettings (739)
[2026.04.04-16.01.29:782][688]LogModuleManager: Shutting down and abandoning module IOSRuntimeSettings (737)
[2026.04.04-16.01.29:782][688]LogModuleManager: Shutting down and abandoning module AndroidRuntimeSettings (735)
[2026.04.04-16.01.29:782][688]LogModuleManager: Shutting down and abandoning module TraceInsights (733)
[2026.04.04-16.01.29:782][688]MemoryProfiler: Shutdown
[2026.04.04-16.01.29:782][688]NetworkingProfiler: Shutdown
[2026.04.04-16.01.29:782][688]LoadingProfiler: Shutdown
[2026.04.04-16.01.29:782][688]TimingProfiler: Shutdown
[2026.04.04-16.01.29:782][688]LogModuleManager: Shutting down and abandoning module TraceServices (732)
[2026.04.04-16.01.29:782][688]LogModuleManager: Shutting down and abandoning module EditorInteractiveToolsFramework (729)
[2026.04.04-16.01.29:782][688]LogModuleManager: Shutting down and abandoning module TimeManagementEditor (727)
[2026.04.04-16.01.29:782][688]LogModuleManager: Shutting down and abandoning module InputBindingEditor (725)
[2026.04.04-16.01.29:782][688]LogModuleManager: Shutting down and abandoning module MergeActors (723)
[2026.04.04-16.01.29:782][688]LogModuleManager: Shutting down and abandoning module LocalizationDashboard (721)
[2026.04.04-16.01.29:782][688]LogModuleManager: Shutting down and abandoning module LocalizationService (720)
[2026.04.04-16.01.29:782][688]LogModuleManager: Shutting down and abandoning module HardwareTargeting (717)
[2026.04.04-16.01.29:782][688]LogModuleManager: Shutting down and abandoning module DeviceProfileEditor (715)
[2026.04.04-16.01.29:782][688]LogModuleManager: Shutting down and abandoning module UndoHistory (713)
[2026.04.04-16.01.29:782][688]LogModuleManager: Shutting down and abandoning module XmlParser (711)
[2026.04.04-16.01.29:782][688]LogModuleManager: Shutting down and abandoning module Blutility (709)
[2026.04.04-16.01.29:782][688]LogModuleManager: Shutting down and abandoning module ProjectSettingsViewer (707)
[2026.04.04-16.01.29:782][688]LogModuleManager: Shutting down and abandoning module ProjectTargetPlatformEditor (706)
[2026.04.04-16.01.29:782][688]LogModuleManager: Shutting down and abandoning module EditorSettingsViewer (703)
[2026.04.04-16.01.29:783][688]LogModuleManager: Shutting down and abandoning module InternationalizationSettings (702)
[2026.04.04-16.01.29:783][688]LogModuleManager: Shutting down and abandoning module SettingsEditor (699)
[2026.04.04-16.01.29:783][688]LogModuleManager: Shutting down and abandoning module ProjectLauncher (697)
[2026.04.04-16.01.29:783][688]LogModuleManager: Shutting down and abandoning module SessionFrontend (695)
[2026.04.04-16.01.29:783][688]LogModuleManager: Shutting down and abandoning module ProfilerClient (693)
[2026.04.04-16.01.29:783][688]LogModuleManager: Shutting down and abandoning module DeviceManager (691)
[2026.04.04-16.01.29:783][688]LogModuleManager: Shutting down and abandoning module TargetDeviceServices (690)
[2026.04.04-16.01.29:815][688]LogModuleManager: Shutting down and abandoning module AutomationController (687)
[2026.04.04-16.01.29:815][688]LogModuleManager: Shutting down and abandoning module AutomationWindow (685)
[2026.04.04-16.01.29:815][688]LogModuleManager: Shutting down and abandoning module Layers (683)
[2026.04.04-16.01.29:815][688]LogModuleManager: Shutting down and abandoning module ComponentVisualizers (681)
[2026.04.04-16.01.29:815][688]LogModuleManager: Shutting down and abandoning module DetailCustomizations (679)
[2026.04.04-16.01.29:815][688]LogModuleManager: Shutting down and abandoning module PackagesDialog (677)
[2026.04.04-16.01.29:815][688]LogModuleManager: Shutting down and abandoning module AnimationBlueprintEditor (675)
[2026.04.04-16.01.29:815][688]LogModuleManager: Shutting down and abandoning module Persona (673)
[2026.04.04-16.01.29:815][688]LogModuleManager: Shutting down and abandoning module AdvancedPreviewScene (672)
[2026.04.04-16.01.29:815][688]LogModuleManager: Shutting down and abandoning module AnimGraph (670)
[2026.04.04-16.01.29:815][688]LogModuleManager: Shutting down and abandoning module Kismet (667)
[2026.04.04-16.01.29:815][688]LogModuleManager: Shutting down and abandoning module KismetWidgets (666)
[2026.04.04-16.01.29:815][688]LogModuleManager: Shutting down and abandoning module GraphEditor (663)
[2026.04.04-16.01.29:815][688]LogModuleManager: Shutting down and abandoning module StructViewer (661)
[2026.04.04-16.01.29:816][688]LogModuleManager: Shutting down and abandoning module ClassViewer (659)
[2026.04.04-16.01.29:816][688]LogModuleManager: Shutting down and abandoning module Toolbox (657)
[2026.04.04-16.01.29:816][688]LogModuleManager: Shutting down and abandoning module ModuleUI (655)
[2026.04.04-16.01.29:816][688]LogModuleManager: Shutting down and abandoning module OutputLog (653)
[2026.04.04-16.01.29:816][688]LogModuleManager: Shutting down and abandoning module GammaUI (651)
[2026.04.04-16.01.29:816][688]LogModuleManager: Shutting down and abandoning module Documentation (649)
[2026.04.04-16.01.29:816][688]LogModuleManager: Shutting down and abandoning module LiveCoding (647)
[2026.04.04-16.01.29:816][688]LogModuleManager: Shutting down and abandoning module LevelSequence (645)
[2026.04.04-16.01.29:816][688]LogModuleManager: Shutting down and abandoning module MovieSceneTracks (643)
[2026.04.04-16.01.29:816][688]LogModuleManager: Shutting down and abandoning module MovieScene (641)
[2026.04.04-16.01.29:816][688]LogModuleManager: Shutting down and abandoning module StreamingPauseRendering (639)
[2026.04.04-16.01.29:816][688]LogModuleManager: Shutting down and abandoning module LauncherPlatform (637)
[2026.04.04-16.01.29:816][688]LogModuleManager: Shutting down and abandoning module AnalyticsET (635)
[2026.04.04-16.01.29:816][688]LogModuleManager: Shutting down and abandoning module PortalServices (633)
[2026.04.04-16.01.29:816][688]LogModuleManager: Shutting down and abandoning module PortalRpc (631)
[2026.04.04-16.01.29:816][688]LogModuleManager: Shutting down and abandoning module MessagingRpc (629)
[2026.04.04-16.01.29:816][688]LogModuleManager: Shutting down and abandoning module AudioMixerXAudio2 (627)
[2026.04.04-16.01.29:816][688]LogModuleManager: Shutting down and abandoning module AudioMixerCore (626)
[2026.04.04-16.01.29:816][688]LogModuleManager: Shutting down and abandoning module AIModule (623)
[2026.04.04-16.01.29:816][688]LogModuleManager: Shutting down and abandoning module GameplayDebugger (622)
[2026.04.04-16.01.29:816][688]LogModuleManager: Shutting down and abandoning module AITestSuite (620)
[2026.04.04-16.01.29:816][688]LogModuleManager: Shutting down and abandoning module NavigationSystem (618)
[2026.04.04-16.01.29:816][688]LogModuleManager: Shutting down and abandoning module ImageWriteQueue (615)
[2026.04.04-16.01.29:822][688]LogModuleManager: Shutting down and abandoning module ProfilerService (613)
[2026.04.04-16.01.29:837][688]LogModuleManager: Shutting down and abandoning module TaskGraph (611)
[2026.04.04-16.01.29:837][688]LogModuleManager: Shutting down and abandoning module AudioSynesthesiaEditor (609)
[2026.04.04-16.01.29:837][688]LogModuleManager: Shutting down and abandoning module OculusEditor (607)
[2026.04.04-16.01.29:837][688]LogModuleManager: Shutting down and abandoning module OculusInput (605)
[2026.04.04-16.01.29:837][688]LogModuleManager: Shutting down and abandoning module ContentBrowserFileDataSource (603)
[2026.04.04-16.01.29:837][688]LogModuleManager: Shutting down and abandoning module ContentBrowserClassDataSource (601)
[2026.04.04-16.01.29:837][688]LogModuleManager: Shutting down and abandoning module ContentBrowserAssetDataSource (599)
[2026.04.04-16.01.29:837][688]LogModuleManager: Shutting down and abandoning module CollectionManager (598)
[2026.04.04-16.01.29:837][688]LogModuleManager: Shutting down and abandoning module SynthesisEditor (595)
[2026.04.04-16.01.29:837][688]LogModuleManager: Shutting down and abandoning module Synthesis (593)
[2026.04.04-16.01.29:837][688]LogModuleManager: Shutting down and abandoning module ProceduralMeshComponentEditor (591)
[2026.04.04-16.01.29:837][688]LogModuleManager: Shutting down and abandoning module ProceduralMeshComponent (589)
[2026.04.04-16.01.29:837][688]LogModuleManager: Shutting down and abandoning module OpenXREditor (587)
[2026.04.04-16.01.29:838][688]LogModuleManager: Shutting down and abandoning module MobilePatchingUtils (585)
[2026.04.04-16.01.29:838][688]LogModuleManager: Shutting down and abandoning module TakeSequencer (583)
[2026.04.04-16.01.29:838][688]LogModuleManager: Shutting down and abandoning module TakeMovieScene (581)
[2026.04.04-16.01.29:838][688]LogModuleManager: Shutting down and abandoning module GooglePAD (579)
[2026.04.04-16.01.29:838][688]LogModuleManager: Shutting down and abandoning module EditableMesh (577)
[2026.04.04-16.01.29:838][688]LogModuleManager: Shutting down and abandoning module CustomMeshComponent (575)
[2026.04.04-16.01.29:838][688]LogModuleManager: Shutting down and abandoning module CableComponent (573)
[2026.04.04-16.01.29:838][688]LogModuleManager: Shutting down and abandoning module AssetTags (571)
[2026.04.04-16.01.29:838][688]LogModuleManager: Shutting down and abandoning module AudioCapture (569)
[2026.04.04-16.01.29:838][688]LogModuleManager: Shutting down and abandoning module AudioCaptureRtAudio (568)
[2026.04.04-16.01.29:838][688]LogModuleManager: Shutting down and abandoning module ArchVisCharacter (565)
[2026.04.04-16.01.29:838][688]LogModuleManager: Shutting down and abandoning module AppleImageUtilsBlueprintSupport (563)
[2026.04.04-16.01.29:838][688]LogModuleManager: Shutting down and abandoning module AppleImageUtils (561)
[2026.04.04-16.01.29:838][688]LogModuleManager: Shutting down and abandoning module AndroidPermission (559)
[2026.04.04-16.01.29:838][688]LogModuleManager: Shutting down and abandoning module ActorLayerUtilitiesEditor (557)
[2026.04.04-16.01.29:838][688]LogModuleManager: Shutting down and abandoning module ActorLayerUtilities (555)
[2026.04.04-16.01.29:838][688]LogModuleManager: Shutting down and abandoning module ScreenshotTools (553)
[2026.04.04-16.01.29:838][688]LogModuleManager: Shutting down and abandoning module ImgMedia (551)
[2026.04.04-16.01.29:838][688]LogModuleManager: Shutting down and abandoning module MediaCompositing (549)
[2026.04.04-16.01.29:838][688]LogModuleManager: Shutting down and abandoning module TemplateSequence (547)
[2026.04.04-16.01.29:838][688]LogModuleManager: Shutting down and abandoning module MagicLeapSharedWorld (545)
[2026.04.04-16.01.29:838][688]LogModuleManager: Shutting down and abandoning module MagicLeapLightEstimation (543)
[2026.04.04-16.01.29:838][688]LogModuleManager: Shutting down and abandoning module MagicLeapHelperVulkan (541)
[2026.04.04-16.01.29:838][688]LogModuleManager: Shutting down and abandoning module MagicLeapHelperOpenGL (539)
[2026.04.04-16.01.29:838][688]LogModuleManager: Shutting down and abandoning module MagicLeapAudio (537)
[2026.04.04-16.01.29:838][688]LogModuleManager: Shutting down and abandoning module NiagaraEditorWidgets (535)
[2026.04.04-16.01.29:838][688]LogModuleManager: Shutting down and abandoning module MultiplayerShooterPlugin (533)
[2026.04.04-16.01.29:838][688]LogModuleManager: Shutting down and abandoning module OpenImageDenoise (531)
[2026.04.04-16.01.29:838][688]LogOpenImageDenoise: OIDN shutting down
[2026.04.04-16.01.29:838][688]LogModuleManager: Shutting down and abandoning module MotoSynthEditor (529)
[2026.04.04-16.01.29:838][688]LogModuleManager: Shutting down and abandoning module MotoSynth (527)
[2026.04.04-16.01.29:838][688]LogModuleManager: Shutting down and abandoning module MeshConversion (525)
[2026.04.04-16.01.29:838][688]LogModuleManager: Shutting down and abandoning module DynamicMesh (523)
[2026.04.04-16.01.29:838][688]LogModuleManager: Shutting down and abandoning module GeometryAlgorithms (521)
[2026.04.04-16.01.29:838][688]LogModuleManager: Shutting down and abandoning module GeometricObjects (519)
[2026.04.04-16.01.29:838][688]LogModuleManager: Shutting down and abandoning module VisualStudioSourceCodeAccess (517)
[2026.04.04-16.01.29:838][688]LogModuleManager: Shutting down and abandoning module VisualStudioCodeSourceCodeAccess (515)
[2026.04.04-16.01.29:838][688]LogModuleManager: Shutting down and abandoning module UObjectPlugin (513)
[2026.04.04-16.01.29:838][688]LogModuleManager: Shutting down and abandoning module SubversionSourceControl (511)
[2026.04.04-16.01.29:838][688]LogModuleManager: Shutting down and abandoning module RiderSourceCodeAccess (509)
[2026.04.04-16.01.29:838][688]LogModuleManager: Shutting down and abandoning module GeometryCacheTracks (507)
[2026.04.04-16.01.29:838][688]LogModuleManager: Shutting down and abandoning module GeometryCacheStreamer (505)
[2026.04.04-16.01.29:838][688]LogModuleManager: Shutting down and abandoning module GeometryCacheSequencer (503)
[2026.04.04-16.01.29:838][688]LogModuleManager: Shutting down and abandoning module PluginUtils (501)
[2026.04.04-16.01.29:838][688]LogModuleManager: Shutting down and abandoning module PlasticSourceControl (499)
[2026.04.04-16.01.29:838][688]LogModuleManager: Shutting down and abandoning module PerforceSourceControl (497)
[2026.04.04-16.01.29:838][688]LogModuleManager: Shutting down and abandoning module GeometryCollectionTracks (495)
[2026.04.04-16.01.29:838][688]LogModuleManager: Shutting down and abandoning module GeometryCollectionSequencer (494)
[2026.04.04-16.01.29:838][688]LogModuleManager: Shutting down and abandoning module GeometryCollectionEditor (491)
[2026.04.04-16.01.29:838][688]LogModuleManager: Shutting down and abandoning module SpeedTreeImporter (489)
[2026.04.04-16.01.29:838][688]LogModuleManager: Shutting down and abandoning module PluginBrowser (487)
[2026.04.04-16.01.29:838][688]LogModuleManager: Shutting down and abandoning module ChaosNiagara (485)
[2026.04.04-16.01.29:838][688]LogModuleManager: Shutting down and abandoning module MobileLauncherProfileWizard (483)
[2026.04.04-16.01.29:838][688]LogModuleManager: Shutting down and abandoning module MaterialAnalyzer (481)
[2026.04.04-16.01.29:838][688]LogModuleManager: Shutting down and abandoning module ChaosSolverEditor (479)
[2026.04.04-16.01.29:838][688]LogModuleManager: Shutting down and abandoning module FractureEditor (477)
[2026.04.04-16.01.29:838][688]LogModuleManager: Shutting down and abandoning module FieldSystemEngine (476)
[2026.04.04-16.01.29:838][688]LogModuleManager: Shutting down and abandoning module ChaosClothEditor (473)
[2026.04.04-16.01.29:838][688]LogModuleManager: Shutting down and abandoning module VariantManagerContentEditor (471)
[2026.04.04-16.01.29:838][688]LogModuleManager: Shutting down and abandoning module BackChannel (469)
[2026.04.04-16.01.29:838][688]LogModuleManager: Shutting down and abandoning module AutomationUtilsEditor (467)
[2026.04.04-16.01.29:838][688]LogModuleManager: Shutting down and abandoning module AutomationUtils (465)
[2026.04.04-16.01.29:838][688]LogModuleManager: Shutting down and abandoning module AlembicImporter (463)
[2026.04.04-16.01.29:838][688]LogModuleManager: Shutting down and abandoning module AlembicLibrary (462)
[2026.04.04-16.01.29:838][688]LogModuleManager: Shutting down and abandoning module GeometryCache (461)
[2026.04.04-16.01.29:838][688]LogModuleManager: Shutting down and abandoning module GeometryCacheEd (460)
[2026.04.04-16.01.29:838][688]LogModuleManager: Shutting down and abandoning module DatasmithContentEditor (455)
[2026.04.04-16.01.29:838][688]LogModuleManager: Shutting down and abandoning module CurveEditorTools (453)
[2026.04.04-16.01.29:838][688]LogModuleManager: Shutting down and abandoning module GitSourceControl (451)
[2026.04.04-16.01.29:838][688]LogModuleManager: Shutting down and abandoning module SourceControl (450)
[2026.04.04-16.01.29:838][688]LogModuleManager: Shutting down and abandoning module CryptoKeysOpenSSL (447)
[2026.04.04-16.01.29:838][688]LogModuleManager: Shutting down and abandoning module CryptoKeys (445)
[2026.04.04-16.01.29:838][688]LogModuleManager: Shutting down and abandoning module CLionSourceCodeAccess (443)
[2026.04.04-16.01.29:838][688]LogModuleManager: Shutting down and abandoning module AnimationSharingEd (441)
[2026.04.04-16.01.29:838][688]LogModuleManager: Shutting down and abandoning module OodleNetworkHandlerComponent (439)
[2026.04.04-16.01.29:838][688]LogModuleManager: Shutting down and abandoning module LiveLinkSequencer (437)
[2026.04.04-16.01.29:838][688]LogModuleManager: Shutting down and abandoning module LiveLinkMovieScene (435)
[2026.04.04-16.01.29:838][688]LogModuleManager: Shutting down and abandoning module LiveLinkGraphNode (433)
[2026.04.04-16.01.29:838][688]LogModuleManager: Shutting down and abandoning module LiveLinkEditor (431)
[2026.04.04-16.01.29:838][688]LogModuleManager: Shutting down and abandoning module LiveLinkComponents (429)
[2026.04.04-16.01.29:838][688]LogModuleManager: Shutting down and abandoning module LiveLink (427)
[2026.04.04-16.01.29:986][688]LogModuleManager: Shutting down and abandoning module LightPropagationVolumeEditor (425)
[2026.04.04-16.01.29:986][688]LogModuleManager: Shutting down and abandoning module PaperTiledImporter (423)
[2026.04.04-16.01.29:986][688]LogModuleManager: Shutting down and abandoning module PaperSpriteSheetImporter (421)
[2026.04.04-16.01.29:986][688]LogModuleManager: Shutting down and abandoning module Paper2DEditor (419)
[2026.04.04-16.01.29:986][688]LogModuleManager: Shutting down and abandoning module MeshPaintingToolset (417)
[2026.04.04-16.01.29:986][688]LogModuleManager: Shutting down and abandoning module MeshPaintEditorMode (415)
[2026.04.04-16.01.29:986][688]LogModuleManager: Shutting down and abandoning module AdvancedSessions (413)
[2026.04.04-16.01.29:986][688]LogModuleManager: Shutting down and abandoning module SoundFields (411)
[2026.04.04-16.01.29:986][688]LogModuleManager: Shutting down and abandoning module SignificanceManager (409)
[2026.04.04-16.01.29:986][688]LogModuleManager: Shutting down and abandoning module RuntimePhysXCooking (407)
[2026.04.04-16.01.29:986][688]LogModuleManager: Shutting down and abandoning module PropertyAccessEditor (405)
[2026.04.04-16.01.29:986][688]LogModuleManager: Shutting down and abandoning module PhysXVehiclesEditor (403)
[2026.04.04-16.01.29:986][688]LogModuleManager: Shutting down and abandoning module LocationServicesBPLibrary (399)
[2026.04.04-16.01.29:986][688]LogModuleManager: Shutting down and abandoning module AudioSynesthesia (397)
[2026.04.04-16.01.29:986][688]LogModuleManager: Shutting down and abandoning module AudioSynesthesiaCore (395)
[2026.04.04-16.01.29:988][688]LogModuleManager: Shutting down and abandoning module ImgMediaEngine (393)
[2026.04.04-16.01.29:988][688]LogModuleManager: Shutting down and abandoning module UdpMessaging (391)
[2026.04.04-16.01.30:088][688]LogModuleManager: Shutting down and abandoning module ActorSequence (389)
[2026.04.04-16.01.30:088][688]LogModuleManager: Shutting down and abandoning module TcpMessaging (387)
[2026.04.04-16.01.30:188][688]LogModuleManager: Shutting down and abandoning module MagicLeapARPin (385)
[2026.04.04-16.01.30:188][688]LogModuleManager: Shutting down and abandoning module MagicLeapHandMeshing (383)
[2026.04.04-16.01.30:188][688]LogModuleManager: Shutting down and abandoning module MagicLeapSecureStorage (381)
[2026.04.04-16.01.30:188][688]LogModuleManager: Shutting down and abandoning module MagicLeapPrivileges (379)
[2026.04.04-16.01.30:188][688]LogModuleManager: Shutting down and abandoning module MagicLeapPlanes (377)
[2026.04.04-16.01.30:188][688]LogMagicLeapPlanes: Planes tracker already destroyed.
[2026.04.04-16.01.30:188][688]LogModuleManager: Shutting down and abandoning module MagicLeapImageTracker (375)
[2026.04.04-16.01.30:188][688]LogModuleManager: Shutting down and abandoning module MagicLeapIdentity (373)
[2026.04.04-16.01.30:188][688]LogModuleManager: Shutting down and abandoning module MagicLeapHandTracking (371)
[2026.04.04-16.01.30:188][688]LogModuleManager: Shutting down and abandoning module MagicLeapEyeTracker (369)
[2026.04.04-16.01.30:188][688]LogModuleManager: Shutting down and abandoning module MagicLeapController (367)
[2026.04.04-16.01.30:188][688]LogModuleManager: Shutting down and abandoning module MagicLeapARPinImpl (365)
[2026.04.04-16.01.30:188][688]LogModuleManager: Shutting down and abandoning module MagicLeapAR (363)
[2026.04.04-16.01.30:188][688]LogModuleManager: Shutting down and abandoning module NiagaraAnimNotifies (361)
[2026.04.04-16.01.30:188][688]LogModuleManager: Shutting down and abandoning module Niagara (359)
[2026.04.04-16.01.30:188][688]LogModuleManager: Shutting down and abandoning module SignalProcessing (358)
[2026.04.04-16.01.30:188][688]LogModuleManager: Shutting down and abandoning module NiagaraEditor (356)
[2026.04.04-16.01.30:188][688]LogModuleManager: Shutting down and abandoning module NiagaraCore (353)
[2026.04.04-16.01.30:188][688]LogModuleManager: Shutting down and abandoning module PythonScriptPlugin (351)
[2026.04.04-16.01.30:188][688]LogModuleManager: Shutting down and abandoning module PropertyAccessNode (349)
[2026.04.04-16.01.30:188][688]LogModuleManager: Shutting down and abandoning module GameplayTagsEditor (347)
[2026.04.04-16.01.30:188][688]LogModuleManager: Shutting down and abandoning module FacialAnimationEditor (345)
[2026.04.04-16.01.30:188][688]LogModuleManager: Shutting down and abandoning module FacialAnimation (343)
[2026.04.04-16.01.30:188][688]LogModuleManager: Shutting down and abandoning module DataValidation (341)
[2026.04.04-16.01.30:188][688]LogModuleManager: Shutting down and abandoning module AssetManagerEditor (339)
[2026.04.04-16.01.30:188][688]LogModuleManager: Shutting down and abandoning module LevelEditor (338)
[2026.04.04-16.01.30:189][688]LogModuleManager: Shutting down and abandoning module PixelInspectorModule (337)
[2026.04.04-16.01.30:189][688]LogModuleManager: Shutting down and abandoning module CommonMenuExtensions (335)
[2026.04.04-16.01.30:189][688]LogModuleManager: Shutting down and abandoning module MainFrame (333)
[2026.04.04-16.01.30:190][688]LogModuleManager: Shutting down and abandoning module HotReload (332)
[2026.04.04-16.01.30:190][688]LogModuleManager: Shutting down and abandoning module ToolMenus (328)
[2026.04.04-16.01.30:190][688]LogModuleManager: Shutting down and abandoning module ContentBrowser (326)
[2026.04.04-16.01.30:190][688]LogModuleManager: Shutting down and abandoning module ContentBrowserData (325)
[2026.04.04-16.01.30:190][688]LogModuleManager: Shutting down and abandoning module TreeMap (322)
[2026.04.04-16.01.30:190][688]LogModuleManager: Shutting down and abandoning module AnimationSharing (319)
[2026.04.04-16.01.30:190][688]LogModuleManager: Shutting down and abandoning module GameplayCameras (317)
[2026.04.04-16.01.30:190][688]LogModuleManager: Shutting down and abandoning module LightPropagationVolumeRuntime (315)
[2026.04.04-16.01.30:190][688]LogModuleManager: Shutting down and abandoning module EnvironmentQueryEditor (313)
[2026.04.04-16.01.30:190][688]LogModuleManager: Shutting down and abandoning module Paper2D (311)
[2026.04.04-16.01.30:190][688]LogModuleManager: Shutting down and abandoning module WindowsMoviePlayer (309)
[2026.04.04-16.01.30:191][688]LogModuleManager: Shutting down and abandoning module WebMMoviePlayer (307)
[2026.04.04-16.01.30:191][688]LogModuleManager: Shutting down and abandoning module NetworkReplayStreaming (305)
[2026.04.04-16.01.30:191][688]LogModuleManager: Shutting down and abandoning module PacketHandler (303)
[2026.04.04-16.01.30:191][688]LogModuleManager: Shutting down and abandoning module ClothingSystemEditor (301)
[2026.04.04-16.01.30:191][688]LogModuleManager: Shutting down and abandoning module ClothingSystemRuntimeNv (299)
[2026.04.04-16.01.30:191][688]LogModuleManager: Shutting down and abandoning module MediaAssets (297)
[2026.04.04-16.01.30:191][688]LogModuleManager: Shutting down and abandoning module Overlay (295)
[2026.04.04-16.01.30:191][688]LogModuleManager: Shutting down and abandoning module OverlayEditor (294)
[2026.04.04-16.01.30:191][688]LogModuleManager: Shutting down and abandoning module VREditor (291)
[2026.04.04-16.01.30:191][688]LogModuleManager: Shutting down and abandoning module StringTableEditor (289)
[2026.04.04-16.01.30:191][688]LogModuleManager: Shutting down and abandoning module GameplayTasksEditor (287)
[2026.04.04-16.01.30:191][688]LogModuleManager: Shutting down and abandoning module BehaviorTreeEditor (285)
[2026.04.04-16.01.30:191][688]LogModuleManager: Shutting down and abandoning module FunctionalTesting (283)
[2026.04.04-16.01.30:191][688]LogModuleManager: Shutting down and abandoning module CollisionAnalyzer (281)
[2026.04.04-16.01.30:191][688]LogModuleManager: Shutting down and abandoning module WorkspaceMenuStructure (280)
[2026.04.04-16.01.30:191][688]LogModuleManager: Shutting down and abandoning module UMG (277)
[2026.04.04-16.01.30:191][688]LogModuleManager: Shutting down and abandoning module UMGEditor (276)
[2026.04.04-16.01.30:191][688]LogModuleManager: Shutting down and abandoning module MessageLog (274)
[2026.04.04-16.01.30:191][688]LogModuleManager: Shutting down and abandoning module SlateReflector (269)
[2026.04.04-16.01.30:191][688]LogModuleManager: Shutting down and abandoning module Slate (267)
[2026.04.04-16.01.30:191][688]LogModuleManager: Shutting down and abandoning module SlateCore (265)
[2026.04.04-16.01.30:192][688]LogModuleManager: Shutting down and abandoning module LandscapeEditorUtilities (263)
[2026.04.04-16.01.30:192][688]LogModuleManager: Shutting down and abandoning module UnrealEd (261)
[2026.04.04-16.01.30:192][688]LogModuleManager: Shutting down and abandoning module MRMesh (259)
[2026.04.04-16.01.30:192][688]LogModuleManager: Shutting down and abandoning module SourceCodeAccess (257)
[2026.04.04-16.01.30:192][688]LogModuleManager: Shutting down and abandoning module HeadMountedDisplay (255)
[2026.04.04-16.01.30:192][688]LogModuleManager: Shutting down and abandoning module XAudio2 (253)
[2026.04.04-16.01.30:192][688]LogModuleManager: Shutting down and abandoning module Networking (251)
[2026.04.04-16.01.30:192][688]LogModuleManager: Shutting down and abandoning module Core (249)
[2026.04.04-16.01.30:192][688]LogModuleManager: Shutting down and abandoning module MaterialEditor (247)
[2026.04.04-16.01.30:192][688]LogModuleManager: Shutting down and abandoning module MovieSceneTools (245)
[2026.04.04-16.01.30:192][688]LogModuleManager: Shutting down and abandoning module CurveEditor (244)
[2026.04.04-16.01.30:192][688]LogModuleManager: Shutting down and abandoning module Sequencer (242)
[2026.04.04-16.01.30:192][688]LogModuleManager: Shutting down and abandoning module EditorStyle (241)
[2026.04.04-16.01.30:193][688]LogModuleManager: Shutting down and abandoning module KismetCompiler (237)
[2026.04.04-16.01.30:193][688]LogModuleManager: Shutting down and abandoning module MeshBuilder (235)
[2026.04.04-16.01.30:194][688]LogModuleManager: Shutting down and abandoning module MeshUtilities (233)
[2026.04.04-16.01.30:194][688]LogModuleManager: Shutting down and abandoning module MeshMergeUtilities (232)
[2026.04.04-16.01.30:194][688]LogModuleManager: Shutting down and abandoning module MeshReductionInterface (231)
[2026.04.04-16.01.30:194][688]LogModuleManager: Shutting down and abandoning module MeshBoneReduction (230)
[2026.04.04-16.01.30:194][688]LogModuleManager: Shutting down and abandoning module SkeletalMeshReduction (228)
[2026.04.04-16.01.30:194][688]LogModuleManager: Shutting down and abandoning module ProxyLODMeshReduction (226)
[2026.04.04-16.01.30:194][688]LogModuleManager: Shutting down and abandoning module QuadricMeshReduction (224)
[2026.04.04-16.01.30:194][688]LogModuleManager: Shutting down and abandoning module MaterialBaking (220)
[2026.04.04-16.01.30:194][688]LogModuleManager: Shutting down and abandoning module NullInstallBundleManager (215)
[2026.04.04-16.01.30:194][688]LogModuleManager: Shutting down and abandoning module DerivedDataCache (213)
[2026.04.04-16.01.30:194][688]LogModuleManager: Shutting down and abandoning module TargetPlatform (211)
[2026.04.04-16.01.30:194][688]LogModuleManager: Shutting down and abandoning module VulkanShaderFormat (210)
[2026.04.04-16.01.30:194][688]LogModuleManager: Shutting down and abandoning module ShaderFormatVectorVM (208)
[2026.04.04-16.01.30:194][688]LogModuleManager: Shutting down and abandoning module ShaderFormatOpenGL (206)
[2026.04.04-16.01.30:194][688]LogModuleManager: Shutting down and abandoning module ShaderFormatD3D (204)
[2026.04.04-16.01.30:194][688]LogModuleManager: Shutting down and abandoning module MetalShaderFormat (202)
[2026.04.04-16.01.30:194][688]LogModuleManager: Shutting down and abandoning module TextureFormatOodle (200)
[2026.04.04-16.01.30:194][688]LogModuleManager: Shutting down and abandoning module TextureFormatUncompressed (198)
[2026.04.04-16.01.30:194][688]LogModuleManager: Shutting down and abandoning module TextureFormatPVR (196)
[2026.04.04-16.01.30:194][688]LogModuleManager: Shutting down and abandoning module TextureFormatETC2 (194)
[2026.04.04-16.01.30:194][688]LogModuleManager: Shutting down and abandoning module TextureFormatDXT (192)
[2026.04.04-16.01.30:194][688]LogModuleManager: Shutting down and abandoning module TextureFormatIntelISPCTexComp (190)
[2026.04.04-16.01.30:194][688]LogModuleManager: Shutting down and abandoning module TextureFormatASTC (188)
[2026.04.04-16.01.30:194][688]LogModuleManager: Shutting down and abandoning module ImageWrapper (187)
[2026.04.04-16.01.30:194][688]LogModuleManager: Shutting down and abandoning module AudioFormatOpus (184)
[2026.04.04-16.01.30:194][688]LogModuleManager: Shutting down and abandoning module AudioFormatOgg (182)
[2026.04.04-16.01.30:194][688]LogModuleManager: Shutting down and abandoning module AudioFormatADPCM (180)
[2026.04.04-16.01.30:195][688]LogModuleManager: Shutting down and abandoning module WindowsServerTargetPlatform (178)
[2026.04.04-16.01.30:195][688]LogModuleManager: Shutting down and abandoning module WindowsClientTargetPlatform (176)
[2026.04.04-16.01.30:195][688]LogModuleManager: Shutting down and abandoning module WindowsTargetPlatform (174)
[2026.04.04-16.01.30:195][688]LogModuleManager: Shutting down and abandoning module WindowsNoEditorTargetPlatform (172)
[2026.04.04-16.01.30:195][688]LogModuleManager: Shutting down and abandoning module TVOSTargetPlatform (170)
[2026.04.04-16.01.30:195][688]LogModuleManager: Shutting down and abandoning module MacServerTargetPlatform (168)
[2026.04.04-16.01.30:195][688]LogModuleManager: Shutting down and abandoning module MacClientTargetPlatform (166)
[2026.04.04-16.01.30:195][688]LogModuleManager: Shutting down and abandoning module MacTargetPlatform (164)
[2026.04.04-16.01.30:195][688]LogModuleManager: Shutting down and abandoning module MacNoEditorTargetPlatform (162)
[2026.04.04-16.01.30:195][688]LogModuleManager: Shutting down and abandoning module LuminTargetPlatform (160)
[2026.04.04-16.01.30:196][688]LogModuleManager: Shutting down and abandoning module LinuxAArch64ServerTargetPlatform (158)
[2026.04.04-16.01.30:196][688]LogModuleManager: Shutting down and abandoning module LinuxAArch64ClientTargetPlatform (156)
[2026.04.04-16.01.30:196][688]LogModuleManager: Shutting down and abandoning module LinuxAArch64NoEditorTargetPlatform (154)
[2026.04.04-16.01.30:196][688]LogModuleManager: Shutting down and abandoning module LinuxServerTargetPlatform (152)
[2026.04.04-16.01.30:196][688]LogModuleManager: Shutting down and abandoning module LinuxClientTargetPlatform (150)
[2026.04.04-16.01.30:196][688]LogModuleManager: Shutting down and abandoning module LinuxNoEditorTargetPlatform (148)
[2026.04.04-16.01.30:196][688]LogModuleManager: Shutting down and abandoning module LinuxTargetPlatform (146)
[2026.04.04-16.01.30:196][688]LogModuleManager: Shutting down and abandoning module Messaging (144)
[2026.04.04-16.01.30:196][688]LogModuleManager: Shutting down and abandoning module IOSTargetPlatform (142)
[2026.04.04-16.01.30:196][688]LogModuleManager: Shutting down and abandoning module AndroidTargetPlatform (140)
[2026.04.04-16.01.30:201][688]LogModuleManager: Shutting down and abandoning module AllDesktopTargetPlatform (138)
[2026.04.04-16.01.30:201][688]LogModuleManager: Shutting down and abandoning module D3D11RHI (135)
[2026.04.04-16.01.30:201][688]LogModuleManager: Shutting down and abandoning module InputCore (133)
[2026.04.04-16.01.30:201][688]LogModuleManager: Shutting down and abandoning module Settings (131)
[2026.04.04-16.01.30:201][688]LogModuleManager: Shutting down and abandoning module DirectoryWatcher (129)
[2026.04.04-16.01.30:201][688]LogModuleManager: Shutting down and abandoning module PhysXCooking (127)
[2026.04.04-16.01.30:201][688]LogModuleManager: Shutting down and abandoning module Chaos (125)
[2026.04.04-16.01.30:201][688]LogModuleManager: Shutting down and abandoning module WindowsPlatformFeatures (123)
[2026.04.04-16.01.30:201][688]LogModuleManager: Shutting down and abandoning module GameplayMediaEncoder (122)
[2026.04.04-16.01.30:201][688]LogModuleManager: Shutting down and abandoning module AVEncoder (121)
[2026.04.04-16.01.30:201][688]LogModuleManager: Shutting down and abandoning module SteamVRInputDevice (117)
[2026.04.04-16.01.30:201][688]LogModuleManager: Shutting down and abandoning module SteamVRInput (115)
[2026.04.04-16.01.30:201][688]LogModuleManager: Shutting down and abandoning module SteamVR (113)
[2026.04.04-16.01.30:201][688]LogHMD: Freeing OpenVRDLLHandle.
[2026.04.04-16.01.30:201][688]LogModuleManager: Shutting down and abandoning module OculusHMD (111)
[2026.04.04-16.01.30:201][688]LogModuleManager: Shutting down and abandoning module OpenXRHandTracking (109)
[2026.04.04-16.01.30:201][688]LogSlate: Slate User Destroyed.  User Index 0, Is Virtual User: 0
[2026.04.04-16.01.30:202][688]LogModuleManager: Shutting down and abandoning module OpenXREyeTracker (107)
[2026.04.04-16.01.30:202][688]LogModuleManager: Shutting down and abandoning module OpenXRAR (105)
[2026.04.04-16.01.30:202][688]LogModuleManager: Shutting down and abandoning module AugmentedReality (104)
[2026.04.04-16.01.30:202][688]LogModuleManager: Shutting down and abandoning module OpenXRHMD (101)
[2026.04.04-16.01.30:202][688]LogModuleManager: Shutting down and abandoning module ExampleDeviceProfileSelector (99)
[2026.04.04-16.01.30:202][688]LogModuleManager: Shutting down and abandoning module ChunkDownloader (97)
[2026.04.04-16.01.30:202][688]LogModuleManager: Shutting down and abandoning module LauncherChunkInstaller (95)
[2026.04.04-16.01.30:202][688]LogModuleManager: Shutting down and abandoning module WmfMedia (93)
[2026.04.04-16.01.30:211][688]LogModuleManager: Shutting down and abandoning module Media (92)
[2026.04.04-16.01.30:212][688]LogModuleManager: Shutting down and abandoning module MediaInfo (91)
[2026.04.04-16.01.30:212][688]LogModuleManager: Shutting down and abandoning module ExrReaderGpu (87)
[2026.04.04-16.01.30:212][688]LogModuleManager: Shutting down and abandoning module OnlineBlueprintSupport (85)
[2026.04.04-16.01.30:212][688]LogModuleManager: Shutting down and abandoning module OnlineSubsystem (81)
[2026.04.04-16.01.30:213][688]LogModuleManager: Shutting down and abandoning module XMPP (75)
[2026.04.04-16.01.30:214][688]LogModuleManager: Shutting down and abandoning module WebSockets (74)
[2026.04.04-16.01.30:238][688]LogModuleManager: Shutting down and abandoning module HTTP (71)
[2026.04.04-16.01.30:238][688]LogHttp: Display: Http module shutting down, but needs to wait on 1 outstanding Http requests:
[2026.04.04-16.01.30:238][688]LogHttp: Display: 	verb=[POST] url=[https://datarouter.ol.epicgames.com/datarouter/api/v1/public/data?SessionID=%7BB995A22A-44A0-8AB1-0D87-96ACF4082C84%7D&AppID=UEEditor.Rocket.Release&AppVersion=4.27.2-18319896%2B%2B%2BUE4%2BRelease-4.27&UserID=736f4fd243dc82f44eabcfbe67d1ae61%7C994622bc3ba84a46940c56befb5dbaba%7Cec6fa1fb-bb34-403b-8a7e-c7b6925f985c&AppEnvironment=datacollector-binary&UploadType=eteventstream] refs=[1] status=Processing
[2026.04.04-16.01.30:238][688]LogHttp: Display: cleaning up 1 outstanding Http requests.
[2026.04.04-16.01.30:270][688]LogModuleManager: Shutting down and abandoning module SSL (70)
[2026.04.04-16.01.30:271][688]LogModuleManager: Shutting down and abandoning module MLSDK (66)
[2026.04.04-16.01.30:271][688]LogModuleManager: Shutting down and abandoning module MagicLeap (64)
[2026.04.04-16.01.30:271][688]LogModuleManager: Shutting down and abandoning module NiagaraVertexFactories (62)
[2026.04.04-16.01.30:271][688]LogModuleManager: Shutting down and abandoning module NiagaraShader (60)
[2026.04.04-16.01.30:271][688]LogModuleManager: Shutting down and abandoning module PixWinPlugin (58)
[2026.04.04-16.01.30:271][688]LogModuleManager: Shutting down and abandoning module VariantManagerContent (56)
[2026.04.04-16.01.30:271][688]LogModuleManager: Shutting down and abandoning module ChaosCloth (54)
[2026.04.04-16.01.30:271][688]LogModuleManager: Shutting down and abandoning module DatasmithContent (52)
[2026.04.04-16.01.30:272][688]LogModuleManager: Shutting down and abandoning module AISupportModule (50)
[2026.04.04-16.01.30:272][688]LogModuleManager: Shutting down and abandoning module DesktopPlatform (48)
[2026.04.04-16.01.30:272][688]LogModuleManager: Shutting down and abandoning module PlatformCryptoOpenSSL (46)
[2026.04.04-16.01.30:272][688]LogModuleManager: Shutting down and abandoning module PlatformCryptoTypes (44)
[2026.04.04-16.01.30:272][688]LogModuleManager: Shutting down and abandoning module PlatformCrypto (42)
[2026.04.04-16.01.30:272][688]LogModuleManager: Shutting down and abandoning module PythonScriptPluginPreload (40)
[2026.04.04-16.01.30:272][688]LogModuleManager: Shutting down and abandoning module OodleDataCompressionFormat (38)
[2026.04.04-16.01.30:272][688]LogModuleManager: Shutting down and abandoning module XGEController (36)
[2026.04.04-16.01.30:272][688]LogXGEController: Cleaning working directory: C:/Users/User/AppData/Local/Temp/UnrealXGEWorkingDir/
[2026.04.04-16.01.30:272][688]LogModuleManager: Shutting down and abandoning module AnimationModifiers (34)
[2026.04.04-16.01.30:272][688]LogModuleManager: Shutting down and abandoning module AudioEditor (32)
[2026.04.04-16.01.30:272][688]LogModuleManager: Shutting down and abandoning module PropertyEditor (31)
[2026.04.04-16.01.30:272][688]LogModuleManager: Shutting down and abandoning module TextureCompressor (28)
[2026.04.04-16.01.30:272][688]LogModuleManager: Shutting down and abandoning module RenderCore (26)
[2026.04.04-16.01.30:272][688]LogModuleManager: Shutting down and abandoning module Landscape (24)
[2026.04.04-16.01.30:272][688]LogModuleManager: Shutting down and abandoning module SlateRHIRenderer (22)
[2026.04.04-16.01.30:273][688]LogModuleManager: Shutting down and abandoning module AnimGraphRuntime (20)
[2026.04.04-16.01.30:273][688]LogModuleManager: Shutting down and abandoning module Renderer (18)
[2026.04.04-16.01.30:273][688]LogModuleManager: Shutting down and abandoning module Engine (16)
[2026.04.04-16.01.30:273][688]LogModuleManager: Shutting down and abandoning module CoreUObject (14)
[2026.04.04-16.01.30:273][688]LogModuleManager: Shutting down and abandoning module NetworkFile (12)
[2026.04.04-16.01.30:273][688]LogModuleManager: Shutting down and abandoning module CookedIterativeFile (10)
[2026.04.04-16.01.30:273][688]LogModuleManager: Shutting down and abandoning module StreamingFile (8)
[2026.04.04-16.01.30:273][688]LogModuleManager: Shutting down and abandoning module SandboxFile (6)
[2026.04.04-16.01.30:273][688]LogModuleManager: Shutting down and abandoning module PakFile (4)
[2026.04.04-16.01.30:273][688]LogModuleManager: Shutting down and abandoning module RSA (3)
[2026.04.04-16.01.30:282][688]LogContentStreaming: Display: There are 1 unreleased StreamingManagers
[2026.04.04-16.01.30:306][688]LogD3D11RHI: Shutdown
[2026.04.04-16.01.30:306][688]LogD3D11RHI: CleanupD3DDevice
[2026.04.04-16.01.30:322][688]LogD3D11RHI: Intel Extensions Framework unloaded
[2026.04.04-16.01.30:325][688]LogD3D11RHI: [IntelMetricsDiscovery] Stopped
[2026.04.04-16.01.30:325][688]LogExit: Exiting.
[2026.04.04-16.01.30:331][688]Log file closed, 04/04/26 19:01:30
