Log file open, 04/03/26 18:47:20
LogWindows: Failed to load 'aqProf.dll' (GetLastError=126)
LogWindows: File 'aqProf.dll' does not exist
LogWindows: Failed to load 'VtuneApi.dll' (GetLastError=126)
LogWindows: File 'VtuneApi.dll' does not exist
LogWindows: Failed to load 'VtuneApi32e.dll' (GetLastError=126)
LogWindows: File 'VtuneApi32e.dll' does not exist
LogConsoleResponse: Display: Failed to find resolution value strings in scalability ini. Falling back to default.
LogConsoleResponse: Display: Failed to find resolution value strings in scalability ini. Falling back to default.
LogInit: Display: Running engine for game: Playtime_Multiplayer
LogPlatformFile: Not using cached read wrapper
LogTaskGraph: Started task graph with 5 named threads and 35 total threads with 3 sets of task threads.
LogStats: Stats thread started at 0.351614
LogICUInternationalization: ICU TimeZone Detection - Raw Offset: +3:00, Platform Override: ''
LogInit: Display: Loading text-based GConfig....
LogPluginManager: Mounting plugin MeshPainting
LogPluginManager: Mounting plugin XGEController
LogPluginManager: Mounting plugin Paper2D
LogPluginManager: Mounting plugin LiveLink
LogPluginManager: Mounting plugin EnvironmentQueryEditor
LogPluginManager: Mounting plugin AISupport
LogPluginManager: Mounting plugin CameraShakePreviewer
LogPluginManager: Mounting plugin LightPropagationVolume
LogPluginManager: Mounting plugin OodleData
LogPluginManager: Mounting plugin GameplayCameras
LogPluginManager: Mounting plugin AnimationSharing
LogPluginManager: Mounting plugin CLionSourceCodeAccess
LogPluginManager: Mounting plugin OodleNetwork
LogPluginManager: Mounting plugin GitSourceControl
LogPluginManager: Mounting plugin PixWinPlugin
LogPluginManager: Mounting plugin PerforceSourceControl
LogPluginManager: Mounting plugin PropertyAccessNode
LogPluginManager: Mounting plugin PlasticSourceControl
LogPluginManager: Mounting plugin PluginUtils
LogPluginManager: Mounting plugin CodeLiteSourceCodeAccess
LogPluginManager: Mounting plugin RiderSourceCodeAccess
LogPluginManager: Mounting plugin SubversionSourceControl
LogPluginManager: Mounting plugin TextureFormatOodle
LogPluginManager: Mounting plugin KDevelopSourceCodeAccess
LogPluginManager: Mounting plugin NullSourceCodeAccess
LogPluginManager: Mounting plugin UObjectPlugin
LogPluginManager: Mounting plugin VisualStudioCodeSourceCodeAccess
LogPluginManager: Mounting plugin VisualStudioSourceCodeAccess
LogPluginManager: Mounting plugin AssetManagerEditor
LogPluginManager: Mounting plugin CurveEditorTools
LogPluginManager: Mounting plugin DataValidation
LogPluginManager: Mounting plugin CryptoKeys
LogPluginManager: Mounting plugin GeometryMode
LogPluginManager: Mounting plugin GameplayTagsEditor
LogPluginManager: Mounting plugin FacialAnimation
LogPluginManager: Mounting plugin MaterialAnalyzer
LogPluginManager: Mounting plugin MobileLauncherProfileWizard
LogPluginManager: Mounting plugin PluginBrowser
LogPluginManager: Mounting plugin XCodeSourceCodeAccess
LogPluginManager: Mounting plugin SpeedTreeImporter
LogPluginManager: Mounting plugin MacGraphicsSwitching
LogPluginManager: Mounting plugin DatasmithContent
LogPluginManager: Mounting plugin VariantManagerContent
LogPluginManager: Mounting plugin Niagara
LogPluginManager: Mounting plugin AlembicImporter
LogPluginManager: Mounting plugin AutomationUtils
LogPluginManager: Mounting plugin BackChannel
LogPluginManager: Mounting plugin ChaosCloth
LogPluginManager: Mounting plugin ChaosClothEditor
LogPluginManager: Mounting plugin ChaosEditor
LogPluginManager: Mounting plugin ChaosNiagara
LogPluginManager: Mounting plugin ChaosSolverPlugin
LogPluginManager: Mounting plugin CharacterAI
LogPluginManager: Mounting plugin GeometryCache
LogPluginManager: Mounting plugin GeometryCollectionPlugin
LogPluginManager: Mounting plugin GeometryProcessing
LogPluginManager: Mounting plugin MotoSynth
LogPluginManager: Mounting plugin OpenImageDenoise
LogPluginManager: Mounting plugin PlanarCut
LogPluginManager: Mounting plugin PlatformCrypto
LogPluginManager: Mounting plugin ProxyLODPlugin
LogPluginManager: Mounting plugin PythonScriptPlugin
LogPluginManager: Mounting plugin SkeletalReduction
LogPluginManager: Mounting plugin MagicLeap
LogPluginManager: Mounting plugin LuminPlatformFeatures
LogPluginManager: Mounting plugin MagicLeapLightEstimation
LogPluginManager: Mounting plugin MagicLeapMedia
LogPluginManager: Mounting plugin MagicLeapPassableWorld
LogPluginManager: Mounting plugin MLSDK
LogPluginManager: Mounting plugin AndroidMedia
LogPluginManager: Mounting plugin AvfMedia
LogPluginManager: Mounting plugin ImgMedia
LogPluginManager: Mounting plugin MediaCompositing
LogPluginManager: Mounting plugin MediaPlayerEditor
LogPluginManager: Mounting plugin WebMMedia
LogPluginManager: Mounting plugin WmfMedia
LogPluginManager: Mounting plugin TcpMessaging
LogPluginManager: Mounting plugin UdpMessaging
LogPluginManager: Mounting plugin ActorSequence
LogPluginManager: Mounting plugin MatineeToLevelSequence
LogPluginManager: Mounting plugin MultiplayerShooterPlugin
LogPluginManager: Mounting plugin TemplateSequence
LogPluginManager: Mounting plugin LevelSequenceEditor
LogPluginManager: Mounting plugin OnlineSubsystem
LogPluginManager: Mounting plugin OnlineSubsystemNull
LogPluginManager: Mounting plugin OnlineSubsystemUtils
LogPluginManager: Mounting plugin LauncherChunkInstaller
LogPluginManager: Mounting plugin ActorLayerUtilities
LogPluginManager: Mounting plugin AndroidPermission
LogPluginManager: Mounting plugin AppleImageUtils
LogPluginManager: Mounting plugin AndroidMoviePlayer
LogPluginManager: Mounting plugin ArchVisCharacter
LogPluginManager: Mounting plugin AudioCapture
LogPluginManager: Mounting plugin AssetTags
LogPluginManager: Mounting plugin AudioSynesthesia
LogPluginManager: Mounting plugin CableComponent
LogPluginManager: Mounting plugin ChunkDownloader
LogPluginManager: Mounting plugin CustomMeshComponent
LogPluginManager: Mounting plugin EditableMesh
LogPluginManager: Mounting plugin ExampleDeviceProfileSelector
LogPluginManager: Mounting plugin AndroidDeviceProfileSelector
LogPluginManager: Mounting plugin GooglePAD
LogPluginManager: Mounting plugin AppleMoviePlayer
LogPluginManager: Mounting plugin GoogleCloudMessaging
LogPluginManager: Mounting plugin LocationServicesBPLibrary
LogPluginManager: Mounting plugin IOSDeviceProfileSelector
LogPluginManager: Mounting plugin LinuxDeviceProfileSelector
LogPluginManager: Mounting plugin MobilePatchingUtils
LogPluginManager: Mounting plugin OpenXR
LogPluginManager: Mounting plugin OpenXREyeTracker
LogPluginManager: Mounting plugin OpenXRHandTracking
LogPluginManager: Mounting plugin PhysXVehicles
LogPluginManager: Mounting plugin PostSplashScreen
LogPluginManager: Mounting plugin ProceduralMeshComponent
LogPluginManager: Mounting plugin PropertyAccessEditor
LogPluginManager: Mounting plugin RuntimePhysXCooking
LogPluginManager: Mounting plugin SignificanceManager
LogPluginManager: Mounting plugin SoundFields
LogPluginManager: Mounting plugin Synthesis
LogPluginManager: Mounting plugin WebMMoviePlayer
LogPluginManager: Mounting plugin WindowsMoviePlayer
LogPluginManager: Mounting plugin ScreenshotTools
LogPluginManager: Mounting plugin Takes
LogPluginManager: Mounting plugin ContentBrowserAssetDataSource
LogPluginManager: Mounting plugin ContentBrowserClassDataSource
LogPluginManager: Mounting plugin ContentBrowserFileDataSource
LogPluginManager: Mounting plugin OnlineSubsystemGooglePlay
LogPluginManager: Mounting plugin OnlineSubsystemIOS
LogPluginManager: Mounting plugin OculusVR
LogPluginManager: Mounting plugin SteamVR
LogPluginManager: Mounting plugin AdvancedSessions
PixWinPlugin: PIX capture plugin failed to initialize! Check that the process is launched from PIX.
LogInit: Using libcurl 7.55.1-DEV
LogInit:  - built for x86_64-pc-win32
LogInit:  - supports SSL with OpenSSL/1.1.1
LogInit:  - supports HTTP deflate (compression) using libz 1.2.8
LogInit:  - other features:
LogInit:      CURL_VERSION_SSL
LogInit:      CURL_VERSION_LIBZ
LogInit:      CURL_VERSION_IPV6
LogInit:      CURL_VERSION_ASYNCHDNS
LogInit:      CURL_VERSION_LARGEFILE
LogInit:      CURL_VERSION_IDN
LogInit:  CurlRequestOptions (configurable via config and command line):
LogInit:  - bVerifyPeer = true  - Libcurl will verify peer certificate
LogInit:  - bUseHttpProxy = false  - Libcurl will NOT use HTTP proxy
LogInit:  - bDontReuseConnections = false  - Libcurl will reuse connections
LogInit:  - MaxHostConnections = 16  - Libcurl will limit the number of connections to a host
LogInit:  - LocalHostAddr = Default
LogInit:  - BufferSize = 65536
LogModuleManager: Warning: ModuleManager: Unable to load module 'OnlineSubsystemSteam'  - 0 instances of that module name found.
LogOnline: Warning: OSS: TryLoadSubsystemAndSetDefault: LoadSubsystemModule([Steam]) failed
LogOnline: OSS: Creating online subsystem instance for: NULL
LogInit: WinSock: version 1.1 (2.2), MaxSocks=32767, MaxUdp=65467
LogOnline: OSS: TryLoadSubsystemAndSetDefault: Loaded subsystem for module [NULL]
LogOculusPluginWrapper: OculusPlugin initialized successfully
LogHMD: Failed initializing OVRPlugin 1.59.0
LogInit: Build: ++UE4+Release-4.27-CL-18319896
LogInit: Engine Version: 4.27.2-18319896+++UE4+Release-4.27
LogInit: Compatible Engine Version: 4.27.0-17155196+++UE4+Release-4.27
LogInit: Net CL: 17155196
LogInit: OS: Windows 10 (Release 2009) (), CPU: Intel(R) Core(TM) i5-10400T CPU @ 2.00GHz, GPU: Intel(R) UHD Graphics 630
LogInit: Compiled (64-bit): Nov 30 2021 07:12:08
LogInit: Compiled with Visual C++: 19.24.28315.00
LogInit: Build Configuration: Development
LogInit: Branch Name: ++UE4+Release-4.27
LogInit: Command Line: 
LogInit: Base Directory: C:/Program Files/Epic Games/UE_4.27/Engine/Binaries/Win64/
LogInit: Allocator: TBB
LogInit: Installed Engine Build: 1
LogDevObjectVersion: Number of dev versions registered: 29
LogDevObjectVersion:   Dev-Blueprints (B0D832E4-1F89-4F0D-ACCF-7EB736FD4AA2): 10
LogDevObjectVersion:   Dev-Build (E1C64328-A22C-4D53-A36C-8E866417BD8C): 0
LogDevObjectVersion:   Dev-Core (375EC13C-06E4-48FB-B500-84F0262A717E): 4
LogDevObjectVersion:   Dev-Editor (E4B068ED-F494-42E9-A231-DA0B2E46BB41): 40
LogDevObjectVersion:   Dev-Framework (CFFC743F-43B0-4480-9391-14DF171D2073): 37
LogDevObjectVersion:   Dev-Mobile (B02B49B5-BB20-44E9-A304-32B752E40360): 3
LogDevObjectVersion:   Dev-Networking (A4E4105C-59A1-49B5-A7C5-40C4547EDFEE): 0
LogDevObjectVersion:   Dev-Online (39C831C9-5AE6-47DC-9A44-9C173E1C8E7C): 0
LogDevObjectVersion:   Dev-Physics (78F01B33-EBEA-4F98-B9B4-84EACCB95AA2): 14
LogDevObjectVersion:   Dev-Platform (6631380F-2D4D-43E0-8009-CF276956A95A): 0
LogDevObjectVersion:   Dev-Rendering (12F88B9F-8875-4AFC-A67C-D90C383ABD29): 45
LogDevObjectVersion:   Dev-Sequencer (7B5AE74C-D270-4C10-A958-57980B212A5A): 13
LogDevObjectVersion:   Dev-VR (D7296918-1DD6-4BDD-9DE2-64A83CC13884): 3
LogDevObjectVersion:   Dev-LoadTimes (C2A15278-BFE7-4AFE-6C17-90FF531DF755): 1
LogDevObjectVersion:   Private-Geometry (6EACA3D4-40EC-4CC1-B786-8BED09428FC5): 3
LogDevObjectVersion:   Dev-AnimPhys (29E575DD-E0A3-4627-9D10-D276232CDCEA): 17
LogDevObjectVersion:   Dev-Anim (AF43A65D-7FD3-4947-9873-3E8ED9C1BB05): 15
LogDevObjectVersion:   Dev-ReflectionCapture (6B266CEC-1EC7-4B8F-A30B-E4D90942FC07): 1
LogDevObjectVersion:   Dev-Automation (0DF73D61-A23F-47EA-B727-89E90C41499A): 1
LogDevObjectVersion:   FortniteMain (601D1886-AC64-4F84-AA16-D3DE0DEAC7D6): 47
LogDevObjectVersion:   FortniteRelease (E7086368-6B23-4C58-8439-1B7016265E91): 1
LogDevObjectVersion:   Dev-Enterprise (9DFFBCD6-494F-0158-E221-12823C92A888): 10
LogDevObjectVersion:   Dev-Niagara (F2AED0AC-9AFE-416F-8664-AA7FFA26D6FC): 1
LogDevObjectVersion:   Dev-Destruction (174F1F0B-B4C6-45A5-B13F-2EE8D0FB917D): 10
LogDevObjectVersion:   Dev-Physics-Ext (35F94A83-E258-406C-A318-09F59610247C): 41
LogDevObjectVersion:   Dev-PhysicsMaterial-Chaos (B68FC16E-8B1B-42E2-B453-215C058844FE): 1
LogDevObjectVersion:   Dev-CineCamera (B2E18506-4273-CFC2-A54E-F4BB758BBA07): 1
LogDevObjectVersion:   Dev-VirtualProduction (64F58936-FD1B-42BA-BA96-7289D5D0FA4E): 1
LogDevObjectVersion:   Dev-MediaFramework (6F0ED827-A609-4895-9C91-998D90180EA4): 2
LogInit: Presizing for max 25165824 objects, including 0 objects not considered by GC, pre-allocating 0 bytes for permanent pool.
LogConfig: Applying CVar settings from Section [/Script/Engine.StreamingSettings] File [C:/Users/User/Documents/Unreal Projects/Playtime_Multiplayer/Saved/Config/Windows/Engine.ini]
LogConfig: Setting CVar [[s.MinBulkDataSizeForAsyncLoading:131072]]
LogConfig: Setting CVar [[s.AsyncLoadingThreadEnabled:0]]
LogConfig: Setting CVar [[s.EventDrivenLoaderEnabled:1]]
LogConfig: Setting CVar [[s.WarnIfTimeLimitExceeded:0]]
LogConfig: Setting CVar [[s.TimeLimitExceededMultiplier:1.5]]
LogConfig: Setting CVar [[s.TimeLimitExceededMinTime:0.005]]
LogConfig: Setting CVar [[s.UseBackgroundLevelStreaming:1]]
LogConfig: Setting CVar [[s.PriorityAsyncLoadingExtraTime:15.0]]
LogConfig: Setting CVar [[s.LevelStreamingActorsUpdateTimeLimit:5.0]]
LogConfig: Setting CVar [[s.PriorityLevelStreamingActorsUpdateExtraTime:5.0]]
LogConfig: Setting CVar [[s.LevelStreamingComponentsRegistrationGranularity:10]]
LogConfig: Setting CVar [[s.UnregisterComponentsTimeLimit:1.0]]
LogConfig: Setting CVar [[s.LevelStreamingComponentsUnregistrationGranularity:5]]
LogConfig: Setting CVar [[s.FlushStreamingOnExit:1]]
LogInit: Object subsystem initialized
LogConfig: Setting CVar [[con.DebugEarlyDefault:1]]
LogConfig: Setting CVar [[r.setres:1280x720]]
[2026.04.03-15.47.21:935][  0]LogConfig: Setting CVar [[r.VSync:0]]
[2026.04.03-15.47.21:935][  0]LogConfig: Setting CVar [[r.RHICmdBypass:0]]
[2026.04.03-15.47.21:935][  0]LogConfig: Applying CVar settings from Section [/Script/Engine.RendererSettings] File [C:/Users/User/Documents/Unreal Projects/Playtime_Multiplayer/Saved/Config/Windows/Engine.ini]
[2026.04.03-15.47.21:935][  0]LogConfig: Setting CVar [[r.GPUCrashDebugging:0]]
[2026.04.03-15.47.21:935][  0]LogConfig: Applying CVar settings from Section [/Script/Engine.RendererOverrideSettings] File [C:/Users/User/Documents/Unreal Projects/Playtime_Multiplayer/Saved/Config/Windows/Engine.ini]
[2026.04.03-15.47.21:935][  0]LogConfig: Applying CVar settings from Section [/Script/Engine.StreamingSettings] File [C:/Users/User/Documents/Unreal Projects/Playtime_Multiplayer/Saved/Config/Windows/Engine.ini]
[2026.04.03-15.47.21:935][  0]LogConfig: Setting CVar [[s.MinBulkDataSizeForAsyncLoading:131072]]
[2026.04.03-15.47.21:935][  0]LogConfig: Setting CVar [[s.AsyncLoadingThreadEnabled:0]]
[2026.04.03-15.47.21:935][  0]LogConfig: Setting CVar [[s.EventDrivenLoaderEnabled:1]]
[2026.04.03-15.47.21:935][  0]LogConfig: Setting CVar [[s.WarnIfTimeLimitExceeded:0]]
[2026.04.03-15.47.21:935][  0]LogConfig: Setting CVar [[s.TimeLimitExceededMultiplier:1.5]]
[2026.04.03-15.47.21:935][  0]LogConfig: Setting CVar [[s.TimeLimitExceededMinTime:0.005]]
[2026.04.03-15.47.21:935][  0]LogConfig: Setting CVar [[s.UseBackgroundLevelStreaming:1]]
[2026.04.03-15.47.21:935][  0]LogConfig: Setting CVar [[s.PriorityAsyncLoadingExtraTime:15.0]]
[2026.04.03-15.47.21:935][  0]LogConfig: Setting CVar [[s.LevelStreamingActorsUpdateTimeLimit:5.0]]
[2026.04.03-15.47.21:935][  0]LogConfig: Setting CVar [[s.PriorityLevelStreamingActorsUpdateExtraTime:5.0]]
[2026.04.03-15.47.21:935][  0]LogConfig: Setting CVar [[s.LevelStreamingComponentsRegistrationGranularity:10]]
[2026.04.03-15.47.21:935][  0]LogConfig: Setting CVar [[s.UnregisterComponentsTimeLimit:1.0]]
[2026.04.03-15.47.21:935][  0]LogConfig: Setting CVar [[s.LevelStreamingComponentsUnregistrationGranularity:5]]
[2026.04.03-15.47.21:935][  0]LogConfig: Setting CVar [[s.FlushStreamingOnExit:1]]
[2026.04.03-15.47.21:935][  0]LogConfig: Applying CVar settings from Section [/Script/Engine.GarbageCollectionSettings] File [C:/Users/User/Documents/Unreal Projects/Playtime_Multiplayer/Saved/Config/Windows/Engine.ini]
[2026.04.03-15.47.21:935][  0]LogConfig: Setting CVar [[gc.MaxObjectsNotConsideredByGC:1]]
[2026.04.03-15.47.21:935][  0]LogConfig: Setting CVar [[gc.SizeOfPermanentObjectPool:0]]
[2026.04.03-15.47.21:935][  0]LogConfig: Setting CVar [[gc.FlushStreamingOnGC:0]]
[2026.04.03-15.47.21:935][  0]LogConfig: Setting CVar [[gc.NumRetriesBeforeForcingGC:10]]
[2026.04.03-15.47.21:935][  0]LogConfig: Setting CVar [[gc.AllowParallelGC:1]]
[2026.04.03-15.47.21:935][  0]LogConfig: Setting CVar [[gc.TimeBetweenPurgingPendingKillObjects:61.1]]
[2026.04.03-15.47.21:935][  0]LogConfig: Setting CVar [[gc.MaxObjectsInEditor:25165824]]
[2026.04.03-15.47.21:935][  0]LogConfig: Setting CVar [[gc.IncrementalBeginDestroyEnabled:1]]
[2026.04.03-15.47.21:935][  0]LogConfig: Setting CVar [[gc.CreateGCClusters:1]]
[2026.04.03-15.47.21:935][  0]LogConfig: Setting CVar [[gc.MinGCClusterSize:5]]
[2026.04.03-15.47.21:935][  0]LogConfig: Setting CVar [[gc.ActorClusteringEnabled:0]]
[2026.04.03-15.47.21:935][  0]LogConfig: Setting CVar [[gc.BlueprintClusteringEnabled:0]]
[2026.04.03-15.47.21:935][  0]LogConfig: Setting CVar [[gc.UseDisregardForGCOnDedicatedServers:0]]
[2026.04.03-15.47.21:935][  0]LogConfig: Setting CVar [[gc.MultithreadedDestructionEnabled:1]]
[2026.04.03-15.47.21:935][  0]LogConfig: Applying CVar settings from Section [/Script/Engine.NetworkSettings] File [C:/Users/User/Documents/Unreal Projects/Playtime_Multiplayer/Saved/Config/Windows/Engine.ini]
[2026.04.03-15.47.21:935][  0]LogConfig: Applying CVar settings from Section [/Script/UnrealEd.CookerSettings] File [C:/Users/User/Documents/Unreal Projects/Playtime_Multiplayer/Saved/Config/Windows/Engine.ini]
[2026.04.03-15.47.21:952][  0]LogConfig: Applying CVar settings from Section [ViewDistanceQuality@3] File [C:/Users/User/Documents/Unreal Projects/Playtime_Multiplayer/Saved/Config/Windows/Scalability.ini]
[2026.04.03-15.47.21:952][  0]LogConfig: Setting CVar [[r.SkeletalMeshLODBias:0]]
[2026.04.03-15.47.21:952][  0]LogConfig: Setting CVar [[r.ViewDistanceScale:1.0]]
[2026.04.03-15.47.21:952][  0]LogConfig: Applying CVar settings from Section [AntiAliasingQuality@3] File [C:/Users/User/Documents/Unreal Projects/Playtime_Multiplayer/Saved/Config/Windows/Scalability.ini]
[2026.04.03-15.47.21:952][  0]LogConfig: Setting CVar [[r.PostProcessAAQuality:4]]
[2026.04.03-15.47.21:952][  0]LogConfig: Applying CVar settings from Section [ShadowQuality@3] File [C:/Users/User/Documents/Unreal Projects/Playtime_Multiplayer/Saved/Config/Windows/Scalability.ini]
[2026.04.03-15.47.21:952][  0]LogConfig: Setting CVar [[r.LightFunctionQuality:1]]
[2026.04.03-15.47.21:952][  0]LogConfig: Setting CVar [[r.ShadowQuality:5]]
[2026.04.03-15.47.21:952][  0]LogConfig: Setting CVar [[r.Shadow.CSM.MaxCascades:10]]
[2026.04.03-15.47.21:952][  0]LogConfig: Setting CVar [[r.Shadow.MaxResolution:2048]]
[2026.04.03-15.47.21:952][  0]LogConfig: Setting CVar [[r.Shadow.MaxCSMResolution:2048]]
[2026.04.03-15.47.21:952][  0]LogConfig: Setting CVar [[r.Shadow.RadiusThreshold:0.01]]
[2026.04.03-15.47.21:952][  0]LogConfig: Setting CVar [[r.Shadow.DistanceScale:1.0]]
[2026.04.03-15.47.21:952][  0]LogConfig: Setting CVar [[r.Shadow.CSM.TransitionScale:1.0]]
[2026.04.03-15.47.21:952][  0]LogConfig: Setting CVar [[r.Shadow.PreShadowResolutionFactor:1.0]]
[2026.04.03-15.47.21:952][  0]LogConfig: Setting CVar [[r.DistanceFieldShadowing:1]]
[2026.04.03-15.47.21:952][  0]LogConfig: Setting CVar [[r.DistanceFieldAO:1]]
[2026.04.03-15.47.21:952][  0]LogConfig: Setting CVar [[r.AOQuality:2]]
[2026.04.03-15.47.21:952][  0]LogConfig: Setting CVar [[r.VolumetricFog:1]]
[2026.04.03-15.47.21:952][  0]LogConfig: Setting CVar [[r.VolumetricFog.GridPixelSize:8]]
[2026.04.03-15.47.21:952][  0]LogConfig: Setting CVar [[r.VolumetricFog.GridSizeZ:128]]
[2026.04.03-15.47.21:952][  0]LogConfig: Setting CVar [[r.VolumetricFog.HistoryMissSupersampleCount:4]]
[2026.04.03-15.47.21:952][  0]LogConfig: Setting CVar [[r.LightMaxDrawDistanceScale:1]]
[2026.04.03-15.47.21:952][  0]LogConfig: Setting CVar [[r.CapsuleShadows:1]]
[2026.04.03-15.47.21:952][  0]LogConfig: Applying CVar settings from Section [PostProcessQuality@3] File [C:/Users/User/Documents/Unreal Projects/Playtime_Multiplayer/Saved/Config/Windows/Scalability.ini]
[2026.04.03-15.47.21:952][  0]LogConfig: Setting CVar [[r.MotionBlurQuality:4]]
[2026.04.03-15.47.21:952][  0]LogConfig: Setting CVar [[r.AmbientOcclusionMipLevelFactor:0.4]]
[2026.04.03-15.47.21:952][  0]LogConfig: Setting CVar [[r.AmbientOcclusionMaxQuality:100]]
[2026.04.03-15.47.21:952][  0]LogConfig: Setting CVar [[r.AmbientOcclusionLevels:-1]]
[2026.04.03-15.47.21:952][  0]LogConfig: Setting CVar [[r.AmbientOcclusionRadiusScale:1.0]]
[2026.04.03-15.47.21:952][  0]LogConfig: Setting CVar [[r.DepthOfFieldQuality:2]]
[2026.04.03-15.47.21:952][  0]LogConfig: Setting CVar [[r.RenderTargetPoolMin:400]]
[2026.04.03-15.47.21:952][  0]LogConfig: Setting CVar [[r.LensFlareQuality:2]]
[2026.04.03-15.47.21:952][  0]LogConfig: Setting CVar [[r.SceneColorFringeQuality:1]]
[2026.04.03-15.47.21:952][  0]LogConfig: Setting CVar [[r.EyeAdaptationQuality:2]]
[2026.04.03-15.47.21:952][  0]LogConfig: Setting CVar [[r.BloomQuality:5]]
[2026.04.03-15.47.21:952][  0]LogConfig: Setting CVar [[r.FastBlurThreshold:100]]
[2026.04.03-15.47.21:952][  0]LogConfig: Setting CVar [[r.Upscale.Quality:3]]
[2026.04.03-15.47.21:952][  0]LogConfig: Setting CVar [[r.Tonemapper.GrainQuantization:1]]
[2026.04.03-15.47.21:952][  0]LogConfig: Setting CVar [[r.LightShaftQuality:1]]
[2026.04.03-15.47.21:952][  0]LogConfig: Setting CVar [[r.Filter.SizeScale:1]]
[2026.04.03-15.47.21:952][  0]LogConfig: Setting CVar [[r.Tonemapper.Quality:5]]
[2026.04.03-15.47.21:952][  0]LogConfig: Setting CVar [[r.DOF.Gather.AccumulatorQuality:1        ; higher gathering accumulator quality]]
[2026.04.03-15.47.21:952][  0]LogConfig: Setting CVar [[r.DOF.Gather.PostfilterMethod:1          ; Median3x3 postfilering method]]
[2026.04.03-15.47.21:952][  0]LogConfig: Setting CVar [[r.DOF.Gather.EnableBokehSettings:0       ; no bokeh simulation when gathering]]
[2026.04.03-15.47.21:952][  0]LogConfig: Setting CVar [[r.DOF.Gather.RingCount:4                 ; medium number of samples when gathering]]
[2026.04.03-15.47.21:952][  0]LogConfig: Setting CVar [[r.DOF.Scatter.ForegroundCompositing:1    ; additive foreground scattering]]
[2026.04.03-15.47.21:952][  0]LogConfig: Setting CVar [[r.DOF.Scatter.BackgroundCompositing:2    ; additive background scattering]]
[2026.04.03-15.47.21:952][  0]LogConfig: Setting CVar [[r.DOF.Scatter.EnableBokehSettings:1      ; bokeh simulation when scattering]]
[2026.04.03-15.47.21:952][  0]LogConfig: Setting CVar [[r.DOF.Scatter.MaxSpriteRatio:0.1         ; only a maximum of 10% of scattered bokeh]]
[2026.04.03-15.47.21:952][  0]LogConfig: Setting CVar [[r.DOF.Recombine.Quality:1                ; cheap slight out of focus]]
[2026.04.03-15.47.21:952][  0]LogConfig: Setting CVar [[r.DOF.Recombine.EnableBokehSettings:0    ; no bokeh simulation on slight out of focus]]
[2026.04.03-15.47.21:952][  0]LogConfig: Setting CVar [[r.DOF.TemporalAAQuality:1                ; more stable temporal accumulation]]
[2026.04.03-15.47.21:952][  0]LogConfig: Setting CVar [[r.DOF.Kernel.MaxForegroundRadius:0.025]]
[2026.04.03-15.47.21:952][  0]LogConfig: Setting CVar [[r.DOF.Kernel.MaxBackgroundRadius:0.025]]
[2026.04.03-15.47.21:952][  0]LogConfig: Applying CVar settings from Section [TextureQuality@3] File [C:/Users/User/Documents/Unreal Projects/Playtime_Multiplayer/Saved/Config/Windows/Scalability.ini]
[2026.04.03-15.47.21:952][  0]LogConfig: Setting CVar [[r.Streaming.MipBias:0]]
[2026.04.03-15.47.21:952][  0]LogConfig: Setting CVar [[r.Streaming.AmortizeCPUToGPUCopy:0]]
[2026.04.03-15.47.21:952][  0]LogConfig: Setting CVar [[r.Streaming.MaxNumTexturesToStreamPerFrame:0]]
[2026.04.03-15.47.21:952][  0]LogConfig: Setting CVar [[r.Streaming.Boost:1]]
[2026.04.03-15.47.21:952][  0]LogConfig: Setting CVar [[r.MaxAnisotropy:8]]
[2026.04.03-15.47.21:952][  0]LogConfig: Setting CVar [[r.VT.MaxAnisotropy:8]]
[2026.04.03-15.47.21:952][  0]LogConfig: Setting CVar [[r.Streaming.LimitPoolSizeToVRAM:0]]
[2026.04.03-15.47.21:952][  0]LogConfig: Setting CVar [[r.Streaming.PoolSize:1000]]
[2026.04.03-15.47.21:952][  0]LogConfig: Setting CVar [[r.Streaming.MaxEffectiveScreenSize:0]]
[2026.04.03-15.47.21:952][  0]LogConfig: Applying CVar settings from Section [EffectsQuality@3] File [C:/Users/User/Documents/Unreal Projects/Playtime_Multiplayer/Saved/Config/Windows/Scalability.ini]
[2026.04.03-15.47.21:952][  0]LogConfig: Setting CVar [[r.TranslucencyLightingVolumeDim:64]]
[2026.04.03-15.47.21:952][  0]LogConfig: Setting CVar [[r.RefractionQuality:2]]
[2026.04.03-15.47.21:952][  0]LogConfig: Setting CVar [[r.SSR.Quality:3]]
[2026.04.03-15.47.21:952][  0]LogConfig: Setting CVar [[r.SSR.HalfResSceneColor:0]]
[2026.04.03-15.47.21:952][  0]LogConfig: Setting CVar [[r.SceneColorFormat:4]]
[2026.04.03-15.47.21:952][  0]LogConfig: Setting CVar [[r.DetailMode:2]]
[2026.04.03-15.47.21:952][  0]LogConfig: Setting CVar [[r.TranslucencyVolumeBlur:1]]
[2026.04.03-15.47.21:952][  0]LogConfig: Setting CVar [[r.MaterialQualityLevel:1 ; High quality]]
[2026.04.03-15.47.21:952][  0]LogConfig: Setting CVar [[r.AnisotropicMaterials:1]]
[2026.04.03-15.47.21:952][  0]LogConfig: Setting CVar [[r.SSS.Scale:1]]
[2026.04.03-15.47.21:952][  0]LogConfig: Setting CVar [[r.SSS.SampleSet:2]]
[2026.04.03-15.47.21:952][  0]LogConfig: Setting CVar [[r.SSS.Quality:1]]
[2026.04.03-15.47.21:952][  0]LogConfig: Setting CVar [[r.SSS.HalfRes:0]]
[2026.04.03-15.47.21:952][  0]LogConfig: Setting CVar [[r.SSGI.Quality:3]]
[2026.04.03-15.47.21:952][  0]LogConfig: Setting CVar [[r.EmitterSpawnRateScale:1.0]]
[2026.04.03-15.47.21:952][  0]LogConfig: Setting CVar [[r.ParticleLightQuality:2]]
[2026.04.03-15.47.21:952][  0]LogConfig: Setting CVar [[r.SkyAtmosphere.AerialPerspectiveLUT.FastApplyOnOpaque:1 ; Always have FastSkyLUT 1 in this case to avoid wrong sky]]
[2026.04.03-15.47.21:952][  0]LogConfig: Setting CVar [[r.SkyAtmosphere.AerialPerspectiveLUT.SampleCountMaxPerSlice:4]]
[2026.04.03-15.47.21:952][  0]LogConfig: Setting CVar [[r.SkyAtmosphere.AerialPerspectiveLUT.DepthResolution:16.0]]
[2026.04.03-15.47.21:952][  0]LogConfig: Setting CVar [[r.SkyAtmosphere.FastSkyLUT:1]]
[2026.04.03-15.47.21:952][  0]LogConfig: Setting CVar [[r.SkyAtmosphere.FastSkyLUT.SampleCountMin:4.0]]
[2026.04.03-15.47.21:952][  0]LogConfig: Setting CVar [[r.SkyAtmosphere.FastSkyLUT.SampleCountMax:128.0]]
[2026.04.03-15.47.21:952][  0]LogConfig: Setting CVar [[r.SkyAtmosphere.SampleCountMin:4.0]]
[2026.04.03-15.47.21:952][  0]LogConfig: Setting CVar [[r.SkyAtmosphere.SampleCountMax:128.0]]
[2026.04.03-15.47.21:952][  0]LogConfig: Setting CVar [[r.SkyAtmosphere.TransmittanceLUT.UseSmallFormat:0]]
[2026.04.03-15.47.21:952][  0]LogConfig: Setting CVar [[r.SkyAtmosphere.TransmittanceLUT.SampleCount:10.0]]
[2026.04.03-15.47.21:952][  0]LogConfig: Setting CVar [[r.SkyAtmosphere.MultiScatteringLUT.SampleCount:15.0]]
[2026.04.03-15.47.21:952][  0]LogConfig: Setting CVar [[r.SkyLight.RealTimeReflectionCapture:1]]
[2026.04.03-15.47.21:952][  0]LogConfig: Applying CVar settings from Section [FoliageQuality@3] File [C:/Users/User/Documents/Unreal Projects/Playtime_Multiplayer/Saved/Config/Windows/Scalability.ini]
[2026.04.03-15.47.21:952][  0]LogConfig: Setting CVar [[foliage.DensityScale:1.0]]
[2026.04.03-15.47.21:952][  0]LogConfig: Setting CVar [[grass.DensityScale:1.0]]
[2026.04.03-15.47.21:952][  0]LogConfig: Applying CVar settings from Section [ShadingQuality@3] File [C:/Users/User/Documents/Unreal Projects/Playtime_Multiplayer/Saved/Config/Windows/Scalability.ini]
[2026.04.03-15.47.21:952][  0]LogConfig: Setting CVar [[r.HairStrands.SkyLighting.IntegrationType:2]]
[2026.04.03-15.47.21:952][  0]LogConfig: Setting CVar [[r.HairStrands.SkyAO.SampleCount:4]]
[2026.04.03-15.47.21:952][  0]LogConfig: Setting CVar [[r.HairStrands.Visibility.MSAA.SamplePerPixel:4]]
[2026.04.03-15.47.21:952][  0]LogInit: Selected Device Profile: [Windows]
[2026.04.03-15.47.21:952][  0]LogInit: Applying CVar settings loaded from the selected device profile: [Windows]
[2026.04.03-15.47.21:954][  0]LogHAL: Display: Platform has ~ 8 GB [8391213056 / 8589934592 / 8], which maps to Default [LargestMinGB=32, LargerMinGB=12, DefaultMinGB=8, SmallerMinGB=6, SmallestMinGB=0)
[2026.04.03-15.47.21:954][  0]LogInit: Going up to parent DeviceProfile []
[2026.04.03-15.47.21:954][  0]LogConfig: Applying CVar settings from Section [ViewDistanceQuality@1] File [C:/Users/User/Documents/Unreal Projects/Playtime_Multiplayer/Saved/Config/Windows/Scalability.ini]
[2026.04.03-15.47.21:954][  0]LogConfig: Setting CVar [[r.SkeletalMeshLODBias:1]]
[2026.04.03-15.47.21:954][  0]LogConfig: Setting CVar [[r.ViewDistanceScale:0.6]]
[2026.04.03-15.47.21:954][  0]LogConfig: Applying CVar settings from Section [AntiAliasingQuality@1] File [C:/Users/User/Documents/Unreal Projects/Playtime_Multiplayer/Saved/Config/Windows/Scalability.ini]
[2026.04.03-15.47.21:954][  0]LogConfig: Setting CVar [[r.PostProcessAAQuality:2]]
[2026.04.03-15.47.21:954][  0]LogConfig: Applying CVar settings from Section [ShadowQuality@1] File [C:/Users/User/Documents/Unreal Projects/Playtime_Multiplayer/Saved/Config/Windows/Scalability.ini]
[2026.04.03-15.47.21:954][  0]LogConfig: Setting CVar [[r.LightFunctionQuality:1]]
[2026.04.03-15.47.21:954][  0]LogConfig: Setting CVar [[r.ShadowQuality:3]]
[2026.04.03-15.47.21:954][  0]LogConfig: Setting CVar [[r.Shadow.CSM.MaxCascades:1]]
[2026.04.03-15.47.21:954][  0]LogConfig: Setting CVar [[r.Shadow.MaxResolution:1024]]
[2026.04.03-15.47.21:954][  0]LogConfig: Setting CVar [[r.Shadow.MaxCSMResolution:1024]]
[2026.04.03-15.47.21:954][  0]LogConfig: Setting CVar [[r.Shadow.RadiusThreshold:0.05]]
[2026.04.03-15.47.21:954][  0]LogConfig: Setting CVar [[r.Shadow.DistanceScale:0.7]]
[2026.04.03-15.47.21:954][  0]LogConfig: Setting CVar [[r.Shadow.CSM.TransitionScale:0.25]]
[2026.04.03-15.47.21:954][  0]LogConfig: Setting CVar [[r.Shadow.PreShadowResolutionFactor:0.5]]
[2026.04.03-15.47.21:954][  0]LogConfig: Setting CVar [[r.DistanceFieldShadowing:0]]
[2026.04.03-15.47.21:954][  0]LogConfig: Setting CVar [[r.DistanceFieldAO:0]]
[2026.04.03-15.47.21:954][  0]LogConfig: Setting CVar [[r.VolumetricFog:0]]
[2026.04.03-15.47.21:954][  0]LogConfig: Setting CVar [[r.LightMaxDrawDistanceScale:.5]]
[2026.04.03-15.47.21:954][  0]LogConfig: Setting CVar [[r.CapsuleShadows:1]]
[2026.04.03-15.47.21:954][  0]LogConfig: Applying CVar settings from Section [PostProcessQuality@1] File [C:/Users/User/Documents/Unreal Projects/Playtime_Multiplayer/Saved/Config/Windows/Scalability.ini]
[2026.04.03-15.47.21:954][  0]LogConfig: Setting CVar [[r.MotionBlurQuality:3]]
[2026.04.03-15.47.21:954][  0]LogConfig: Setting CVar [[r.AmbientOcclusionMipLevelFactor:1.0]]
[2026.04.03-15.47.21:954][  0]LogConfig: Setting CVar [[r.AmbientOcclusionMaxQuality:60]]
[2026.04.03-15.47.21:954][  0]LogConfig: Setting CVar [[r.AmbientOcclusionLevels:-1]]
[2026.04.03-15.47.21:954][  0]LogConfig: Setting CVar [[r.AmbientOcclusionRadiusScale:1.5]]
[2026.04.03-15.47.21:954][  0]LogConfig: Setting CVar [[r.DepthOfFieldQuality:1]]
[2026.04.03-15.47.21:954][  0]LogConfig: Setting CVar [[r.RenderTargetPoolMin:350]]
[2026.04.03-15.47.21:954][  0]LogConfig: Setting CVar [[r.LensFlareQuality:0]]
[2026.04.03-15.47.21:954][  0]LogConfig: Setting CVar [[r.SceneColorFringeQuality:0]]
[2026.04.03-15.47.21:954][  0]LogConfig: Setting CVar [[r.EyeAdaptationQuality:2]]
[2026.04.03-15.47.21:954][  0]LogConfig: Setting CVar [[r.BloomQuality:4]]
[2026.04.03-15.47.21:954][  0]LogConfig: Setting CVar [[r.FastBlurThreshold:2]]
[2026.04.03-15.47.21:954][  0]LogConfig: Setting CVar [[r.Upscale.Quality:2]]
[2026.04.03-15.47.21:954][  0]LogConfig: Setting CVar [[r.Tonemapper.GrainQuantization:0]]
[2026.04.03-15.47.21:954][  0]LogConfig: Setting CVar [[r.LightShaftQuality:0]]
[2026.04.03-15.47.21:954][  0]LogConfig: Setting CVar [[r.Filter.SizeScale:0.7]]
[2026.04.03-15.47.21:954][  0]LogConfig: Setting CVar [[r.Tonemapper.Quality:2]]
[2026.04.03-15.47.21:954][  0]LogConfig: Setting CVar [[r.DOF.Gather.AccumulatorQuality:0        ; lower gathering accumulator quality]]
[2026.04.03-15.47.21:954][  0]LogConfig: Setting CVar [[r.DOF.Gather.PostfilterMethod:2          ; Max3x3 postfilering method]]
[2026.04.03-15.47.21:954][  0]LogConfig: Setting CVar [[r.DOF.Gather.EnableBokehSettings:0       ; no bokeh simulation when gathering]]
[2026.04.03-15.47.21:954][  0]LogConfig: Setting CVar [[r.DOF.Gather.RingCount:3                 ; low number of samples when gathering]]
[2026.04.03-15.47.21:954][  0]LogConfig: Setting CVar [[r.DOF.Scatter.ForegroundCompositing:0    ; no foreground scattering]]
[2026.04.03-15.47.21:954][  0]LogConfig: Setting CVar [[r.DOF.Scatter.BackgroundCompositing:0    ; no foreground scattering]]
[2026.04.03-15.47.21:954][  0]LogConfig: Setting CVar [[r.DOF.Recombine.Quality:0                ; no slight out of focus]]
[2026.04.03-15.47.21:954][  0]LogConfig: Setting CVar [[r.DOF.TemporalAAQuality:0                ; faster temporal accumulation]]
[2026.04.03-15.47.21:954][  0]LogConfig: Setting CVar [[r.DOF.Kernel.MaxForegroundRadius:0.006   ; required because low gathering and no scattering and not looking great at 1080p]]
[2026.04.03-15.47.21:954][  0]LogConfig: Setting CVar [[r.DOF.Kernel.MaxBackgroundRadius:0.006   ; required because low gathering and no scattering and not looking great at 1080p]]
[2026.04.03-15.47.21:954][  0]LogConfig: Applying CVar settings from Section [TextureQuality@1] File [C:/Users/User/Documents/Unreal Projects/Playtime_Multiplayer/Saved/Config/Windows/Scalability.ini]
[2026.04.03-15.47.21:954][  0]LogConfig: Setting CVar [[r.Streaming.MipBias:1]]
[2026.04.03-15.47.21:955][  0]LogConfig: Setting CVar [[r.Streaming.AmortizeCPUToGPUCopy:0]]
[2026.04.03-15.47.21:955][  0]LogConfig: Setting CVar [[r.Streaming.MaxNumTexturesToStreamPerFrame:0]]
[2026.04.03-15.47.21:955][  0]LogConfig: Setting CVar [[r.Streaming.Boost:1]]
[2026.04.03-15.47.21:955][  0]LogConfig: Setting CVar [[r.MaxAnisotropy:2]]
[2026.04.03-15.47.21:955][  0]LogConfig: Setting CVar [[r.VT.MaxAnisotropy:4]]
[2026.04.03-15.47.21:955][  0]LogConfig: Setting CVar [[r.Streaming.LimitPoolSizeToVRAM:1]]
[2026.04.03-15.47.21:955][  0]LogConfig: Setting CVar [[r.Streaming.PoolSize:600]]
[2026.04.03-15.47.21:955][  0]LogConfig: Setting CVar [[r.Streaming.MaxEffectiveScreenSize:0]]
[2026.04.03-15.47.21:955][  0]LogConfig: Applying CVar settings from Section [EffectsQuality@1] File [C:/Users/User/Documents/Unreal Projects/Playtime_Multiplayer/Saved/Config/Windows/Scalability.ini]
[2026.04.03-15.47.21:955][  0]LogConfig: Setting CVar [[r.TranslucencyLightingVolumeDim:32]]
[2026.04.03-15.47.21:955][  0]LogConfig: Setting CVar [[r.RefractionQuality:0]]
[2026.04.03-15.47.21:955][  0]LogConfig: Setting CVar [[r.SSR.Quality:0]]
[2026.04.03-15.47.21:955][  0]LogConfig: Setting CVar [[r.SSR.HalfResSceneColor:1]]
[2026.04.03-15.47.21:955][  0]LogConfig: Setting CVar [[r.SceneColorFormat:3]]
[2026.04.03-15.47.21:955][  0]LogConfig: Setting CVar [[r.DetailMode:1]]
[2026.04.03-15.47.21:955][  0]LogConfig: Setting CVar [[r.TranslucencyVolumeBlur:0]]
[2026.04.03-15.47.21:955][  0]LogConfig: Setting CVar [[r.MaterialQualityLevel:2 ; Medium quality]]
[2026.04.03-15.47.21:955][  0]LogConfig: Setting CVar [[r.AnisotropicMaterials:0]]
[2026.04.03-15.47.21:955][  0]LogConfig: Setting CVar [[r.SSS.Scale:0.75]]
[2026.04.03-15.47.21:955][  0]LogConfig: Setting CVar [[r.SSS.SampleSet:0]]
[2026.04.03-15.47.21:955][  0]LogConfig: Setting CVar [[r.SSS.Quality:0]]
[2026.04.03-15.47.21:955][  0]LogConfig: Setting CVar [[r.SSS.HalfRes:1]]
[2026.04.03-15.47.21:955][  0]LogConfig: Setting CVar [[r.SSGI.Quality:1]]
[2026.04.03-15.47.21:955][  0]LogConfig: Setting CVar [[r.EmitterSpawnRateScale:0.25]]
[2026.04.03-15.47.21:955][  0]LogConfig: Setting CVar [[r.ParticleLightQuality:0]]
[2026.04.03-15.47.21:955][  0]LogConfig: Setting CVar [[r.SkyAtmosphere.AerialPerspectiveLUT.FastApplyOnOpaque:1 ; Always have FastSkyLUT 1 in this case to avoid wrong sky]]
[2026.04.03-15.47.21:955][  0]LogConfig: Setting CVar [[r.SkyAtmosphere.AerialPerspectiveLUT.SampleCountMaxPerSlice:1]]
[2026.04.03-15.47.21:955][  0]LogConfig: Setting CVar [[r.SkyAtmosphere.AerialPerspectiveLUT.DepthResolution:16.0]]
[2026.04.03-15.47.21:955][  0]LogConfig: Setting CVar [[r.SkyAtmosphere.FastSkyLUT:1]]
[2026.04.03-15.47.21:955][  0]LogConfig: Setting CVar [[r.SkyAtmosphere.FastSkyLUT.SampleCountMin:4.0]]
[2026.04.03-15.47.21:955][  0]LogConfig: Setting CVar [[r.SkyAtmosphere.FastSkyLUT.SampleCountMax:32.0]]
[2026.04.03-15.47.21:955][  0]LogConfig: Setting CVar [[r.SkyAtmosphere.SampleCountMin:4.0]]
[2026.04.03-15.47.21:955][  0]LogConfig: Setting CVar [[r.SkyAtmosphere.SampleCountMax:32.0]]
[2026.04.03-15.47.21:955][  0]LogConfig: Setting CVar [[r.SkyAtmosphere.TransmittanceLUT.UseSmallFormat:0]]
[2026.04.03-15.47.21:955][  0]LogConfig: Setting CVar [[r.SkyAtmosphere.TransmittanceLUT.SampleCount:10.0]]
[2026.04.03-15.47.21:955][  0]LogConfig: Setting CVar [[r.SkyAtmosphere.MultiScatteringLUT.SampleCount:15.0]]
[2026.04.03-15.47.21:955][  0]LogConfig: Setting CVar [[r.SkyLight.RealTimeReflectionCapture:0]]
[2026.04.03-15.47.21:955][  0]LogConfig: Applying CVar settings from Section [FoliageQuality@1] File [C:/Users/User/Documents/Unreal Projects/Playtime_Multiplayer/Saved/Config/Windows/Scalability.ini]
[2026.04.03-15.47.21:955][  0]LogConfig: Setting CVar [[foliage.DensityScale:0.4]]
[2026.04.03-15.47.21:955][  0]LogConfig: Setting CVar [[grass.DensityScale:0.4]]
[2026.04.03-15.47.21:955][  0]LogConfig: Applying CVar settings from Section [ShadingQuality@1] File [C:/Users/User/Documents/Unreal Projects/Playtime_Multiplayer/Saved/Config/Windows/Scalability.ini]
[2026.04.03-15.47.21:955][  0]LogConfig: Setting CVar [[r.HairStrands.SkyLighting.IntegrationType:2]]
[2026.04.03-15.47.21:955][  0]LogConfig: Setting CVar [[r.HairStrands.SkyAO.SampleCount:4]]
[2026.04.03-15.47.21:955][  0]LogConfig: Setting CVar [[r.HairStrands.Visibility.MSAA.SamplePerPixel:1]]
[2026.04.03-15.47.21:955][  0]LogConfig: Applying CVar settings from Section [Startup] File [../../../Engine/Config/ConsoleVariables.ini]
[2026.04.03-15.47.21:956][  0]LogConfig: Setting CVar [[net.UseAdaptiveNetUpdateFrequency:0]]
[2026.04.03-15.47.21:956][  0]LogConfig: Setting CVar [[p.chaos.AllowCreatePhysxBodies:1]]
[2026.04.03-15.47.21:956][  0]LogConfig: Setting CVar [[fx.SkipVectorVMBackendOptimizations:1]]
[2026.04.03-15.47.21:956][  0]LogConfig: Applying CVar settings from Section [ConsoleVariables] File [C:/Users/User/Documents/Unreal Projects/Playtime_Multiplayer/Saved/Config/Windows/Engine.ini]
[2026.04.03-15.47.21:956][  0]LogConfig: Applying CVar settings from Section [ConsoleVariables] File [C:/Users/User/Documents/Unreal Projects/Playtime_Multiplayer/Saved/Config/Windows/Editor.ini]
[2026.04.03-15.47.21:958][  0]LogInit: Computer: WIN-O5Q6NLQMTLB
[2026.04.03-15.47.21:958][  0]LogInit: User: User
[2026.04.03-15.47.21:958][  0]LogInit: CPU Page size=4096, Cores=6
[2026.04.03-15.47.21:958][  0]LogInit: High frequency timer resolution =10.000000 MHz
[2026.04.03-15.47.21:958][  0]LogMemory: Memory total: Physical=7.8GB (8GB approx)
[2026.04.03-15.47.21:958][  0]LogMemory: Platform Memory Stats for Windows
[2026.04.03-15.47.21:958][  0]LogMemory: Process Physical Memory: 150.20 MB used, 150.20 MB peak
[2026.04.03-15.47.21:958][  0]LogMemory: Process Virtual Memory: 130.15 MB used, 130.15 MB peak
[2026.04.03-15.47.21:958][  0]LogMemory: Physical Memory: 5662.56 MB used,  2339.93 MB free, 8002.48 MB total
[2026.04.03-15.47.21:958][  0]LogMemory: Virtual Memory: 134209088.00 MB used,  8639.68 MB free, 134217728.00 MB total
[2026.04.03-15.47.21:969][  0]LogWindows: WindowsPlatformFeatures enabled
[2026.04.03-15.47.22:060][  0]LogInit: Physics initialised using underlying interface: PhysX
[2026.04.03-15.47.22:063][  0]LogInit: Using OS detected language (ru-RU).
[2026.04.03-15.47.22:063][  0]LogInit: Using OS detected locale (ru-RU).
[2026.04.03-15.47.22:100][  0]LogTextLocalizationManager: No specific localization for 'ru-RU' exists, so the 'ru' localization will be used.
[2026.04.03-15.47.22:101][  0]LogTextLocalizationResource: LocRes '../../../Engine/Content/Localization/Editor/ru/Editor.locres' could not be opened for reading!
[2026.04.03-15.47.22:101][  0]LogTextLocalizationResource: LocRes '../../../Engine/Content/Localization/EditorTutorials/ru/EditorTutorials.locres' could not be opened for reading!
[2026.04.03-15.47.22:101][  0]LogTextLocalizationResource: LocRes '../../../Engine/Content/Localization/Keywords/ru/Keywords.locres' could not be opened for reading!
[2026.04.03-15.47.22:101][  0]LogTextLocalizationResource: LocRes '../../../Engine/Content/Localization/Category/ru/Category.locres' could not be opened for reading!
[2026.04.03-15.47.22:102][  0]LogTextLocalizationResource: LocRes '../../../Engine/Content/Localization/ToolTips/ru/ToolTips.locres' could not be opened for reading!
[2026.04.03-15.47.22:102][  0]LogTextLocalizationResource: LocRes '../../../Engine/Content/Localization/PropertyNames/ru/PropertyNames.locres' could not be opened for reading!
[2026.04.03-15.47.22:102][  0]LogTextLocalizationResource: LocRes '../../../Engine/Content/Localization/Engine/ru/Engine.locres' could not be opened for reading!
[2026.04.03-15.47.22:119][  0]LogWindowsTextInputMethodSystem: Display: IME system deactivated.
[2026.04.03-15.47.22:143][  0]LogSlate: New Slate User Created.  User Index 0, Is Virtual User: 0
[2026.04.03-15.47.22:143][  0]LogSlate: Slate User Registered.  User Index 0, Is Virtual User: 0
[2026.04.03-15.47.22:626][  0]LogD3D11RHI: Loaded GFSDK_Aftermath_Lib.x64.dll
[2026.04.03-15.47.22:630][  0]LogHMD: Failed to initialize OpenVR with code 110
[2026.04.03-15.47.22:630][  0]LogD3D11RHI: D3D11 min allowed feature level: 11_0
[2026.04.03-15.47.22:630][  0]LogD3D11RHI: D3D11 max allowed feature level: 11_0
[2026.04.03-15.47.22:630][  0]LogD3D11RHI: D3D11 adapters:
[2026.04.03-15.47.22:985][  0]LogD3D11RHI:    0. 'Intel(R) UHD Graphics 630' (Feature Level 11_0)
[2026.04.03-15.47.22:985][  0]LogD3D11RHI:       128/0/4001 MB DedicatedVideo/DedicatedSystem/SharedSystem, Outputs:1, VendorId:0x8086
[2026.04.03-15.47.22:989][  0]LogD3D11RHI:    1. 'Microsoft Basic Render Driver' (Feature Level 11_0)
[2026.04.03-15.47.22:989][  0]LogD3D11RHI:       0/0/4001 MB DedicatedVideo/DedicatedSystem/SharedSystem, Outputs:0, VendorId:0x1414
[2026.04.03-15.47.22:989][  0]LogD3D11RHI: Chosen D3D11 Adapter:
[2026.04.03-15.47.22:989][  0]LogD3D11RHI:     Description : Intel(R) UHD Graphics 630
[2026.04.03-15.47.22:989][  0]LogD3D11RHI:     VendorId    : 8086
[2026.04.03-15.47.22:989][  0]LogD3D11RHI:     DeviceId    : 9bc8
[2026.04.03-15.47.22:989][  0]LogD3D11RHI:     SubSysId    : 372117aa
[2026.04.03-15.47.22:989][  0]LogD3D11RHI:     Revision    : 0003
[2026.04.03-15.47.22:989][  0]LogD3D11RHI:     DedicatedVideoMemory : 134217728 bytes
[2026.04.03-15.47.22:989][  0]LogD3D11RHI:     DedicatedSystemMemory : 0 bytes
[2026.04.03-15.47.22:989][  0]LogD3D11RHI:     SharedSystemMemory : 4195606528 bytes
[2026.04.03-15.47.22:989][  0]LogD3D11RHI:     AdapterLuid : 0 69656
[2026.04.03-15.47.22:996][  0]LogD3D11RHI: Creating new Direct3DDevice
[2026.04.03-15.47.22:996][  0]LogD3D11RHI:     GPU DeviceId: 0x9bc8 (for the marketing name, search the web for "GPU Device Id")
[2026.04.03-15.47.22:996][  0]LogWindows: EnumDisplayDevices:
[2026.04.03-15.47.22:996][  0]LogWindows:    0. 'Intel(R) UHD Graphics 630' (P:1 D:1)
[2026.04.03-15.47.22:997][  0]LogWindows:    1. 'Intel(R) UHD Graphics 630' (P:0 D:0)
[2026.04.03-15.47.22:997][  0]LogWindows:    2. 'Intel(R) UHD Graphics 630' (P:0 D:0)
[2026.04.03-15.47.22:997][  0]LogWindows: DebugString: FoundDriverCount:3 
[2026.04.03-15.47.22:997][  0]LogD3D11RHI:     Adapter Name: Intel(R) UHD Graphics 630
[2026.04.03-15.47.22:997][  0]LogD3D11RHI:   Driver Version: 31.0.101.2130 (internal:31.0.101.2130, unified:31.0.101.2130)
[2026.04.03-15.47.22:997][  0]LogD3D11RHI:      Driver Date: 8-13-2024
[2026.04.03-15.47.22:997][  0]LogRHI: Texture pool is 1490 MB (70% of 2128 MB)
[2026.04.03-15.47.23:018][  0]LogD3D11RHI: Creating D3DDevice using adapter:
[2026.04.03-15.47.23:018][  0]LogD3D11RHI:     Description : Intel(R) UHD Graphics 630
[2026.04.03-15.47.23:018][  0]LogD3D11RHI:     VendorId    : 8086
[2026.04.03-15.47.23:018][  0]LogD3D11RHI:     DeviceId    : 9bc8
[2026.04.03-15.47.23:018][  0]LogD3D11RHI:     SubSysId    : 372117aa
[2026.04.03-15.47.23:018][  0]LogD3D11RHI:     Revision    : 0003
[2026.04.03-15.47.23:018][  0]LogD3D11RHI:     DedicatedVideoMemory : 134217728 bytes
[2026.04.03-15.47.23:018][  0]LogD3D11RHI:     DedicatedSystemMemory : 0 bytes
[2026.04.03-15.47.23:018][  0]LogD3D11RHI:     SharedSystemMemory : 4195606528 bytes
[2026.04.03-15.47.23:018][  0]LogD3D11RHI:     AdapterLuid : 0 69656
[2026.04.03-15.47.23:266][  0]LogD3D11RHI: RHI does not have support for 64 bit atomics
[2026.04.03-15.47.23:296][  0]LogD3D11RHI: Intel Extensions support version Full=16777216, Major=1, Minor=0, Revision=0
[2026.04.03-15.47.23:296][  0]LogD3D11RHI: Intel Extensions support version Full=16777217, Major=1, Minor=0, Revision=1
[2026.04.03-15.47.23:296][  0]LogD3D11RHI: Intel Extensions Framework enabled
[2026.04.03-15.47.23:298][  0]LogD3D11RHI: [IntelMetricsDiscovery] Started
[2026.04.03-15.47.23:298][  0]LogD3D11RHI: Async texture creation enabled
[2026.04.03-15.47.23:298][  0]LogD3D11RHI: Array index from any shader is supported
[2026.04.03-15.47.23:324][  0]LogD3D11RHI: GPU Timing Frequency: 12.000048 (Debug: 2 0)
[2026.04.03-15.47.23:776][  0]LogTargetPlatformManager: Display: Loaded TargetPlatform 'AllDesktop'
[2026.04.03-15.47.23:801][  0]LogTargetPlatformManager: Display: Loaded TargetPlatform 'Android'
[2026.04.03-15.47.23:801][  0]LogTargetPlatformManager: Display: Loaded TargetPlatform 'Android_ASTC'
[2026.04.03-15.47.23:801][  0]LogTargetPlatformManager: Display: Loaded TargetPlatform 'Android_DXT'
[2026.04.03-15.47.23:801][  0]LogTargetPlatformManager: Display: Loaded TargetPlatform 'Android_ETC2'
[2026.04.03-15.47.23:801][  0]LogTargetPlatformManager: Display: Loaded TargetPlatform 'AndroidClient'
[2026.04.03-15.47.23:801][  0]LogTargetPlatformManager: Display: Loaded TargetPlatform 'Android_ASTCClient'
[2026.04.03-15.47.23:801][  0]LogTargetPlatformManager: Display: Loaded TargetPlatform 'Android_DXTClient'
[2026.04.03-15.47.23:801][  0]LogTargetPlatformManager: Display: Loaded TargetPlatform 'Android_ETC2Client'
[2026.04.03-15.47.23:801][  0]LogTargetPlatformManager: Display: Loaded TargetPlatform 'Android_Multi'
[2026.04.03-15.47.23:801][  0]LogTargetPlatformManager: Display: Loaded TargetPlatform 'Android_MultiClient'
[2026.04.03-15.47.23:821][  0]LogTargetPlatformManager: Display: Loaded TargetPlatform 'IOSClient'
[2026.04.03-15.47.23:821][  0]LogTargetPlatformManager: Display: Loaded TargetPlatform 'IOS'
[2026.04.03-15.47.23:832][  0]LogTargetPlatformManager: Display: Loaded TargetPlatform 'Linux'
[2026.04.03-15.47.23:837][  0]LogTargetPlatformManager: Display: Loaded TargetPlatform 'LinuxNoEditor'
[2026.04.03-15.47.23:842][  0]LogTargetPlatformManager: Display: Loaded TargetPlatform 'LinuxClient'
[2026.04.03-15.47.23:848][  0]LogTargetPlatformManager: Display: Loaded TargetPlatform 'LinuxServer'
[2026.04.03-15.47.23:862][  0]LogTargetPlatformManager: Display: Loaded TargetPlatform 'LinuxAArch64NoEditor'
[2026.04.03-15.47.23:866][  0]LogTargetPlatformManager: Display: Loaded TargetPlatform 'LinuxAArch64Client'
[2026.04.03-15.47.23:871][  0]LogTargetPlatformManager: Display: Loaded TargetPlatform 'LinuxAArch64Server'
[2026.04.03-15.47.23:900][  0]LogTargetPlatformManager: Display: Loaded TargetPlatform 'Lumin'
[2026.04.03-15.47.23:900][  0]LogTargetPlatformManager: Display: Loaded TargetPlatform 'LuminClient'
[2026.04.03-15.47.23:910][  0]LogTargetPlatformManager: Display: Loaded TargetPlatform 'MacNoEditor'
[2026.04.03-15.47.23:917][  0]LogTargetPlatformManager: Display: Loaded TargetPlatform 'Mac'
[2026.04.03-15.47.23:923][  0]LogTargetPlatformManager: Display: Loaded TargetPlatform 'MacClient'
[2026.04.03-15.47.23:929][  0]LogTargetPlatformManager: Display: Loaded TargetPlatform 'MacServer'
[2026.04.03-15.47.23:940][  0]LogTargetPlatformManager: Display: Loaded TargetPlatform 'TVOSClient'
[2026.04.03-15.47.23:940][  0]LogTargetPlatformManager: Display: Loaded TargetPlatform 'TVOS'
[2026.04.03-15.47.23:951][  0]LogTargetPlatformManager: Display: Loaded TargetPlatform 'WindowsNoEditor'
[2026.04.03-15.47.23:955][  0]LogTargetPlatformManager: Display: Loaded TargetPlatform 'Windows'
[2026.04.03-15.47.23:959][  0]LogTargetPlatformManager: Display: Loaded TargetPlatform 'WindowsClient'
[2026.04.03-15.47.23:966][  0]LogTargetPlatformManager: Display: Loaded TargetPlatform 'WindowsServer'
[2026.04.03-15.47.23:966][  0]LogTargetPlatformManager: Display: Building Assets For Windows
[2026.04.03-15.47.23:975][  0]LogAudioDebug: Display: Lib vorbis DLL was dynamically loaded.
[2026.04.03-15.47.24:019][  0]LogTextureFormatOodle: Display: Oodle Texture 2.9.0 init RDO Off
[2026.04.03-15.47.24:105][  0]LogRendererCore: Ray tracing is disabled. Reason: r.RayTracing=0.
[2026.04.03-15.47.24:106][  0]LogShaderCompilers: Guid format shader working directory is -31 characters bigger than the processId version (../../../../../../Users/User/Documents/Unreal Projects/Playtime_Multiplayer/Intermediate/Shaders/WorkingDirectory/13604/).
[2026.04.03-15.47.24:106][  0]LogShaderCompilers: Cleaned the shader compiler working directory 'C:/Users/User/AppData/Local/Temp/UnrealShaderWorkingDir/2A3B72554AA2A1F7E3EA4DA02514F14C/'.
[2026.04.03-15.47.24:106][  0]LogXGEController: Cannot use XGE Controller as Incredibuild is not installed on this machine.
[2026.04.03-15.47.24:107][  0]LogShaderCompilers: Cannot use XGE Shader Compiler as Incredibuild is not installed on this machine.
[2026.04.03-15.47.24:107][  0]LogShaderCompilers: Display: Using Local Shader Compiler.
[2026.04.03-15.47.25:238][  0]LogDerivedDataCache: Display: Max Cache Size: 512 MB
[2026.04.03-15.47.25:840][  0]LogDerivedDataCache: Loaded boot cache 0.60s 94MB C:/Users/User/AppData/Local/UnrealEngine/4.27/DerivedDataCache/Boot.ddc.
[2026.04.03-15.47.25:840][  0]LogDerivedDataCache: Display: Loaded Boot cache: C:/Users/User/AppData/Local/UnrealEngine/4.27/DerivedDataCache/Boot.ddc
[2026.04.03-15.47.25:840][  0]LogDerivedDataCache: FDerivedDataBackendGraph:  Pak pak cache file ../../../../../../Users/User/Documents/Unreal Projects/Playtime_Multiplayer/DerivedDataCache/DDC.ddp not found, will not use a pak cache.
[2026.04.03-15.47.25:840][  0]LogDerivedDataCache: Unable to find inner node Pak for hierarchical cache Hierarchy.
[2026.04.03-15.47.25:840][  0]LogDerivedDataCache: FDerivedDataBackendGraph:  CompressedPak pak cache file ../../../../../../Users/User/Documents/Unreal Projects/Playtime_Multiplayer/DerivedDataCache/Compressed.ddp not found, will not use a pak cache.
[2026.04.03-15.47.25:840][  0]LogDerivedDataCache: Unable to find inner node CompressedPak for hierarchical cache Hierarchy.
[2026.04.03-15.47.25:867][  0]LogDerivedDataCache: Display: Pak cache opened for reading ../../../Engine/DerivedDataCache/Compressed.ddp.
[2026.04.03-15.47.25:868][  0]LogDerivedDataCache: FDerivedDataBackendGraph:  EnterprisePak pak cache file ../../../Enterprise/DerivedDataCache/Compressed.ddp not found, will not use a pak cache.
[2026.04.03-15.47.25:868][  0]LogDerivedDataCache: Unable to find inner node EnterprisePak for hierarchical cache Hierarchy.
[2026.04.03-15.47.25:886][  0]LogDerivedDataCache: Speed tests for C:/Users/User/AppData/Local/UnrealEngine/Common/DerivedDataCache took 0.02 seconds
[2026.04.03-15.47.25:886][  0]LogDerivedDataCache: Display: Performance to C:/Users/User/AppData/Local/UnrealEngine/Common/DerivedDataCache: Latency=0.45ms. RandomReadSpeed=106.04MBs, RandomWriteSpeed=229.72MBs. Assigned SpeedClass 'Local'
[2026.04.03-15.47.25:887][  0]LogDerivedDataCache: Using Local data cache path C:/Users/User/AppData/Local/UnrealEngine/Common/DerivedDataCache: Writable
[2026.04.03-15.47.25:887][  0]LogDerivedDataCache: Shared data cache path not found in *engine.ini, will not use an Shared cache.
[2026.04.03-15.47.25:887][  0]LogDerivedDataCache: Unable to find inner node Shared for hierarchical cache Hierarchy.
[2026.04.03-15.47.25:954][  0]LogSlate: Using FreeType 2.10.0
[2026.04.03-15.47.25:955][  0]LogSlate: SlateFontServices - WITH_FREETYPE: 1, WITH_HARFBUZZ: 1
[2026.04.03-15.47.25:996][  0]LogAssetRegistry: FAssetRegistry took 0.0044 seconds to start up
[2026.04.03-15.47.26:533][  0]LogInit: Selected Device Profile: [Windows]
[2026.04.03-15.47.26:533][  0]LogInit: Active device profile: [00000208A6305100][00000208A55DBC00 49] Windows
[2026.04.03-15.47.26:533][  0]LogInit: Profiles: [00000208A6305100][00000208A55DBC00 49] Windows, [00000208A62DE600][00000208A55E2200 49] WindowsNoEditor, [00000208A6306200][00000208A55E6380 49] WindowsServer, [00000208A62DD800][00000208A55EA500 49] WindowsClient, [00000208A6305700][00000208A55EE680 49] IOS, [00000208A62DE800][00000208A55F2800 49] iPadAir, [00000208A6307C00][00000208A55DE940 49] iPadAir2, [00000208A628D400][00000208A55FAB80 49] IPadPro, [00000208A628D500][00000208A55F6BC0 49] iPadAir3, [00000208A62DF900][00000208A55FED00 49] iPadAir4, [00000208A628E300][00000208A5606E80 49] iPadMini2, [00000208A62DF000][00000208A560B000 49] iPadMini3, [00000208A628EF00][00000208A6621180 49] iPadMini4, [00000208A62DDD00][00000208A6625300 49] iPadMini5, [00000208A62AD000][00000208A662D5C0 49] iPhone6, [00000208A62AD100][00000208A6629600 49] iPodTouch6, [00000208A6307900][00000208A66358C0 49] iPhone7, [00000208A6306900][00000208A6631900 49] iPodTouch7, [00000208A628D000][00000208A6639A80 49] iPhone5S, [00000208A6306F00][00000208A663DC00 49] iPhone6Plus, [00000208A628F600][00000208A6640200 49] iPhone6S, [00000208A6304C00][00000208A6644380 49] iPhone6SPlus, [00000208A6305D00][00000208A6648500 49] iPhone7Plus, [00000208A62AC800][00000208A664C680 49] iPhoneSE, [00000208A6304400][00000208A6650800 49] iPhone8, [00000208A62AC900][00000208A6654980 49] iPhone8Plus, [00000208A62AEE00][00000208A6658B00 49] iPhoneX, [00000208A628DD00][00000208A5602C40 49] iPhoneXS, [00000208A62AE700][00000208A665CD80 49] iPhoneXSMax, [00000208A628DC00][00000208A6660EC0 49] iPhoneXR, [00000208A62AE800][00000208A6669040 49] iPhone11, [00000208A628CF00][00000208A666D1C0 49] iPhone11Pro, [00000208A62ACB00][00000208A6671340 49] iPhone11ProMax, [00000208A628CD00][00000208A66754C0 49] iPhoneSE2, [00000208A62ACE00][00000208A6679640 49] iPhone12Mini, [00000208A6307800][00000208A667D7C0 49] iPhone12, [00000208A62AF000][00000208A6681940 49] iPhone12Pro, [00000208A6307700][00000208A6685AC0 49] iPhone12ProMax, [00000208A62ADE00][00000208A66880C0 49] iPadPro105, [00000208A6305300][00000208A668C240 49] iPadPro129, [00000208A62AFE00][00000208A66903C0 49] iPadPro97, [00000208A6305C00][00000208A6694540 49] iPadPro2_129, [00000208A62AE000][00000208A66986C0 49] iPad5, [00000208A6306300][00000208A669C840 49] iPad6, [00000208A62AFB00][00000208A66A09C0 49] iPad7, [00000208A6305E00][00000208A66A4B40 49] iPad8, [00000208A62ACA00][00000208A66A8CC0 49] iPadPro11, [00000208A6306600][00000208A6664E00 49] iPadPro2_11, [00000208A62ACF00][00000208A66ACF40 49] iPadPro3_129, [00000208A6306800][00000208A66B1080 49] iPadPro4_129, [00000208A62AFC00][00000208A66B51C0 49] AppleTV, [00000208A6305A00][00000208A66BD340 49] AppleTV4K, [00000208A62AE600][00000208A66C14C0 49] TVOS, [00000208A6306100][00000208A66C5640 49] Mac, [00000208A62AEF00][00000208A66C97C0 49] MacClient, [00000208A6306A00][00000208A66CD940 49] MacNoEditor, [00000208A62AEC00][00000208A66D1AC0 49] MacServer, [00000208A6307000][00000208A66D40C0 49] Linux, [00000208A62AC400][00000208A66D8240 49] LinuxAArch64, [00000208A6304700][00000208A66DC3C0 49] LinuxNoEditor, [00000208A62AF700][00000208A66E0540 49] LinuxAArch64NoEditor, [00000208A6307B00][00000208A66E46C0 49] LinuxClient, [00000208A62AF400][00000208A66E8840 49] LinuxAArch64Client, [00000208A6307E00][00000208A66EC9C0 49] LinuxServer, [00000208A62AC700][00000208A66F0B40 49] LinuxAArch64Server, [00000208A6305F00][00000208A66F4CC0 49] Android, [00000208A62AEA00][00000208A66F8E40 49] Android_Low, [00000208A6306D00][00000208A66B8F80 49] Android_Mid, [00000208A62ADF00][00000208A66FD0C0 49] Android_High, [00000208A6306B00][00000208A6701200 49] Android_Default, [00000208A62AC100][00000208A6705340 49] Android_Adreno4xx, [00000208A6304500][00000208A670D4C0 49] Android_Adreno5xx_Low, [00000208A62AD400][00000208A6711640 49] Android_Adreno5xx, [00000208A6307400][00000208A67157C0 49] Android_Adreno6xx, [00000208A62AE300][00000208A6719940 49] Android_Adreno6xx_Vulkan, [00000208A6307D00][00000208A671DAC0 49] Android_Mali_T6xx, [00000208A62AC200][00000208A67200C0 49] Android_Mali_T7xx, [00000208A6307600][00000208A6724240 49] Android_Mali_T8xx, [00000208A62AF200][00000208A67283C0 49] Android_Mali_G71, [00000208A628F100][00000208A672C540 49] Android_Mali_G72, [00000208A62DEE00][00000208A67306C0 49] Android_Mali_G72_Vulkan, [00000208A628EB00][00000208A6734840 49] Android_Mali_G76, [00000208A62DC500][00000208A67389C0 49] Android_Mali_G76_Vulkan, [00000208A628CC00][00000208A673CB40 49] Android_Mali_G77, [00000208A62DC600][00000208A6740CC0 49] Android_Mali_G77_Vulkan, [00000208A628E400][00000208A6744E40 49] Android_Mali_G78, [00000208A62DCD00][00000208A6748FC0 49] Android_Mali_G78_Vulkan, [00000208A628FD00][00000208A674D140 49] Android_Mali_G710, [00000208A62DEA00][00000208A6709280 49] Android_Mali_G710_Vulkan, [00000208A628EA00][00000208A67513C0 49] Android_Vulkan_SM5, [00000208A62DD900][00000208A6755500 49] Android_PowerVR_G6xxx, [00000208A628C500][00000208A675D680 49] Android_PowerVR_GT7xxx, [00000208A62DC200][00000208A6761800 49] Android_PowerVR_GE8xxx, [00000208A628FB00][00000208A6765980 49] Android_PowerVR_GM9xxx, [00000208A62DE000][00000208A6769B00 49] Android_PowerVR_GM9xxx_Vulkan, [00000208A628DF00][00000208A676C100 49] Android_TegraK1, [00000208A62DCA00][00000208A6770280 49] Android_Unknown_Vulkan, [00000208A628F900][00000208A6774400 49] Lumin, [00000208A62DD100][00000208A6778580 49] Lumin_Desktop, [00000208A628E000][00000208A677C700 49] HoloLens, 
[2026.04.03-15.47.26:761][  0]LogMeshReduction: Using QuadricMeshReduction for automatic static mesh reduction
[2026.04.03-15.47.26:761][  0]LogMeshReduction: Using SimplygonMeshReduction for automatic skeletal mesh reduction
[2026.04.03-15.47.26:761][  0]LogMeshReduction: Using ProxyLODMeshReduction for automatic mesh merging
[2026.04.03-15.47.26:761][  0]LogMeshReduction: No distributed automatic mesh merging module available
[2026.04.03-15.47.26:762][  0]LogMeshMerging: No distributed automatic mesh merging module available
[2026.04.03-15.47.26:794][  0]LogNetVersion: Playtime_Multiplayer 1.0.0, NetCL: 17155196, EngineNetVer: 17, GameNetVer: 0 (Checksum: 2025055209)
[2026.04.03-15.47.27:574][  0]LogTexture: Default maximum texture size for cubemaps generated from long-lat sources has been changed from 512 to unlimited. In order to preserve old behaiour for '/Engine/MapTemplates/Sky/DaylightAmbientCubemap.DaylightAmbientCubemap', its maximum texture size has been explicitly set to 512.
[2026.04.03-15.47.27:660][  0]LogHMD: PokeAHoleMaterial loaded successfully
[2026.04.03-15.47.27:668][  0]LogUObjectArray: 17178 objects as part of root set at end of initial load.
[2026.04.03-15.47.27:668][  0]LogUObjectAllocator: 4302048 out of 0 bytes used by permanent object pool.
[2026.04.03-15.47.27:668][  0]LogUObjectArray: CloseDisregardForGC: 0/0 objects in disregard for GC pool
[2026.04.03-15.47.28:483][  0]LogNiagaraDebuggerClient: Niagara Debugger Client Initialized | Session: 049B16944FA80E2399F2DF9E35DC1095 | Instance: 22EB355041CFE9EADEBFE0B7E3F09ABE (WIN-O5Q6NLQMTLB-13604).
[2026.04.03-15.47.28:600][  0]LogPython: Using Python 3.7.7
[2026.04.03-15.47.29:422][  0]LogTcpMessaging: Initializing TcpMessaging bridge
[2026.04.03-15.47.29:430][  0]LogUdpMessaging: Initializing bridge on interface 0.0.0.0:0 to multicast group 230.0.0.1:6666.
[2026.04.03-15.47.29:569][  0]LogLinker: Warning: Failed to load '/Game/FirstPersonBP/FirstPersonOverview': Can't find file.
[2026.04.03-15.47.29:569][  0]LogLinker: Warning: Failed to load '/Game/FirstPersonBP/FirstPersonOverview': Can't find file.
[2026.04.03-15.47.29:569][  0]LogUObjectGlobals: Warning: Failed to find object 'Class /Game/FirstPersonBP/FirstPersonOverview.FirstPersonOverview_C'
[2026.04.03-15.47.29:701][  0]SourceControl: Source control is disabled
[2026.04.03-15.47.29:701][  0]SourceControl: Source control is disabled
[2026.04.03-15.47.29:711][  0]SourceControl: Source control is disabled
[2026.04.03-15.47.29:718][  0]SourceControl: Source control is disabled
[2026.04.03-15.47.29:729][  0]SourceControl: Source control is disabled
[2026.04.03-15.47.29:736][  0]LogUProjectInfo: Found projects:
[2026.04.03-15.47.30:097][  0]LogOpenImageDenoise: OIDN starting up
[2026.04.03-15.47.30:165][  0]LogAndroidPermission: UAndroidPermissionCallbackProxy::GetInstance
[2026.04.03-15.47.30:187][  0]LogAudioCaptureCore: Display: No Audio Capture implementations found. Audio input will be silent.
[2026.04.03-15.47.30:187][  0]LogAudioCaptureCore: Display: No Audio Capture implementations found. Audio input will be silent.
[2026.04.03-15.47.30:405][  0]LogCollectionManager: Loaded 0 collections in 0.002283 seconds
[2026.04.03-15.47.30:438][  0]LogFileCache: Scanning file cache for directory 'C:/Users/User/Documents/Unreal Projects/Playtime_Multiplayer/Saved/Collections/' took 0.00s
[2026.04.03-15.47.30:438][  0]LogFileCache: Scanning file cache for directory 'C:/Users/User/Documents/Unreal Projects/Playtime_Multiplayer/Content/Developers/User/Collections/' took 0.00s
[2026.04.03-15.47.30:438][  0]LogFileCache: Scanning file cache for directory 'C:/Users/User/Documents/Unreal Projects/Playtime_Multiplayer/Content/Collections/' took 0.00s
[2026.04.03-15.47.30:438][  0]LogOcInput: OculusInput pre-init called
[2026.04.03-15.47.30:824][  0]LogEngine: Initializing Engine...
[2026.04.03-15.47.30:831][  0]LogHMD: Failed to enumerate extensions. Please check that you have a valid OpenXR runtime installed.
[2026.04.03-15.47.30:831][  0]LogHMD: Failed to initialize OpenVR with code 110
[2026.04.03-15.47.30:832][  0]LogMagicLeap: Warning: VR disabled because ZI is not enabled.  To enable, in the editor, Edit -> Project Settings -> Plugins -> Magic Leap Plugin -> Enable Zero Iteration
[2026.04.03-15.47.30:835][  0]LogStats: UGameplayTagsManager::InitializeManager -  0.001 s
[2026.04.03-15.47.31:040][  0]LogInit: Initializing FReadOnlyCVARCache
[2026.04.03-15.47.31:061][  0]LogAIModule: Creating AISystem for world Untitled
[2026.04.03-15.47.31:077][  0]LogAudio: Display: Initializing Audio Device Manager...
[2026.04.03-15.47.31:081][  0]LogAudio: Display: Loading Default Audio Settings Objects...
[2026.04.03-15.47.31:083][  0]LogAudio: Display: No default SoundConcurrencyObject specified (or failed to load).
[2026.04.03-15.47.31:083][  0]LogAudio: Display: Audio Device Manager Initialized
[2026.04.03-15.47.31:083][  0]LogAudio: Display: Creating Audio Device:                 Id: 1, Scope: Shared, Realtime: True
[2026.04.03-15.47.31:083][  0]LogAudioMixer: Display: Audio Mixer Platform Settings:
[2026.04.03-15.47.31:084][  0]LogAudioMixer: Display: 	Sample Rate:						  48000
[2026.04.03-15.47.31:084][  0]LogAudioMixer: Display: 	Callback Buffer Frame Size Requested: 1024
[2026.04.03-15.47.31:084][  0]LogAudioMixer: Display: 	Callback Buffer Frame Size To Use:	  1024
[2026.04.03-15.47.31:084][  0]LogAudioMixer: Display: 	Number of buffers to queue:			  2
[2026.04.03-15.47.31:084][  0]LogAudioMixer: Display: 	Max Channels (voices):				  32
[2026.04.03-15.47.31:084][  0]LogAudioMixer: Display: 	Number of Async Source Workers:		  0
[2026.04.03-15.47.31:084][  0]LogAudio: Display: AudioDevice MaxSources: 32
[2026.04.03-15.47.31:084][  0]LogAudio: Display: Audio Spatialization Plugin: None (built-in).
[2026.04.03-15.47.31:084][  0]LogAudio: Display: Audio Reverb Plugin: None (built-in).
[2026.04.03-15.47.31:084][  0]LogAudio: Display: Audio Occlusion Plugin: None (built-in).
[2026.04.03-15.47.31:084][  0]LogAudioMixer: Display: Initializing audio mixer.
[2026.04.03-15.47.31:119][  0]LogAudioMixer: Display: 0: FrontLeft
[2026.04.03-15.47.31:119][  0]LogAudioMixer: Display: 1: FrontRight
[2026.04.03-15.47.31:155][  0]LogAudioMixer: Display: Using Audio Device Headphones (Realtek(R) Audio)
[2026.04.03-15.47.31:159][  0]LogAudioMixer: Display: Initializing Sound Submixes...
[2026.04.03-15.47.31:164][  0]LogAudioMixer: Display: Creating Master Submix 'MasterSubmixDefault'
[2026.04.03-15.47.31:164][  0]LogAudioMixer: Display: Creating Master Submix 'MasterReverbSubmixDefault'
[2026.04.03-15.47.31:165][  0]LogAudioMixer: Display: Creating Master Submix 'MasterEQSubmixDefault'
[2026.04.03-15.47.31:165][  0]LogAudioMixer: FMixerPlatformXAudio2::StartAudioStream() called
[2026.04.03-15.47.31:165][  0]LogAudioMixer: Display: Output buffers initialized: Frames=1024, Channels=2, Samples=2048
[2026.04.03-15.47.31:166][  0]LogAudioMixer: Display: Starting AudioMixerPlatformInterface::RunInternal()
[2026.04.03-15.47.31:166][  0]LogAudioMixer: Display: FMixerPlatformXAudio2::SubmitBuffer() called for the first time
[2026.04.03-15.47.31:166][  0]LogInit: FAudioDevice initialized.
[2026.04.03-15.47.31:166][  0]LogAudio: Display: Audio Device (ID: 1) registered with world 'Untitled'.
[2026.04.03-15.47.31:166][  0]LogNetVersion: Set ProjectVersion to 1.0.0.0. Version Checksum will be recalculated on next use.
[2026.04.03-15.47.31:407][  0]LogDerivedDataCache: Saved boot cache 0.24s 94MB C:/Users/User/AppData/Local/UnrealEngine/4.27/DerivedDataCache/Boot.ddc.
[2026.04.03-15.47.31:410][  0]LogInit: Texture streaming: Enabled
[2026.04.03-15.47.31:432][  0]LogAnalytics: Display: [UEEditor.Rocket.Release] APIServer = https://datarouter.ol.epicgames.com/. AppVersion = 4.27.2-18319896+++UE4+Release-4.27
[2026.04.03-15.47.31:445][  0]LogEngineSessionManager: EngineSessionManager initialized
[2026.04.03-15.47.31:445][  0]LogEngineSessionManager: EngineSessionManager sent abnormal shutdown report. Type=Crashed, SessionId={5A560588-4F88-D867-54C4-4C999248BB93}
[2026.04.03-15.47.31:445][  0]LogEditorSessionSummary: Verbose: Initializing EditorSessionSummaryWriter for editor session tracking
[2026.04.03-15.47.31:449][  0]LogEditorSessionSummary: EditorSessionSummaryWriter initialized
[2026.04.03-15.47.31:499][  0]LogInit: Transaction tracking system initialized
[2026.04.03-15.47.31:534][  0]BlueprintLog: New page: Editor Load
[2026.04.03-15.47.31:643][  0]LocalizationService: Localization service is disabled
[2026.04.03-15.47.31:692][  0]TimingProfiler: Initialize
[2026.04.03-15.47.31:694][  0]TimingProfiler: OnSessionChanged
[2026.04.03-15.47.31:694][  0]LoadingProfiler: Initialize
[2026.04.03-15.47.31:695][  0]LoadingProfiler: OnSessionChanged
[2026.04.03-15.47.31:695][  0]NetworkingProfiler: Initialize
[2026.04.03-15.47.31:695][  0]NetworkingProfiler: OnSessionChanged
[2026.04.03-15.47.31:695][  0]MemoryProfiler: Initialize
[2026.04.03-15.47.31:695][  0]MemoryProfiler: OnSessionChanged
[2026.04.03-15.47.31:943][  0]LogCook: Display: CookSettings for Memory: MemoryMaxUsedVirtual 0MiB, MemoryMaxUsedPhysical 16384MiB, MemoryMinFreeVirtual 0MiB, MemoryMinFreePhysical 1024MiB
[2026.04.03-15.47.31:943][  0]LogCook: Display: Mobile HDR setting 1
[2026.04.03-15.47.32:903][  0]LogFileCache: Scanning file cache for directory 'C:/Users/User/Documents/Unreal Projects/Playtime_Multiplayer/Content/' took 0.01s
[2026.04.03-15.47.33:725][  0]LogInit: Display: Engine is initialized. Leaving FEngineLoop::Init()
[2026.04.03-15.47.33:732][  0]SourceControl: Source control is disabled
[2026.04.03-15.47.33:733][  0]LogUnrealEdMisc: Loading editor; pre map load, took 14.895
[2026.04.03-15.47.33:734][  0]Cmd: MAP LOAD FILE="../../../../../../Users/User/Documents/Unreal Projects/Playtime_Multiplayer/Content/StarterContent/Maps/Minimal_Default.umap" TEMPLATE=0 SHOWPROGRESS=1 FEATURELEVEL=3
[2026.04.03-15.47.33:734][  0]LogEditorServer: Warning: Can't find file '../../../../../../Users/User/Documents/Unreal Projects/Playtime_Multiplayer/Content/StarterContent/Maps/Minimal_Default.umap'
[2026.04.03-15.47.33:734][  0]Cmd: MAP CHECKDEP NOCLEARLOG
[2026.04.03-15.47.33:734][  0]MapCheck: Map check complete: 0 Error(s), 0 Warning(s), took 0,134ms to complete.
[2026.04.03-15.47.33:734][  0]LogFileHelpers: Loading map 'Minimal_Default' took 0.001
[2026.04.03-15.47.33:755][  0]LogUnrealEdMisc: Total Editor Startup Time, took 14.919
[2026.04.03-15.47.33:929][  0]LogSlate: Updating window title bar state: overlay mode, drag disabled, window buttons hidden, title bar hidden
[2026.04.03-15.47.33:935][  0]LogSlate: Updating window title bar state: overlay mode, drag disabled, window buttons hidden, title bar hidden
[2026.04.03-15.47.33:943][  0]LogSlate: Updating window title bar state: overlay mode, drag disabled, window buttons hidden, title bar hidden
[2026.04.03-15.47.33:950][  0]LogSlate: Updating window title bar state: overlay mode, drag disabled, window buttons hidden, title bar hidden
[2026.04.03-15.47.33:977][  0]LogNativeClassHierarchy: Verbose: Native class hierarchy populated in 0.0116 seconds. Added 3845 classes and 934 folders.
[2026.04.03-15.47.33:982][  0]LogNativeClassHierarchy: Verbose: Native class hierarchy updated for 'WidgetCarousel' in 0.0003 seconds. Added 0 classes and 0 folders.
[2026.04.03-15.47.33:990][  0]LogPakFile: PakFile PrimaryIndexSize=187
[2026.04.03-15.47.33:990][  0]LogPakFile: PakFile PathHashIndexSize=101
[2026.04.03-15.47.33:990][  0]LogPakFile: PakFile FullDirectoryIndexSize=148
[2026.04.03-15.47.33:990][  0]LogShaderLibrary: Display: ShaderCodeLibraryPakFileMountedCallback: PakFile 'C:/Program Files/Epic Games/UE_4.27/FeaturePacks/FP_FirstPerson.upack' (chunk index -1, root 'root:/') mounted
[2026.04.03-15.47.33:990][  0]LogShaderLibrary: Display: ShaderCodeLibraryPakFileMountedCallback: pending pak file info (ChunkID:-1 Root:root:/ File:C:/Program Files/Epic Games/UE_4.27/FeaturePacks/FP_FirstPerson.upack)
[2026.04.03-15.47.33:990][  0]LogPakFile: OnPakFileMounted2Time == 0.000105
[2026.04.03-15.47.33:993][  0]LogPakFile: PakFile PrimaryIndexSize=189
[2026.04.03-15.47.33:993][  0]LogPakFile: PakFile PathHashIndexSize=101
[2026.04.03-15.47.33:993][  0]LogPakFile: PakFile FullDirectoryIndexSize=152
[2026.04.03-15.47.33:993][  0]LogShaderLibrary: Display: ShaderCodeLibraryPakFileMountedCallback: PakFile 'C:/Program Files/Epic Games/UE_4.27/FeaturePacks/FP_FirstPersonBP.upack' (chunk index -1, root 'root:/') mounted
[2026.04.03-15.47.33:993][  0]LogShaderLibrary: Display: ShaderCodeLibraryPakFileMountedCallback: pending pak file info (ChunkID:-1 Root:root:/ File:C:/Program Files/Epic Games/UE_4.27/FeaturePacks/FP_FirstPersonBP.upack)
[2026.04.03-15.47.33:993][  0]LogPakFile: OnPakFileMounted2Time == 0.000052
[2026.04.03-15.47.33:995][  0]LogPakFile: PakFile PrimaryIndexSize=191
[2026.04.03-15.47.33:995][  0]LogPakFile: PakFile PathHashIndexSize=101
[2026.04.03-15.47.33:995][  0]LogPakFile: PakFile FullDirectoryIndexSize=160
[2026.04.03-15.47.33:995][  0]LogShaderLibrary: Display: ShaderCodeLibraryPakFileMountedCallback: PakFile 'C:/Program Files/Epic Games/UE_4.27/FeaturePacks/MobileStarterContent.upack' (chunk index -1, root 'root:/') mounted
[2026.04.03-15.47.33:995][  0]LogShaderLibrary: Display: ShaderCodeLibraryPakFileMountedCallback: pending pak file info (ChunkID:-1 Root:root:/ File:C:/Program Files/Epic Games/UE_4.27/FeaturePacks/MobileStarterContent.upack)
[2026.04.03-15.47.33:995][  0]LogPakFile: OnPakFileMounted2Time == 0.000041
[2026.04.03-15.47.33:997][  0]LogPakFile: PakFile PrimaryIndexSize=185
[2026.04.03-15.47.33:998][  0]LogPakFile: PakFile PathHashIndexSize=101
[2026.04.03-15.47.33:998][  0]LogPakFile: PakFile FullDirectoryIndexSize=148
[2026.04.03-15.47.33:998][  0]LogShaderLibrary: Display: ShaderCodeLibraryPakFileMountedCallback: PakFile 'C:/Program Files/Epic Games/UE_4.27/FeaturePacks/StarterContent.upack' (chunk index -1, root 'root:/') mounted
[2026.04.03-15.47.33:998][  0]LogShaderLibrary: Display: ShaderCodeLibraryPakFileMountedCallback: pending pak file info (ChunkID:-1 Root:root:/ File:C:/Program Files/Epic Games/UE_4.27/FeaturePacks/StarterContent.upack)
[2026.04.03-15.47.33:998][  0]LogPakFile: OnPakFileMounted2Time == 0.000043
[2026.04.03-15.47.33:999][  0]LogPakFile: PakFile PrimaryIndexSize=190
[2026.04.03-15.47.33:999][  0]LogPakFile: PakFile PathHashIndexSize=101
[2026.04.03-15.47.33:999][  0]LogPakFile: PakFile FullDirectoryIndexSize=154
[2026.04.03-15.47.33:999][  0]LogShaderLibrary: Display: ShaderCodeLibraryPakFileMountedCallback: PakFile 'C:/Program Files/Epic Games/UE_4.27/FeaturePacks/TP_2DSideScroller.upack' (chunk index -1, root 'root:/') mounted
[2026.04.03-15.47.33:999][  0]LogShaderLibrary: Display: ShaderCodeLibraryPakFileMountedCallback: pending pak file info (ChunkID:-1 Root:root:/ File:C:/Program Files/Epic Games/UE_4.27/FeaturePacks/TP_2DSideScroller.upack)
[2026.04.03-15.47.33:999][  0]LogPakFile: OnPakFileMounted2Time == 0.000053
[2026.04.03-15.47.34:001][  0]LogPakFile: PakFile PrimaryIndexSize=192
[2026.04.03-15.47.34:001][  0]LogPakFile: PakFile PathHashIndexSize=101
[2026.04.03-15.47.34:001][  0]LogPakFile: PakFile FullDirectoryIndexSize=158
[2026.04.03-15.47.34:001][  0]LogShaderLibrary: Display: ShaderCodeLibraryPakFileMountedCallback: PakFile 'C:/Program Files/Epic Games/UE_4.27/FeaturePacks/TP_2DSideScrollerBP.upack' (chunk index -1, root 'root:/') mounted
[2026.04.03-15.47.34:001][  0]LogShaderLibrary: Display: ShaderCodeLibraryPakFileMountedCallback: pending pak file info (ChunkID:-1 Root:root:/ File:C:/Program Files/Epic Games/UE_4.27/FeaturePacks/TP_2DSideScrollerBP.upack)
[2026.04.03-15.47.34:001][  0]LogPakFile: OnPakFileMounted2Time == 0.000066
[2026.04.03-15.47.34:003][  0]LogPakFile: PakFile PrimaryIndexSize=182
[2026.04.03-15.47.34:003][  0]LogPakFile: PakFile PathHashIndexSize=101
[2026.04.03-15.47.34:003][  0]LogPakFile: PakFile FullDirectoryIndexSize=138
[2026.04.03-15.47.34:003][  0]LogShaderLibrary: Display: ShaderCodeLibraryPakFileMountedCallback: PakFile 'C:/Program Files/Epic Games/UE_4.27/FeaturePacks/TP_Flying.upack' (chunk index -1, root 'root:/') mounted
[2026.04.03-15.47.34:003][  0]LogShaderLibrary: Display: ShaderCodeLibraryPakFileMountedCallback: pending pak file info (ChunkID:-1 Root:root:/ File:C:/Program Files/Epic Games/UE_4.27/FeaturePacks/TP_Flying.upack)
[2026.04.03-15.47.34:003][  0]LogPakFile: OnPakFileMounted2Time == 0.000051
[2026.04.03-15.47.34:004][  0]LogPakFile: PakFile PrimaryIndexSize=184
[2026.04.03-15.47.34:004][  0]LogPakFile: PakFile PathHashIndexSize=101
[2026.04.03-15.47.34:004][  0]LogPakFile: PakFile FullDirectoryIndexSize=142
[2026.04.03-15.47.34:004][  0]LogShaderLibrary: Display: ShaderCodeLibraryPakFileMountedCallback: PakFile 'C:/Program Files/Epic Games/UE_4.27/FeaturePacks/TP_FlyingBP.upack' (chunk index -1, root 'root:/') mounted
[2026.04.03-15.47.34:004][  0]LogShaderLibrary: Display: ShaderCodeLibraryPakFileMountedCallback: pending pak file info (ChunkID:-1 Root:root:/ File:C:/Program Files/Epic Games/UE_4.27/FeaturePacks/TP_FlyingBP.upack)
[2026.04.03-15.47.34:004][  0]LogPakFile: OnPakFileMounted2Time == 0.000048
[2026.04.03-15.47.34:008][  0]LogPakFile: PakFile PrimaryIndexSize=188
[2026.04.03-15.47.34:008][  0]LogPakFile: PakFile PathHashIndexSize=101
[2026.04.03-15.47.34:008][  0]LogPakFile: PakFile FullDirectoryIndexSize=150
[2026.04.03-15.47.34:008][  0]LogShaderLibrary: Display: ShaderCodeLibraryPakFileMountedCallback: PakFile 'C:/Program Files/Epic Games/UE_4.27/FeaturePacks/TP_HandheldARBP.upack' (chunk index -1, root 'root:/') mounted
[2026.04.03-15.47.34:008][  0]LogShaderLibrary: Display: ShaderCodeLibraryPakFileMountedCallback: pending pak file info (ChunkID:-1 Root:root:/ File:C:/Program Files/Epic Games/UE_4.27/FeaturePacks/TP_HandheldARBP.upack)
[2026.04.03-15.47.34:008][  0]LogPakFile: OnPakFileMounted2Time == 0.000050
[2026.04.03-15.47.34:012][  0]LogPakFile: PakFile PrimaryIndexSize=182
[2026.04.03-15.47.34:012][  0]LogPakFile: PakFile PathHashIndexSize=101
[2026.04.03-15.47.34:012][  0]LogPakFile: PakFile FullDirectoryIndexSize=138
[2026.04.03-15.47.34:012][  0]LogShaderLibrary: Display: ShaderCodeLibraryPakFileMountedCallback: PakFile 'C:/Program Files/Epic Games/UE_4.27/FeaturePacks/TP_Puzzle.upack' (chunk index -1, root 'root:/') mounted
[2026.04.03-15.47.34:012][  0]LogShaderLibrary: Display: ShaderCodeLibraryPakFileMountedCallback: pending pak file info (ChunkID:-1 Root:root:/ File:C:/Program Files/Epic Games/UE_4.27/FeaturePacks/TP_Puzzle.upack)
[2026.04.03-15.47.34:012][  0]LogPakFile: OnPakFileMounted2Time == 0.000042
[2026.04.03-15.47.34:013][  0]LogPakFile: PakFile PrimaryIndexSize=184
[2026.04.03-15.47.34:013][  0]LogPakFile: PakFile PathHashIndexSize=101
[2026.04.03-15.47.34:013][  0]LogPakFile: PakFile FullDirectoryIndexSize=142
[2026.04.03-15.47.34:013][  0]LogShaderLibrary: Display: ShaderCodeLibraryPakFileMountedCallback: PakFile 'C:/Program Files/Epic Games/UE_4.27/FeaturePacks/TP_PuzzleBP.upack' (chunk index -1, root 'root:/') mounted
[2026.04.03-15.47.34:013][  0]LogShaderLibrary: Display: ShaderCodeLibraryPakFileMountedCallback: pending pak file info (ChunkID:-1 Root:root:/ File:C:/Program Files/Epic Games/UE_4.27/FeaturePacks/TP_PuzzleBP.upack)
[2026.04.03-15.47.34:013][  0]LogPakFile: OnPakFileMounted2Time == 0.000038
[2026.04.03-15.47.34:015][  0]LogPakFile: PakFile PrimaryIndexSize=183
[2026.04.03-15.47.34:015][  0]LogPakFile: PakFile PathHashIndexSize=101
[2026.04.03-15.47.34:015][  0]LogPakFile: PakFile FullDirectoryIndexSize=140
[2026.04.03-15.47.34:015][  0]LogShaderLibrary: Display: ShaderCodeLibraryPakFileMountedCallback: PakFile 'C:/Program Files/Epic Games/UE_4.27/FeaturePacks/TP_Rolling.upack' (chunk index -1, root 'root:/') mounted
[2026.04.03-15.47.34:015][  0]LogShaderLibrary: Display: ShaderCodeLibraryPakFileMountedCallback: pending pak file info (ChunkID:-1 Root:root:/ File:C:/Program Files/Epic Games/UE_4.27/FeaturePacks/TP_Rolling.upack)
[2026.04.03-15.47.34:015][  0]LogPakFile: OnPakFileMounted2Time == 0.000045
[2026.04.03-15.47.34:016][  0]LogPakFile: PakFile PrimaryIndexSize=185
[2026.04.03-15.47.34:016][  0]LogPakFile: PakFile PathHashIndexSize=101
[2026.04.03-15.47.34:016][  0]LogPakFile: PakFile FullDirectoryIndexSize=144
[2026.04.03-15.47.34:016][  0]LogShaderLibrary: Display: ShaderCodeLibraryPakFileMountedCallback: PakFile 'C:/Program Files/Epic Games/UE_4.27/FeaturePacks/TP_RollingBP.upack' (chunk index -1, root 'root:/') mounted
[2026.04.03-15.47.34:016][  0]LogShaderLibrary: Display: ShaderCodeLibraryPakFileMountedCallback: pending pak file info (ChunkID:-1 Root:root:/ File:C:/Program Files/Epic Games/UE_4.27/FeaturePacks/TP_RollingBP.upack)
[2026.04.03-15.47.34:016][  0]LogPakFile: OnPakFileMounted2Time == 0.000040
[2026.04.03-15.47.34:018][  0]LogPakFile: PakFile PrimaryIndexSize=188
[2026.04.03-15.47.34:018][  0]LogPakFile: PakFile PathHashIndexSize=101
[2026.04.03-15.47.34:018][  0]LogPakFile: PakFile FullDirectoryIndexSize=150
[2026.04.03-15.47.34:019][  0]LogShaderLibrary: Display: ShaderCodeLibraryPakFileMountedCallback: PakFile 'C:/Program Files/Epic Games/UE_4.27/FeaturePacks/TP_SideScroller.upack' (chunk index -1, root 'root:/') mounted
[2026.04.03-15.47.34:019][  0]LogShaderLibrary: Display: ShaderCodeLibraryPakFileMountedCallback: pending pak file info (ChunkID:-1 Root:root:/ File:C:/Program Files/Epic Games/UE_4.27/FeaturePacks/TP_SideScroller.upack)
[2026.04.03-15.47.34:019][  0]LogPakFile: OnPakFileMounted2Time == 0.000056
[2026.04.03-15.47.34:021][  0]LogPakFile: PakFile PrimaryIndexSize=190
[2026.04.03-15.47.34:021][  0]LogPakFile: PakFile PathHashIndexSize=101
[2026.04.03-15.47.34:021][  0]LogPakFile: PakFile FullDirectoryIndexSize=154
[2026.04.03-15.47.34:021][  0]LogShaderLibrary: Display: ShaderCodeLibraryPakFileMountedCallback: PakFile 'C:/Program Files/Epic Games/UE_4.27/FeaturePacks/TP_SideScrollerBP.upack' (chunk index -1, root 'root:/') mounted
[2026.04.03-15.47.34:021][  0]LogShaderLibrary: Display: ShaderCodeLibraryPakFileMountedCallback: pending pak file info (ChunkID:-1 Root:root:/ File:C:/Program Files/Epic Games/UE_4.27/FeaturePacks/TP_SideScrollerBP.upack)
[2026.04.03-15.47.34:021][  0]LogPakFile: OnPakFileMounted2Time == 0.000042
[2026.04.03-15.47.34:022][  0]LogPakFile: PakFile PrimaryIndexSize=187
[2026.04.03-15.47.34:022][  0]LogPakFile: PakFile PathHashIndexSize=101
[2026.04.03-15.47.34:022][  0]LogPakFile: PakFile FullDirectoryIndexSize=148
[2026.04.03-15.47.34:022][  0]LogShaderLibrary: Display: ShaderCodeLibraryPakFileMountedCallback: PakFile 'C:/Program Files/Epic Games/UE_4.27/FeaturePacks/TP_ThirdPerson.upack' (chunk index -1, root 'root:/') mounted
[2026.04.03-15.47.34:022][  0]LogShaderLibrary: Display: ShaderCodeLibraryPakFileMountedCallback: pending pak file info (ChunkID:-1 Root:root:/ File:C:/Program Files/Epic Games/UE_4.27/FeaturePacks/TP_ThirdPerson.upack)
[2026.04.03-15.47.34:022][  0]LogPakFile: OnPakFileMounted2Time == 0.000053
[2026.04.03-15.47.34:025][  0]LogPakFile: PakFile PrimaryIndexSize=189
[2026.04.03-15.47.34:025][  0]LogPakFile: PakFile PathHashIndexSize=101
[2026.04.03-15.47.34:025][  0]LogPakFile: PakFile FullDirectoryIndexSize=152
[2026.04.03-15.47.34:025][  0]LogShaderLibrary: Display: ShaderCodeLibraryPakFileMountedCallback: PakFile 'C:/Program Files/Epic Games/UE_4.27/FeaturePacks/TP_ThirdPersonBP.upack' (chunk index -1, root 'root:/') mounted
[2026.04.03-15.47.34:025][  0]LogShaderLibrary: Display: ShaderCodeLibraryPakFileMountedCallback: pending pak file info (ChunkID:-1 Root:root:/ File:C:/Program Files/Epic Games/UE_4.27/FeaturePacks/TP_ThirdPersonBP.upack)
[2026.04.03-15.47.34:025][  0]LogPakFile: OnPakFileMounted2Time == 0.000053
[2026.04.03-15.47.34:026][  0]LogPakFile: PakFile PrimaryIndexSize=183
[2026.04.03-15.47.34:026][  0]LogPakFile: PakFile PathHashIndexSize=101
[2026.04.03-15.47.34:026][  0]LogPakFile: PakFile FullDirectoryIndexSize=140
[2026.04.03-15.47.34:026][  0]LogShaderLibrary: Display: ShaderCodeLibraryPakFileMountedCallback: PakFile 'C:/Program Files/Epic Games/UE_4.27/FeaturePacks/TP_TopDown.upack' (chunk index -1, root 'root:/') mounted
[2026.04.03-15.47.34:026][  0]LogShaderLibrary: Display: ShaderCodeLibraryPakFileMountedCallback: pending pak file info (ChunkID:-1 Root:root:/ File:C:/Program Files/Epic Games/UE_4.27/FeaturePacks/TP_TopDown.upack)
[2026.04.03-15.47.34:026][  0]LogPakFile: OnPakFileMounted2Time == 0.000053
[2026.04.03-15.47.34:028][  0]LogPakFile: PakFile PrimaryIndexSize=185
[2026.04.03-15.47.34:028][  0]LogPakFile: PakFile PathHashIndexSize=101
[2026.04.03-15.47.34:028][  0]LogPakFile: PakFile FullDirectoryIndexSize=144
[2026.04.03-15.47.34:028][  0]LogShaderLibrary: Display: ShaderCodeLibraryPakFileMountedCallback: PakFile 'C:/Program Files/Epic Games/UE_4.27/FeaturePacks/TP_TopDownBP.upack' (chunk index -1, root 'root:/') mounted
[2026.04.03-15.47.34:028][  0]LogShaderLibrary: Display: ShaderCodeLibraryPakFileMountedCallback: pending pak file info (ChunkID:-1 Root:root:/ File:C:/Program Files/Epic Games/UE_4.27/FeaturePacks/TP_TopDownBP.upack)
[2026.04.03-15.47.34:028][  0]LogPakFile: OnPakFileMounted2Time == 0.000047
[2026.04.03-15.47.34:030][  0]LogPakFile: PakFile PrimaryIndexSize=185
[2026.04.03-15.47.34:030][  0]LogPakFile: PakFile PathHashIndexSize=101
[2026.04.03-15.47.34:030][  0]LogPakFile: PakFile FullDirectoryIndexSize=144
[2026.04.03-15.47.34:030][  0]LogShaderLibrary: Display: ShaderCodeLibraryPakFileMountedCallback: PakFile 'C:/Program Files/Epic Games/UE_4.27/FeaturePacks/TP_TwinStick.upack' (chunk index -1, root 'root:/') mounted
[2026.04.03-15.47.34:030][  0]LogShaderLibrary: Display: ShaderCodeLibraryPakFileMountedCallback: pending pak file info (ChunkID:-1 Root:root:/ File:C:/Program Files/Epic Games/UE_4.27/FeaturePacks/TP_TwinStick.upack)
[2026.04.03-15.47.34:030][  0]LogPakFile: OnPakFileMounted2Time == 0.000039
[2026.04.03-15.47.34:031][  0]LogPakFile: PakFile PrimaryIndexSize=187
[2026.04.03-15.47.34:031][  0]LogPakFile: PakFile PathHashIndexSize=101
[2026.04.03-15.47.34:031][  0]LogPakFile: PakFile FullDirectoryIndexSize=148
[2026.04.03-15.47.34:031][  0]LogShaderLibrary: Display: ShaderCodeLibraryPakFileMountedCallback: PakFile 'C:/Program Files/Epic Games/UE_4.27/FeaturePacks/TP_TwinStickBP.upack' (chunk index -1, root 'root:/') mounted
[2026.04.03-15.47.34:031][  0]LogShaderLibrary: Display: ShaderCodeLibraryPakFileMountedCallback: pending pak file info (ChunkID:-1 Root:root:/ File:C:/Program Files/Epic Games/UE_4.27/FeaturePacks/TP_TwinStickBP.upack)
[2026.04.03-15.47.34:031][  0]LogPakFile: OnPakFileMounted2Time == 0.000039
[2026.04.03-15.47.34:032][  0]LogPakFile: PakFile PrimaryIndexSize=183
[2026.04.03-15.47.34:032][  0]LogPakFile: PakFile PathHashIndexSize=101
[2026.04.03-15.47.34:032][  0]LogPakFile: PakFile FullDirectoryIndexSize=140
[2026.04.03-15.47.34:032][  0]LogShaderLibrary: Display: ShaderCodeLibraryPakFileMountedCallback: PakFile 'C:/Program Files/Epic Games/UE_4.27/FeaturePacks/TP_Vehicle.upack' (chunk index -1, root 'root:/') mounted
[2026.04.03-15.47.34:032][  0]LogShaderLibrary: Display: ShaderCodeLibraryPakFileMountedCallback: pending pak file info (ChunkID:-1 Root:root:/ File:C:/Program Files/Epic Games/UE_4.27/FeaturePacks/TP_Vehicle.upack)
[2026.04.03-15.47.34:032][  0]LogPakFile: OnPakFileMounted2Time == 0.000038
[2026.04.03-15.47.34:035][  0]LogPakFile: PakFile PrimaryIndexSize=186
[2026.04.03-15.47.34:035][  0]LogPakFile: PakFile PathHashIndexSize=101
[2026.04.03-15.47.34:035][  0]LogPakFile: PakFile FullDirectoryIndexSize=146
[2026.04.03-15.47.34:035][  0]LogShaderLibrary: Display: ShaderCodeLibraryPakFileMountedCallback: PakFile 'C:/Program Files/Epic Games/UE_4.27/FeaturePacks/TP_VehicleAdv.upack' (chunk index -1, root 'root:/') mounted
[2026.04.03-15.47.34:035][  0]LogShaderLibrary: Display: ShaderCodeLibraryPakFileMountedCallback: pending pak file info (ChunkID:-1 Root:root:/ File:C:/Program Files/Epic Games/UE_4.27/FeaturePacks/TP_VehicleAdv.upack)
[2026.04.03-15.47.34:035][  0]LogPakFile: OnPakFileMounted2Time == 0.000038
[2026.04.03-15.47.34:036][  0]LogPakFile: PakFile PrimaryIndexSize=188
[2026.04.03-15.47.34:036][  0]LogPakFile: PakFile PathHashIndexSize=101
[2026.04.03-15.47.34:036][  0]LogPakFile: PakFile FullDirectoryIndexSize=150
[2026.04.03-15.47.34:036][  0]LogShaderLibrary: Display: ShaderCodeLibraryPakFileMountedCallback: PakFile 'C:/Program Files/Epic Games/UE_4.27/FeaturePacks/TP_VehicleAdvBP.upack' (chunk index -1, root 'root:/') mounted
[2026.04.03-15.47.34:036][  0]LogShaderLibrary: Display: ShaderCodeLibraryPakFileMountedCallback: pending pak file info (ChunkID:-1 Root:root:/ File:C:/Program Files/Epic Games/UE_4.27/FeaturePacks/TP_VehicleAdvBP.upack)
[2026.04.03-15.47.34:036][  0]LogPakFile: OnPakFileMounted2Time == 0.000042
[2026.04.03-15.47.34:038][  0]LogPakFile: PakFile PrimaryIndexSize=185
[2026.04.03-15.47.34:038][  0]LogPakFile: PakFile PathHashIndexSize=101
[2026.04.03-15.47.34:038][  0]LogPakFile: PakFile FullDirectoryIndexSize=144
[2026.04.03-15.47.34:038][  0]LogShaderLibrary: Display: ShaderCodeLibraryPakFileMountedCallback: PakFile 'C:/Program Files/Epic Games/UE_4.27/FeaturePacks/TP_VehicleBP.upack' (chunk index -1, root 'root:/') mounted
[2026.04.03-15.47.34:038][  0]LogShaderLibrary: Display: ShaderCodeLibraryPakFileMountedCallback: pending pak file info (ChunkID:-1 Root:root:/ File:C:/Program Files/Epic Games/UE_4.27/FeaturePacks/TP_VehicleBP.upack)
[2026.04.03-15.47.34:038][  0]LogPakFile: OnPakFileMounted2Time == 0.000047
[2026.04.03-15.47.34:040][  0]LogPakFile: PakFile PrimaryIndexSize=192
[2026.04.03-15.47.34:040][  0]LogPakFile: PakFile PathHashIndexSize=101
[2026.04.03-15.47.34:040][  0]LogPakFile: PakFile FullDirectoryIndexSize=158
[2026.04.03-15.47.34:040][  0]LogShaderLibrary: Display: ShaderCodeLibraryPakFileMountedCallback: PakFile 'C:/Program Files/Epic Games/UE_4.27/FeaturePacks/TP_VirtualRealityBP.upack' (chunk index -1, root 'root:/') mounted
[2026.04.03-15.47.34:040][  0]LogShaderLibrary: Display: ShaderCodeLibraryPakFileMountedCallback: pending pak file info (ChunkID:-1 Root:root:/ File:C:/Program Files/Epic Games/UE_4.27/FeaturePacks/TP_VirtualRealityBP.upack)
[2026.04.03-15.47.34:040][  0]LogPakFile: OnPakFileMounted2Time == 0.000042
[2026.04.03-15.47.34:248][  0]LogNativeClassHierarchy: Verbose: Native class hierarchy updated for 'AddContentDialog' in 0.0004 seconds. Added 0 classes and 0 folders.
[2026.04.03-15.47.34:249][  0]LogNativeClassHierarchy: Verbose: Native class hierarchy updated for 'SceneOutliner' in 0.0003 seconds. Added 2 classes and 0 folders.
[2026.04.03-15.47.34:340][  0]LogSlate: Took 0.000274 seconds to synchronously load lazily loaded font '../../../Engine/Content/Slate/Fonts/Roboto-Regular.ttf' (155K)
[2026.04.03-15.47.34:342][  0]LogSlate: Took 0.001088 seconds to synchronously load lazily loaded font '../../../Engine/Content/Editor/Slate/Fonts/FontAwesome.ttf' (139K)
[2026.04.03-15.47.34:345][  0]LogSlate: Took 0.000171 seconds to synchronously load lazily loaded font '../../../Engine/Content/Slate/Fonts/Roboto-Bold.ttf' (160K)
[2026.04.03-15.47.34:462][  0]LogRenderer: Reallocating scene render targets to support 656x404 Format 9 NumSamples 1 (Frame:1).
[2026.04.03-15.47.34:615][  0]LogNativeClassHierarchy: Verbose: Native class hierarchy updated for 'HierarchicalLODOutliner' in 0.0003 seconds. Added 0 classes and 0 folders.
[2026.04.03-15.47.34:616][  0]LogLoad: (Engine Initialization) Total time: 15.78 seconds
[2026.04.03-15.47.34:616][  0]LogLoad: (Engine Initialization) Total Blueprint compile time: 0.00 seconds
[2026.04.03-15.47.34:680][  0]LogAssetRegistry: Asset discovery search completed in 8.6850 seconds
[2026.04.03-15.47.34:692][  0]LogCollectionManager: Fixed up redirectors for 0 collections in 0.000005 seconds (updated 0 objects)
[2026.04.03-15.47.34:697][  0]LogContentStreaming: Texture pool size now 600 MB
[2026.04.03-15.47.34:707][  0]LogSlate: Took 0.001191 seconds to synchronously load lazily loaded font '../../../Engine/Content/Slate/Fonts/Roboto-Light.ttf' (167K)
[2026.04.03-15.47.35:317][  2]LogSlate: Took 0.000135 seconds to synchronously load lazily loaded font '../../../Engine/Content/Slate/Fonts/Roboto-Light.ttf' (167K)
[2026.04.03-15.47.40:237][223]LogUObjectHash: Compacting FUObjectHashTables data took   1.13ms
[2026.04.03-15.47.40:561][223]LogAssetEditorSubsystem: Opening Asset editor for World /Game/MAPS/MP_Lobby.MP_Lobby
[2026.04.03-15.47.40:562][223]Cmd: MAP LOAD FILE="../../../../../../Users/User/Documents/Unreal Projects/Playtime_Multiplayer/Content/MAPS/MP_Lobby.umap" TEMPLATE=0 SHOWPROGRESS=1 FEATURELEVEL=3
[2026.04.03-15.47.40:562][223]LightingResults: New page: Lighting Build
[2026.04.03-15.47.40:565][223]LogNativeClassHierarchy: Verbose: Native class hierarchy updated for 'StatsViewer' in 0.0003 seconds. Added 6 classes and 0 folders.
[2026.04.03-15.47.40:565][223]LoadErrors: New page: Loading map: MP_Lobby.umap
[2026.04.03-15.47.40:567][223]LogWorld: UWorld::CleanupWorld for Untitled, bSessionEnded=true, bCleanupResources=true
[2026.04.03-15.47.40:567][223]LogSlate: InvalidateAllWidgets triggered.  All widgets were invalidated
[2026.04.03-15.47.40:567][223]MapCheck: New page: Map Check
[2026.04.03-15.47.40:567][223]LightingResults: New page: Lighting Build
[2026.04.03-15.47.40:573][223]LogAudio: Display: Audio Device unregistered from world 'None'.
[2026.04.03-15.47.40:575][223]LogUObjectHash: Compacting FUObjectHashTables data took   0.95ms
[2026.04.03-15.47.40:575][223]LogAudio: Display: Audio Device (ID: 1) registered with world 'MP_Lobby'.
[2026.04.03-15.47.40:608][223]LogEditorServer: Finished looking for orphan Actors (0.000 secs)
[2026.04.03-15.47.40:608][223]LogAIModule: Creating AISystem for world MP_Lobby
[2026.04.03-15.47.40:617][223]LogUObjectHash: Compacting FUObjectHashTables data took   0.70ms
[2026.04.03-15.47.40:623][223]Cmd: MAP CHECKDEP NOCLEARLOG
[2026.04.03-15.47.40:623][223]MapCheck: Map check complete: 0 Error(s), 0 Warning(s), took 0,097ms to complete.
[2026.04.03-15.47.40:623][223]LogFileHelpers: Loading map 'MP_Lobby' took 0.061
[2026.04.03-15.47.45:489][622]LogEditorViewport: Clicking on Actor (LMB): StaticMeshActor (Cube)
[2026.04.03-15.47.59:424][839]Cmd: EDIT COPY
[2026.04.03-15.47.59:630][856]Cmd: EDIT PASTE
[2026.04.03-15.48.02:696][130]Cmd: EDIT COPY
[2026.04.03-15.48.02:923][146]Cmd: EDIT PASTE
[2026.04.03-15.48.06:127][423]LogEditorViewport: Clicking Background
[2026.04.03-15.48.08:159][560]LogEditorViewport: Clicking on Actor (LMB): StaticMeshActor (Cube24)
[2026.04.03-15.48.08:580][582]LogEditorViewport: Clicking on Actor (LMB): StaticMeshActor (Cube5)
[2026.04.03-15.48.09:172][623]LogEditorViewport: Clicking on Actor (LMB): StaticMeshActor (Cube8)
[2026.04.03-15.48.11:999][821]LogEditorViewport: Clicking on Actor (LMB): StaticMeshActor (Cube9)
[2026.04.03-15.48.12:471][852]LogEditorViewport: Clicking on Actor (LMB): StaticMeshActor (Cube14)
[2026.04.03-15.48.14:506][991]LogEditorViewport: Clicking on Actor (CTRL LMB): StaticMeshActor (Cube17)
[2026.04.03-15.48.16:092][ 98]Cmd: EDIT COPY
[2026.04.03-15.48.16:339][109]Cmd: EDIT PASTE
[2026.04.03-15.48.29:390][ 39]Cmd: EDIT COPY
[2026.04.03-15.48.29:680][ 50]Cmd: EDIT PASTE
[2026.04.03-15.48.31:451][175]LogEditorViewport: Clicking Background
[2026.04.03-15.48.34:080][343]LogEditorViewport: Clicking on Actor (LMB): StaticMeshActor (Cube6)
[2026.04.03-15.48.35:945][466]Cmd: EDIT COPY
[2026.04.03-15.48.36:145][474]Cmd: EDIT PASTE
[2026.04.03-15.48.40:007][738]LogEditorViewport: Clicking on Actor (LMB): StaticMeshActor (Cube29)
[2026.04.03-15.48.42:179][877]LogEditorViewport: Clicking on Actor (CTRL LMB): StaticMeshActor (Cube30)
[2026.04.03-15.48.42:839][922]LogEditorViewport: Clicking on Actor (CTRL LMB): StaticMeshActor (Cube27)
[2026.04.03-15.48.43:402][961]LogEditorViewport: Clicking on Actor (CTRL LMB): StaticMeshActor (Cube28)
[2026.04.03-15.48.46:850][204]LogEditorViewport: Clicking Background
[2026.04.03-15.48.49:204][373]LogEditorViewport: Clicking on Actor (LMB): StaticMeshActor (Cube26)
[2026.04.03-15.48.49:812][409]LogEditorViewport: Clicking on Actor (CTRL LMB): StaticMeshActor (Cube)
[2026.04.03-15.48.50:630][467]LogEditorViewport: Clicking on Actor (CTRL LMB): StaticMeshActor (Cube25)
[2026.04.03-15.48.54:948][765]LogEditorViewport: Clicking Background
[2026.04.03-15.48.56:721][888]LogEditorViewport: Clicking on Actor (LMB): StaticMeshActor (Cube30)
[2026.04.03-15.48.58:309][976]LogEditorViewport: Clicking on Actor (CTRL LMB): StaticMeshActor (Cube29)
[2026.04.03-15.48.58:838][  5]Cmd: EDIT COPY
[2026.04.03-15.48.59:052][ 14]Cmd: EDIT PASTE
[2026.04.03-15.50.58:234][918]LogEditorViewport: Clicking on Actor (LMB): StaticMeshActor (Cube12)
[2026.04.03-15.51.04:179][334]LogEditorViewport: Clicking on Actor (LMB): StaticMeshActor (Cube31)
[2026.04.03-15.51.07:465][554]LogEditorViewport: Clicking on Actor (LMB): StaticMeshActor (Cube29)
[2026.04.03-15.51.12:750][927]LogEditorViewport: Clicking on Actor (LMB): StaticMeshActor (Cube25)
[2026.04.03-15.51.13:949][998]LogEditorViewport: Clicking on Actor (CTRL LMB): StaticMeshActor (Cube)
[2026.04.03-15.51.15:027][ 73]LogEditorViewport: Clicking on Actor (CTRL LMB): StaticMeshActor (Cube26)
[2026.04.03-15.52.54:119][742]LogWindowsTextInputMethodSystem: Display: IME system deactivated.
[2026.04.03-15.52.54:119][742]LogWindowsTextInputMethodSystem: Display: IME system deactivated.
[2026.04.03-15.52.57:394][946]LogEditorViewport: Clicking Background
[2026.04.03-15.52.59:947][135]LogEditorViewport: Clicking on Actor (LMB): StaticMeshActor (Cube28)
[2026.04.03-15.53.03:100][349]LogTemp: Repeating last play command: New Editor Window (PIE)
[2026.04.03-15.53.03:113][349]LogPlayLevel: PlayLevel: No blueprints needed recompiling
[2026.04.03-15.53.03:113][349]PIE: New page: PIE session: MP_Lobby (3 апр. 2026 г., 21:53:03)
[2026.04.03-15.53.03:122][349]LogModuleManager: Warning: ModuleManager: Unable to load module 'OnlineSubsystemSteam'  - 0 instances of that module name found.
[2026.04.03-15.53.03:122][349]LogOnline: Warning: OSS: TryLoadSubsystemAndSetDefault: LoadSubsystemModule([Steam]) failed
[2026.04.03-15.53.03:122][349]LogOnline: OSS: Creating online subsystem instance for: NULL
[2026.04.03-15.53.03:124][349]LogOnline: OSS: TryLoadSubsystemAndSetDefault: Loaded subsystem for module [NULL]
[2026.04.03-15.53.03:125][349]LogPlayLevel: Creating play world package: /Game/MAPS/UEDPIE_0_MP_Lobby
[2026.04.03-15.53.03:139][349]LogPlayLevel: PIE: StaticDuplicateObject took: (0.015065s)
[2026.04.03-15.53.03:146][349]LogAIModule: Creating AISystem for world MP_Lobby
[2026.04.03-15.53.03:148][349]LogPlayLevel: PIE: World Init took: (0.008230s)
[2026.04.03-15.53.03:151][349]LogPlayLevel: PIE: Created PIE world by copying editor world from /Game/MAPS/MP_Lobby.MP_Lobby to /Game/MAPS/UEDPIE_0_MP_Lobby.MP_Lobby (0.025722s)
[2026.04.03-15.53.03:160][349]LogUObjectHash: Compacting FUObjectHashTables data took   0.84ms
[2026.04.03-15.53.03:162][349]LogAudio: Display: Creating Audio Device:                 Id: 2, Scope: Unique, Realtime: True
[2026.04.03-15.53.03:162][349]LogAudioMixer: Display: Audio Mixer Platform Settings:
[2026.04.03-15.53.03:162][349]LogAudioMixer: Display: 	Sample Rate:						  48000
[2026.04.03-15.53.03:162][349]LogAudioMixer: Display: 	Callback Buffer Frame Size Requested: 1024
[2026.04.03-15.53.03:162][349]LogAudioMixer: Display: 	Callback Buffer Frame Size To Use:	  1024
[2026.04.03-15.53.03:162][349]LogAudioMixer: Display: 	Number of buffers to queue:			  2
[2026.04.03-15.53.03:162][349]LogAudioMixer: Display: 	Max Channels (voices):				  32
[2026.04.03-15.53.03:162][349]LogAudioMixer: Display: 	Number of Async Source Workers:		  0
[2026.04.03-15.53.03:162][349]LogAudio: Display: AudioDevice MaxSources: 32
[2026.04.03-15.53.03:164][349]LogAudio: Display: Audio Spatialization Plugin: None (built-in).
[2026.04.03-15.53.03:164][349]LogAudio: Display: Audio Reverb Plugin: None (built-in).
[2026.04.03-15.53.03:164][349]LogAudio: Display: Audio Occlusion Plugin: None (built-in).
[2026.04.03-15.53.03:164][349]LogAudioMixer: Display: Initializing audio mixer.
[2026.04.03-15.53.03:168][349]LogAudioMixer: Display: 0: FrontLeft
[2026.04.03-15.53.03:168][349]LogAudioMixer: Display: 1: FrontRight
[2026.04.03-15.53.03:194][349]LogAudioMixer: Display: Using Audio Device Headphones (Realtek(R) Audio)
[2026.04.03-15.53.03:195][349]LogAudioMixer: Display: Initializing Sound Submixes...
[2026.04.03-15.53.03:195][349]LogAudioMixer: Display: Creating Master Submix 'MasterSubmixDefault'
[2026.04.03-15.53.03:195][349]LogAudioMixer: Display: Creating Master Submix 'MasterReverbSubmixDefault'
[2026.04.03-15.53.03:195][349]LogAudioMixer: Display: Creating Master Submix 'MasterEQSubmixDefault'
[2026.04.03-15.53.03:195][349]LogAudioMixer: FMixerPlatformXAudio2::StartAudioStream() called
[2026.04.03-15.53.03:195][349]LogAudioMixer: Display: Output buffers initialized: Frames=1024, Channels=2, Samples=2048
[2026.04.03-15.53.03:197][349]LogAudioMixer: Display: Starting AudioMixerPlatformInterface::RunInternal()
[2026.04.03-15.53.03:197][349]LogAudioMixer: Display: FMixerPlatformXAudio2::SubmitBuffer() called for the first time
[2026.04.03-15.53.03:197][349]LogInit: FAudioDevice initialized.
[2026.04.03-15.53.03:197][349]LogAudio: Display: Audio Device (ID: 2) registered with world 'MP_Lobby'.
[2026.04.03-15.53.03:255][349]LogSlate: Updating window title bar state: overlay mode, drag disabled, window buttons hidden, title bar hidden
[2026.04.03-15.53.03:258][349]LogLoad: Game class is 'FirstPersonGameMode_C'
[2026.04.03-15.53.03:270][349]LogWorld: Bringing World /Game/MAPS/UEDPIE_0_MP_Lobby.MP_Lobby up for play (max tick rate 0) at 2026.04.03-18.53.03
[2026.04.03-15.53.03:272][349]LogWorld: Bringing up level for play took: 0.003079
[2026.04.03-15.53.03:273][349]LogOnline: OSS: Creating online subsystem instance for: :Context_1
[2026.04.03-15.53.03:290][349]LogNativeClassHierarchy: Verbose: Native class hierarchy updated for 'MovieSceneCapture' in 0.0004 seconds. Added 20 classes and 0 folders.
[2026.04.03-15.53.03:323][349]LogNet: ReplicationDriverClass is null! Not using ReplicationDriver.
[2026.04.03-15.53.03:324][349]LogNetCore: DDoS detection status: detection enabled: 0 analytics enabled: 0
[2026.04.03-15.53.03:325][349]LogInit: WinSock: Socket queue. Rx: 131072 (config 131072) Tx: 131072 (config 131072)
[2026.04.03-15.53.03:325][349]LogNet: Created socket for bind address: 0.0.0.0 on port 17777
[2026.04.03-15.53.03:325][349]PacketHandlerLog: Loaded PacketHandler component: Engine.EngineHandlerComponentFactory (StatelessConnectHandlerComponent)
[2026.04.03-15.53.03:328][349]LogNet: GameNetDriver IpNetDriver_0 IpNetDriver listening on port 17777
[2026.04.03-15.53.03:341][349]PIE: Error: SetInputMode_UIOnly expects a valid player controller as 'PlayerController' target
[2026.04.03-15.53.03:345][349]PIE: Server logged in
[2026.04.03-15.53.03:345][349]PIE: Play in editor total start time 0,238 seconds.
[2026.04.03-15.53.03:559][350]LogRenderer: Reallocating scene render targets to support 816x600 Format 9 NumSamples 1 (Frame:1).
[2026.04.03-15.53.08:784][631]LogOnlineSession: Warning: OSS: No game present to leave for session (GameSession)
[2026.04.03-15.53.08:785][631]LogSlate: Updating window title bar state: overlay mode, drag disabled, window buttons hidden, title bar hidden
[2026.04.03-15.53.08:785][631]LogWorld: BeginTearingDown for /Game/MAPS/UEDPIE_0_MP_Lobby
[2026.04.03-15.53.08:785][631]LogSlate: Window 'Playtime_Multiplayer Preview [NetMode: Server]  (64-bit/Windows) ' being destroyed
[2026.04.03-15.53.08:799][631]LogWorld: UWorld::CleanupWorld for MP_Lobby, bSessionEnded=true, bCleanupResources=true
[2026.04.03-15.53.08:800][631]LogSlate: InvalidateAllWidgets triggered.  All widgets were invalidated
[2026.04.03-15.53.08:812][631]LogNet: World NetDriver shutdown IpNetDriver_0 [GameNetDriver]
[2026.04.03-15.53.08:812][631]LogNet: DestroyNamedNetDriver IpNetDriver_0 [GameNetDriver]
[2026.04.03-15.53.08:813][631]LogExit: GameNetDriver IpNetDriver_0 shut down
[2026.04.03-15.53.08:815][631]LogPlayLevel: Display: Shutting down PIE online subsystems
[2026.04.03-15.53.08:837][631]LogSlate: InvalidateAllWidgets triggered.  All widgets were invalidated
[2026.04.03-15.53.08:843][631]LogAudio: Display: Audio Device unregistered from world 'None'.
[2026.04.03-15.53.08:847][631]LogAudioMixer: FMixerPlatformXAudio2::StopAudioStream() called
[2026.04.03-15.53.08:849][631]LogAudioMixer: FMixerPlatformXAudio2::StopAudioStream() called
[2026.04.03-15.53.08:858][631]LogUObjectHash: Compacting FUObjectHashTables data took   0.92ms
[2026.04.03-15.53.08:959][631]LogSlate: Took 0.000653 seconds to synchronously load lazily loaded font '../../../Engine/Content/Slate/Fonts/DroidSansMono.ttf' (77K)
[2026.04.03-15.53.08:968][632]LogPlayLevel: Display: Destroying online subsystem :Context_1
[2026.04.03-15.53.10:728][716]LogSlate: Window 'Message Log' being destroyed
[2026.04.03-15.53.10:739][716]LogSlate: Window 'Message Log' being destroyed
[2026.04.03-15.55.40:552][191]LogWindowsTextInputMethodSystem: Display: IME system deactivated.
[2026.04.03-15.55.40:552][191]LogWindowsTextInputMethodSystem: Display: IME system deactivated.
[2026.04.03-15.55.43:076][330]LogEditorViewport: Clicking on Actor (CTRL LMB): StaticMeshActor (Cube30)
[2026.04.03-15.55.47:842][632]LogEditorViewport: Clicking on Actor (LMB): StaticMeshActor (Cube27)
[2026.04.03-15.55.49:481][731]LogEditorViewport: Clicking on Actor (CTRL LMB): StaticMeshActor (Cube29)
[2026.04.03-15.55.54:762][ 65]LogEditorViewport: Clicking on Actor (LMB): StaticMeshActor (Cube28)
[2026.04.03-15.55.55:296][ 96]LogEditorViewport: Clicking Background
[2026.04.03-15.56.00:014][391]LogEditorViewport: Clicking on Actor (LMB): StaticMeshActor (Cube31)
[2026.04.03-15.56.00:949][448]Cmd: EDIT COPY
[2026.04.03-15.56.01:171][458]Cmd: EDIT PASTE
[2026.04.03-15.56.03:634][621]Cmd: EDIT COPY
[2026.04.03-15.56.03:854][635]Cmd: EDIT PASTE
[2026.04.03-15.56.06:938][849]LogEditorViewport: Clicking Background
[2026.04.03-15.56.17:794][588]LogEditorViewport: Clicking on Actor (LMB): StaticMeshActor (Cube33)
[2026.04.03-15.56.18:955][659]LogEditorViewport: Clicking on Actor (LMB): StaticMeshActor (Cube33)
[2026.04.03-15.56.22:341][877]LogEditorViewport: Clicking Background
[2026.04.03-15.56.24:776][ 26]LogEditorViewport: Clicking on Actor (LMB): StaticMeshActor (Cube12)
[2026.04.03-15.56.27:892][218]LogEditorViewport: Clicking on Actor (LMB): StaticMeshActor (Cube4)
[2026.04.03-15.56.28:636][263]Cmd: EDIT COPY
[2026.04.03-15.56.28:824][275]Cmd: EDIT PASTE
[2026.04.03-15.56.36:669][767]Cmd: EDIT COPY
[2026.04.03-15.56.36:957][780]Cmd: EDIT PASTE
[2026.04.03-15.56.41:095][ 32]LogEditorViewport: Clicking Background
[2026.04.03-15.56.42:931][148]LogEditorViewport: Clicking on Actor (LMB): StaticMeshActor (Cube37)
[2026.04.03-15.56.44:319][224]LogEditorViewport: Clicking on Actor (LMB): StaticMeshActor (Cube37)
[2026.04.03-15.56.47:117][400]LogEditorViewport: Clicking Background
[2026.04.03-15.56.49:481][546]LogEditorViewport: Clicking on Actor (LMB): StaticMeshActor (Cube37)
[2026.04.03-15.56.53:920][804]LogEditorViewport: Clicking on Actor (LMB): StaticMeshActor (Cube35)
[2026.04.03-15.56.54:667][846]LogEditorViewport: Clicking Background
[2026.04.03-15.56.56:583][966]LogEditorViewport: Clicking on Actor (LMB): StaticMeshActor (Cube3)
[2026.04.03-15.57.01:664][274]LogEditorViewport: Clicking Background
[2026.04.03-15.57.04:244][443]LogEditorViewport: Clicking on Actor (LMB): StaticMeshActor (Cube3)
[2026.04.03-15.57.08:626][707]LogUObjectHash: Compacting FUObjectHashTables data took   0.85ms
[2026.04.03-15.57.08:664][707]LogSavePackage: Moving '../../../../../../Users/User/Documents/Unreal Projects/Playtime_Multiplayer/Saved/MP_LobbyB630548D4641D6964F21C28FF995F443.tmp' to '../../../../../../Users/User/Documents/Unreal Projects/Playtime_Multiplayer/Content/MAPS/MP_Lobby.umap'
[2026.04.03-15.57.08:694][707]AssetCheck: New page: Asset Save: MP_Lobby
[2026.04.03-15.57.08:694][707]LogContentValidation: Display: Validating World /Game/MAPS/MP_Lobby.MP_Lobby
[2026.04.03-15.57.11:770][973]LogUObjectHash: Compacting FUObjectHashTables data took   0.29ms
[2026.04.03-15.57.15:594][ 86]LogD3D11RHI: Timed out while waiting for GPU to catch up. (0.5 s) (ErrorCode 00000001) (887a0006)
[2026.04.03-15.57.15:594][ 86]LogRHI: Error: Present Fail Count 1
[2026.04.03-15.57.15:594][ 86]LogRHI: Error: SyncInterval 0
[2026.04.03-15.57.15:594][ 86]LogRHI: Error: SwapChainDesc.BufferDesc.Width 509
[2026.04.03-15.57.15:594][ 86]LogRHI: Error: SwapChainDesc.BufferDesc.Height 63
[2026.04.03-15.57.15:594][ 86]LogRHI: Error: SwapChainDesc.BufferDesc.RefreshRate.Numerator 0
[2026.04.03-15.57.15:594][ 86]LogRHI: Error: SwapChainDesc.BufferDesc.RefreshRate.Denominator 0
[2026.04.03-15.57.15:594][ 86]LogRHI: Error: SwapChainDesc.BufferDesc.Format 24
[2026.04.03-15.57.15:594][ 86]LogRHI: Error: SwapChainDesc.BufferDesc.ScanlineOrdering 0
[2026.04.03-15.57.15:594][ 86]LogRHI: Error: SwapChainDesc.BufferDesc.Scaling 0
[2026.04.03-15.57.15:594][ 86]LogRHI: Error: SwapChainDesc.SampleDesc.Count 1
[2026.04.03-15.57.15:594][ 86]LogRHI: Error: SwapChainDesc.SampleDesc.Quality 0
[2026.04.03-15.57.15:594][ 86]LogRHI: Error: SwapChainDesc.BufferUsage 48
[2026.04.03-15.57.15:594][ 86]LogRHI: Error: SwapChainDesc.BufferCount 2
[2026.04.03-15.57.15:594][ 86]LogRHI: Error: SwapChainDesc.OutputWindow 000000000B5D0CD8
[2026.04.03-15.57.15:594][ 86]LogRHI: Error: SwapChainDesc.Windowed true
[2026.04.03-15.57.15:594][ 86]LogRHI: Error: SwapChainDesc.SwapEffect 4
[2026.04.03-15.57.15:594][ 86]LogRHI: Error: SwapChainDesc.Flags 2050
[2026.04.03-15.57.15:597][ 86]LogD3D11RHI: Error: Result failed 
 at D:/Build/++UE4/Sync/Engine/Source/Runtime/Windows/D3D11RHI/Private/D3D11Query.cpp:360 
 with error DXGI_ERROR_DEVICE_REMOVED DXGI_ERROR_DEVICE_HUNG
[2026.04.03-15.57.15:597][ 86]LogD3D11RHI: [Aftermath] GDynamicRHI=000002088C18BD80, GDX11NVAfterMathEnabled=0, Result=0xFFFFFFFF, bDeviceActive=0
[2026.04.03-15.57.15:597][ 86]LogWindows: Windows GetLastError: Операция успешно завершена. (0)
[2026.04.03-15.57.17:648][ 86]LogWindows: FPlatformMisc::RequestExit(0)
[2026.04.03-15.57.17:648][ 86]LogWindows: FPlatformMisc::RequestExitWithStatus(0, 0)
[2026.04.03-15.57.17:648][ 86]LogCore: Engine exit requested (reason: Win RequestExit)
[2026.04.03-15.57.17:648][ 86]LogWindows: FPlatformMisc::RequestExit(1)
[2026.04.03-15.57.17:648][ 86]LogWindows: FPlatformMisc::RequestExitWithStatus(1, 3)
[2026.04.03-15.57.17:648][ 86]LogCore: Engine exit requested (reason: Win RequestExit; note: exit was already requested)
[2026.04.03-15.57.17:661][ 86]Log file closed, 04/03/26 18:57:17
