Log file open, 04/26/26 21:28:18
LogWindows: Failed to load 'aqProf.dll' (GetLastError=126)
LogWindows: File 'aqProf.dll' does not exist
LogWindows: Failed to load 'VtuneApi.dll' (GetLastError=126)
LogWindows: File 'VtuneApi.dll' does not exist
LogWindows: Failed to load 'VtuneApi32e.dll' (GetLastError=126)
LogWindows: File 'VtuneApi32e.dll' does not exist
LogConsoleResponse: Display: Failed to find resolution value strings in scalability ini. Falling back to default.
LogConsoleResponse: Display: Failed to find resolution value strings in scalability ini. Falling back to default.
LogInit: Display: Running engine for game: Playtime_Multiplayer
LogPlatformFile: Not using cached read wrapper
LogTaskGraph: Started task graph with 5 named threads and 11 total threads with 3 sets of task threads.
LogStats: Stats thread started at 2.339663
LogICUInternationalization: ICU TimeZone Detection - Raw Offset: +2:00, Platform Override: ''
LogInit: Display: Loading text-based GConfig....
LogPluginManager: Mounting plugin MeshPainting
LogPluginManager: Mounting plugin XGEController
LogPluginManager: Mounting plugin Paper2D
LogPluginManager: Mounting plugin AISupport
LogPluginManager: Mounting plugin EnvironmentQueryEditor
LogPluginManager: Mounting plugin LightPropagationVolume
LogPluginManager: Mounting plugin LiveLink
LogPluginManager: Mounting plugin CameraShakePreviewer
LogPluginManager: Mounting plugin GameplayCameras
LogPluginManager: Mounting plugin OodleData
LogPluginManager: Mounting plugin OodleNetwork
LogPluginManager: Mounting plugin AnimationSharing
LogPluginManager: Mounting plugin CLionSourceCodeAccess
LogPluginManager: Mounting plugin CodeLiteSourceCodeAccess
LogPluginManager: Mounting plugin GitSourceControl
LogPluginManager: Mounting plugin KDevelopSourceCodeAccess
LogPluginManager: Mounting plugin NullSourceCodeAccess
LogPluginManager: Mounting plugin PerforceSourceControl
LogPluginManager: Mounting plugin PlasticSourceControl
LogPluginManager: Mounting plugin PixWinPlugin
LogPluginManager: Mounting plugin PluginUtils
LogPluginManager: Mounting plugin PropertyAccessNode
LogPluginManager: Mounting plugin RiderSourceCodeAccess
LogPluginManager: Mounting plugin TextureFormatOodle
LogPluginManager: Mounting plugin SubversionSourceControl
LogPluginManager: Mounting plugin UObjectPlugin
LogPluginManager: Mounting plugin VisualStudioCodeSourceCodeAccess
LogPluginManager: Mounting plugin VisualStudioSourceCodeAccess
LogPluginManager: Mounting plugin XCodeSourceCodeAccess
LogPluginManager: Mounting plugin AssetManagerEditor
LogPluginManager: Mounting plugin CryptoKeys
LogPluginManager: Mounting plugin CurveEditorTools
LogPluginManager: Mounting plugin DataValidation
LogPluginManager: Mounting plugin FacialAnimation
LogPluginManager: Mounting plugin GameplayTagsEditor
LogPluginManager: Mounting plugin GeometryMode
LogPluginManager: Mounting plugin MacGraphicsSwitching
LogPluginManager: Mounting plugin MaterialAnalyzer
LogPluginManager: Mounting plugin MobileLauncherProfileWizard
LogPluginManager: Mounting plugin PluginBrowser
LogPluginManager: Mounting plugin SpeedTreeImporter
LogPluginManager: Mounting plugin DatasmithContent
LogPluginManager: Mounting plugin VariantManagerContent
LogPluginManager: Mounting plugin AlembicImporter
LogPluginManager: Mounting plugin AutomationUtils
LogPluginManager: Mounting plugin BackChannel
LogPluginManager: Mounting plugin ChaosCloth
LogPluginManager: Mounting plugin ChaosClothEditor
LogPluginManager: Mounting plugin ChaosEditor
LogPluginManager: Mounting plugin ChaosNiagara
LogPluginManager: Mounting plugin ChaosSolverPlugin
LogPluginManager: Mounting plugin CharacterAI
LogPluginManager: Mounting plugin Niagara
LogPluginManager: Mounting plugin GeometryCache
LogPluginManager: Mounting plugin GeometryCollectionPlugin
LogPluginManager: Mounting plugin GeometryProcessing
LogPluginManager: Mounting plugin MotoSynth
LogPluginManager: Mounting plugin OpenImageDenoise
LogPluginManager: Mounting plugin PlanarCut
LogPluginManager: Mounting plugin PlatformCrypto
LogPluginManager: Mounting plugin ProxyLODPlugin
LogPluginManager: Mounting plugin PythonScriptPlugin
LogPluginManager: Mounting plugin SkeletalReduction
LogPluginManager: Mounting plugin LuminPlatformFeatures
LogPluginManager: Mounting plugin MagicLeap
LogPluginManager: Mounting plugin MagicLeapLightEstimation
LogPluginManager: Mounting plugin MagicLeapMedia
LogPluginManager: Mounting plugin MagicLeapPassableWorld
LogPluginManager: Mounting plugin MLSDK
LogPluginManager: Mounting plugin AndroidMedia
LogPluginManager: Mounting plugin AvfMedia
LogPluginManager: Mounting plugin ImgMedia
LogPluginManager: Mounting plugin MediaCompositing
LogPluginManager: Mounting plugin MediaPlayerEditor
LogPluginManager: Mounting plugin WebMMedia
LogPluginManager: Mounting plugin WmfMedia
LogPluginManager: Mounting plugin UdpMessaging
LogPluginManager: Mounting plugin TcpMessaging
LogPluginManager: Mounting plugin ActorSequence
LogPluginManager: Mounting plugin LevelSequenceEditor
LogPluginManager: Mounting plugin MatineeToLevelSequence
LogPluginManager: Mounting plugin OnlineSubsystem
LogPluginManager: Mounting plugin OnlineSubsystemNull
LogPluginManager: Mounting plugin OnlineSubsystemSteam
LogPluginManager: Mounting plugin OnlineSubsystemUtils
LogPluginManager: Mounting plugin TemplateSequence
LogPluginManager: Mounting plugin ActorLayerUtilities
LogPluginManager: Mounting plugin LauncherChunkInstaller
LogPluginManager: Mounting plugin AndroidDeviceProfileSelector
LogPluginManager: Mounting plugin AndroidMoviePlayer
LogPluginManager: Mounting plugin AndroidPermission
LogPluginManager: Mounting plugin AppleImageUtils
LogPluginManager: Mounting plugin AppleMoviePlayer
LogPluginManager: Mounting plugin ArchVisCharacter
LogPluginManager: Mounting plugin AssetTags
LogPluginManager: Mounting plugin AudioCapture
LogPluginManager: Mounting plugin AudioSynesthesia
LogPluginManager: Mounting plugin CableComponent
LogPluginManager: Mounting plugin CustomMeshComponent
LogPluginManager: Mounting plugin EditableMesh
LogPluginManager: Mounting plugin ExampleDeviceProfileSelector
LogPluginManager: Mounting plugin GoogleCloudMessaging
LogPluginManager: Mounting plugin GooglePAD
LogPluginManager: Mounting plugin IOSDeviceProfileSelector
LogPluginManager: Mounting plugin ChunkDownloader
LogPluginManager: Mounting plugin LinuxDeviceProfileSelector
LogPluginManager: Mounting plugin LocationServicesBPLibrary
LogPluginManager: Mounting plugin MobilePatchingUtils
LogPluginManager: Mounting plugin OpenXR
LogPluginManager: Mounting plugin OpenXREyeTracker
LogPluginManager: Mounting plugin OpenXRHandTracking
LogPluginManager: Mounting plugin PhysXVehicles
LogPluginManager: Mounting plugin ProceduralMeshComponent
LogPluginManager: Mounting plugin PropertyAccessEditor
LogPluginManager: Mounting plugin RuntimePhysXCooking
LogPluginManager: Mounting plugin SignificanceManager
LogPluginManager: Mounting plugin SoundFields
LogPluginManager: Mounting plugin Synthesis
LogPluginManager: Mounting plugin PostSplashScreen
LogPluginManager: Mounting plugin WebMMoviePlayer
LogPluginManager: Mounting plugin WindowsMoviePlayer
LogPluginManager: Mounting plugin ScreenshotTools
LogPluginManager: Mounting plugin Takes
LogPluginManager: Mounting plugin ContentBrowserAssetDataSource
LogPluginManager: Mounting plugin ContentBrowserFileDataSource
LogPluginManager: Mounting plugin ContentBrowserClassDataSource
LogPluginManager: Mounting plugin OnlineSubsystemGooglePlay
LogPluginManager: Mounting plugin OnlineSubsystemIOS
LogPluginManager: Mounting plugin OculusVR
LogPluginManager: Mounting plugin SteamShared
LogPluginManager: Mounting plugin SteamVR
LogPluginManager: Mounting plugin AdvancedSessions
LogPluginManager: Mounting plugin AdvancedSteamSessions
LogPluginManager: Mounting plugin VaRest
PixWinPlugin: PIX capture plugin failed to initialize! Check that the process is launched from PIX.
LogInit: Using libcurl 7.55.1-DEV
LogInit:  - built for x86_64-pc-win32
LogInit:  - supports SSL with OpenSSL/1.1.1
LogInit:  - supports HTTP deflate (compression) using libz 1.2.8
LogInit:  - other features:
LogInit:      CURL_VERSION_SSL
LogInit:      CURL_VERSION_LIBZ
LogInit:      CURL_VERSION_IPV6
LogInit:      CURL_VERSION_ASYNCHDNS
LogInit:      CURL_VERSION_LARGEFILE
LogInit:      CURL_VERSION_IDN
LogInit:  CurlRequestOptions (configurable via config and command line):
LogInit:  - bVerifyPeer = true  - Libcurl will verify peer certificate
LogInit:  - bUseHttpProxy = false  - Libcurl will NOT use HTTP proxy
LogInit:  - bDontReuseConnections = false  - Libcurl will reuse connections
LogInit:  - MaxHostConnections = 16  - Libcurl will limit the number of connections to a host
LogInit:  - LocalHostAddr = Default
LogInit:  - BufferSize = 65536
LogSteamShared: Display: Loading Steam SDK 1.51
LogSteamShared: Steam SDK Loaded!
LogOnline: OSS: Creating online subsystem instance for: Steam
LogOnline: STEAM: Steam User is subscribed 1
LogOnline: STEAM: [AppId: 1961460] Client API initialized 1
LogSteamShared: Warning: Steam Dedicated Server API failed to initialize.
LogOnline: STEAM: [AppId: 1961460] Game Server API initialized 0
LogOnline: Warning: STEAM: Failed to initialize Steam, this could be due to a Steam server and client running on the same machine. Try running with -NOSTEAM on the cmdline to disable.
LogOnline: Display: STEAM: OnlineSubsystemSteam::Shutdown()
LogSteamShared: Unloading the Steam API...
LogOnline: Warning: STEAM: Steam API failed to initialize!
LogOnline: Display: STEAM: OnlineSubsystemSteam::Shutdown()
LogOnline: OSS: Unable to create OnlineSubsystem module Steam
LogOnline: OSS: Creating online subsystem instance for: NULL
LogInit: WinSock: version 1.1 (2.2), MaxSocks=32767, MaxUdp=65467
LogOnline: OSS: TryLoadSubsystemAndSetDefault: Loaded subsystem for module [NULL]
LogOculusPluginWrapper: OculusPlugin initialized successfully
LogHMD: Failed initializing OVRPlugin 1.59.0
LogInit: Build: ++UE4+Release-4.27-CL-18319896
LogInit: Engine Version: 4.27.2-18319896+++UE4+Release-4.27
LogInit: Compatible Engine Version: 4.27.0-17155196+++UE4+Release-4.27
LogInit: Net CL: 17155196
LogInit: OS: Windows 10 (Release 2009) (), CPU: AMD Ryzen 3 3250U with Radeon Graphics         , GPU: AMD Radeon(TM) Graphics
LogInit: Compiled (64-bit): Nov 30 2021 07:12:08
LogInit: Compiled with Visual C++: 19.24.28315.00
LogInit: Build Configuration: Development
LogInit: Branch Name: ++UE4+Release-4.27
LogInit: Command Line:  /Game/Map/Main_Menu?Listen -game -PIEVIACONSOLE -Multiprocess GameUserSettingsINI=C:/LastStep/PROJECT-LAST-STEP/Playtime_Multiplayer/Saved/Config/Windows/PIEGameUserSettings0.ini -MultiprocessSaveConfig -forcepassthrough -messaging -SessionName="Play in Standalone Game" -port=17777 -windowed -WinX=960 -WinY=30 SAVEWINPOS=1 -ResX=640 -ResY=480
LogInit: Base Directory: C:/Program Files/Epic Games/UE_4.27/Engine/Binaries/Win64/
LogInit: Allocator: TBB
LogInit: Installed Engine Build: 1
LogDevObjectVersion: Number of dev versions registered: 29
LogDevObjectVersion:   Dev-Blueprints (B0D832E4-1F89-4F0D-ACCF-7EB736FD4AA2): 10
LogDevObjectVersion:   Dev-Build (E1C64328-A22C-4D53-A36C-8E866417BD8C): 0
LogDevObjectVersion:   Dev-Core (375EC13C-06E4-48FB-B500-84F0262A717E): 4
LogDevObjectVersion:   Dev-Editor (E4B068ED-F494-42E9-A231-DA0B2E46BB41): 40
LogDevObjectVersion:   Dev-Framework (CFFC743F-43B0-4480-9391-14DF171D2073): 37
LogDevObjectVersion:   Dev-Mobile (B02B49B5-BB20-44E9-A304-32B752E40360): 3
LogDevObjectVersion:   Dev-Networking (A4E4105C-59A1-49B5-A7C5-40C4547EDFEE): 0
LogDevObjectVersion:   Dev-Online (39C831C9-5AE6-47DC-9A44-9C173E1C8E7C): 0
LogDevObjectVersion:   Dev-Physics (78F01B33-EBEA-4F98-B9B4-84EACCB95AA2): 14
LogDevObjectVersion:   Dev-Platform (6631380F-2D4D-43E0-8009-CF276956A95A): 0
LogDevObjectVersion:   Dev-Rendering (12F88B9F-8875-4AFC-A67C-D90C383ABD29): 45
LogDevObjectVersion:   Dev-Sequencer (7B5AE74C-D270-4C10-A958-57980B212A5A): 13
LogDevObjectVersion:   Dev-VR (D7296918-1DD6-4BDD-9DE2-64A83CC13884): 3
LogDevObjectVersion:   Dev-LoadTimes (C2A15278-BFE7-4AFE-6C17-90FF531DF755): 1
LogDevObjectVersion:   Private-Geometry (6EACA3D4-40EC-4CC1-B786-8BED09428FC5): 3
LogDevObjectVersion:   Dev-AnimPhys (29E575DD-E0A3-4627-9D10-D276232CDCEA): 17
LogDevObjectVersion:   Dev-Anim (AF43A65D-7FD3-4947-9873-3E8ED9C1BB05): 15
LogDevObjectVersion:   Dev-ReflectionCapture (6B266CEC-1EC7-4B8F-A30B-E4D90942FC07): 1
LogDevObjectVersion:   Dev-Automation (0DF73D61-A23F-47EA-B727-89E90C41499A): 1
LogDevObjectVersion:   FortniteMain (601D1886-AC64-4F84-AA16-D3DE0DEAC7D6): 47
LogDevObjectVersion:   FortniteRelease (E7086368-6B23-4C58-8439-1B7016265E91): 1
LogDevObjectVersion:   Dev-Enterprise (9DFFBCD6-494F-0158-E221-12823C92A888): 10
LogDevObjectVersion:   Dev-Niagara (F2AED0AC-9AFE-416F-8664-AA7FFA26D6FC): 1
LogDevObjectVersion:   Dev-Destruction (174F1F0B-B4C6-45A5-B13F-2EE8D0FB917D): 10
LogDevObjectVersion:   Dev-Physics-Ext (35F94A83-E258-406C-A318-09F59610247C): 41
LogDevObjectVersion:   Dev-PhysicsMaterial-Chaos (B68FC16E-8B1B-42E2-B453-215C058844FE): 1
LogDevObjectVersion:   Dev-CineCamera (B2E18506-4273-CFC2-A54E-F4BB758BBA07): 1
LogDevObjectVersion:   Dev-VirtualProduction (64F58936-FD1B-42BA-BA96-7289D5D0FA4E): 1
LogDevObjectVersion:   Dev-MediaFramework (6F0ED827-A609-4895-9C91-998D90180EA4): 2
LogLinker: AddRedirectList(C:/LastStep/PROJECT-LAST-STEP/Playtime_Multiplayer/Saved/Config/Windows/VaRest.ini) has substring redirect /VaRestPlugin/, these are very slow and should be resolved as soon as possible!
LogInit: Presizing for max 25165824 objects, including 0 objects not considered by GC, pre-allocating 0 bytes for permanent pool.
LogConfig: Applying CVar settings from Section [/Script/Engine.StreamingSettings] File [C:/LastStep/PROJECT-LAST-STEP/Playtime_Multiplayer/Saved/Config/Windows/Engine.ini]
LogConfig: Setting CVar [[s.MinBulkDataSizeForAsyncLoading:131072]]
LogConfig: Setting CVar [[s.AsyncLoadingThreadEnabled:0]]
LogConfig: Setting CVar [[s.EventDrivenLoaderEnabled:1]]
LogConfig: Setting CVar [[s.WarnIfTimeLimitExceeded:0]]
LogConfig: Setting CVar [[s.TimeLimitExceededMultiplier:1.5]]
LogConfig: Setting CVar [[s.TimeLimitExceededMinTime:0.005]]
LogConfig: Setting CVar [[s.UseBackgroundLevelStreaming:1]]
LogConfig: Setting CVar [[s.PriorityAsyncLoadingExtraTime:15.0]]
LogConfig: Setting CVar [[s.LevelStreamingActorsUpdateTimeLimit:5.0]]
LogConfig: Setting CVar [[s.PriorityLevelStreamingActorsUpdateExtraTime:5.0]]
LogConfig: Setting CVar [[s.LevelStreamingComponentsRegistrationGranularity:10]]
LogConfig: Setting CVar [[s.UnregisterComponentsTimeLimit:1.0]]
LogConfig: Setting CVar [[s.LevelStreamingComponentsUnregistrationGranularity:5]]
LogConfig: Setting CVar [[s.FlushStreamingOnExit:1]]
LogInit: Object subsystem initialized
LogConfig: Setting CVar [[con.DebugEarlyDefault:1]]
LogConfig: Setting CVar [[r.setres:1280x720]]
[2026.04.26-19.28.22:085][  0]LogConfig: Setting CVar [[con.DebugEarlyDefault:1]]
[2026.04.26-19.28.22:085][  0]LogConfig: Setting CVar [[r.setres:1280x720]]
[2026.04.26-19.28.22:085][  0]LogConfig: Applying CVar settings from Section [/Script/Engine.RendererSettings] File [C:/LastStep/PROJECT-LAST-STEP/Playtime_Multiplayer/Saved/Config/Windows/Engine.ini]
[2026.04.26-19.28.22:085][  0]LogConfig: Setting CVar [[r.GPUCrashDebugging:0]]
[2026.04.26-19.28.22:085][  0]LogConfig: Applying CVar settings from Section [/Script/Engine.RendererOverrideSettings] File [C:/LastStep/PROJECT-LAST-STEP/Playtime_Multiplayer/Saved/Config/Windows/Engine.ini]
[2026.04.26-19.28.22:085][  0]LogConfig: Applying CVar settings from Section [/Script/Engine.StreamingSettings] File [C:/LastStep/PROJECT-LAST-STEP/Playtime_Multiplayer/Saved/Config/Windows/Engine.ini]
[2026.04.26-19.28.22:085][  0]LogConfig: Setting CVar [[s.MinBulkDataSizeForAsyncLoading:131072]]
[2026.04.26-19.28.22:085][  0]LogConfig: Setting CVar [[s.AsyncLoadingThreadEnabled:0]]
[2026.04.26-19.28.22:085][  0]LogConfig: Setting CVar [[s.EventDrivenLoaderEnabled:1]]
[2026.04.26-19.28.22:085][  0]LogConfig: Setting CVar [[s.WarnIfTimeLimitExceeded:0]]
[2026.04.26-19.28.22:085][  0]LogConfig: Setting CVar [[s.TimeLimitExceededMultiplier:1.5]]
[2026.04.26-19.28.22:085][  0]LogConfig: Setting CVar [[s.TimeLimitExceededMinTime:0.005]]
[2026.04.26-19.28.22:085][  0]LogConfig: Setting CVar [[s.UseBackgroundLevelStreaming:1]]
[2026.04.26-19.28.22:085][  0]LogConfig: Setting CVar [[s.PriorityAsyncLoadingExtraTime:15.0]]
[2026.04.26-19.28.22:085][  0]LogConfig: Setting CVar [[s.LevelStreamingActorsUpdateTimeLimit:5.0]]
[2026.04.26-19.28.22:085][  0]LogConfig: Setting CVar [[s.PriorityLevelStreamingActorsUpdateExtraTime:5.0]]
[2026.04.26-19.28.22:085][  0]LogConfig: Setting CVar [[s.LevelStreamingComponentsRegistrationGranularity:10]]
[2026.04.26-19.28.22:085][  0]LogConfig: Setting CVar [[s.UnregisterComponentsTimeLimit:1.0]]
[2026.04.26-19.28.22:085][  0]LogConfig: Setting CVar [[s.LevelStreamingComponentsUnregistrationGranularity:5]]
[2026.04.26-19.28.22:085][  0]LogConfig: Setting CVar [[s.FlushStreamingOnExit:1]]
[2026.04.26-19.28.22:085][  0]LogConfig: Applying CVar settings from Section [/Script/Engine.GarbageCollectionSettings] File [C:/LastStep/PROJECT-LAST-STEP/Playtime_Multiplayer/Saved/Config/Windows/Engine.ini]
[2026.04.26-19.28.22:085][  0]LogConfig: Setting CVar [[gc.MaxObjectsNotConsideredByGC:1]]
[2026.04.26-19.28.22:085][  0]LogConfig: Setting CVar [[gc.SizeOfPermanentObjectPool:0]]
[2026.04.26-19.28.22:085][  0]LogConfig: Setting CVar [[gc.FlushStreamingOnGC:0]]
[2026.04.26-19.28.22:085][  0]LogConfig: Setting CVar [[gc.NumRetriesBeforeForcingGC:10]]
[2026.04.26-19.28.22:085][  0]LogConfig: Setting CVar [[gc.AllowParallelGC:1]]
[2026.04.26-19.28.22:085][  0]LogConfig: Setting CVar [[gc.TimeBetweenPurgingPendingKillObjects:61.1]]
[2026.04.26-19.28.22:085][  0]LogConfig: Setting CVar [[gc.MaxObjectsInEditor:25165824]]
[2026.04.26-19.28.22:086][  0]LogConfig: Setting CVar [[gc.IncrementalBeginDestroyEnabled:1]]
[2026.04.26-19.28.22:086][  0]LogConfig: Setting CVar [[gc.CreateGCClusters:1]]
[2026.04.26-19.28.22:086][  0]LogConfig: Setting CVar [[gc.MinGCClusterSize:5]]
[2026.04.26-19.28.22:086][  0]LogConfig: Setting CVar [[gc.ActorClusteringEnabled:0]]
[2026.04.26-19.28.22:086][  0]LogConfig: Setting CVar [[gc.BlueprintClusteringEnabled:0]]
[2026.04.26-19.28.22:086][  0]LogConfig: Setting CVar [[gc.UseDisregardForGCOnDedicatedServers:0]]
[2026.04.26-19.28.22:086][  0]LogConfig: Setting CVar [[gc.MultithreadedDestructionEnabled:1]]
[2026.04.26-19.28.22:086][  0]LogConfig: Applying CVar settings from Section [/Script/Engine.NetworkSettings] File [C:/LastStep/PROJECT-LAST-STEP/Playtime_Multiplayer/Saved/Config/Windows/Engine.ini]
[2026.04.26-19.28.22:086][  0]LogConfig: Applying CVar settings from Section [/Script/UnrealEd.CookerSettings] File [C:/LastStep/PROJECT-LAST-STEP/Playtime_Multiplayer/Saved/Config/Windows/Engine.ini]
[2026.04.26-19.28.22:086][  0]LogConfig: Setting CVar [[cook.AllowCookedDataInEditorBuilds:1]]
[2026.04.26-19.28.22:086][  0]LogConfig: Setting CVar [[s.AllowUnversionedContentInEditor:1]]
[2026.04.26-19.28.22:112][  0]LogConfig: Applying CVar settings from Section [ViewDistanceQuality@3] File [C:/LastStep/PROJECT-LAST-STEP/Playtime_Multiplayer/Saved/Config/Windows/Scalability.ini]
[2026.04.26-19.28.22:112][  0]LogConfig: Setting CVar [[r.SkeletalMeshLODBias:0]]
[2026.04.26-19.28.22:113][  0]LogConfig: Setting CVar [[r.ViewDistanceScale:1.0]]
[2026.04.26-19.28.22:113][  0]LogConfig: Applying CVar settings from Section [AntiAliasingQuality@3] File [C:/LastStep/PROJECT-LAST-STEP/Playtime_Multiplayer/Saved/Config/Windows/Scalability.ini]
[2026.04.26-19.28.22:113][  0]LogConfig: Setting CVar [[r.PostProcessAAQuality:4]]
[2026.04.26-19.28.22:113][  0]LogConfig: Applying CVar settings from Section [ShadowQuality@3] File [C:/LastStep/PROJECT-LAST-STEP/Playtime_Multiplayer/Saved/Config/Windows/Scalability.ini]
[2026.04.26-19.28.22:113][  0]LogConfig: Setting CVar [[r.LightFunctionQuality:1]]
[2026.04.26-19.28.22:113][  0]LogConfig: Setting CVar [[r.ShadowQuality:5]]
[2026.04.26-19.28.22:114][  0]LogConfig: Setting CVar [[r.Shadow.CSM.MaxCascades:10]]
[2026.04.26-19.28.22:114][  0]LogConfig: Setting CVar [[r.Shadow.MaxResolution:2048]]
[2026.04.26-19.28.22:114][  0]LogConfig: Setting CVar [[r.Shadow.MaxCSMResolution:2048]]
[2026.04.26-19.28.22:114][  0]LogConfig: Setting CVar [[r.Shadow.RadiusThreshold:0.01]]
[2026.04.26-19.28.22:114][  0]LogConfig: Setting CVar [[r.Shadow.DistanceScale:1.0]]
[2026.04.26-19.28.22:114][  0]LogConfig: Setting CVar [[r.Shadow.CSM.TransitionScale:1.0]]
[2026.04.26-19.28.22:114][  0]LogConfig: Setting CVar [[r.Shadow.PreShadowResolutionFactor:1.0]]
[2026.04.26-19.28.22:114][  0]LogConfig: Setting CVar [[r.DistanceFieldShadowing:1]]
[2026.04.26-19.28.22:114][  0]LogConfig: Setting CVar [[r.DistanceFieldAO:1]]
[2026.04.26-19.28.22:114][  0]LogConfig: Setting CVar [[r.AOQuality:2]]
[2026.04.26-19.28.22:114][  0]LogConfig: Setting CVar [[r.VolumetricFog:1]]
[2026.04.26-19.28.22:114][  0]LogConfig: Setting CVar [[r.VolumetricFog.GridPixelSize:8]]
[2026.04.26-19.28.22:114][  0]LogConfig: Setting CVar [[r.VolumetricFog.GridSizeZ:128]]
[2026.04.26-19.28.22:114][  0]LogConfig: Setting CVar [[r.VolumetricFog.HistoryMissSupersampleCount:4]]
[2026.04.26-19.28.22:114][  0]LogConfig: Setting CVar [[r.LightMaxDrawDistanceScale:1]]
[2026.04.26-19.28.22:114][  0]LogConfig: Setting CVar [[r.CapsuleShadows:1]]
[2026.04.26-19.28.22:114][  0]LogConfig: Applying CVar settings from Section [PostProcessQuality@3] File [C:/LastStep/PROJECT-LAST-STEP/Playtime_Multiplayer/Saved/Config/Windows/Scalability.ini]
[2026.04.26-19.28.22:114][  0]LogConfig: Setting CVar [[r.MotionBlurQuality:4]]
[2026.04.26-19.28.22:114][  0]LogConfig: Setting CVar [[r.AmbientOcclusionMipLevelFactor:0.4]]
[2026.04.26-19.28.22:114][  0]LogConfig: Setting CVar [[r.AmbientOcclusionMaxQuality:100]]
[2026.04.26-19.28.22:114][  0]LogConfig: Setting CVar [[r.AmbientOcclusionLevels:-1]]
[2026.04.26-19.28.22:114][  0]LogConfig: Setting CVar [[r.AmbientOcclusionRadiusScale:1.0]]
[2026.04.26-19.28.22:114][  0]LogConfig: Setting CVar [[r.DepthOfFieldQuality:2]]
[2026.04.26-19.28.22:114][  0]LogConfig: Setting CVar [[r.RenderTargetPoolMin:400]]
[2026.04.26-19.28.22:114][  0]LogConfig: Setting CVar [[r.LensFlareQuality:2]]
[2026.04.26-19.28.22:114][  0]LogConfig: Setting CVar [[r.SceneColorFringeQuality:1]]
[2026.04.26-19.28.22:114][  0]LogConfig: Setting CVar [[r.EyeAdaptationQuality:2]]
[2026.04.26-19.28.22:114][  0]LogConfig: Setting CVar [[r.BloomQuality:5]]
[2026.04.26-19.28.22:114][  0]LogConfig: Setting CVar [[r.FastBlurThreshold:100]]
[2026.04.26-19.28.22:114][  0]LogConfig: Setting CVar [[r.Upscale.Quality:3]]
[2026.04.26-19.28.22:114][  0]LogConfig: Setting CVar [[r.Tonemapper.GrainQuantization:1]]
[2026.04.26-19.28.22:114][  0]LogConfig: Setting CVar [[r.LightShaftQuality:1]]
[2026.04.26-19.28.22:114][  0]LogConfig: Setting CVar [[r.Filter.SizeScale:1]]
[2026.04.26-19.28.22:114][  0]LogConfig: Setting CVar [[r.Tonemapper.Quality:5]]
[2026.04.26-19.28.22:115][  0]LogConfig: Setting CVar [[r.DOF.Gather.AccumulatorQuality:1        ; higher gathering accumulator quality]]
[2026.04.26-19.28.22:115][  0]LogConfig: Setting CVar [[r.DOF.Gather.PostfilterMethod:1          ; Median3x3 postfilering method]]
[2026.04.26-19.28.22:115][  0]LogConfig: Setting CVar [[r.DOF.Gather.EnableBokehSettings:0       ; no bokeh simulation when gathering]]
[2026.04.26-19.28.22:115][  0]LogConfig: Setting CVar [[r.DOF.Gather.RingCount:4                 ; medium number of samples when gathering]]
[2026.04.26-19.28.22:115][  0]LogConfig: Setting CVar [[r.DOF.Scatter.ForegroundCompositing:1    ; additive foreground scattering]]
[2026.04.26-19.28.22:115][  0]LogConfig: Setting CVar [[r.DOF.Scatter.BackgroundCompositing:2    ; additive background scattering]]
[2026.04.26-19.28.22:115][  0]LogConfig: Setting CVar [[r.DOF.Scatter.EnableBokehSettings:1      ; bokeh simulation when scattering]]
[2026.04.26-19.28.22:115][  0]LogConfig: Setting CVar [[r.DOF.Scatter.MaxSpriteRatio:0.1         ; only a maximum of 10% of scattered bokeh]]
[2026.04.26-19.28.22:115][  0]LogConfig: Setting CVar [[r.DOF.Recombine.Quality:1                ; cheap slight out of focus]]
[2026.04.26-19.28.22:115][  0]LogConfig: Setting CVar [[r.DOF.Recombine.EnableBokehSettings:0    ; no bokeh simulation on slight out of focus]]
[2026.04.26-19.28.22:115][  0]LogConfig: Setting CVar [[r.DOF.TemporalAAQuality:1                ; more stable temporal accumulation]]
[2026.04.26-19.28.22:115][  0]LogConfig: Setting CVar [[r.DOF.Kernel.MaxForegroundRadius:0.025]]
[2026.04.26-19.28.22:115][  0]LogConfig: Setting CVar [[r.DOF.Kernel.MaxBackgroundRadius:0.025]]
[2026.04.26-19.28.22:115][  0]LogConfig: Applying CVar settings from Section [TextureQuality@3] File [C:/LastStep/PROJECT-LAST-STEP/Playtime_Multiplayer/Saved/Config/Windows/Scalability.ini]
[2026.04.26-19.28.22:115][  0]LogConfig: Setting CVar [[r.Streaming.MipBias:0]]
[2026.04.26-19.28.22:115][  0]LogConfig: Setting CVar [[r.Streaming.AmortizeCPUToGPUCopy:0]]
[2026.04.26-19.28.22:115][  0]LogConfig: Setting CVar [[r.Streaming.MaxNumTexturesToStreamPerFrame:0]]
[2026.04.26-19.28.22:115][  0]LogConfig: Setting CVar [[r.Streaming.Boost:1]]
[2026.04.26-19.28.22:115][  0]LogConfig: Setting CVar [[r.MaxAnisotropy:8]]
[2026.04.26-19.28.22:115][  0]LogConfig: Setting CVar [[r.VT.MaxAnisotropy:8]]
[2026.04.26-19.28.22:115][  0]LogConfig: Setting CVar [[r.Streaming.LimitPoolSizeToVRAM:0]]
[2026.04.26-19.28.22:115][  0]LogConfig: Setting CVar [[r.Streaming.PoolSize:1000]]
[2026.04.26-19.28.22:115][  0]LogConfig: Setting CVar [[r.Streaming.MaxEffectiveScreenSize:0]]
[2026.04.26-19.28.22:115][  0]LogConfig: Applying CVar settings from Section [EffectsQuality@3] File [C:/LastStep/PROJECT-LAST-STEP/Playtime_Multiplayer/Saved/Config/Windows/Scalability.ini]
[2026.04.26-19.28.22:115][  0]LogConfig: Setting CVar [[r.TranslucencyLightingVolumeDim:64]]
[2026.04.26-19.28.22:115][  0]LogConfig: Setting CVar [[r.RefractionQuality:2]]
[2026.04.26-19.28.22:115][  0]LogConfig: Setting CVar [[r.SSR.Quality:3]]
[2026.04.26-19.28.22:115][  0]LogConfig: Setting CVar [[r.SSR.HalfResSceneColor:0]]
[2026.04.26-19.28.22:115][  0]LogConfig: Setting CVar [[r.SceneColorFormat:4]]
[2026.04.26-19.28.22:115][  0]LogConfig: Setting CVar [[r.DetailMode:2]]
[2026.04.26-19.28.22:115][  0]LogConfig: Setting CVar [[r.TranslucencyVolumeBlur:1]]
[2026.04.26-19.28.22:115][  0]LogConfig: Setting CVar [[r.MaterialQualityLevel:1 ; High quality]]
[2026.04.26-19.28.22:115][  0]LogConfig: Setting CVar [[r.AnisotropicMaterials:1]]
[2026.04.26-19.28.22:116][  0]LogConfig: Setting CVar [[r.SSS.Scale:1]]
[2026.04.26-19.28.22:116][  0]LogConfig: Setting CVar [[r.SSS.SampleSet:2]]
[2026.04.26-19.28.22:116][  0]LogConfig: Setting CVar [[r.SSS.Quality:1]]
[2026.04.26-19.28.22:116][  0]LogConfig: Setting CVar [[r.SSS.HalfRes:0]]
[2026.04.26-19.28.22:116][  0]LogConfig: Setting CVar [[r.SSGI.Quality:3]]
[2026.04.26-19.28.22:116][  0]LogConfig: Setting CVar [[r.EmitterSpawnRateScale:1.0]]
[2026.04.26-19.28.22:116][  0]LogConfig: Setting CVar [[r.ParticleLightQuality:2]]
[2026.04.26-19.28.22:116][  0]LogConfig: Setting CVar [[r.SkyAtmosphere.AerialPerspectiveLUT.FastApplyOnOpaque:1 ; Always have FastSkyLUT 1 in this case to avoid wrong sky]]
[2026.04.26-19.28.22:116][  0]LogConfig: Setting CVar [[r.SkyAtmosphere.AerialPerspectiveLUT.SampleCountMaxPerSlice:4]]
[2026.04.26-19.28.22:116][  0]LogConfig: Setting CVar [[r.SkyAtmosphere.AerialPerspectiveLUT.DepthResolution:16.0]]
[2026.04.26-19.28.22:116][  0]LogConfig: Setting CVar [[r.SkyAtmosphere.FastSkyLUT:1]]
[2026.04.26-19.28.22:116][  0]LogConfig: Setting CVar [[r.SkyAtmosphere.FastSkyLUT.SampleCountMin:4.0]]
[2026.04.26-19.28.22:116][  0]LogConfig: Setting CVar [[r.SkyAtmosphere.FastSkyLUT.SampleCountMax:128.0]]
[2026.04.26-19.28.22:117][  0]LogConfig: Setting CVar [[r.SkyAtmosphere.SampleCountMin:4.0]]
[2026.04.26-19.28.22:117][  0]LogConfig: Setting CVar [[r.SkyAtmosphere.SampleCountMax:128.0]]
[2026.04.26-19.28.22:117][  0]LogConfig: Setting CVar [[r.SkyAtmosphere.TransmittanceLUT.UseSmallFormat:0]]
[2026.04.26-19.28.22:117][  0]LogConfig: Setting CVar [[r.SkyAtmosphere.TransmittanceLUT.SampleCount:10.0]]
[2026.04.26-19.28.22:117][  0]LogConfig: Setting CVar [[r.SkyAtmosphere.MultiScatteringLUT.SampleCount:15.0]]
[2026.04.26-19.28.22:117][  0]LogConfig: Setting CVar [[r.SkyLight.RealTimeReflectionCapture:1]]
[2026.04.26-19.28.22:117][  0]LogConfig: Applying CVar settings from Section [FoliageQuality@3] File [C:/LastStep/PROJECT-LAST-STEP/Playtime_Multiplayer/Saved/Config/Windows/Scalability.ini]
[2026.04.26-19.28.22:117][  0]LogConfig: Setting CVar [[foliage.DensityScale:1.0]]
[2026.04.26-19.28.22:117][  0]LogConfig: Setting CVar [[grass.DensityScale:1.0]]
[2026.04.26-19.28.22:117][  0]LogConfig: Applying CVar settings from Section [ShadingQuality@3] File [C:/LastStep/PROJECT-LAST-STEP/Playtime_Multiplayer/Saved/Config/Windows/Scalability.ini]
[2026.04.26-19.28.22:117][  0]LogConfig: Setting CVar [[r.HairStrands.SkyLighting.IntegrationType:2]]
[2026.04.26-19.28.22:117][  0]LogConfig: Setting CVar [[r.HairStrands.SkyAO.SampleCount:4]]
[2026.04.26-19.28.22:117][  0]LogConfig: Setting CVar [[r.HairStrands.Visibility.MSAA.SamplePerPixel:4]]
[2026.04.26-19.28.22:117][  0]LogInit: Selected Device Profile: [Windows]
[2026.04.26-19.28.22:117][  0]LogInit: Applying CVar settings loaded from the selected device profile: [Windows]
[2026.04.26-19.28.22:117][  0]LogHAL: Display: Platform has ~ 6 GB [6358228992 / 8589934592 / 6], which maps to Smaller [LargestMinGB=32, LargerMinGB=12, DefaultMinGB=8, SmallerMinGB=6, SmallestMinGB=0)
[2026.04.26-19.28.22:117][  0]LogInit: Going up to parent DeviceProfile []
[2026.04.26-19.28.22:117][  0]LogConfig: Applying CVar settings from Section [ViewDistanceQuality@3] File [C:/LastStep/PROJECT-LAST-STEP/Playtime_Multiplayer/Saved/Config/Windows/Scalability.ini]
[2026.04.26-19.28.22:117][  0]LogConfig: Setting CVar [[r.SkeletalMeshLODBias:0]]
[2026.04.26-19.28.22:117][  0]LogConfig: Setting CVar [[r.ViewDistanceScale:1.0]]
[2026.04.26-19.28.22:117][  0]LogConfig: Applying CVar settings from Section [AntiAliasingQuality@3] File [C:/LastStep/PROJECT-LAST-STEP/Playtime_Multiplayer/Saved/Config/Windows/Scalability.ini]
[2026.04.26-19.28.22:118][  0]LogConfig: Setting CVar [[r.PostProcessAAQuality:4]]
[2026.04.26-19.28.22:118][  0]LogConfig: Applying CVar settings from Section [ShadowQuality@3] File [C:/LastStep/PROJECT-LAST-STEP/Playtime_Multiplayer/Saved/Config/Windows/Scalability.ini]
[2026.04.26-19.28.22:118][  0]LogConfig: Setting CVar [[r.LightFunctionQuality:1]]
[2026.04.26-19.28.22:118][  0]LogConfig: Setting CVar [[r.ShadowQuality:5]]
[2026.04.26-19.28.22:118][  0]LogConfig: Setting CVar [[r.Shadow.CSM.MaxCascades:10]]
[2026.04.26-19.28.22:118][  0]LogConfig: Setting CVar [[r.Shadow.MaxResolution:2048]]
[2026.04.26-19.28.22:118][  0]LogConfig: Setting CVar [[r.Shadow.MaxCSMResolution:2048]]
[2026.04.26-19.28.22:118][  0]LogConfig: Setting CVar [[r.Shadow.RadiusThreshold:0.01]]
[2026.04.26-19.28.22:118][  0]LogConfig: Setting CVar [[r.Shadow.DistanceScale:1.0]]
[2026.04.26-19.28.22:118][  0]LogConfig: Setting CVar [[r.Shadow.CSM.TransitionScale:1.0]]
[2026.04.26-19.28.22:118][  0]LogConfig: Setting CVar [[r.Shadow.PreShadowResolutionFactor:1.0]]
[2026.04.26-19.28.22:118][  0]LogConfig: Setting CVar [[r.DistanceFieldShadowing:1]]
[2026.04.26-19.28.22:118][  0]LogConfig: Setting CVar [[r.DistanceFieldAO:1]]
[2026.04.26-19.28.22:118][  0]LogConfig: Setting CVar [[r.AOQuality:2]]
[2026.04.26-19.28.22:118][  0]LogConfig: Setting CVar [[r.VolumetricFog:1]]
[2026.04.26-19.28.22:118][  0]LogConfig: Setting CVar [[r.VolumetricFog.GridPixelSize:8]]
[2026.04.26-19.28.22:118][  0]LogConfig: Setting CVar [[r.VolumetricFog.GridSizeZ:128]]
[2026.04.26-19.28.22:118][  0]LogConfig: Setting CVar [[r.VolumetricFog.HistoryMissSupersampleCount:4]]
[2026.04.26-19.28.22:118][  0]LogConfig: Setting CVar [[r.LightMaxDrawDistanceScale:1]]
[2026.04.26-19.28.22:118][  0]LogConfig: Setting CVar [[r.CapsuleShadows:1]]
[2026.04.26-19.28.22:118][  0]LogConfig: Applying CVar settings from Section [PostProcessQuality@3] File [C:/LastStep/PROJECT-LAST-STEP/Playtime_Multiplayer/Saved/Config/Windows/Scalability.ini]
[2026.04.26-19.28.22:118][  0]LogConfig: Setting CVar [[r.MotionBlurQuality:4]]
[2026.04.26-19.28.22:118][  0]LogConfig: Setting CVar [[r.AmbientOcclusionMipLevelFactor:0.4]]
[2026.04.26-19.28.22:118][  0]LogConfig: Setting CVar [[r.AmbientOcclusionMaxQuality:100]]
[2026.04.26-19.28.22:118][  0]LogConfig: Setting CVar [[r.AmbientOcclusionLevels:-1]]
[2026.04.26-19.28.22:118][  0]LogConfig: Setting CVar [[r.AmbientOcclusionRadiusScale:1.0]]
[2026.04.26-19.28.22:118][  0]LogConfig: Setting CVar [[r.DepthOfFieldQuality:2]]
[2026.04.26-19.28.22:118][  0]LogConfig: Setting CVar [[r.RenderTargetPoolMin:400]]
[2026.04.26-19.28.22:118][  0]LogConfig: Setting CVar [[r.LensFlareQuality:2]]
[2026.04.26-19.28.22:118][  0]LogConfig: Setting CVar [[r.SceneColorFringeQuality:1]]
[2026.04.26-19.28.22:119][  0]LogConfig: Setting CVar [[r.EyeAdaptationQuality:2]]
[2026.04.26-19.28.22:119][  0]LogConfig: Setting CVar [[r.BloomQuality:5]]
[2026.04.26-19.28.22:119][  0]LogConfig: Setting CVar [[r.FastBlurThreshold:100]]
[2026.04.26-19.28.22:119][  0]LogConfig: Setting CVar [[r.Upscale.Quality:3]]
[2026.04.26-19.28.22:119][  0]LogConfig: Setting CVar [[r.Tonemapper.GrainQuantization:1]]
[2026.04.26-19.28.22:119][  0]LogConfig: Setting CVar [[r.LightShaftQuality:1]]
[2026.04.26-19.28.22:119][  0]LogConfig: Setting CVar [[r.Filter.SizeScale:1]]
[2026.04.26-19.28.22:119][  0]LogConfig: Setting CVar [[r.Tonemapper.Quality:5]]
[2026.04.26-19.28.22:119][  0]LogConfig: Setting CVar [[r.DOF.Gather.AccumulatorQuality:1        ; higher gathering accumulator quality]]
[2026.04.26-19.28.22:119][  0]LogConfig: Setting CVar [[r.DOF.Gather.PostfilterMethod:1          ; Median3x3 postfilering method]]
[2026.04.26-19.28.22:119][  0]LogConfig: Setting CVar [[r.DOF.Gather.EnableBokehSettings:0       ; no bokeh simulation when gathering]]
[2026.04.26-19.28.22:119][  0]LogConfig: Setting CVar [[r.DOF.Gather.RingCount:4                 ; medium number of samples when gathering]]
[2026.04.26-19.28.22:119][  0]LogConfig: Setting CVar [[r.DOF.Scatter.ForegroundCompositing:1    ; additive foreground scattering]]
[2026.04.26-19.28.22:119][  0]LogConfig: Setting CVar [[r.DOF.Scatter.BackgroundCompositing:2    ; additive background scattering]]
[2026.04.26-19.28.22:119][  0]LogConfig: Setting CVar [[r.DOF.Scatter.EnableBokehSettings:1      ; bokeh simulation when scattering]]
[2026.04.26-19.28.22:119][  0]LogConfig: Setting CVar [[r.DOF.Scatter.MaxSpriteRatio:0.1         ; only a maximum of 10% of scattered bokeh]]
[2026.04.26-19.28.22:119][  0]LogConfig: Setting CVar [[r.DOF.Recombine.Quality:1                ; cheap slight out of focus]]
[2026.04.26-19.28.22:119][  0]LogConfig: Setting CVar [[r.DOF.Recombine.EnableBokehSettings:0    ; no bokeh simulation on slight out of focus]]
[2026.04.26-19.28.22:119][  0]LogConfig: Setting CVar [[r.DOF.TemporalAAQuality:1                ; more stable temporal accumulation]]
[2026.04.26-19.28.22:119][  0]LogConfig: Setting CVar [[r.DOF.Kernel.MaxForegroundRadius:0.025]]
[2026.04.26-19.28.22:119][  0]LogConfig: Setting CVar [[r.DOF.Kernel.MaxBackgroundRadius:0.025]]
[2026.04.26-19.28.22:119][  0]LogConfig: Applying CVar settings from Section [TextureQuality@3] File [C:/LastStep/PROJECT-LAST-STEP/Playtime_Multiplayer/Saved/Config/Windows/Scalability.ini]
[2026.04.26-19.28.22:119][  0]LogConfig: Setting CVar [[r.Streaming.MipBias:0]]
[2026.04.26-19.28.22:119][  0]LogConfig: Setting CVar [[r.Streaming.AmortizeCPUToGPUCopy:0]]
[2026.04.26-19.28.22:119][  0]LogConfig: Setting CVar [[r.Streaming.MaxNumTexturesToStreamPerFrame:0]]
[2026.04.26-19.28.22:119][  0]LogConfig: Setting CVar [[r.Streaming.Boost:1]]
[2026.04.26-19.28.22:119][  0]LogConfig: Setting CVar [[r.MaxAnisotropy:8]]
[2026.04.26-19.28.22:119][  0]LogConfig: Setting CVar [[r.VT.MaxAnisotropy:8]]
[2026.04.26-19.28.22:119][  0]LogConfig: Setting CVar [[r.Streaming.LimitPoolSizeToVRAM:0]]
[2026.04.26-19.28.22:119][  0]LogConfig: Setting CVar [[r.Streaming.PoolSize:1000]]
[2026.04.26-19.28.22:119][  0]LogConfig: Setting CVar [[r.Streaming.MaxEffectiveScreenSize:0]]
[2026.04.26-19.28.22:119][  0]LogConfig: Applying CVar settings from Section [EffectsQuality@3] File [C:/LastStep/PROJECT-LAST-STEP/Playtime_Multiplayer/Saved/Config/Windows/Scalability.ini]
[2026.04.26-19.28.22:120][  0]LogConfig: Setting CVar [[r.TranslucencyLightingVolumeDim:64]]
[2026.04.26-19.28.22:120][  0]LogConfig: Setting CVar [[r.RefractionQuality:2]]
[2026.04.26-19.28.22:120][  0]LogConfig: Setting CVar [[r.SSR.Quality:3]]
[2026.04.26-19.28.22:120][  0]LogConfig: Setting CVar [[r.SSR.HalfResSceneColor:0]]
[2026.04.26-19.28.22:120][  0]LogConfig: Setting CVar [[r.SceneColorFormat:4]]
[2026.04.26-19.28.22:120][  0]LogConfig: Setting CVar [[r.DetailMode:2]]
[2026.04.26-19.28.22:120][  0]LogConfig: Setting CVar [[r.TranslucencyVolumeBlur:1]]
[2026.04.26-19.28.22:120][  0]LogConfig: Setting CVar [[r.MaterialQualityLevel:1 ; High quality]]
[2026.04.26-19.28.22:120][  0]LogConfig: Setting CVar [[r.AnisotropicMaterials:1]]
[2026.04.26-19.28.22:120][  0]LogConfig: Setting CVar [[r.SSS.Scale:1]]
[2026.04.26-19.28.22:120][  0]LogConfig: Setting CVar [[r.SSS.SampleSet:2]]
[2026.04.26-19.28.22:120][  0]LogConfig: Setting CVar [[r.SSS.Quality:1]]
[2026.04.26-19.28.22:120][  0]LogConfig: Setting CVar [[r.SSS.HalfRes:0]]
[2026.04.26-19.28.22:120][  0]LogConfig: Setting CVar [[r.SSGI.Quality:3]]
[2026.04.26-19.28.22:120][  0]LogConfig: Setting CVar [[r.EmitterSpawnRateScale:1.0]]
[2026.04.26-19.28.22:120][  0]LogConfig: Setting CVar [[r.ParticleLightQuality:2]]
[2026.04.26-19.28.22:120][  0]LogConfig: Setting CVar [[r.SkyAtmosphere.AerialPerspectiveLUT.FastApplyOnOpaque:1 ; Always have FastSkyLUT 1 in this case to avoid wrong sky]]
[2026.04.26-19.28.22:120][  0]LogConfig: Setting CVar [[r.SkyAtmosphere.AerialPerspectiveLUT.SampleCountMaxPerSlice:4]]
[2026.04.26-19.28.22:120][  0]LogConfig: Setting CVar [[r.SkyAtmosphere.AerialPerspectiveLUT.DepthResolution:16.0]]
[2026.04.26-19.28.22:120][  0]LogConfig: Setting CVar [[r.SkyAtmosphere.FastSkyLUT:1]]
[2026.04.26-19.28.22:120][  0]LogConfig: Setting CVar [[r.SkyAtmosphere.FastSkyLUT.SampleCountMin:4.0]]
[2026.04.26-19.28.22:120][  0]LogConfig: Setting CVar [[r.SkyAtmosphere.FastSkyLUT.SampleCountMax:128.0]]
[2026.04.26-19.28.22:120][  0]LogConfig: Setting CVar [[r.SkyAtmosphere.SampleCountMin:4.0]]
[2026.04.26-19.28.22:120][  0]LogConfig: Setting CVar [[r.SkyAtmosphere.SampleCountMax:128.0]]
[2026.04.26-19.28.22:120][  0]LogConfig: Setting CVar [[r.SkyAtmosphere.TransmittanceLUT.UseSmallFormat:0]]
[2026.04.26-19.28.22:120][  0]LogConfig: Setting CVar [[r.SkyAtmosphere.TransmittanceLUT.SampleCount:10.0]]
[2026.04.26-19.28.22:120][  0]LogConfig: Setting CVar [[r.SkyAtmosphere.MultiScatteringLUT.SampleCount:15.0]]
[2026.04.26-19.28.22:120][  0]LogConfig: Setting CVar [[r.SkyLight.RealTimeReflectionCapture:1]]
[2026.04.26-19.28.22:120][  0]LogConfig: Applying CVar settings from Section [FoliageQuality@3] File [C:/LastStep/PROJECT-LAST-STEP/Playtime_Multiplayer/Saved/Config/Windows/Scalability.ini]
[2026.04.26-19.28.22:120][  0]LogConfig: Setting CVar [[foliage.DensityScale:1.0]]
[2026.04.26-19.28.22:120][  0]LogConfig: Setting CVar [[grass.DensityScale:1.0]]
[2026.04.26-19.28.22:120][  0]LogConfig: Applying CVar settings from Section [ShadingQuality@3] File [C:/LastStep/PROJECT-LAST-STEP/Playtime_Multiplayer/Saved/Config/Windows/Scalability.ini]
[2026.04.26-19.28.22:120][  0]LogConfig: Setting CVar [[r.HairStrands.SkyLighting.IntegrationType:2]]
[2026.04.26-19.28.22:120][  0]LogConfig: Setting CVar [[r.HairStrands.SkyAO.SampleCount:4]]
[2026.04.26-19.28.22:120][  0]LogConfig: Setting CVar [[r.HairStrands.Visibility.MSAA.SamplePerPixel:4]]
[2026.04.26-19.28.22:120][  0]LogConfig: Applying CVar settings from Section [Startup] File [../../../Engine/Config/ConsoleVariables.ini]
[2026.04.26-19.28.22:123][  0]LogConfig: Setting CVar [[net.UseAdaptiveNetUpdateFrequency:0]]
[2026.04.26-19.28.22:123][  0]LogConfig: Setting CVar [[p.chaos.AllowCreatePhysxBodies:1]]
[2026.04.26-19.28.22:123][  0]LogConfig: Setting CVar [[fx.SkipVectorVMBackendOptimizations:1]]
[2026.04.26-19.28.22:123][  0]LogConfig: Applying CVar settings from Section [ConsoleVariables] File [C:/LastStep/PROJECT-LAST-STEP/Playtime_Multiplayer/Saved/Config/Windows/Engine.ini]
[2026.04.26-19.28.22:123][  0]LogConfig: Applying CVar settings from Section [ConsoleVariables] File [C:/LastStep/PROJECT-LAST-STEP/Playtime_Multiplayer/Saved/Config/Windows/Editor.ini]
[2026.04.26-19.28.22:123][  0]LogInit: Computer: SIBIDI
[2026.04.26-19.28.22:124][  0]LogInit: User: Xdox2
[2026.04.26-19.28.22:124][  0]LogInit: CPU Page size=4096, Cores=2
[2026.04.26-19.28.22:124][  0]LogInit: High frequency timer resolution =10.000000 MHz
[2026.04.26-19.28.22:124][  0]LogMemory: Memory total: Physical=5.9GB (6GB approx)
[2026.04.26-19.28.22:124][  0]LogMemory: Platform Memory Stats for Windows
[2026.04.26-19.28.22:124][  0]LogMemory: Process Physical Memory: 172.96 MB used, 176.18 MB peak
[2026.04.26-19.28.22:124][  0]LogMemory: Process Virtual Memory: 136.00 MB used, 136.00 MB peak
[2026.04.26-19.28.22:124][  0]LogMemory: Physical Memory: 5256.04 MB used,  807.64 MB free, 6063.68 MB total
[2026.04.26-19.28.22:124][  0]LogMemory: Virtual Memory: 134210968.00 MB used,  6759.36 MB free, 134217728.00 MB total
[2026.04.26-19.28.22:166][  0]LogWindows: WindowsPlatformFeatures enabled
[2026.04.26-19.28.22:321][  0]LogInit: Physics initialised using underlying interface: PhysX
[2026.04.26-19.28.22:322][  0]LogInit: Using OS detected language (ru-RU).
[2026.04.26-19.28.22:322][  0]LogInit: Using OS detected locale (ru-RU).
[2026.04.26-19.28.22:333][  0]LogTextLocalizationManager: No specific localization for 'ru-RU' exists, so the 'ru' localization will be used.
[2026.04.26-19.28.22:345][  0]LogTextLocalizationResource: LocRes '../../../Engine/Content/Localization/Editor/ru/Editor.locres' could not be opened for reading!
[2026.04.26-19.28.22:346][  0]LogTextLocalizationResource: LocRes '../../../Engine/Content/Localization/EditorTutorials/ru/EditorTutorials.locres' could not be opened for reading!
[2026.04.26-19.28.22:346][  0]LogTextLocalizationResource: LocRes '../../../Engine/Content/Localization/Keywords/ru/Keywords.locres' could not be opened for reading!
[2026.04.26-19.28.22:346][  0]LogTextLocalizationResource: LocRes '../../../Engine/Content/Localization/Category/ru/Category.locres' could not be opened for reading!
[2026.04.26-19.28.22:346][  0]LogTextLocalizationResource: LocRes '../../../Engine/Content/Localization/ToolTips/ru/ToolTips.locres' could not be opened for reading!
[2026.04.26-19.28.22:347][  0]LogTextLocalizationResource: LocRes '../../../Engine/Content/Localization/PropertyNames/ru/PropertyNames.locres' could not be opened for reading!
[2026.04.26-19.28.22:347][  0]LogTextLocalizationResource: LocRes '../../../Engine/Content/Localization/Engine/ru/Engine.locres' could not be opened for reading!
[2026.04.26-19.28.22:397][  0]LogWindowsTextInputMethodSystem: Display: IME system deactivated.
[2026.04.26-19.28.22:490][  0]LogSlate: New Slate User Created.  User Index 0, Is Virtual User: 0
[2026.04.26-19.28.22:490][  0]LogSlate: Slate User Registered.  User Index 0, Is Virtual User: 0
[2026.04.26-19.28.22:577][  0]LogD3D11RHI: Loaded GFSDK_Aftermath_Lib.x64.dll
[2026.04.26-19.28.22:584][  0]LogHMD: Failed to initialize OpenVR with code 110
[2026.04.26-19.28.22:584][  0]LogD3D11RHI: D3D11 min allowed feature level: 11_0
[2026.04.26-19.28.22:584][  0]LogD3D11RHI: D3D11 max allowed feature level: 11_0
[2026.04.26-19.28.22:585][  0]LogD3D11RHI: D3D11 adapters:
[2026.04.26-19.28.23:038][  0]LogD3D11RHI:    0. 'AMD Radeon(TM) Graphics' (Feature Level 11_0)
[2026.04.26-19.28.23:038][  0]LogD3D11RHI:       2033/0/3031 MB DedicatedVideo/DedicatedSystem/SharedSystem, Outputs:1, VendorId:0x1002
[2026.04.26-19.28.23:087][  0]LogD3D11RHI:    1. 'Microsoft Basic Render Driver' (Feature Level 11_0)
[2026.04.26-19.28.23:088][  0]LogD3D11RHI:       0/0/3031 MB DedicatedVideo/DedicatedSystem/SharedSystem, Outputs:0, VendorId:0x1414
[2026.04.26-19.28.23:088][  0]LogD3D11RHI: Chosen D3D11 Adapter:
[2026.04.26-19.28.23:088][  0]LogD3D11RHI:     Description : AMD Radeon(TM) Graphics
[2026.04.26-19.28.23:088][  0]LogD3D11RHI:     VendorId    : 1002
[2026.04.26-19.28.23:088][  0]LogD3D11RHI:     DeviceId    : 15d8
[2026.04.26-19.28.23:088][  0]LogD3D11RHI:     SubSysId    : 8706103c
[2026.04.26-19.28.23:088][  0]LogD3D11RHI:     Revision    : 00c4
[2026.04.26-19.28.23:088][  0]LogD3D11RHI:     DedicatedVideoMemory : 2132467712 bytes
[2026.04.26-19.28.23:089][  0]LogD3D11RHI:     DedicatedSystemMemory : 0 bytes
[2026.04.26-19.28.23:089][  0]LogD3D11RHI:     SharedSystemMemory : 3179114496 bytes
[2026.04.26-19.28.23:090][  0]LogD3D11RHI:     AdapterLuid : 0 69907
[2026.04.26-19.28.23:106][  0]LogD3D11RHI: Creating new Direct3DDevice
[2026.04.26-19.28.23:106][  0]LogD3D11RHI:     GPU DeviceId: 0x15d8 (for the marketing name, search the web for "GPU Device Id")
[2026.04.26-19.28.23:106][  0]LogWindows: EnumDisplayDevices:
[2026.04.26-19.28.23:107][  0]LogWindows:    0. 'AMD Radeon(TM) Graphics' (P:1 D:1)
[2026.04.26-19.28.23:108][  0]LogWindows:    1. 'AMD Radeon(TM) Graphics' (P:0 D:0)
[2026.04.26-19.28.23:109][  0]LogWindows:    2. 'AMD Radeon(TM) Graphics' (P:0 D:0)
[2026.04.26-19.28.23:109][  0]LogWindows: DebugString: FoundDriverCount:3 
[2026.04.26-19.28.23:109][  0]LogD3D11RHI:     Adapter Name: AMD Radeon(TM) Graphics
[2026.04.26-19.28.23:109][  0]LogD3D11RHI:   Driver Version: AMD Software: Adrenalin Edition 25.8.1 (internal:31.0.21923.11000, unified:31.0.21923.11000)
[2026.04.26-19.28.23:110][  0]LogD3D11RHI:      Driver Date: 7-1-2025
[2026.04.26-19.28.23:110][  0]LogRHI: Texture pool is 3191 MB (70% of 4558 MB)
[2026.04.26-19.28.23:849][  0]LogD3D11RHI: Creating D3DDevice with AMD AGS, using adapter:
[2026.04.26-19.28.23:850][  0]LogD3D11RHI:     Description : AMD Radeon(TM) Graphics
[2026.04.26-19.28.23:850][  0]LogD3D11RHI:     VendorId    : 1002
[2026.04.26-19.28.23:850][  0]LogD3D11RHI:     DeviceId    : 15d8
[2026.04.26-19.28.23:850][  0]LogD3D11RHI:     SubSysId    : 8706103c
[2026.04.26-19.28.23:850][  0]LogD3D11RHI:     Revision    : 00c4
[2026.04.26-19.28.23:850][  0]LogD3D11RHI:     DedicatedVideoMemory : 2132467712 bytes
[2026.04.26-19.28.23:850][  0]LogD3D11RHI:     DedicatedSystemMemory : 0 bytes
[2026.04.26-19.28.23:850][  0]LogD3D11RHI:     SharedSystemMemory : 3179114496 bytes
[2026.04.26-19.28.23:850][  0]LogD3D11RHI:     AdapterLuid : 0 69907
[2026.04.26-19.28.24:240][  0]LogD3D11RHI: Created device via AGS, feature level 11_0, supported extensions 1fffffbf.
[2026.04.26-19.28.24:240][  0]LogD3D11RHI: RHI has support for 64 bit atomics
[2026.04.26-19.28.24:240][  0]LogD3D11RHI: Async texture creation enabled
[2026.04.26-19.28.24:240][  0]LogD3D11RHI: Array index from any shader is supported
[2026.04.26-19.28.24:269][  0]LogD3D11RHI: GPU Timing Frequency: 25.000000 (Debug: 2 1)
[2026.04.26-19.28.34:022][  0]LogTargetPlatformManager: Display: Loaded TargetPlatform 'WindowsNoEditor'
[2026.04.26-19.28.34:033][  0]LogTargetPlatformManager: Display: Loaded TargetPlatform 'Windows'
[2026.04.26-19.28.34:042][  0]LogTargetPlatformManager: Display: Loaded TargetPlatform 'WindowsClient'
[2026.04.26-19.28.34:053][  0]LogTargetPlatformManager: Display: Loaded TargetPlatform 'WindowsServer'
[2026.04.26-19.28.34:053][  0]LogTargetPlatformManager: Display: Building Assets For Windows
[2026.04.26-19.28.34:073][  0]LogAudioDebug: Display: Lib vorbis DLL was dynamically loaded.
[2026.04.26-19.28.34:147][  0]LogTextureFormatOodle: Display: Oodle Texture 2.9.0 init RDO Off
[2026.04.26-19.28.34:231][  0]LogRendererCore: Ray tracing is disabled. Reason: r.RayTracing=0.
[2026.04.26-19.28.34:231][  0]LogShaderLibrary: Display: Running without a pakfile and did not find a monolithic library 'Global' - attempting disk search for its chunks
[2026.04.26-19.28.34:231][  0]LogShaderLibrary: Display:    ....  not found
[2026.04.26-19.28.34:231][  0]LogShaderCompilers: Guid format shader working directory is -19 characters bigger than the processId version (../../../../../../LastStep/PROJECT-LAST-STEP/Playtime_Multiplayer/Intermediate/Shaders/WorkingDirectory/2264/).
[2026.04.26-19.28.34:232][  0]LogShaderCompilers: Cleaned the shader compiler working directory 'C:/Users/Xdox2/AppData/Local/Temp/UnrealShaderWorkingDir/5BBDFF054D072E859EC6218DE34500EF/'.
[2026.04.26-19.28.34:232][  0]LogXGEController: Cannot use XGE Controller as Incredibuild is not installed on this machine.
[2026.04.26-19.28.34:232][  0]LogShaderCompilers: Cannot use XGE Shader Compiler as Incredibuild is not installed on this machine.
[2026.04.26-19.28.34:233][  0]LogShaderCompilers: Display: Using Local Shader Compiler.
[2026.04.26-19.28.38:175][  0]LogDerivedDataCache: Display: Max Cache Size: 512 MB
[2026.04.26-19.28.38:446][  0]LogDerivedDataCache: Loaded boot cache 0.27s 94MB C:/Users/Xdox2/AppData/Local/UnrealEngine/4.27/DerivedDataCache/Boot.ddc.
[2026.04.26-19.28.38:447][  0]LogDerivedDataCache: Display: Loaded Boot cache: C:/Users/Xdox2/AppData/Local/UnrealEngine/4.27/DerivedDataCache/Boot.ddc
[2026.04.26-19.28.38:447][  0]LogDerivedDataCache: FDerivedDataBackendGraph:  Pak pak cache file ../../../../../../LastStep/PROJECT-LAST-STEP/Playtime_Multiplayer/DerivedDataCache/DDC.ddp not found, will not use a pak cache.
[2026.04.26-19.28.38:447][  0]LogDerivedDataCache: Unable to find inner node Pak for hierarchical cache Hierarchy.
[2026.04.26-19.28.38:447][  0]LogDerivedDataCache: FDerivedDataBackendGraph:  CompressedPak pak cache file ../../../../../../LastStep/PROJECT-LAST-STEP/Playtime_Multiplayer/DerivedDataCache/Compressed.ddp not found, will not use a pak cache.
[2026.04.26-19.28.38:447][  0]LogDerivedDataCache: Unable to find inner node CompressedPak for hierarchical cache Hierarchy.
[2026.04.26-19.28.38:514][  0]LogDerivedDataCache: Display: Pak cache opened for reading ../../../Engine/DerivedDataCache/Compressed.ddp.
[2026.04.26-19.28.38:514][  0]LogDerivedDataCache: FDerivedDataBackendGraph:  EnterprisePak pak cache file ../../../Enterprise/DerivedDataCache/Compressed.ddp not found, will not use a pak cache.
[2026.04.26-19.28.38:515][  0]LogDerivedDataCache: Unable to find inner node EnterprisePak for hierarchical cache Hierarchy.
[2026.04.26-19.28.38:563][  0]LogDerivedDataCache: Speed tests for C:/Users/Xdox2/AppData/Local/UnrealEngine/Common/DerivedDataCache took 0.05 seconds
[2026.04.26-19.28.38:564][  0]LogDerivedDataCache: Display: Performance to C:/Users/Xdox2/AppData/Local/UnrealEngine/Common/DerivedDataCache: Latency=0.09ms. RandomReadSpeed=285.03MBs, RandomWriteSpeed=20.90MBs. Assigned SpeedClass 'Local'
[2026.04.26-19.28.38:621][  0]LogDerivedDataCache: Using Local data cache path C:/Users/Xdox2/AppData/Local/UnrealEngine/Common/DerivedDataCache: Writable
[2026.04.26-19.28.38:622][  0]LogDerivedDataCache: Shared data cache path not found in *engine.ini, will not use an Shared cache.
[2026.04.26-19.28.38:622][  0]LogDerivedDataCache: Unable to find inner node Shared for hierarchical cache Hierarchy.
[2026.04.26-19.28.39:056][  0]LogSlate: Using FreeType 2.10.0
[2026.04.26-19.28.39:057][  0]LogSlate: SlateFontServices - WITH_FREETYPE: 1, WITH_HARFBUZZ: 1
[2026.04.26-19.28.39:900][  0]LogInit: Using OS detected language (ru-RU).
[2026.04.26-19.28.39:900][  0]LogInit: Using OS detected locale (ru-RU).
[2026.04.26-19.28.39:900][  0]LogTextLocalizationManager: No localization for 'ru-RU' exists, so 'en' will be used for the language.
[2026.04.26-19.28.39:900][  0]LogTextLocalizationManager: No localization for 'ru-RU' exists, so 'en' will be used for the locale.
[2026.04.26-19.28.39:900][  0]LogSlate: FontCache flush requested. Reason: Culture for localization was changed
[2026.04.26-19.28.39:901][  0]LogSlate: FontCache flush requested. Reason: Culture for localization was changed
[2026.04.26-19.28.39:919][  0]LogAssetRegistry: FAssetRegistry took 0.0097 seconds to start up
[2026.04.26-19.28.40:872][  0]LogPackageLocalizationCache: Processed 27 localized package path(s) for 1 prioritized culture(s) in 0.007968 seconds
[2026.04.26-19.28.41:371][  0]LogInit: Selected Device Profile: [Windows]
[2026.04.26-19.28.41:371][  0]LogInit: Active device profile: [0000018A35F83500][0000018A2DFAC780 49] Windows
[2026.04.26-19.28.41:371][  0]LogInit: Profiles: [0000018A35F83500][0000018A2DFAC780 49] Windows, [0000018A35F30C00][0000018A2E5348C0 49] WindowsNoEditor, [0000018A35F80C00][0000018A2DFBCA40 49] WindowsServer, [0000018A35F32A00][0000018A2DFC0BC0 49] WindowsClient, [0000018A35F82900][0000018A2DFC4D40 49] IOS, [0000018A35F33000][0000018A2DFC8EC0 49] iPadAir, [0000018A35F81500][0000018A2DFCD040 49] iPadAir2, [0000018A35EEAC00][0000018A2DFD5300 49] IPadPro, [0000018A35EEAD00][0000018A2DFD1340 49] iPadAir3, [0000018A35F81000][0000018A302B14C0 49] iPadAir4, [0000018A35EEB600][0000018A302B5640 49] iPadMini2, [0000018A35F83800][0000018A302B97C0 49] iPadMini3, [0000018A35EE8600][0000018A302BD940 49] iPadMini4, [0000018A35F80B00][0000018A302C1AC0 49] iPadMini5, [0000018A35F26500][0000018A302C8200 49] iPhone6, [0000018A35F26600][0000018A302C4240 49] iPodTouch6, [0000018A35EE9400][0000018A302D0500 49] iPhone7, [0000018A35EE9700][0000018A302CC540 49] iPodTouch7, [0000018A35F25000][0000018A302D46C0 49] iPhone5S, [0000018A35EEA200][0000018A2DFB8800 49] iPhone6Plus, [0000018A35F24600][0000018A302D8940 49] iPhone6S, [0000018A35EEA800][0000018A302DCA80 49] iPhone6SPlus, [0000018A35F25400][0000018A302E0BC0 49] iPhone7Plus, [0000018A35EE8B00][0000018A302E8D40 49] iPhoneSE, [0000018A35F26200][0000018A302ECEC0 49] iPhone8, [0000018A35EEA700][0000018A302F1040 49] iPhone8Plus, [0000018A35F26900][0000018A302F51C0 49] iPhoneX, [0000018A35EEB900][0000018A2E4B5340 49] iPhoneXS, [0000018A35F24400][0000018A2E4B94C0 49] iPhoneXSMax, [0000018A35EE9F00][0000018A2E4BD640 49] iPhoneXR, [0000018A35F26F00][0000018A2E4C17C0 49] iPhone11, [0000018A35EEAE00][0000018A2E4C5940 49] iPhone11Pro, [0000018A35F27A00][0000018A2E4C9AC0 49] iPhone11ProMax, [0000018A35EE9A00][0000018A2E4CC0C0 49] iPhoneSE2, [0000018A35F27700][0000018A2E4D0240 49] iPhone12Mini, [0000018A35EEA100][0000018A2E4D43C0 49] iPhone12, [0000018A35F26B00][0000018A2E4D8540 49] iPhone12Pro, [0000018A35EE8D00][0000018A2E4DC6C0 49] iPhone12ProMax, [0000018A35F27D00][0000018A2E4E0840 49] iPadPro105, [0000018A35EEAB00][0000018A302E4980 49] iPadPro129, [0000018A35F25E00][0000018A2E4E4AC0 49] iPadPro97, [0000018A35EE9800][0000018A2E4E8C00 49] iPadPro2_129, [0000018A35F25A00][0000018A2E4ECD40 49] iPad5, [0000018A35EE8900][0000018A2E4F4EC0 49] iPad6, [0000018A35F25500][0000018A2E4F9040 49] iPad7, [0000018A35EE9B00][0000018A2E4FD1C0 49] iPad8, [0000018A35F26800][0000018A30651340 49] iPadPro11, [0000018A35EE8A00][0000018A306554C0 49] iPadPro2_11, [0000018A35F24200][0000018A30659640 49] iPadPro3_129, [0000018A35EEA400][0000018A3065D7C0 49] iPadPro4_129, [0000018A35F25F00][0000018A30661940 49] AppleTV, [0000018A35EEB000][0000018A30665AC0 49] AppleTV4K, [0000018A35F31000][0000018A306680C0 49] TVOS, [0000018A36009E00][0000018A3066C240 49] Mac, [0000018A35F32C00][0000018A306703C0 49] MacClient, [0000018A36009F00][0000018A30674540 49] MacNoEditor, [0000018A35F33200][0000018A306786C0 49] MacServer, [0000018A36009600][0000018A3067C840 49] Linux, [0000018A35F30D00][0000018A306809C0 49] LinuxAArch64, [0000018A36009300][0000018A30684B40 49] LinuxNoEditor, [0000018A35F33F00][0000018A2E4F0C80 49] LinuxAArch64NoEditor, [0000018A36009700][0000018A30688DC0 49] LinuxClient, [0000018A35F32300][0000018A3068CF00 49] LinuxAArch64Client, [0000018A36009500][0000018A30695080 49] LinuxServer, [0000018A35F32400][0000018A30699200 49] LinuxAArch64Server, [0000018A3600A800][0000018A3069D380 49] Android, [0000018A35F32000][0000018A306A1500 49] Android_Low, [0000018A36008200][0000018A306A5680 49] Android_Mid, [0000018A35F31900][0000018A306A9800 49] Android_High, [0000018A3600A000][0000018A306AD980 49] Android_Default, [0000018A35F30800][0000018A2FEA1B00 49] Android_Adreno4xx, [0000018A3600A700][0000018A2FEA4100 49] Android_Adreno5xx_Low, [0000018A35F31800][0000018A2FEA8280 49] Android_Adreno5xx, [0000018A36009400][0000018A2FEAC400 49] Android_Adreno6xx, [0000018A35EEA600][0000018A2FEB0580 49] Android_Adreno6xx_Vulkan, [0000018A36008500][0000018A2FEB4700 49] Android_Mali_T6xx, [0000018A35EEA300][0000018A2FEB8880 49] Android_Mali_T7xx, [0000018A36008B00][0000018A2FEBCA00 49] Android_Mali_T8xx, [0000018A35EE8200][0000018A2FEC0B80 49] Android_Mali_G71, [0000018A36009D00][0000018A2FEC4D00 49] Android_Mali_G72, [0000018A35EE8800][0000018A30690E40 49] Android_Mali_G72_Vulkan, [0000018A3600AC00][0000018A2FEC8F80 49] Android_Mali_G76, [0000018A35EE8500][0000018A2FECD0C0 49] Android_Mali_G76_Vulkan, [0000018A3600AB00][0000018A2FED5240 49] Android_Mali_G77, [0000018A35EEB100][0000018A2FED93C0 49] Android_Mali_G77_Vulkan, [0000018A36008400][0000018A2FEDD540 49] Android_Mali_G78, [0000018A35EE9300][0000018A2FEE16C0 49] Android_Mali_G78_Vulkan, [0000018A3600A900][0000018A2FEE5840 49] Android_Mali_G710, [0000018A35EEAA00][0000018A2FEE99C0 49] Android_Mali_G710_Vulkan, [0000018A3600A300][0000018A2FEEDB40 49] Android_Vulkan_SM5, [0000018A35EEB200][0000018A2FEF0140 49] Android_PowerVR_G6xxx, [0000018A36008600][0000018A2FEF42C0 49] Android_PowerVR_GT7xxx, [0000018A35EE9200][0000018A2FEF8440 49] Android_PowerVR_GE8xxx, [0000018A36009C00][0000018A2FEFC5C0 49] Android_PowerVR_GM9xxx, [0000018A35EE8700][0000018A2FF00740 49] Android_PowerVR_GM9xxx_Vulkan, [0000018A3600A400][0000018A2FF048C0 49] Android_TegraK1, [0000018A35EEB400][0000018A2FF08A40 49] Android_Unknown_Vulkan, [0000018A36008100][0000018A2FF0CBC0 49] Lumin, [0000018A35EE9900][0000018A2FF10D40 49] Lumin_Desktop, [0000018A35F25C00][0000018A2FF14EC0 49] HoloLens, 
[2026.04.26-19.28.41:583][  0]LogMeshReduction: Using QuadricMeshReduction for automatic static mesh reduction
[2026.04.26-19.28.41:583][  0]LogMeshReduction: Using SimplygonMeshReduction for automatic skeletal mesh reduction
[2026.04.26-19.28.41:583][  0]LogMeshReduction: Using ProxyLODMeshReduction for automatic mesh merging
[2026.04.26-19.28.41:583][  0]LogMeshReduction: No distributed automatic mesh merging module available
[2026.04.26-19.28.41:583][  0]LogMeshMerging: No distributed automatic mesh merging module available
[2026.04.26-19.28.42:171][  0]LogNetVersion: Playtime_Multiplayer 1.0.0, NetCL: 17155196, EngineNetVer: 17, GameNetVer: 0 (Checksum: 2025055209)
[2026.04.26-19.28.47:418][  0]LogTexture: Default maximum texture size for cubemaps generated from long-lat sources has been changed from 512 to unlimited. In order to preserve old behaiour for '/Engine/MapTemplates/Sky/DaylightAmbientCubemap.DaylightAmbientCubemap', its maximum texture size has been explicitly set to 512.
[2026.04.26-19.28.47:723][  0]LogHMD: PokeAHoleMaterial loaded successfully
[2026.04.26-19.28.50:243][  0]LogTextLocalizationManager: Compacting localization data took   0.01ms
[2026.04.26-19.28.50:243][  0]LogMoviePlayer: Initializing movie player
[2026.04.26-19.28.51:063][  0]LogNiagaraDebuggerClient: Niagara Debugger Client Initialized | Session: 8EA1E02A49FDCBBBC9E1D485E6BB6F23 | Instance: D0213A5044D35A1EC1D836BB785A8A3F (SIBIDI-2264).
[2026.04.26-19.28.51:216][  0]LogCollectionManager: Loaded 0 collections in 0.005005 seconds
[2026.04.26-19.28.51:232][  0]LogFileCache: Scanning file cache for directory 'C:/LastStep/PROJECT-LAST-STEP/Playtime_Multiplayer/Saved/Collections/' took 0.00s
[2026.04.26-19.28.51:233][  0]LogFileCache: Scanning file cache for directory 'C:/LastStep/PROJECT-LAST-STEP/Playtime_Multiplayer/Content/Developers/Xdox2/Collections/' took 0.00s
[2026.04.26-19.28.51:233][  0]LogCollectionManager: Fixed up redirectors for 0 collections in 0.000004 seconds (updated 0 objects)
[2026.04.26-19.28.51:337][  0]LogFileCache: Scanning file cache for directory 'C:/LastStep/PROJECT-LAST-STEP/Playtime_Multiplayer/Content/Collections/' took 0.00s
[2026.04.26-19.28.51:337][  0]LogPython: Using Python 3.7.7
[2026.04.26-19.28.53:028][  0]LogUdpMessaging: Initializing bridge on interface 0.0.0.0:0 to multicast group 230.0.0.1:6666.
[2026.04.26-19.28.53:048][  0]LogTcpMessaging: Initializing TcpMessaging bridge
[2026.04.26-19.28.53:170][  0]LogVaRest: FVaRestModule::StartupModule(28): VaRest (1.1.33) module started
[2026.04.26-19.28.53:212][  0]LogPython: Warning: 'EBoxySoundSet' and 'BoxySoundSet' have the same name (BoxySoundSet) when exposed to Python. Rename one of them using 'ScriptName' meta-data.
[2026.04.26-19.28.53:217][  0]LogPython: Warning: 'EMommySoundSet' and 'MommySoundSet' have the same name (MommySoundSet) when exposed to Python. Rename one of them using 'ScriptName' meta-data.
[2026.04.26-19.28.53:402][  0]SourceControl: Source control is disabled
[2026.04.26-19.28.53:402][  0]SourceControl: Source control is disabled
[2026.04.26-19.28.53:415][  0]SourceControl: Source control is disabled
[2026.04.26-19.28.53:439][  0]LogUProjectInfo: Found projects:
[2026.04.26-19.28.53:863][  0]LogOpenImageDenoise: OIDN starting up
[2026.04.26-19.28.54:007][  0]LogAndroidPermission: UAndroidPermissionCallbackProxy::GetInstance
[2026.04.26-19.28.54:085][  0]LogAudioCaptureCore: Display: No Audio Capture implementations found. Audio input will be silent.
[2026.04.26-19.28.54:085][  0]LogAudioCaptureCore: Display: No Audio Capture implementations found. Audio input will be silent.
[2026.04.26-19.28.54:377][  0]LogOcInput: OculusInput pre-init called
[2026.04.26-19.28.54:434][  0]LogUObjectArray: 22631 objects as part of root set at end of initial load.
[2026.04.26-19.28.54:434][  0]LogUObjectAllocator: 6112856 out of 0 bytes used by permanent object pool.
[2026.04.26-19.28.54:434][  0]LogUObjectArray: CloseDisregardForGC: 0/0 objects in disregard for GC pool
[2026.04.26-19.28.54:725][  0]LogClass: Display: BoolProperty FBPSteamGroupOfficer::bIsOwner is not initialized properly. Module:AdvancedSteamSessions File:Classes/SteamRequestGroupOfficersCallbackProxy.h
[2026.04.26-19.28.54:726][  0]LogClass: Display: IntProperty FBPSteamGroupInfo::numOnline is not initialized properly. Module:AdvancedSteamSessions File:Classes/AdvancedSteamFriendsLibrary.h
[2026.04.26-19.28.54:726][  0]LogClass: Display: IntProperty FBPSteamGroupInfo::numInGame is not initialized properly. Module:AdvancedSteamSessions File:Classes/AdvancedSteamFriendsLibrary.h
[2026.04.26-19.28.54:727][  0]LogClass: Display: IntProperty FBPSteamGroupInfo::numChatting is not initialized properly. Module:AdvancedSteamSessions File:Classes/AdvancedSteamFriendsLibrary.h
[2026.04.26-19.28.54:727][  0]LogClass: Warning: StructProperty FPlaytimeEvent::StartDate is not initialized properly even though its struct probably has a custom default constructor. Module:Playtime_Multiplayer File:PlaytimeEvent.h
[2026.04.26-19.28.54:727][  0]LogClass: Warning: StructProperty FPlaytimeEvent::EndDate is not initialized properly even though its struct probably has a custom default constructor. Module:Playtime_Multiplayer File:PlaytimeEvent.h
[2026.04.26-19.28.54:727][  0]LogClass: Warning: StructProperty FShoppyItemResponseSet::StartTime is not initialized properly even though its struct probably has a custom default constructor. Module:Playtime_Multiplayer File:ShoppyItemResponseSet.h
[2026.04.26-19.28.54:727][  0]LogClass: Warning: StructProperty FShoppyItemResponseSet::EndTime is not initialized properly even though its struct probably has a custom default constructor. Module:Playtime_Multiplayer File:ShoppyItemResponseSet.h
[2026.04.26-19.28.54:727][  0]LogClass: Warning: StructProperty FShoppySaleResponse::StartTime is not initialized properly even though its struct probably has a custom default constructor. Module:Playtime_Multiplayer File:ShoppySaleResponse.h
[2026.04.26-19.28.54:727][  0]LogClass: Warning: StructProperty FShoppySaleResponse::EndTime is not initialized properly even though its struct probably has a custom default constructor. Module:Playtime_Multiplayer File:ShoppySaleResponse.h
[2026.04.26-19.28.54:727][  0]LogClass: Warning: StructProperty FToyBoxResponse::StartTime is not initialized properly even though its struct probably has a custom default constructor. Module:Playtime_Multiplayer File:ToyBoxResponse.h
[2026.04.26-19.28.54:727][  0]LogClass: Warning: StructProperty FToyBoxResponse::EndTime is not initialized properly even though its struct probably has a custom default constructor. Module:Playtime_Multiplayer File:ToyBoxResponse.h
[2026.04.26-19.28.54:730][  0]LogClass: Display: EnumProperty FVaRest_NamedType::Type is not initialized properly. Module:VaRestEditor File:Public/VaRest_BreakJson.h
[2026.04.26-19.28.54:730][  0]LogClass: Display: BoolProperty FVaRest_NamedType::bIsArray is not initialized properly. Module:VaRestEditor File:Public/VaRest_BreakJson.h
[2026.04.26-19.28.54:730][  0]LogClass: Display: 14 Uninitialized script struct members found including 0 object properties
[2026.04.26-19.28.54:738][  0]LogAutomationTest: Warning: StructProperty FPlaytimeEvent::StartDate is not initialized properly even though its struct probably has a custom default constructor. Module:Playtime_Multiplayer File:PlaytimeEvent.h
[2026.04.26-19.28.54:738][  0]LogAutomationTest: Warning: StructProperty FPlaytimeEvent::EndDate is not initialized properly even though its struct probably has a custom default constructor. Module:Playtime_Multiplayer File:PlaytimeEvent.h
[2026.04.26-19.28.54:738][  0]LogAutomationTest: Warning: StructProperty FShoppyItemResponseSet::StartTime is not initialized properly even though its struct probably has a custom default constructor. Module:Playtime_Multiplayer File:ShoppyItemResponseSet.h
[2026.04.26-19.28.54:738][  0]LogAutomationTest: Warning: StructProperty FShoppyItemResponseSet::EndTime is not initialized properly even though its struct probably has a custom default constructor. Module:Playtime_Multiplayer File:ShoppyItemResponseSet.h
[2026.04.26-19.28.54:739][  0]LogAutomationTest: Warning: StructProperty FShoppySaleResponse::StartTime is not initialized properly even though its struct probably has a custom default constructor. Module:Playtime_Multiplayer File:ShoppySaleResponse.h
[2026.04.26-19.28.54:739][  0]LogAutomationTest: Warning: StructProperty FShoppySaleResponse::EndTime is not initialized properly even though its struct probably has a custom default constructor. Module:Playtime_Multiplayer File:ShoppySaleResponse.h
[2026.04.26-19.28.54:739][  0]LogAutomationTest: Warning: StructProperty FToyBoxResponse::StartTime is not initialized properly even though its struct probably has a custom default constructor. Module:Playtime_Multiplayer File:ToyBoxResponse.h
[2026.04.26-19.28.54:739][  0]LogAutomationTest: Warning: StructProperty FToyBoxResponse::EndTime is not initialized properly even though its struct probably has a custom default constructor. Module:Playtime_Multiplayer File:ToyBoxResponse.h
[2026.04.26-19.28.54:739][  0]LogEngine: Initializing Engine...
[2026.04.26-19.28.54:743][  0]LogVaRest: UVaRestSubsystem::Initialize(24): VaRest subsystem initialized
[2026.04.26-19.28.54:783][  0]LogHMD: Failed to enumerate extensions. Please check that you have a valid OpenXR runtime installed.
[2026.04.26-19.28.54:785][  0]LogHMD: Failed to initialize OpenVR with code 110
[2026.04.26-19.28.54:786][  0]LogMagicLeap: Warning: VR disabled because ZI is not enabled.  To enable, in the editor, Edit -> Project Settings -> Plugins -> Magic Leap Plugin -> Enable Zero Iteration
[2026.04.26-19.28.54:797][  0]LogStats: UGameplayTagsManager::InitializeManager -  0.000 s
[2026.04.26-19.28.55:285][  0]LogUObjectGlobals: Warning: Failed to load '/Game/PSHOWTIMEPHASE3/UI/UI_Utility/UI_Cursor': Can't find file.
[2026.04.26-19.28.55:286][  0]LogUObjectGlobals: Warning: Failed to load '/Game/PSHOWTIMEPHASE3/UI/UI_Utility/UI_Cursor': Can't find file.
[2026.04.26-19.28.55:286][  0]LogUObjectGlobals: Warning: Failed to find object 'Object /Game/PSHOWTIMEPHASE3/UI/UI_Utility/UI_Cursor.UI_Cursor_C'
[2026.04.26-19.28.55:286][  0]LogLoad: Warning: UUserInterfaceSettings::ForceLoadResources: Failed to load cursor resource 0.
[2026.04.26-19.28.55:286][  0]LogInit: Initializing FReadOnlyCVARCache
[2026.04.26-19.28.55:286][  0]LogAudio: Display: Initializing Audio Device Manager...
[2026.04.26-19.28.55:293][  0]LogAudio: Display: Loading Default Audio Settings Objects...
[2026.04.26-19.28.55:294][  0]LogAudio: Display: No default SoundConcurrencyObject specified (or failed to load).
[2026.04.26-19.28.55:296][  0]LogAudio: Display: Audio Device Manager Initialized
[2026.04.26-19.28.55:296][  0]LogAudio: Display: Creating Audio Device:                 Id: 1, Scope: Shared, Realtime: True
[2026.04.26-19.28.55:296][  0]LogAudioMixer: Display: Audio Mixer Platform Settings:
[2026.04.26-19.28.55:296][  0]LogAudioMixer: Display: 	Sample Rate:						  48000
[2026.04.26-19.28.55:296][  0]LogAudioMixer: Display: 	Callback Buffer Frame Size Requested: 512
[2026.04.26-19.28.55:296][  0]LogAudioMixer: Display: 	Callback Buffer Frame Size To Use:	  512
[2026.04.26-19.28.55:296][  0]LogAudioMixer: Display: 	Number of buffers to queue:			  1
[2026.04.26-19.28.55:296][  0]LogAudioMixer: Display: 	Max Channels (voices):				  0
[2026.04.26-19.28.55:296][  0]LogAudioMixer: Display: 	Number of Async Source Workers:		  4
[2026.04.26-19.28.55:296][  0]LogAudio: Display: AudioDevice MaxSources: 32
[2026.04.26-19.28.55:297][  0]LogAudio: Display: Audio Spatialization Plugin: None (built-in).
[2026.04.26-19.28.55:297][  0]LogAudio: Display: Audio Reverb Plugin: None (built-in).
[2026.04.26-19.28.55:297][  0]LogAudio: Display: Audio Occlusion Plugin: None (built-in).
[2026.04.26-19.28.55:297][  0]LogAudioMixer: Display: Initializing audio mixer.
[2026.04.26-19.28.55:364][  0]LogAudioMixer: Display: 0: FrontLeft
[2026.04.26-19.28.55:364][  0]LogAudioMixer: Display: 1: FrontRight
[2026.04.26-19.28.55:498][  0]LogAudioMixer: Display: Using Audio Device Voicemeeter VAIO3 Input (VB-Audio Voicemeeter VAIO)
[2026.04.26-19.28.55:506][  0]LogAudioMixer: Display: Initializing Sound Submixes...
[2026.04.26-19.28.55:514][  0]LogAudioMixer: Display: Creating Master Submix 'MasterSubmixDefault'
[2026.04.26-19.28.55:515][  0]LogAudioMixer: Display: Creating Master Submix 'MasterReverbSubmixDefault'
[2026.04.26-19.28.55:518][  0]LogAudioMixer: Display: Creating Master Submix 'MasterEQSubmixDefault'
[2026.04.26-19.28.55:519][  0]LogAudioMixer: FMixerPlatformXAudio2::StartAudioStream() called
[2026.04.26-19.28.55:519][  0]LogAudioMixer: Display: Output buffers initialized: Frames=512, Channels=2, Samples=1024
[2026.04.26-19.28.55:526][  0]LogAudioMixer: Display: Starting AudioMixerPlatformInterface::RunInternal()
[2026.04.26-19.28.55:526][  0]LogAudioMixer: Display: FMixerPlatformXAudio2::SubmitBuffer() called for the first time
[2026.04.26-19.28.55:526][  0]LogInit: FAudioDevice initialized.
[2026.04.26-19.28.55:536][  0]LogNetVersion: Set ProjectVersion to 1.0.0.0. Version Checksum will be recalculated on next use.
[2026.04.26-19.28.55:568][  0]LogInit: Texture streaming: Enabled
[2026.04.26-19.28.55:864][  0]LogAudio: Display: Audio Device (ID: 1) registered with world 'Untitled'.
[2026.04.26-19.28.55:865][  0]PIE: Warning: UGameViewportClient::AddCursor: Could not load cursor class 'UI_Cursor_C'.
[2026.04.26-19.28.55:866][  0]LogSlate: Updating window title bar state: overlay mode, drag disabled, window buttons hidden, title bar hidden
[2026.04.26-19.28.55:876][  0]LogInit: Display: Game Engine Initialized.
[2026.04.26-19.28.55:876][  0]LogNiagaraEditor: GEditor isn't valid! Particle reset commands will not work for Niagara components!
[2026.04.26-19.28.56:617][  0]LogInit: Display: Starting Game.
[2026.04.26-19.28.56:618][  0]LogNet: Browse: /Game/Map/Main_Menu?Name=Player?Listen
[2026.04.26-19.28.56:618][  0]LogLoad: LoadMap: /Game/Map/Main_Menu?Name=Player?Listen
[2026.04.26-19.28.56:618][  0]LogWorld: BeginTearingDown for /Temp/Untitled_0
[2026.04.26-19.28.56:620][  0]LogWorld: UWorld::CleanupWorld for Untitled, bSessionEnded=true, bCleanupResources=true
[2026.04.26-19.28.56:620][  0]LogSlate: InvalidateAllWidgets triggered.  All widgets were invalidated
[2026.04.26-19.28.56:634][  0]LogAudio: Display: Audio Device unregistered from world 'None'.
[2026.04.26-19.28.56:666][  0]LogUObjectHash: Compacting FUObjectHashTables data took   2.00ms
[2026.04.26-19.28.56:706][  0]LogUObjectGlobals: Warning: [AssetLog] C:\LastStep\PROJECT-LAST-STEP\Playtime_Multiplayer\Content\Widgets\Buttons.uasset: Failed to load '/Game/Widgets/textures/выходbutton': Can't find file.
[2026.04.26-19.28.56:707][  0]LogUObjectGlobals: Warning: [AssetLog] C:\LastStep\PROJECT-LAST-STEP\Playtime_Multiplayer\Content\Widgets\Buttons.uasset: Failed to load '/Game/Widgets/textures/выходbutton': Can't find file.
[2026.04.26-19.28.56:708][  0]LogUObjectGlobals: Warning: [AssetLog] C:\LastStep\PROJECT-LAST-STEP\Playtime_Multiplayer\Content\Widgets\Buttons.uasset: Failed to load '/Game/Widgets/textures/выходbutton': Can't find file.
[2026.04.26-19.28.56:763][  0]LogUObjectGlobals: Warning: Failed to load '/Game/Widgets/textures/Снимок_экрана_2026-04-01_200059': Can't find file.
[2026.04.26-19.28.56:764][  0]LogUObjectGlobals: Warning: [AssetLog] C:\LastStep\PROJECT-LAST-STEP\Playtime_Multiplayer\Content\Widgets\CHOOSE.uasset: Failed to load '/Game/Widgets/textures/Снимок_экрана_2026-04-01_200059': Can't find file.
[2026.04.26-19.28.56:806][  0]LogUObjectGlobals: Warning: [AssetLog] C:\LastStep\PROJECT-LAST-STEP\Playtime_Multiplayer\Content\Widgets\choice_mode.uasset: Failed to load '/Game/Widgets/textures/Снимок_экрана_2026-04-01_193405': Can't find file.
[2026.04.26-19.28.56:832][  0]LogUObjectGlobals: Warning: Failed to load '/Game/Widgets/textures/Снимок_экрана_2026-04-01_193405': Can't find file.
[2026.04.26-19.28.56:835][  0]LogUObjectGlobals: Warning: [AssetLog] C:\LastStep\PROJECT-LAST-STEP\Playtime_Multiplayer\Content\Widgets\TAG_PLAY.uasset: Failed to load '/Game/Widgets/textures/Снимок_экрана_2026-04-01_193405': Can't find file.
[2026.04.26-19.28.56:837][  0]LogUObjectGlobals: Warning: Failed to load '/Game/Widgets/textures/Снимок_экрана_2026-04-01_193405': Can't find file.
[2026.04.26-19.28.56:839][  0]LogUObjectGlobals: Warning: [AssetLog] C:\LastStep\PROJECT-LAST-STEP\Playtime_Multiplayer\Content\Widgets\choice_mode.uasset: Failed to load '/Game/Widgets/textures/Снимок_экрана_2026-04-01_193405': Can't find file.
[2026.04.26-19.28.56:854][  0]LogUObjectGlobals: Warning: Failed to load '/Game/Widgets/textures/выходbutton': Can't find file.
[2026.04.26-19.28.56:855][  0]LogUObjectGlobals: Warning: [AssetLog] C:\LastStep\PROJECT-LAST-STEP\Playtime_Multiplayer\Content\Widgets\Buttons.uasset: Failed to load '/Game/Widgets/textures/выходbutton': Can't find file.
[2026.04.26-19.28.56:856][  0]LogUObjectGlobals: Warning: [AssetLog] C:\LastStep\PROJECT-LAST-STEP\Playtime_Multiplayer\Content\Widgets\Buttons.uasset: Failed to load '/Game/Widgets/textures/выходbutton': Can't find file.
[2026.04.26-19.28.56:856][  0]LogUObjectGlobals: Warning: [AssetLog] C:\LastStep\PROJECT-LAST-STEP\Playtime_Multiplayer\Content\Widgets\Buttons.uasset: Failed to load '/Game/Widgets/textures/выходbutton': Can't find file.
[2026.04.26-19.28.57:200][  0]LogBlueprint: Warning: [AssetLog] C:\LastStep\PROJECT-LAST-STEP\Playtime_Multiplayer\Content\BaseMultiplayer\GameModes\Default\BP_DefaultController.uasset: [Compiler] InputKey Event specifies axis FKey'MouseWheelAxis' for  Mouse Wheel Axis
[2026.04.26-19.28.58:263][  0]LogUObjectGlobals: Warning: [AssetLog] C:\LastStep\PROJECT-LAST-STEP\Playtime_Multiplayer\Content\Widgets\TAG_PLAY.uasset: Failed to load '/Game/Widgets/textures/Снимок_экрана_2026-04-01_193405': Can't find file.
[2026.04.26-19.28.58:280][  0]LogUObjectGlobals: Warning: [AssetLog] C:\LastStep\PROJECT-LAST-STEP\Playtime_Multiplayer\Content\Widgets\CHOOSE.uasset: Failed to load '/Game/Widgets/textures/Снимок_экрана_2026-04-01_200059': Can't find file.
[2026.04.26-19.28.59:482][  0]LogAudio: Display: Audio Device (ID: 1) registered with world 'Main_Menu'.
[2026.04.26-19.28.59:510][  0]LogAIModule: Creating AISystem for world Main_Menu
[2026.04.26-19.28.59:511][  0]LogLoad: Game class is 'FirstPersonGameMode_C'
[2026.04.26-19.28.59:512][  0]LogOnline: OSS: Creating online subsystem instance for: STEAM
[2026.04.26-19.28.59:566][  0]LogOnline: STEAM: Steam User is subscribed 1
[2026.04.26-19.28.59:566][  0]LogOnline: STEAM: [AppId: 1961460] Client API initialized 1
[2026.04.26-19.28.59:623][  0]LogSteamShared: Warning: Steam Dedicated Server API failed to initialize.
[2026.04.26-19.28.59:623][  0]LogOnline: STEAM: [AppId: 1961460] Game Server API initialized 0
[2026.04.26-19.28.59:623][  0]LogOnline: Warning: STEAM: Failed to initialize Steam, this could be due to a Steam server and client running on the same machine. Try running with -NOSTEAM on the cmdline to disable.
[2026.04.26-19.28.59:623][  0]LogOnline: Display: STEAM: OnlineSubsystemSteam::Shutdown()
[2026.04.26-19.28.59:623][  0]LogSteamShared: Unloading the Steam API...
[2026.04.26-19.28.59:624][  0]LogOnline: Warning: STEAM: Steam API failed to initialize!
[2026.04.26-19.28.59:624][  0]LogOnline: Display: STEAM: OnlineSubsystemSteam::Shutdown()
[2026.04.26-19.28.59:625][  0]LogNet: ReplicationDriverClass is null! Not using ReplicationDriver.
[2026.04.26-19.28.59:626][  0]LogNetCore: DDoS detection status: detection enabled: 0 analytics enabled: 0
[2026.04.26-19.28.59:626][  0]LogInit: WinSock: Socket queue. Rx: 131072 (config 131072) Tx: 131072 (config 131072)
[2026.04.26-19.28.59:627][  0]LogNet: Created socket for bind address: 0.0.0.0 on port 17777
[2026.04.26-19.28.59:627][  0]PacketHandlerLog: Loaded PacketHandler component: Engine.EngineHandlerComponentFactory (StatelessConnectHandlerComponent)
[2026.04.26-19.28.59:627][  0]LogNet: GameNetDriver IpNetDriver_0 IpNetDriver listening on port 17777
[2026.04.26-19.28.59:637][  0]LogWorld: Bringing World /Game/Map/Main_Menu.Main_Menu up for play (max tick rate 0) at 2026.04.26-21.28.59
[2026.04.26-19.28.59:640][  0]LogWorld: Bringing up level for play took: 0.012690
[2026.04.26-19.28.59:643][  0]LogOnlineSession: Warning: OSS: No game present to join for session (GameSession)
[2026.04.26-19.28.59:643][  0]LogGameMode: FindPlayerStart: PATHS NOT DEFINED or NO PLAYERSTART with positive rating
[2026.04.26-19.28.59:934][  0]LogVoiceEncode: Display: EncoderVersion: libopus unknown
[2026.04.26-19.28.59:934][  0]LogOnlineVoice: OSS: StopLocalVoiceProcessing(0) returned 0xFFFFFFFF
[2026.04.26-19.28.59:934][  0]LogOnlineVoice: OSS: Stopping networked voice for user: 0
[2026.04.26-19.28.59:962][  0]LogLoad: Took 3.343550 seconds to LoadMap(/Game/Map/Main_Menu)
[2026.04.26-19.29.00:055][  0]LogSlate: Took 0.003027 seconds to synchronously load lazily loaded font '../../../Engine/Content/Slate/Fonts/Roboto-Regular.ttf' (155K)
[2026.04.26-19.29.00:155][  0]LogRenderer: Reallocating scene render targets to support 640x480 Format 10 NumSamples 1 (Frame:1).
[2026.04.26-19.29.00:155][  0]LogInit: Display: Engine is initialized. Leaving FEngineLoop::Init()
[2026.04.26-19.29.00:155][  0]LogLoad: (Engine Initialization) Total time: 48.75 seconds
[2026.04.26-19.29.00:155][  0]LogLoad: (Engine Initialization) Total Blueprint compile time: 0.00 seconds
[2026.04.26-19.29.00:229][  0]LogContentStreaming: Texture pool size now 1000 MB
[2026.04.26-19.29.00:240][  0]LogSlate: InvalidateAllWidgets triggered.  All widgets were invalidated
[2026.04.26-19.29.01:653][  1]LogSlate: Took 0.000465 seconds to synchronously load lazily loaded font '../../../Engine/Content/Slate/Fonts/Roboto-Regular.ttf' (155K)
[2026.04.26-19.29.21:196][253]LogAudioMixer: Display: Audio Buffer Underrun (starvation) detected.
[2026.04.26-19.29.35:179][472]LogOnlineSession: Warning: OSS: Ignoring game search request while one is pending
[2026.04.26-19.29.35:366][477]LogOnlineSession: Warning: OSS: Ignoring game search request while one is pending
[2026.04.26-19.29.35:592][483]LogOnlineSession: Warning: OSS: Ignoring game search request while one is pending
[2026.04.26-19.29.38:279][556]LogBlueprintUserMessages: [SERVER_LIST_C_0] GOOD
[2026.04.26-19.29.38:281][556]LogBlueprintUserMessages: [SERVER_LIST_C_0] GOOD
[2026.04.26-19.29.38:282][556]LogBlueprintUserMessages: [SERVER_LIST_C_0] GOOD
[2026.04.26-19.29.38:282][556]LogBlueprintUserMessages: [SERVER_LIST_C_0] GOOD
[2026.04.26-19.29.52:995][949]LogBlueprintUserMessages: [SERVER_LIST_C_1] GOOD
[2026.04.26-19.30.00:203][141]LogOnlineVoice: OSS: StartLocalProcessing(0) returned 0xFFFFFFFF
[2026.04.26-19.30.00:203][141]LogOnlineVoice: OSS: Starting networked voice for user: 0
[2026.04.26-19.30.00:256][141]LogOnlineVoice: OSS: RegisterLocalTalker(0) returned 0x00000000
[2026.04.26-19.30.00:256][141]LogOnlineVoice: OSS: Invalid user specified in RegisterLocalTalker(1)
[2026.04.26-19.30.00:256][141]LogOnlineVoice: OSS: Invalid user specified in RegisterLocalTalker(2)
[2026.04.26-19.30.00:256][141]LogOnlineVoice: OSS: Invalid user specified in RegisterLocalTalker(3)
[2026.04.26-19.30.00:651][141]LogPackageName: SearchForPackageOnDisk took   0.394s to resolve MP_Lobby.umap.
[2026.04.26-19.30.01:053][141]LogPackageName: SearchForPackageOnDisk took   0.399s to resolve MP_Lobby.umap.
[2026.04.26-19.30.01:053][141]LogNet: Browse: /Game/Map/MP_Lobby??listen
[2026.04.26-19.30.01:053][141]LogLoad: LoadMap: /Game/Map/MP_Lobby??listen
[2026.04.26-19.30.01:053][141]LogWorld: BeginTearingDown for /Game/Map/Main_Menu
[2026.04.26-19.30.01:054][141]LogNet: World NetDriver shutdown IpNetDriver_0 [GameNetDriver]
[2026.04.26-19.30.01:054][141]LogNet: DestroyNamedNetDriver IpNetDriver_0 [GameNetDriver]
[2026.04.26-19.30.01:054][141]LogExit: GameNetDriver IpNetDriver_0 shut down
[2026.04.26-19.30.01:056][141]LogWorld: UWorld::CleanupWorld for Main_Menu, bSessionEnded=true, bCleanupResources=true
[2026.04.26-19.30.01:057][141]LogSlate: InvalidateAllWidgets triggered.  All widgets were invalidated
[2026.04.26-19.30.01:087][141]LogAudio: Display: Audio Device unregistered from world 'None'.
[2026.04.26-19.30.01:130][141]LogUObjectHash: Compacting FUObjectHashTables data took   2.48ms
[2026.04.26-19.30.01:377][141]LogBlueprint: Warning: [AssetLog] C:\LastStep\PROJECT-LAST-STEP\Playtime_Multiplayer\Content\BaseMultiplayer\GameModes\Default\BP_DefaultController.uasset: [Compiler] InputKey Event specifies axis FKey'MouseWheelAxis' for  Mouse Wheel Axis
[2026.04.26-19.30.02:113][141]LogAudio: Display: Audio Device (ID: 1) registered with world 'MP_Lobby'.
[2026.04.26-19.30.02:117][141]LogAIModule: Creating AISystem for world MP_Lobby
[2026.04.26-19.30.02:118][141]LogLoad: Game class is 'FirstPersonGameMode_C'
[2026.04.26-19.30.02:119][141]LogOnline: OSS: Creating online subsystem instance for: STEAM
[2026.04.26-19.30.02:188][141]LogOnline: STEAM: Steam User is subscribed 1
[2026.04.26-19.30.02:189][141]LogOnline: STEAM: [AppId: 1961460] Client API initialized 1
[2026.04.26-19.30.02:205][141]LogSteamShared: Warning: Steam Dedicated Server API failed to initialize.
[2026.04.26-19.30.02:205][141]LogOnline: STEAM: [AppId: 1961460] Game Server API initialized 0
[2026.04.26-19.30.02:205][141]LogOnline: Warning: STEAM: Failed to initialize Steam, this could be due to a Steam server and client running on the same machine. Try running with -NOSTEAM on the cmdline to disable.
[2026.04.26-19.30.02:205][141]LogOnline: Display: STEAM: OnlineSubsystemSteam::Shutdown()
[2026.04.26-19.30.02:206][141]LogSteamShared: Unloading the Steam API...
[2026.04.26-19.30.02:207][141]LogOnline: Warning: STEAM: Steam API failed to initialize!
[2026.04.26-19.30.02:207][141]LogOnline: Display: STEAM: OnlineSubsystemSteam::Shutdown()
[2026.04.26-19.30.02:208][141]LogNet: ReplicationDriverClass is null! Not using ReplicationDriver.
[2026.04.26-19.30.02:208][141]LogNetCore: DDoS detection status: detection enabled: 0 analytics enabled: 0
[2026.04.26-19.30.02:209][141]LogInit: WinSock: Socket queue. Rx: 131072 (config 131072) Tx: 131072 (config 131072)
[2026.04.26-19.30.02:209][141]LogNet: Created socket for bind address: 0.0.0.0 on port 17777
[2026.04.26-19.30.02:209][141]PacketHandlerLog: Loaded PacketHandler component: Engine.EngineHandlerComponentFactory (StatelessConnectHandlerComponent)
[2026.04.26-19.30.02:209][141]LogNet: GameNetDriver IpNetDriver_1 IpNetDriver listening on port 17777
[2026.04.26-19.30.02:232][141]LogWorld: Bringing World /Game/Map/MP_Lobby.MP_Lobby up for play (max tick rate 0) at 2026.04.26-21.30.02
[2026.04.26-19.30.02:233][141]LogWorld: Bringing up level for play took: 0.022513
[2026.04.26-19.30.02:235][141]LogOnlineVoice: OSS: StopLocalVoiceProcessing(0) returned 0x00000000
[2026.04.26-19.30.02:235][141]LogOnlineVoice: OSS: Stopping networked voice for user: 0
[2026.04.26-19.30.02:250][141]PIE: Error: SetInputMode_UIOnly expects a valid player controller as 'PlayerController' target
[2026.04.26-19.30.02:254][141]LogLoad: Took 1.201359 seconds to LoadMap(/Game/Map/MP_Lobby)
[2026.04.26-19.30.02:270][141]LogSlate: InvalidateAllWidgets triggered.  All widgets were invalidated
[2026.04.26-19.30.02:596][142]LogSlate: Took 0.000516 seconds to synchronously load lazily loaded font '../../../Engine/Content/Slate/Fonts/Roboto-Regular.ttf' (155K)
[2026.04.26-19.30.02:966][144]LogAudioMixer: Display: Audio Buffer Underrun (starvation) detected.
[2026.04.26-19.30.03:409][144]LogD3D11RHI: Timed out while waiting for GPU to catch up. (0.5 s) (ErrorCode 00000001) (00000000)
[2026.04.26-19.30.09:956][195]LogRenderer: Reallocating scene render targets to support 768x784 Format 10 NumSamples 1 (Frame:56).
[2026.04.26-19.31.02:477][419]LogOnlineVoice: OSS: StartLocalProcessing(0) returned 0x00000000
[2026.04.26-19.31.02:477][419]LogOnlineVoice: OSS: Starting networked voice for user: 0
[2026.04.26-19.31.02:478][419]LogOnlineVoice: OSS: StartLocalProcessing(0) returned 0x00000000
[2026.04.26-19.31.02:478][419]LogOnlineVoice: OSS: Starting networked voice for user: 0
[2026.04.26-19.31.02:478][419]LogBlueprintUserMessages: [BP_DefaultController_C_0] Hello
[2026.04.26-19.31.02:548][420]LogVoiceCapture: Warning: Resetting UncompressedAudioBuffer.
[2026.04.26-19.31.02:548][420]LogVoiceEngine: OSS: ReadLocalVoiceData: GetVoice: Result: Ok, Available: 0, LastCall: 0.000 ms
[2026.04.26-19.31.02:548][420]LogVoiceEngine: Warning: OSS: ReadLocalVoiceData: GetVoice failure: VoiceResult: Ok
[2026.04.26-19.31.02:549][420]LogVoiceEngine: Warning: OSS: Voice data error in ReadLocalVoiceData
[2026.04.26-19.31.07:212][478]LogOnlineVoice: OSS: StopLocalVoiceProcessing(0) returned 0x00000000
[2026.04.26-19.31.07:212][478]LogOnlineVoice: OSS: Stopping networked voice for user: 0
[2026.04.26-19.31.07:212][478]LogBlueprintUserMessages: [BP_DefaultController_C_0] Hello
[2026.04.26-19.31.07:491][480]LogVoiceEngine: OSS: Internal voice capture complete.
[2026.04.26-19.31.43:209][ 40]LogOnlineVoice: OSS: StartLocalProcessing(0) returned 0x00000000
[2026.04.26-19.31.43:209][ 40]LogOnlineVoice: OSS: Starting networked voice for user: 0
[2026.04.26-19.31.43:209][ 40]LogOnlineVoice: OSS: StartLocalProcessing(0) returned 0x00000000
[2026.04.26-19.31.43:209][ 40]LogOnlineVoice: OSS: Starting networked voice for user: 0
[2026.04.26-19.31.43:209][ 40]LogBlueprintUserMessages: [BP_DefaultController_C_0] Hello
[2026.04.26-19.31.43:663][ 44]LogOnlineVoice: OSS: StopLocalVoiceProcessing(0) returned 0x00000000
[2026.04.26-19.31.43:663][ 44]LogOnlineVoice: OSS: Stopping networked voice for user: 0
[2026.04.26-19.31.43:663][ 44]LogBlueprintUserMessages: [BP_DefaultController_C_0] Hello
[2026.04.26-19.31.43:905][ 46]LogVoiceEngine: OSS: Internal voice capture complete.
[2026.04.26-19.31.44:791][ 52]LogOnlineVoice: OSS: StartLocalProcessing(0) returned 0x00000000
[2026.04.26-19.31.44:791][ 52]LogOnlineVoice: OSS: Starting networked voice for user: 0
[2026.04.26-19.31.44:791][ 52]LogOnlineVoice: OSS: StartLocalProcessing(0) returned 0x00000000
[2026.04.26-19.31.44:791][ 52]LogOnlineVoice: OSS: Starting networked voice for user: 0
[2026.04.26-19.31.44:791][ 52]LogBlueprintUserMessages: [BP_DefaultController_C_0] Hello
[2026.04.26-19.31.46:349][ 66]LogVoiceEngine: OSS: ReadLocalVoiceData: GetVoice: Result: Ok, Available: 373, LastCall: 43799.984 ms
[2026.04.26-19.31.46:349][ 66]LogOnlineVoice: OSS: Trigger Local 0 TALKING
[2026.04.26-19.31.46:512][ 68]LogVoiceEngine: OSS: ReadLocalVoiceData: GetVoice: Result: Ok, Available: 403, LastCall: 164.529 ms
[2026.04.26-19.31.46:684][ 70]LogVoiceEngine: OSS: ReadLocalVoiceData: GetVoice: Result: Ok, Available: 367, LastCall: 170.234 ms
[2026.04.26-19.31.46:879][ 72]LogVoiceEngine: OSS: ReadLocalVoiceData: GetVoice: Result: Ok, Available: 333, LastCall: 195.606 ms
[2026.04.26-19.31.47:090][ 74]LogVoiceEngine: OSS: ReadLocalVoiceData: GetVoice: Result: Ok, Available: 209, LastCall: 211.013 ms
[2026.04.26-19.31.47:399][ 77]LogOnlineVoice: OSS: Trigger Local 0 NOTTALKING
[2026.04.26-19.31.47:745][ 80]LogOnlineVoice: OSS: StopLocalVoiceProcessing(0) returned 0x00000000
[2026.04.26-19.31.47:745][ 80]LogOnlineVoice: OSS: Stopping networked voice for user: 0
[2026.04.26-19.31.47:745][ 80]LogBlueprintUserMessages: [BP_DefaultController_C_0] Hello
[2026.04.26-19.31.47:977][ 82]LogVoiceEngine: OSS: Internal voice capture complete.
[2026.04.26-19.31.50:732][106]LogStats: Display: There is no thread with id: 8244. Please add thread metadata for this thread.
[2026.04.26-19.31.50:967][107]LogSlate: Took 0.000708 seconds to synchronously load lazily loaded font '../../../Engine/Content/Slate/Fonts/Roboto-Light.ttf' (167K)
[2026.04.26-19.31.51:941][115]LogOnlineVoice: OSS: StartLocalProcessing(0) returned 0x00000000
[2026.04.26-19.31.51:942][115]LogOnlineVoice: OSS: Starting networked voice for user: 0
[2026.04.26-19.31.51:942][115]LogOnlineVoice: OSS: StartLocalProcessing(0) returned 0x00000000
[2026.04.26-19.31.51:942][115]LogOnlineVoice: OSS: Starting networked voice for user: 0
[2026.04.26-19.31.51:942][115]LogBlueprintUserMessages: [BP_DefaultController_C_0] Hello
[2026.04.26-19.31.52:557][120]LogVoiceEngine: OSS: ReadLocalVoiceData: GetVoice: Result: Ok, Available: 418, LastCall: 5466.979 ms
[2026.04.26-19.31.52:557][120]LogOnlineVoice: OSS: Trigger Local 0 TALKING
[2026.04.26-19.31.52:820][122]LogVoiceEngine: OSS: ReadLocalVoiceData: GetVoice: Result: Ok, Available: 740, LastCall: 263.097 ms
[2026.04.26-19.31.53:138][124]LogVoiceEngine: OSS: ReadLocalVoiceData: GetVoice: Result: Ok, Available: 693, LastCall: 318.087 ms
[2026.04.26-19.31.53:414][126]LogOnlineVoice: OSS: Trigger Local 0 NOTTALKING
[2026.04.26-19.31.54:527][134]LogOnlineVoice: OSS: StopLocalVoiceProcessing(0) returned 0x00000000
[2026.04.26-19.31.54:528][134]LogOnlineVoice: OSS: Stopping networked voice for user: 0
[2026.04.26-19.31.54:528][134]LogBlueprintUserMessages: [BP_DefaultController_C_0] Hello
[2026.04.26-19.31.54:713][136]LogVoiceEngine: OSS: Internal voice capture complete.
[2026.04.26-19.31.57:017][157]LogSlate: Window 'Playtime_Multiplayer (64-bit Development PCD3D_SM5) ' being destroyed
[2026.04.26-19.31.57:029][157]LogWindowsTextInputMethodSystem: Display: IME system deactivated.
[2026.04.26-19.31.57:063][157]LogSlate: Updating window title bar state: overlay mode, drag disabled, window buttons hidden, title bar hidden
[2026.04.26-19.31.57:063][157]LogEngine: All Windows Closed
[2026.04.26-19.31.57:063][157]LogWindows: FPlatformMisc::RequestExit(0)
[2026.04.26-19.31.57:065][157]LogWindows: FPlatformMisc::RequestExitWithStatus(0, 0)
[2026.04.26-19.31.57:065][157]LogCore: Engine exit requested (reason: Win RequestExit)
[2026.04.26-19.31.57:067][158]LogCore: Engine exit requested (reason: EngineExit() was called; note: exit was already requested)
[2026.04.26-19.31.57:069][158]LogInit: Display: PreExit Game.
[2026.04.26-19.31.57:071][158]LogWorld: BeginTearingDown for /Game/Map/MP_Lobby
[2026.04.26-19.31.57:071][158]LogNet: World NetDriver shutdown IpNetDriver_1 [GameNetDriver]
[2026.04.26-19.31.57:071][158]LogNet: DestroyNamedNetDriver IpNetDriver_1 [GameNetDriver]
[2026.04.26-19.31.57:071][158]LogExit: GameNetDriver IpNetDriver_1 shut down
[2026.04.26-19.31.57:072][158]LogWorld: UWorld::CleanupWorld for MP_Lobby, bSessionEnded=true, bCleanupResources=true
[2026.04.26-19.31.57:081][158]LogSlate: InvalidateAllWidgets triggered.  All widgets were invalidated
[2026.04.26-19.31.57:917][158]LogAudio: Display: Beginning Audio Device Manager Shutdown (Module: AudioMixerXAudio2)...
[2026.04.26-19.31.57:917][158]LogAudio: Display: Destroying 1 Remaining Audio Device(s)...
[2026.04.26-19.31.57:917][158]LogAudio: Display: Audio Device unregistered from world 'MP_Lobby'.
[2026.04.26-19.31.57:925][158]LogAudioMixer: FMixerPlatformXAudio2::StopAudioStream() called
[2026.04.26-19.31.57:927][158]LogAudioMixer: FMixerPlatformXAudio2::StopAudioStream() called
[2026.04.26-19.31.57:934][158]LogAudio: Display: Audio Device Manager Shutdown
[2026.04.26-19.31.57:976][158]LogExit: Preparing to exit.
[2026.04.26-19.31.58:362][158]LogSlate: Updating window title bar state: overlay mode, drag disabled, window buttons hidden, title bar hidden
[2026.04.26-19.31.58:390][158]LogUObjectHash: Compacting FUObjectHashTables data took   2.56ms
[2026.04.26-19.31.58:479][158]LogMoviePlayer: Shutting down movie player
[2026.04.26-19.31.58:945][158]LogDemo: Cleaned up 0 splitscreen connections with owner deletion
[2026.04.26-19.31.58:994][158]LogExit: Game engine shut down
[2026.04.26-19.31.59:685][158]LogExit: Object subsystem successfully closed.
[2026.04.26-19.31.59:744][158]LogShaderCompilers: Display: === FShaderJobCache stats ===
[2026.04.26-19.31.59:744][158]LogShaderCompilers: Display: Total job queries 0, among them cache hits 0 (0.00%)
[2026.04.26-19.31.59:744][158]LogShaderCompilers: Display: Tracking 0 distinct input hashes that result in 0 distinct outputs (0.00%)
[2026.04.26-19.31.59:745][158]LogShaderCompilers: Display: RAM used: 0.00 MB (0.00 GB) of 307.20 MB (0.30 GB) budget. Usage: 0.00%
[2026.04.26-19.31.59:745][158]LogShaderCompilers: Display: ================================================
[2026.04.26-19.31.59:845][158]LogShaderCompilers: Display: Shaders left to compile 0
[2026.04.26-19.32.00:207][158]LogModuleManager: Shutting down and abandoning module SequenceRecorderSections (574)
[2026.04.26-19.32.00:207][158]LogModuleManager: Shutting down and abandoning module SequenceRecorder (572)
[2026.04.26-19.32.00:208][158]LogModuleManager: Shutting down and abandoning module AutomationController (570)
[2026.04.26-19.32.00:209][158]LogModuleManager: Shutting down and abandoning module AutomationWorker (568)
[2026.04.26-19.32.00:211][158]LogModuleManager: Shutting down and abandoning module Voice (566)
[2026.04.26-19.32.00:225][158]LogModuleManager: Shutting down and abandoning module AIModule (564)
[2026.04.26-19.32.00:226][158]LogModuleManager: Shutting down and abandoning module GameplayDebugger (563)
[2026.04.26-19.32.00:229][158]LogModuleManager: Shutting down and abandoning module AITestSuite (561)
[2026.04.26-19.32.00:232][158]LogModuleManager: Shutting down and abandoning module NavigationSystem (559)
[2026.04.26-19.32.00:232][158]LogModuleManager: Shutting down and abandoning module AnimGraph (556)
[2026.04.26-19.32.00:232][158]LogModuleManager: Shutting down and abandoning module SteamVREditor (554)
[2026.04.26-19.32.00:232][158]LogModuleManager: Shutting down and abandoning module ToolMenus (553)
[2026.04.26-19.32.00:232][158]LogModuleManager: Shutting down and abandoning module OculusMR (550)
[2026.04.26-19.32.00:232][158]LogModuleManager: Shutting down and abandoning module TakeRecorderSources (548)
[2026.04.26-19.32.00:237][158]LogModuleManager: Shutting down and abandoning module TakeRecorder (547)
[2026.04.26-19.32.00:239][158]LogModuleManager: Shutting down and abandoning module TakeTrackRecorders (544)
[2026.04.26-19.32.00:240][158]LogModuleManager: Shutting down and abandoning module TakesCore (542)
[2026.04.26-19.32.00:241][158]LogModuleManager: Shutting down and abandoning module OpenXRInput (540)
[2026.04.26-19.32.00:242][158]LogModuleManager: Shutting down and abandoning module WmfMediaFactory (538)
[2026.04.26-19.32.00:242][158]LogModuleManager: Shutting down and abandoning module WebMMediaFactory (536)
[2026.04.26-19.32.00:242][158]LogModuleManager: Shutting down and abandoning module WebMMedia (534)
[2026.04.26-19.32.00:243][158]LogModuleManager: Shutting down and abandoning module OpenExrWrapper (532)
[2026.04.26-19.32.00:243][158]LogModuleManager: Shutting down and abandoning module ImgMediaFactory (530)
[2026.04.26-19.32.00:243][158]LogModuleManager: Shutting down and abandoning module AvfMediaFactory (528)
[2026.04.26-19.32.00:243][158]LogModuleManager: Shutting down and abandoning module MagicLeapMediaCodecFactory (526)
[2026.04.26-19.32.00:243][158]LogModuleManager: Shutting down and abandoning module MagicLeapMediaFactory (524)
[2026.04.26-19.32.00:243][158]LogModuleManager: Shutting down and abandoning module PlanarCut (522)
[2026.04.26-19.32.00:245][158]LogModuleManager: Shutting down and abandoning module CharacterAI (520)
[2026.04.26-19.32.00:245][158]LogModuleManager: Shutting down and abandoning module SessionServices (518)
[2026.04.26-19.32.00:245][158]LogModuleManager: Shutting down and abandoning module MovieSceneCapture (516)
[2026.04.26-19.32.00:246][158]LogModuleManager: Shutting down and abandoning module LiveCoding (514)
[2026.04.26-19.32.00:255][158]LogModuleManager: Shutting down and abandoning module LevelSequence (512)
[2026.04.26-19.32.00:258][158]LogModuleManager: Shutting down and abandoning module MovieSceneTracks (510)
[2026.04.26-19.32.00:258][158]LogModuleManager: Shutting down and abandoning module MovieScene (508)
[2026.04.26-19.32.00:262][158]LogModuleManager: Shutting down and abandoning module StreamingPauseRendering (506)
[2026.04.26-19.32.00:263][158]LogModuleManager: Shutting down and abandoning module PortalServices (504)
[2026.04.26-19.32.00:263][158]LogModuleManager: Shutting down and abandoning module PortalRpc (502)
[2026.04.26-19.32.00:263][158]LogModuleManager: Shutting down and abandoning module MessagingRpc (500)
[2026.04.26-19.32.00:263][158]LogModuleManager: Shutting down and abandoning module AudioMixerXAudio2 (498)
[2026.04.26-19.32.00:263][158]LogModuleManager: Shutting down and abandoning module AudioMixerCore (497)
[2026.04.26-19.32.00:263][158]LogModuleManager: Shutting down and abandoning module ImageWriteQueue (494)
[2026.04.26-19.32.00:269][158]LogModuleManager: Shutting down and abandoning module ProfilerService (492)
[2026.04.26-19.32.00:436][158]LogModuleManager: Shutting down and abandoning module TaskGraph (490)
[2026.04.26-19.32.00:438][158]LogModuleManager: Shutting down and abandoning module VaRestEditor (488)
[2026.04.26-19.32.00:438][158]LogModuleManager: Shutting down and abandoning module OculusInput (486)
[2026.04.26-19.32.00:438][158]LogModuleManager: Shutting down and abandoning module TakeMovieScene (484)
[2026.04.26-19.32.00:438][158]LogModuleManager: Shutting down and abandoning module Synthesis (482)
[2026.04.26-19.32.00:441][158]LogModuleManager: Shutting down and abandoning module ProceduralMeshComponent (480)
[2026.04.26-19.32.00:441][158]LogModuleManager: Shutting down and abandoning module MobilePatchingUtils (478)
[2026.04.26-19.32.00:442][158]LogModuleManager: Shutting down and abandoning module GooglePAD (476)
[2026.04.26-19.32.00:442][158]LogModuleManager: Shutting down and abandoning module EditableMesh (474)
[2026.04.26-19.32.00:443][158]LogModuleManager: Shutting down and abandoning module CustomMeshComponent (472)
[2026.04.26-19.32.00:443][158]LogModuleManager: Shutting down and abandoning module CableComponent (470)
[2026.04.26-19.32.00:443][158]LogModuleManager: Shutting down and abandoning module AudioCapture (468)
[2026.04.26-19.32.00:443][158]LogModuleManager: Shutting down and abandoning module AudioCaptureRtAudio (467)
[2026.04.26-19.32.00:443][158]LogModuleManager: Shutting down and abandoning module AssetTags (464)
[2026.04.26-19.32.00:443][158]LogModuleManager: Shutting down and abandoning module ArchVisCharacter (462)
[2026.04.26-19.32.00:443][158]LogModuleManager: Shutting down and abandoning module AppleImageUtilsBlueprintSupport (460)
[2026.04.26-19.32.00:443][158]LogModuleManager: Shutting down and abandoning module AppleImageUtils (458)
[2026.04.26-19.32.00:443][158]LogModuleManager: Shutting down and abandoning module AndroidPermission (456)
[2026.04.26-19.32.00:443][158]LogModuleManager: Shutting down and abandoning module ActorLayerUtilities (454)
[2026.04.26-19.32.00:444][158]LogModuleManager: Shutting down and abandoning module TemplateSequence (452)
[2026.04.26-19.32.00:444][158]LogModuleManager: Shutting down and abandoning module MediaCompositing (450)
[2026.04.26-19.32.00:444][158]LogModuleManager: Shutting down and abandoning module ImgMedia (448)
[2026.04.26-19.32.00:444][158]LogModuleManager: Shutting down and abandoning module MagicLeapSharedWorld (446)
[2026.04.26-19.32.00:444][158]LogModuleManager: Shutting down and abandoning module MagicLeapLightEstimation (444)
[2026.04.26-19.32.00:444][158]LogModuleManager: Shutting down and abandoning module MagicLeapHelperVulkan (442)
[2026.04.26-19.32.00:444][158]LogModuleManager: Shutting down and abandoning module MagicLeapHelperOpenGL (440)
[2026.04.26-19.32.00:444][158]LogModuleManager: Shutting down and abandoning module MagicLeapAudio (438)
[2026.04.26-19.32.00:446][158]LogModuleManager: Shutting down and abandoning module OpenImageDenoise (436)
[2026.04.26-19.32.00:446][158]LogOpenImageDenoise: OIDN shutting down
[2026.04.26-19.32.00:446][158]LogModuleManager: Shutting down and abandoning module MotoSynth (434)
[2026.04.26-19.32.00:446][158]LogModuleManager: Shutting down and abandoning module MeshConversion (432)
[2026.04.26-19.32.00:448][158]LogModuleManager: Shutting down and abandoning module DynamicMesh (430)
[2026.04.26-19.32.00:450][158]LogModuleManager: Shutting down and abandoning module GeometryAlgorithms (428)
[2026.04.26-19.32.00:452][158]LogModuleManager: Shutting down and abandoning module GeometricObjects (426)
[2026.04.26-19.32.00:455][158]LogModuleManager: Shutting down and abandoning module GeometryCollectionTracks (424)
[2026.04.26-19.32.00:455][158]LogModuleManager: Shutting down and abandoning module GeometryCollectionSequencer (423)
[2026.04.26-19.32.00:456][158]LogModuleManager: Shutting down and abandoning module GeometryCacheTracks (420)
[2026.04.26-19.32.00:456][158]LogModuleManager: Shutting down and abandoning module GeometryCacheSequencer (419)
[2026.04.26-19.32.00:456][158]LogModuleManager: Shutting down and abandoning module GeometryCache (416)
[2026.04.26-19.32.00:456][158]LogModuleManager: Shutting down and abandoning module GeometryCacheEd (415)
[2026.04.26-19.32.00:456][158]LogModuleManager: Shutting down and abandoning module ChaosNiagara (412)
[2026.04.26-19.32.00:458][158]LogModuleManager: Shutting down and abandoning module FieldSystemEngine (411)
[2026.04.26-19.32.00:458][158]LogModuleManager: Shutting down and abandoning module BackChannel (408)
[2026.04.26-19.32.00:459][158]LogModuleManager: Shutting down and abandoning module AutomationUtils (406)
[2026.04.26-19.32.00:459][158]LogModuleManager: Shutting down and abandoning module VisualStudioSourceCodeAccess (404)
[2026.04.26-19.32.00:460][158]LogModuleManager: Shutting down and abandoning module HotReload (403)
[2026.04.26-19.32.00:464][158]LogModuleManager: Shutting down and abandoning module VisualStudioCodeSourceCodeAccess (400)
[2026.04.26-19.32.00:464][158]LogModuleManager: Shutting down and abandoning module UObjectPlugin (398)
[2026.04.26-19.32.00:464][158]LogModuleManager: Shutting down and abandoning module SubversionSourceControl (396)
[2026.04.26-19.32.00:467][158]LogModuleManager: Shutting down and abandoning module PerforceSourceControl (394)
[2026.04.26-19.32.00:473][158]LogModuleManager: Shutting down and abandoning module SourceControl (393)
[2026.04.26-19.32.00:473][158]LogModuleManager: Shutting down and abandoning module CLionSourceCodeAccess (390)
[2026.04.26-19.32.00:473][158]LogModuleManager: Shutting down and abandoning module OodleNetworkHandlerComponent (388)
[2026.04.26-19.32.00:474][158]LogModuleManager: Shutting down and abandoning module LiveLinkSequencer (386)
[2026.04.26-19.32.00:474][158]LogModuleManager: Shutting down and abandoning module LiveLinkMovieScene (384)
[2026.04.26-19.32.00:474][158]LogModuleManager: Shutting down and abandoning module LiveLinkGraphNode (382)
[2026.04.26-19.32.00:474][158]LogModuleManager: Shutting down and abandoning module LiveLinkComponents (380)
[2026.04.26-19.32.00:474][158]LogModuleManager: Shutting down and abandoning module LiveLink (378)
[2026.04.26-19.32.01:360][158]LogModuleManager: Shutting down and abandoning module Playtime_Multiplayer (376)
[2026.04.26-19.32.01:360][158]LogModuleManager: Shutting down and abandoning module VaRest (374)
[2026.04.26-19.32.01:360][158]LogModuleManager: Shutting down and abandoning module AdvancedSteamSessions (372)
[2026.04.26-19.32.01:360][158]LogModuleManager: Shutting down and abandoning module AdvancedSessions (370)
[2026.04.26-19.32.01:360][158]LogModuleManager: Shutting down and abandoning module SoundFields (368)
[2026.04.26-19.32.01:360][158]LogModuleManager: Shutting down and abandoning module SignificanceManager (366)
[2026.04.26-19.32.01:360][158]LogModuleManager: Shutting down and abandoning module RuntimePhysXCooking (364)
[2026.04.26-19.32.01:360][158]LogModuleManager: Shutting down and abandoning module PropertyAccessEditor (362)
[2026.04.26-19.32.01:361][158]LogModuleManager: Shutting down and abandoning module PhysXVehiclesEditor (360)
[2026.04.26-19.32.01:361][158]LogModuleManager: Shutting down and abandoning module LocationServicesBPLibrary (356)
[2026.04.26-19.32.01:361][158]LogModuleManager: Shutting down and abandoning module AudioSynesthesia (354)
[2026.04.26-19.32.01:362][158]LogModuleManager: Shutting down and abandoning module AudioSynesthesiaCore (352)
[2026.04.26-19.32.01:362][158]LogModuleManager: Shutting down and abandoning module ActorSequence (350)
[2026.04.26-19.32.01:362][158]LogModuleManager: Shutting down and abandoning module TcpMessaging (348)
[2026.04.26-19.32.01:463][158]LogModuleManager: Shutting down and abandoning module UdpMessaging (346)
[2026.04.26-19.32.01:565][158]LogModuleManager: Shutting down and abandoning module ImgMediaEngine (344)
[2026.04.26-19.32.01:565][158]LogModuleManager: Shutting down and abandoning module MagicLeapARPin (342)
[2026.04.26-19.32.01:565][158]LogModuleManager: Shutting down and abandoning module MagicLeapHandMeshing (340)
[2026.04.26-19.32.01:565][158]LogModuleManager: Shutting down and abandoning module MagicLeapSecureStorage (338)
[2026.04.26-19.32.01:565][158]LogModuleManager: Shutting down and abandoning module MagicLeapPrivileges (336)
[2026.04.26-19.32.01:566][158]LogModuleManager: Shutting down and abandoning module MagicLeapPlanes (334)
[2026.04.26-19.32.01:568][158]LogMagicLeapPlanes: Planes tracker already destroyed.
[2026.04.26-19.32.01:568][158]LogModuleManager: Shutting down and abandoning module MagicLeapImageTracker (332)
[2026.04.26-19.32.01:568][158]LogModuleManager: Shutting down and abandoning module MagicLeapIdentity (330)
[2026.04.26-19.32.01:568][158]LogModuleManager: Shutting down and abandoning module MagicLeapHandTracking (328)
[2026.04.26-19.32.01:569][158]LogModuleManager: Shutting down and abandoning module MagicLeapEyeTracker (326)
[2026.04.26-19.32.01:570][158]LogModuleManager: Shutting down and abandoning module MagicLeapController (324)
[2026.04.26-19.32.01:570][158]LogModuleManager: Shutting down and abandoning module MagicLeapARPinImpl (322)
[2026.04.26-19.32.01:570][158]LogModuleManager: Shutting down and abandoning module MagicLeapAR (320)
[2026.04.26-19.32.01:570][158]LogModuleManager: Shutting down and abandoning module PythonScriptPlugin (318)
[2026.04.26-19.32.01:570][158]LogModuleManager: Shutting down and abandoning module NiagaraAnimNotifies (316)
[2026.04.26-19.32.01:570][158]LogModuleManager: Shutting down and abandoning module Niagara (314)
[2026.04.26-19.32.01:572][158]LogModuleManager: Shutting down and abandoning module SignalProcessing (313)
[2026.04.26-19.32.01:573][158]LogModuleManager: Shutting down and abandoning module NiagaraEditor (311)
[2026.04.26-19.32.01:577][158]LogModuleManager: Shutting down and abandoning module ContentBrowser (310)
[2026.04.26-19.32.01:579][158]LogModuleManager: Shutting down and abandoning module CollectionManager (309)
[2026.04.26-19.32.01:580][158]LogModuleManager: Shutting down and abandoning module DirectoryWatcher (308)
[2026.04.26-19.32.01:581][158]LogModuleManager: Shutting down and abandoning module ContentBrowserData (305)
[2026.04.26-19.32.01:581][158]LogModuleManager: Shutting down and abandoning module NiagaraCore (300)
[2026.04.26-19.32.01:581][158]LogModuleManager: Shutting down and abandoning module GameplayTagsEditor (298)
[2026.04.26-19.32.01:582][158]LogModuleManager: Shutting down and abandoning module FacialAnimation (296)
[2026.04.26-19.32.01:582][158]LogModuleManager: Shutting down and abandoning module AssetManagerEditor (294)
[2026.04.26-19.32.01:584][158]LogModuleManager: Shutting down and abandoning module TreeMap (293)
[2026.04.26-19.32.01:585][158]LogModuleManager: Shutting down and abandoning module PropertyAccessNode (290)
[2026.04.26-19.32.01:586][158]LogModuleManager: Shutting down and abandoning module AnimationSharing (288)
[2026.04.26-19.32.01:586][158]LogModuleManager: Shutting down and abandoning module GameplayCameras (286)
[2026.04.26-19.32.01:586][158]LogModuleManager: Shutting down and abandoning module LightPropagationVolumeRuntime (284)
[2026.04.26-19.32.01:586][158]LogModuleManager: Shutting down and abandoning module EnvironmentQueryEditor (282)
[2026.04.26-19.32.01:588][158]LogModuleManager: Shutting down and abandoning module Paper2D (280)
[2026.04.26-19.32.01:590][158]LogModuleManager: Shutting down and abandoning module WindowsMoviePlayer (278)
[2026.04.26-19.32.01:591][158]LogModuleManager: Shutting down and abandoning module WebMMoviePlayer (276)
[2026.04.26-19.32.01:591][158]LogModuleManager: Shutting down and abandoning module NetworkReplayStreaming (274)
[2026.04.26-19.32.01:591][158]LogModuleManager: Shutting down and abandoning module PacketHandler (272)
[2026.04.26-19.32.01:591][158]LogModuleManager: Shutting down and abandoning module ClothingSystemEditor (270)
[2026.04.26-19.32.01:591][158]LogModuleManager: Shutting down and abandoning module ClothingSystemRuntimeNv (268)
[2026.04.26-19.32.01:592][158]LogModuleManager: Shutting down and abandoning module MediaAssets (266)
[2026.04.26-19.32.01:592][158]LogModuleManager: Shutting down and abandoning module Overlay (264)
[2026.04.26-19.32.01:592][158]LogModuleManager: Shutting down and abandoning module OverlayEditor (263)
[2026.04.26-19.32.01:592][158]LogModuleManager: Shutting down and abandoning module VREditor (260)
[2026.04.26-19.32.01:595][158]LogModuleManager: Shutting down and abandoning module StringTableEditor (258)
[2026.04.26-19.32.01:596][158]LogModuleManager: Shutting down and abandoning module GameplayTasksEditor (256)
[2026.04.26-19.32.01:596][158]LogModuleManager: Shutting down and abandoning module BehaviorTreeEditor (254)
[2026.04.26-19.32.01:599][158]LogModuleManager: Shutting down and abandoning module FunctionalTesting (252)
[2026.04.26-19.32.01:600][158]LogModuleManager: Shutting down and abandoning module CollisionAnalyzer (250)
[2026.04.26-19.32.01:602][158]LogModuleManager: Shutting down and abandoning module WorkspaceMenuStructure (249)
[2026.04.26-19.32.01:602][158]LogModuleManager: Shutting down and abandoning module UMG (246)
[2026.04.26-19.32.01:602][158]LogModuleManager: Shutting down and abandoning module UMGEditor (245)
[2026.04.26-19.32.01:605][158]LogModuleManager: Shutting down and abandoning module Sequencer (244)
[2026.04.26-19.32.01:609][158]LogModuleManager: Shutting down and abandoning module MessageLog (241)
[2026.04.26-19.32.01:609][158]LogModuleManager: Shutting down and abandoning module SlateReflector (236)
[2026.04.26-19.32.01:615][158]LogModuleManager: Shutting down and abandoning module Slate (234)
[2026.04.26-19.32.01:615][158]LogModuleManager: Shutting down and abandoning module SlateCore (232)
[2026.04.26-19.32.01:619][158]LogModuleManager: Shutting down and abandoning module LandscapeEditorUtilities (230)
[2026.04.26-19.32.01:619][158]LogModuleManager: Shutting down and abandoning module UnrealEd (228)
[2026.04.26-19.32.01:619][158]LogModuleManager: Shutting down and abandoning module MRMesh (226)
[2026.04.26-19.32.01:621][158]LogModuleManager: Shutting down and abandoning module Messaging (224)
[2026.04.26-19.32.01:621][158]LogModuleManager: Shutting down and abandoning module SourceCodeAccess (222)
[2026.04.26-19.32.01:621][158]LogModuleManager: Shutting down and abandoning module HeadMountedDisplay (220)
[2026.04.26-19.32.01:621][158]LogModuleManager: Shutting down and abandoning module XAudio2 (218)
[2026.04.26-19.32.01:622][158]LogModuleManager: Shutting down and abandoning module Networking (216)
[2026.04.26-19.32.01:622][158]LogModuleManager: Shutting down and abandoning module Core (214)
[2026.04.26-19.32.01:622][158]LogModuleManager: Shutting down and abandoning module MaterialEditor (212)
[2026.04.26-19.32.01:625][158]LogModuleManager: Shutting down and abandoning module MovieSceneTools (210)
[2026.04.26-19.32.01:626][158]LogModuleManager: Shutting down and abandoning module EditorStyle (209)
[2026.04.26-19.32.01:633][158]LogModuleManager: Shutting down and abandoning module KismetCompiler (206)
[2026.04.26-19.32.01:633][158]LogModuleManager: Shutting down and abandoning module MeshBuilder (204)
[2026.04.26-19.32.01:633][158]LogModuleManager: Shutting down and abandoning module MeshUtilities (202)
[2026.04.26-19.32.01:636][158]LogModuleManager: Shutting down and abandoning module MeshMergeUtilities (201)
[2026.04.26-19.32.01:638][158]LogModuleManager: Shutting down and abandoning module MeshReductionInterface (200)
[2026.04.26-19.32.01:638][158]LogModuleManager: Shutting down and abandoning module MeshBoneReduction (199)
[2026.04.26-19.32.01:639][158]LogModuleManager: Shutting down and abandoning module SkeletalMeshReduction (197)
[2026.04.26-19.32.01:640][158]LogModuleManager: Shutting down and abandoning module ProxyLODMeshReduction (195)
[2026.04.26-19.32.01:646][158]LogModuleManager: Shutting down and abandoning module QuadricMeshReduction (193)
[2026.04.26-19.32.01:647][158]LogModuleManager: Shutting down and abandoning module MaterialBaking (189)
[2026.04.26-19.32.01:649][158]LogModuleManager: Shutting down and abandoning module NullInstallBundleManager (184)
[2026.04.26-19.32.01:649][158]LogModuleManager: Shutting down and abandoning module PIEPreviewDeviceProfileSelector (182)
[2026.04.26-19.32.01:651][158]LogModuleManager: Shutting down and abandoning module DerivedDataCache (180)
[2026.04.26-19.32.01:653][158]LogModuleManager: Shutting down and abandoning module TargetPlatform (178)
[2026.04.26-19.32.01:654][158]LogModuleManager: Shutting down and abandoning module VulkanShaderFormat (177)
[2026.04.26-19.32.01:660][158]LogModuleManager: Shutting down and abandoning module ShaderFormatVectorVM (175)
[2026.04.26-19.32.01:661][158]LogModuleManager: Shutting down and abandoning module ShaderFormatOpenGL (173)
[2026.04.26-19.32.01:663][158]LogModuleManager: Shutting down and abandoning module ShaderFormatD3D (171)
[2026.04.26-19.32.01:664][158]LogModuleManager: Shutting down and abandoning module MetalShaderFormat (169)
[2026.04.26-19.32.01:666][158]LogModuleManager: Shutting down and abandoning module TextureFormatOodle (167)
[2026.04.26-19.32.01:666][158]LogModuleManager: Shutting down and abandoning module TextureFormatUncompressed (165)
[2026.04.26-19.32.01:666][158]LogModuleManager: Shutting down and abandoning module TextureFormatPVR (163)
[2026.04.26-19.32.01:669][158]LogModuleManager: Shutting down and abandoning module TextureFormatETC2 (161)
[2026.04.26-19.32.01:669][158]LogModuleManager: Shutting down and abandoning module TextureFormatDXT (159)
[2026.04.26-19.32.01:670][158]LogModuleManager: Shutting down and abandoning module TextureFormatIntelISPCTexComp (157)
[2026.04.26-19.32.01:673][158]LogModuleManager: Shutting down and abandoning module TextureFormatASTC (155)
[2026.04.26-19.32.01:674][158]LogModuleManager: Shutting down and abandoning module ImageWrapper (154)
[2026.04.26-19.32.01:674][158]LogModuleManager: Shutting down and abandoning module AudioFormatOpus (151)
[2026.04.26-19.32.01:675][158]LogModuleManager: Shutting down and abandoning module AudioFormatOgg (149)
[2026.04.26-19.32.01:675][158]LogModuleManager: Shutting down and abandoning module AudioFormatADPCM (147)
[2026.04.26-19.32.01:675][158]LogModuleManager: Shutting down and abandoning module WindowsServerTargetPlatform (145)
[2026.04.26-19.32.01:676][158]LogModuleManager: Shutting down and abandoning module WindowsClientTargetPlatform (143)
[2026.04.26-19.32.01:676][158]LogModuleManager: Shutting down and abandoning module WindowsTargetPlatform (141)
[2026.04.26-19.32.01:676][158]LogModuleManager: Shutting down and abandoning module WindowsNoEditorTargetPlatform (139)
[2026.04.26-19.32.01:677][158]LogModuleManager: Shutting down and abandoning module D3D11RHI (136)
[2026.04.26-19.32.01:677][158]LogModuleManager: Shutting down and abandoning module InputCore (134)
[2026.04.26-19.32.01:677][158]LogModuleManager: Shutting down and abandoning module Settings (132)
[2026.04.26-19.32.01:677][158]LogModuleManager: Shutting down and abandoning module PhysXCooking (130)
[2026.04.26-19.32.01:677][158]LogModuleManager: Shutting down and abandoning module Chaos (128)
[2026.04.26-19.32.01:679][158]LogModuleManager: Shutting down and abandoning module WindowsPlatformFeatures (126)
[2026.04.26-19.32.01:679][158]LogModuleManager: Shutting down and abandoning module GameplayMediaEncoder (125)
[2026.04.26-19.32.01:680][158]LogModuleManager: Shutting down and abandoning module AVEncoder (124)
[2026.04.26-19.32.01:681][158]LogModuleManager: Shutting down and abandoning module SteamVRInputDevice (120)
[2026.04.26-19.32.01:685][158]LogModuleManager: Shutting down and abandoning module SteamVRInput (118)
[2026.04.26-19.32.01:685][158]LogModuleManager: Shutting down and abandoning module SteamVR (116)
[2026.04.26-19.32.01:685][158]LogHMD: Freeing OpenVRDLLHandle.
[2026.04.26-19.32.01:687][158]LogModuleManager: Shutting down and abandoning module OculusHMD (114)
[2026.04.26-19.32.01:687][158]LogModuleManager: Shutting down and abandoning module OpenXRHandTracking (112)
[2026.04.26-19.32.01:689][158]LogSlate: Slate User Destroyed.  User Index 0, Is Virtual User: 0
[2026.04.26-19.32.01:690][158]LogModuleManager: Shutting down and abandoning module OpenXREyeTracker (110)
[2026.04.26-19.32.01:691][158]LogModuleManager: Shutting down and abandoning module OpenXRAR (108)
[2026.04.26-19.32.01:691][158]LogModuleManager: Shutting down and abandoning module AugmentedReality (107)
[2026.04.26-19.32.01:691][158]LogModuleManager: Shutting down and abandoning module OpenXRHMD (104)
[2026.04.26-19.32.01:692][158]LogModuleManager: Shutting down and abandoning module ChunkDownloader (102)
[2026.04.26-19.32.01:693][158]LogModuleManager: Shutting down and abandoning module ExampleDeviceProfileSelector (100)
[2026.04.26-19.32.01:694][158]LogModuleManager: Shutting down and abandoning module LauncherChunkInstaller (98)
[2026.04.26-19.32.01:694][158]LogModuleManager: Shutting down and abandoning module OnlineBlueprintSupport (96)
[2026.04.26-19.32.01:694][158]LogModuleManager: Shutting down and abandoning module OnlineSubsystem (92)
[2026.04.26-19.32.01:703][158]LogModuleManager: Shutting down and abandoning module SteamShared (86)
[2026.04.26-19.32.01:704][158]LogSteamShared: Freeing the Steam Loaded Modules...
[2026.04.26-19.32.01:704][158]LogModuleManager: Shutting down and abandoning module XMPP (83)
[2026.04.26-19.32.01:706][158]LogModuleManager: Shutting down and abandoning module WebSockets (82)
[2026.04.26-19.32.01:738][158]LogModuleManager: Shutting down and abandoning module HTTP (79)
[2026.04.26-19.32.01:739][158]LogHttp: Display: cleaning up 0 outstanding Http requests.
[2026.04.26-19.32.01:749][158]LogModuleManager: Shutting down and abandoning module SSL (78)
[2026.04.26-19.32.01:781][158]LogModuleManager: Shutting down and abandoning module WmfMedia (74)
[2026.04.26-19.32.01:789][158]LogModuleManager: Shutting down and abandoning module Media (73)
[2026.04.26-19.32.01:793][158]LogModuleManager: Shutting down and abandoning module MediaInfo (72)
[2026.04.26-19.32.01:793][158]LogModuleManager: Shutting down and abandoning module ExrReaderGpu (68)
[2026.04.26-19.32.01:793][158]LogModuleManager: Shutting down and abandoning module MLSDK (66)
[2026.04.26-19.32.01:794][158]LogModuleManager: Shutting down and abandoning module MagicLeap (64)
[2026.04.26-19.32.01:794][158]LogModuleManager: Shutting down and abandoning module NiagaraVertexFactories (62)
[2026.04.26-19.32.01:794][158]LogModuleManager: Shutting down and abandoning module NiagaraShader (60)
[2026.04.26-19.32.01:795][158]LogModuleManager: Shutting down and abandoning module ChaosCloth (58)
[2026.04.26-19.32.01:795][158]LogModuleManager: Shutting down and abandoning module VariantManagerContent (56)
[2026.04.26-19.32.01:795][158]LogModuleManager: Shutting down and abandoning module DatasmithContent (54)
[2026.04.26-19.32.01:798][158]LogModuleManager: Shutting down and abandoning module PixWinPlugin (52)
[2026.04.26-19.32.01:799][158]LogModuleManager: Shutting down and abandoning module AISupportModule (50)
[2026.04.26-19.32.01:799][158]LogModuleManager: Shutting down and abandoning module DesktopPlatform (48)
[2026.04.26-19.32.01:802][158]LogModuleManager: Shutting down and abandoning module PythonScriptPluginPreload (46)
[2026.04.26-19.32.01:803][158]LogModuleManager: Shutting down and abandoning module PlatformCryptoOpenSSL (44)
[2026.04.26-19.32.01:804][158]LogModuleManager: Shutting down and abandoning module PlatformCryptoTypes (42)
[2026.04.26-19.32.01:805][158]LogModuleManager: Shutting down and abandoning module PlatformCrypto (40)
[2026.04.26-19.32.01:805][158]LogModuleManager: Shutting down and abandoning module OodleDataCompressionFormat (38)
[2026.04.26-19.32.01:807][158]LogModuleManager: Shutting down and abandoning module XGEController (36)
[2026.04.26-19.32.01:807][158]LogModuleManager: Shutting down and abandoning module AnimationModifiers (34)
[2026.04.26-19.32.01:809][158]LogModuleManager: Shutting down and abandoning module AudioEditor (32)
[2026.04.26-19.32.01:818][158]LogModuleManager: Shutting down and abandoning module PropertyEditor (31)
[2026.04.26-19.32.01:823][158]LogModuleManager: Shutting down and abandoning module TextureCompressor (28)
[2026.04.26-19.32.01:824][158]LogModuleManager: Shutting down and abandoning module RenderCore (26)
[2026.04.26-19.32.01:824][158]LogModuleManager: Shutting down and abandoning module Landscape (24)
[2026.04.26-19.32.01:824][158]LogModuleManager: Shutting down and abandoning module SlateRHIRenderer (22)
[2026.04.26-19.32.01:828][158]LogModuleManager: Shutting down and abandoning module AnimGraphRuntime (20)
[2026.04.26-19.32.01:829][158]LogModuleManager: Shutting down and abandoning module Renderer (18)
[2026.04.26-19.32.01:831][158]LogModuleManager: Shutting down and abandoning module Engine (16)
[2026.04.26-19.32.01:831][158]LogModuleManager: Shutting down and abandoning module CoreUObject (14)
[2026.04.26-19.32.01:831][158]LogModuleManager: Shutting down and abandoning module NetworkFile (12)
[2026.04.26-19.32.01:833][158]LogModuleManager: Shutting down and abandoning module CookedIterativeFile (10)
[2026.04.26-19.32.01:833][158]LogModuleManager: Shutting down and abandoning module StreamingFile (8)
[2026.04.26-19.32.01:834][158]LogModuleManager: Shutting down and abandoning module SandboxFile (6)
[2026.04.26-19.32.01:835][158]LogModuleManager: Shutting down and abandoning module PakFile (4)
[2026.04.26-19.32.01:836][158]LogModuleManager: Shutting down and abandoning module RSA (3)
[2026.04.26-19.32.01:838][158]LogContentStreaming: Display: There are 1 unreleased StreamingManagers
[2026.04.26-19.32.01:854][158]LogD3D11RHI: Shutdown
[2026.04.26-19.32.01:854][158]LogD3D11RHI: CleanupD3DDevice
[2026.04.26-19.32.01:930][158]LogExit: Exiting.
[2026.04.26-19.32.01:973][158]Log file closed, 04/26/26 21:32:01
